obsID,obs_collection,dataproduct_type,obs_id,description,type,dataURI,productType,productGroupDescription,productSubGroupDescription,productDocumentationURL,project,prvversion,proposal_id,productFilename,size,parent_obsid,dataRights,calib_level,filters
258182978,JWST,image,jw05893010001_02101_00001_nrca3,exposure (L2b): 2D calibrated exposure average over integrations,S,mast:JWST/product/jw05893010001_02101_00001_nrca3_cal.fits,SCIENCE,,CAL,,CALJWST,2.0.0,5893,jw05893010001_02101_00001_nrca3_cal.fits,117573120,262449275,PUBLIC,2,F200W
258183093,JWST,image,jw05893010001_02101_00001_nrcb1,exposure (L2b): 2D calibrated exposure average over integrations,S,mast:JWST/product/jw05893010001_02101_00001_nrcb1_cal.fits,SCIENCE,,CAL,,CALJWST,2.0.0,5893,jw05893010001_02101_00001_nrcb1_cal.fits,117573120,262449275,PUBLIC,2,F200W
258183192,JWST,image,jw05893010001_02101_00002_nrca2,exposure (L2b): 2D calibrated exposure average over integrations,S,mast:JWST/product/jw05893010001_02101_00002_nrca2_cal.fits,SCIENCE,,CAL,,CALJWST,2.0.0,5893,jw05893010001_02101_00002_nrca2_cal.fits,117570240,262449275,PUBLIC,2,F200W
258183333,JWST,image,jw05893010001_02101_00002_nrca1,exposure (L2b): 2D calibrated exposure average over integrations,S,mast:JWST/product/jw05893010001_02101_00002_nrca1_cal.fits,SCIENCE,,CAL,,CALJWST,2.0.0,5893,jw05893010001_02101_00002_nrca1_cal.fits,117570240,262449275,PUBLIC,2,F200W
258183394,JWST,image,jw05893010001_02101_00002_nrca3,exposure (L2b): 2D calibrated exposure average over integrations,S,mast:JWST/product/jw05893010001_02101_00002_nrca3_cal.fits,SCIENCE,,CAL,,CALJWST,2.0.0,5893,jw05893010001_02101_00002_nrca3_cal.fits,117573120,262449275,PUBLIC,2,F200W
258183498,JWST,image,jw05893010001_02101_00001_nrcb3,exposure (L2b): 2D calibrated exposure average over integrations,S,mast:JWST/product/jw05893010001_02101_00001_nrcb3_cal.fits,SCIENCE,,CAL,,CALJWST,2.0.0,5893,jw05893010001_02101_00001_nrcb3_cal.fits,117573120,262449275,PUBLIC,2,F200W
258183567,JWST,image,jw05893010001_02101_00002_nrcb2,exposure (L2b): 2D calibrated exposure average over integrations,S,mast:JWST/product/jw05893010001_02101_00002_nrcb2_cal.fits,SCIENCE,,CAL,,CALJWST,2.0.0,5893,jw05893010001_02101_00002_nrcb2_cal.fits,117573120,262449275,PUBLIC,2,F200W
258183660,JWST,image,jw05893010001_02101_00002_nrcb4,exposure (L2b): 2D calibrated exposure average over integrations,S,mast:JWST/product/jw05893010001_02101_00002_nrcb4_cal.fits,SCIENCE,,CAL,,CALJWST,2.0.0,5893,jw05893010001_02101_00002_nrcb4_cal.fits,117573120,262449275,PUBLIC,2,F200W
258183831,JWST,image,jw05893010001_02101_00002_nrcb3,exposure (L2b): 2D calibrated exposure average over integrations,S,mast:JWST/product/jw05893010001_02101_00002_nrcb3_cal.fits,SCIENCE,,CAL,,CALJWST,2.0.0,5893,jw05893010001_02101_00002_nrcb3_cal.fits,117573120,262449275,PUBLIC,2,F200W
258183915,JWST,image,jw05893010001_02101_00001_nrcb4,exposure (L2b): 2D calibrated exposure average over integrations,S,mast:JWST/product/jw05893010001_02101_00001_nrcb4_cal.fits,SCIENCE,,CAL,,CALJWST,2.0.0,5893,jw05893010001_02101_00001_nrcb4_cal.fits,117573120,262449275,PUBLIC,2,F200W
258183985,JWST,image,jw05893010001_02101_00002_nrcb1,exposure (L2b): 2D calibrated exposure average over integrations,S,mast:JWST/product/jw05893010001_02101_00002_nrcb1_cal.fits,SCIENCE,,CAL,,CALJWST,2.0.0,5893,jw05893010001_02101_00002_nrcb1_cal.fits,117573120,262449275,PUBLIC,2,F200W
258184094,JWST,image,jw05893010001_02101_00001_nrca4,exposure (L2b): 2D calibrated exposure average over integrations,S,mast:JWST/product/jw05893010001_02101_00001_nrca4_cal.fits,SCIENCE,,CAL,,CALJWST,2.0.0,5893,jw05893010001_02101_00001_nrca4_cal.fits,117573120,262449275,PUBLIC,2,F200W
258184191,JWST,image,jw05893010001_02101_00002_nrca4,exposure (L2b): 2D calibrated exposure average over integrations,S,mast:JWST/product/jw05893010001_02101_00002_nrca4_cal.fits,SCIENCE,,CAL,,CALJWST,2.0.0,5893,jw05893010001_02101_00002_nrca4_cal.fits,117573120,262449275,PUBLIC,2,F200W
258184396,JWST,image,jw05893010001_02101_00001_nrca1,exposure (L2b): 2D calibrated exposure average over integrations,S,mast:JWST/product/jw05893010001_02101_00001_nrca1_cal.fits,SCIENCE,,CAL,,CALJWST,2.0.0,5893,jw05893010001_02101_00001_nrca1_cal.fits,117570240,262449275,PUBLIC,2,F200W
258184488,JWST,image,jw05893010001_02101_00001_nrcb2,exposure (L2b): 2D calibrated exposure average over integrations,S,mast:JWST/product/jw05893010001_02101_00001_nrcb2_cal.fits,SCIENCE,,CAL,,CALJWST,2.0.0,5893,jw05893010001_02101_00001_nrcb2_cal.fits,117573120,262449275,PUBLIC,2,F200W
258184686,JWST,image,jw05893010001_02101_00001_nrca2,exposure (L2b): 2D calibrated exposure average over integrations,S,mast:JWST/product/jw05893010001_02101_00001_nrca2_cal.fits,SCIENCE,,CAL,,CALJWST,2.0.0,5893,jw05893010001_02101_00001_nrca2_cal.fits,117570240,262449275,PUBLIC,2,F200W
258224101,JWST,image,jw05893010001_02101_00003_nrca3,exposure (L2b): 2D calibrated exposure average over integrations,S,mast:JWST/product/jw05893010001_02101_00003_nrca3_cal.fits,SCIENCE,,CAL,,CALJWST,2.0.0,5893,jw05893010001_02101_00003_nrca3_cal.fits,117573120,262449275,PUBLIC,2,F200W
258224253,JWST,image,jw05893010001_02101_00003_nrcb1,exposure (L2b): 2D calibrated exposure average over integrations,S,mast:JWST/product/jw05893010001_02101_00003_nrcb1_cal.fits,SCIENCE,,CAL,,CALJWST,2.0.0,5893,jw05893010001_02101_00003_nrcb1_cal.fits,117573120,262449275,PUBLIC,2,F200W
258224812,JWST,image,jw05893010001_02101_00003_nrcb3,exposure (L2b): 2D calibrated exposure average over integrations,S,mast:JWST/product/jw05893010001_02101_00003_nrcb3_cal.fits,SCIENCE,,CAL,,CALJWST,2.0.0,5893,jw05893010001_02101_00003_nrcb3_cal.fits,117573120,262449275,PUBLIC,2,F200W
258224978,JWST,image,jw05893010001_02101_00004_nrcb1,exposure (L2b): 2D calibrated exposure average over integrations,S,mast:JWST/product/jw05893010001_02101_00004_nrcb1_cal.fits,SCIENCE,,CAL,,CALJWST,2.0.0,5893,jw05893010001_02101_00004_nrcb1_cal.fits,117573120,262449275,PUBLIC,2,F200W
258225019,JWST,image,jw05893010001_02101_00003_nrcb2,exposure (L2b): 2D calibrated exposure average over integrations,S,mast:JWST/product/jw05893010001_02101_00003_nrcb2_cal.fits,SCIENCE,,CAL,,CALJWST,2.0.0,5893,jw05893010001_02101_00003_nrcb2_cal.fits,117573120,262449275,PUBLIC,2,F200W
258225102,JWST,image,jw05893010001_02101_00003_nrca2,exposure (L2b): 2D calibrated exposure average over integrations,S,mast:JWST/product/jw05893010001_02101_00003_nrca2_cal.fits,SCIENCE,,CAL,,CALJWST,2.0.0,5893,jw05893010001_02101_00003_nrca2_cal.fits,117570240,262449275,PUBLIC,2,F200W
258225461,JWST,image,jw05893010001_02101_00004_nrcb2,exposure (L2b): 2D calibrated exposure average over integrations,S,mast:JWST/product/jw05893010001_02101_00004_nrcb2_cal.fits,SCIENCE,,CAL,,CALJWST,2.0.0,5893,jw05893010001_02101_00004_nrcb2_cal.fits,117573120,262449275,PUBLIC,2,F200W
258225791,JWST,image,jw05893010001_02101_00003_nrcb4,exposure (L2b): 2D calibrated exposure average over integrations,S,mast:JWST/product/jw05893010001_02101_00003_nrcb4_cal.fits,SCIENCE,,CAL,,CALJWST,2.0.0,5893,jw05893010001_02101_00003_nrcb4_cal.fits,117573120,262449275,PUBLIC,2,F200W
258225904,JWST,image,jw05893010001_02101_00003_nrca4,exposure (L2b): 2D calibrated exposure average over integrations,S,mast:JWST/product/jw05893010001_02101_00003_nrca4_cal.fits,SCIENCE,,CAL,,CALJWST,2.0.0,5893,jw05893010001_02101_00003_nrca4_cal.fits,117573120,262449275,PUBLIC,2,F200W
258225997,JWST,image,jw05893010001_02101_00004_nrca2,exposure (L2b): 2D calibrated exposure average over integrations,S,mast:JWST/product/jw05893010001_02101_00004_nrca2_cal.fits,SCIENCE,,CAL,,CALJWST,2.0.0,5893,jw05893010001_02101_00004_nrca2_cal.fits,117570240,262449275,PUBLIC,2,F200W
258226247,JWST,image,jw05893010001_02101_00003_nrca1,exposure (L2b): 2D calibrated exposure average over integrations,S,mast:JWST/product/jw05893010001_02101_00003_nrca1_cal.fits,SCIENCE,,CAL,,CALJWST,2.0.0,5893,jw05893010001_02101_00003_nrca1_cal.fits,117570240,262449275,PUBLIC,2,F200W
258226462,JWST,image,jw05893010001_02101_00005_nrca3,exposure (L2b): 2D calibrated exposure average over integrations,S,mast:JWST/product/jw05893010001_02101_00005_nrca3_cal.fits,SCIENCE,,CAL,,CALJWST,2.0.0,5893,jw05893010001_02101_00005_nrca3_cal.fits,117573120,262449275,PUBLIC,2,F200W
258226839,JWST,image,jw05893010001_02101_00004_nrca3,exposure (L2b): 2D calibrated exposure average over integrations,S,mast:JWST/product/jw05893010001_02101_00004_nrca3_cal.fits,SCIENCE,,CAL,,CALJWST,2.0.0,5893,jw05893010001_02101_00004_nrca3_cal.fits,117573120,262449275,PUBLIC,2,F200W
258227299,JWST,image,jw05893010001_02101_00005_nrca2,exposure (L2b): 2D calibrated exposure average over integrations,S,mast:JWST/product/jw05893010001_02101_00005_nrca2_cal.fits,SCIENCE,,CAL,,CALJWST,2.0.0,5893,jw05893010001_02101_00005_nrca2_cal.fits,117570240,262449275,PUBLIC,2,F200W
258227394,JWST,image,jw05893010001_02101_00004_nrcb3,exposure (L2b): 2D calibrated exposure average over integrations,S,mast:JWST/product/jw05893010001_02101_00004_nrcb3_cal.fits,SCIENCE,,CAL,,CALJWST,2.0.0,5893,jw05893010001_02101_00004_nrcb3_cal.fits,117573120,262449275,PUBLIC,2,F200W
258335740,JWST,image,jw05893010001_02101_00004_nrcb4,exposure (L2b): 2D calibrated exposure average over integrations,S,mast:JWST/product/jw05893010001_02101_00004_nrcb4_cal.fits,SCIENCE,,CAL,,CALJWST,2.0.0,5893,jw05893010001_02101_00004_nrcb4_cal.fits,117573120,262449275,PUBLIC,2,F200W
258335964,JWST,image,jw05893010001_02101_00005_nrcb1,exposure (L2b): 2D calibrated exposure average over integrations,S,mast:JWST/product/jw05893010001_02101_00005_nrcb1_cal.fits,SCIENCE,,CAL,,CALJWST,2.0.0,5893,jw05893010001_02101_00005_nrcb1_cal.fits,117573120,262449275,PUBLIC,2,F200W
258336757,JWST,image,jw05893010001_02101_00006_nrca4,exposure (L2b): 2D calibrated exposure average over integrations,S,mast:JWST/product/jw05893010001_02101_00006_nrca4_cal.fits,SCIENCE,,CAL,,CALJWST,2.0.0,5893,jw05893010001_02101_00006_nrca4_cal.fits,117573120,262449275,PUBLIC,2,F200W
258337361,JWST,image,jw05893010001_02101_00006_nrcb2,exposure (L2b): 2D calibrated exposure average over integrations,S,mast:JWST/product/jw05893010001_02101_00006_nrcb2_cal.fits,SCIENCE,,CAL,,CALJWST,2.0.0,5893,jw05893010001_02101_00006_nrcb2_cal.fits,117573120,262449275,PUBLIC,2,F200W
258337997,JWST,image,jw05893010001_02101_00004_nrca4,exposure (L2b): 2D calibrated exposure average over integrations,S,mast:JWST/product/jw05893010001_02101_00004_nrca4_cal.fits,SCIENCE,,CAL,,CALJWST,2.0.0,5893,jw05893010001_02101_00004_nrca4_cal.fits,117573120,262449275,PUBLIC,2,F200W
258338255,JWST,image,jw05893010001_02101_00006_nrcb3,exposure (L2b): 2D calibrated exposure average over integrations,S,mast:JWST/product/jw05893010001_02101_00006_nrcb3_cal.fits,SCIENCE,,CAL,,CALJWST,2.0.0,5893,jw05893010001_02101_00006_nrcb3_cal.fits,117573120,262449275,PUBLIC,2,F200W
258340103,JWST,image,jw05893010001_02101_00006_nrca3,exposure (L2b): 2D calibrated exposure average over integrations,S,mast:JWST/product/jw05893010001_02101_00006_nrca3_cal.fits,SCIENCE,,CAL,,CALJWST,2.0.0,5893,jw05893010001_02101_00006_nrca3_cal.fits,117573120,262449275,PUBLIC,2,F200W
258340195,JWST,image,jw05893010001_02101_00004_nrca1,exposure (L2b): 2D calibrated exposure average over integrations,S,mast:JWST/product/jw05893010001_02101_00004_nrca1_cal.fits,SCIENCE,,CAL,,CALJWST,2.0.0,5893,jw05893010001_02101_00004_nrca1_cal.fits,117570240,262449275,PUBLIC,2,F200W
258340547,JWST,image,jw05893010001_02101_00005_nrca1,exposure (L2b): 2D calibrated exposure average over integrations,S,mast:JWST/product/jw05893010001_02101_00005_nrca1_cal.fits,SCIENCE,,CAL,,CALJWST,2.0.0,5893,jw05893010001_02101_00005_nrca1_cal.fits,117570240,262449275,PUBLIC,2,F200W
258340796,JWST,image,jw05893010001_02101_00005_nrcb4,exposure (L2b): 2D calibrated exposure average over integrations,S,mast:JWST/product/jw05893010001_02101_00005_nrcb4_cal.fits,SCIENCE,,CAL,,CALJWST,2.0.0,5893,jw05893010001_02101_00005_nrcb4_cal.fits,117573120,262449275,PUBLIC,2,F200W
258341429,JWST,image,jw05893010001_02101_00006_nrca2,exposure (L2b): 2D calibrated exposure average over integrations,S,mast:JWST/product/jw05893010001_02101_00006_nrca2_cal.fits,SCIENCE,,CAL,,CALJWST,2.0.0,5893,jw05893010001_02101_00006_nrca2_cal.fits,117570240,262449275,PUBLIC,2,F200W
258341585,JWST,image,jw05893010001_02101_00006_nrcb4,exposure (L2b): 2D calibrated exposure average over integrations,S,mast:JWST/product/jw05893010001_02101_00006_nrcb4_cal.fits,SCIENCE,,CAL,,CALJWST,2.0.0,5893,jw05893010001_02101_00006_nrcb4_cal.fits,117573120,262449275,PUBLIC,2,F200W
258342235,JWST,image,jw05893010001_02101_00005_nrca4,exposure (L2b): 2D calibrated exposure average over integrations,S,mast:JWST/product/jw05893010001_02101_00005_nrca4_cal.fits,SCIENCE,,CAL,,CALJWST,2.0.0,5893,jw05893010001_02101_00005_nrca4_cal.fits,117573120,262449275,PUBLIC,2,F200W
258342379,JWST,image,jw05893010001_02101_00005_nrcb2,exposure (L2b): 2D calibrated exposure average over integrations,S,mast:JWST/product/jw05893010001_02101_00005_nrcb2_cal.fits,SCIENCE,,CAL,,CALJWST,2.0.0,5893,jw05893010001_02101_00005_nrcb2_cal.fits,117573120,262449275,PUBLIC,2,F200W
258342920,JWST,image,jw05893010001_02101_00006_nrcb1,exposure (L2b): 2D calibrated exposure average over integrations,S,mast:JWST/product/jw05893010001_02101_00006_nrcb1_cal.fits,SCIENCE,,CAL,,CALJWST,2.0.0,5893,jw05893010001_02101_00006_nrcb1_cal.fits,117573120,262449275,PUBLIC,2,F200W
258460052,JWST,image,jw05893010001_02101_00006_nrca1,exposure (L2b): 2D calibrated exposure average over integrations,S,mast:JWST/product/jw05893010001_02101_00006_nrca1_cal.fits,SCIENCE,,CAL,,CALJWST,2.0.0,5893,jw05893010001_02101_00006_nrca1_cal.fits,117570240,262449275,PUBLIC,2,F200W
258460792,JWST,image,jw05893010001_02101_00005_nrcb3,exposure (L2b): 2D calibrated exposure average over integrations,S,mast:JWST/product/jw05893010001_02101_00005_nrcb3_cal.fits,SCIENCE,,CAL,,CALJWST,2.0.0,5893,jw05893010001_02101_00005_nrcb3_cal.fits,117573120,262449275,PUBLIC,2,F200W
259890256,JWST,image,jw05893010002_02101_00003_nrca2,exposure (L2b): 2D calibrated exposure average over integrations,S,mast:JWST/product/jw05893010002_02101_00003_nrca2_cal.fits,SCIENCE,,CAL,,CALJWST,2.0.0,5893,jw05893010002_02101_00003_nrca2_cal.fits,117570240,262449275,PUBLIC,2,F200W
259890427,JWST,image,jw05893010002_02101_00006_nrca2,exposure (L2b): 2D calibrated exposure average over integrations,S,mast:JWST/product/jw05893010002_02101_00006_nrca2_cal.fits,SCIENCE,,CAL,,CALJWST,2.0.0,5893,jw05893010002_02101_00006_nrca2_cal.fits,117570240,262449275,PUBLIC,2,F200W
259890502,JWST,image,jw05893010002_02101_00001_nrca2,exposure (L2b): 2D calibrated exposure average over integrations,S,mast:JWST/product/jw05893010002_02101_00001_nrca2_cal.fits,SCIENCE,,CAL,,CALJWST,2.0.0,5893,jw05893010002_02101_00001_nrca2_cal.fits,117570240,262449275,PUBLIC,2,F200W
259890579,JWST,image,jw05893010002_02101_00005_nrca2,exposure (L2b): 2D calibrated exposure average over integrations,S,mast:JWST/product/jw05893010002_02101_00005_nrca2_cal.fits,SCIENCE,,CAL,,CALJWST,2.0.0,5893,jw05893010002_02101_00005_nrca2_cal.fits,117570240,262449275,PUBLIC,2,F200W
259890733,JWST,image,jw05893010002_02101_00001_nrca1,exposure (L2b): 2D calibrated exposure average over integrations,S,mast:JWST/product/jw05893010002_02101_00001_nrca1_cal.fits,SCIENCE,,CAL,,CALJWST,2.0.0,5893,jw05893010002_02101_00001_nrca1_cal.fits,117570240,262449275,PUBLIC,2,F200W
259890767,JWST,image,jw05893010002_02101_00003_nrca1,exposure (L2b): 2D calibrated exposure average over integrations,S,mast:JWST/product/jw05893010002_02101_00003_nrca1_cal.fits,SCIENCE,,CAL,,CALJWST,2.0.0,5893,jw05893010002_02101_00003_nrca1_cal.fits,117570240,262449275,PUBLIC,2,F200W
259890823,JWST,image,jw05893010002_02101_00002_nrca1,exposure (L2b): 2D calibrated exposure average over integrations,S,mast:JWST/product/jw05893010002_02101_00002_nrca1_cal.fits,SCIENCE,,CAL,,CALJWST,2.0.0,5893,jw05893010002_02101_00002_nrca1_cal.fits,117570240,262449275,PUBLIC,2,F200W
259890896,JWST,image,jw05893010002_02101_00004_nrca1,exposure (L2b): 2D calibrated exposure average over integrations,S,mast:JWST/product/jw05893010002_02101_00004_nrca1_cal.fits,SCIENCE,,CAL,,CALJWST,2.0.0,5893,jw05893010002_02101_00004_nrca1_cal.fits,117570240,262449275,PUBLIC,2,F200W
259890983,JWST,image,jw05893010002_02101_00005_nrca1,exposure (L2b): 2D calibrated exposure average over integrations,S,mast:JWST/product/jw05893010002_02101_00005_nrca1_cal.fits,SCIENCE,,CAL,,CALJWST,2.0.0,5893,jw05893010002_02101_00005_nrca1_cal.fits,117570240,262449275,PUBLIC,2,F200W
259891051,JWST,image,jw05893010002_02101_00002_nrca3,exposure (L2b): 2D calibrated exposure average over integrations,S,mast:JWST/product/jw05893010002_02101_00002_nrca3_cal.fits,SCIENCE,,CAL,,CALJWST,2.0.0,5893,jw05893010002_02101_00002_nrca3_cal.fits,117573120,262449275,PUBLIC,2,F200W
259891124,JWST,image,jw05893010002_02101_00002_nrca2,exposure (L2b): 2D calibrated exposure average over integrations,S,mast:JWST/product/jw05893010002_02101_00002_nrca2_cal.fits,SCIENCE,,CAL,,CALJWST,2.0.0,5893,jw05893010002_02101_00002_nrca2_cal.fits,117570240,262449275,PUBLIC,2,F200W
260000419,JWST,image,jw05893010002_02101_00001_nrcb2,exposure (L2b): 2D calibrated exposure average over integrations,S,mast:JWST/product/jw05893010002_02101_00001_nrcb2_cal.fits,SCIENCE,,CAL,,CALJWST,2.0.0,5893,jw05893010002_02101_00001_nrcb2_cal.fits,117573120,262449275,PUBLIC,2,F200W
260000684,JWST,image,jw05893010002_02101_00001_nrcb1,exposure (L2b): 2D calibrated exposure average over integrations,S,mast:JWST/product/jw05893010002_02101_00001_nrcb1_cal.fits,SCIENCE,,CAL,,CALJWST,2.0.0,5893,jw05893010002_02101_00001_nrcb1_cal.fits,117573120,262449275,PUBLIC,2,F200W
260000917,JWST,image,jw05893010002_02101_00004_nrca2,exposure (L2b): 2D calibrated exposure average over integrations,S,mast:JWST/product/jw05893010002_02101_00004_nrca2_cal.fits,SCIENCE,,CAL,,CALJWST,2.0.0,5893,jw05893010002_02101_00004_nrca2_cal.fits,117570240,262449275,PUBLIC,2,F200W
260001214,JWST,image,jw05893010002_02101_00001_nrcb3,exposure (L2b): 2D calibrated exposure average over integrations,S,mast:JWST/product/jw05893010002_02101_00001_nrcb3_cal.fits,SCIENCE,,CAL,,CALJWST,2.0.0,5893,jw05893010002_02101_00001_nrcb3_cal.fits,117573120,262449275,PUBLIC,2,F200W
260001309,JWST,image,jw05893010002_02101_00006_nrca3,exposure (L2b): 2D calibrated exposure average over integrations,S,mast:JWST/product/jw05893010002_02101_00006_nrca3_cal.fits,SCIENCE,,CAL,,CALJWST,2.0.0,5893,jw05893010002_02101_00006_nrca3_cal.fits,117573120,262449275,PUBLIC,2,F200W
260001385,JWST,image,jw05893010002_02101_00003_nrcb2,exposure (L2b): 2D calibrated exposure average over integrations,S,mast:JWST/product/jw05893010002_02101_00003_nrcb2_cal.fits,SCIENCE,,CAL,,CALJWST,2.0.0,5893,jw05893010002_02101_00003_nrcb2_cal.fits,117573120,262449275,PUBLIC,2,F200W
260001510,JWST,image,jw05893010002_02101_00001_nrca4,exposure (L2b): 2D calibrated exposure average over integrations,S,mast:JWST/product/jw05893010002_02101_00001_nrca4_cal.fits,SCIENCE,,CAL,,CALJWST,2.0.0,5893,jw05893010002_02101_00001_nrca4_cal.fits,117573120,262449275,PUBLIC,2,F200W
260001869,JWST,image,jw05893010002_02101_00005_nrcb2,exposure (L2b): 2D calibrated exposure average over integrations,S,mast:JWST/product/jw05893010002_02101_00005_nrcb2_cal.fits,SCIENCE,,CAL,,CALJWST,2.0.0,5893,jw05893010002_02101_00005_nrcb2_cal.fits,117573120,262449275,PUBLIC,2,F200W
260002214,JWST,image,jw05893010002_02101_00002_nrcb3,exposure (L2b): 2D calibrated exposure average over integrations,S,mast:JWST/product/jw05893010002_02101_00002_nrcb3_cal.fits,SCIENCE,,CAL,,CALJWST,2.0.0,5893,jw05893010002_02101_00002_nrcb3_cal.fits,117573120,262449275,PUBLIC,2,F200W
260002411,JWST,image,jw05893010002_02101_00004_nrcb3,exposure (L2b): 2D calibrated exposure average over integrations,S,mast:JWST/product/jw05893010002_02101_00004_nrcb3_cal.fits,SCIENCE,,CAL,,CALJWST,2.0.0,5893,jw05893010002_02101_00004_nrcb3_cal.fits,117573120,262449275,PUBLIC,2,F200W
260002484,JWST,image,jw05893010002_02101_00002_nrca4,exposure (L2b): 2D calibrated exposure average over integrations,S,mast:JWST/product/jw05893010002_02101_00002_nrca4_cal.fits,SCIENCE,,CAL,,CALJWST,2.0.0,5893,jw05893010002_02101_00002_nrca4_cal.fits,117573120,262449275,PUBLIC,2,F200W
260002574,JWST,image,jw05893010002_02101_00005_nrca3,exposure (L2b): 2D calibrated exposure average over integrations,S,mast:JWST/product/jw05893010002_02101_00005_nrca3_cal.fits,SCIENCE,,CAL,,CALJWST,2.0.0,5893,jw05893010002_02101_00005_nrca3_cal.fits,117573120,262449275,PUBLIC,2,F200W
260002670,JWST,image,jw05893010002_02101_00001_nrcb4,exposure (L2b): 2D calibrated exposure average over integrations,S,mast:JWST/product/jw05893010002_02101_00001_nrcb4_cal.fits,SCIENCE,,CAL,,CALJWST,2.0.0,5893,jw05893010002_02101_00001_nrcb4_cal.fits,117573120,262449275,PUBLIC,2,F200W
260002717,JWST,image,jw05893010002_02101_00006_nrcb1,exposure (L2b): 2D calibrated exposure average over integrations,S,mast:JWST/product/jw05893010002_02101_00006_nrcb1_cal.fits,SCIENCE,,CAL,,CALJWST,2.0.0,5893,jw05893010002_02101_00006_nrcb1_cal.fits,117573120,262449275,PUBLIC,2,F200W
260002814,JWST,image,jw05893010002_02101_00004_nrcb2,exposure (L2b): 2D calibrated exposure average over integrations,S,mast:JWST/product/jw05893010002_02101_00004_nrcb2_cal.fits,SCIENCE,,CAL,,CALJWST,2.0.0,5893,jw05893010002_02101_00004_nrcb2_cal.fits,117573120,262449275,PUBLIC,2,F200W
260003028,JWST,image,jw05893010002_02101_00006_nrca4,exposure (L2b): 2D calibrated exposure average over integrations,S,mast:JWST/product/jw05893010002_02101_00006_nrca4_cal.fits,SCIENCE,,CAL,,CALJWST,2.0.0,5893,jw05893010002_02101_00006_nrca4_cal.fits,117573120,262449275,PUBLIC,2,F200W
260003234,JWST,image,jw05893010002_02101_00002_nrcb2,exposure (L2b): 2D calibrated exposure average over integrations,S,mast:JWST/product/jw05893010002_02101_00002_nrcb2_cal.fits,SCIENCE,,CAL,,CALJWST,2.0.0,5893,jw05893010002_02101_00002_nrcb2_cal.fits,117573120,262449275,PUBLIC,2,F200W
260003411,JWST,image,jw05893010002_02101_00001_nrca3,exposure (L2b): 2D calibrated exposure average over integrations,S,mast:JWST/product/jw05893010002_02101_00001_nrca3_cal.fits,SCIENCE,,CAL,,CALJWST,2.0.0,5893,jw05893010002_02101_00001_nrca3_cal.fits,117573120,262449275,PUBLIC,2,F200W
260003517,JWST,image,jw05893010002_02101_00003_nrcb3,exposure (L2b): 2D calibrated exposure average over integrations,S,mast:JWST/product/jw05893010002_02101_00003_nrcb3_cal.fits,SCIENCE,,CAL,,CALJWST,2.0.0,5893,jw05893010002_02101_00003_nrcb3_cal.fits,117573120,262449275,PUBLIC,2,F200W
260003619,JWST,image,jw05893010002_02101_00004_nrcb4,exposure (L2b): 2D calibrated exposure average over integrations,S,mast:JWST/product/jw05893010002_02101_00004_nrcb4_cal.fits,SCIENCE,,CAL,,CALJWST,2.0.0,5893,jw05893010002_02101_00004_nrcb4_cal.fits,117573120,262449275,PUBLIC,2,F200W
260003708,JWST,image,jw05893010002_02101_00005_nrcb3,exposure (L2b): 2D calibrated exposure average over integrations,S,mast:JWST/product/jw05893010002_02101_00005_nrcb3_cal.fits,SCIENCE,,CAL,,CALJWST,2.0.0,5893,jw05893010002_02101_00005_nrcb3_cal.fits,117573120,262449275,PUBLIC,2,F200W
260004403,JWST,image,jw05893010002_02101_00003_nrcb4,exposure (L2b): 2D calibrated exposure average over integrations,S,mast:JWST/product/jw05893010002_02101_00003_nrcb4_cal.fits,SCIENCE,,CAL,,CALJWST,2.0.0,5893,jw05893010002_02101_00003_nrcb4_cal.fits,117573120,262449275,PUBLIC,2,F200W
260004776,JWST,image,jw05893010002_02101_00004_nrca4,exposure (L2b): 2D calibrated exposure average over integrations,S,mast:JWST/product/jw05893010002_02101_00004_nrca4_cal.fits,SCIENCE,,CAL,,CALJWST,2.0.0,5893,jw05893010002_02101_00004_nrca4_cal.fits,117573120,262449275,PUBLIC,2,F200W
260005006,JWST,image,jw05893010002_02101_00002_nrcb1,exposure (L2b): 2D calibrated exposure average over integrations,S,mast:JWST/product/jw05893010002_02101_00002_nrcb1_cal.fits,SCIENCE,,CAL,,CALJWST,2.0.0,5893,jw05893010002_02101_00002_nrcb1_cal.fits,117573120,262449275,PUBLIC,2,F200W
260005089,JWST,image,jw05893010002_02101_00003_nrca4,exposure (L2b): 2D calibrated exposure average over integrations,S,mast:JWST/product/jw05893010002_02101_00003_nrca4_cal.fits,SCIENCE,,CAL,,CALJWST,2.0.0,5893,jw05893010002_02101_00003_nrca4_cal.fits,117573120,262449275,PUBLIC,2,F200W
260005301,JWST,image,jw05893010002_02101_00003_nrca3,exposure (L2b): 2D calibrated exposure average over integrations,S,mast:JWST/product/jw05893010002_02101_00003_nrca3_cal.fits,SCIENCE,,CAL,,CALJWST,2.0.0,5893,jw05893010002_02101_00003_nrca3_cal.fits,117573120,262449275,PUBLIC,2,F200W
260005483,JWST,image,jw05893010002_02101_00005_nrca4,exposure (L2b): 2D calibrated exposure average over integrations,S,mast:JWST/product/jw05893010002_02101_00005_nrca4_cal.fits,SCIENCE,,CAL,,CALJWST,2.0.0,5893,jw05893010002_02101_00005_nrca4_cal.fits,117573120,262449275,PUBLIC,2,F200W
260005560,JWST,image,jw05893010002_02101_00004_nrcb1,exposure (L2b): 2D calibrated exposure average over integrations,S,mast:JWST/product/jw05893010002_02101_00004_nrcb1_cal.fits,SCIENCE,,CAL,,CALJWST,2.0.0,5893,jw05893010002_02101_00004_nrcb1_cal.fits,117573120,262449275,PUBLIC,2,F200W
260005569,JWST,image,jw05893010002_02101_00006_nrcb3,exposure (L2b): 2D calibrated exposure average over integrations,S,mast:JWST/product/jw05893010002_02101_00006_nrcb3_cal.fits,SCIENCE,,CAL,,CALJWST,2.0.0,5893,jw05893010002_02101_00006_nrcb3_cal.fits,117573120,262449275,PUBLIC,2,F200W
260005660,JWST,image,jw05893010002_02101_00005_nrcb1,exposure (L2b): 2D calibrated exposure average over integrations,S,mast:JWST/product/jw05893010002_02101_00005_nrcb1_cal.fits,SCIENCE,,CAL,,CALJWST,2.0.0,5893,jw05893010002_02101_00005_nrcb1_cal.fits,117573120,262449275,PUBLIC,2,F200W
260005740,JWST,image,jw05893010002_02101_00002_nrcb4,exposure (L2b): 2D calibrated exposure average over integrations,S,mast:JWST/product/jw05893010002_02101_00002_nrcb4_cal.fits,SCIENCE,,CAL,,CALJWST,2.0.0,5893,jw05893010002_02101_00002_nrcb4_cal.fits,117573120,262449275,PUBLIC,2,F200W
260005992,JWST,image,jw05893010002_02101_00004_nrca3,exposure (L2b): 2D calibrated exposure average over integrations,S,mast:JWST/product/jw05893010002_02101_00004_nrca3_cal.fits,SCIENCE,,CAL,,CALJWST,2.0.0,5893,jw05893010002_02101_00004_nrca3_cal.fits,117573120,262449275,PUBLIC,2,F200W
260006327,JWST,image,jw05893010002_02101_00003_nrcb1,exposure (L2b): 2D calibrated exposure average over integrations,S,mast:JWST/product/jw05893010002_02101_00003_nrcb1_cal.fits,SCIENCE,,CAL,,CALJWST,2.0.0,5893,jw05893010002_02101_00003_nrcb1_cal.fits,117573120,262449275,PUBLIC,2,F200W
260006530,JWST,image,jw05893010002_02101_00006_nrcb2,exposure (L2b): 2D calibrated exposure average over integrations,S,mast:JWST/product/jw05893010002_02101_00006_nrcb2_cal.fits,SCIENCE,,CAL,,CALJWST,2.0.0,5893,jw05893010002_02101_00006_nrcb2_cal.fits,117573120,262449275,PUBLIC,2,F200W
260050802,JWST,image,jw05893010003_02101_00002_nrca2,exposure (L2b): 2D calibrated exposure average over integrations,S,mast:JWST/product/jw05893010003_02101_00002_nrca2_cal.fits,SCIENCE,,CAL,,CALJWST,2.0.0,5893,jw05893010003_02101_00002_nrca2_cal.fits,117570240,262449275,PUBLIC,2,F200W
260050859,JWST,image,jw05893010003_02101_00003_nrca1,exposure (L2b): 2D calibrated exposure average over integrations,S,mast:JWST/product/jw05893010003_02101_00003_nrca1_cal.fits,SCIENCE,,CAL,,CALJWST,2.0.0,5893,jw05893010003_02101_00003_nrca1_cal.fits,117570240,262449275,PUBLIC,2,F200W
260050916,JWST,image,jw05893010003_02101_00003_nrca4,exposure (L2b): 2D calibrated exposure average over integrations,S,mast:JWST/product/jw05893010003_02101_00003_nrca4_cal.fits,SCIENCE,,CAL,,CALJWST,2.0.0,5893,jw05893010003_02101_00003_nrca4_cal.fits,117573120,262449275,PUBLIC,2,F200W
260050955,JWST,image,jw05893010003_02101_00002_nrca3,exposure (L2b): 2D calibrated exposure average over integrations,S,mast:JWST/product/jw05893010003_02101_00002_nrca3_cal.fits,SCIENCE,,CAL,,CALJWST,2.0.0,5893,jw05893010003_02101_00002_nrca3_cal.fits,117573120,262449275,PUBLIC,2,F200W
260050968,JWST,image,jw05893010003_02101_00002_nrca4,exposure (L2b): 2D calibrated exposure average over integrations,S,mast:JWST/product/jw05893010003_02101_00002_nrca4_cal.fits,SCIENCE,,CAL,,CALJWST,2.0.0,5893,jw05893010003_02101_00002_nrca4_cal.fits,117573120,262449275,PUBLIC,2,F200W
260050977,JWST,image,jw05893010003_02101_00001_nrca2,exposure (L2b): 2D calibrated exposure average over integrations,S,mast:JWST/product/jw05893010003_02101_00001_nrca2_cal.fits,SCIENCE,,CAL,,CALJWST,2.0.0,5893,jw05893010003_02101_00001_nrca2_cal.fits,117570240,262449275,PUBLIC,2,F200W
260051017,JWST,image,jw05893010003_02101_00002_nrca1,exposure (L2b): 2D calibrated exposure average over integrations,S,mast:JWST/product/jw05893010003_02101_00002_nrca1_cal.fits,SCIENCE,,CAL,,CALJWST,2.0.0,5893,jw05893010003_02101_00002_nrca1_cal.fits,117570240,262449275,PUBLIC,2,F200W
260051067,JWST,image,jw05893010003_02101_00001_nrca1,exposure (L2b): 2D calibrated exposure average over integrations,S,mast:JWST/product/jw05893010003_02101_00001_nrca1_cal.fits,SCIENCE,,CAL,,CALJWST,2.0.0,5893,jw05893010003_02101_00001_nrca1_cal.fits,117570240,262449275,PUBLIC,2,F200W
260051123,JWST,image,jw05893010003_02101_00001_nrcb1,exposure (L2b): 2D calibrated exposure average over integrations,S,mast:JWST/product/jw05893010003_02101_00001_nrcb1_cal.fits,SCIENCE,,CAL,,CALJWST,2.0.0,5893,jw05893010003_02101_00001_nrcb1_cal.fits,117573120,262449275,PUBLIC,2,F200W
260051170,JWST,image,jw05893010003_02101_00001_nrca3,exposure (L2b): 2D calibrated exposure average over integrations,S,mast:JWST/product/jw05893010003_02101_00001_nrca3_cal.fits,SCIENCE,,CAL,,CALJWST,2.0.0,5893,jw05893010003_02101_00001_nrca3_cal.fits,117573120,262449275,PUBLIC,2,F200W
260051277,JWST,image,jw05893010003_02101_00003_nrca3,exposure (L2b): 2D calibrated exposure average over integrations,S,mast:JWST/product/jw05893010003_02101_00003_nrca3_cal.fits,SCIENCE,,CAL,,CALJWST,2.0.0,5893,jw05893010003_02101_00003_nrca3_cal.fits,117573120,262449275,PUBLIC,2,F200W
260051323,JWST,image,jw05893010003_02101_00003_nrcb1,exposure (L2b): 2D calibrated exposure average over integrations,S,mast:JWST/product/jw05893010003_02101_00003_nrcb1_cal.fits,SCIENCE,,CAL,,CALJWST,2.0.0,5893,jw05893010003_02101_00003_nrcb1_cal.fits,117573120,262449275,PUBLIC,2,F200W
260051363,JWST,image,jw05893010003_02101_00001_nrca4,exposure (L2b): 2D calibrated exposure average over integrations,S,mast:JWST/product/jw05893010003_02101_00001_nrca4_cal.fits,SCIENCE,,CAL,,CALJWST,2.0.0,5893,jw05893010003_02101_00001_nrca4_cal.fits,117573120,262449275,PUBLIC,2,F200W
260051417,JWST,image,jw05893010003_02101_00003_nrca2,exposure (L2b): 2D calibrated exposure average over integrations,S,mast:JWST/product/jw05893010003_02101_00003_nrca2_cal.fits,SCIENCE,,CAL,,CALJWST,2.0.0,5893,jw05893010003_02101_00003_nrca2_cal.fits,117570240,262449275,PUBLIC,2,F200W
260081156,JWST,image,jw05893010003_02101_00003_nrcb3,exposure (L2b): 2D calibrated exposure average over integrations,S,mast:JWST/product/jw05893010003_02101_00003_nrcb3_cal.fits,SCIENCE,,CAL,,CALJWST,2.0.0,5893,jw05893010003_02101_00003_nrcb3_cal.fits,117573120,262449275,PUBLIC,2,F200W
260081206,JWST,image,jw05893010003_02101_00002_nrcb1,exposure (L2b): 2D calibrated exposure average over integrations,S,mast:JWST/product/jw05893010003_02101_00002_nrcb1_cal.fits,SCIENCE,,CAL,,CALJWST,2.0.0,5893,jw05893010003_02101_00002_nrcb1_cal.fits,117573120,262449275,PUBLIC,2,F200W
260081261,JWST,image,jw05893010003_02101_00002_nrcb2,exposure (L2b): 2D calibrated exposure average over integrations,S,mast:JWST/product/jw05893010003_02101_00002_nrcb2_cal.fits,SCIENCE,,CAL,,CALJWST,2.0.0,5893,jw05893010003_02101_00002_nrcb2_cal.fits,117573120,262449275,PUBLIC,2,F200W
260081412,JWST,image,jw05893010003_02101_00001_nrcb3,exposure (L2b): 2D calibrated exposure average over integrations,S,mast:JWST/product/jw05893010003_02101_00001_nrcb3_cal.fits,SCIENCE,,CAL,,CALJWST,2.0.0,5893,jw05893010003_02101_00001_nrcb3_cal.fits,117573120,262449275,PUBLIC,2,F200W
260081672,JWST,image,jw05893010003_02101_00001_nrcb2,exposure (L2b): 2D calibrated exposure average over integrations,S,mast:JWST/product/jw05893010003_02101_00001_nrcb2_cal.fits,SCIENCE,,CAL,,CALJWST,2.0.0,5893,jw05893010003_02101_00001_nrcb2_cal.fits,117573120,262449275,PUBLIC,2,F200W
260081914,JWST,image,jw05893010003_02101_00001_nrcb4,exposure (L2b): 2D calibrated exposure average over integrations,S,mast:JWST/product/jw05893010003_02101_00001_nrcb4_cal.fits,SCIENCE,,CAL,,CALJWST,2.0.0,5893,jw05893010003_02101_00001_nrcb4_cal.fits,117573120,262449275,PUBLIC,2,F200W
260082142,JWST,image,jw05893010003_02101_00003_nrcb2,exposure (L2b): 2D calibrated exposure average over integrations,S,mast:JWST/product/jw05893010003_02101_00003_nrcb2_cal.fits,SCIENCE,,CAL,,CALJWST,2.0.0,5893,jw05893010003_02101_00003_nrcb2_cal.fits,117573120,262449275,PUBLIC,2,F200W
260082231,JWST,image,jw05893010003_02101_00003_nrcb4,exposure (L2b): 2D calibrated exposure average over integrations,S,mast:JWST/product/jw05893010003_02101_00003_nrcb4_cal.fits,SCIENCE,,CAL,,CALJWST,2.0.0,5893,jw05893010003_02101_00003_nrcb4_cal.fits,117573120,262449275,PUBLIC,2,F200W
260082285,JWST,image,jw05893010003_02101_00002_nrcb3,exposure (L2b): 2D calibrated exposure average over integrations,S,mast:JWST/product/jw05893010003_02101_00002_nrcb3_cal.fits,SCIENCE,,CAL,,CALJWST,2.0.0,5893,jw05893010003_02101_00002_nrcb3_cal.fits,117573120,262449275,PUBLIC,2,F200W
260082536,JWST,image,jw05893010003_02101_00002_nrcb4,exposure (L2b): 2D calibrated exposure average over integrations,S,mast:JWST/product/jw05893010003_02101_00002_nrcb4_cal.fits,SCIENCE,,CAL,,CALJWST,2.0.0,5893,jw05893010003_02101_00002_nrcb4_cal.fits,117573120,262449275,PUBLIC,2,F200W
260092354,JWST,image,jw05893010002_02101_00005_nrcb4,exposure (L2b): 2D calibrated exposure average over integrations,S,mast:JWST/product/jw05893010002_02101_00005_nrcb4_cal.fits,SCIENCE,,CAL,,CALJWST,2.0.0,5893,jw05893010002_02101_00005_nrcb4_cal.fits,117573120,262449275,PUBLIC,2,F200W
260094739,JWST,image,jw05893010002_02101_00006_nrcb4,exposure (L2b): 2D calibrated exposure average over integrations,S,mast:JWST/product/jw05893010002_02101_00006_nrcb4_cal.fits,SCIENCE,,CAL,,CALJWST,2.0.0,5893,jw05893010002_02101_00006_nrcb4_cal.fits,117573120,262449275,PUBLIC,2,F200W
260097199,JWST,image,jw05893010002_02101_00006_nrca1,exposure (L2b): 2D calibrated exposure average over integrations,S,mast:JWST/product/jw05893010002_02101_00006_nrca1_cal.fits,SCIENCE,,CAL,,CALJWST,2.0.0,5893,jw05893010002_02101_00006_nrca1_cal.fits,117570240,262449275,PUBLIC,2,F200W
260157053,JWST,image,jw05893010003_02101_00004_nrcb2,exposure (L2b): 2D calibrated exposure average over integrations,S,mast:JWST/product/jw05893010003_02101_00004_nrcb2_cal.fits,SCIENCE,,CAL,,CALJWST,2.0.0,5893,jw05893010003_02101_00004_nrcb2_cal.fits,117573120,262449275,PUBLIC,2,F200W
260157257,JWST,image,jw05893010003_02101_00005_nrcb1,exposure (L2b): 2D calibrated exposure average over integrations,S,mast:JWST/product/jw05893010003_02101_00005_nrcb1_cal.fits,SCIENCE,,CAL,,CALJWST,2.0.0,5893,jw05893010003_02101_00005_nrcb1_cal.fits,117573120,262449275,PUBLIC,2,F200W
260157278,JWST,image,jw05893010003_02101_00005_nrca4,exposure (L2b): 2D calibrated exposure average over integrations,S,mast:JWST/product/jw05893010003_02101_00005_nrca4_cal.fits,SCIENCE,,CAL,,CALJWST,2.0.0,5893,jw05893010003_02101_00005_nrca4_cal.fits,117573120,262449275,PUBLIC,2,F200W
260157591,JWST,image,jw05893010003_02101_00005_nrcb3,exposure (L2b): 2D calibrated exposure average over integrations,S,mast:JWST/product/jw05893010003_02101_00005_nrcb3_cal.fits,SCIENCE,,CAL,,CALJWST,2.0.0,5893,jw05893010003_02101_00005_nrcb3_cal.fits,117573120,262449275,PUBLIC,2,F200W
260157658,JWST,image,jw05893010003_02101_00004_nrca2,exposure (L2b): 2D calibrated exposure average over integrations,S,mast:JWST/product/jw05893010003_02101_00004_nrca2_cal.fits,SCIENCE,,CAL,,CALJWST,2.0.0,5893,jw05893010003_02101_00004_nrca2_cal.fits,117570240,262449275,PUBLIC,2,F200W
260157999,JWST,image,jw05893010003_02101_00004_nrcb1,exposure (L2b): 2D calibrated exposure average over integrations,S,mast:JWST/product/jw05893010003_02101_00004_nrcb1_cal.fits,SCIENCE,,CAL,,CALJWST,2.0.0,5893,jw05893010003_02101_00004_nrcb1_cal.fits,117573120,262449275,PUBLIC,2,F200W
260158574,JWST,image,jw05893010003_02101_00004_nrca4,exposure (L2b): 2D calibrated exposure average over integrations,S,mast:JWST/product/jw05893010003_02101_00004_nrca4_cal.fits,SCIENCE,,CAL,,CALJWST,2.0.0,5893,jw05893010003_02101_00004_nrca4_cal.fits,117573120,262449275,PUBLIC,2,F200W
260159089,JWST,image,jw05893010003_02101_00005_nrcb4,exposure (L2b): 2D calibrated exposure average over integrations,S,mast:JWST/product/jw05893010003_02101_00005_nrcb4_cal.fits,SCIENCE,,CAL,,CALJWST,2.0.0,5893,jw05893010003_02101_00005_nrcb4_cal.fits,117573120,262449275,PUBLIC,2,F200W
260159278,JWST,image,jw05893010003_02101_00005_nrca2,exposure (L2b): 2D calibrated exposure average over integrations,S,mast:JWST/product/jw05893010003_02101_00005_nrca2_cal.fits,SCIENCE,,CAL,,CALJWST,2.0.0,5893,jw05893010003_02101_00005_nrca2_cal.fits,117570240,262449275,PUBLIC,2,F200W
260159472,JWST,image,jw05893010003_02101_00005_nrca1,exposure (L2b): 2D calibrated exposure average over integrations,S,mast:JWST/product/jw05893010003_02101_00005_nrca1_cal.fits,SCIENCE,,CAL,,CALJWST,2.0.0,5893,jw05893010003_02101_00005_nrca1_cal.fits,117570240,262449275,PUBLIC,2,F200W
260159530,JWST,image,jw05893010003_02101_00005_nrca3,exposure (L2b): 2D calibrated exposure average over integrations,S,mast:JWST/product/jw05893010003_02101_00005_nrca3_cal.fits,SCIENCE,,CAL,,CALJWST,2.0.0,5893,jw05893010003_02101_00005_nrca3_cal.fits,117573120,262449275,PUBLIC,2,F200W
260188985,JWST,image,jw05893010004_02101_00002_nrca1,exposure (L2b): 2D calibrated exposure average over integrations,S,mast:JWST/product/jw05893010004_02101_00002_nrca1_cal.fits,SCIENCE,,CAL,,CALJWST,2.0.0,5893,jw05893010004_02101_00002_nrca1_cal.fits,117570240,262449275,PUBLIC,2,F200W
260189047,JWST,image,jw05893010004_02101_00002_nrcb4,exposure (L2b): 2D calibrated exposure average over integrations,S,mast:JWST/product/jw05893010004_02101_00002_nrcb4_cal.fits,SCIENCE,,CAL,,CALJWST,2.0.0,5893,jw05893010004_02101_00002_nrcb4_cal.fits,117573120,262449275,PUBLIC,2,F200W
260189093,JWST,image,jw05893010004_02101_00002_nrca2,exposure (L2b): 2D calibrated exposure average over integrations,S,mast:JWST/product/jw05893010004_02101_00002_nrca2_cal.fits,SCIENCE,,CAL,,CALJWST,2.0.0,5893,jw05893010004_02101_00002_nrca2_cal.fits,117570240,262449275,PUBLIC,2,F200W
260189097,JWST,image,jw05893010004_02101_00002_nrca4,exposure (L2b): 2D calibrated exposure average over integrations,S,mast:JWST/product/jw05893010004_02101_00002_nrca4_cal.fits,SCIENCE,,CAL,,CALJWST,2.0.0,5893,jw05893010004_02101_00002_nrca4_cal.fits,117573120,262449275,PUBLIC,2,F200W
260189147,JWST,image,jw05893010004_02101_00002_nrcb2,exposure (L2b): 2D calibrated exposure average over integrations,S,mast:JWST/product/jw05893010004_02101_00002_nrcb2_cal.fits,SCIENCE,,CAL,,CALJWST,2.0.0,5893,jw05893010004_02101_00002_nrcb2_cal.fits,117573120,262449275,PUBLIC,2,F200W
260189196,JWST,image,jw05893010004_02101_00002_nrcb1,exposure (L2b): 2D calibrated exposure average over integrations,S,mast:JWST/product/jw05893010004_02101_00002_nrcb1_cal.fits,SCIENCE,,CAL,,CALJWST,2.0.0,5893,jw05893010004_02101_00002_nrcb1_cal.fits,117573120,262449275,PUBLIC,2,F200W
260189274,JWST,image,jw05893010004_02101_00002_nrcb3,exposure (L2b): 2D calibrated exposure average over integrations,S,mast:JWST/product/jw05893010004_02101_00002_nrcb3_cal.fits,SCIENCE,,CAL,,CALJWST,2.0.0,5893,jw05893010004_02101_00002_nrcb3_cal.fits,117573120,262449275,PUBLIC,2,F200W
260189291,JWST,image,jw05893010004_02101_00002_nrca3,exposure (L2b): 2D calibrated exposure average over integrations,S,mast:JWST/product/jw05893010004_02101_00002_nrca3_cal.fits,SCIENCE,,CAL,,CALJWST,2.0.0,5893,jw05893010004_02101_00002_nrca3_cal.fits,117573120,262449275,PUBLIC,2,F200W
260217612,JWST,image,jw05893010003_02101_00006_nrca3,exposure (L2b): 2D calibrated exposure average over integrations,S,mast:JWST/product/jw05893010003_02101_00006_nrca3_cal.fits,SCIENCE,,CAL,,CALJWST,2.0.0,5893,jw05893010003_02101_00006_nrca3_cal.fits,117573120,262449275,PUBLIC,2,F200W
260217953,JWST,image,jw05893010003_02101_00004_nrcb4,exposure (L2b): 2D calibrated exposure average over integrations,S,mast:JWST/product/jw05893010003_02101_00004_nrcb4_cal.fits,SCIENCE,,CAL,,CALJWST,2.0.0,5893,jw05893010003_02101_00004_nrcb4_cal.fits,117573120,262449275,PUBLIC,2,F200W
260218054,JWST,image,jw05893010003_02101_00006_nrcb3,exposure (L2b): 2D calibrated exposure average over integrations,S,mast:JWST/product/jw05893010003_02101_00006_nrcb3_cal.fits,SCIENCE,,CAL,,CALJWST,2.0.0,5893,jw05893010003_02101_00006_nrcb3_cal.fits,117573120,262449275,PUBLIC,2,F200W
260218201,JWST,image,jw05893010003_02101_00004_nrcb3,exposure (L2b): 2D calibrated exposure average over integrations,S,mast:JWST/product/jw05893010003_02101_00004_nrcb3_cal.fits,SCIENCE,,CAL,,CALJWST,2.0.0,5893,jw05893010003_02101_00004_nrcb3_cal.fits,117573120,262449275,PUBLIC,2,F200W
260218419,JWST,image,jw05893010003_02101_00006_nrcb2,exposure (L2b): 2D calibrated exposure average over integrations,S,mast:JWST/product/jw05893010003_02101_00006_nrcb2_cal.fits,SCIENCE,,CAL,,CALJWST,2.0.0,5893,jw05893010003_02101_00006_nrcb2_cal.fits,117573120,262449275,PUBLIC,2,F200W
260218780,JWST,image,jw05893010003_02101_00006_nrcb1,exposure (L2b): 2D calibrated exposure average over integrations,S,mast:JWST/product/jw05893010003_02101_00006_nrcb1_cal.fits,SCIENCE,,CAL,,CALJWST,2.0.0,5893,jw05893010003_02101_00006_nrcb1_cal.fits,117573120,262449275,PUBLIC,2,F200W
260218910,JWST,image,jw05893010003_02101_00004_nrca1,exposure (L2b): 2D calibrated exposure average over integrations,S,mast:JWST/product/jw05893010003_02101_00004_nrca1_cal.fits,SCIENCE,,CAL,,CALJWST,2.0.0,5893,jw05893010003_02101_00004_nrca1_cal.fits,117570240,262449275,PUBLIC,2,F200W
260219448,JWST,image,jw05893010003_02101_00005_nrcb2,exposure (L2b): 2D calibrated exposure average over integrations,S,mast:JWST/product/jw05893010003_02101_00005_nrcb2_cal.fits,SCIENCE,,CAL,,CALJWST,2.0.0,5893,jw05893010003_02101_00005_nrcb2_cal.fits,117573120,262449275,PUBLIC,2,F200W
260219665,JWST,image,jw05893010003_02101_00006_nrca4,exposure (L2b): 2D calibrated exposure average over integrations,S,mast:JWST/product/jw05893010003_02101_00006_nrca4_cal.fits,SCIENCE,,CAL,,CALJWST,2.0.0,5893,jw05893010003_02101_00006_nrca4_cal.fits,117573120,262449275,PUBLIC,2,F200W
260219779,JWST,image,jw05893010003_02101_00006_nrca1,exposure (L2b): 2D calibrated exposure average over integrations,S,mast:JWST/product/jw05893010003_02101_00006_nrca1_cal.fits,SCIENCE,,CAL,,CALJWST,2.0.0,5893,jw05893010003_02101_00006_nrca1_cal.fits,117570240,262449275,PUBLIC,2,F200W
260220647,JWST,image,jw05893010003_02101_00006_nrca2,exposure (L2b): 2D calibrated exposure average over integrations,S,mast:JWST/product/jw05893010003_02101_00006_nrca2_cal.fits,SCIENCE,,CAL,,CALJWST,2.0.0,5893,jw05893010003_02101_00006_nrca2_cal.fits,117570240,262449275,PUBLIC,2,F200W
260220920,JWST,image,jw05893010003_02101_00006_nrcb4,exposure (L2b): 2D calibrated exposure average over integrations,S,mast:JWST/product/jw05893010003_02101_00006_nrcb4_cal.fits,SCIENCE,,CAL,,CALJWST,2.0.0,5893,jw05893010003_02101_00006_nrcb4_cal.fits,117573120,262449275,PUBLIC,2,F200W
260221337,JWST,image,jw05893010003_02101_00004_nrca3,exposure (L2b): 2D calibrated exposure average over integrations,S,mast:JWST/product/jw05893010003_02101_00004_nrca3_cal.fits,SCIENCE,,CAL,,CALJWST,2.0.0,5893,jw05893010003_02101_00004_nrca3_cal.fits,117573120,262449275,PUBLIC,2,F200W
260244655,JWST,image,jw05893010004_02101_00005_nrcb3,exposure (L2b): 2D calibrated exposure average over integrations,S,mast:JWST/product/jw05893010004_02101_00005_nrcb3_cal.fits,SCIENCE,,CAL,,CALJWST,2.0.0,5893,jw05893010004_02101_00005_nrcb3_cal.fits,117573120,262449275,PUBLIC,2,F200W
260244813,JWST,image,jw05893010004_02101_00005_nrca2,exposure (L2b): 2D calibrated exposure average over integrations,S,mast:JWST/product/jw05893010004_02101_00005_nrca2_cal.fits,SCIENCE,,CAL,,CALJWST,2.0.0,5893,jw05893010004_02101_00005_nrca2_cal.fits,117570240,262449275,PUBLIC,2,F200W
260244838,JWST,image,jw05893010004_02101_00001_nrcb2,exposure (L2b): 2D calibrated exposure average over integrations,S,mast:JWST/product/jw05893010004_02101_00001_nrcb2_cal.fits,SCIENCE,,CAL,,CALJWST,2.0.0,5893,jw05893010004_02101_00001_nrcb2_cal.fits,117573120,262449275,PUBLIC,2,F200W
260244895,JWST,image,jw05893010004_02101_00004_nrcb4,exposure (L2b): 2D calibrated exposure average over integrations,S,mast:JWST/product/jw05893010004_02101_00004_nrcb4_cal.fits,SCIENCE,,CAL,,CALJWST,2.0.0,5893,jw05893010004_02101_00004_nrcb4_cal.fits,117573120,262449275,PUBLIC,2,F200W
260245069,JWST,image,jw05893010004_02101_00004_nrca2,exposure (L2b): 2D calibrated exposure average over integrations,S,mast:JWST/product/jw05893010004_02101_00004_nrca2_cal.fits,SCIENCE,,CAL,,CALJWST,2.0.0,5893,jw05893010004_02101_00004_nrca2_cal.fits,117570240,262449275,PUBLIC,2,F200W
260245123,JWST,image,jw05893010004_02101_00006_nrcb3,exposure (L2b): 2D calibrated exposure average over integrations,S,mast:JWST/product/jw05893010004_02101_00006_nrcb3_cal.fits,SCIENCE,,CAL,,CALJWST,2.0.0,5893,jw05893010004_02101_00006_nrcb3_cal.fits,117573120,262449275,PUBLIC,2,F200W
260245163,JWST,image,jw05893010004_02101_00001_nrcb1,exposure (L2b): 2D calibrated exposure average over integrations,S,mast:JWST/product/jw05893010004_02101_00001_nrcb1_cal.fits,SCIENCE,,CAL,,CALJWST,2.0.0,5893,jw05893010004_02101_00001_nrcb1_cal.fits,117573120,262449275,PUBLIC,2,F200W
260245169,JWST,image,jw05893010004_02101_00004_nrca4,exposure (L2b): 2D calibrated exposure average over integrations,S,mast:JWST/product/jw05893010004_02101_00004_nrca4_cal.fits,SCIENCE,,CAL,,CALJWST,2.0.0,5893,jw05893010004_02101_00004_nrca4_cal.fits,117573120,262449275,PUBLIC,2,F200W
260245215,JWST,image,jw05893010004_02101_00005_nrca1,exposure (L2b): 2D calibrated exposure average over integrations,S,mast:JWST/product/jw05893010004_02101_00005_nrca1_cal.fits,SCIENCE,,CAL,,CALJWST,2.0.0,5893,jw05893010004_02101_00005_nrca1_cal.fits,117570240,262449275,PUBLIC,2,F200W
260245260,JWST,image,jw05893010004_02101_00006_nrcb4,exposure (L2b): 2D calibrated exposure average over integrations,S,mast:JWST/product/jw05893010004_02101_00006_nrcb4_cal.fits,SCIENCE,,CAL,,CALJWST,2.0.0,5893,jw05893010004_02101_00006_nrcb4_cal.fits,117573120,262449275,PUBLIC,2,F200W
260245359,JWST,image,jw05893010004_02101_00005_nrca4,exposure (L2b): 2D calibrated exposure average over integrations,S,mast:JWST/product/jw05893010004_02101_00005_nrca4_cal.fits,SCIENCE,,CAL,,CALJWST,2.0.0,5893,jw05893010004_02101_00005_nrca4_cal.fits,117573120,262449275,PUBLIC,2,F200W
260245368,JWST,image,jw05893010004_02101_00005_nrca3,exposure (L2b): 2D calibrated exposure average over integrations,S,mast:JWST/product/jw05893010004_02101_00005_nrca3_cal.fits,SCIENCE,,CAL,,CALJWST,2.0.0,5893,jw05893010004_02101_00005_nrca3_cal.fits,117573120,262449275,PUBLIC,2,F200W
260245468,JWST,image,jw05893010004_02101_00006_nrca2,exposure (L2b): 2D calibrated exposure average over integrations,S,mast:JWST/product/jw05893010004_02101_00006_nrca2_cal.fits,SCIENCE,,CAL,,CALJWST,2.0.0,5893,jw05893010004_02101_00006_nrca2_cal.fits,117570240,262449275,PUBLIC,2,F200W
260245521,JWST,image,jw05893010004_02101_00006_nrca3,exposure (L2b): 2D calibrated exposure average over integrations,S,mast:JWST/product/jw05893010004_02101_00006_nrca3_cal.fits,SCIENCE,,CAL,,CALJWST,2.0.0,5893,jw05893010004_02101_00006_nrca3_cal.fits,117573120,262449275,PUBLIC,2,F200W
260245572,JWST,image,jw05893010004_02101_00001_nrcb3,exposure (L2b): 2D calibrated exposure average over integrations,S,mast:JWST/product/jw05893010004_02101_00001_nrcb3_cal.fits,SCIENCE,,CAL,,CALJWST,2.0.0,5893,jw05893010004_02101_00001_nrcb3_cal.fits,117573120,262449275,PUBLIC,2,F200W
260245688,JWST,image,jw05893010004_02101_00004_nrca3,exposure (L2b): 2D calibrated exposure average over integrations,S,mast:JWST/product/jw05893010004_02101_00004_nrca3_cal.fits,SCIENCE,,CAL,,CALJWST,2.0.0,5893,jw05893010004_02101_00004_nrca3_cal.fits,117573120,262449275,PUBLIC,2,F200W
260245776,JWST,image,jw05893010004_02101_00004_nrcb1,exposure (L2b): 2D calibrated exposure average over integrations,S,mast:JWST/product/jw05893010004_02101_00004_nrcb1_cal.fits,SCIENCE,,CAL,,CALJWST,2.0.0,5893,jw05893010004_02101_00004_nrcb1_cal.fits,117573120,262449275,PUBLIC,2,F200W
260245861,JWST,image,jw05893010004_02101_00006_nrcb2,exposure (L2b): 2D calibrated exposure average over integrations,S,mast:JWST/product/jw05893010004_02101_00006_nrcb2_cal.fits,SCIENCE,,CAL,,CALJWST,2.0.0,5893,jw05893010004_02101_00006_nrcb2_cal.fits,117573120,262449275,PUBLIC,2,F200W
260245946,JWST,image,jw05893010004_02101_00006_nrca4,exposure (L2b): 2D calibrated exposure average over integrations,S,mast:JWST/product/jw05893010004_02101_00006_nrca4_cal.fits,SCIENCE,,CAL,,CALJWST,2.0.0,5893,jw05893010004_02101_00006_nrca4_cal.fits,117573120,262449275,PUBLIC,2,F200W
260245997,JWST,image,jw05893010004_02101_00001_nrca3,exposure (L2b): 2D calibrated exposure average over integrations,S,mast:JWST/product/jw05893010004_02101_00001_nrca3_cal.fits,SCIENCE,,CAL,,CALJWST,2.0.0,5893,jw05893010004_02101_00001_nrca3_cal.fits,117573120,262449275,PUBLIC,2,F200W
260246109,JWST,image,jw05893010004_02101_00005_nrcb2,exposure (L2b): 2D calibrated exposure average over integrations,S,mast:JWST/product/jw05893010004_02101_00005_nrcb2_cal.fits,SCIENCE,,CAL,,CALJWST,2.0.0,5893,jw05893010004_02101_00005_nrcb2_cal.fits,117573120,262449275,PUBLIC,2,F200W
260246160,JWST,image,jw05893010004_02101_00006_nrca1,exposure (L2b): 2D calibrated exposure average over integrations,S,mast:JWST/product/jw05893010004_02101_00006_nrca1_cal.fits,SCIENCE,,CAL,,CALJWST,2.0.0,5893,jw05893010004_02101_00006_nrca1_cal.fits,117570240,262449275,PUBLIC,2,F200W
260246243,JWST,image,jw05893010004_02101_00004_nrcb3,exposure (L2b): 2D calibrated exposure average over integrations,S,mast:JWST/product/jw05893010004_02101_00004_nrcb3_cal.fits,SCIENCE,,CAL,,CALJWST,2.0.0,5893,jw05893010004_02101_00004_nrcb3_cal.fits,117573120,262449275,PUBLIC,2,F200W
260246297,JWST,image,jw05893010004_02101_00004_nrcb2,exposure (L2b): 2D calibrated exposure average over integrations,S,mast:JWST/product/jw05893010004_02101_00004_nrcb2_cal.fits,SCIENCE,,CAL,,CALJWST,2.0.0,5893,jw05893010004_02101_00004_nrcb2_cal.fits,117573120,262449275,PUBLIC,2,F200W
260246370,JWST,image,jw05893010004_02101_00001_nrca1,exposure (L2b): 2D calibrated exposure average over integrations,S,mast:JWST/product/jw05893010004_02101_00001_nrca1_cal.fits,SCIENCE,,CAL,,CALJWST,2.0.0,5893,jw05893010004_02101_00001_nrca1_cal.fits,117570240,262449275,PUBLIC,2,F200W
260246388,JWST,image,jw05893010004_02101_00001_nrca4,exposure (L2b): 2D calibrated exposure average over integrations,S,mast:JWST/product/jw05893010004_02101_00001_nrca4_cal.fits,SCIENCE,,CAL,,CALJWST,2.0.0,5893,jw05893010004_02101_00001_nrca4_cal.fits,117573120,262449275,PUBLIC,2,F200W
260246438,JWST,image,jw05893010004_02101_00005_nrcb4,exposure (L2b): 2D calibrated exposure average over integrations,S,mast:JWST/product/jw05893010004_02101_00005_nrcb4_cal.fits,SCIENCE,,CAL,,CALJWST,2.0.0,5893,jw05893010004_02101_00005_nrcb4_cal.fits,117573120,262449275,PUBLIC,2,F200W
260246586,JWST,image,jw05893010004_02101_00005_nrcb1,exposure (L2b): 2D calibrated exposure average over integrations,S,mast:JWST/product/jw05893010004_02101_00005_nrcb1_cal.fits,SCIENCE,,CAL,,CALJWST,2.0.0,5893,jw05893010004_02101_00005_nrcb1_cal.fits,117573120,262449275,PUBLIC,2,F200W
260246648,JWST,image,jw05893010004_02101_00001_nrcb4,exposure (L2b): 2D calibrated exposure average over integrations,S,mast:JWST/product/jw05893010004_02101_00001_nrcb4_cal.fits,SCIENCE,,CAL,,CALJWST,2.0.0,5893,jw05893010004_02101_00001_nrcb4_cal.fits,117573120,262449275,PUBLIC,2,F200W
260246757,JWST,image,jw05893010004_02101_00001_nrca2,exposure (L2b): 2D calibrated exposure average over integrations,S,mast:JWST/product/jw05893010004_02101_00001_nrca2_cal.fits,SCIENCE,,CAL,,CALJWST,2.0.0,5893,jw05893010004_02101_00001_nrca2_cal.fits,117570240,262449275,PUBLIC,2,F200W
260246800,JWST,image,jw05893010004_02101_00006_nrcb1,exposure (L2b): 2D calibrated exposure average over integrations,S,mast:JWST/product/jw05893010004_02101_00006_nrcb1_cal.fits,SCIENCE,,CAL,,CALJWST,2.0.0,5893,jw05893010004_02101_00006_nrcb1_cal.fits,117573120,262449275,PUBLIC,2,F200W
260306810,JWST,image,jw05893010004_02101_00004_nrca1,exposure (L2b): 2D calibrated exposure average over integrations,S,mast:JWST/product/jw05893010004_02101_00004_nrca1_cal.fits,SCIENCE,,CAL,,CALJWST,2.0.0,5893,jw05893010004_02101_00004_nrca1_cal.fits,117570240,262449275,PUBLIC,2,F200W
260307425,JWST,image,jw05893010004_02101_00003_nrcb4,exposure (L2b): 2D calibrated exposure average over integrations,S,mast:JWST/product/jw05893010004_02101_00003_nrcb4_cal.fits,SCIENCE,,CAL,,CALJWST,2.0.0,5893,jw05893010004_02101_00003_nrcb4_cal.fits,117573120,262449275,PUBLIC,2,F200W
260307756,JWST,image,jw05893010004_02101_00003_nrcb3,exposure (L2b): 2D calibrated exposure average over integrations,S,mast:JWST/product/jw05893010004_02101_00003_nrcb3_cal.fits,SCIENCE,,CAL,,CALJWST,2.0.0,5893,jw05893010004_02101_00003_nrcb3_cal.fits,117573120,262449275,PUBLIC,2,F200W
260308293,JWST,image,jw05893010004_02101_00003_nrcb2,exposure (L2b): 2D calibrated exposure average over integrations,S,mast:JWST/product/jw05893010004_02101_00003_nrcb2_cal.fits,SCIENCE,,CAL,,CALJWST,2.0.0,5893,jw05893010004_02101_00003_nrcb2_cal.fits,117573120,262449275,PUBLIC,2,F200W
260308416,JWST,image,jw05893010004_02101_00003_nrca4,exposure (L2b): 2D calibrated exposure average over integrations,S,mast:JWST/product/jw05893010004_02101_00003_nrca4_cal.fits,SCIENCE,,CAL,,CALJWST,2.0.0,5893,jw05893010004_02101_00003_nrca4_cal.fits,117573120,262449275,PUBLIC,2,F200W
260308493,JWST,image,jw05893010004_02101_00003_nrca1,exposure (L2b): 2D calibrated exposure average over integrations,S,mast:JWST/product/jw05893010004_02101_00003_nrca1_cal.fits,SCIENCE,,CAL,,CALJWST,2.0.0,5893,jw05893010004_02101_00003_nrca1_cal.fits,117570240,262449275,PUBLIC,2,F200W
260309338,JWST,image,jw05893010004_02101_00003_nrcb1,exposure (L2b): 2D calibrated exposure average over integrations,S,mast:JWST/product/jw05893010004_02101_00003_nrcb1_cal.fits,SCIENCE,,CAL,,CALJWST,2.0.0,5893,jw05893010004_02101_00003_nrcb1_cal.fits,117573120,262449275,PUBLIC,2,F200W
260309594,JWST,image,jw05893010004_02101_00003_nrca2,exposure (L2b): 2D calibrated exposure average over integrations,S,mast:JWST/product/jw05893010004_02101_00003_nrca2_cal.fits,SCIENCE,,CAL,,CALJWST,2.0.0,5893,jw05893010004_02101_00003_nrca2_cal.fits,117570240,262449275,PUBLIC,2,F200W
260310867,JWST,image,jw05893010004_02101_00003_nrca3,exposure (L2b): 2D calibrated exposure average over integrations,S,mast:JWST/product/jw05893010004_02101_00003_nrca3_cal.fits,SCIENCE,,CAL,,CALJWST,2.0.0,5893,jw05893010004_02101_00003_nrca3_cal.fits,117573120,262449275,PUBLIC,2,F200W
261339375,JWST,image,jw05893010005_02101_00006_nrca1,exposure (L2b): 2D calibrated exposure average over integrations,S,mast:JWST/product/jw05893010005_02101_00006_nrca1_cal.fits,SCIENCE,,CAL,,CALJWST,2.0.0,5893,jw05893010005_02101_00006_nrca1_cal.fits,117570240,262449275,PUBLIC,2,F200W
261339404,JWST,image,jw05893010005_02101_00001_nrca2,exposure (L2b): 2D calibrated exposure average over integrations,S,mast:JWST/product/jw05893010005_02101_00001_nrca2_cal.fits,SCIENCE,,CAL,,CALJWST,2.0.0,5893,jw05893010005_02101_00001_nrca2_cal.fits,117570240,262449275,PUBLIC,2,F200W
261339406,JWST,image,jw05893010005_02101_00002_nrca1,exposure (L2b): 2D calibrated exposure average over integrations,S,mast:JWST/product/jw05893010005_02101_00002_nrca1_cal.fits,SCIENCE,,CAL,,CALJWST,2.0.0,5893,jw05893010005_02101_00002_nrca1_cal.fits,117570240,262449275,PUBLIC,2,F200W
261339431,JWST,image,jw05893010005_02101_00004_nrca1,exposure (L2b): 2D calibrated exposure average over integrations,S,mast:JWST/product/jw05893010005_02101_00004_nrca1_cal.fits,SCIENCE,,CAL,,CALJWST,2.0.0,5893,jw05893010005_02101_00004_nrca1_cal.fits,117570240,262449275,PUBLIC,2,F200W
261339448,JWST,image,jw05893010005_02101_00003_nrca1,exposure (L2b): 2D calibrated exposure average over integrations,S,mast:JWST/product/jw05893010005_02101_00003_nrca1_cal.fits,SCIENCE,,CAL,,CALJWST,2.0.0,5893,jw05893010005_02101_00003_nrca1_cal.fits,117570240,262449275,PUBLIC,2,F200W
261339463,JWST,image,jw05893010005_02101_00005_nrca1,exposure (L2b): 2D calibrated exposure average over integrations,S,mast:JWST/product/jw05893010005_02101_00005_nrca1_cal.fits,SCIENCE,,CAL,,CALJWST,2.0.0,5893,jw05893010005_02101_00005_nrca1_cal.fits,117570240,262449275,PUBLIC,2,F200W
261339476,JWST,image,jw05893010005_02101_00001_nrca1,exposure (L2b): 2D calibrated exposure average over integrations,S,mast:JWST/product/jw05893010005_02101_00001_nrca1_cal.fits,SCIENCE,,CAL,,CALJWST,2.0.0,5893,jw05893010005_02101_00001_nrca1_cal.fits,117570240,262449275,PUBLIC,2,F200W
261346720,JWST,image,jw05893010006_02101_00004_nrca2,exposure (L2b): 2D calibrated exposure average over integrations,S,mast:JWST/product/jw05893010006_02101_00004_nrca2_cal.fits,SCIENCE,,CAL,,CALJWST,2.0.0,5893,jw05893010006_02101_00004_nrca2_cal.fits,117570240,262449275,PUBLIC,2,F200W
261346729,JWST,image,jw05893010006_02101_00001_nrca1,exposure (L2b): 2D calibrated exposure average over integrations,S,mast:JWST/product/jw05893010006_02101_00001_nrca1_cal.fits,SCIENCE,,CAL,,CALJWST,2.0.0,5893,jw05893010006_02101_00001_nrca1_cal.fits,117570240,262449275,PUBLIC,2,F200W
261346793,JWST,image,jw05893010006_02101_00006_nrca1,exposure (L2b): 2D calibrated exposure average over integrations,S,mast:JWST/product/jw05893010006_02101_00006_nrca1_cal.fits,SCIENCE,,CAL,,CALJWST,2.0.0,5893,jw05893010006_02101_00006_nrca1_cal.fits,117570240,262449275,PUBLIC,2,F200W
261347055,JWST,image,jw05893010006_02101_00005_nrca1,exposure (L2b): 2D calibrated exposure average over integrations,S,mast:JWST/product/jw05893010006_02101_00005_nrca1_cal.fits,SCIENCE,,CAL,,CALJWST,2.0.0,5893,jw05893010006_02101_00005_nrca1_cal.fits,117570240,262449275,PUBLIC,2,F200W
261347175,JWST,image,jw05893010006_02101_00005_nrca2,exposure (L2b): 2D calibrated exposure average over integrations,S,mast:JWST/product/jw05893010006_02101_00005_nrca2_cal.fits,SCIENCE,,CAL,,CALJWST,2.0.0,5893,jw05893010006_02101_00005_nrca2_cal.fits,117570240,262449275,PUBLIC,2,F200W
261347185,JWST,image,jw05893010006_02101_00001_nrca2,exposure (L2b): 2D calibrated exposure average over integrations,S,mast:JWST/product/jw05893010006_02101_00001_nrca2_cal.fits,SCIENCE,,CAL,,CALJWST,2.0.0,5893,jw05893010006_02101_00001_nrca2_cal.fits,117570240,262449275,PUBLIC,2,F200W
261347236,JWST,image,jw05893010006_02101_00004_nrca1,exposure (L2b): 2D calibrated exposure average over integrations,S,mast:JWST/product/jw05893010006_02101_00004_nrca1_cal.fits,SCIENCE,,CAL,,CALJWST,2.0.0,5893,jw05893010006_02101_00004_nrca1_cal.fits,117570240,262449275,PUBLIC,2,F200W
261347332,JWST,image,jw05893010006_02101_00002_nrca1,exposure (L2b): 2D calibrated exposure average over integrations,S,mast:JWST/product/jw05893010006_02101_00002_nrca1_cal.fits,SCIENCE,,CAL,,CALJWST,2.0.0,5893,jw05893010006_02101_00002_nrca1_cal.fits,117570240,262449275,PUBLIC,2,F200W
261353172,JWST,image,jw05893010005_02101_00002_nrca3,exposure (L2b): 2D calibrated exposure average over integrations,S,mast:JWST/product/jw05893010005_02101_00002_nrca3_cal.fits,SCIENCE,,CAL,,CALJWST,2.0.0,5893,jw05893010005_02101_00002_nrca3_cal.fits,117573120,262449275,PUBLIC,2,F200W
261353304,JWST,image,jw05893010005_02101_00001_nrca3,exposure (L2b): 2D calibrated exposure average over integrations,S,mast:JWST/product/jw05893010005_02101_00001_nrca3_cal.fits,SCIENCE,,CAL,,CALJWST,2.0.0,5893,jw05893010005_02101_00001_nrca3_cal.fits,117573120,262449275,PUBLIC,2,F200W
261353326,JWST,image,jw05893010005_02101_00004_nrca3,exposure (L2b): 2D calibrated exposure average over integrations,S,mast:JWST/product/jw05893010005_02101_00004_nrca3_cal.fits,SCIENCE,,CAL,,CALJWST,2.0.0,5893,jw05893010005_02101_00004_nrca3_cal.fits,117573120,262449275,PUBLIC,2,F200W
261353350,JWST,image,jw05893010005_02101_00006_nrca3,exposure (L2b): 2D calibrated exposure average over integrations,S,mast:JWST/product/jw05893010005_02101_00006_nrca3_cal.fits,SCIENCE,,CAL,,CALJWST,2.0.0,5893,jw05893010005_02101_00006_nrca3_cal.fits,117573120,262449275,PUBLIC,2,F200W
261353388,JWST,image,jw05893010005_02101_00005_nrca3,exposure (L2b): 2D calibrated exposure average over integrations,S,mast:JWST/product/jw05893010005_02101_00005_nrca3_cal.fits,SCIENCE,,CAL,,CALJWST,2.0.0,5893,jw05893010005_02101_00005_nrca3_cal.fits,117573120,262449275,PUBLIC,2,F200W
261353455,JWST,image,jw05893010005_02101_00005_nrca2,exposure (L2b): 2D calibrated exposure average over integrations,S,mast:JWST/product/jw05893010005_02101_00005_nrca2_cal.fits,SCIENCE,,CAL,,CALJWST,2.0.0,5893,jw05893010005_02101_00005_nrca2_cal.fits,117570240,262449275,PUBLIC,2,F200W
261353492,JWST,image,jw05893010005_02101_00006_nrca2,exposure (L2b): 2D calibrated exposure average over integrations,S,mast:JWST/product/jw05893010005_02101_00006_nrca2_cal.fits,SCIENCE,,CAL,,CALJWST,2.0.0,5893,jw05893010005_02101_00006_nrca2_cal.fits,117570240,262449275,PUBLIC,2,F200W
261353541,JWST,image,jw05893010005_02101_00002_nrca2,exposure (L2b): 2D calibrated exposure average over integrations,S,mast:JWST/product/jw05893010005_02101_00002_nrca2_cal.fits,SCIENCE,,CAL,,CALJWST,2.0.0,5893,jw05893010005_02101_00002_nrca2_cal.fits,117570240,262449275,PUBLIC,2,F200W
261353598,JWST,image,jw05893010005_02101_00003_nrca2,exposure (L2b): 2D calibrated exposure average over integrations,S,mast:JWST/product/jw05893010005_02101_00003_nrca2_cal.fits,SCIENCE,,CAL,,CALJWST,2.0.0,5893,jw05893010005_02101_00003_nrca2_cal.fits,117570240,262449275,PUBLIC,2,F200W
261353606,JWST,image,jw05893010005_02101_00003_nrca3,exposure (L2b): 2D calibrated exposure average over integrations,S,mast:JWST/product/jw05893010005_02101_00003_nrca3_cal.fits,SCIENCE,,CAL,,CALJWST,2.0.0,5893,jw05893010005_02101_00003_nrca3_cal.fits,117573120,262449275,PUBLIC,2,F200W
261353664,JWST,image,jw05893010005_02101_00004_nrca2,exposure (L2b): 2D calibrated exposure average over integrations,S,mast:JWST/product/jw05893010005_02101_00004_nrca2_cal.fits,SCIENCE,,CAL,,CALJWST,2.0.0,5893,jw05893010005_02101_00004_nrca2_cal.fits,117570240,262449275,PUBLIC,2,F200W
261359780,JWST,image,jw05893010006_02101_00004_nrca3,exposure (L2b): 2D calibrated exposure average over integrations,S,mast:JWST/product/jw05893010006_02101_00004_nrca3_cal.fits,SCIENCE,,CAL,,CALJWST,2.0.0,5893,jw05893010006_02101_00004_nrca3_cal.fits,117573120,262449275,PUBLIC,2,F200W
261359844,JWST,image,jw05893010006_02101_00001_nrca3,exposure (L2b): 2D calibrated exposure average over integrations,S,mast:JWST/product/jw05893010006_02101_00001_nrca3_cal.fits,SCIENCE,,CAL,,CALJWST,2.0.0,5893,jw05893010006_02101_00001_nrca3_cal.fits,117573120,262449275,PUBLIC,2,F200W
261359962,JWST,image,jw05893010006_02101_00002_nrca2,exposure (L2b): 2D calibrated exposure average over integrations,S,mast:JWST/product/jw05893010006_02101_00002_nrca2_cal.fits,SCIENCE,,CAL,,CALJWST,2.0.0,5893,jw05893010006_02101_00002_nrca2_cal.fits,117570240,262449275,PUBLIC,2,F200W
261359970,JWST,image,jw05893010006_02101_00006_nrca2,exposure (L2b): 2D calibrated exposure average over integrations,S,mast:JWST/product/jw05893010006_02101_00006_nrca2_cal.fits,SCIENCE,,CAL,,CALJWST,2.0.0,5893,jw05893010006_02101_00006_nrca2_cal.fits,117570240,262449275,PUBLIC,2,F200W
261360059,JWST,image,jw05893010006_02101_00006_nrca3,exposure (L2b): 2D calibrated exposure average over integrations,S,mast:JWST/product/jw05893010006_02101_00006_nrca3_cal.fits,SCIENCE,,CAL,,CALJWST,2.0.0,5893,jw05893010006_02101_00006_nrca3_cal.fits,117573120,262449275,PUBLIC,2,F200W
261360356,JWST,image,jw05893010006_02101_00002_nrca3,exposure (L2b): 2D calibrated exposure average over integrations,S,mast:JWST/product/jw05893010006_02101_00002_nrca3_cal.fits,SCIENCE,,CAL,,CALJWST,2.0.0,5893,jw05893010006_02101_00002_nrca3_cal.fits,117573120,262449275,PUBLIC,2,F200W
261360513,JWST,image,jw05893010006_02101_00005_nrca3,exposure (L2b): 2D calibrated exposure average over integrations,S,mast:JWST/product/jw05893010006_02101_00005_nrca3_cal.fits,SCIENCE,,CAL,,CALJWST,2.0.0,5893,jw05893010006_02101_00005_nrca3_cal.fits,117573120,262449275,PUBLIC,2,F200W
261367030,JWST,image,jw05893010006_02101_00004_nrca4,exposure (L2b): 2D calibrated exposure average over integrations,S,mast:JWST/product/jw05893010006_02101_00004_nrca4_cal.fits,SCIENCE,,CAL,,CALJWST,2.0.0,5893,jw05893010006_02101_00004_nrca4_cal.fits,117573120,262449275,PUBLIC,2,F200W
261367059,JWST,image,jw05893010006_02101_00001_nrca4,exposure (L2b): 2D calibrated exposure average over integrations,S,mast:JWST/product/jw05893010006_02101_00001_nrca4_cal.fits,SCIENCE,,CAL,,CALJWST,2.0.0,5893,jw05893010006_02101_00001_nrca4_cal.fits,117573120,262449275,PUBLIC,2,F200W
261367471,JWST,image,jw05893010006_02101_00002_nrca4,exposure (L2b): 2D calibrated exposure average over integrations,S,mast:JWST/product/jw05893010006_02101_00002_nrca4_cal.fits,SCIENCE,,CAL,,CALJWST,2.0.0,5893,jw05893010006_02101_00002_nrca4_cal.fits,117573120,262449275,PUBLIC,2,F200W
261386584,JWST,image,jw05893010005_02101_00003_nrcb2,exposure (L2b): 2D calibrated exposure average over integrations,S,mast:JWST/product/jw05893010005_02101_00003_nrcb2_cal.fits,SCIENCE,,CAL,,CALJWST,2.0.0,5893,jw05893010005_02101_00003_nrcb2_cal.fits,117573120,262449275,PUBLIC,2,F200W
261386678,JWST,image,jw05893010005_02101_00004_nrcb1,exposure (L2b): 2D calibrated exposure average over integrations,S,mast:JWST/product/jw05893010005_02101_00004_nrcb1_cal.fits,SCIENCE,,CAL,,CALJWST,2.0.0,5893,jw05893010005_02101_00004_nrcb1_cal.fits,117573120,262449275,PUBLIC,2,F200W
261386732,JWST,image,jw05893010005_02101_00005_nrca4,exposure (L2b): 2D calibrated exposure average over integrations,S,mast:JWST/product/jw05893010005_02101_00005_nrca4_cal.fits,SCIENCE,,CAL,,CALJWST,2.0.0,5893,jw05893010005_02101_00005_nrca4_cal.fits,117573120,262449275,PUBLIC,2,F200W
261386757,JWST,image,jw05893010005_02101_00001_nrcb1,exposure (L2b): 2D calibrated exposure average over integrations,S,mast:JWST/product/jw05893010005_02101_00001_nrcb1_cal.fits,SCIENCE,,CAL,,CALJWST,2.0.0,5893,jw05893010005_02101_00001_nrcb1_cal.fits,117573120,262449275,PUBLIC,2,F200W
261386773,JWST,image,jw05893010005_02101_00002_nrcb1,exposure (L2b): 2D calibrated exposure average over integrations,S,mast:JWST/product/jw05893010005_02101_00002_nrcb1_cal.fits,SCIENCE,,CAL,,CALJWST,2.0.0,5893,jw05893010005_02101_00002_nrcb1_cal.fits,117573120,262449275,PUBLIC,2,F200W
261386825,JWST,image,jw05893010005_02101_00002_nrca4,exposure (L2b): 2D calibrated exposure average over integrations,S,mast:JWST/product/jw05893010005_02101_00002_nrca4_cal.fits,SCIENCE,,CAL,,CALJWST,2.0.0,5893,jw05893010005_02101_00002_nrca4_cal.fits,117573120,262449275,PUBLIC,2,F200W
261386992,JWST,image,jw05893010005_02101_00003_nrca4,exposure (L2b): 2D calibrated exposure average over integrations,S,mast:JWST/product/jw05893010005_02101_00003_nrca4_cal.fits,SCIENCE,,CAL,,CALJWST,2.0.0,5893,jw05893010005_02101_00003_nrca4_cal.fits,117573120,262449275,PUBLIC,2,F200W
261387050,JWST,image,jw05893010005_02101_00003_nrcb1,exposure (L2b): 2D calibrated exposure average over integrations,S,mast:JWST/product/jw05893010005_02101_00003_nrcb1_cal.fits,SCIENCE,,CAL,,CALJWST,2.0.0,5893,jw05893010005_02101_00003_nrcb1_cal.fits,117573120,262449275,PUBLIC,2,F200W
261387296,JWST,image,jw05893010005_02101_00004_nrca4,exposure (L2b): 2D calibrated exposure average over integrations,S,mast:JWST/product/jw05893010005_02101_00004_nrca4_cal.fits,SCIENCE,,CAL,,CALJWST,2.0.0,5893,jw05893010005_02101_00004_nrca4_cal.fits,117573120,262449275,PUBLIC,2,F200W
261387305,JWST,image,jw05893010005_02101_00006_nrcb1,exposure (L2b): 2D calibrated exposure average over integrations,S,mast:JWST/product/jw05893010005_02101_00006_nrcb1_cal.fits,SCIENCE,,CAL,,CALJWST,2.0.0,5893,jw05893010005_02101_00006_nrcb1_cal.fits,117573120,262449275,PUBLIC,2,F200W
261387372,JWST,image,jw05893010005_02101_00006_nrca4,exposure (L2b): 2D calibrated exposure average over integrations,S,mast:JWST/product/jw05893010005_02101_00006_nrca4_cal.fits,SCIENCE,,CAL,,CALJWST,2.0.0,5893,jw05893010005_02101_00006_nrca4_cal.fits,117573120,262449275,PUBLIC,2,F200W
261387447,JWST,image,jw05893010005_02101_00004_nrcb2,exposure (L2b): 2D calibrated exposure average over integrations,S,mast:JWST/product/jw05893010005_02101_00004_nrcb2_cal.fits,SCIENCE,,CAL,,CALJWST,2.0.0,5893,jw05893010005_02101_00004_nrcb2_cal.fits,117573120,262449275,PUBLIC,2,F200W
261387656,JWST,image,jw05893010005_02101_00001_nrca4,exposure (L2b): 2D calibrated exposure average over integrations,S,mast:JWST/product/jw05893010005_02101_00001_nrca4_cal.fits,SCIENCE,,CAL,,CALJWST,2.0.0,5893,jw05893010005_02101_00001_nrca4_cal.fits,117573120,262449275,PUBLIC,2,F200W
261387668,JWST,image,jw05893010005_02101_00005_nrcb1,exposure (L2b): 2D calibrated exposure average over integrations,S,mast:JWST/product/jw05893010005_02101_00005_nrcb1_cal.fits,SCIENCE,,CAL,,CALJWST,2.0.0,5893,jw05893010005_02101_00005_nrcb1_cal.fits,117573120,262449275,PUBLIC,2,F200W
261398904,JWST,image,jw05893010006_02101_00004_nrcb1,exposure (L2b): 2D calibrated exposure average over integrations,S,mast:JWST/product/jw05893010006_02101_00004_nrcb1_cal.fits,SCIENCE,,CAL,,CALJWST,2.0.0,5893,jw05893010006_02101_00004_nrcb1_cal.fits,117573120,262449275,PUBLIC,2,F200W
261399078,JWST,image,jw05893010006_02101_00002_nrcb2,exposure (L2b): 2D calibrated exposure average over integrations,S,mast:JWST/product/jw05893010006_02101_00002_nrcb2_cal.fits,SCIENCE,,CAL,,CALJWST,2.0.0,5893,jw05893010006_02101_00002_nrcb2_cal.fits,117573120,262449275,PUBLIC,2,F200W
261399369,JWST,image,jw05893010006_02101_00001_nrcb2,exposure (L2b): 2D calibrated exposure average over integrations,S,mast:JWST/product/jw05893010006_02101_00001_nrcb2_cal.fits,SCIENCE,,CAL,,CALJWST,2.0.0,5893,jw05893010006_02101_00001_nrcb2_cal.fits,117573120,262449275,PUBLIC,2,F200W
261399414,JWST,image,jw05893010006_02101_00006_nrcb1,exposure (L2b): 2D calibrated exposure average over integrations,S,mast:JWST/product/jw05893010006_02101_00006_nrcb1_cal.fits,SCIENCE,,CAL,,CALJWST,2.0.0,5893,jw05893010006_02101_00006_nrcb1_cal.fits,117573120,262449275,PUBLIC,2,F200W
261399449,JWST,image,jw05893010006_02101_00004_nrcb2,exposure (L2b): 2D calibrated exposure average over integrations,S,mast:JWST/product/jw05893010006_02101_00004_nrcb2_cal.fits,SCIENCE,,CAL,,CALJWST,2.0.0,5893,jw05893010006_02101_00004_nrcb2_cal.fits,117573120,262449275,PUBLIC,2,F200W
261399718,JWST,image,jw05893010006_02101_00005_nrcb3,exposure (L2b): 2D calibrated exposure average over integrations,S,mast:JWST/product/jw05893010006_02101_00005_nrcb3_cal.fits,SCIENCE,,CAL,,CALJWST,2.0.0,5893,jw05893010006_02101_00005_nrcb3_cal.fits,117573120,262449275,PUBLIC,2,F200W
261399780,JWST,image,jw05893010006_02101_00002_nrcb1,exposure (L2b): 2D calibrated exposure average over integrations,S,mast:JWST/product/jw05893010006_02101_00002_nrcb1_cal.fits,SCIENCE,,CAL,,CALJWST,2.0.0,5893,jw05893010006_02101_00002_nrcb1_cal.fits,117573120,262449275,PUBLIC,2,F200W
261399841,JWST,image,jw05893010006_02101_00006_nrcb2,exposure (L2b): 2D calibrated exposure average over integrations,S,mast:JWST/product/jw05893010006_02101_00006_nrcb2_cal.fits,SCIENCE,,CAL,,CALJWST,2.0.0,5893,jw05893010006_02101_00006_nrcb2_cal.fits,117573120,262449275,PUBLIC,2,F200W
261399878,JWST,image,jw05893010006_02101_00005_nrca4,exposure (L2b): 2D calibrated exposure average over integrations,S,mast:JWST/product/jw05893010006_02101_00005_nrca4_cal.fits,SCIENCE,,CAL,,CALJWST,2.0.0,5893,jw05893010006_02101_00005_nrca4_cal.fits,117573120,262449275,PUBLIC,2,F200W
261399932,JWST,image,jw05893010006_02101_00005_nrcb2,exposure (L2b): 2D calibrated exposure average over integrations,S,mast:JWST/product/jw05893010006_02101_00005_nrcb2_cal.fits,SCIENCE,,CAL,,CALJWST,2.0.0,5893,jw05893010006_02101_00005_nrcb2_cal.fits,117573120,262449275,PUBLIC,2,F200W
261400137,JWST,image,jw05893010006_02101_00001_nrcb1,exposure (L2b): 2D calibrated exposure average over integrations,S,mast:JWST/product/jw05893010006_02101_00001_nrcb1_cal.fits,SCIENCE,,CAL,,CALJWST,2.0.0,5893,jw05893010006_02101_00001_nrcb1_cal.fits,117573120,262449275,PUBLIC,2,F200W
261400153,JWST,image,jw05893010006_02101_00005_nrcb1,exposure (L2b): 2D calibrated exposure average over integrations,S,mast:JWST/product/jw05893010006_02101_00005_nrcb1_cal.fits,SCIENCE,,CAL,,CALJWST,2.0.0,5893,jw05893010006_02101_00005_nrcb1_cal.fits,117573120,262449275,PUBLIC,2,F200W
261400213,JWST,image,jw05893010006_02101_00006_nrca4,exposure (L2b): 2D calibrated exposure average over integrations,S,mast:JWST/product/jw05893010006_02101_00006_nrca4_cal.fits,SCIENCE,,CAL,,CALJWST,2.0.0,5893,jw05893010006_02101_00006_nrca4_cal.fits,117573120,262449275,PUBLIC,2,F200W
261418334,JWST,image,jw05893010005_02101_00003_nrcb3,exposure (L2b): 2D calibrated exposure average over integrations,S,mast:JWST/product/jw05893010005_02101_00003_nrcb3_cal.fits,SCIENCE,,CAL,,CALJWST,2.0.0,5893,jw05893010005_02101_00003_nrcb3_cal.fits,117573120,262449275,PUBLIC,2,F200W
261418423,JWST,image,jw05893010005_02101_00006_nrcb2,exposure (L2b): 2D calibrated exposure average over integrations,S,mast:JWST/product/jw05893010005_02101_00006_nrcb2_cal.fits,SCIENCE,,CAL,,CALJWST,2.0.0,5893,jw05893010005_02101_00006_nrcb2_cal.fits,117573120,262449275,PUBLIC,2,F200W
261418784,JWST,image,jw05893010005_02101_00004_nrcb4,exposure (L2b): 2D calibrated exposure average over integrations,S,mast:JWST/product/jw05893010005_02101_00004_nrcb4_cal.fits,SCIENCE,,CAL,,CALJWST,2.0.0,5893,jw05893010005_02101_00004_nrcb4_cal.fits,117573120,262449275,PUBLIC,2,F200W
261418992,JWST,image,jw05893010005_02101_00002_nrcb4,exposure (L2b): 2D calibrated exposure average over integrations,S,mast:JWST/product/jw05893010005_02101_00002_nrcb4_cal.fits,SCIENCE,,CAL,,CALJWST,2.0.0,5893,jw05893010005_02101_00002_nrcb4_cal.fits,117573120,262449275,PUBLIC,2,F200W
261419105,JWST,image,jw05893010005_02101_00005_nrcb3,exposure (L2b): 2D calibrated exposure average over integrations,S,mast:JWST/product/jw05893010005_02101_00005_nrcb3_cal.fits,SCIENCE,,CAL,,CALJWST,2.0.0,5893,jw05893010005_02101_00005_nrcb3_cal.fits,117573120,262449275,PUBLIC,2,F200W
261419279,JWST,image,jw05893010005_02101_00005_nrcb2,exposure (L2b): 2D calibrated exposure average over integrations,S,mast:JWST/product/jw05893010005_02101_00005_nrcb2_cal.fits,SCIENCE,,CAL,,CALJWST,2.0.0,5893,jw05893010005_02101_00005_nrcb2_cal.fits,117573120,262449275,PUBLIC,2,F200W
261419646,JWST,image,jw05893010005_02101_00006_nrcb3,exposure (L2b): 2D calibrated exposure average over integrations,S,mast:JWST/product/jw05893010005_02101_00006_nrcb3_cal.fits,SCIENCE,,CAL,,CALJWST,2.0.0,5893,jw05893010005_02101_00006_nrcb3_cal.fits,117573120,262449275,PUBLIC,2,F200W
261419688,JWST,image,jw05893010005_02101_00002_nrcb2,exposure (L2b): 2D calibrated exposure average over integrations,S,mast:JWST/product/jw05893010005_02101_00002_nrcb2_cal.fits,SCIENCE,,CAL,,CALJWST,2.0.0,5893,jw05893010005_02101_00002_nrcb2_cal.fits,117573120,262449275,PUBLIC,2,F200W
261419937,JWST,image,jw05893010005_02101_00005_nrcb4,exposure (L2b): 2D calibrated exposure average over integrations,S,mast:JWST/product/jw05893010005_02101_00005_nrcb4_cal.fits,SCIENCE,,CAL,,CALJWST,2.0.0,5893,jw05893010005_02101_00005_nrcb4_cal.fits,117573120,262449275,PUBLIC,2,F200W
261419977,JWST,image,jw05893010005_02101_00001_nrcb2,exposure (L2b): 2D calibrated exposure average over integrations,S,mast:JWST/product/jw05893010005_02101_00001_nrcb2_cal.fits,SCIENCE,,CAL,,CALJWST,2.0.0,5893,jw05893010005_02101_00001_nrcb2_cal.fits,117573120,262449275,PUBLIC,2,F200W
261419995,JWST,image,jw05893010005_02101_00006_nrcb4,exposure (L2b): 2D calibrated exposure average over integrations,S,mast:JWST/product/jw05893010005_02101_00006_nrcb4_cal.fits,SCIENCE,,CAL,,CALJWST,2.0.0,5893,jw05893010005_02101_00006_nrcb4_cal.fits,117573120,262449275,PUBLIC,2,F200W
261420166,JWST,image,jw05893010005_02101_00003_nrcb4,exposure (L2b): 2D calibrated exposure average over integrations,S,mast:JWST/product/jw05893010005_02101_00003_nrcb4_cal.fits,SCIENCE,,CAL,,CALJWST,2.0.0,5893,jw05893010005_02101_00003_nrcb4_cal.fits,117573120,262449275,PUBLIC,2,F200W
261420245,JWST,image,jw05893010005_02101_00001_nrcb3,exposure (L2b): 2D calibrated exposure average over integrations,S,mast:JWST/product/jw05893010005_02101_00001_nrcb3_cal.fits,SCIENCE,,CAL,,CALJWST,2.0.0,5893,jw05893010005_02101_00001_nrcb3_cal.fits,117573120,262449275,PUBLIC,2,F200W
261420390,JWST,image,jw05893010005_02101_00004_nrcb3,exposure (L2b): 2D calibrated exposure average over integrations,S,mast:JWST/product/jw05893010005_02101_00004_nrcb3_cal.fits,SCIENCE,,CAL,,CALJWST,2.0.0,5893,jw05893010005_02101_00004_nrcb3_cal.fits,117573120,262449275,PUBLIC,2,F200W
261420506,JWST,image,jw05893010005_02101_00001_nrcb4,exposure (L2b): 2D calibrated exposure average over integrations,S,mast:JWST/product/jw05893010005_02101_00001_nrcb4_cal.fits,SCIENCE,,CAL,,CALJWST,2.0.0,5893,jw05893010005_02101_00001_nrcb4_cal.fits,117573120,262449275,PUBLIC,2,F200W
261420519,JWST,image,jw05893010005_02101_00002_nrcb3,exposure (L2b): 2D calibrated exposure average over integrations,S,mast:JWST/product/jw05893010005_02101_00002_nrcb3_cal.fits,SCIENCE,,CAL,,CALJWST,2.0.0,5893,jw05893010005_02101_00002_nrcb3_cal.fits,117573120,262449275,PUBLIC,2,F200W
261432976,JWST,image,jw05893010006_02101_00005_nrcb4,exposure (L2b): 2D calibrated exposure average over integrations,S,mast:JWST/product/jw05893010006_02101_00005_nrcb4_cal.fits,SCIENCE,,CAL,,CALJWST,2.0.0,5893,jw05893010006_02101_00005_nrcb4_cal.fits,117573120,262449275,PUBLIC,2,F200W
261433428,JWST,image,jw05893010006_02101_00004_nrcb4,exposure (L2b): 2D calibrated exposure average over integrations,S,mast:JWST/product/jw05893010006_02101_00004_nrcb4_cal.fits,SCIENCE,,CAL,,CALJWST,2.0.0,5893,jw05893010006_02101_00004_nrcb4_cal.fits,117573120,262449275,PUBLIC,2,F200W
261433548,JWST,image,jw05893010006_02101_00001_nrcb3,exposure (L2b): 2D calibrated exposure average over integrations,S,mast:JWST/product/jw05893010006_02101_00001_nrcb3_cal.fits,SCIENCE,,CAL,,CALJWST,2.0.0,5893,jw05893010006_02101_00001_nrcb3_cal.fits,117573120,262449275,PUBLIC,2,F200W
261433660,JWST,image,jw05893010006_02101_00002_nrcb4,exposure (L2b): 2D calibrated exposure average over integrations,S,mast:JWST/product/jw05893010006_02101_00002_nrcb4_cal.fits,SCIENCE,,CAL,,CALJWST,2.0.0,5893,jw05893010006_02101_00002_nrcb4_cal.fits,117573120,262449275,PUBLIC,2,F200W
261433666,JWST,image,jw05893010006_02101_00001_nrcb4,exposure (L2b): 2D calibrated exposure average over integrations,S,mast:JWST/product/jw05893010006_02101_00001_nrcb4_cal.fits,SCIENCE,,CAL,,CALJWST,2.0.0,5893,jw05893010006_02101_00001_nrcb4_cal.fits,117573120,262449275,PUBLIC,2,F200W
261433721,JWST,image,jw05893010006_02101_00004_nrcb3,exposure (L2b): 2D calibrated exposure average over integrations,S,mast:JWST/product/jw05893010006_02101_00004_nrcb3_cal.fits,SCIENCE,,CAL,,CALJWST,2.0.0,5893,jw05893010006_02101_00004_nrcb3_cal.fits,117573120,262449275,PUBLIC,2,F200W
261433854,JWST,image,jw05893010006_02101_00006_nrcb3,exposure (L2b): 2D calibrated exposure average over integrations,S,mast:JWST/product/jw05893010006_02101_00006_nrcb3_cal.fits,SCIENCE,,CAL,,CALJWST,2.0.0,5893,jw05893010006_02101_00006_nrcb3_cal.fits,117573120,262449275,PUBLIC,2,F200W
261434248,JWST,image,jw05893010006_02101_00006_nrcb4,exposure (L2b): 2D calibrated exposure average over integrations,S,mast:JWST/product/jw05893010006_02101_00006_nrcb4_cal.fits,SCIENCE,,CAL,,CALJWST,2.0.0,5893,jw05893010006_02101_00006_nrcb4_cal.fits,117573120,262449275,PUBLIC,2,F200W
261434330,JWST,image,jw05893010006_02101_00002_nrcb3,exposure (L2b): 2D calibrated exposure average over integrations,S,mast:JWST/product/jw05893010006_02101_00002_nrcb3_cal.fits,SCIENCE,,CAL,,CALJWST,2.0.0,5893,jw05893010006_02101_00002_nrcb3_cal.fits,117573120,262449275,PUBLIC,2,F200W
261462796,JWST,image,jw05893010007_02101_00001_nrcb2,exposure (L2b): 2D calibrated exposure average over integrations,S,mast:JWST/product/jw05893010007_02101_00001_nrcb2_cal.fits,SCIENCE,,CAL,,CALJWST,2.0.0,5893,jw05893010007_02101_00001_nrcb2_cal.fits,117573120,262449275,PUBLIC,2,F200W
261462897,JWST,image,jw05893010007_02101_00002_nrcb1,exposure (L2b): 2D calibrated exposure average over integrations,S,mast:JWST/product/jw05893010007_02101_00002_nrcb1_cal.fits,SCIENCE,,CAL,,CALJWST,2.0.0,5893,jw05893010007_02101_00002_nrcb1_cal.fits,117573120,262449275,PUBLIC,2,F200W
261462920,JWST,image,jw05893010007_02101_00001_nrcb4,exposure (L2b): 2D calibrated exposure average over integrations,S,mast:JWST/product/jw05893010007_02101_00001_nrcb4_cal.fits,SCIENCE,,CAL,,CALJWST,2.0.0,5893,jw05893010007_02101_00001_nrcb4_cal.fits,117573120,262449275,PUBLIC,2,F200W
261463050,JWST,image,jw05893010007_02101_00001_nrcb3,exposure (L2b): 2D calibrated exposure average over integrations,S,mast:JWST/product/jw05893010007_02101_00001_nrcb3_cal.fits,SCIENCE,,CAL,,CALJWST,2.0.0,5893,jw05893010007_02101_00001_nrcb3_cal.fits,117573120,262449275,PUBLIC,2,F200W
261463112,JWST,image,jw05893010007_02101_00001_nrca2,exposure (L2b): 2D calibrated exposure average over integrations,S,mast:JWST/product/jw05893010007_02101_00001_nrca2_cal.fits,SCIENCE,,CAL,,CALJWST,2.0.0,5893,jw05893010007_02101_00001_nrca2_cal.fits,117570240,262449275,PUBLIC,2,F200W
261463178,JWST,image,jw05893010007_02101_00003_nrcb3,exposure (L2b): 2D calibrated exposure average over integrations,S,mast:JWST/product/jw05893010007_02101_00003_nrcb3_cal.fits,SCIENCE,,CAL,,CALJWST,2.0.0,5893,jw05893010007_02101_00003_nrcb3_cal.fits,117573120,262449275,PUBLIC,2,F200W
261463238,JWST,image,jw05893010007_02101_00001_nrcb1,exposure (L2b): 2D calibrated exposure average over integrations,S,mast:JWST/product/jw05893010007_02101_00001_nrcb1_cal.fits,SCIENCE,,CAL,,CALJWST,2.0.0,5893,jw05893010007_02101_00001_nrcb1_cal.fits,117573120,262449275,PUBLIC,2,F200W
261463283,JWST,image,jw05893010007_02101_00002_nrcb3,exposure (L2b): 2D calibrated exposure average over integrations,S,mast:JWST/product/jw05893010007_02101_00002_nrcb3_cal.fits,SCIENCE,,CAL,,CALJWST,2.0.0,5893,jw05893010007_02101_00002_nrcb3_cal.fits,117573120,262449275,PUBLIC,2,F200W
261463312,JWST,image,jw05893010007_02101_00001_nrca4,exposure (L2b): 2D calibrated exposure average over integrations,S,mast:JWST/product/jw05893010007_02101_00001_nrca4_cal.fits,SCIENCE,,CAL,,CALJWST,2.0.0,5893,jw05893010007_02101_00001_nrca4_cal.fits,117573120,262449275,PUBLIC,2,F200W
261463400,JWST,image,jw05893010007_02101_00002_nrca4,exposure (L2b): 2D calibrated exposure average over integrations,S,mast:JWST/product/jw05893010007_02101_00002_nrca4_cal.fits,SCIENCE,,CAL,,CALJWST,2.0.0,5893,jw05893010007_02101_00002_nrca4_cal.fits,117573120,262449275,PUBLIC,2,F200W
261463477,JWST,image,jw05893010007_02101_00002_nrcb2,exposure (L2b): 2D calibrated exposure average over integrations,S,mast:JWST/product/jw05893010007_02101_00002_nrcb2_cal.fits,SCIENCE,,CAL,,CALJWST,2.0.0,5893,jw05893010007_02101_00002_nrcb2_cal.fits,117573120,262449275,PUBLIC,2,F200W
261463525,JWST,image,jw05893010007_02101_00001_nrca1,exposure (L2b): 2D calibrated exposure average over integrations,S,mast:JWST/product/jw05893010007_02101_00001_nrca1_cal.fits,SCIENCE,,CAL,,CALJWST,2.0.0,5893,jw05893010007_02101_00001_nrca1_cal.fits,117570240,262449275,PUBLIC,2,F200W
261463536,JWST,image,jw05893010007_02101_00001_nrca3,exposure (L2b): 2D calibrated exposure average over integrations,S,mast:JWST/product/jw05893010007_02101_00001_nrca3_cal.fits,SCIENCE,,CAL,,CALJWST,2.0.0,5893,jw05893010007_02101_00001_nrca3_cal.fits,117573120,262449275,PUBLIC,2,F200W
261463589,JWST,image,jw05893010007_02101_00002_nrca3,exposure (L2b): 2D calibrated exposure average over integrations,S,mast:JWST/product/jw05893010007_02101_00002_nrca3_cal.fits,SCIENCE,,CAL,,CALJWST,2.0.0,5893,jw05893010007_02101_00002_nrca3_cal.fits,117573120,262449275,PUBLIC,2,F200W
261463649,JWST,image,jw05893010007_02101_00002_nrca2,exposure (L2b): 2D calibrated exposure average over integrations,S,mast:JWST/product/jw05893010007_02101_00002_nrca2_cal.fits,SCIENCE,,CAL,,CALJWST,2.0.0,5893,jw05893010007_02101_00002_nrca2_cal.fits,117570240,262449275,PUBLIC,2,F200W
261512725,JWST,image,jw05893010007_02101_00004_nrca3,exposure (L2b): 2D calibrated exposure average over integrations,S,mast:JWST/product/jw05893010007_02101_00004_nrca3_cal.fits,SCIENCE,,CAL,,CALJWST,2.0.0,5893,jw05893010007_02101_00004_nrca3_cal.fits,117573120,262449275,PUBLIC,2,F200W
261512899,JWST,image,jw05893010007_02101_00006_nrcb2,exposure (L2b): 2D calibrated exposure average over integrations,S,mast:JWST/product/jw05893010007_02101_00006_nrcb2_cal.fits,SCIENCE,,CAL,,CALJWST,2.0.0,5893,jw05893010007_02101_00006_nrcb2_cal.fits,117573120,262449275,PUBLIC,2,F200W
261512900,JWST,image,jw05893010007_02101_00004_nrcb3,exposure (L2b): 2D calibrated exposure average over integrations,S,mast:JWST/product/jw05893010007_02101_00004_nrcb3_cal.fits,SCIENCE,,CAL,,CALJWST,2.0.0,5893,jw05893010007_02101_00004_nrcb3_cal.fits,117573120,262449275,PUBLIC,2,F200W
261512901,JWST,image,jw05893010007_02101_00006_nrcb3,exposure (L2b): 2D calibrated exposure average over integrations,S,mast:JWST/product/jw05893010007_02101_00006_nrcb3_cal.fits,SCIENCE,,CAL,,CALJWST,2.0.0,5893,jw05893010007_02101_00006_nrcb3_cal.fits,117573120,262449275,PUBLIC,2,F200W
261512905,JWST,image,jw05893010007_02101_00002_nrcb4,exposure (L2b): 2D calibrated exposure average over integrations,S,mast:JWST/product/jw05893010007_02101_00002_nrcb4_cal.fits,SCIENCE,,CAL,,CALJWST,2.0.0,5893,jw05893010007_02101_00002_nrcb4_cal.fits,117573120,262449275,PUBLIC,2,F200W
261512923,JWST,image,jw05893010007_02101_00004_nrcb4,exposure (L2b): 2D calibrated exposure average over integrations,S,mast:JWST/product/jw05893010007_02101_00004_nrcb4_cal.fits,SCIENCE,,CAL,,CALJWST,2.0.0,5893,jw05893010007_02101_00004_nrcb4_cal.fits,117573120,262449275,PUBLIC,2,F200W
261512960,JWST,image,jw05893010007_02101_00003_nrca1,exposure (L2b): 2D calibrated exposure average over integrations,S,mast:JWST/product/jw05893010007_02101_00003_nrca1_cal.fits,SCIENCE,,CAL,,CALJWST,2.0.0,5893,jw05893010007_02101_00003_nrca1_cal.fits,117570240,262449275,PUBLIC,2,F200W
261513007,JWST,image,jw05893010007_02101_00006_nrcb1,exposure (L2b): 2D calibrated exposure average over integrations,S,mast:JWST/product/jw05893010007_02101_00006_nrcb1_cal.fits,SCIENCE,,CAL,,CALJWST,2.0.0,5893,jw05893010007_02101_00006_nrcb1_cal.fits,117573120,262449275,PUBLIC,2,F200W
261513044,JWST,image,jw05893010007_02101_00005_nrcb1,exposure (L2b): 2D calibrated exposure average over integrations,S,mast:JWST/product/jw05893010007_02101_00005_nrcb1_cal.fits,SCIENCE,,CAL,,CALJWST,2.0.0,5893,jw05893010007_02101_00005_nrcb1_cal.fits,117573120,262449275,PUBLIC,2,F200W
261513164,JWST,image,jw05893010007_02101_00005_nrca1,exposure (L2b): 2D calibrated exposure average over integrations,S,mast:JWST/product/jw05893010007_02101_00005_nrca1_cal.fits,SCIENCE,,CAL,,CALJWST,2.0.0,5893,jw05893010007_02101_00005_nrca1_cal.fits,117570240,262449275,PUBLIC,2,F200W
261513243,JWST,image,jw05893010007_02101_00004_nrca4,exposure (L2b): 2D calibrated exposure average over integrations,S,mast:JWST/product/jw05893010007_02101_00004_nrca4_cal.fits,SCIENCE,,CAL,,CALJWST,2.0.0,5893,jw05893010007_02101_00004_nrca4_cal.fits,117573120,262449275,PUBLIC,2,F200W
261513244,JWST,image,jw05893010007_02101_00004_nrcb1,exposure (L2b): 2D calibrated exposure average over integrations,S,mast:JWST/product/jw05893010007_02101_00004_nrcb1_cal.fits,SCIENCE,,CAL,,CALJWST,2.0.0,5893,jw05893010007_02101_00004_nrcb1_cal.fits,117573120,262449275,PUBLIC,2,F200W
261513383,JWST,image,jw05893010007_02101_00004_nrcb2,exposure (L2b): 2D calibrated exposure average over integrations,S,mast:JWST/product/jw05893010007_02101_00004_nrcb2_cal.fits,SCIENCE,,CAL,,CALJWST,2.0.0,5893,jw05893010007_02101_00004_nrcb2_cal.fits,117573120,262449275,PUBLIC,2,F200W
261513476,JWST,image,jw05893010007_02101_00006_nrca3,exposure (L2b): 2D calibrated exposure average over integrations,S,mast:JWST/product/jw05893010007_02101_00006_nrca3_cal.fits,SCIENCE,,CAL,,CALJWST,2.0.0,5893,jw05893010007_02101_00006_nrca3_cal.fits,117573120,262449275,PUBLIC,2,F200W
261513562,JWST,image,jw05893010007_02101_00003_nrca2,exposure (L2b): 2D calibrated exposure average over integrations,S,mast:JWST/product/jw05893010007_02101_00003_nrca2_cal.fits,SCIENCE,,CAL,,CALJWST,2.0.0,5893,jw05893010007_02101_00003_nrca2_cal.fits,117570240,262449275,PUBLIC,2,F200W
261513563,JWST,image,jw05893010007_02101_00005_nrcb2,exposure (L2b): 2D calibrated exposure average over integrations,S,mast:JWST/product/jw05893010007_02101_00005_nrcb2_cal.fits,SCIENCE,,CAL,,CALJWST,2.0.0,5893,jw05893010007_02101_00005_nrcb2_cal.fits,117573120,262449275,PUBLIC,2,F200W
261513564,JWST,image,jw05893010007_02101_00002_nrca1,exposure (L2b): 2D calibrated exposure average over integrations,S,mast:JWST/product/jw05893010007_02101_00002_nrca1_cal.fits,SCIENCE,,CAL,,CALJWST,2.0.0,5893,jw05893010007_02101_00002_nrca1_cal.fits,117570240,262449275,PUBLIC,2,F200W
261513566,JWST,image,jw05893010007_02101_00005_nrcb3,exposure (L2b): 2D calibrated exposure average over integrations,S,mast:JWST/product/jw05893010007_02101_00005_nrcb3_cal.fits,SCIENCE,,CAL,,CALJWST,2.0.0,5893,jw05893010007_02101_00005_nrcb3_cal.fits,117573120,262449275,PUBLIC,2,F200W
261513568,JWST,image,jw05893010007_02101_00005_nrcb4,exposure (L2b): 2D calibrated exposure average over integrations,S,mast:JWST/product/jw05893010007_02101_00005_nrcb4_cal.fits,SCIENCE,,CAL,,CALJWST,2.0.0,5893,jw05893010007_02101_00005_nrcb4_cal.fits,117573120,262449275,PUBLIC,2,F200W
261513569,JWST,image,jw05893010007_02101_00006_nrca1,exposure (L2b): 2D calibrated exposure average over integrations,S,mast:JWST/product/jw05893010007_02101_00006_nrca1_cal.fits,SCIENCE,,CAL,,CALJWST,2.0.0,5893,jw05893010007_02101_00006_nrca1_cal.fits,117570240,262449275,PUBLIC,2,F200W
261513590,JWST,image,jw05893010007_02101_00003_nrca3,exposure (L2b): 2D calibrated exposure average over integrations,S,mast:JWST/product/jw05893010007_02101_00003_nrca3_cal.fits,SCIENCE,,CAL,,CALJWST,2.0.0,5893,jw05893010007_02101_00003_nrca3_cal.fits,117573120,262449275,PUBLIC,2,F200W
261513701,JWST,image,jw05893010007_02101_00006_nrca2,exposure (L2b): 2D calibrated exposure average over integrations,S,mast:JWST/product/jw05893010007_02101_00006_nrca2_cal.fits,SCIENCE,,CAL,,CALJWST,2.0.0,5893,jw05893010007_02101_00006_nrca2_cal.fits,117570240,262449275,PUBLIC,2,F200W
261513935,JWST,image,jw05893010007_02101_00003_nrca4,exposure (L2b): 2D calibrated exposure average over integrations,S,mast:JWST/product/jw05893010007_02101_00003_nrca4_cal.fits,SCIENCE,,CAL,,CALJWST,2.0.0,5893,jw05893010007_02101_00003_nrca4_cal.fits,117573120,262449275,PUBLIC,2,F200W
261513958,JWST,image,jw05893010007_02101_00003_nrcb1,exposure (L2b): 2D calibrated exposure average over integrations,S,mast:JWST/product/jw05893010007_02101_00003_nrcb1_cal.fits,SCIENCE,,CAL,,CALJWST,2.0.0,5893,jw05893010007_02101_00003_nrcb1_cal.fits,117573120,262449275,PUBLIC,2,F200W
261513961,JWST,image,jw05893010007_02101_00004_nrca1,exposure (L2b): 2D calibrated exposure average over integrations,S,mast:JWST/product/jw05893010007_02101_00004_nrca1_cal.fits,SCIENCE,,CAL,,CALJWST,2.0.0,5893,jw05893010007_02101_00004_nrca1_cal.fits,117570240,262449275,PUBLIC,2,F200W
261513962,JWST,image,jw05893010007_02101_00005_nrca3,exposure (L2b): 2D calibrated exposure average over integrations,S,mast:JWST/product/jw05893010007_02101_00005_nrca3_cal.fits,SCIENCE,,CAL,,CALJWST,2.0.0,5893,jw05893010007_02101_00005_nrca3_cal.fits,117573120,262449275,PUBLIC,2,F200W
261513963,JWST,image,jw05893010007_02101_00006_nrca4,exposure (L2b): 2D calibrated exposure average over integrations,S,mast:JWST/product/jw05893010007_02101_00006_nrca4_cal.fits,SCIENCE,,CAL,,CALJWST,2.0.0,5893,jw05893010007_02101_00006_nrca4_cal.fits,117573120,262449275,PUBLIC,2,F200W
261514001,JWST,image,jw05893010007_02101_00004_nrca2,exposure (L2b): 2D calibrated exposure average over integrations,S,mast:JWST/product/jw05893010007_02101_00004_nrca2_cal.fits,SCIENCE,,CAL,,CALJWST,2.0.0,5893,jw05893010007_02101_00004_nrca2_cal.fits,117570240,262449275,PUBLIC,2,F200W
261514083,JWST,image,jw05893010007_02101_00005_nrca2,exposure (L2b): 2D calibrated exposure average over integrations,S,mast:JWST/product/jw05893010007_02101_00005_nrca2_cal.fits,SCIENCE,,CAL,,CALJWST,2.0.0,5893,jw05893010007_02101_00005_nrca2_cal.fits,117570240,262449275,PUBLIC,2,F200W
261514138,JWST,image,jw05893010007_02101_00005_nrca4,exposure (L2b): 2D calibrated exposure average over integrations,S,mast:JWST/product/jw05893010007_02101_00005_nrca4_cal.fits,SCIENCE,,CAL,,CALJWST,2.0.0,5893,jw05893010007_02101_00005_nrca4_cal.fits,117573120,262449275,PUBLIC,2,F200W
261514357,JWST,image,jw05893010007_02101_00003_nrcb4,exposure (L2b): 2D calibrated exposure average over integrations,S,mast:JWST/product/jw05893010007_02101_00003_nrcb4_cal.fits,SCIENCE,,CAL,,CALJWST,2.0.0,5893,jw05893010007_02101_00003_nrcb4_cal.fits,117573120,262449275,PUBLIC,2,F200W
261514380,JWST,image,jw05893010007_02101_00006_nrcb4,exposure (L2b): 2D calibrated exposure average over integrations,S,mast:JWST/product/jw05893010007_02101_00006_nrcb4_cal.fits,SCIENCE,,CAL,,CALJWST,2.0.0,5893,jw05893010007_02101_00006_nrcb4_cal.fits,117573120,262449275,PUBLIC,2,F200W
261531002,JWST,image,jw05893010008_02101_00001_nrca2,exposure (L2b): 2D calibrated exposure average over integrations,S,mast:JWST/product/jw05893010008_02101_00001_nrca2_cal.fits,SCIENCE,,CAL,,CALJWST,2.0.0,5893,jw05893010008_02101_00001_nrca2_cal.fits,117570240,262449275,PUBLIC,2,F200W
261531050,JWST,image,jw05893010008_02101_00001_nrcb3,exposure (L2b): 2D calibrated exposure average over integrations,S,mast:JWST/product/jw05893010008_02101_00001_nrcb3_cal.fits,SCIENCE,,CAL,,CALJWST,2.0.0,5893,jw05893010008_02101_00001_nrcb3_cal.fits,117573120,262449275,PUBLIC,2,F200W
261531081,JWST,image,jw05893010008_02101_00001_nrcb4,exposure (L2b): 2D calibrated exposure average over integrations,S,mast:JWST/product/jw05893010008_02101_00001_nrcb4_cal.fits,SCIENCE,,CAL,,CALJWST,2.0.0,5893,jw05893010008_02101_00001_nrcb4_cal.fits,117573120,262449275,PUBLIC,2,F200W
261531132,JWST,image,jw05893010008_02101_00002_nrcb2,exposure (L2b): 2D calibrated exposure average over integrations,S,mast:JWST/product/jw05893010008_02101_00002_nrcb2_cal.fits,SCIENCE,,CAL,,CALJWST,2.0.0,5893,jw05893010008_02101_00002_nrcb2_cal.fits,117573120,262449275,PUBLIC,2,F200W
261531241,JWST,image,jw05893010008_02101_00001_nrca1,exposure (L2b): 2D calibrated exposure average over integrations,S,mast:JWST/product/jw05893010008_02101_00001_nrca1_cal.fits,SCIENCE,,CAL,,CALJWST,2.0.0,5893,jw05893010008_02101_00001_nrca1_cal.fits,117570240,262449275,PUBLIC,2,F200W
261531251,JWST,image,jw05893010008_02101_00002_nrcb4,exposure (L2b): 2D calibrated exposure average over integrations,S,mast:JWST/product/jw05893010008_02101_00002_nrcb4_cal.fits,SCIENCE,,CAL,,CALJWST,2.0.0,5893,jw05893010008_02101_00002_nrcb4_cal.fits,117573120,262449275,PUBLIC,2,F200W
261531308,JWST,image,jw05893010008_02101_00001_nrcb1,exposure (L2b): 2D calibrated exposure average over integrations,S,mast:JWST/product/jw05893010008_02101_00001_nrcb1_cal.fits,SCIENCE,,CAL,,CALJWST,2.0.0,5893,jw05893010008_02101_00001_nrcb1_cal.fits,117573120,262449275,PUBLIC,2,F200W
261531344,JWST,image,jw05893010008_02101_00001_nrcb2,exposure (L2b): 2D calibrated exposure average over integrations,S,mast:JWST/product/jw05893010008_02101_00001_nrcb2_cal.fits,SCIENCE,,CAL,,CALJWST,2.0.0,5893,jw05893010008_02101_00001_nrcb2_cal.fits,117573120,262449275,PUBLIC,2,F200W
261531378,JWST,image,jw05893010008_02101_00001_nrca3,exposure (L2b): 2D calibrated exposure average over integrations,S,mast:JWST/product/jw05893010008_02101_00001_nrca3_cal.fits,SCIENCE,,CAL,,CALJWST,2.0.0,5893,jw05893010008_02101_00001_nrca3_cal.fits,117573120,262449275,PUBLIC,2,F200W
261531438,JWST,image,jw05893010008_02101_00001_nrca4,exposure (L2b): 2D calibrated exposure average over integrations,S,mast:JWST/product/jw05893010008_02101_00001_nrca4_cal.fits,SCIENCE,,CAL,,CALJWST,2.0.0,5893,jw05893010008_02101_00001_nrca4_cal.fits,117573120,262449275,PUBLIC,2,F200W
261531448,JWST,image,jw05893010008_02101_00002_nrca2,exposure (L2b): 2D calibrated exposure average over integrations,S,mast:JWST/product/jw05893010008_02101_00002_nrca2_cal.fits,SCIENCE,,CAL,,CALJWST,2.0.0,5893,jw05893010008_02101_00002_nrca2_cal.fits,117570240,262449275,PUBLIC,2,F200W
261531519,JWST,image,jw05893010008_02101_00002_nrca3,exposure (L2b): 2D calibrated exposure average over integrations,S,mast:JWST/product/jw05893010008_02101_00002_nrca3_cal.fits,SCIENCE,,CAL,,CALJWST,2.0.0,5893,jw05893010008_02101_00002_nrca3_cal.fits,117573120,262449275,PUBLIC,2,F200W
261555609,JWST,image,jw05893010007_02101_00003_nrcb2,exposure (L2b): 2D calibrated exposure average over integrations,S,mast:JWST/product/jw05893010007_02101_00003_nrcb2_cal.fits,SCIENCE,,CAL,,CALJWST,2.0.0,5893,jw05893010007_02101_00003_nrcb2_cal.fits,117573120,262449275,PUBLIC,2,F200W
261582502,JWST,image,jw05893010008_02101_00003_nrca4,exposure (L2b): 2D calibrated exposure average over integrations,S,mast:JWST/product/jw05893010008_02101_00003_nrca4_cal.fits,SCIENCE,,CAL,,CALJWST,2.0.0,5893,jw05893010008_02101_00003_nrca4_cal.fits,117573120,262449275,PUBLIC,2,F200W
261582621,JWST,image,jw05893010008_02101_00004_nrca2,exposure (L2b): 2D calibrated exposure average over integrations,S,mast:JWST/product/jw05893010008_02101_00004_nrca2_cal.fits,SCIENCE,,CAL,,CALJWST,2.0.0,5893,jw05893010008_02101_00004_nrca2_cal.fits,117570240,262449275,PUBLIC,2,F200W
261582715,JWST,image,jw05893010008_02101_00006_nrcb4,exposure (L2b): 2D calibrated exposure average over integrations,S,mast:JWST/product/jw05893010008_02101_00006_nrcb4_cal.fits,SCIENCE,,CAL,,CALJWST,2.0.0,5893,jw05893010008_02101_00006_nrcb4_cal.fits,117573120,262449275,PUBLIC,2,F200W
261582805,JWST,image,jw05893010008_02101_00006_nrca2,exposure (L2b): 2D calibrated exposure average over integrations,S,mast:JWST/product/jw05893010008_02101_00006_nrca2_cal.fits,SCIENCE,,CAL,,CALJWST,2.0.0,5893,jw05893010008_02101_00006_nrca2_cal.fits,117570240,262449275,PUBLIC,2,F200W
261582971,JWST,image,jw05893010008_02101_00002_nrcb3,exposure (L2b): 2D calibrated exposure average over integrations,S,mast:JWST/product/jw05893010008_02101_00002_nrcb3_cal.fits,SCIENCE,,CAL,,CALJWST,2.0.0,5893,jw05893010008_02101_00002_nrcb3_cal.fits,117573120,262449275,PUBLIC,2,F200W
261583092,JWST,image,jw05893010008_02101_00005_nrca1,exposure (L2b): 2D calibrated exposure average over integrations,S,mast:JWST/product/jw05893010008_02101_00005_nrca1_cal.fits,SCIENCE,,CAL,,CALJWST,2.0.0,5893,jw05893010008_02101_00005_nrca1_cal.fits,117570240,262449275,PUBLIC,2,F200W
261583107,JWST,image,jw05893010008_02101_00005_nrca2,exposure (L2b): 2D calibrated exposure average over integrations,S,mast:JWST/product/jw05893010008_02101_00005_nrca2_cal.fits,SCIENCE,,CAL,,CALJWST,2.0.0,5893,jw05893010008_02101_00005_nrca2_cal.fits,117570240,262449275,PUBLIC,2,F200W
261583260,JWST,image,jw05893010008_02101_00006_nrcb2,exposure (L2b): 2D calibrated exposure average over integrations,S,mast:JWST/product/jw05893010008_02101_00006_nrcb2_cal.fits,SCIENCE,,CAL,,CALJWST,2.0.0,5893,jw05893010008_02101_00006_nrcb2_cal.fits,117573120,262449275,PUBLIC,2,F200W
261583297,JWST,image,jw05893010008_02101_00002_nrca1,exposure (L2b): 2D calibrated exposure average over integrations,S,mast:JWST/product/jw05893010008_02101_00002_nrca1_cal.fits,SCIENCE,,CAL,,CALJWST,2.0.0,5893,jw05893010008_02101_00002_nrca1_cal.fits,117570240,262449275,PUBLIC,2,F200W
261583414,JWST,image,jw05893010008_02101_00005_nrca3,exposure (L2b): 2D calibrated exposure average over integrations,S,mast:JWST/product/jw05893010008_02101_00005_nrca3_cal.fits,SCIENCE,,CAL,,CALJWST,2.0.0,5893,jw05893010008_02101_00005_nrca3_cal.fits,117573120,262449275,PUBLIC,2,F200W
261583487,JWST,image,jw05893010008_02101_00005_nrcb4,exposure (L2b): 2D calibrated exposure average over integrations,S,mast:JWST/product/jw05893010008_02101_00005_nrcb4_cal.fits,SCIENCE,,CAL,,CALJWST,2.0.0,5893,jw05893010008_02101_00005_nrcb4_cal.fits,117573120,262449275,PUBLIC,2,F200W
261583533,JWST,image,jw05893010008_02101_00006_nrcb3,exposure (L2b): 2D calibrated exposure average over integrations,S,mast:JWST/product/jw05893010008_02101_00006_nrcb3_cal.fits,SCIENCE,,CAL,,CALJWST,2.0.0,5893,jw05893010008_02101_00006_nrcb3_cal.fits,117573120,262449275,PUBLIC,2,F200W
261583591,JWST,image,jw05893010008_02101_00002_nrca4,exposure (L2b): 2D calibrated exposure average over integrations,S,mast:JWST/product/jw05893010008_02101_00002_nrca4_cal.fits,SCIENCE,,CAL,,CALJWST,2.0.0,5893,jw05893010008_02101_00002_nrca4_cal.fits,117573120,262449275,PUBLIC,2,F200W
261583709,JWST,image,jw05893010008_02101_00003_nrca3,exposure (L2b): 2D calibrated exposure average over integrations,S,mast:JWST/product/jw05893010008_02101_00003_nrca3_cal.fits,SCIENCE,,CAL,,CALJWST,2.0.0,5893,jw05893010008_02101_00003_nrca3_cal.fits,117573120,262449275,PUBLIC,2,F200W
261583779,JWST,image,jw05893010008_02101_00003_nrca2,exposure (L2b): 2D calibrated exposure average over integrations,S,mast:JWST/product/jw05893010008_02101_00003_nrca2_cal.fits,SCIENCE,,CAL,,CALJWST,2.0.0,5893,jw05893010008_02101_00003_nrca2_cal.fits,117570240,262449275,PUBLIC,2,F200W
261583833,JWST,image,jw05893010008_02101_00006_nrca1,exposure (L2b): 2D calibrated exposure average over integrations,S,mast:JWST/product/jw05893010008_02101_00006_nrca1_cal.fits,SCIENCE,,CAL,,CALJWST,2.0.0,5893,jw05893010008_02101_00006_nrca1_cal.fits,117570240,262449275,PUBLIC,2,F200W
261583884,JWST,image,jw05893010008_02101_00003_nrcb3,exposure (L2b): 2D calibrated exposure average over integrations,S,mast:JWST/product/jw05893010008_02101_00003_nrcb3_cal.fits,SCIENCE,,CAL,,CALJWST,2.0.0,5893,jw05893010008_02101_00003_nrcb3_cal.fits,117573120,262449275,PUBLIC,2,F200W
261584003,JWST,image,jw05893010008_02101_00005_nrcb1,exposure (L2b): 2D calibrated exposure average over integrations,S,mast:JWST/product/jw05893010008_02101_00005_nrcb1_cal.fits,SCIENCE,,CAL,,CALJWST,2.0.0,5893,jw05893010008_02101_00005_nrcb1_cal.fits,117573120,262449275,PUBLIC,2,F200W
261584084,JWST,image,jw05893010008_02101_00004_nrca3,exposure (L2b): 2D calibrated exposure average over integrations,S,mast:JWST/product/jw05893010008_02101_00004_nrca3_cal.fits,SCIENCE,,CAL,,CALJWST,2.0.0,5893,jw05893010008_02101_00004_nrca3_cal.fits,117573120,262449275,PUBLIC,2,F200W
261584172,JWST,image,jw05893010008_02101_00002_nrcb1,exposure (L2b): 2D calibrated exposure average over integrations,S,mast:JWST/product/jw05893010008_02101_00002_nrcb1_cal.fits,SCIENCE,,CAL,,CALJWST,2.0.0,5893,jw05893010008_02101_00002_nrcb1_cal.fits,117573120,262449275,PUBLIC,2,F200W
261584226,JWST,image,jw05893010008_02101_00004_nrca1,exposure (L2b): 2D calibrated exposure average over integrations,S,mast:JWST/product/jw05893010008_02101_00004_nrca1_cal.fits,SCIENCE,,CAL,,CALJWST,2.0.0,5893,jw05893010008_02101_00004_nrca1_cal.fits,117570240,262449275,PUBLIC,2,F200W
261584273,JWST,image,jw05893010008_02101_00003_nrca1,exposure (L2b): 2D calibrated exposure average over integrations,S,mast:JWST/product/jw05893010008_02101_00003_nrca1_cal.fits,SCIENCE,,CAL,,CALJWST,2.0.0,5893,jw05893010008_02101_00003_nrca1_cal.fits,117570240,262449275,PUBLIC,2,F200W
261584323,JWST,image,jw05893010008_02101_00006_nrca3,exposure (L2b): 2D calibrated exposure average over integrations,S,mast:JWST/product/jw05893010008_02101_00006_nrca3_cal.fits,SCIENCE,,CAL,,CALJWST,2.0.0,5893,jw05893010008_02101_00006_nrca3_cal.fits,117573120,262449275,PUBLIC,2,F200W
261584416,JWST,image,jw05893010008_02101_00005_nrca4,exposure (L2b): 2D calibrated exposure average over integrations,S,mast:JWST/product/jw05893010008_02101_00005_nrca4_cal.fits,SCIENCE,,CAL,,CALJWST,2.0.0,5893,jw05893010008_02101_00005_nrca4_cal.fits,117573120,262449275,PUBLIC,2,F200W
261584436,JWST,image,jw05893010008_02101_00003_nrcb1,exposure (L2b): 2D calibrated exposure average over integrations,S,mast:JWST/product/jw05893010008_02101_00003_nrcb1_cal.fits,SCIENCE,,CAL,,CALJWST,2.0.0,5893,jw05893010008_02101_00003_nrcb1_cal.fits,117573120,262449275,PUBLIC,2,F200W
261584534,JWST,image,jw05893010008_02101_00004_nrcb4,exposure (L2b): 2D calibrated exposure average over integrations,S,mast:JWST/product/jw05893010008_02101_00004_nrcb4_cal.fits,SCIENCE,,CAL,,CALJWST,2.0.0,5893,jw05893010008_02101_00004_nrcb4_cal.fits,117573120,262449275,PUBLIC,2,F200W
261584592,JWST,image,jw05893010008_02101_00006_nrcb1,exposure (L2b): 2D calibrated exposure average over integrations,S,mast:JWST/product/jw05893010008_02101_00006_nrcb1_cal.fits,SCIENCE,,CAL,,CALJWST,2.0.0,5893,jw05893010008_02101_00006_nrcb1_cal.fits,117573120,262449275,PUBLIC,2,F200W
261584630,JWST,image,jw05893010008_02101_00005_nrcb3,exposure (L2b): 2D calibrated exposure average over integrations,S,mast:JWST/product/jw05893010008_02101_00005_nrcb3_cal.fits,SCIENCE,,CAL,,CALJWST,2.0.0,5893,jw05893010008_02101_00005_nrcb3_cal.fits,117573120,262449275,PUBLIC,2,F200W
261584671,JWST,image,jw05893010008_02101_00003_nrcb4,exposure (L2b): 2D calibrated exposure average over integrations,S,mast:JWST/product/jw05893010008_02101_00003_nrcb4_cal.fits,SCIENCE,,CAL,,CALJWST,2.0.0,5893,jw05893010008_02101_00003_nrcb4_cal.fits,117573120,262449275,PUBLIC,2,F200W
261584718,JWST,image,jw05893010008_02101_00004_nrcb1,exposure (L2b): 2D calibrated exposure average over integrations,S,mast:JWST/product/jw05893010008_02101_00004_nrcb1_cal.fits,SCIENCE,,CAL,,CALJWST,2.0.0,5893,jw05893010008_02101_00004_nrcb1_cal.fits,117573120,262449275,PUBLIC,2,F200W
261584771,JWST,image,jw05893010008_02101_00004_nrcb2,exposure (L2b): 2D calibrated exposure average over integrations,S,mast:JWST/product/jw05893010008_02101_00004_nrcb2_cal.fits,SCIENCE,,CAL,,CALJWST,2.0.0,5893,jw05893010008_02101_00004_nrcb2_cal.fits,117573120,262449275,PUBLIC,2,F200W
261584823,JWST,image,jw05893010008_02101_00006_nrca4,exposure (L2b): 2D calibrated exposure average over integrations,S,mast:JWST/product/jw05893010008_02101_00006_nrca4_cal.fits,SCIENCE,,CAL,,CALJWST,2.0.0,5893,jw05893010008_02101_00006_nrca4_cal.fits,117573120,262449275,PUBLIC,2,F200W
261584962,JWST,image,jw05893010008_02101_00004_nrca4,exposure (L2b): 2D calibrated exposure average over integrations,S,mast:JWST/product/jw05893010008_02101_00004_nrca4_cal.fits,SCIENCE,,CAL,,CALJWST,2.0.0,5893,jw05893010008_02101_00004_nrca4_cal.fits,117573120,262449275,PUBLIC,2,F200W
261585024,JWST,image,jw05893010008_02101_00003_nrcb2,exposure (L2b): 2D calibrated exposure average over integrations,S,mast:JWST/product/jw05893010008_02101_00003_nrcb2_cal.fits,SCIENCE,,CAL,,CALJWST,2.0.0,5893,jw05893010008_02101_00003_nrcb2_cal.fits,117573120,262449275,PUBLIC,2,F200W
261585044,JWST,image,jw05893010008_02101_00004_nrcb3,exposure (L2b): 2D calibrated exposure average over integrations,S,mast:JWST/product/jw05893010008_02101_00004_nrcb3_cal.fits,SCIENCE,,CAL,,CALJWST,2.0.0,5893,jw05893010008_02101_00004_nrcb3_cal.fits,117573120,262449275,PUBLIC,2,F200W
261585079,JWST,image,jw05893010008_02101_00005_nrcb2,exposure (L2b): 2D calibrated exposure average over integrations,S,mast:JWST/product/jw05893010008_02101_00005_nrcb2_cal.fits,SCIENCE,,CAL,,CALJWST,2.0.0,5893,jw05893010008_02101_00005_nrcb2_cal.fits,117573120,262449275,PUBLIC,2,F200W
261828391,JWST,image,jw05893010006_02101_00003_nrca3,exposure (L2b): 2D calibrated exposure average over integrations,S,mast:JWST/product/jw05893010006_02101_00003_nrca3_cal.fits,SCIENCE,,CAL,,CALJWST,2.0.0,5893,jw05893010006_02101_00003_nrca3_cal.fits,117573120,262449275,PUBLIC,2,F200W
261828779,JWST,image,jw05893010006_02101_00003_nrca2,exposure (L2b): 2D calibrated exposure average over integrations,S,mast:JWST/product/jw05893010006_02101_00003_nrca2_cal.fits,SCIENCE,,CAL,,CALJWST,2.0.0,5893,jw05893010006_02101_00003_nrca2_cal.fits,117570240,262449275,PUBLIC,2,F200W
261828818,JWST,image,jw05893010006_02101_00003_nrcb4,exposure (L2b): 2D calibrated exposure average over integrations,S,mast:JWST/product/jw05893010006_02101_00003_nrcb4_cal.fits,SCIENCE,,CAL,,CALJWST,2.0.0,5893,jw05893010006_02101_00003_nrcb4_cal.fits,117573120,262449275,PUBLIC,2,F200W
261829871,JWST,image,jw05893010006_02101_00003_nrcb3,exposure (L2b): 2D calibrated exposure average over integrations,S,mast:JWST/product/jw05893010006_02101_00003_nrcb3_cal.fits,SCIENCE,,CAL,,CALJWST,2.0.0,5893,jw05893010006_02101_00003_nrcb3_cal.fits,117573120,262449275,PUBLIC,2,F200W
261830273,JWST,image,jw05893010006_02101_00003_nrcb1,exposure (L2b): 2D calibrated exposure average over integrations,S,mast:JWST/product/jw05893010006_02101_00003_nrcb1_cal.fits,SCIENCE,,CAL,,CALJWST,2.0.0,5893,jw05893010006_02101_00003_nrcb1_cal.fits,117573120,262449275,PUBLIC,2,F200W
261831208,JWST,image,jw05893010006_02101_00003_nrca1,exposure (L2b): 2D calibrated exposure average over integrations,S,mast:JWST/product/jw05893010006_02101_00003_nrca1_cal.fits,SCIENCE,,CAL,,CALJWST,2.0.0,5893,jw05893010006_02101_00003_nrca1_cal.fits,117570240,262449275,PUBLIC,2,F200W
261832233,JWST,image,jw05893010006_02101_00003_nrcb2,exposure (L2b): 2D calibrated exposure average over integrations,S,mast:JWST/product/jw05893010006_02101_00003_nrcb2_cal.fits,SCIENCE,,CAL,,CALJWST,2.0.0,5893,jw05893010006_02101_00003_nrcb2_cal.fits,117573120,262449275,PUBLIC,2,F200W
261832478,JWST,image,jw05893010006_02101_00003_nrca4,exposure (L2b): 2D calibrated exposure average over integrations,S,mast:JWST/product/jw05893010006_02101_00003_nrca4_cal.fits,SCIENCE,,CAL,,CALJWST,2.0.0,5893,jw05893010006_02101_00003_nrca4_cal.fits,117573120,262449275,PUBLIC,2,F200W
