obsID,obs_collection,dataproduct_type,obs_id,description,type,dataURI,productType,productGroupDescription,productSubGroupDescription,productDocumentationURL,project,prvversion,proposal_id,productFilename,size,parent_obsid,dataRights,calib_level,filters
254146908,JWST,image,jw05893014001_03101_00001_nrca2,exposure (L2b): 2D calibrated exposure average over integrations,S,mast:JWST/product/jw05893014001_03101_00001_nrca2_cal.fits,SCIENCE,,CAL,,CALJWST,2.0.0,5893,jw05893014001_03101_00001_nrca2_cal.fits,117570240,260189003,PUBLIC,2,F200W
254146910,JWST,image,jw05893014001_03101_00006_nrca4,exposure (L2b): 2D calibrated exposure average over integrations,S,mast:JWST/product/jw05893014001_03101_00006_nrca4_cal.fits,SCIENCE,,CAL,,CALJWST,2.0.0,5893,jw05893014001_03101_00006_nrca4_cal.fits,117573120,260189003,PUBLIC,2,F200W
254146911,JWST,image,jw05893014001_03101_00006_nrca2,exposure (L2b): 2D calibrated exposure average over integrations,S,mast:JWST/product/jw05893014001_03101_00006_nrca2_cal.fits,SCIENCE,,CAL,,CALJWST,2.0.0,5893,jw05893014001_03101_00006_nrca2_cal.fits,117570240,260189003,PUBLIC,2,F200W
254146912,JWST,image,jw05893014001_03101_00004_nrca3,exposure (L2b): 2D calibrated exposure average over integrations,S,mast:JWST/product/jw05893014001_03101_00004_nrca3_cal.fits,SCIENCE,,CAL,,CALJWST,2.0.0,5893,jw05893014001_03101_00004_nrca3_cal.fits,117573120,260189003,PUBLIC,2,F200W
254146913,JWST,image,jw05893014001_03101_00005_nrca2,exposure (L2b): 2D calibrated exposure average over integrations,S,mast:JWST/product/jw05893014001_03101_00005_nrca2_cal.fits,SCIENCE,,CAL,,CALJWST,2.0.0,5893,jw05893014001_03101_00005_nrca2_cal.fits,117570240,260189003,PUBLIC,2,F200W
254146915,JWST,image,jw05893014001_03101_00002_nrca2,exposure (L2b): 2D calibrated exposure average over integrations,S,mast:JWST/product/jw05893014001_03101_00002_nrca2_cal.fits,SCIENCE,,CAL,,CALJWST,2.0.0,5893,jw05893014001_03101_00002_nrca2_cal.fits,117570240,260189003,PUBLIC,2,F200W
254146916,JWST,image,jw05893014001_03101_00004_nrca4,exposure (L2b): 2D calibrated exposure average over integrations,S,mast:JWST/product/jw05893014001_03101_00004_nrca4_cal.fits,SCIENCE,,CAL,,CALJWST,2.0.0,5893,jw05893014001_03101_00004_nrca4_cal.fits,117573120,260189003,PUBLIC,2,F200W
254146918,JWST,image,jw05893014001_03101_00003_nrca4,exposure (L2b): 2D calibrated exposure average over integrations,S,mast:JWST/product/jw05893014001_03101_00003_nrca4_cal.fits,SCIENCE,,CAL,,CALJWST,2.0.0,5893,jw05893014001_03101_00003_nrca4_cal.fits,117573120,260189003,PUBLIC,2,F200W
254146919,JWST,image,jw05893014001_03101_00002_nrca4,exposure (L2b): 2D calibrated exposure average over integrations,S,mast:JWST/product/jw05893014001_03101_00002_nrca4_cal.fits,SCIENCE,,CAL,,CALJWST,2.0.0,5893,jw05893014001_03101_00002_nrca4_cal.fits,117573120,260189003,PUBLIC,2,F200W
254146921,JWST,image,jw05893014001_03101_00005_nrca1,exposure (L2b): 2D calibrated exposure average over integrations,S,mast:JWST/product/jw05893014001_03101_00005_nrca1_cal.fits,SCIENCE,,CAL,,CALJWST,2.0.0,5893,jw05893014001_03101_00005_nrca1_cal.fits,117570240,260189003,PUBLIC,2,F200W
254146922,JWST,image,jw05893014001_03101_00006_nrca3,exposure (L2b): 2D calibrated exposure average over integrations,S,mast:JWST/product/jw05893014001_03101_00006_nrca3_cal.fits,SCIENCE,,CAL,,CALJWST,2.0.0,5893,jw05893014001_03101_00006_nrca3_cal.fits,117573120,260189003,PUBLIC,2,F200W
254146923,JWST,image,jw05893014001_03101_00004_nrca2,exposure (L2b): 2D calibrated exposure average over integrations,S,mast:JWST/product/jw05893014001_03101_00004_nrca2_cal.fits,SCIENCE,,CAL,,CALJWST,2.0.0,5893,jw05893014001_03101_00004_nrca2_cal.fits,117570240,260189003,PUBLIC,2,F200W
254146924,JWST,image,jw05893014001_03101_00004_nrca1,exposure (L2b): 2D calibrated exposure average over integrations,S,mast:JWST/product/jw05893014001_03101_00004_nrca1_cal.fits,SCIENCE,,CAL,,CALJWST,2.0.0,5893,jw05893014001_03101_00004_nrca1_cal.fits,117570240,260189003,PUBLIC,2,F200W
254146925,JWST,image,jw05893014001_03101_00001_nrca3,exposure (L2b): 2D calibrated exposure average over integrations,S,mast:JWST/product/jw05893014001_03101_00001_nrca3_cal.fits,SCIENCE,,CAL,,CALJWST,2.0.0,5893,jw05893014001_03101_00001_nrca3_cal.fits,117573120,260189003,PUBLIC,2,F200W
254146927,JWST,image,jw05893014001_03101_00001_nrca4,exposure (L2b): 2D calibrated exposure average over integrations,S,mast:JWST/product/jw05893014001_03101_00001_nrca4_cal.fits,SCIENCE,,CAL,,CALJWST,2.0.0,5893,jw05893014001_03101_00001_nrca4_cal.fits,117573120,260189003,PUBLIC,2,F200W
254146928,JWST,image,jw05893014001_03101_00003_nrca2,exposure (L2b): 2D calibrated exposure average over integrations,S,mast:JWST/product/jw05893014001_03101_00003_nrca2_cal.fits,SCIENCE,,CAL,,CALJWST,2.0.0,5893,jw05893014001_03101_00003_nrca2_cal.fits,117570240,260189003,PUBLIC,2,F200W
254146929,JWST,image,jw05893014001_03101_00005_nrca3,exposure (L2b): 2D calibrated exposure average over integrations,S,mast:JWST/product/jw05893014001_03101_00005_nrca3_cal.fits,SCIENCE,,CAL,,CALJWST,2.0.0,5893,jw05893014001_03101_00005_nrca3_cal.fits,117573120,260189003,PUBLIC,2,F200W
254146930,JWST,image,jw05893014001_03101_00003_nrca1,exposure (L2b): 2D calibrated exposure average over integrations,S,mast:JWST/product/jw05893014001_03101_00003_nrca1_cal.fits,SCIENCE,,CAL,,CALJWST,2.0.0,5893,jw05893014001_03101_00003_nrca1_cal.fits,117570240,260189003,PUBLIC,2,F200W
254146931,JWST,image,jw05893014001_03101_00006_nrca1,exposure (L2b): 2D calibrated exposure average over integrations,S,mast:JWST/product/jw05893014001_03101_00006_nrca1_cal.fits,SCIENCE,,CAL,,CALJWST,2.0.0,5893,jw05893014001_03101_00006_nrca1_cal.fits,117570240,260189003,PUBLIC,2,F200W
254146932,JWST,image,jw05893014001_03101_00003_nrca3,exposure (L2b): 2D calibrated exposure average over integrations,S,mast:JWST/product/jw05893014001_03101_00003_nrca3_cal.fits,SCIENCE,,CAL,,CALJWST,2.0.0,5893,jw05893014001_03101_00003_nrca3_cal.fits,117573120,260189003,PUBLIC,2,F200W
254146941,JWST,image,jw05893014001_03101_00002_nrca1,exposure (L2b): 2D calibrated exposure average over integrations,S,mast:JWST/product/jw05893014001_03101_00002_nrca1_cal.fits,SCIENCE,,CAL,,CALJWST,2.0.0,5893,jw05893014001_03101_00002_nrca1_cal.fits,117570240,260189003,PUBLIC,2,F200W
254146953,JWST,image,jw05893014001_03101_00001_nrca1,exposure (L2b): 2D calibrated exposure average over integrations,S,mast:JWST/product/jw05893014001_03101_00001_nrca1_cal.fits,SCIENCE,,CAL,,CALJWST,2.0.0,5893,jw05893014001_03101_00001_nrca1_cal.fits,117570240,260189003,PUBLIC,2,F200W
254147012,JWST,image,jw05893014001_03101_00002_nrca3,exposure (L2b): 2D calibrated exposure average over integrations,S,mast:JWST/product/jw05893014001_03101_00002_nrca3_cal.fits,SCIENCE,,CAL,,CALJWST,2.0.0,5893,jw05893014001_03101_00002_nrca3_cal.fits,117573120,260189003,PUBLIC,2,F200W
254147581,JWST,image,jw05893014001_03101_00006_nrcb1,exposure (L2b): 2D calibrated exposure average over integrations,S,mast:JWST/product/jw05893014001_03101_00006_nrcb1_cal.fits,SCIENCE,,CAL,,CALJWST,2.0.0,5893,jw05893014001_03101_00006_nrcb1_cal.fits,117573120,260189003,PUBLIC,2,F200W
254147586,JWST,image,jw05893014001_03101_00001_nrcb2,exposure (L2b): 2D calibrated exposure average over integrations,S,mast:JWST/product/jw05893014001_03101_00001_nrcb2_cal.fits,SCIENCE,,CAL,,CALJWST,2.0.0,5893,jw05893014001_03101_00001_nrcb2_cal.fits,117573120,260189003,PUBLIC,2,F200W
254147587,JWST,image,jw05893014001_03101_00003_nrcb1,exposure (L2b): 2D calibrated exposure average over integrations,S,mast:JWST/product/jw05893014001_03101_00003_nrcb1_cal.fits,SCIENCE,,CAL,,CALJWST,2.0.0,5893,jw05893014001_03101_00003_nrcb1_cal.fits,117573120,260189003,PUBLIC,2,F200W
254147654,JWST,image,jw05893014001_03101_00005_nrca4,exposure (L2b): 2D calibrated exposure average over integrations,S,mast:JWST/product/jw05893014001_03101_00005_nrca4_cal.fits,SCIENCE,,CAL,,CALJWST,2.0.0,5893,jw05893014001_03101_00005_nrca4_cal.fits,117573120,260189003,PUBLIC,2,F200W
254147680,JWST,image,jw05893014001_03101_00002_nrcb1,exposure (L2b): 2D calibrated exposure average over integrations,S,mast:JWST/product/jw05893014001_03101_00002_nrcb1_cal.fits,SCIENCE,,CAL,,CALJWST,2.0.0,5893,jw05893014001_03101_00002_nrcb1_cal.fits,117573120,260189003,PUBLIC,2,F200W
254147682,JWST,image,jw05893014001_03101_00001_nrcb1,exposure (L2b): 2D calibrated exposure average over integrations,S,mast:JWST/product/jw05893014001_03101_00001_nrcb1_cal.fits,SCIENCE,,CAL,,CALJWST,2.0.0,5893,jw05893014001_03101_00001_nrcb1_cal.fits,117573120,260189003,PUBLIC,2,F200W
254150458,JWST,image,jw05893014001_03101_00005_nrcb3,exposure (L2b): 2D calibrated exposure average over integrations,S,mast:JWST/product/jw05893014001_03101_00005_nrcb3_cal.fits,SCIENCE,,CAL,,CALJWST,2.0.0,5893,jw05893014001_03101_00005_nrcb3_cal.fits,117573120,260189003,PUBLIC,2,F200W
254150459,JWST,image,jw05893014001_03101_00003_nrcb3,exposure (L2b): 2D calibrated exposure average over integrations,S,mast:JWST/product/jw05893014001_03101_00003_nrcb3_cal.fits,SCIENCE,,CAL,,CALJWST,2.0.0,5893,jw05893014001_03101_00003_nrcb3_cal.fits,117573120,260189003,PUBLIC,2,F200W
254150471,JWST,image,jw05893014001_03101_00002_nrcb3,exposure (L2b): 2D calibrated exposure average over integrations,S,mast:JWST/product/jw05893014001_03101_00002_nrcb3_cal.fits,SCIENCE,,CAL,,CALJWST,2.0.0,5893,jw05893014001_03101_00002_nrcb3_cal.fits,117573120,260189003,PUBLIC,2,F200W
254150554,JWST,image,jw05893014001_03101_00003_nrcb4,exposure (L2b): 2D calibrated exposure average over integrations,S,mast:JWST/product/jw05893014001_03101_00003_nrcb4_cal.fits,SCIENCE,,CAL,,CALJWST,2.0.0,5893,jw05893014001_03101_00003_nrcb4_cal.fits,117573120,260189003,PUBLIC,2,F200W
254150555,JWST,image,jw05893014001_03101_00003_nrcb2,exposure (L2b): 2D calibrated exposure average over integrations,S,mast:JWST/product/jw05893014001_03101_00003_nrcb2_cal.fits,SCIENCE,,CAL,,CALJWST,2.0.0,5893,jw05893014001_03101_00003_nrcb2_cal.fits,117573120,260189003,PUBLIC,2,F200W
254150556,JWST,image,jw05893014001_03101_00004_nrcb4,exposure (L2b): 2D calibrated exposure average over integrations,S,mast:JWST/product/jw05893014001_03101_00004_nrcb4_cal.fits,SCIENCE,,CAL,,CALJWST,2.0.0,5893,jw05893014001_03101_00004_nrcb4_cal.fits,117573120,260189003,PUBLIC,2,F200W
254150557,JWST,image,jw05893014001_03101_00006_nrcb4,exposure (L2b): 2D calibrated exposure average over integrations,S,mast:JWST/product/jw05893014001_03101_00006_nrcb4_cal.fits,SCIENCE,,CAL,,CALJWST,2.0.0,5893,jw05893014001_03101_00006_nrcb4_cal.fits,117573120,260189003,PUBLIC,2,F200W
254150558,JWST,image,jw05893014001_03101_00006_nrcb2,exposure (L2b): 2D calibrated exposure average over integrations,S,mast:JWST/product/jw05893014001_03101_00006_nrcb2_cal.fits,SCIENCE,,CAL,,CALJWST,2.0.0,5893,jw05893014001_03101_00006_nrcb2_cal.fits,117573120,260189003,PUBLIC,2,F200W
254150559,JWST,image,jw05893014001_03101_00005_nrcb2,exposure (L2b): 2D calibrated exposure average over integrations,S,mast:JWST/product/jw05893014001_03101_00005_nrcb2_cal.fits,SCIENCE,,CAL,,CALJWST,2.0.0,5893,jw05893014001_03101_00005_nrcb2_cal.fits,117573120,260189003,PUBLIC,2,F200W
254150562,JWST,image,jw05893014001_03101_00002_nrcb4,exposure (L2b): 2D calibrated exposure average over integrations,S,mast:JWST/product/jw05893014001_03101_00002_nrcb4_cal.fits,SCIENCE,,CAL,,CALJWST,2.0.0,5893,jw05893014001_03101_00002_nrcb4_cal.fits,117573120,260189003,PUBLIC,2,F200W
254150563,JWST,image,jw05893014001_03101_00004_nrcb1,exposure (L2b): 2D calibrated exposure average over integrations,S,mast:JWST/product/jw05893014001_03101_00004_nrcb1_cal.fits,SCIENCE,,CAL,,CALJWST,2.0.0,5893,jw05893014001_03101_00004_nrcb1_cal.fits,117573120,260189003,PUBLIC,2,F200W
254150564,JWST,image,jw05893014001_03101_00001_nrcb4,exposure (L2b): 2D calibrated exposure average over integrations,S,mast:JWST/product/jw05893014001_03101_00001_nrcb4_cal.fits,SCIENCE,,CAL,,CALJWST,2.0.0,5893,jw05893014001_03101_00001_nrcb4_cal.fits,117573120,260189003,PUBLIC,2,F200W
254150566,JWST,image,jw05893014001_03101_00002_nrcb2,exposure (L2b): 2D calibrated exposure average over integrations,S,mast:JWST/product/jw05893014001_03101_00002_nrcb2_cal.fits,SCIENCE,,CAL,,CALJWST,2.0.0,5893,jw05893014001_03101_00002_nrcb2_cal.fits,117573120,260189003,PUBLIC,2,F200W
254150652,JWST,image,jw05893014001_03101_00005_nrcb4,exposure (L2b): 2D calibrated exposure average over integrations,S,mast:JWST/product/jw05893014001_03101_00005_nrcb4_cal.fits,SCIENCE,,CAL,,CALJWST,2.0.0,5893,jw05893014001_03101_00005_nrcb4_cal.fits,117573120,260189003,PUBLIC,2,F200W
254150660,JWST,image,jw05893014001_03101_00006_nrcb3,exposure (L2b): 2D calibrated exposure average over integrations,S,mast:JWST/product/jw05893014001_03101_00006_nrcb3_cal.fits,SCIENCE,,CAL,,CALJWST,2.0.0,5893,jw05893014001_03101_00006_nrcb3_cal.fits,117573120,260189003,PUBLIC,2,F200W
254150661,JWST,image,jw05893014001_03101_00005_nrcb1,exposure (L2b): 2D calibrated exposure average over integrations,S,mast:JWST/product/jw05893014001_03101_00005_nrcb1_cal.fits,SCIENCE,,CAL,,CALJWST,2.0.0,5893,jw05893014001_03101_00005_nrcb1_cal.fits,117573120,260189003,PUBLIC,2,F200W
254150662,JWST,image,jw05893014001_03101_00004_nrcb3,exposure (L2b): 2D calibrated exposure average over integrations,S,mast:JWST/product/jw05893014001_03101_00004_nrcb3_cal.fits,SCIENCE,,CAL,,CALJWST,2.0.0,5893,jw05893014001_03101_00004_nrcb3_cal.fits,117573120,260189003,PUBLIC,2,F200W
254150663,JWST,image,jw05893014001_03101_00004_nrcb2,exposure (L2b): 2D calibrated exposure average over integrations,S,mast:JWST/product/jw05893014001_03101_00004_nrcb2_cal.fits,SCIENCE,,CAL,,CALJWST,2.0.0,5893,jw05893014001_03101_00004_nrcb2_cal.fits,117573120,260189003,PUBLIC,2,F200W
254150664,JWST,image,jw05893014001_03101_00001_nrcb3,exposure (L2b): 2D calibrated exposure average over integrations,S,mast:JWST/product/jw05893014001_03101_00001_nrcb3_cal.fits,SCIENCE,,CAL,,CALJWST,2.0.0,5893,jw05893014001_03101_00001_nrcb3_cal.fits,117573120,260189003,PUBLIC,2,F200W
254152630,JWST,image,jw05893014004_02101_00002_nrca1,exposure (L2b): 2D calibrated exposure average over integrations,S,mast:JWST/product/jw05893014004_02101_00002_nrca1_cal.fits,SCIENCE,,CAL,,CALJWST,2.0.0,5893,jw05893014004_02101_00002_nrca1_cal.fits,117570240,260189003,PUBLIC,2,F200W
254152633,JWST,image,jw05893014004_02101_00004_nrca1,exposure (L2b): 2D calibrated exposure average over integrations,S,mast:JWST/product/jw05893014004_02101_00004_nrca1_cal.fits,SCIENCE,,CAL,,CALJWST,2.0.0,5893,jw05893014004_02101_00004_nrca1_cal.fits,117570240,260189003,PUBLIC,2,F200W
254152635,JWST,image,jw05893014004_02101_00006_nrca1,exposure (L2b): 2D calibrated exposure average over integrations,S,mast:JWST/product/jw05893014004_02101_00006_nrca1_cal.fits,SCIENCE,,CAL,,CALJWST,2.0.0,5893,jw05893014004_02101_00006_nrca1_cal.fits,117570240,260189003,PUBLIC,2,F200W
254152636,JWST,image,jw05893014004_02101_00005_nrca1,exposure (L2b): 2D calibrated exposure average over integrations,S,mast:JWST/product/jw05893014004_02101_00005_nrca1_cal.fits,SCIENCE,,CAL,,CALJWST,2.0.0,5893,jw05893014004_02101_00005_nrca1_cal.fits,117570240,260189003,PUBLIC,2,F200W
254152638,JWST,image,jw05893014004_02101_00002_nrca2,exposure (L2b): 2D calibrated exposure average over integrations,S,mast:JWST/product/jw05893014004_02101_00002_nrca2_cal.fits,SCIENCE,,CAL,,CALJWST,2.0.0,5893,jw05893014004_02101_00002_nrca2_cal.fits,117570240,260189003,PUBLIC,2,F200W
254152639,JWST,image,jw05893014004_02101_00003_nrca1,exposure (L2b): 2D calibrated exposure average over integrations,S,mast:JWST/product/jw05893014004_02101_00003_nrca1_cal.fits,SCIENCE,,CAL,,CALJWST,2.0.0,5893,jw05893014004_02101_00003_nrca1_cal.fits,117570240,260189003,PUBLIC,2,F200W
254152640,JWST,image,jw05893014004_02101_00001_nrca1,exposure (L2b): 2D calibrated exposure average over integrations,S,mast:JWST/product/jw05893014004_02101_00001_nrca1_cal.fits,SCIENCE,,CAL,,CALJWST,2.0.0,5893,jw05893014004_02101_00001_nrca1_cal.fits,117570240,260189003,PUBLIC,2,F200W
254152641,JWST,image,jw05893014004_02101_00003_nrca2,exposure (L2b): 2D calibrated exposure average over integrations,S,mast:JWST/product/jw05893014004_02101_00003_nrca2_cal.fits,SCIENCE,,CAL,,CALJWST,2.0.0,5893,jw05893014004_02101_00003_nrca2_cal.fits,117570240,260189003,PUBLIC,2,F200W
254155744,JWST,image,jw05893014004_02101_00006_nrca4,exposure (L2b): 2D calibrated exposure average over integrations,S,mast:JWST/product/jw05893014004_02101_00006_nrca4_cal.fits,SCIENCE,,CAL,,CALJWST,2.0.0,5893,jw05893014004_02101_00006_nrca4_cal.fits,117573120,260189003,PUBLIC,2,F200W
254155749,JWST,image,jw05893014004_02101_00003_nrca4,exposure (L2b): 2D calibrated exposure average over integrations,S,mast:JWST/product/jw05893014004_02101_00003_nrca4_cal.fits,SCIENCE,,CAL,,CALJWST,2.0.0,5893,jw05893014004_02101_00003_nrca4_cal.fits,117573120,260189003,PUBLIC,2,F200W
254155753,JWST,image,jw05893014004_02101_00001_nrca2,exposure (L2b): 2D calibrated exposure average over integrations,S,mast:JWST/product/jw05893014004_02101_00001_nrca2_cal.fits,SCIENCE,,CAL,,CALJWST,2.0.0,5893,jw05893014004_02101_00001_nrca2_cal.fits,117570240,260189003,PUBLIC,2,F200W
254155763,JWST,image,jw05893014004_02101_00002_nrca3,exposure (L2b): 2D calibrated exposure average over integrations,S,mast:JWST/product/jw05893014004_02101_00002_nrca3_cal.fits,SCIENCE,,CAL,,CALJWST,2.0.0,5893,jw05893014004_02101_00002_nrca3_cal.fits,117573120,260189003,PUBLIC,2,F200W
254155765,JWST,image,jw05893014004_02101_00004_nrca3,exposure (L2b): 2D calibrated exposure average over integrations,S,mast:JWST/product/jw05893014004_02101_00004_nrca3_cal.fits,SCIENCE,,CAL,,CALJWST,2.0.0,5893,jw05893014004_02101_00004_nrca3_cal.fits,117573120,260189003,PUBLIC,2,F200W
254155766,JWST,image,jw05893014004_02101_00005_nrca2,exposure (L2b): 2D calibrated exposure average over integrations,S,mast:JWST/product/jw05893014004_02101_00005_nrca2_cal.fits,SCIENCE,,CAL,,CALJWST,2.0.0,5893,jw05893014004_02101_00005_nrca2_cal.fits,117570240,260189003,PUBLIC,2,F200W
254155820,JWST,image,jw05893014004_02101_00005_nrca3,exposure (L2b): 2D calibrated exposure average over integrations,S,mast:JWST/product/jw05893014004_02101_00005_nrca3_cal.fits,SCIENCE,,CAL,,CALJWST,2.0.0,5893,jw05893014004_02101_00005_nrca3_cal.fits,117573120,260189003,PUBLIC,2,F200W
254155863,JWST,image,jw05893014004_02101_00003_nrca3,exposure (L2b): 2D calibrated exposure average over integrations,S,mast:JWST/product/jw05893014004_02101_00003_nrca3_cal.fits,SCIENCE,,CAL,,CALJWST,2.0.0,5893,jw05893014004_02101_00003_nrca3_cal.fits,117573120,260189003,PUBLIC,2,F200W
254155868,JWST,image,jw05893014004_02101_00003_nrcb1,exposure (L2b): 2D calibrated exposure average over integrations,S,mast:JWST/product/jw05893014004_02101_00003_nrcb1_cal.fits,SCIENCE,,CAL,,CALJWST,2.0.0,5893,jw05893014004_02101_00003_nrcb1_cal.fits,117573120,260189003,PUBLIC,2,F200W
254155869,JWST,image,jw05893014004_02101_00001_nrca3,exposure (L2b): 2D calibrated exposure average over integrations,S,mast:JWST/product/jw05893014004_02101_00001_nrca3_cal.fits,SCIENCE,,CAL,,CALJWST,2.0.0,5893,jw05893014004_02101_00001_nrca3_cal.fits,117573120,260189003,PUBLIC,2,F200W
254155872,JWST,image,jw05893014004_02101_00006_nrca2,exposure (L2b): 2D calibrated exposure average over integrations,S,mast:JWST/product/jw05893014004_02101_00006_nrca2_cal.fits,SCIENCE,,CAL,,CALJWST,2.0.0,5893,jw05893014004_02101_00006_nrca2_cal.fits,117570240,260189003,PUBLIC,2,F200W
254155874,JWST,image,jw05893014004_02101_00006_nrca3,exposure (L2b): 2D calibrated exposure average over integrations,S,mast:JWST/product/jw05893014004_02101_00006_nrca3_cal.fits,SCIENCE,,CAL,,CALJWST,2.0.0,5893,jw05893014004_02101_00006_nrca3_cal.fits,117573120,260189003,PUBLIC,2,F200W
254155880,JWST,image,jw05893014004_02101_00002_nrca4,exposure (L2b): 2D calibrated exposure average over integrations,S,mast:JWST/product/jw05893014004_02101_00002_nrca4_cal.fits,SCIENCE,,CAL,,CALJWST,2.0.0,5893,jw05893014004_02101_00002_nrca4_cal.fits,117573120,260189003,PUBLIC,2,F200W
254155881,JWST,image,jw05893014004_02101_00004_nrca2,exposure (L2b): 2D calibrated exposure average over integrations,S,mast:JWST/product/jw05893014004_02101_00004_nrca2_cal.fits,SCIENCE,,CAL,,CALJWST,2.0.0,5893,jw05893014004_02101_00004_nrca2_cal.fits,117570240,260189003,PUBLIC,2,F200W
254155884,JWST,image,jw05893014004_02101_00004_nrca4,exposure (L2b): 2D calibrated exposure average over integrations,S,mast:JWST/product/jw05893014004_02101_00004_nrca4_cal.fits,SCIENCE,,CAL,,CALJWST,2.0.0,5893,jw05893014004_02101_00004_nrca4_cal.fits,117573120,260189003,PUBLIC,2,F200W
254155885,JWST,image,jw05893014004_02101_00001_nrca4,exposure (L2b): 2D calibrated exposure average over integrations,S,mast:JWST/product/jw05893014004_02101_00001_nrca4_cal.fits,SCIENCE,,CAL,,CALJWST,2.0.0,5893,jw05893014004_02101_00001_nrca4_cal.fits,117573120,260189003,PUBLIC,2,F200W
254155887,JWST,image,jw05893014004_02101_00005_nrca4,exposure (L2b): 2D calibrated exposure average over integrations,S,mast:JWST/product/jw05893014004_02101_00005_nrca4_cal.fits,SCIENCE,,CAL,,CALJWST,2.0.0,5893,jw05893014004_02101_00005_nrca4_cal.fits,117573120,260189003,PUBLIC,2,F200W
254158771,JWST,image,jw05893014004_02101_00005_nrcb4,exposure (L2b): 2D calibrated exposure average over integrations,S,mast:JWST/product/jw05893014004_02101_00005_nrcb4_cal.fits,SCIENCE,,CAL,,CALJWST,2.0.0,5893,jw05893014004_02101_00005_nrcb4_cal.fits,117573120,260189003,PUBLIC,2,F200W
254158772,JWST,image,jw05893014004_02101_00002_nrcb4,exposure (L2b): 2D calibrated exposure average over integrations,S,mast:JWST/product/jw05893014004_02101_00002_nrcb4_cal.fits,SCIENCE,,CAL,,CALJWST,2.0.0,5893,jw05893014004_02101_00002_nrcb4_cal.fits,117573120,260189003,PUBLIC,2,F200W
254158773,JWST,image,jw05893014004_02101_00005_nrcb2,exposure (L2b): 2D calibrated exposure average over integrations,S,mast:JWST/product/jw05893014004_02101_00005_nrcb2_cal.fits,SCIENCE,,CAL,,CALJWST,2.0.0,5893,jw05893014004_02101_00005_nrcb2_cal.fits,117573120,260189003,PUBLIC,2,F200W
254158774,JWST,image,jw05893014004_02101_00005_nrcb3,exposure (L2b): 2D calibrated exposure average over integrations,S,mast:JWST/product/jw05893014004_02101_00005_nrcb3_cal.fits,SCIENCE,,CAL,,CALJWST,2.0.0,5893,jw05893014004_02101_00005_nrcb3_cal.fits,117573120,260189003,PUBLIC,2,F200W
254158777,JWST,image,jw05893014004_02101_00006_nrcb1,exposure (L2b): 2D calibrated exposure average over integrations,S,mast:JWST/product/jw05893014004_02101_00006_nrcb1_cal.fits,SCIENCE,,CAL,,CALJWST,2.0.0,5893,jw05893014004_02101_00006_nrcb1_cal.fits,117573120,260189003,PUBLIC,2,F200W
254158778,JWST,image,jw05893014004_02101_00002_nrcb1,exposure (L2b): 2D calibrated exposure average over integrations,S,mast:JWST/product/jw05893014004_02101_00002_nrcb1_cal.fits,SCIENCE,,CAL,,CALJWST,2.0.0,5893,jw05893014004_02101_00002_nrcb1_cal.fits,117573120,260189003,PUBLIC,2,F200W
254158781,JWST,image,jw05893014004_02101_00003_nrcb3,exposure (L2b): 2D calibrated exposure average over integrations,S,mast:JWST/product/jw05893014004_02101_00003_nrcb3_cal.fits,SCIENCE,,CAL,,CALJWST,2.0.0,5893,jw05893014004_02101_00003_nrcb3_cal.fits,117573120,260189003,PUBLIC,2,F200W
254158783,JWST,image,jw05893014004_02101_00002_nrcb2,exposure (L2b): 2D calibrated exposure average over integrations,S,mast:JWST/product/jw05893014004_02101_00002_nrcb2_cal.fits,SCIENCE,,CAL,,CALJWST,2.0.0,5893,jw05893014004_02101_00002_nrcb2_cal.fits,117573120,260189003,PUBLIC,2,F200W
254158785,JWST,image,jw05893014004_02101_00004_nrcb1,exposure (L2b): 2D calibrated exposure average over integrations,S,mast:JWST/product/jw05893014004_02101_00004_nrcb1_cal.fits,SCIENCE,,CAL,,CALJWST,2.0.0,5893,jw05893014004_02101_00004_nrcb1_cal.fits,117573120,260189003,PUBLIC,2,F200W
254158786,JWST,image,jw05893014004_02101_00002_nrcb3,exposure (L2b): 2D calibrated exposure average over integrations,S,mast:JWST/product/jw05893014004_02101_00002_nrcb3_cal.fits,SCIENCE,,CAL,,CALJWST,2.0.0,5893,jw05893014004_02101_00002_nrcb3_cal.fits,117573120,260189003,PUBLIC,2,F200W
254158790,JWST,image,jw05893014004_02101_00003_nrcb4,exposure (L2b): 2D calibrated exposure average over integrations,S,mast:JWST/product/jw05893014004_02101_00003_nrcb4_cal.fits,SCIENCE,,CAL,,CALJWST,2.0.0,5893,jw05893014004_02101_00003_nrcb4_cal.fits,117573120,260189003,PUBLIC,2,F200W
254158797,JWST,image,jw05893014004_02101_00001_nrcb2,exposure (L2b): 2D calibrated exposure average over integrations,S,mast:JWST/product/jw05893014004_02101_00001_nrcb2_cal.fits,SCIENCE,,CAL,,CALJWST,2.0.0,5893,jw05893014004_02101_00001_nrcb2_cal.fits,117573120,260189003,PUBLIC,2,F200W
254158887,JWST,image,jw05893014004_02101_00005_nrcb1,exposure (L2b): 2D calibrated exposure average over integrations,S,mast:JWST/product/jw05893014004_02101_00005_nrcb1_cal.fits,SCIENCE,,CAL,,CALJWST,2.0.0,5893,jw05893014004_02101_00005_nrcb1_cal.fits,117573120,260189003,PUBLIC,2,F200W
254158893,JWST,image,jw05893014004_02101_00004_nrcb3,exposure (L2b): 2D calibrated exposure average over integrations,S,mast:JWST/product/jw05893014004_02101_00004_nrcb3_cal.fits,SCIENCE,,CAL,,CALJWST,2.0.0,5893,jw05893014004_02101_00004_nrcb3_cal.fits,117573120,260189003,PUBLIC,2,F200W
254158896,JWST,image,jw05893014004_02101_00004_nrcb4,exposure (L2b): 2D calibrated exposure average over integrations,S,mast:JWST/product/jw05893014004_02101_00004_nrcb4_cal.fits,SCIENCE,,CAL,,CALJWST,2.0.0,5893,jw05893014004_02101_00004_nrcb4_cal.fits,117573120,260189003,PUBLIC,2,F200W
254158897,JWST,image,jw05893014004_02101_00004_nrcb2,exposure (L2b): 2D calibrated exposure average over integrations,S,mast:JWST/product/jw05893014004_02101_00004_nrcb2_cal.fits,SCIENCE,,CAL,,CALJWST,2.0.0,5893,jw05893014004_02101_00004_nrcb2_cal.fits,117573120,260189003,PUBLIC,2,F200W
254158899,JWST,image,jw05893014004_02101_00001_nrcb1,exposure (L2b): 2D calibrated exposure average over integrations,S,mast:JWST/product/jw05893014004_02101_00001_nrcb1_cal.fits,SCIENCE,,CAL,,CALJWST,2.0.0,5893,jw05893014004_02101_00001_nrcb1_cal.fits,117573120,260189003,PUBLIC,2,F200W
254158901,JWST,image,jw05893014004_02101_00006_nrcb3,exposure (L2b): 2D calibrated exposure average over integrations,S,mast:JWST/product/jw05893014004_02101_00006_nrcb3_cal.fits,SCIENCE,,CAL,,CALJWST,2.0.0,5893,jw05893014004_02101_00006_nrcb3_cal.fits,117573120,260189003,PUBLIC,2,F200W
254158904,JWST,image,jw05893014004_02101_00001_nrcb4,exposure (L2b): 2D calibrated exposure average over integrations,S,mast:JWST/product/jw05893014004_02101_00001_nrcb4_cal.fits,SCIENCE,,CAL,,CALJWST,2.0.0,5893,jw05893014004_02101_00001_nrcb4_cal.fits,117573120,260189003,PUBLIC,2,F200W
254158905,JWST,image,jw05893014004_02101_00001_nrcb3,exposure (L2b): 2D calibrated exposure average over integrations,S,mast:JWST/product/jw05893014004_02101_00001_nrcb3_cal.fits,SCIENCE,,CAL,,CALJWST,2.0.0,5893,jw05893014004_02101_00001_nrcb3_cal.fits,117573120,260189003,PUBLIC,2,F200W
254158909,JWST,image,jw05893014004_02101_00006_nrcb2,exposure (L2b): 2D calibrated exposure average over integrations,S,mast:JWST/product/jw05893014004_02101_00006_nrcb2_cal.fits,SCIENCE,,CAL,,CALJWST,2.0.0,5893,jw05893014004_02101_00006_nrcb2_cal.fits,117573120,260189003,PUBLIC,2,F200W
254159008,JWST,image,jw05893014004_02101_00003_nrcb2,exposure (L2b): 2D calibrated exposure average over integrations,S,mast:JWST/product/jw05893014004_02101_00003_nrcb2_cal.fits,SCIENCE,,CAL,,CALJWST,2.0.0,5893,jw05893014004_02101_00003_nrcb2_cal.fits,117573120,260189003,PUBLIC,2,F200W
254161933,JWST,image,jw05893014004_02101_00006_nrcb4,exposure (L2b): 2D calibrated exposure average over integrations,S,mast:JWST/product/jw05893014004_02101_00006_nrcb4_cal.fits,SCIENCE,,CAL,,CALJWST,2.0.0,5893,jw05893014004_02101_00006_nrcb4_cal.fits,117573120,260189003,PUBLIC,2,F200W
254355460,JWST,image,jw05893014002_02101_00001_nrcb4,exposure (L2b): 2D calibrated exposure average over integrations,S,mast:JWST/product/jw05893014002_02101_00001_nrcb4_cal.fits,SCIENCE,,CAL,,CALJWST,2.0.0,5893,jw05893014002_02101_00001_nrcb4_cal.fits,117573120,260189003,PUBLIC,2,F200W
254355462,JWST,image,jw05893014002_02101_00001_nrca3,exposure (L2b): 2D calibrated exposure average over integrations,S,mast:JWST/product/jw05893014002_02101_00001_nrca3_cal.fits,SCIENCE,,CAL,,CALJWST,2.0.0,5893,jw05893014002_02101_00001_nrca3_cal.fits,117573120,260189003,PUBLIC,2,F200W
254355465,JWST,image,jw05893014002_02101_00001_nrcb3,exposure (L2b): 2D calibrated exposure average over integrations,S,mast:JWST/product/jw05893014002_02101_00001_nrcb3_cal.fits,SCIENCE,,CAL,,CALJWST,2.0.0,5893,jw05893014002_02101_00001_nrcb3_cal.fits,117573120,260189003,PUBLIC,2,F200W
254355466,JWST,image,jw05893014002_02101_00001_nrca4,exposure (L2b): 2D calibrated exposure average over integrations,S,mast:JWST/product/jw05893014002_02101_00001_nrca4_cal.fits,SCIENCE,,CAL,,CALJWST,2.0.0,5893,jw05893014002_02101_00001_nrca4_cal.fits,117573120,260189003,PUBLIC,2,F200W
254355467,JWST,image,jw05893014002_02101_00001_nrca1,exposure (L2b): 2D calibrated exposure average over integrations,S,mast:JWST/product/jw05893014002_02101_00001_nrca1_cal.fits,SCIENCE,,CAL,,CALJWST,2.0.0,5893,jw05893014002_02101_00001_nrca1_cal.fits,117570240,260189003,PUBLIC,2,F200W
254355468,JWST,image,jw05893014002_02101_00003_nrca1,exposure (L2b): 2D calibrated exposure average over integrations,S,mast:JWST/product/jw05893014002_02101_00003_nrca1_cal.fits,SCIENCE,,CAL,,CALJWST,2.0.0,5893,jw05893014002_02101_00003_nrca1_cal.fits,117570240,260189003,PUBLIC,2,F200W
254355469,JWST,image,jw05893014002_02101_00002_nrca1,exposure (L2b): 2D calibrated exposure average over integrations,S,mast:JWST/product/jw05893014002_02101_00002_nrca1_cal.fits,SCIENCE,,CAL,,CALJWST,2.0.0,5893,jw05893014002_02101_00002_nrca1_cal.fits,117570240,260189003,PUBLIC,2,F200W
254355470,JWST,image,jw05893014002_02101_00002_nrcb1,exposure (L2b): 2D calibrated exposure average over integrations,S,mast:JWST/product/jw05893014002_02101_00002_nrcb1_cal.fits,SCIENCE,,CAL,,CALJWST,2.0.0,5893,jw05893014002_02101_00002_nrcb1_cal.fits,117573120,260189003,PUBLIC,2,F200W
254355471,JWST,image,jw05893014002_02101_00002_nrca4,exposure (L2b): 2D calibrated exposure average over integrations,S,mast:JWST/product/jw05893014002_02101_00002_nrca4_cal.fits,SCIENCE,,CAL,,CALJWST,2.0.0,5893,jw05893014002_02101_00002_nrca4_cal.fits,117573120,260189003,PUBLIC,2,F200W
254355472,JWST,image,jw05893014002_02101_00002_nrcb4,exposure (L2b): 2D calibrated exposure average over integrations,S,mast:JWST/product/jw05893014002_02101_00002_nrcb4_cal.fits,SCIENCE,,CAL,,CALJWST,2.0.0,5893,jw05893014002_02101_00002_nrcb4_cal.fits,117573120,260189003,PUBLIC,2,F200W
254355475,JWST,image,jw05893014002_02101_00002_nrcb3,exposure (L2b): 2D calibrated exposure average over integrations,S,mast:JWST/product/jw05893014002_02101_00002_nrcb3_cal.fits,SCIENCE,,CAL,,CALJWST,2.0.0,5893,jw05893014002_02101_00002_nrcb3_cal.fits,117573120,260189003,PUBLIC,2,F200W
254355476,JWST,image,jw05893014002_02101_00002_nrca2,exposure (L2b): 2D calibrated exposure average over integrations,S,mast:JWST/product/jw05893014002_02101_00002_nrca2_cal.fits,SCIENCE,,CAL,,CALJWST,2.0.0,5893,jw05893014002_02101_00002_nrca2_cal.fits,117570240,260189003,PUBLIC,2,F200W
254355478,JWST,image,jw05893014002_02101_00001_nrca2,exposure (L2b): 2D calibrated exposure average over integrations,S,mast:JWST/product/jw05893014002_02101_00001_nrca2_cal.fits,SCIENCE,,CAL,,CALJWST,2.0.0,5893,jw05893014002_02101_00001_nrca2_cal.fits,117570240,260189003,PUBLIC,2,F200W
254355480,JWST,image,jw05893014002_02101_00003_nrca4,exposure (L2b): 2D calibrated exposure average over integrations,S,mast:JWST/product/jw05893014002_02101_00003_nrca4_cal.fits,SCIENCE,,CAL,,CALJWST,2.0.0,5893,jw05893014002_02101_00003_nrca4_cal.fits,117573120,260189003,PUBLIC,2,F200W
254355481,JWST,image,jw05893014002_02101_00003_nrcb3,exposure (L2b): 2D calibrated exposure average over integrations,S,mast:JWST/product/jw05893014002_02101_00003_nrcb3_cal.fits,SCIENCE,,CAL,,CALJWST,2.0.0,5893,jw05893014002_02101_00003_nrcb3_cal.fits,117573120,260189003,PUBLIC,2,F200W
254355482,JWST,image,jw05893014002_02101_00003_nrcb4,exposure (L2b): 2D calibrated exposure average over integrations,S,mast:JWST/product/jw05893014002_02101_00003_nrcb4_cal.fits,SCIENCE,,CAL,,CALJWST,2.0.0,5893,jw05893014002_02101_00003_nrcb4_cal.fits,117573120,260189003,PUBLIC,2,F200W
254355484,JWST,image,jw05893014002_02101_00001_nrcb2,exposure (L2b): 2D calibrated exposure average over integrations,S,mast:JWST/product/jw05893014002_02101_00001_nrcb2_cal.fits,SCIENCE,,CAL,,CALJWST,2.0.0,5893,jw05893014002_02101_00001_nrcb2_cal.fits,117573120,260189003,PUBLIC,2,F200W
254355485,JWST,image,jw05893014002_02101_00002_nrcb2,exposure (L2b): 2D calibrated exposure average over integrations,S,mast:JWST/product/jw05893014002_02101_00002_nrcb2_cal.fits,SCIENCE,,CAL,,CALJWST,2.0.0,5893,jw05893014002_02101_00002_nrcb2_cal.fits,117573120,260189003,PUBLIC,2,F200W
254355486,JWST,image,jw05893014002_02101_00003_nrcb1,exposure (L2b): 2D calibrated exposure average over integrations,S,mast:JWST/product/jw05893014002_02101_00003_nrcb1_cal.fits,SCIENCE,,CAL,,CALJWST,2.0.0,5893,jw05893014002_02101_00003_nrcb1_cal.fits,117573120,260189003,PUBLIC,2,F200W
254355487,JWST,image,jw05893014002_02101_00001_nrcb1,exposure (L2b): 2D calibrated exposure average over integrations,S,mast:JWST/product/jw05893014002_02101_00001_nrcb1_cal.fits,SCIENCE,,CAL,,CALJWST,2.0.0,5893,jw05893014002_02101_00001_nrcb1_cal.fits,117573120,260189003,PUBLIC,2,F200W
254355488,JWST,image,jw05893014002_02101_00002_nrca3,exposure (L2b): 2D calibrated exposure average over integrations,S,mast:JWST/product/jw05893014002_02101_00002_nrca3_cal.fits,SCIENCE,,CAL,,CALJWST,2.0.0,5893,jw05893014002_02101_00002_nrca3_cal.fits,117573120,260189003,PUBLIC,2,F200W
254355489,JWST,image,jw05893014002_02101_00003_nrcb2,exposure (L2b): 2D calibrated exposure average over integrations,S,mast:JWST/product/jw05893014002_02101_00003_nrcb2_cal.fits,SCIENCE,,CAL,,CALJWST,2.0.0,5893,jw05893014002_02101_00003_nrcb2_cal.fits,117573120,260189003,PUBLIC,2,F200W
254355499,JWST,image,jw05893014002_02101_00006_nrcb3,exposure (L2b): 2D calibrated exposure average over integrations,S,mast:JWST/product/jw05893014002_02101_00006_nrcb3_cal.fits,SCIENCE,,CAL,,CALJWST,2.0.0,5893,jw05893014002_02101_00006_nrcb3_cal.fits,117573120,260189003,PUBLIC,2,F200W
254355510,JWST,image,jw05893014002_02101_00005_nrca1,exposure (L2b): 2D calibrated exposure average over integrations,S,mast:JWST/product/jw05893014002_02101_00005_nrca1_cal.fits,SCIENCE,,CAL,,CALJWST,2.0.0,5893,jw05893014002_02101_00005_nrca1_cal.fits,117570240,260189003,PUBLIC,2,F200W
254355513,JWST,image,jw05893014002_02101_00005_nrca3,exposure (L2b): 2D calibrated exposure average over integrations,S,mast:JWST/product/jw05893014002_02101_00005_nrca3_cal.fits,SCIENCE,,CAL,,CALJWST,2.0.0,5893,jw05893014002_02101_00005_nrca3_cal.fits,117573120,260189003,PUBLIC,2,F200W
254355515,JWST,image,jw05893014002_02101_00006_nrca2,exposure (L2b): 2D calibrated exposure average over integrations,S,mast:JWST/product/jw05893014002_02101_00006_nrca2_cal.fits,SCIENCE,,CAL,,CALJWST,2.0.0,5893,jw05893014002_02101_00006_nrca2_cal.fits,117570240,260189003,PUBLIC,2,F200W
254355516,JWST,image,jw05893014002_02101_00005_nrcb4,exposure (L2b): 2D calibrated exposure average over integrations,S,mast:JWST/product/jw05893014002_02101_00005_nrcb4_cal.fits,SCIENCE,,CAL,,CALJWST,2.0.0,5893,jw05893014002_02101_00005_nrcb4_cal.fits,117573120,260189003,PUBLIC,2,F200W
254355517,JWST,image,jw05893014002_02101_00005_nrca4,exposure (L2b): 2D calibrated exposure average over integrations,S,mast:JWST/product/jw05893014002_02101_00005_nrca4_cal.fits,SCIENCE,,CAL,,CALJWST,2.0.0,5893,jw05893014002_02101_00005_nrca4_cal.fits,117573120,260189003,PUBLIC,2,F200W
254355518,JWST,image,jw05893014002_02101_00006_nrca3,exposure (L2b): 2D calibrated exposure average over integrations,S,mast:JWST/product/jw05893014002_02101_00006_nrca3_cal.fits,SCIENCE,,CAL,,CALJWST,2.0.0,5893,jw05893014002_02101_00006_nrca3_cal.fits,117573120,260189003,PUBLIC,2,F200W
254355519,JWST,image,jw05893014002_02101_00006_nrcb4,exposure (L2b): 2D calibrated exposure average over integrations,S,mast:JWST/product/jw05893014002_02101_00006_nrcb4_cal.fits,SCIENCE,,CAL,,CALJWST,2.0.0,5893,jw05893014002_02101_00006_nrcb4_cal.fits,117573120,260189003,PUBLIC,2,F200W
254355520,JWST,image,jw05893014002_02101_00005_nrcb3,exposure (L2b): 2D calibrated exposure average over integrations,S,mast:JWST/product/jw05893014002_02101_00005_nrcb3_cal.fits,SCIENCE,,CAL,,CALJWST,2.0.0,5893,jw05893014002_02101_00005_nrcb3_cal.fits,117573120,260189003,PUBLIC,2,F200W
254355522,JWST,image,jw05893014002_02101_00006_nrcb1,exposure (L2b): 2D calibrated exposure average over integrations,S,mast:JWST/product/jw05893014002_02101_00006_nrcb1_cal.fits,SCIENCE,,CAL,,CALJWST,2.0.0,5893,jw05893014002_02101_00006_nrcb1_cal.fits,117573120,260189003,PUBLIC,2,F200W
254355523,JWST,image,jw05893014002_02101_00003_nrca2,exposure (L2b): 2D calibrated exposure average over integrations,S,mast:JWST/product/jw05893014002_02101_00003_nrca2_cal.fits,SCIENCE,,CAL,,CALJWST,2.0.0,5893,jw05893014002_02101_00003_nrca2_cal.fits,117570240,260189003,PUBLIC,2,F200W
254355527,JWST,image,jw05893014002_02101_00004_nrca2,exposure (L2b): 2D calibrated exposure average over integrations,S,mast:JWST/product/jw05893014002_02101_00004_nrca2_cal.fits,SCIENCE,,CAL,,CALJWST,2.0.0,5893,jw05893014002_02101_00004_nrca2_cal.fits,117570240,260189003,PUBLIC,2,F200W
254355528,JWST,image,jw05893014002_02101_00004_nrcb2,exposure (L2b): 2D calibrated exposure average over integrations,S,mast:JWST/product/jw05893014002_02101_00004_nrcb2_cal.fits,SCIENCE,,CAL,,CALJWST,2.0.0,5893,jw05893014002_02101_00004_nrcb2_cal.fits,117573120,260189003,PUBLIC,2,F200W
254355529,JWST,image,jw05893014002_02101_00006_nrca1,exposure (L2b): 2D calibrated exposure average over integrations,S,mast:JWST/product/jw05893014002_02101_00006_nrca1_cal.fits,SCIENCE,,CAL,,CALJWST,2.0.0,5893,jw05893014002_02101_00006_nrca1_cal.fits,117570240,260189003,PUBLIC,2,F200W
254355530,JWST,image,jw05893014002_02101_00005_nrca2,exposure (L2b): 2D calibrated exposure average over integrations,S,mast:JWST/product/jw05893014002_02101_00005_nrca2_cal.fits,SCIENCE,,CAL,,CALJWST,2.0.0,5893,jw05893014002_02101_00005_nrca2_cal.fits,117570240,260189003,PUBLIC,2,F200W
254355534,JWST,image,jw05893014002_02101_00005_nrcb2,exposure (L2b): 2D calibrated exposure average over integrations,S,mast:JWST/product/jw05893014002_02101_00005_nrcb2_cal.fits,SCIENCE,,CAL,,CALJWST,2.0.0,5893,jw05893014002_02101_00005_nrcb2_cal.fits,117573120,260189003,PUBLIC,2,F200W
254355535,JWST,image,jw05893014002_02101_00004_nrca4,exposure (L2b): 2D calibrated exposure average over integrations,S,mast:JWST/product/jw05893014002_02101_00004_nrca4_cal.fits,SCIENCE,,CAL,,CALJWST,2.0.0,5893,jw05893014002_02101_00004_nrca4_cal.fits,117573120,260189003,PUBLIC,2,F200W
254355537,JWST,image,jw05893014002_02101_00004_nrcb3,exposure (L2b): 2D calibrated exposure average over integrations,S,mast:JWST/product/jw05893014002_02101_00004_nrcb3_cal.fits,SCIENCE,,CAL,,CALJWST,2.0.0,5893,jw05893014002_02101_00004_nrcb3_cal.fits,117573120,260189003,PUBLIC,2,F200W
254355538,JWST,image,jw05893014002_02101_00004_nrcb1,exposure (L2b): 2D calibrated exposure average over integrations,S,mast:JWST/product/jw05893014002_02101_00004_nrcb1_cal.fits,SCIENCE,,CAL,,CALJWST,2.0.0,5893,jw05893014002_02101_00004_nrcb1_cal.fits,117573120,260189003,PUBLIC,2,F200W
254355539,JWST,image,jw05893014002_02101_00003_nrca3,exposure (L2b): 2D calibrated exposure average over integrations,S,mast:JWST/product/jw05893014002_02101_00003_nrca3_cal.fits,SCIENCE,,CAL,,CALJWST,2.0.0,5893,jw05893014002_02101_00003_nrca3_cal.fits,117573120,260189003,PUBLIC,2,F200W
254355541,JWST,image,jw05893014002_02101_00004_nrca3,exposure (L2b): 2D calibrated exposure average over integrations,S,mast:JWST/product/jw05893014002_02101_00004_nrca3_cal.fits,SCIENCE,,CAL,,CALJWST,2.0.0,5893,jw05893014002_02101_00004_nrca3_cal.fits,117573120,260189003,PUBLIC,2,F200W
254355542,JWST,image,jw05893014002_02101_00006_nrca4,exposure (L2b): 2D calibrated exposure average over integrations,S,mast:JWST/product/jw05893014002_02101_00006_nrca4_cal.fits,SCIENCE,,CAL,,CALJWST,2.0.0,5893,jw05893014002_02101_00006_nrca4_cal.fits,117573120,260189003,PUBLIC,2,F200W
254355543,JWST,image,jw05893014002_02101_00004_nrcb4,exposure (L2b): 2D calibrated exposure average over integrations,S,mast:JWST/product/jw05893014002_02101_00004_nrcb4_cal.fits,SCIENCE,,CAL,,CALJWST,2.0.0,5893,jw05893014002_02101_00004_nrcb4_cal.fits,117573120,260189003,PUBLIC,2,F200W
254355544,JWST,image,jw05893014002_02101_00006_nrcb2,exposure (L2b): 2D calibrated exposure average over integrations,S,mast:JWST/product/jw05893014002_02101_00006_nrcb2_cal.fits,SCIENCE,,CAL,,CALJWST,2.0.0,5893,jw05893014002_02101_00006_nrcb2_cal.fits,117573120,260189003,PUBLIC,2,F200W
254355546,JWST,image,jw05893014002_02101_00004_nrca1,exposure (L2b): 2D calibrated exposure average over integrations,S,mast:JWST/product/jw05893014002_02101_00004_nrca1_cal.fits,SCIENCE,,CAL,,CALJWST,2.0.0,5893,jw05893014002_02101_00004_nrca1_cal.fits,117570240,260189003,PUBLIC,2,F200W
254355549,JWST,image,jw05893014002_02101_00005_nrcb1,exposure (L2b): 2D calibrated exposure average over integrations,S,mast:JWST/product/jw05893014002_02101_00005_nrcb1_cal.fits,SCIENCE,,CAL,,CALJWST,2.0.0,5893,jw05893014002_02101_00005_nrcb1_cal.fits,117573120,260189003,PUBLIC,2,F200W
254356340,JWST,image,jw05893014003_02101_00001_nrca2,exposure (L2b): 2D calibrated exposure average over integrations,S,mast:JWST/product/jw05893014003_02101_00001_nrca2_cal.fits,SCIENCE,,CAL,,CALJWST,2.0.0,5893,jw05893014003_02101_00001_nrca2_cal.fits,117570240,260189003,PUBLIC,2,F200W
254356341,JWST,image,jw05893014003_02101_00001_nrca4,exposure (L2b): 2D calibrated exposure average over integrations,S,mast:JWST/product/jw05893014003_02101_00001_nrca4_cal.fits,SCIENCE,,CAL,,CALJWST,2.0.0,5893,jw05893014003_02101_00001_nrca4_cal.fits,117573120,260189003,PUBLIC,2,F200W
254356342,JWST,image,jw05893014003_02101_00001_nrca3,exposure (L2b): 2D calibrated exposure average over integrations,S,mast:JWST/product/jw05893014003_02101_00001_nrca3_cal.fits,SCIENCE,,CAL,,CALJWST,2.0.0,5893,jw05893014003_02101_00001_nrca3_cal.fits,117573120,260189003,PUBLIC,2,F200W
254356371,JWST,image,jw05893014003_02101_00002_nrcb2,exposure (L2b): 2D calibrated exposure average over integrations,S,mast:JWST/product/jw05893014003_02101_00002_nrcb2_cal.fits,SCIENCE,,CAL,,CALJWST,2.0.0,5893,jw05893014003_02101_00002_nrcb2_cal.fits,117573120,260189003,PUBLIC,2,F200W
254356373,JWST,image,jw05893014003_02101_00005_nrcb2,exposure (L2b): 2D calibrated exposure average over integrations,S,mast:JWST/product/jw05893014003_02101_00005_nrcb2_cal.fits,SCIENCE,,CAL,,CALJWST,2.0.0,5893,jw05893014003_02101_00005_nrcb2_cal.fits,117573120,260189003,PUBLIC,2,F200W
254356378,JWST,image,jw05893014003_02101_00005_nrcb1,exposure (L2b): 2D calibrated exposure average over integrations,S,mast:JWST/product/jw05893014003_02101_00005_nrcb1_cal.fits,SCIENCE,,CAL,,CALJWST,2.0.0,5893,jw05893014003_02101_00005_nrcb1_cal.fits,117573120,260189003,PUBLIC,2,F200W
254356379,JWST,image,jw05893014003_02101_00002_nrca4,exposure (L2b): 2D calibrated exposure average over integrations,S,mast:JWST/product/jw05893014003_02101_00002_nrca4_cal.fits,SCIENCE,,CAL,,CALJWST,2.0.0,5893,jw05893014003_02101_00002_nrca4_cal.fits,117573120,260189003,PUBLIC,2,F200W
254356380,JWST,image,jw05893014003_02101_00004_nrca1,exposure (L2b): 2D calibrated exposure average over integrations,S,mast:JWST/product/jw05893014003_02101_00004_nrca1_cal.fits,SCIENCE,,CAL,,CALJWST,2.0.0,5893,jw05893014003_02101_00004_nrca1_cal.fits,117570240,260189003,PUBLIC,2,F200W
254356381,JWST,image,jw05893014003_02101_00002_nrca3,exposure (L2b): 2D calibrated exposure average over integrations,S,mast:JWST/product/jw05893014003_02101_00002_nrca3_cal.fits,SCIENCE,,CAL,,CALJWST,2.0.0,5893,jw05893014003_02101_00002_nrca3_cal.fits,117573120,260189003,PUBLIC,2,F200W
254356383,JWST,image,jw05893014003_02101_00002_nrca2,exposure (L2b): 2D calibrated exposure average over integrations,S,mast:JWST/product/jw05893014003_02101_00002_nrca2_cal.fits,SCIENCE,,CAL,,CALJWST,2.0.0,5893,jw05893014003_02101_00002_nrca2_cal.fits,117570240,260189003,PUBLIC,2,F200W
254356384,JWST,image,jw05893014003_02101_00001_nrcb2,exposure (L2b): 2D calibrated exposure average over integrations,S,mast:JWST/product/jw05893014003_02101_00001_nrcb2_cal.fits,SCIENCE,,CAL,,CALJWST,2.0.0,5893,jw05893014003_02101_00001_nrcb2_cal.fits,117573120,260189003,PUBLIC,2,F200W
254356385,JWST,image,jw05893014003_02101_00005_nrca1,exposure (L2b): 2D calibrated exposure average over integrations,S,mast:JWST/product/jw05893014003_02101_00005_nrca1_cal.fits,SCIENCE,,CAL,,CALJWST,2.0.0,5893,jw05893014003_02101_00005_nrca1_cal.fits,117570240,260189003,PUBLIC,2,F200W
254356386,JWST,image,jw05893014003_02101_00005_nrca4,exposure (L2b): 2D calibrated exposure average over integrations,S,mast:JWST/product/jw05893014003_02101_00005_nrca4_cal.fits,SCIENCE,,CAL,,CALJWST,2.0.0,5893,jw05893014003_02101_00005_nrca4_cal.fits,117573120,260189003,PUBLIC,2,F200W
254356387,JWST,image,jw05893014003_02101_00005_nrcb3,exposure (L2b): 2D calibrated exposure average over integrations,S,mast:JWST/product/jw05893014003_02101_00005_nrcb3_cal.fits,SCIENCE,,CAL,,CALJWST,2.0.0,5893,jw05893014003_02101_00005_nrcb3_cal.fits,117573120,260189003,PUBLIC,2,F200W
254356389,JWST,image,jw05893014003_02101_00005_nrcb4,exposure (L2b): 2D calibrated exposure average over integrations,S,mast:JWST/product/jw05893014003_02101_00005_nrcb4_cal.fits,SCIENCE,,CAL,,CALJWST,2.0.0,5893,jw05893014003_02101_00005_nrcb4_cal.fits,117573120,260189003,PUBLIC,2,F200W
254356391,JWST,image,jw05893014003_02101_00004_nrcb2,exposure (L2b): 2D calibrated exposure average over integrations,S,mast:JWST/product/jw05893014003_02101_00004_nrcb2_cal.fits,SCIENCE,,CAL,,CALJWST,2.0.0,5893,jw05893014003_02101_00004_nrcb2_cal.fits,117573120,260189003,PUBLIC,2,F200W
254356393,JWST,image,jw05893014003_02101_00004_nrca2,exposure (L2b): 2D calibrated exposure average over integrations,S,mast:JWST/product/jw05893014003_02101_00004_nrca2_cal.fits,SCIENCE,,CAL,,CALJWST,2.0.0,5893,jw05893014003_02101_00004_nrca2_cal.fits,117570240,260189003,PUBLIC,2,F200W
254356394,JWST,image,jw05893014003_02101_00002_nrcb3,exposure (L2b): 2D calibrated exposure average over integrations,S,mast:JWST/product/jw05893014003_02101_00002_nrcb3_cal.fits,SCIENCE,,CAL,,CALJWST,2.0.0,5893,jw05893014003_02101_00002_nrcb3_cal.fits,117573120,260189003,PUBLIC,2,F200W
254356395,JWST,image,jw05893014003_02101_00003_nrca2,exposure (L2b): 2D calibrated exposure average over integrations,S,mast:JWST/product/jw05893014003_02101_00003_nrca2_cal.fits,SCIENCE,,CAL,,CALJWST,2.0.0,5893,jw05893014003_02101_00003_nrca2_cal.fits,117570240,260189003,PUBLIC,2,F200W
254356396,JWST,image,jw05893014003_02101_00002_nrcb4,exposure (L2b): 2D calibrated exposure average over integrations,S,mast:JWST/product/jw05893014003_02101_00002_nrcb4_cal.fits,SCIENCE,,CAL,,CALJWST,2.0.0,5893,jw05893014003_02101_00002_nrcb4_cal.fits,117573120,260189003,PUBLIC,2,F200W
254356398,JWST,image,jw05893014003_02101_00004_nrcb4,exposure (L2b): 2D calibrated exposure average over integrations,S,mast:JWST/product/jw05893014003_02101_00004_nrcb4_cal.fits,SCIENCE,,CAL,,CALJWST,2.0.0,5893,jw05893014003_02101_00004_nrcb4_cal.fits,117573120,260189003,PUBLIC,2,F200W
254356399,JWST,image,jw05893014003_02101_00004_nrcb1,exposure (L2b): 2D calibrated exposure average over integrations,S,mast:JWST/product/jw05893014003_02101_00004_nrcb1_cal.fits,SCIENCE,,CAL,,CALJWST,2.0.0,5893,jw05893014003_02101_00004_nrcb1_cal.fits,117573120,260189003,PUBLIC,2,F200W
254356400,JWST,image,jw05893014003_02101_00006_nrcb4,exposure (L2b): 2D calibrated exposure average over integrations,S,mast:JWST/product/jw05893014003_02101_00006_nrcb4_cal.fits,SCIENCE,,CAL,,CALJWST,2.0.0,5893,jw05893014003_02101_00006_nrcb4_cal.fits,117573120,260189003,PUBLIC,2,F200W
254356401,JWST,image,jw05893014003_02101_00001_nrcb1,exposure (L2b): 2D calibrated exposure average over integrations,S,mast:JWST/product/jw05893014003_02101_00001_nrcb1_cal.fits,SCIENCE,,CAL,,CALJWST,2.0.0,5893,jw05893014003_02101_00001_nrcb1_cal.fits,117573120,260189003,PUBLIC,2,F200W
254356402,JWST,image,jw05893014003_02101_00003_nrca3,exposure (L2b): 2D calibrated exposure average over integrations,S,mast:JWST/product/jw05893014003_02101_00003_nrca3_cal.fits,SCIENCE,,CAL,,CALJWST,2.0.0,5893,jw05893014003_02101_00003_nrca3_cal.fits,117573120,260189003,PUBLIC,2,F200W
254356403,JWST,image,jw05893014003_02101_00006_nrca1,exposure (L2b): 2D calibrated exposure average over integrations,S,mast:JWST/product/jw05893014003_02101_00006_nrca1_cal.fits,SCIENCE,,CAL,,CALJWST,2.0.0,5893,jw05893014003_02101_00006_nrca1_cal.fits,117570240,260189003,PUBLIC,2,F200W
254356404,JWST,image,jw05893014003_02101_00003_nrcb4,exposure (L2b): 2D calibrated exposure average over integrations,S,mast:JWST/product/jw05893014003_02101_00003_nrcb4_cal.fits,SCIENCE,,CAL,,CALJWST,2.0.0,5893,jw05893014003_02101_00003_nrcb4_cal.fits,117573120,260189003,PUBLIC,2,F200W
254356406,JWST,image,jw05893014003_02101_00003_nrcb1,exposure (L2b): 2D calibrated exposure average over integrations,S,mast:JWST/product/jw05893014003_02101_00003_nrcb1_cal.fits,SCIENCE,,CAL,,CALJWST,2.0.0,5893,jw05893014003_02101_00003_nrcb1_cal.fits,117573120,260189003,PUBLIC,2,F200W
254356407,JWST,image,jw05893014003_02101_00001_nrca1,exposure (L2b): 2D calibrated exposure average over integrations,S,mast:JWST/product/jw05893014003_02101_00001_nrca1_cal.fits,SCIENCE,,CAL,,CALJWST,2.0.0,5893,jw05893014003_02101_00001_nrca1_cal.fits,117570240,260189003,PUBLIC,2,F200W
254356408,JWST,image,jw05893014003_02101_00004_nrca3,exposure (L2b): 2D calibrated exposure average over integrations,S,mast:JWST/product/jw05893014003_02101_00004_nrca3_cal.fits,SCIENCE,,CAL,,CALJWST,2.0.0,5893,jw05893014003_02101_00004_nrca3_cal.fits,117573120,260189003,PUBLIC,2,F200W
254356410,JWST,image,jw05893014003_02101_00002_nrca1,exposure (L2b): 2D calibrated exposure average over integrations,S,mast:JWST/product/jw05893014003_02101_00002_nrca1_cal.fits,SCIENCE,,CAL,,CALJWST,2.0.0,5893,jw05893014003_02101_00002_nrca1_cal.fits,117570240,260189003,PUBLIC,2,F200W
254356411,JWST,image,jw05893014003_02101_00006_nrca3,exposure (L2b): 2D calibrated exposure average over integrations,S,mast:JWST/product/jw05893014003_02101_00006_nrca3_cal.fits,SCIENCE,,CAL,,CALJWST,2.0.0,5893,jw05893014003_02101_00006_nrca3_cal.fits,117573120,260189003,PUBLIC,2,F200W
254356412,JWST,image,jw05893014003_02101_00001_nrcb4,exposure (L2b): 2D calibrated exposure average over integrations,S,mast:JWST/product/jw05893014003_02101_00001_nrcb4_cal.fits,SCIENCE,,CAL,,CALJWST,2.0.0,5893,jw05893014003_02101_00001_nrcb4_cal.fits,117573120,260189003,PUBLIC,2,F200W
254356414,JWST,image,jw05893014003_02101_00006_nrcb1,exposure (L2b): 2D calibrated exposure average over integrations,S,mast:JWST/product/jw05893014003_02101_00006_nrcb1_cal.fits,SCIENCE,,CAL,,CALJWST,2.0.0,5893,jw05893014003_02101_00006_nrcb1_cal.fits,117573120,260189003,PUBLIC,2,F200W
254356415,JWST,image,jw05893014003_02101_00006_nrcb3,exposure (L2b): 2D calibrated exposure average over integrations,S,mast:JWST/product/jw05893014003_02101_00006_nrcb3_cal.fits,SCIENCE,,CAL,,CALJWST,2.0.0,5893,jw05893014003_02101_00006_nrcb3_cal.fits,117573120,260189003,PUBLIC,2,F200W
254356417,JWST,image,jw05893014003_02101_00006_nrca2,exposure (L2b): 2D calibrated exposure average over integrations,S,mast:JWST/product/jw05893014003_02101_00006_nrca2_cal.fits,SCIENCE,,CAL,,CALJWST,2.0.0,5893,jw05893014003_02101_00006_nrca2_cal.fits,117570240,260189003,PUBLIC,2,F200W
254356418,JWST,image,jw05893014003_02101_00004_nrca4,exposure (L2b): 2D calibrated exposure average over integrations,S,mast:JWST/product/jw05893014003_02101_00004_nrca4_cal.fits,SCIENCE,,CAL,,CALJWST,2.0.0,5893,jw05893014003_02101_00004_nrca4_cal.fits,117573120,260189003,PUBLIC,2,F200W
254356419,JWST,image,jw05893014003_02101_00002_nrcb1,exposure (L2b): 2D calibrated exposure average over integrations,S,mast:JWST/product/jw05893014003_02101_00002_nrcb1_cal.fits,SCIENCE,,CAL,,CALJWST,2.0.0,5893,jw05893014003_02101_00002_nrcb1_cal.fits,117573120,260189003,PUBLIC,2,F200W
254356420,JWST,image,jw05893014003_02101_00001_nrcb3,exposure (L2b): 2D calibrated exposure average over integrations,S,mast:JWST/product/jw05893014003_02101_00001_nrcb3_cal.fits,SCIENCE,,CAL,,CALJWST,2.0.0,5893,jw05893014003_02101_00001_nrcb3_cal.fits,117573120,260189003,PUBLIC,2,F200W
254356421,JWST,image,jw05893014003_02101_00003_nrca1,exposure (L2b): 2D calibrated exposure average over integrations,S,mast:JWST/product/jw05893014003_02101_00003_nrca1_cal.fits,SCIENCE,,CAL,,CALJWST,2.0.0,5893,jw05893014003_02101_00003_nrca1_cal.fits,117570240,260189003,PUBLIC,2,F200W
254356423,JWST,image,jw05893014003_02101_00003_nrcb3,exposure (L2b): 2D calibrated exposure average over integrations,S,mast:JWST/product/jw05893014003_02101_00003_nrcb3_cal.fits,SCIENCE,,CAL,,CALJWST,2.0.0,5893,jw05893014003_02101_00003_nrcb3_cal.fits,117573120,260189003,PUBLIC,2,F200W
254356424,JWST,image,jw05893014003_02101_00005_nrca2,exposure (L2b): 2D calibrated exposure average over integrations,S,mast:JWST/product/jw05893014003_02101_00005_nrca2_cal.fits,SCIENCE,,CAL,,CALJWST,2.0.0,5893,jw05893014003_02101_00005_nrca2_cal.fits,117570240,260189003,PUBLIC,2,F200W
254356425,JWST,image,jw05893014003_02101_00003_nrcb2,exposure (L2b): 2D calibrated exposure average over integrations,S,mast:JWST/product/jw05893014003_02101_00003_nrcb2_cal.fits,SCIENCE,,CAL,,CALJWST,2.0.0,5893,jw05893014003_02101_00003_nrcb2_cal.fits,117573120,260189003,PUBLIC,2,F200W
254356426,JWST,image,jw05893014003_02101_00004_nrcb3,exposure (L2b): 2D calibrated exposure average over integrations,S,mast:JWST/product/jw05893014003_02101_00004_nrcb3_cal.fits,SCIENCE,,CAL,,CALJWST,2.0.0,5893,jw05893014003_02101_00004_nrcb3_cal.fits,117573120,260189003,PUBLIC,2,F200W
254356427,JWST,image,jw05893014003_02101_00005_nrca3,exposure (L2b): 2D calibrated exposure average over integrations,S,mast:JWST/product/jw05893014003_02101_00005_nrca3_cal.fits,SCIENCE,,CAL,,CALJWST,2.0.0,5893,jw05893014003_02101_00005_nrca3_cal.fits,117573120,260189003,PUBLIC,2,F200W
254356428,JWST,image,jw05893014003_02101_00003_nrca4,exposure (L2b): 2D calibrated exposure average over integrations,S,mast:JWST/product/jw05893014003_02101_00003_nrca4_cal.fits,SCIENCE,,CAL,,CALJWST,2.0.0,5893,jw05893014003_02101_00003_nrca4_cal.fits,117573120,260189003,PUBLIC,2,F200W
254380089,JWST,image,jw05893014005_02101_00001_nrca1,exposure (L2b): 2D calibrated exposure average over integrations,S,mast:JWST/product/jw05893014005_02101_00001_nrca1_cal.fits,SCIENCE,,CAL,,CALJWST,2.0.0,5893,jw05893014005_02101_00001_nrca1_cal.fits,117570240,260189003,PUBLIC,2,F200W
254380141,JWST,image,jw05893014005_02101_00001_nrcb3,exposure (L2b): 2D calibrated exposure average over integrations,S,mast:JWST/product/jw05893014005_02101_00001_nrcb3_cal.fits,SCIENCE,,CAL,,CALJWST,2.0.0,5893,jw05893014005_02101_00001_nrcb3_cal.fits,117573120,260189003,PUBLIC,2,F200W
254380182,JWST,image,jw05893014005_02101_00001_nrcb2,exposure (L2b): 2D calibrated exposure average over integrations,S,mast:JWST/product/jw05893014005_02101_00001_nrcb2_cal.fits,SCIENCE,,CAL,,CALJWST,2.0.0,5893,jw05893014005_02101_00001_nrcb2_cal.fits,117573120,260189003,PUBLIC,2,F200W
254380203,JWST,image,jw05893014005_02101_00001_nrcb1,exposure (L2b): 2D calibrated exposure average over integrations,S,mast:JWST/product/jw05893014005_02101_00001_nrcb1_cal.fits,SCIENCE,,CAL,,CALJWST,2.0.0,5893,jw05893014005_02101_00001_nrcb1_cal.fits,117573120,260189003,PUBLIC,2,F200W
254380250,JWST,image,jw05893014005_02101_00001_nrca4,exposure (L2b): 2D calibrated exposure average over integrations,S,mast:JWST/product/jw05893014005_02101_00001_nrca4_cal.fits,SCIENCE,,CAL,,CALJWST,2.0.0,5893,jw05893014005_02101_00001_nrca4_cal.fits,117573120,260189003,PUBLIC,2,F200W
254380272,JWST,image,jw05893014005_02101_00002_nrcb1,exposure (L2b): 2D calibrated exposure average over integrations,S,mast:JWST/product/jw05893014005_02101_00002_nrcb1_cal.fits,SCIENCE,,CAL,,CALJWST,2.0.0,5893,jw05893014005_02101_00002_nrcb1_cal.fits,117573120,260189003,PUBLIC,2,F200W
254380294,JWST,image,jw05893014005_02101_00001_nrcb4,exposure (L2b): 2D calibrated exposure average over integrations,S,mast:JWST/product/jw05893014005_02101_00001_nrcb4_cal.fits,SCIENCE,,CAL,,CALJWST,2.0.0,5893,jw05893014005_02101_00001_nrcb4_cal.fits,117573120,260189003,PUBLIC,2,F200W
254380315,JWST,image,jw05893014005_02101_00002_nrca3,exposure (L2b): 2D calibrated exposure average over integrations,S,mast:JWST/product/jw05893014005_02101_00002_nrca3_cal.fits,SCIENCE,,CAL,,CALJWST,2.0.0,5893,jw05893014005_02101_00002_nrca3_cal.fits,117573120,260189003,PUBLIC,2,F200W
254380327,JWST,image,jw05893014005_02101_00002_nrcb4,exposure (L2b): 2D calibrated exposure average over integrations,S,mast:JWST/product/jw05893014005_02101_00002_nrcb4_cal.fits,SCIENCE,,CAL,,CALJWST,2.0.0,5893,jw05893014005_02101_00002_nrcb4_cal.fits,117573120,260189003,PUBLIC,2,F200W
254380360,JWST,image,jw05893014005_02101_00001_nrca2,exposure (L2b): 2D calibrated exposure average over integrations,S,mast:JWST/product/jw05893014005_02101_00001_nrca2_cal.fits,SCIENCE,,CAL,,CALJWST,2.0.0,5893,jw05893014005_02101_00001_nrca2_cal.fits,117570240,260189003,PUBLIC,2,F200W
254380390,JWST,image,jw05893014005_02101_00001_nrca3,exposure (L2b): 2D calibrated exposure average over integrations,S,mast:JWST/product/jw05893014005_02101_00001_nrca3_cal.fits,SCIENCE,,CAL,,CALJWST,2.0.0,5893,jw05893014005_02101_00001_nrca3_cal.fits,117573120,260189003,PUBLIC,2,F200W
254384282,JWST,image,jw05893014003_02101_00006_nrcb2,exposure (L2b): 2D calibrated exposure average over integrations,S,mast:JWST/product/jw05893014003_02101_00006_nrcb2_cal.fits,SCIENCE,,CAL,,CALJWST,2.0.0,5893,jw05893014003_02101_00006_nrcb2_cal.fits,117573120,260189003,PUBLIC,2,F200W
254385420,JWST,image,jw05893014003_02101_00006_nrca4,exposure (L2b): 2D calibrated exposure average over integrations,S,mast:JWST/product/jw05893014003_02101_00006_nrca4_cal.fits,SCIENCE,,CAL,,CALJWST,2.0.0,5893,jw05893014003_02101_00006_nrca4_cal.fits,117573120,260189003,PUBLIC,2,F200W
254405516,JWST,image,jw05893014005_02101_00004_nrca4,exposure (L2b): 2D calibrated exposure average over integrations,S,mast:JWST/product/jw05893014005_02101_00004_nrca4_cal.fits,SCIENCE,,CAL,,CALJWST,2.0.0,5893,jw05893014005_02101_00004_nrca4_cal.fits,117573120,260189003,PUBLIC,2,F200W
254405763,JWST,image,jw05893014005_02101_00004_nrca3,exposure (L2b): 2D calibrated exposure average over integrations,S,mast:JWST/product/jw05893014005_02101_00004_nrca3_cal.fits,SCIENCE,,CAL,,CALJWST,2.0.0,5893,jw05893014005_02101_00004_nrca3_cal.fits,117573120,260189003,PUBLIC,2,F200W
254405801,JWST,image,jw05893014005_02101_00006_nrcb3,exposure (L2b): 2D calibrated exposure average over integrations,S,mast:JWST/product/jw05893014005_02101_00006_nrcb3_cal.fits,SCIENCE,,CAL,,CALJWST,2.0.0,5893,jw05893014005_02101_00006_nrcb3_cal.fits,117573120,260189003,PUBLIC,2,F200W
254405812,JWST,image,jw05893014005_02101_00002_nrcb3,exposure (L2b): 2D calibrated exposure average over integrations,S,mast:JWST/product/jw05893014005_02101_00002_nrcb3_cal.fits,SCIENCE,,CAL,,CALJWST,2.0.0,5893,jw05893014005_02101_00002_nrcb3_cal.fits,117573120,260189003,PUBLIC,2,F200W
254405836,JWST,image,jw05893014005_02101_00005_nrcb2,exposure (L2b): 2D calibrated exposure average over integrations,S,mast:JWST/product/jw05893014005_02101_00005_nrcb2_cal.fits,SCIENCE,,CAL,,CALJWST,2.0.0,5893,jw05893014005_02101_00005_nrcb2_cal.fits,117573120,260189003,PUBLIC,2,F200W
254405854,JWST,image,jw05893014005_02101_00004_nrcb1,exposure (L2b): 2D calibrated exposure average over integrations,S,mast:JWST/product/jw05893014005_02101_00004_nrcb1_cal.fits,SCIENCE,,CAL,,CALJWST,2.0.0,5893,jw05893014005_02101_00004_nrcb1_cal.fits,117573120,260189003,PUBLIC,2,F200W
254405873,JWST,image,jw05893014005_02101_00003_nrca2,exposure (L2b): 2D calibrated exposure average over integrations,S,mast:JWST/product/jw05893014005_02101_00003_nrca2_cal.fits,SCIENCE,,CAL,,CALJWST,2.0.0,5893,jw05893014005_02101_00003_nrca2_cal.fits,117570240,260189003,PUBLIC,2,F200W
254405911,JWST,image,jw05893014005_02101_00005_nrca3,exposure (L2b): 2D calibrated exposure average over integrations,S,mast:JWST/product/jw05893014005_02101_00005_nrca3_cal.fits,SCIENCE,,CAL,,CALJWST,2.0.0,5893,jw05893014005_02101_00005_nrca3_cal.fits,117573120,260189003,PUBLIC,2,F200W
254405928,JWST,image,jw05893014005_02101_00003_nrcb3,exposure (L2b): 2D calibrated exposure average over integrations,S,mast:JWST/product/jw05893014005_02101_00003_nrcb3_cal.fits,SCIENCE,,CAL,,CALJWST,2.0.0,5893,jw05893014005_02101_00003_nrcb3_cal.fits,117573120,260189003,PUBLIC,2,F200W
254405972,JWST,image,jw05893014005_02101_00005_nrca2,exposure (L2b): 2D calibrated exposure average over integrations,S,mast:JWST/product/jw05893014005_02101_00005_nrca2_cal.fits,SCIENCE,,CAL,,CALJWST,2.0.0,5893,jw05893014005_02101_00005_nrca2_cal.fits,117570240,260189003,PUBLIC,2,F200W
254406014,JWST,image,jw05893014005_02101_00006_nrca2,exposure (L2b): 2D calibrated exposure average over integrations,S,mast:JWST/product/jw05893014005_02101_00006_nrca2_cal.fits,SCIENCE,,CAL,,CALJWST,2.0.0,5893,jw05893014005_02101_00006_nrca2_cal.fits,117570240,260189003,PUBLIC,2,F200W
254406089,JWST,image,jw05893014005_02101_00005_nrcb4,exposure (L2b): 2D calibrated exposure average over integrations,S,mast:JWST/product/jw05893014005_02101_00005_nrcb4_cal.fits,SCIENCE,,CAL,,CALJWST,2.0.0,5893,jw05893014005_02101_00005_nrcb4_cal.fits,117573120,260189003,PUBLIC,2,F200W
254406097,JWST,image,jw05893014005_02101_00005_nrca4,exposure (L2b): 2D calibrated exposure average over integrations,S,mast:JWST/product/jw05893014005_02101_00005_nrca4_cal.fits,SCIENCE,,CAL,,CALJWST,2.0.0,5893,jw05893014005_02101_00005_nrca4_cal.fits,117573120,260189003,PUBLIC,2,F200W
254406154,JWST,image,jw05893014005_02101_00006_nrca1,exposure (L2b): 2D calibrated exposure average over integrations,S,mast:JWST/product/jw05893014005_02101_00006_nrca1_cal.fits,SCIENCE,,CAL,,CALJWST,2.0.0,5893,jw05893014005_02101_00006_nrca1_cal.fits,117570240,260189003,PUBLIC,2,F200W
254406183,JWST,image,jw05893014005_02101_00006_nrcb2,exposure (L2b): 2D calibrated exposure average over integrations,S,mast:JWST/product/jw05893014005_02101_00006_nrcb2_cal.fits,SCIENCE,,CAL,,CALJWST,2.0.0,5893,jw05893014005_02101_00006_nrcb2_cal.fits,117573120,260189003,PUBLIC,2,F200W
254406197,JWST,image,jw05893014005_02101_00003_nrcb4,exposure (L2b): 2D calibrated exposure average over integrations,S,mast:JWST/product/jw05893014005_02101_00003_nrcb4_cal.fits,SCIENCE,,CAL,,CALJWST,2.0.0,5893,jw05893014005_02101_00003_nrcb4_cal.fits,117573120,260189003,PUBLIC,2,F200W
254406224,JWST,image,jw05893014005_02101_00004_nrcb3,exposure (L2b): 2D calibrated exposure average over integrations,S,mast:JWST/product/jw05893014005_02101_00004_nrcb3_cal.fits,SCIENCE,,CAL,,CALJWST,2.0.0,5893,jw05893014005_02101_00004_nrcb3_cal.fits,117573120,260189003,PUBLIC,2,F200W
254406316,JWST,image,jw05893014005_02101_00002_nrca4,exposure (L2b): 2D calibrated exposure average over integrations,S,mast:JWST/product/jw05893014005_02101_00002_nrca4_cal.fits,SCIENCE,,CAL,,CALJWST,2.0.0,5893,jw05893014005_02101_00002_nrca4_cal.fits,117573120,260189003,PUBLIC,2,F200W
254406335,JWST,image,jw05893014005_02101_00002_nrca2,exposure (L2b): 2D calibrated exposure average over integrations,S,mast:JWST/product/jw05893014005_02101_00002_nrca2_cal.fits,SCIENCE,,CAL,,CALJWST,2.0.0,5893,jw05893014005_02101_00002_nrca2_cal.fits,117570240,260189003,PUBLIC,2,F200W
254406368,JWST,image,jw05893014005_02101_00004_nrca1,exposure (L2b): 2D calibrated exposure average over integrations,S,mast:JWST/product/jw05893014005_02101_00004_nrca1_cal.fits,SCIENCE,,CAL,,CALJWST,2.0.0,5893,jw05893014005_02101_00004_nrca1_cal.fits,117570240,260189003,PUBLIC,2,F200W
254406438,JWST,image,jw05893014005_02101_00002_nrcb2,exposure (L2b): 2D calibrated exposure average over integrations,S,mast:JWST/product/jw05893014005_02101_00002_nrcb2_cal.fits,SCIENCE,,CAL,,CALJWST,2.0.0,5893,jw05893014005_02101_00002_nrcb2_cal.fits,117573120,260189003,PUBLIC,2,F200W
254406451,JWST,image,jw05893014005_02101_00002_nrca1,exposure (L2b): 2D calibrated exposure average over integrations,S,mast:JWST/product/jw05893014005_02101_00002_nrca1_cal.fits,SCIENCE,,CAL,,CALJWST,2.0.0,5893,jw05893014005_02101_00002_nrca1_cal.fits,117570240,260189003,PUBLIC,2,F200W
254406480,JWST,image,jw05893014005_02101_00004_nrcb4,exposure (L2b): 2D calibrated exposure average over integrations,S,mast:JWST/product/jw05893014005_02101_00004_nrcb4_cal.fits,SCIENCE,,CAL,,CALJWST,2.0.0,5893,jw05893014005_02101_00004_nrcb4_cal.fits,117573120,260189003,PUBLIC,2,F200W
254406531,JWST,image,jw05893014005_02101_00004_nrca2,exposure (L2b): 2D calibrated exposure average over integrations,S,mast:JWST/product/jw05893014005_02101_00004_nrca2_cal.fits,SCIENCE,,CAL,,CALJWST,2.0.0,5893,jw05893014005_02101_00004_nrca2_cal.fits,117570240,260189003,PUBLIC,2,F200W
254406585,JWST,image,jw05893014005_02101_00006_nrcb4,exposure (L2b): 2D calibrated exposure average over integrations,S,mast:JWST/product/jw05893014005_02101_00006_nrcb4_cal.fits,SCIENCE,,CAL,,CALJWST,2.0.0,5893,jw05893014005_02101_00006_nrcb4_cal.fits,117573120,260189003,PUBLIC,2,F200W
254406626,JWST,image,jw05893014005_02101_00003_nrcb2,exposure (L2b): 2D calibrated exposure average over integrations,S,mast:JWST/product/jw05893014005_02101_00003_nrcb2_cal.fits,SCIENCE,,CAL,,CALJWST,2.0.0,5893,jw05893014005_02101_00003_nrcb2_cal.fits,117573120,260189003,PUBLIC,2,F200W
254406678,JWST,image,jw05893014005_02101_00003_nrca1,exposure (L2b): 2D calibrated exposure average over integrations,S,mast:JWST/product/jw05893014005_02101_00003_nrca1_cal.fits,SCIENCE,,CAL,,CALJWST,2.0.0,5893,jw05893014005_02101_00003_nrca1_cal.fits,117570240,260189003,PUBLIC,2,F200W
254406715,JWST,image,jw05893014005_02101_00005_nrca1,exposure (L2b): 2D calibrated exposure average over integrations,S,mast:JWST/product/jw05893014005_02101_00005_nrca1_cal.fits,SCIENCE,,CAL,,CALJWST,2.0.0,5893,jw05893014005_02101_00005_nrca1_cal.fits,117570240,260189003,PUBLIC,2,F200W
254406905,JWST,image,jw05893014005_02101_00006_nrca4,exposure (L2b): 2D calibrated exposure average over integrations,S,mast:JWST/product/jw05893014005_02101_00006_nrca4_cal.fits,SCIENCE,,CAL,,CALJWST,2.0.0,5893,jw05893014005_02101_00006_nrca4_cal.fits,117573120,260189003,PUBLIC,2,F200W
254406932,JWST,image,jw05893014005_02101_00006_nrcb1,exposure (L2b): 2D calibrated exposure average over integrations,S,mast:JWST/product/jw05893014005_02101_00006_nrcb1_cal.fits,SCIENCE,,CAL,,CALJWST,2.0.0,5893,jw05893014005_02101_00006_nrcb1_cal.fits,117573120,260189003,PUBLIC,2,F200W
254406975,JWST,image,jw05893014005_02101_00003_nrca3,exposure (L2b): 2D calibrated exposure average over integrations,S,mast:JWST/product/jw05893014005_02101_00003_nrca3_cal.fits,SCIENCE,,CAL,,CALJWST,2.0.0,5893,jw05893014005_02101_00003_nrca3_cal.fits,117573120,260189003,PUBLIC,2,F200W
254407047,JWST,image,jw05893014005_02101_00003_nrca4,exposure (L2b): 2D calibrated exposure average over integrations,S,mast:JWST/product/jw05893014005_02101_00003_nrca4_cal.fits,SCIENCE,,CAL,,CALJWST,2.0.0,5893,jw05893014005_02101_00003_nrca4_cal.fits,117573120,260189003,PUBLIC,2,F200W
254407095,JWST,image,jw05893014005_02101_00004_nrcb2,exposure (L2b): 2D calibrated exposure average over integrations,S,mast:JWST/product/jw05893014005_02101_00004_nrcb2_cal.fits,SCIENCE,,CAL,,CALJWST,2.0.0,5893,jw05893014005_02101_00004_nrcb2_cal.fits,117573120,260189003,PUBLIC,2,F200W
254407112,JWST,image,jw05893014005_02101_00005_nrcb1,exposure (L2b): 2D calibrated exposure average over integrations,S,mast:JWST/product/jw05893014005_02101_00005_nrcb1_cal.fits,SCIENCE,,CAL,,CALJWST,2.0.0,5893,jw05893014005_02101_00005_nrcb1_cal.fits,117573120,260189003,PUBLIC,2,F200W
254407128,JWST,image,jw05893014005_02101_00006_nrca3,exposure (L2b): 2D calibrated exposure average over integrations,S,mast:JWST/product/jw05893014005_02101_00006_nrca3_cal.fits,SCIENCE,,CAL,,CALJWST,2.0.0,5893,jw05893014005_02101_00006_nrca3_cal.fits,117573120,260189003,PUBLIC,2,F200W
254407154,JWST,image,jw05893014005_02101_00003_nrcb1,exposure (L2b): 2D calibrated exposure average over integrations,S,mast:JWST/product/jw05893014005_02101_00003_nrcb1_cal.fits,SCIENCE,,CAL,,CALJWST,2.0.0,5893,jw05893014005_02101_00003_nrcb1_cal.fits,117573120,260189003,PUBLIC,2,F200W
254407174,JWST,image,jw05893014005_02101_00005_nrcb3,exposure (L2b): 2D calibrated exposure average over integrations,S,mast:JWST/product/jw05893014005_02101_00005_nrcb3_cal.fits,SCIENCE,,CAL,,CALJWST,2.0.0,5893,jw05893014005_02101_00005_nrcb3_cal.fits,117573120,260189003,PUBLIC,2,F200W
257830898,JWST,image,jw05893014006_02101_00005_nrca1,exposure (L2b): 2D calibrated exposure average over integrations,S,mast:JWST/product/jw05893014006_02101_00005_nrca1_cal.fits,SCIENCE,,CAL,,CALJWST,2.0.0,5893,jw05893014006_02101_00005_nrca1_cal.fits,117570240,260189003,PUBLIC,2,F200W
257830947,JWST,image,jw05893014006_02101_00004_nrca3,exposure (L2b): 2D calibrated exposure average over integrations,S,mast:JWST/product/jw05893014006_02101_00004_nrca3_cal.fits,SCIENCE,,CAL,,CALJWST,2.0.0,5893,jw05893014006_02101_00004_nrca3_cal.fits,117573120,260189003,PUBLIC,2,F200W
257831000,JWST,image,jw05893014006_02101_00004_nrca1,exposure (L2b): 2D calibrated exposure average over integrations,S,mast:JWST/product/jw05893014006_02101_00004_nrca1_cal.fits,SCIENCE,,CAL,,CALJWST,2.0.0,5893,jw05893014006_02101_00004_nrca1_cal.fits,117570240,260189003,PUBLIC,2,F200W
257831057,JWST,image,jw05893014006_02101_00001_nrca1,exposure (L2b): 2D calibrated exposure average over integrations,S,mast:JWST/product/jw05893014006_02101_00001_nrca1_cal.fits,SCIENCE,,CAL,,CALJWST,2.0.0,5893,jw05893014006_02101_00001_nrca1_cal.fits,117570240,260189003,PUBLIC,2,F200W
257831115,JWST,image,jw05893014006_02101_00003_nrca2,exposure (L2b): 2D calibrated exposure average over integrations,S,mast:JWST/product/jw05893014006_02101_00003_nrca2_cal.fits,SCIENCE,,CAL,,CALJWST,2.0.0,5893,jw05893014006_02101_00003_nrca2_cal.fits,117570240,260189003,PUBLIC,2,F200W
257831170,JWST,image,jw05893014006_02101_00002_nrca1,exposure (L2b): 2D calibrated exposure average over integrations,S,mast:JWST/product/jw05893014006_02101_00002_nrca1_cal.fits,SCIENCE,,CAL,,CALJWST,2.0.0,5893,jw05893014006_02101_00002_nrca1_cal.fits,117570240,260189003,PUBLIC,2,F200W
257831222,JWST,image,jw05893014006_02101_00001_nrca2,exposure (L2b): 2D calibrated exposure average over integrations,S,mast:JWST/product/jw05893014006_02101_00001_nrca2_cal.fits,SCIENCE,,CAL,,CALJWST,2.0.0,5893,jw05893014006_02101_00001_nrca2_cal.fits,117570240,260189003,PUBLIC,2,F200W
257831272,JWST,image,jw05893014006_02101_00005_nrca2,exposure (L2b): 2D calibrated exposure average over integrations,S,mast:JWST/product/jw05893014006_02101_00005_nrca2_cal.fits,SCIENCE,,CAL,,CALJWST,2.0.0,5893,jw05893014006_02101_00005_nrca2_cal.fits,117570240,260189003,PUBLIC,2,F200W
257831326,JWST,image,jw05893014006_02101_00006_nrca1,exposure (L2b): 2D calibrated exposure average over integrations,S,mast:JWST/product/jw05893014006_02101_00006_nrca1_cal.fits,SCIENCE,,CAL,,CALJWST,2.0.0,5893,jw05893014006_02101_00006_nrca1_cal.fits,117570240,260189003,PUBLIC,2,F200W
257831356,JWST,image,jw05893014006_02101_00003_nrca1,exposure (L2b): 2D calibrated exposure average over integrations,S,mast:JWST/product/jw05893014006_02101_00003_nrca1_cal.fits,SCIENCE,,CAL,,CALJWST,2.0.0,5893,jw05893014006_02101_00003_nrca1_cal.fits,117570240,260189003,PUBLIC,2,F200W
257831404,JWST,image,jw05893014006_02101_00002_nrca2,exposure (L2b): 2D calibrated exposure average over integrations,S,mast:JWST/product/jw05893014006_02101_00002_nrca2_cal.fits,SCIENCE,,CAL,,CALJWST,2.0.0,5893,jw05893014006_02101_00002_nrca2_cal.fits,117570240,260189003,PUBLIC,2,F200W
257831461,JWST,image,jw05893014006_02101_00006_nrca2,exposure (L2b): 2D calibrated exposure average over integrations,S,mast:JWST/product/jw05893014006_02101_00006_nrca2_cal.fits,SCIENCE,,CAL,,CALJWST,2.0.0,5893,jw05893014006_02101_00006_nrca2_cal.fits,117570240,260189003,PUBLIC,2,F200W
257831518,JWST,image,jw05893014006_02101_00001_nrca3,exposure (L2b): 2D calibrated exposure average over integrations,S,mast:JWST/product/jw05893014006_02101_00001_nrca3_cal.fits,SCIENCE,,CAL,,CALJWST,2.0.0,5893,jw05893014006_02101_00001_nrca3_cal.fits,117573120,260189003,PUBLIC,2,F200W
257868504,JWST,image,jw05893014006_02101_00003_nrcb4,exposure (L2b): 2D calibrated exposure average over integrations,S,mast:JWST/product/jw05893014006_02101_00003_nrcb4_cal.fits,SCIENCE,,CAL,,CALJWST,2.0.0,5893,jw05893014006_02101_00003_nrcb4_cal.fits,117573120,260189003,PUBLIC,2,F200W
257868543,JWST,image,jw05893014006_02101_00003_nrcb2,exposure (L2b): 2D calibrated exposure average over integrations,S,mast:JWST/product/jw05893014006_02101_00003_nrcb2_cal.fits,SCIENCE,,CAL,,CALJWST,2.0.0,5893,jw05893014006_02101_00003_nrcb2_cal.fits,117573120,260189003,PUBLIC,2,F200W
257868587,JWST,image,jw05893014006_02101_00001_nrcb2,exposure (L2b): 2D calibrated exposure average over integrations,S,mast:JWST/product/jw05893014006_02101_00001_nrcb2_cal.fits,SCIENCE,,CAL,,CALJWST,2.0.0,5893,jw05893014006_02101_00001_nrcb2_cal.fits,117573120,260189003,PUBLIC,2,F200W
257868603,JWST,image,jw05893014006_02101_00002_nrcb3,exposure (L2b): 2D calibrated exposure average over integrations,S,mast:JWST/product/jw05893014006_02101_00002_nrcb3_cal.fits,SCIENCE,,CAL,,CALJWST,2.0.0,5893,jw05893014006_02101_00002_nrcb3_cal.fits,117573120,260189003,PUBLIC,2,F200W
257868744,JWST,image,jw05893014006_02101_00004_nrcb2,exposure (L2b): 2D calibrated exposure average over integrations,S,mast:JWST/product/jw05893014006_02101_00004_nrcb2_cal.fits,SCIENCE,,CAL,,CALJWST,2.0.0,5893,jw05893014006_02101_00004_nrcb2_cal.fits,117573120,260189003,PUBLIC,2,F200W
257868795,JWST,image,jw05893014006_02101_00006_nrcb3,exposure (L2b): 2D calibrated exposure average over integrations,S,mast:JWST/product/jw05893014006_02101_00006_nrcb3_cal.fits,SCIENCE,,CAL,,CALJWST,2.0.0,5893,jw05893014006_02101_00006_nrcb3_cal.fits,117573120,260189003,PUBLIC,2,F200W
257868896,JWST,image,jw05893014006_02101_00005_nrcb4,exposure (L2b): 2D calibrated exposure average over integrations,S,mast:JWST/product/jw05893014006_02101_00005_nrcb4_cal.fits,SCIENCE,,CAL,,CALJWST,2.0.0,5893,jw05893014006_02101_00005_nrcb4_cal.fits,117573120,260189003,PUBLIC,2,F200W
257869011,JWST,image,jw05893014006_02101_00005_nrcb3,exposure (L2b): 2D calibrated exposure average over integrations,S,mast:JWST/product/jw05893014006_02101_00005_nrcb3_cal.fits,SCIENCE,,CAL,,CALJWST,2.0.0,5893,jw05893014006_02101_00005_nrcb3_cal.fits,117573120,260189003,PUBLIC,2,F200W
257869361,JWST,image,jw05893014006_02101_00002_nrcb4,exposure (L2b): 2D calibrated exposure average over integrations,S,mast:JWST/product/jw05893014006_02101_00002_nrcb4_cal.fits,SCIENCE,,CAL,,CALJWST,2.0.0,5893,jw05893014006_02101_00002_nrcb4_cal.fits,117573120,260189003,PUBLIC,2,F200W
257869366,JWST,image,jw05893014006_02101_00006_nrca3,exposure (L2b): 2D calibrated exposure average over integrations,S,mast:JWST/product/jw05893014006_02101_00006_nrca3_cal.fits,SCIENCE,,CAL,,CALJWST,2.0.0,5893,jw05893014006_02101_00006_nrca3_cal.fits,117573120,260189003,PUBLIC,2,F200W
257869367,JWST,image,jw05893014006_02101_00003_nrcb1,exposure (L2b): 2D calibrated exposure average over integrations,S,mast:JWST/product/jw05893014006_02101_00003_nrcb1_cal.fits,SCIENCE,,CAL,,CALJWST,2.0.0,5893,jw05893014006_02101_00003_nrcb1_cal.fits,117573120,260189003,PUBLIC,2,F200W
257869429,JWST,image,jw05893014006_02101_00006_nrca4,exposure (L2b): 2D calibrated exposure average over integrations,S,mast:JWST/product/jw05893014006_02101_00006_nrca4_cal.fits,SCIENCE,,CAL,,CALJWST,2.0.0,5893,jw05893014006_02101_00006_nrca4_cal.fits,117573120,260189003,PUBLIC,2,F200W
257869539,JWST,image,jw05893014006_02101_00003_nrca4,exposure (L2b): 2D calibrated exposure average over integrations,S,mast:JWST/product/jw05893014006_02101_00003_nrca4_cal.fits,SCIENCE,,CAL,,CALJWST,2.0.0,5893,jw05893014006_02101_00003_nrca4_cal.fits,117573120,260189003,PUBLIC,2,F200W
257869650,JWST,image,jw05893014006_02101_00006_nrcb4,exposure (L2b): 2D calibrated exposure average over integrations,S,mast:JWST/product/jw05893014006_02101_00006_nrcb4_cal.fits,SCIENCE,,CAL,,CALJWST,2.0.0,5893,jw05893014006_02101_00006_nrcb4_cal.fits,117573120,260189003,PUBLIC,2,F200W
257869711,JWST,image,jw05893014006_02101_00004_nrcb1,exposure (L2b): 2D calibrated exposure average over integrations,S,mast:JWST/product/jw05893014006_02101_00004_nrcb1_cal.fits,SCIENCE,,CAL,,CALJWST,2.0.0,5893,jw05893014006_02101_00004_nrcb1_cal.fits,117573120,260189003,PUBLIC,2,F200W
257869830,JWST,image,jw05893014006_02101_00002_nrcb1,exposure (L2b): 2D calibrated exposure average over integrations,S,mast:JWST/product/jw05893014006_02101_00002_nrcb1_cal.fits,SCIENCE,,CAL,,CALJWST,2.0.0,5893,jw05893014006_02101_00002_nrcb1_cal.fits,117573120,260189003,PUBLIC,2,F200W
257870002,JWST,image,jw05893014006_02101_00001_nrcb1,exposure (L2b): 2D calibrated exposure average over integrations,S,mast:JWST/product/jw05893014006_02101_00001_nrcb1_cal.fits,SCIENCE,,CAL,,CALJWST,2.0.0,5893,jw05893014006_02101_00001_nrcb1_cal.fits,117573120,260189003,PUBLIC,2,F200W
257870042,JWST,image,jw05893014006_02101_00005_nrcb2,exposure (L2b): 2D calibrated exposure average over integrations,S,mast:JWST/product/jw05893014006_02101_00005_nrcb2_cal.fits,SCIENCE,,CAL,,CALJWST,2.0.0,5893,jw05893014006_02101_00005_nrcb2_cal.fits,117573120,260189003,PUBLIC,2,F200W
257870043,JWST,image,jw05893014006_02101_00004_nrcb4,exposure (L2b): 2D calibrated exposure average over integrations,S,mast:JWST/product/jw05893014006_02101_00004_nrcb4_cal.fits,SCIENCE,,CAL,,CALJWST,2.0.0,5893,jw05893014006_02101_00004_nrcb4_cal.fits,117573120,260189003,PUBLIC,2,F200W
257870202,JWST,image,jw05893014006_02101_00004_nrca2,exposure (L2b): 2D calibrated exposure average over integrations,S,mast:JWST/product/jw05893014006_02101_00004_nrca2_cal.fits,SCIENCE,,CAL,,CALJWST,2.0.0,5893,jw05893014006_02101_00004_nrca2_cal.fits,117570240,260189003,PUBLIC,2,F200W
257870313,JWST,image,jw05893014006_02101_00005_nrca4,exposure (L2b): 2D calibrated exposure average over integrations,S,mast:JWST/product/jw05893014006_02101_00005_nrca4_cal.fits,SCIENCE,,CAL,,CALJWST,2.0.0,5893,jw05893014006_02101_00005_nrca4_cal.fits,117573120,260189003,PUBLIC,2,F200W
257870485,JWST,image,jw05893014006_02101_00005_nrca3,exposure (L2b): 2D calibrated exposure average over integrations,S,mast:JWST/product/jw05893014006_02101_00005_nrca3_cal.fits,SCIENCE,,CAL,,CALJWST,2.0.0,5893,jw05893014006_02101_00005_nrca3_cal.fits,117573120,260189003,PUBLIC,2,F200W
257870543,JWST,image,jw05893014006_02101_00001_nrcb4,exposure (L2b): 2D calibrated exposure average over integrations,S,mast:JWST/product/jw05893014006_02101_00001_nrcb4_cal.fits,SCIENCE,,CAL,,CALJWST,2.0.0,5893,jw05893014006_02101_00001_nrcb4_cal.fits,117573120,260189003,PUBLIC,2,F200W
257870588,JWST,image,jw05893014006_02101_00001_nrca4,exposure (L2b): 2D calibrated exposure average over integrations,S,mast:JWST/product/jw05893014006_02101_00001_nrca4_cal.fits,SCIENCE,,CAL,,CALJWST,2.0.0,5893,jw05893014006_02101_00001_nrca4_cal.fits,117573120,260189003,PUBLIC,2,F200W
257870645,JWST,image,jw05893014006_02101_00004_nrcb3,exposure (L2b): 2D calibrated exposure average over integrations,S,mast:JWST/product/jw05893014006_02101_00004_nrcb3_cal.fits,SCIENCE,,CAL,,CALJWST,2.0.0,5893,jw05893014006_02101_00004_nrcb3_cal.fits,117573120,260189003,PUBLIC,2,F200W
257870839,JWST,image,jw05893014006_02101_00002_nrca3,exposure (L2b): 2D calibrated exposure average over integrations,S,mast:JWST/product/jw05893014006_02101_00002_nrca3_cal.fits,SCIENCE,,CAL,,CALJWST,2.0.0,5893,jw05893014006_02101_00002_nrca3_cal.fits,117573120,260189003,PUBLIC,2,F200W
257870858,JWST,image,jw05893014006_02101_00004_nrca4,exposure (L2b): 2D calibrated exposure average over integrations,S,mast:JWST/product/jw05893014006_02101_00004_nrca4_cal.fits,SCIENCE,,CAL,,CALJWST,2.0.0,5893,jw05893014006_02101_00004_nrca4_cal.fits,117573120,260189003,PUBLIC,2,F200W
257870869,JWST,image,jw05893014006_02101_00006_nrcb1,exposure (L2b): 2D calibrated exposure average over integrations,S,mast:JWST/product/jw05893014006_02101_00006_nrcb1_cal.fits,SCIENCE,,CAL,,CALJWST,2.0.0,5893,jw05893014006_02101_00006_nrcb1_cal.fits,117573120,260189003,PUBLIC,2,F200W
257870926,JWST,image,jw05893014006_02101_00001_nrcb3,exposure (L2b): 2D calibrated exposure average over integrations,S,mast:JWST/product/jw05893014006_02101_00001_nrcb3_cal.fits,SCIENCE,,CAL,,CALJWST,2.0.0,5893,jw05893014006_02101_00001_nrcb3_cal.fits,117573120,260189003,PUBLIC,2,F200W
257871036,JWST,image,jw05893014006_02101_00003_nrcb3,exposure (L2b): 2D calibrated exposure average over integrations,S,mast:JWST/product/jw05893014006_02101_00003_nrcb3_cal.fits,SCIENCE,,CAL,,CALJWST,2.0.0,5893,jw05893014006_02101_00003_nrcb3_cal.fits,117573120,260189003,PUBLIC,2,F200W
257871091,JWST,image,jw05893014006_02101_00005_nrcb1,exposure (L2b): 2D calibrated exposure average over integrations,S,mast:JWST/product/jw05893014006_02101_00005_nrcb1_cal.fits,SCIENCE,,CAL,,CALJWST,2.0.0,5893,jw05893014006_02101_00005_nrcb1_cal.fits,117573120,260189003,PUBLIC,2,F200W
257871417,JWST,image,jw05893014006_02101_00002_nrcb2,exposure (L2b): 2D calibrated exposure average over integrations,S,mast:JWST/product/jw05893014006_02101_00002_nrcb2_cal.fits,SCIENCE,,CAL,,CALJWST,2.0.0,5893,jw05893014006_02101_00002_nrcb2_cal.fits,117573120,260189003,PUBLIC,2,F200W
257871468,JWST,image,jw05893014006_02101_00002_nrca4,exposure (L2b): 2D calibrated exposure average over integrations,S,mast:JWST/product/jw05893014006_02101_00002_nrca4_cal.fits,SCIENCE,,CAL,,CALJWST,2.0.0,5893,jw05893014006_02101_00002_nrca4_cal.fits,117573120,260189003,PUBLIC,2,F200W
257871575,JWST,image,jw05893014006_02101_00003_nrca3,exposure (L2b): 2D calibrated exposure average over integrations,S,mast:JWST/product/jw05893014006_02101_00003_nrca3_cal.fits,SCIENCE,,CAL,,CALJWST,2.0.0,5893,jw05893014006_02101_00003_nrca3_cal.fits,117573120,260189003,PUBLIC,2,F200W
257871618,JWST,image,jw05893014006_02101_00006_nrcb2,exposure (L2b): 2D calibrated exposure average over integrations,S,mast:JWST/product/jw05893014006_02101_00006_nrcb2_cal.fits,SCIENCE,,CAL,,CALJWST,2.0.0,5893,jw05893014006_02101_00006_nrcb2_cal.fits,117573120,260189003,PUBLIC,2,F200W
257898720,JWST,image,jw05893014007_02101_00001_nrcb1,exposure (L2b): 2D calibrated exposure average over integrations,S,mast:JWST/product/jw05893014007_02101_00001_nrcb1_cal.fits,SCIENCE,,CAL,,CALJWST,2.0.0,5893,jw05893014007_02101_00001_nrcb1_cal.fits,117573120,260189003,PUBLIC,2,F200W
257898747,JWST,image,jw05893014007_02101_00002_nrca4,exposure (L2b): 2D calibrated exposure average over integrations,S,mast:JWST/product/jw05893014007_02101_00002_nrca4_cal.fits,SCIENCE,,CAL,,CALJWST,2.0.0,5893,jw05893014007_02101_00002_nrca4_cal.fits,117573120,260189003,PUBLIC,2,F200W
257898802,JWST,image,jw05893014007_02101_00001_nrcb2,exposure (L2b): 2D calibrated exposure average over integrations,S,mast:JWST/product/jw05893014007_02101_00001_nrcb2_cal.fits,SCIENCE,,CAL,,CALJWST,2.0.0,5893,jw05893014007_02101_00001_nrcb2_cal.fits,117573120,260189003,PUBLIC,2,F200W
257898855,JWST,image,jw05893014007_02101_00002_nrca1,exposure (L2b): 2D calibrated exposure average over integrations,S,mast:JWST/product/jw05893014007_02101_00002_nrca1_cal.fits,SCIENCE,,CAL,,CALJWST,2.0.0,5893,jw05893014007_02101_00002_nrca1_cal.fits,117570240,260189003,PUBLIC,2,F200W
257898904,JWST,image,jw05893014007_02101_00001_nrca1,exposure (L2b): 2D calibrated exposure average over integrations,S,mast:JWST/product/jw05893014007_02101_00001_nrca1_cal.fits,SCIENCE,,CAL,,CALJWST,2.0.0,5893,jw05893014007_02101_00001_nrca1_cal.fits,117570240,260189003,PUBLIC,2,F200W
257898954,JWST,image,jw05893014007_02101_00002_nrcb2,exposure (L2b): 2D calibrated exposure average over integrations,S,mast:JWST/product/jw05893014007_02101_00002_nrcb2_cal.fits,SCIENCE,,CAL,,CALJWST,2.0.0,5893,jw05893014007_02101_00002_nrcb2_cal.fits,117573120,260189003,PUBLIC,2,F200W
257899006,JWST,image,jw05893014007_02101_00001_nrca3,exposure (L2b): 2D calibrated exposure average over integrations,S,mast:JWST/product/jw05893014007_02101_00001_nrca3_cal.fits,SCIENCE,,CAL,,CALJWST,2.0.0,5893,jw05893014007_02101_00001_nrca3_cal.fits,117573120,260189003,PUBLIC,2,F200W
257899077,JWST,image,jw05893014007_02101_00002_nrca3,exposure (L2b): 2D calibrated exposure average over integrations,S,mast:JWST/product/jw05893014007_02101_00002_nrca3_cal.fits,SCIENCE,,CAL,,CALJWST,2.0.0,5893,jw05893014007_02101_00002_nrca3_cal.fits,117573120,260189003,PUBLIC,2,F200W
257899180,JWST,image,jw05893014007_02101_00001_nrcb3,exposure (L2b): 2D calibrated exposure average over integrations,S,mast:JWST/product/jw05893014007_02101_00001_nrcb3_cal.fits,SCIENCE,,CAL,,CALJWST,2.0.0,5893,jw05893014007_02101_00001_nrcb3_cal.fits,117573120,260189003,PUBLIC,2,F200W
257899217,JWST,image,jw05893014007_02101_00002_nrcb3,exposure (L2b): 2D calibrated exposure average over integrations,S,mast:JWST/product/jw05893014007_02101_00002_nrcb3_cal.fits,SCIENCE,,CAL,,CALJWST,2.0.0,5893,jw05893014007_02101_00002_nrcb3_cal.fits,117573120,260189003,PUBLIC,2,F200W
257899226,JWST,image,jw05893014007_02101_00002_nrcb1,exposure (L2b): 2D calibrated exposure average over integrations,S,mast:JWST/product/jw05893014007_02101_00002_nrcb1_cal.fits,SCIENCE,,CAL,,CALJWST,2.0.0,5893,jw05893014007_02101_00002_nrcb1_cal.fits,117573120,260189003,PUBLIC,2,F200W
257899280,JWST,image,jw05893014007_02101_00002_nrcb4,exposure (L2b): 2D calibrated exposure average over integrations,S,mast:JWST/product/jw05893014007_02101_00002_nrcb4_cal.fits,SCIENCE,,CAL,,CALJWST,2.0.0,5893,jw05893014007_02101_00002_nrcb4_cal.fits,117573120,260189003,PUBLIC,2,F200W
257899331,JWST,image,jw05893014007_02101_00001_nrca2,exposure (L2b): 2D calibrated exposure average over integrations,S,mast:JWST/product/jw05893014007_02101_00001_nrca2_cal.fits,SCIENCE,,CAL,,CALJWST,2.0.0,5893,jw05893014007_02101_00001_nrca2_cal.fits,117570240,260189003,PUBLIC,2,F200W
257899434,JWST,image,jw05893014007_02101_00001_nrcb4,exposure (L2b): 2D calibrated exposure average over integrations,S,mast:JWST/product/jw05893014007_02101_00001_nrcb4_cal.fits,SCIENCE,,CAL,,CALJWST,2.0.0,5893,jw05893014007_02101_00001_nrcb4_cal.fits,117573120,260189003,PUBLIC,2,F200W
257899540,JWST,image,jw05893014007_02101_00001_nrca4,exposure (L2b): 2D calibrated exposure average over integrations,S,mast:JWST/product/jw05893014007_02101_00001_nrca4_cal.fits,SCIENCE,,CAL,,CALJWST,2.0.0,5893,jw05893014007_02101_00001_nrca4_cal.fits,117573120,260189003,PUBLIC,2,F200W
257966340,JWST,image,jw05893014007_02101_00003_nrca2,exposure (L2b): 2D calibrated exposure average over integrations,S,mast:JWST/product/jw05893014007_02101_00003_nrca2_cal.fits,SCIENCE,,CAL,,CALJWST,2.0.0,5893,jw05893014007_02101_00003_nrca2_cal.fits,117570240,260189003,PUBLIC,2,F200W
257966444,JWST,image,jw05893014007_02101_00005_nrcb1,exposure (L2b): 2D calibrated exposure average over integrations,S,mast:JWST/product/jw05893014007_02101_00005_nrcb1_cal.fits,SCIENCE,,CAL,,CALJWST,2.0.0,5893,jw05893014007_02101_00005_nrcb1_cal.fits,117573120,260189003,PUBLIC,2,F200W
257966614,JWST,image,jw05893014007_02101_00004_nrca1,exposure (L2b): 2D calibrated exposure average over integrations,S,mast:JWST/product/jw05893014007_02101_00004_nrca1_cal.fits,SCIENCE,,CAL,,CALJWST,2.0.0,5893,jw05893014007_02101_00004_nrca1_cal.fits,117570240,260189003,PUBLIC,2,F200W
257966630,JWST,image,jw05893014007_02101_00004_nrcb3,exposure (L2b): 2D calibrated exposure average over integrations,S,mast:JWST/product/jw05893014007_02101_00004_nrcb3_cal.fits,SCIENCE,,CAL,,CALJWST,2.0.0,5893,jw05893014007_02101_00004_nrcb3_cal.fits,117573120,260189003,PUBLIC,2,F200W
257966948,JWST,image,jw05893014007_02101_00005_nrcb3,exposure (L2b): 2D calibrated exposure average over integrations,S,mast:JWST/product/jw05893014007_02101_00005_nrcb3_cal.fits,SCIENCE,,CAL,,CALJWST,2.0.0,5893,jw05893014007_02101_00005_nrcb3_cal.fits,117573120,260189003,PUBLIC,2,F200W
257967034,JWST,image,jw05893014007_02101_00004_nrca2,exposure (L2b): 2D calibrated exposure average over integrations,S,mast:JWST/product/jw05893014007_02101_00004_nrca2_cal.fits,SCIENCE,,CAL,,CALJWST,2.0.0,5893,jw05893014007_02101_00004_nrca2_cal.fits,117570240,260189003,PUBLIC,2,F200W
257967074,JWST,image,jw05893014007_02101_00004_nrcb4,exposure (L2b): 2D calibrated exposure average over integrations,S,mast:JWST/product/jw05893014007_02101_00004_nrcb4_cal.fits,SCIENCE,,CAL,,CALJWST,2.0.0,5893,jw05893014007_02101_00004_nrcb4_cal.fits,117573120,260189003,PUBLIC,2,F200W
257967316,JWST,image,jw05893014007_02101_00004_nrcb2,exposure (L2b): 2D calibrated exposure average over integrations,S,mast:JWST/product/jw05893014007_02101_00004_nrcb2_cal.fits,SCIENCE,,CAL,,CALJWST,2.0.0,5893,jw05893014007_02101_00004_nrcb2_cal.fits,117573120,260189003,PUBLIC,2,F200W
257967536,JWST,image,jw05893014007_02101_00006_nrcb4,exposure (L2b): 2D calibrated exposure average over integrations,S,mast:JWST/product/jw05893014007_02101_00006_nrcb4_cal.fits,SCIENCE,,CAL,,CALJWST,2.0.0,5893,jw05893014007_02101_00006_nrcb4_cal.fits,117573120,260189003,PUBLIC,2,F200W
257967709,JWST,image,jw05893014007_02101_00003_nrca1,exposure (L2b): 2D calibrated exposure average over integrations,S,mast:JWST/product/jw05893014007_02101_00003_nrca1_cal.fits,SCIENCE,,CAL,,CALJWST,2.0.0,5893,jw05893014007_02101_00003_nrca1_cal.fits,117570240,260189003,PUBLIC,2,F200W
257967917,JWST,image,jw05893014007_02101_00003_nrcb3,exposure (L2b): 2D calibrated exposure average over integrations,S,mast:JWST/product/jw05893014007_02101_00003_nrcb3_cal.fits,SCIENCE,,CAL,,CALJWST,2.0.0,5893,jw05893014007_02101_00003_nrcb3_cal.fits,117573120,260189003,PUBLIC,2,F200W
257967972,JWST,image,jw05893014007_02101_00004_nrcb1,exposure (L2b): 2D calibrated exposure average over integrations,S,mast:JWST/product/jw05893014007_02101_00004_nrcb1_cal.fits,SCIENCE,,CAL,,CALJWST,2.0.0,5893,jw05893014007_02101_00004_nrcb1_cal.fits,117573120,260189003,PUBLIC,2,F200W
257968398,JWST,image,jw05893014007_02101_00005_nrca1,exposure (L2b): 2D calibrated exposure average over integrations,S,mast:JWST/product/jw05893014007_02101_00005_nrca1_cal.fits,SCIENCE,,CAL,,CALJWST,2.0.0,5893,jw05893014007_02101_00005_nrca1_cal.fits,117570240,260189003,PUBLIC,2,F200W
257968839,JWST,image,jw05893014007_02101_00003_nrca4,exposure (L2b): 2D calibrated exposure average over integrations,S,mast:JWST/product/jw05893014007_02101_00003_nrca4_cal.fits,SCIENCE,,CAL,,CALJWST,2.0.0,5893,jw05893014007_02101_00003_nrca4_cal.fits,117573120,260189003,PUBLIC,2,F200W
257969339,JWST,image,jw05893014007_02101_00006_nrca1,exposure (L2b): 2D calibrated exposure average over integrations,S,mast:JWST/product/jw05893014007_02101_00006_nrca1_cal.fits,SCIENCE,,CAL,,CALJWST,2.0.0,5893,jw05893014007_02101_00006_nrca1_cal.fits,117570240,260189003,PUBLIC,2,F200W
257969758,JWST,image,jw05893014007_02101_00004_nrca3,exposure (L2b): 2D calibrated exposure average over integrations,S,mast:JWST/product/jw05893014007_02101_00004_nrca3_cal.fits,SCIENCE,,CAL,,CALJWST,2.0.0,5893,jw05893014007_02101_00004_nrca3_cal.fits,117573120,260189003,PUBLIC,2,F200W
257970136,JWST,image,jw05893014007_02101_00003_nrcb2,exposure (L2b): 2D calibrated exposure average over integrations,S,mast:JWST/product/jw05893014007_02101_00003_nrcb2_cal.fits,SCIENCE,,CAL,,CALJWST,2.0.0,5893,jw05893014007_02101_00003_nrcb2_cal.fits,117573120,260189003,PUBLIC,2,F200W
257970394,JWST,image,jw05893014007_02101_00003_nrcb1,exposure (L2b): 2D calibrated exposure average over integrations,S,mast:JWST/product/jw05893014007_02101_00003_nrcb1_cal.fits,SCIENCE,,CAL,,CALJWST,2.0.0,5893,jw05893014007_02101_00003_nrcb1_cal.fits,117573120,260189003,PUBLIC,2,F200W
257970530,JWST,image,jw05893014007_02101_00005_nrca4,exposure (L2b): 2D calibrated exposure average over integrations,S,mast:JWST/product/jw05893014007_02101_00005_nrca4_cal.fits,SCIENCE,,CAL,,CALJWST,2.0.0,5893,jw05893014007_02101_00005_nrca4_cal.fits,117573120,260189003,PUBLIC,2,F200W
257970593,JWST,image,jw05893014007_02101_00005_nrcb4,exposure (L2b): 2D calibrated exposure average over integrations,S,mast:JWST/product/jw05893014007_02101_00005_nrcb4_cal.fits,SCIENCE,,CAL,,CALJWST,2.0.0,5893,jw05893014007_02101_00005_nrcb4_cal.fits,117573120,260189003,PUBLIC,2,F200W
257970691,JWST,image,jw05893014007_02101_00004_nrca4,exposure (L2b): 2D calibrated exposure average over integrations,S,mast:JWST/product/jw05893014007_02101_00004_nrca4_cal.fits,SCIENCE,,CAL,,CALJWST,2.0.0,5893,jw05893014007_02101_00004_nrca4_cal.fits,117573120,260189003,PUBLIC,2,F200W
257970777,JWST,image,jw05893014007_02101_00005_nrcb2,exposure (L2b): 2D calibrated exposure average over integrations,S,mast:JWST/product/jw05893014007_02101_00005_nrcb2_cal.fits,SCIENCE,,CAL,,CALJWST,2.0.0,5893,jw05893014007_02101_00005_nrcb2_cal.fits,117573120,260189003,PUBLIC,2,F200W
257970961,JWST,image,jw05893014007_02101_00005_nrca2,exposure (L2b): 2D calibrated exposure average over integrations,S,mast:JWST/product/jw05893014007_02101_00005_nrca2_cal.fits,SCIENCE,,CAL,,CALJWST,2.0.0,5893,jw05893014007_02101_00005_nrca2_cal.fits,117570240,260189003,PUBLIC,2,F200W
257971188,JWST,image,jw05893014007_02101_00006_nrcb2,exposure (L2b): 2D calibrated exposure average over integrations,S,mast:JWST/product/jw05893014007_02101_00006_nrcb2_cal.fits,SCIENCE,,CAL,,CALJWST,2.0.0,5893,jw05893014007_02101_00006_nrcb2_cal.fits,117573120,260189003,PUBLIC,2,F200W
257971325,JWST,image,jw05893014007_02101_00006_nrca2,exposure (L2b): 2D calibrated exposure average over integrations,S,mast:JWST/product/jw05893014007_02101_00006_nrca2_cal.fits,SCIENCE,,CAL,,CALJWST,2.0.0,5893,jw05893014007_02101_00006_nrca2_cal.fits,117570240,260189003,PUBLIC,2,F200W
257971490,JWST,image,jw05893014007_02101_00002_nrca2,exposure (L2b): 2D calibrated exposure average over integrations,S,mast:JWST/product/jw05893014007_02101_00002_nrca2_cal.fits,SCIENCE,,CAL,,CALJWST,2.0.0,5893,jw05893014007_02101_00002_nrca2_cal.fits,117570240,260189003,PUBLIC,2,F200W
257971673,JWST,image,jw05893014007_02101_00006_nrca4,exposure (L2b): 2D calibrated exposure average over integrations,S,mast:JWST/product/jw05893014007_02101_00006_nrca4_cal.fits,SCIENCE,,CAL,,CALJWST,2.0.0,5893,jw05893014007_02101_00006_nrca4_cal.fits,117573120,260189003,PUBLIC,2,F200W
257971726,JWST,image,jw05893014007_02101_00003_nrcb4,exposure (L2b): 2D calibrated exposure average over integrations,S,mast:JWST/product/jw05893014007_02101_00003_nrcb4_cal.fits,SCIENCE,,CAL,,CALJWST,2.0.0,5893,jw05893014007_02101_00003_nrcb4_cal.fits,117573120,260189003,PUBLIC,2,F200W
257971891,JWST,image,jw05893014007_02101_00006_nrcb1,exposure (L2b): 2D calibrated exposure average over integrations,S,mast:JWST/product/jw05893014007_02101_00006_nrcb1_cal.fits,SCIENCE,,CAL,,CALJWST,2.0.0,5893,jw05893014007_02101_00006_nrcb1_cal.fits,117573120,260189003,PUBLIC,2,F200W
257971971,JWST,image,jw05893014007_02101_00003_nrca3,exposure (L2b): 2D calibrated exposure average over integrations,S,mast:JWST/product/jw05893014007_02101_00003_nrca3_cal.fits,SCIENCE,,CAL,,CALJWST,2.0.0,5893,jw05893014007_02101_00003_nrca3_cal.fits,117573120,260189003,PUBLIC,2,F200W
257972454,JWST,image,jw05893014007_02101_00006_nrcb3,exposure (L2b): 2D calibrated exposure average over integrations,S,mast:JWST/product/jw05893014007_02101_00006_nrcb3_cal.fits,SCIENCE,,CAL,,CALJWST,2.0.0,5893,jw05893014007_02101_00006_nrcb3_cal.fits,117573120,260189003,PUBLIC,2,F200W
257972598,JWST,image,jw05893014007_02101_00005_nrca3,exposure (L2b): 2D calibrated exposure average over integrations,S,mast:JWST/product/jw05893014007_02101_00005_nrca3_cal.fits,SCIENCE,,CAL,,CALJWST,2.0.0,5893,jw05893014007_02101_00005_nrca3_cal.fits,117573120,260189003,PUBLIC,2,F200W
257972737,JWST,image,jw05893014007_02101_00006_nrca3,exposure (L2b): 2D calibrated exposure average over integrations,S,mast:JWST/product/jw05893014007_02101_00006_nrca3_cal.fits,SCIENCE,,CAL,,CALJWST,2.0.0,5893,jw05893014007_02101_00006_nrca3_cal.fits,117573120,260189003,PUBLIC,2,F200W
258001844,JWST,image,jw05893014008_02101_00001_nrcb2,exposure (L2b): 2D calibrated exposure average over integrations,S,mast:JWST/product/jw05893014008_02101_00001_nrcb2_cal.fits,SCIENCE,,CAL,,CALJWST,2.0.0,5893,jw05893014008_02101_00001_nrcb2_cal.fits,117573120,260189003,PUBLIC,2,F200W
258001921,JWST,image,jw05893014008_02101_00001_nrcb4,exposure (L2b): 2D calibrated exposure average over integrations,S,mast:JWST/product/jw05893014008_02101_00001_nrcb4_cal.fits,SCIENCE,,CAL,,CALJWST,2.0.0,5893,jw05893014008_02101_00001_nrcb4_cal.fits,117573120,260189003,PUBLIC,2,F200W
258090097,JWST,image,jw05893014008_02101_00005_nrca1,exposure (L2b): 2D calibrated exposure average over integrations,S,mast:JWST/product/jw05893014008_02101_00005_nrca1_cal.fits,SCIENCE,,CAL,,CALJWST,2.0.0,5893,jw05893014008_02101_00005_nrca1_cal.fits,117570240,260189003,PUBLIC,2,F200W
258090200,JWST,image,jw05893014008_02101_00003_nrca3,exposure (L2b): 2D calibrated exposure average over integrations,S,mast:JWST/product/jw05893014008_02101_00003_nrca3_cal.fits,SCIENCE,,CAL,,CALJWST,2.0.0,5893,jw05893014008_02101_00003_nrca3_cal.fits,117573120,260189003,PUBLIC,2,F200W
258090272,JWST,image,jw05893014008_02101_00004_nrca2,exposure (L2b): 2D calibrated exposure average over integrations,S,mast:JWST/product/jw05893014008_02101_00004_nrca2_cal.fits,SCIENCE,,CAL,,CALJWST,2.0.0,5893,jw05893014008_02101_00004_nrca2_cal.fits,117570240,260189003,PUBLIC,2,F200W
258090346,JWST,image,jw05893014008_02101_00003_nrca2,exposure (L2b): 2D calibrated exposure average over integrations,S,mast:JWST/product/jw05893014008_02101_00003_nrca2_cal.fits,SCIENCE,,CAL,,CALJWST,2.0.0,5893,jw05893014008_02101_00003_nrca2_cal.fits,117570240,260189003,PUBLIC,2,F200W
258090447,JWST,image,jw05893014008_02101_00004_nrcb4,exposure (L2b): 2D calibrated exposure average over integrations,S,mast:JWST/product/jw05893014008_02101_00004_nrcb4_cal.fits,SCIENCE,,CAL,,CALJWST,2.0.0,5893,jw05893014008_02101_00004_nrcb4_cal.fits,117573120,260189003,PUBLIC,2,F200W
258090542,JWST,image,jw05893014008_02101_00006_nrcb2,exposure (L2b): 2D calibrated exposure average over integrations,S,mast:JWST/product/jw05893014008_02101_00006_nrcb2_cal.fits,SCIENCE,,CAL,,CALJWST,2.0.0,5893,jw05893014008_02101_00006_nrcb2_cal.fits,117573120,260189003,PUBLIC,2,F200W
258090648,JWST,image,jw05893014008_02101_00004_nrcb2,exposure (L2b): 2D calibrated exposure average over integrations,S,mast:JWST/product/jw05893014008_02101_00004_nrcb2_cal.fits,SCIENCE,,CAL,,CALJWST,2.0.0,5893,jw05893014008_02101_00004_nrcb2_cal.fits,117573120,260189003,PUBLIC,2,F200W
258090749,JWST,image,jw05893014008_02101_00006_nrcb3,exposure (L2b): 2D calibrated exposure average over integrations,S,mast:JWST/product/jw05893014008_02101_00006_nrcb3_cal.fits,SCIENCE,,CAL,,CALJWST,2.0.0,5893,jw05893014008_02101_00006_nrcb3_cal.fits,117573120,260189003,PUBLIC,2,F200W
258091111,JWST,image,jw05893014008_02101_00005_nrca4,exposure (L2b): 2D calibrated exposure average over integrations,S,mast:JWST/product/jw05893014008_02101_00005_nrca4_cal.fits,SCIENCE,,CAL,,CALJWST,2.0.0,5893,jw05893014008_02101_00005_nrca4_cal.fits,117573120,260189003,PUBLIC,2,F200W
258091207,JWST,image,jw05893014008_02101_00003_nrcb3,exposure (L2b): 2D calibrated exposure average over integrations,S,mast:JWST/product/jw05893014008_02101_00003_nrcb3_cal.fits,SCIENCE,,CAL,,CALJWST,2.0.0,5893,jw05893014008_02101_00003_nrcb3_cal.fits,117573120,260189003,PUBLIC,2,F200W
258091321,JWST,image,jw05893014008_02101_00002_nrca3,exposure (L2b): 2D calibrated exposure average over integrations,S,mast:JWST/product/jw05893014008_02101_00002_nrca3_cal.fits,SCIENCE,,CAL,,CALJWST,2.0.0,5893,jw05893014008_02101_00002_nrca3_cal.fits,117573120,260189003,PUBLIC,2,F200W
258091393,JWST,image,jw05893014008_02101_00002_nrcb2,exposure (L2b): 2D calibrated exposure average over integrations,S,mast:JWST/product/jw05893014008_02101_00002_nrcb2_cal.fits,SCIENCE,,CAL,,CALJWST,2.0.0,5893,jw05893014008_02101_00002_nrcb2_cal.fits,117573120,260189003,PUBLIC,2,F200W
258091553,JWST,image,jw05893014008_02101_00004_nrcb3,exposure (L2b): 2D calibrated exposure average over integrations,S,mast:JWST/product/jw05893014008_02101_00004_nrcb3_cal.fits,SCIENCE,,CAL,,CALJWST,2.0.0,5893,jw05893014008_02101_00004_nrcb3_cal.fits,117573120,260189003,PUBLIC,2,F200W
258091590,JWST,image,jw05893014008_02101_00004_nrca1,exposure (L2b): 2D calibrated exposure average over integrations,S,mast:JWST/product/jw05893014008_02101_00004_nrca1_cal.fits,SCIENCE,,CAL,,CALJWST,2.0.0,5893,jw05893014008_02101_00004_nrca1_cal.fits,117570240,260189003,PUBLIC,2,F200W
258091661,JWST,image,jw05893014008_02101_00002_nrca4,exposure (L2b): 2D calibrated exposure average over integrations,S,mast:JWST/product/jw05893014008_02101_00002_nrca4_cal.fits,SCIENCE,,CAL,,CALJWST,2.0.0,5893,jw05893014008_02101_00002_nrca4_cal.fits,117573120,260189003,PUBLIC,2,F200W
258091756,JWST,image,jw05893014008_02101_00001_nrcb1,exposure (L2b): 2D calibrated exposure average over integrations,S,mast:JWST/product/jw05893014008_02101_00001_nrcb1_cal.fits,SCIENCE,,CAL,,CALJWST,2.0.0,5893,jw05893014008_02101_00001_nrcb1_cal.fits,117573120,260189003,PUBLIC,2,F200W
258091867,JWST,image,jw05893014008_02101_00005_nrcb3,exposure (L2b): 2D calibrated exposure average over integrations,S,mast:JWST/product/jw05893014008_02101_00005_nrcb3_cal.fits,SCIENCE,,CAL,,CALJWST,2.0.0,5893,jw05893014008_02101_00005_nrcb3_cal.fits,117573120,260189003,PUBLIC,2,F200W
258092272,JWST,image,jw05893014008_02101_00002_nrcb3,exposure (L2b): 2D calibrated exposure average over integrations,S,mast:JWST/product/jw05893014008_02101_00002_nrcb3_cal.fits,SCIENCE,,CAL,,CALJWST,2.0.0,5893,jw05893014008_02101_00002_nrcb3_cal.fits,117573120,260189003,PUBLIC,2,F200W
258092333,JWST,image,jw05893014008_02101_00002_nrcb1,exposure (L2b): 2D calibrated exposure average over integrations,S,mast:JWST/product/jw05893014008_02101_00002_nrcb1_cal.fits,SCIENCE,,CAL,,CALJWST,2.0.0,5893,jw05893014008_02101_00002_nrcb1_cal.fits,117573120,260189003,PUBLIC,2,F200W
258092386,JWST,image,jw05893014008_02101_00005_nrcb4,exposure (L2b): 2D calibrated exposure average over integrations,S,mast:JWST/product/jw05893014008_02101_00005_nrcb4_cal.fits,SCIENCE,,CAL,,CALJWST,2.0.0,5893,jw05893014008_02101_00005_nrcb4_cal.fits,117573120,260189003,PUBLIC,2,F200W
258092987,JWST,image,jw05893014008_02101_00004_nrca4,exposure (L2b): 2D calibrated exposure average over integrations,S,mast:JWST/product/jw05893014008_02101_00004_nrca4_cal.fits,SCIENCE,,CAL,,CALJWST,2.0.0,5893,jw05893014008_02101_00004_nrca4_cal.fits,117573120,260189003,PUBLIC,2,F200W
258093096,JWST,image,jw05893014008_02101_00002_nrcb4,exposure (L2b): 2D calibrated exposure average over integrations,S,mast:JWST/product/jw05893014008_02101_00002_nrcb4_cal.fits,SCIENCE,,CAL,,CALJWST,2.0.0,5893,jw05893014008_02101_00002_nrcb4_cal.fits,117573120,260189003,PUBLIC,2,F200W
258093175,JWST,image,jw05893014008_02101_00002_nrca2,exposure (L2b): 2D calibrated exposure average over integrations,S,mast:JWST/product/jw05893014008_02101_00002_nrca2_cal.fits,SCIENCE,,CAL,,CALJWST,2.0.0,5893,jw05893014008_02101_00002_nrca2_cal.fits,117570240,260189003,PUBLIC,2,F200W
258093375,JWST,image,jw05893014008_02101_00005_nrca2,exposure (L2b): 2D calibrated exposure average over integrations,S,mast:JWST/product/jw05893014008_02101_00005_nrca2_cal.fits,SCIENCE,,CAL,,CALJWST,2.0.0,5893,jw05893014008_02101_00005_nrca2_cal.fits,117570240,260189003,PUBLIC,2,F200W
258093485,JWST,image,jw05893014008_02101_00003_nrcb4,exposure (L2b): 2D calibrated exposure average over integrations,S,mast:JWST/product/jw05893014008_02101_00003_nrcb4_cal.fits,SCIENCE,,CAL,,CALJWST,2.0.0,5893,jw05893014008_02101_00003_nrcb4_cal.fits,117573120,260189003,PUBLIC,2,F200W
258093601,JWST,image,jw05893014008_02101_00001_nrca4,exposure (L2b): 2D calibrated exposure average over integrations,S,mast:JWST/product/jw05893014008_02101_00001_nrca4_cal.fits,SCIENCE,,CAL,,CALJWST,2.0.0,5893,jw05893014008_02101_00001_nrca4_cal.fits,117573120,260189003,PUBLIC,2,F200W
258093731,JWST,image,jw05893014008_02101_00005_nrca3,exposure (L2b): 2D calibrated exposure average over integrations,S,mast:JWST/product/jw05893014008_02101_00005_nrca3_cal.fits,SCIENCE,,CAL,,CALJWST,2.0.0,5893,jw05893014008_02101_00005_nrca3_cal.fits,117573120,260189003,PUBLIC,2,F200W
258093838,JWST,image,jw05893014008_02101_00001_nrcb3,exposure (L2b): 2D calibrated exposure average over integrations,S,mast:JWST/product/jw05893014008_02101_00001_nrcb3_cal.fits,SCIENCE,,CAL,,CALJWST,2.0.0,5893,jw05893014008_02101_00001_nrcb3_cal.fits,117573120,260189003,PUBLIC,2,F200W
258094125,JWST,image,jw05893014008_02101_00005_nrcb2,exposure (L2b): 2D calibrated exposure average over integrations,S,mast:JWST/product/jw05893014008_02101_00005_nrcb2_cal.fits,SCIENCE,,CAL,,CALJWST,2.0.0,5893,jw05893014008_02101_00005_nrcb2_cal.fits,117573120,260189003,PUBLIC,2,F200W
258094244,JWST,image,jw05893014008_02101_00003_nrcb2,exposure (L2b): 2D calibrated exposure average over integrations,S,mast:JWST/product/jw05893014008_02101_00003_nrcb2_cal.fits,SCIENCE,,CAL,,CALJWST,2.0.0,5893,jw05893014008_02101_00003_nrcb2_cal.fits,117573120,260189003,PUBLIC,2,F200W
258094343,JWST,image,jw05893014008_02101_00001_nrca2,exposure (L2b): 2D calibrated exposure average over integrations,S,mast:JWST/product/jw05893014008_02101_00001_nrca2_cal.fits,SCIENCE,,CAL,,CALJWST,2.0.0,5893,jw05893014008_02101_00001_nrca2_cal.fits,117570240,260189003,PUBLIC,2,F200W
258094500,JWST,image,jw05893014008_02101_00001_nrca3,exposure (L2b): 2D calibrated exposure average over integrations,S,mast:JWST/product/jw05893014008_02101_00001_nrca3_cal.fits,SCIENCE,,CAL,,CALJWST,2.0.0,5893,jw05893014008_02101_00001_nrca3_cal.fits,117573120,260189003,PUBLIC,2,F200W
258094544,JWST,image,jw05893014008_02101_00003_nrca4,exposure (L2b): 2D calibrated exposure average over integrations,S,mast:JWST/product/jw05893014008_02101_00003_nrca4_cal.fits,SCIENCE,,CAL,,CALJWST,2.0.0,5893,jw05893014008_02101_00003_nrca4_cal.fits,117573120,260189003,PUBLIC,2,F200W
258094591,JWST,image,jw05893014008_02101_00002_nrca1,exposure (L2b): 2D calibrated exposure average over integrations,S,mast:JWST/product/jw05893014008_02101_00002_nrca1_cal.fits,SCIENCE,,CAL,,CALJWST,2.0.0,5893,jw05893014008_02101_00002_nrca1_cal.fits,117570240,260189003,PUBLIC,2,F200W
258094631,JWST,image,jw05893014008_02101_00001_nrca1,exposure (L2b): 2D calibrated exposure average over integrations,S,mast:JWST/product/jw05893014008_02101_00001_nrca1_cal.fits,SCIENCE,,CAL,,CALJWST,2.0.0,5893,jw05893014008_02101_00001_nrca1_cal.fits,117570240,260189003,PUBLIC,2,F200W
258094915,JWST,image,jw05893014008_02101_00004_nrca3,exposure (L2b): 2D calibrated exposure average over integrations,S,mast:JWST/product/jw05893014008_02101_00004_nrca3_cal.fits,SCIENCE,,CAL,,CALJWST,2.0.0,5893,jw05893014008_02101_00004_nrca3_cal.fits,117573120,260189003,PUBLIC,2,F200W
258095024,JWST,image,jw05893014008_02101_00004_nrcb1,exposure (L2b): 2D calibrated exposure average over integrations,S,mast:JWST/product/jw05893014008_02101_00004_nrcb1_cal.fits,SCIENCE,,CAL,,CALJWST,2.0.0,5893,jw05893014008_02101_00004_nrcb1_cal.fits,117573120,260189003,PUBLIC,2,F200W
258095119,JWST,image,jw05893014008_02101_00003_nrca1,exposure (L2b): 2D calibrated exposure average over integrations,S,mast:JWST/product/jw05893014008_02101_00003_nrca1_cal.fits,SCIENCE,,CAL,,CALJWST,2.0.0,5893,jw05893014008_02101_00003_nrca1_cal.fits,117570240,260189003,PUBLIC,2,F200W
258095217,JWST,image,jw05893014008_02101_00003_nrcb1,exposure (L2b): 2D calibrated exposure average over integrations,S,mast:JWST/product/jw05893014008_02101_00003_nrcb1_cal.fits,SCIENCE,,CAL,,CALJWST,2.0.0,5893,jw05893014008_02101_00003_nrcb1_cal.fits,117573120,260189003,PUBLIC,2,F200W
258190351,JWST,image,jw05893014008_02101_00006_nrcb4,exposure (L2b): 2D calibrated exposure average over integrations,S,mast:JWST/product/jw05893014008_02101_00006_nrcb4_cal.fits,SCIENCE,,CAL,,CALJWST,2.0.0,5893,jw05893014008_02101_00006_nrcb4_cal.fits,117573120,260189003,PUBLIC,2,F200W
258191178,JWST,image,jw05893014008_02101_00005_nrcb1,exposure (L2b): 2D calibrated exposure average over integrations,S,mast:JWST/product/jw05893014008_02101_00005_nrcb1_cal.fits,SCIENCE,,CAL,,CALJWST,2.0.0,5893,jw05893014008_02101_00005_nrcb1_cal.fits,117573120,260189003,PUBLIC,2,F200W
258192380,JWST,image,jw05893014008_02101_00006_nrca2,exposure (L2b): 2D calibrated exposure average over integrations,S,mast:JWST/product/jw05893014008_02101_00006_nrca2_cal.fits,SCIENCE,,CAL,,CALJWST,2.0.0,5893,jw05893014008_02101_00006_nrca2_cal.fits,117570240,260189003,PUBLIC,2,F200W
258192567,JWST,image,jw05893014008_02101_00006_nrca1,exposure (L2b): 2D calibrated exposure average over integrations,S,mast:JWST/product/jw05893014008_02101_00006_nrca1_cal.fits,SCIENCE,,CAL,,CALJWST,2.0.0,5893,jw05893014008_02101_00006_nrca1_cal.fits,117570240,260189003,PUBLIC,2,F200W
258194089,JWST,image,jw05893014008_02101_00006_nrcb1,exposure (L2b): 2D calibrated exposure average over integrations,S,mast:JWST/product/jw05893014008_02101_00006_nrcb1_cal.fits,SCIENCE,,CAL,,CALJWST,2.0.0,5893,jw05893014008_02101_00006_nrcb1_cal.fits,117573120,260189003,PUBLIC,2,F200W
258195740,JWST,image,jw05893014008_02101_00006_nrca4,exposure (L2b): 2D calibrated exposure average over integrations,S,mast:JWST/product/jw05893014008_02101_00006_nrca4_cal.fits,SCIENCE,,CAL,,CALJWST,2.0.0,5893,jw05893014008_02101_00006_nrca4_cal.fits,117573120,260189003,PUBLIC,2,F200W
258196701,JWST,image,jw05893014008_02101_00006_nrca3,exposure (L2b): 2D calibrated exposure average over integrations,S,mast:JWST/product/jw05893014008_02101_00006_nrca3_cal.fits,SCIENCE,,CAL,,CALJWST,2.0.0,5893,jw05893014008_02101_00006_nrca3_cal.fits,117573120,260189003,PUBLIC,2,F200W
