intentType,obs_collection,provenance_name,instrument_name,project,filters,wave_region,target_name,target_classification,obs_id,s_ra,s_dec,dataproduct_type,proposal_pi,calib_level,t_min,t_max,t_exptime,wavelength_region,em_min,em_max,obs_title,t_obs_release,proposal_id,proposal_type,sequence_number,s_region,jpegURL,dataURL,dataRights,mtFlag,srcDen,obsid,wave_min,wave_max,distance,candidate_id,candidate_ra_deg,candidate_dec_deg,filter_norm,t_min_numeric
science,JWST,CALJWST,MIRI/IMAGE,JWST,F770W,INFRARED,CWEBTILE-3-6,Galaxy; Field galaxies,jw01727-o052_t052_miri_f770w,150.03326416666667,2.2914499999999998,image,"Kartaltepe, Jeyhan",3,60313.613303136575,60313.62974813658,1010.116,INFRARED,6600.0,8800.0,COSMOS-Web: The JWST Cosmic Origins Survey,60314.05576383,1727,GO,,POLYGON 149.96143139 2.202079139 149.989149394 2.187538682 149.9744079 2.15946017 149.961028913 2.166637176 149.960600178 2.165820512 149.959133675 2.16660718 149.959096441 2.166536255 149.956516074 2.167901692 149.931460337 2.181341647 149.945865541 2.208673898 149.946112434 2.209139799 149.947585094 2.208367324 149.947623018 2.208439278 149.96106673 2.201387283,mast:JWST/product/jw01727-o052_t052_miri_f770w_i2d.jpg,mast:JWST/product/jw01727-o052_t052_miri_f770w_i2d.fits,PUBLIC,False,,200458935,6600.0,8800.0,0.0,1060646,149.9720435663608,2.1740792194192085,F770W,60313.613303136575
science,JWST,CALJWST,MIRI/IMAGE,JWST,F770W,INFRARED,CWEBTILE-3-7,Galaxy; Field galaxies,jw01727-o054_t060_miri_f770w,150.06741333333332,2.279027777777778,image,"Kartaltepe, Jeyhan",3,60307.41148892361,60307.45308351852,2020.232,INFRARED,6600.0,8800.0,COSMOS-Web: The JWST Cosmic Origins Survey,60307.87719904,1727,GO,,POLYGON 149.994785712 2.153373588 149.993316426 2.154161745 149.993275253 2.154083325 149.991954278 2.154782352 149.978426644 2.162039397 149.965643162 2.168896499 149.972017906 2.18099203 149.971059373 2.181506182 149.984319755 2.206666025 149.985716648 2.209301987 149.987186589 2.208530931 149.987224418 2.208602573 150.014942953 2.194062479 150.008583839 2.181949835 150.00952464 2.181456612 150.009523424 2.181454295 150.009526694 2.18145258 150.002623396 2.168303153 149.994790641 2.15337396 149.994786947 2.15337594,mast:JWST/product/jw01727-o054_t060_miri_f770w_i2d.jpg,mast:JWST/product/jw01727-o054_t060_miri_f770w_i2d.fits,PUBLIC,False,,199685968,6600.0,8800.0,0.0,1060646,149.9720435663608,2.1740792194192085,F770W,60307.41148892361
science,JWST,CALJWST,NIRCAM/IMAGE,JWST,F115W,INFRARED,CWEBTILE-4-5,,jw01727-o087_t045_nircam_clear-f115w,149.96611041666665,2.2132861111111115,image,"Kartaltepe, Jeyhan",3,60043.16836644676,60043.18601331019,1030.728,INFRARED,1013.0000000000001,1282.0,COSMOS-Web: The JWST Cosmic Origins Survey,60043.39518509,1727,GO,,POLYGON 149.943703256 2.206807652 149.947703987 2.219934329 149.94828663 2.219747897 149.952909451 2.234732578 149.952944969 2.23472164 149.953332514 2.235977829 149.953251363 2.236003428 149.955157099 2.241892006 149.956990178 2.24783367 149.957071887 2.247808507 149.957476574 2.249058943 149.957332099 2.249104518 149.962820428 2.266062493 149.963057513 2.265992235 149.979725675 2.260480066 149.979720964 2.260465397 149.980796575 2.260109684 149.980840708 2.260249045 149.997529797 2.254917548 149.997520095 2.254886666 149.99910533 2.254380235 149.99906868 2.254256763 149.994994075 2.241287164 149.99504 2.241272492 149.992877369 2.234388688 149.988549665 2.219794713 149.988383672 2.219843241 149.984482551 2.206687571 149.983886702 2.206861767 149.980230363 2.195123417 149.980244618 2.195118932 149.978188054 2.18851645 149.973691993 2.173686543 149.9736065 2.173711941 149.969625097 2.160579373 149.952811089 2.165574263 149.952830779 2.165639758 149.951740589 2.165963608 149.951689047 2.165791285 149.934567471 2.170735301 149.934590548 2.170813128 149.932976385 2.171279217 149.938050306 2.188390766 149.938229675 2.188336281 149.938608965 2.189615394 149.938395791 2.189680354 149.943623468 2.206833182,mast:JWST/product/jw01727-o087_t045_nircam_clear-f115w_i2d.jpg,mast:JWST/product/jw01727-o087_t045_nircam_clear-f115w_i2d.fits,PUBLIC,False,,126650144,1013.0000000000001,1282.0,0.0,1060646,149.9720435663608,2.1740792194192085,F115W,60043.16836644676
science,JWST,CALJWST,NIRCAM/IMAGE,JWST,F150W,INFRARED,CWEBTILE-4-5,,jw01727-o087_t045_nircam_clear-f150w,149.96611041666665,2.2132861111111115,image,"Kartaltepe, Jeyhan",3,60043.19247457176,60043.20999773148,1030.728,INFRARED,1331.0,1668.0,COSMOS-Web: The JWST Cosmic Origins Survey,60043.39518509,1727,GO,,POLYGON 149.943699505 2.206802359 149.94770136 2.219933096 149.948299605 2.219741694 149.95292104 2.234723088 149.952940577 2.234717071 149.953328041 2.235973101 149.953263445 2.23599348 149.954782013 2.240686369 149.956986786 2.247833408 149.957084955 2.247803176 149.957489467 2.249053235 149.9573292 2.249103798 149.96281901 2.266068609 149.96286486 2.266055022 149.979722543 2.26047974 149.979718174 2.260466135 149.980793228 2.260110573 149.98083701 2.260248836 149.997526916 2.254917183 149.9975175 2.254887212 149.999103249 2.254380619 149.999008988 2.25406306 149.994994437 2.241284088 149.995041273 2.241269126 149.99285028 2.234294657 149.988550498 2.219793619 149.98838533 2.219841912 149.98448383 2.206683658 149.983886414 2.206858332 149.98023026 2.195120011 149.980245591 2.195115188 149.97815798 2.188412612 149.973692564 2.173685655 149.973608868 2.173710518 149.969626307 2.160575603 149.952812455 2.165570257 149.952831325 2.165633016 149.951741101 2.165956863 149.951690455 2.165787548 149.93456913 2.170731534 149.934591363 2.170806514 149.932988855 2.171269241 149.938062624 2.188380483 149.938225786 2.188330922 149.938605085 2.189610081 149.938408331 2.189670032 149.943635818 2.206822735,mast:JWST/product/jw01727-o087_t045_nircam_clear-f150w_i2d.jpg,mast:JWST/product/jw01727-o087_t045_nircam_clear-f150w_i2d.fits,PUBLIC,False,,126650154,1331.0,1668.0,0.0,1060646,149.9720435663608,2.1740792194192085,F150W,60043.19247457176
science,JWST,CALJWST,NIRCAM/IMAGE,JWST,F277W,INFRARED,CWEBTILE-4-5,Galaxy; Field galaxies,jw01727-o087_t045_nircam_clear-f277w,149.96611041666665,2.2132861111111115,image,"Kartaltepe, Jeyhan",3,60043.1683671875,60043.18601331019,1030.728,INFRARED,2416.0,3127.0,COSMOS-Web: The JWST Cosmic Origins Survey,60043.39518509,1727,GO,,POLYGON 149.99729674 2.254882656 149.997287063 2.254850938 149.998875757 2.254341747 149.990871786 2.228108114 149.988521965 2.220432198 149.988468929 2.2204478 149.984464405 2.20732219 149.983881608 2.207493633 149.973591201 2.174129482 149.973571109 2.174135364 149.969526584 2.161021586 149.935077797 2.171106875 149.935098493 2.171175782 149.933495609 2.171645019 149.94392534 2.206370025 149.944043844 2.206332262 149.947993145 2.219480646 149.948520699 2.219312534 149.952239394 2.231181419 149.952202914 2.231192149 149.96306307 2.265852934 149.96315846 2.265823779,mast:JWST/product/jw01727-o087_t045_nircam_clear-f277w_i2d.jpg,mast:JWST/product/jw01727-o087_t045_nircam_clear-f277w_i2d.fits,PUBLIC,False,,126650148,2416.0,3127.0,0.0,1060646,149.9720435663608,2.1740792194192085,F277W,60043.1683671875
science,JWST,CALJWST,NIRCAM/IMAGE,JWST,F444W,INFRARED,CWEBTILE-4-5,Galaxy; Field galaxies,jw01727-o087_t045_nircam_clear-f444w,149.96611041666665,2.2132861111111115,image,"Kartaltepe, Jeyhan",3,60043.1924753125,60043.20999773148,1030.728,INFRARED,3880.0,4986.0,COSMOS-Web: The JWST Cosmic Origins Survey,60043.39518509,1727,GO,,POLYGON 149.997298179 2.25487929 149.997288831 2.254848655 149.998870432 2.254341706 149.989512156 2.223671788 149.988519876 2.220430445 149.988460737 2.220447843 149.984455898 2.207322136 149.983879603 2.207491674 149.973589464 2.174126869 149.973567246 2.174133374 149.969522892 2.161019354 149.935073702 2.171104764 149.935096785 2.171181621 149.933493497 2.171650976 149.943922926 2.206376843 149.94405132 2.206335927 149.94799779 2.219475588 149.948510935 2.21931206 149.95222994 2.231180941 149.952203011 2.231188862 149.963060819 2.265839258 149.963965464 2.265562758,mast:JWST/product/jw01727-o087_t045_nircam_clear-f444w_i2d.jpg,mast:JWST/product/jw01727-o087_t045_nircam_clear-f444w_i2d.fits,PUBLIC,False,,126650146,3880.0,4986.0,0.0,1060646,149.9720435663608,2.1740792194192085,F444W,60043.1924753125
science,JWST,CALJWST,NIRCAM/IMAGE,JWST,F115W,INFRARED,CWEBTILE-4-6,,jw01727-o089_t053_nircam_clear-f115w,150.00027458333332,2.200863888888889,image,"Kartaltepe, Jeyhan",3,60049.21038670139,60049.22803356482,1030.728,INFRARED,1013.0000000000001,1282.0,COSMOS-Web: The JWST Cosmic Origins Survey,60049.81641191,1727,GO,,POLYGON 149.977830224 2.194406817 149.981831194 2.207534064 149.98242783 2.207343149 149.987050513 2.2223272 149.987072003 2.222320582 149.987459617 2.223576972 149.987392464 2.223598156 149.988969603 2.228471345 149.991117501 2.235433347 149.991213234 2.235403864 149.991617929 2.236654311 149.991459462 2.236704301 149.996947628 2.253661531 149.997203829 2.253585612 150.013852778 2.248079627 150.013847854 2.248064293 150.014923572 2.247708557 150.01496791 2.247848564 150.031656713 2.242516992 150.031646909 2.242485787 150.033227964 2.241980711 150.033085531 2.241500829 150.02911997 2.228877613 150.02915795 2.228865479 150.027155344 2.22249112 150.022678508 2.207393359 150.022503969 2.207444383 150.018600433 2.194280723 150.018013279 2.194452382 150.01435704 2.182713698 150.014362439 2.182711999 150.012676547 2.177299605 150.007821584 2.161284988 150.007726722 2.161313168 150.003742848 2.148172605 149.986929113 2.153167557 149.986951063 2.153240567 149.985860764 2.153564458 149.985806973 2.153384618 149.968685675 2.158328698 149.968710937 2.158413892 149.967117279 2.158874073 149.972191221 2.175985483 149.972356508 2.175935274 149.972735839 2.177214507 149.972536743 2.177275178 149.977764439 2.194427867,mast:JWST/product/jw01727-o089_t053_nircam_clear-f115w_i2d.jpg,mast:JWST/product/jw01727-o089_t053_nircam_clear-f115w_i2d.fits,PUBLIC,False,,127231869,1013.0000000000001,1282.0,0.0,1060646,149.9720435663608,2.1740792194192085,F115W,60049.21038670139
science,JWST,CALJWST,NIRCAM/IMAGE,JWST,F150W,INFRARED,CWEBTILE-4-6,,jw01727-o089_t053_nircam_clear-f150w,150.00027458333332,2.200863888888889,image,"Kartaltepe, Jeyhan",3,60049.234494826385,60049.25201724537,1030.728,INFRARED,1331.0,1668.0,COSMOS-Web: The JWST Cosmic Origins Survey,60049.81641191,1727,GO,,POLYGON 149.977832527 2.194406358 149.981832363 2.207530322 149.982424481 2.207340875 149.987048033 2.222328992 149.987073718 2.222321082 149.987461207 2.223577175 149.987390476 2.22359949 149.989053347 2.228738276 149.991117864 2.235430585 149.991209783 2.235402277 149.991614346 2.236652485 149.991460316 2.236701082 149.996948361 2.253660263 149.997170999 2.253594284 150.013853387 2.248076828 150.013848756 2.248062407 150.014923911 2.247706803 150.014967952 2.247845884 150.03165758 2.242514175 150.031647916 2.242483414 150.033235762 2.241976138 150.033227709 2.241949009 150.029123575 2.228885007 150.029165077 2.228871748 150.02707686 2.222224497 150.022678378 2.207390761 150.022507911 2.207440605 150.018607587 2.194286438 150.018015528 2.19445955 150.014359275 2.182721033 150.014369294 2.182717881 150.012500141 2.176716752 150.007820323 2.161282875 150.007731329 2.161309313 150.003749961 2.148178456 149.986936379 2.153173161 149.986956333 2.153239526 149.985866006 2.153563412 149.985814281 2.15339049 149.96869323 2.158334529 149.96871653 2.158413108 149.967115729 2.158875355 149.97218951 2.175986461 149.972358727 2.17593506 149.972738061 2.177214321 149.972535254 2.177276118 149.97776275 2.194428683,mast:JWST/product/jw01727-o089_t053_nircam_clear-f150w_i2d.jpg,mast:JWST/product/jw01727-o089_t053_nircam_clear-f150w_i2d.fits,PUBLIC,False,,127231873,1331.0,1668.0,0.0,1060646,149.9720435663608,2.1740792194192085,F150W,60049.234494826385
science,JWST,CALJWST,MIRI/IMAGE,JWST,F1000W,INFRARED,C3D-02_CWEBTILE-6-7,,jw05893-c1000_t000_miri_f1000w,149.96846,2.0072666666666668,image,"Kakiichi, Koki",3,60792.55095385417,60797.24260224537,7392.696000000004,INFRARED,9000.0,11000.0,COSMOS-3D: A Legacy Spectroscopic/Imaging Survey of the Early Universe,60797.74429388,5893,GO,,POLYGON 149.965856923 2.105952628 149.964916972 2.103910951 149.936466182 2.116944726 149.939235447 2.122985955 149.938747793 2.123209351 149.949038989 2.145659413 149.947728186 2.146259917 149.950497679 2.152301211 149.950009851 2.152524693 149.963223034 2.18134695 149.991600505 2.168027967 149.989764864 2.164041207 149.99066187 2.163620184 149.979397286 2.13915461 149.980337366 2.138713383 149.978501896 2.134726725 149.97939868 2.13430582 149.966260076 2.105767932 POLYGON 149.998407039 2.093465487 149.997467092 2.091423912 149.969016807 2.104458262 149.971786223 2.110499544 149.971298348 2.110723054 149.981590016 2.133173239 149.980278958 2.133773888 149.98304843 2.139814954 149.982560884 2.140038319 149.995774458 2.16886035 150.02279075 2.156179583 150.02338724 2.157610528 150.052211805 2.145288713 150.05051645 2.141240391 150.051427648 2.140850863 150.040954608 2.115841959 150.045439145 2.113736851 150.043603456 2.109750157 150.044500401 2.109329116 150.031360593 2.080791873 150.030957492 2.080976572 150.030017428 2.078934888 150.001567741 2.091970091 150.004337323 2.098011307 150.003849489 2.098234818 150.013845781 2.120039134 150.011567263 2.120988336 149.998810305 2.093280727 POLYGON 150.063506456 2.068488996 150.062566252 2.066447068 150.034116976 2.079482678 150.036886587 2.085523776 150.036398883 2.085747238 150.046691712 2.108197623 150.045379585 2.108798831 150.04814928 2.11483988 150.047661613 2.115063326 150.06087299 2.143878276 150.062051606 2.14333305 150.089252092 2.130564386 150.087416319 2.126577801 150.088313149 2.126156793 150.077046996 2.101690585 150.077988449 2.10124863 150.07615288 2.097262326 150.077049169 2.096841575 150.068101224 2.077408916 150.063888222 2.068314065,mast:JWST/product/jw05893-c1000_t000_miri_f1000w_i2d.jpg,mast:JWST/product/jw05893-c1000_t000_miri_f1000w_i2d.fits,PUBLIC,False,,262854743,9000.0,11000.0,0.0,1060646,149.9720435663608,2.1740792194192085,,60792.55095385417
science,JWST,CALJWST,MIRI/IMAGE,JWST,F2100W,INFRARED,C3D-02_CWEBTILE-6-7,,jw05893-c1000_t000_miri_f2100w,149.96846,2.0072666666666668,image,"Kakiichi, Koki",3,60792.520344247685,60797.22381263889,14785.392000000014,INFRARED,18500.0,23500.0,COSMOS-3D: A Legacy Spectroscopic/Imaging Survey of the Early Universe,60797.74429388,5893,GO,,POLYGON 149.966271365 2.105766793 149.937820181 2.118800611 149.938443711 2.120160854 149.936843346 2.12089398 149.9374669 2.122254274 149.935866397 2.12298746 149.948303427 2.15011857 149.948105357 2.150209308 149.948728933 2.151569557 149.947128479 2.152302744 149.960341727 2.181125102 149.960744321 2.180936148 149.960891729 2.181257686 149.989269362 2.16793852 149.988650376 2.166594161 149.990246148 2.165845157 149.989627121 2.164500707 149.99075335 2.16397209 149.992892895 2.168638904 149.99329508 2.168450134 149.99344261 2.16877193 150.02008884 2.156264966 150.020515469 2.157288425 150.020923947 2.157113814 150.021060106 2.157440454 150.049884878 2.145118557 150.049313131 2.143753266 150.050934333 2.143060217 150.050362617 2.141695005 150.051983655 2.141002024 150.040952127 2.114659195 150.043108351 2.113647014 150.042489422 2.112302847 150.04408487 2.111553909 150.043465839 2.11020951 150.044591801 2.109680958 150.045956148 2.112656771 150.045757082 2.112747981 150.046380748 2.114108263 150.044780261 2.114841586 150.057994722 2.143663251 150.058397239 2.143474303 150.058535345 2.143775517 150.062162107 2.142097783 150.086920922 2.130475217 150.086301822 2.129130761 150.087897663 2.128381602 150.087278589 2.127037206 150.088874346 2.126288085 150.076391741 2.099180039 150.076633614 2.099066494 150.076014529 2.09772201 150.077610456 2.096972814 150.065980816 2.071716044 150.064462934 2.068439291 150.064066695 2.068620853 150.063920474 2.068303289 150.035470788 2.081338908 150.036094382 2.082699096 150.034494146 2.083432303 150.035117765 2.084792543 150.033949808 2.085327684 150.031921869 2.080923285 150.031518077 2.081108299 150.031371871 2.080790759 150.002921783 2.093825987 150.003545383 2.095186227 150.001945011 2.095919463 150.002568629 2.097279741 150.001398944 2.097815649 149.999371577 2.093412198 149.99896775 2.093597213 149.998821548 2.09327966 149.970370877 2.10631407 149.970994421 2.10767428 149.969394141 2.108407414 149.970017755 2.109767772 149.968848793 2.110303303 149.966821335 2.105899439 149.966417588 2.106084406,mast:JWST/product/jw05893-c1000_t000_miri_f2100w_i2d.jpg,mast:JWST/product/jw05893-c1000_t000_miri_f2100w_i2d.fits,PUBLIC,False,,262854789,18500.0,23500.0,0.0,1060646,149.9720435663608,2.1740792194192085,,60792.520344247685
science,JWST,CALJWST,MIRI/IMAGE,JWST,F1000W,INFRARED,C3D-02_CWEBTILE-6-7,,jw05893-o002_t002_miri_f1000w,149.96846,2.0072666666666668,image,"Kakiichi, Koki",3,60792.55095385417,60793.61679930556,6468.609000000002,INFRARED,9000.0,11000.0,COSMOS-3D: A Legacy Spectroscopic/Imaging Survey of the Early Universe,60794.87124996,5893,GO,,POLYGON 149.965856923 2.105952628 149.964916972 2.103910951 149.936466182 2.116944726 149.939235447 2.122985955 149.938747793 2.123209351 149.949038989 2.145659413 149.947728186 2.146259917 149.950497679 2.152301211 149.950009851 2.152524693 149.963223034 2.18134695 149.991600505 2.168027967 149.989764864 2.164041207 149.99066187 2.163620184 149.979397286 2.13915461 149.980337366 2.138713383 149.978501896 2.134726725 149.97939868 2.13430582 149.966260076 2.105767932 POLYGON 149.998810305 2.093280727 149.998407039 2.093465487 149.997467092 2.091423912 149.969016807 2.104458262 149.971786223 2.110499544 149.971298348 2.110723054 149.981590016 2.133173239 149.980278958 2.133773888 149.98304843 2.139814954 149.982560884 2.140038319 149.995774458 2.16886035 150.024151467 2.155540878 150.022315872 2.151554366 150.023212566 2.15113347 150.011947532 2.126667684 150.012887852 2.12622632 150.011052211 2.12223945 150.011949408 2.121818324 POLYGON 150.003849489 2.098234818 150.017063075 2.127056681 150.045439145 2.113736851 150.043603456 2.109750157 150.044500401 2.109329116 150.031360593 2.080791873 150.030957492 2.080976572 150.030017428 2.078934888 150.001567741 2.091970091 150.004337323 2.098011307 POLYGON 150.062566252 2.066447068 150.034116976 2.079482678 150.036886587 2.085523776 150.036398883 2.085747238 150.046691712 2.108197623 150.045379585 2.108798831 150.04814928 2.11483988 150.047661613 2.115063326 150.06087299 2.143878276 150.062051606 2.14333305 150.089252092 2.130564386 150.087416319 2.126577801 150.088313149 2.126156793 150.077046996 2.101690585 150.077988449 2.10124863 150.07615288 2.097262326 150.077049169 2.096841575 150.068101224 2.077408916 150.063888222 2.068314065 150.063506456 2.068488996,mast:JWST/product/jw05893-o002_t002_miri_f1000w_i2d.jpg,mast:JWST/product/jw05893-o002_t002_miri_f1000w_i2d.fits,PUBLIC,False,,262848533,9000.0,11000.0,0.0,1060646,149.9720435663608,2.1740792194192085,,60792.55095385417
science,JWST,CALJWST,MIRI/IMAGE,JWST,F2100W,INFRARED,C3D-02_CWEBTILE-6-7,,jw05893-o002_t002_miri_f2100w,149.96846,2.0072666666666668,image,"Kakiichi, Koki",3,60792.520344247685,60793.598041550926,12937.218000000012,INFRARED,18500.0,23500.0,COSMOS-3D: A Legacy Spectroscopic/Imaging Survey of the Early Universe,60794.87124996,5893,GO,,POLYGON 149.9374669 2.122254274 149.935866397 2.12298746 149.948303427 2.15011857 149.948105357 2.150209308 149.948728933 2.151569557 149.947128479 2.152302744 149.960341727 2.181125102 149.960744321 2.180936148 149.960891729 2.181257686 149.989269362 2.16793852 149.988650376 2.166594161 149.990246148 2.165845157 149.989627121 2.164500707 149.99075335 2.16397209 149.992892895 2.168638904 149.99329508 2.168450134 149.99344261 2.16877193 150.021819863 2.155452451 150.021200681 2.154107693 150.022796895 2.153358447 150.022177855 2.152014009 150.023773689 2.151264939 150.01129204 2.124156666 150.011533749 2.124043212 150.010914738 2.122698764 150.012042771 2.122169284 150.014181828 2.126834975 150.014584848 2.1266458 150.01473216 2.126967112 150.043108351 2.113647014 150.042489422 2.112302847 150.04408487 2.111553909 150.043465839 2.11020951 150.044591801 2.109680958 150.045956148 2.112656771 150.045757082 2.112747981 150.046380748 2.114108263 150.044780261 2.114841586 150.057994722 2.143663251 150.058397239 2.143474303 150.058535345 2.143775517 150.062162107 2.142097783 150.086920922 2.130475217 150.086301822 2.129130761 150.087897663 2.128381602 150.087278589 2.127037206 150.088874346 2.126288085 150.076391741 2.099180039 150.076633614 2.099066494 150.076014529 2.09772201 150.077610456 2.096972814 150.065980816 2.071716044 150.064462934 2.068439291 150.064066695 2.068620853 150.063920474 2.068303289 150.035470788 2.081338908 150.036094382 2.082699096 150.034494146 2.083432303 150.035117765 2.084792543 150.033949808 2.085327684 150.031921869 2.080923285 150.031518077 2.081108299 150.031371871 2.080790759 150.002921783 2.093825987 150.003545383 2.095186227 150.001945011 2.095919463 150.002568629 2.097279741 150.001398944 2.097815649 149.999371577 2.093412198 149.99896775 2.093597213 149.998821548 2.09327966 149.970370877 2.10631407 149.970994421 2.10767428 149.969394141 2.108407414 149.970017755 2.109767772 149.968848793 2.110303303 149.966821335 2.105899439 149.966417588 2.106084406 149.966271365 2.105766793 149.937820181 2.118800611 149.938443711 2.120160854 149.936843346 2.12089398,mast:JWST/product/jw05893-o002_t002_miri_f2100w_i2d.jpg,mast:JWST/product/jw05893-o002_t002_miri_f2100w_i2d.fits,PUBLIC,False,,262823263,18500.0,23500.0,0.0,1060646,149.9720435663608,2.1740792194192085,,60792.520344247685
science,JWST,CALJWST,NIRCAM/IMAGE,JWST,F115W,INFRARED,C3D-06_CWEBTILE-5-7,,jw05893-o006_t006_nircam_clear-f115w,150.00143416666668,2.097852777777778,image,"Kakiichi, Koki",3,60804.19836278935,60804.94581027778,7472.784,INFRARED,1013.0000000000001,1282.0,COSMOS-3D: A Legacy Spectroscopic/Imaging Survey of the Early Universe,60805.318368,5893,GO,,POLYGON 149.917867375 2.108697498 149.917340307 2.10888802 149.916898131 2.107644829 149.9174559 2.107443767 149.911557413 2.090859826 149.910949617 2.09106949 149.910214586 2.089002871 149.893369115 2.094813702 149.899310196 2.111643708 149.899372073 2.111621404 149.899816365 2.112879983 149.899721231 2.11291437 149.90581798 2.129777757 149.905832378 2.129772326 149.908099323 2.136042507 149.908747348 2.135798039 149.910569943 2.140960861 149.910592064 2.140952887 149.91105014 2.142206525 149.910980995 2.142231518 149.917077985 2.159094862 149.917092404 2.159089422 149.919359439 2.165359573 149.919449262 2.165325687 149.925554507 2.181346637 149.925850171 2.181231812 149.928221814 2.187721982 149.928183679 2.18773619 149.929237783 2.190502233 149.930058715 2.19274875 149.930089609 2.192737479 149.930557918 2.193966348 149.930465253 2.194000872 149.936813635 2.210659117 149.936957205 2.210608462 149.953409505 2.204218841 149.951834788 2.200058242 149.952470882 2.199811197 149.946246048 2.183364094 149.945720055 2.183560065 149.945314889 2.182433 149.945885938 2.182224669 149.940641504 2.167635829 149.943250501 2.174614313 149.943648233 2.174464484 149.945603234 2.179911304 149.945632507 2.179900741 149.946098613 2.181199345 149.946076338 2.181207462 149.946706662 2.182893412 149.947884861 2.186175942 149.947928073 2.186160349 149.948411241 2.187452687 149.948357969 2.187472099 149.954511614 2.203931092 149.970905498 2.197755227 149.970849058 2.197603212 149.985961567 2.19173375 149.984386772 2.187572996 149.985023026 2.187325879 149.97879807 2.170878841 149.978271975 2.171074858 149.977866804 2.169947795 149.978437951 2.16973942 149.9731935 2.155150898 149.975802432 2.162129008 149.976200092 2.1619792 149.978155209 2.167426266 149.978184465 2.167415709 149.978650575 2.168714309 149.978628318 2.16872242 149.979258153 2.170407038 149.980436842 2.173690889 149.980480071 2.173675289 149.980963245 2.174967623 149.980909956 2.174987042 149.987063664 2.191445993 150.003457369 2.185270014 150.003400353 2.185116449 150.018514465 2.179245759 150.016939679 2.175085398 150.017575444 2.174838448 150.011350068 2.158391587 150.010824403 2.158587463 150.0104192 2.157460417 150.01098992 2.157252178 150.005751494 2.142681608 150.00835408 2.149642275 150.008752424 2.149492196 150.010707427 2.154938415 150.010736617 2.15492788 150.011202765 2.156226465 150.011180575 2.156234552 150.011808504 2.157913914 150.012989208 2.161203076 150.013032512 2.161187448 150.013515724 2.162479764 150.013462359 2.162499212 150.019616543 2.178957968 150.036009916 2.172781466 150.035953077 2.172628391 150.051069235 2.166756495 150.049494604 2.16259677 150.050127143 2.162351055 150.043901458 2.145904328 150.043379039 2.146099009 150.042973824 2.144971995 150.043541289 2.144764928 150.038390192 2.130438135 150.040899462 2.137149127 150.041298891 2.136998635 150.043255103 2.142447926 150.043289739 2.142435425 150.043755904 2.143733982 150.043728272 2.143744053 150.044510295 2.145835421 150.045543646 2.148713926 150.04558154 2.148700249 150.04606478 2.149992572 150.046016819 2.150010052 150.052171296 2.16646868 150.068564406 2.160291838 150.067013675 2.156115738 150.06761481 2.155889229 150.067446922 2.155414204 150.061571654 2.139591938 150.061019573 2.13979316 150.060577833 2.138542123 150.061121944 2.138345732 150.055310232 2.121886342 150.054698992 2.122099504 150.054636998 2.12193254 150.053963747 2.120025795 150.053933007 2.120036515 150.050419511 2.110573715 150.050486186 2.110548926 150.048328556 2.104694646 150.044044938 2.092561877 150.043881545 2.092618855 150.038114555 2.076597327 150.037585059 2.076784567 150.033177721 2.064825029 150.032601608 2.065032178 150.032174078 2.063872051 150.032167354 2.063853369 150.032742652 2.063642962 150.026850566 2.047272488 150.026257629 2.047482152 150.025515407 2.045419961 150.008980353 2.051266706 150.014897985 2.067828484 150.014927762 2.067817594 150.015319359 2.068913564 150.015295309 2.068922211 150.020314361 2.082772125 150.019859811 2.08292896 150.019123089 2.080858025 150.019064026 2.080878404 150.015516332 2.071230762 150.014986398 2.071422352 150.014544178 2.070179183 150.015104812 2.069977054 150.009205711 2.053393376 150.008603456 2.053601164 150.007870579 2.051540869 149.991025785 2.057352522 149.991416041 2.058457913 149.976425602 2.063758154 149.982343005 2.08032003 149.982381103 2.080306098 149.982772712 2.081402117 149.982740313 2.081413765 149.987758151 2.095260942 149.987311707 2.095414968 149.986576449 2.093348033 149.986514857 2.093369283 149.982969118 2.083726642 149.98244198 2.083917211 149.981999767 2.082674042 149.982557611 2.082472929 149.976658682 2.065889174 149.976050889 2.066098862 149.975315815 2.064032299 149.958470792 2.069843669 149.95886006 2.07094631 149.943875557 2.076244038 149.949792638 2.092806042 149.949830922 2.092792043 149.950222508 2.093888076 149.950189927 2.093899789 149.955207672 2.107747554 149.954761135 2.107901597 149.954026098 2.105835079 149.953964377 2.105856371 149.950418561 2.096212913 149.949891771 2.096403341 149.949449584 2.095160158 149.950007078 2.094959187 149.944108486 2.0783753 149.943500849 2.078584917 149.942765752 2.07651816 149.92592047 2.082329155 149.926309448 2.083431045 149.911324404 2.08872876 149.917241371 2.10529082 149.917279549 2.10527686 149.917671125 2.106372897 149.917638652 2.106384571 149.922656339 2.120232484 149.922209463 2.120386637 149.921474374 2.118319942 149.921413157 2.118341059,mast:JWST/product/jw05893-o006_t006_nircam_clear-f115w_i2d.jpg,mast:JWST/product/jw05893-o006_t006_nircam_clear-f115w_i2d.fits,PUBLIC,False,,263953855,1013.0000000000001,1282.0,0.0,1060646,149.9720435663608,2.1740792194192085,F115W,60804.19836278935
science,JWST,CALJWST,NIRCAM/IMAGE,JWST,F200W,INFRARED,C3D-06_CWEBTILE-5-7,,jw05893-o006_t006_nircam_clear-f200w,150.00143416666668,2.097852777777778,image,"Kakiichi, Koki",3,60804.16779245371,60804.92679696759,14945.568,INFRARED,1755.0,2226.0,COSMOS-3D: A Legacy Spectroscopic/Imaging Survey of the Early Universe,60805.318368,5893,GO,,POLYGON 149.912551603 2.092348972 149.912065159 2.090981306 149.911617327 2.091135774 149.911515209 2.090848663 149.894667985 2.096659565 149.895220729 2.09822544 149.893691075 2.098753031 149.89424378 2.100318802 149.892714038 2.100846423 149.898655275 2.117677291 149.899101575 2.117516429 149.899205213 2.117810023 149.900252905 2.1174324 149.900600135 2.118393036 149.899066733 2.118947173 149.905162443 2.135811184 149.905604153 2.135644586 149.905712354 2.135943927 149.905978661 2.135843485 149.909915085 2.146994469 149.90998693 2.146968573 149.91044479 2.148221621 149.910326559 2.148264347 149.916422488 2.165128323 149.916562109 2.165075663 149.922679694 2.18112992 149.922975323 2.181015101 149.92718383 2.192532131 149.927626348 2.192370691 149.927733803 2.19266475 149.928791747 2.192278787 149.929144511 2.193204511 149.927590424 2.19378357 149.93394036 2.210446951 149.934375426 2.210277976 149.934490159 2.210579051 149.934506642 2.210573236 149.951084383 2.204134473 149.950518793 2.202640168 149.951143472 2.202397539 149.951635786 2.203714346 149.952074425 2.203549113 149.952185773 2.203846937 149.968580579 2.197670951 149.968524283 2.197519324 149.983636213 2.191649791 149.983070498 2.190155152 149.983695647 2.189912333 149.984187961 2.191229114 149.984626107 2.19106406 149.984737593 2.191362254 150.001132252 2.185186241 150.001075343 2.185032964 150.016189002 2.179162121 150.015624748 2.177671483 150.016249812 2.177428673 150.016740713 2.178741561 150.01717891 2.178576471 150.017290362 2.178874547 150.033684677 2.172697979 150.033627981 2.172545289 150.048741594 2.166673852 150.04817361 2.165173492 150.048798659 2.164930672 150.049293312 2.166253523 150.04973156 2.166088402 150.049842934 2.166386243 150.066236915 2.160209145 150.065672608 2.158689528 150.067211409 2.158109727 150.066651051 2.156600701 150.068187867 2.156021644 150.068082454 2.155723392 150.062141879 2.139725519 150.06169976 2.13988665 150.061589975 2.139590997 150.060504956 2.139986433 150.060167107 2.139029601 150.061691797 2.138479238 150.055880103 2.122019681 150.055431013 2.122176318 150.055328208 2.121885156 150.055157338 2.121944753 150.050973513 2.110676747 150.050994709 2.110668867 150.050062424 2.108138335 150.044613565 2.092704963 150.044406183 2.092777291 150.03862452 2.076716634 150.038177924 2.076874549 150.038072647 2.076582102 150.037982385 2.076614018 150.033687216 2.064954322 150.033245654 2.065113065 150.033137972 2.06482075 150.03204201 2.065214752 150.031723864 2.064330914 150.033251981 2.063771956 150.027359328 2.047401526 150.026914733 2.047558725 150.026810071 2.047267959 150.010274652 2.053114434 150.010829476 2.054667102 150.010201339 2.054889189 150.009714862 2.053521591 150.00926796 2.053675764 150.009165611 2.053388038 149.992319047 2.05919971 149.992709838 2.060306652 149.977725503 2.065604436 149.978280046 2.067156368 149.977650616 2.067378904 149.977165065 2.06601387 149.976719449 2.066167593 149.976616449 2.065878026 149.959769678 2.071689477 149.960159393 2.072793409 149.945175416 2.078090639 149.945729954 2.07964266 149.945102744 2.079864391 149.944616315 2.0784968 149.944168452 2.078651285 149.944066343 2.078364205 149.927219309 2.084175269 149.927608566 2.085277976 149.912624293 2.090575108 149.913178857 2.092127235,mast:JWST/product/jw05893-o006_t006_nircam_clear-f200w_i2d.jpg,mast:JWST/product/jw05893-o006_t006_nircam_clear-f200w_i2d.fits,PUBLIC,False,,263954198,1755.0,2226.0,0.0,1060646,149.9720435663608,2.1740792194192085,F200W,60804.16779245371
science,JWST,CALJWST,NIRCAM/IMAGE,JWST,F356W,INFRARED,C3D-06_CWEBTILE-5-7,,jw05893-o006_t006_nircam_clear-f356w,150.00143416666668,2.097852777777778,image,"Kakiichi, Koki",3,60804.19836278935,60804.94581027778,7472.784,INFRARED,3140.0,3980.0,COSMOS-3D: A Legacy Spectroscopic/Imaging Survey of the Early Universe,60805.318368,5893,GO,,POLYGON 149.910887502 2.140787844 149.913203303 2.147040521 149.913168886 2.147052585 149.914581338 2.150866185 149.91734546 2.15860869 149.917385036 2.158593815 149.919626915 2.164873399 149.919751892 2.164826425 149.92578489 2.181114876 149.926137451 2.180981688 149.937044985 2.210429831 149.937191298 2.210376802 149.97067092 2.1977285 149.970611377 2.197563966 150.003222793 2.185243289 150.003162682 2.185077187 150.035775341 2.172754749 150.035714176 2.17258575 150.068320619 2.160264783 150.066805808 2.156079592 150.067387699 2.155859706 150.058301538 2.130755502 150.055313148 2.122524091 150.054747372 2.122722466 150.044061838 2.093196521 150.043955433 2.093233827 150.038035612 2.077032103 150.037553047 2.077200594 150.026777449 2.047707021 150.026171728 2.047918502 150.025418125 2.045855803 149.991534254 2.057685597 149.991893409 2.058691569 149.958997593 2.070175688 149.95935405 2.071174149 149.92644727 2.082661187 149.926803435 2.083658891 149.893895916 2.095145738 149.906085455 2.129291585 149.906125007 2.129276719 149.908366798 2.135556335 149.909027114 2.135308146 149.910972694 2.140757983,mast:JWST/product/jw05893-o006_t006_nircam_clear-f356w_i2d.jpg,mast:JWST/product/jw05893-o006_t006_nircam_clear-f356w_i2d.fits,PUBLIC,False,,263953756,3140.0,3980.0,0.0,1060646,149.9720435663608,2.1740792194192085,F356W,60804.19836278935
calibration,JWST,CALJWST,NIRSPEC,JWST,OPAQUE;G235H,INFRARED,UNKNOWN,,jw06648078001_01201_00001_nrs1,149.9517168507799,2.1765168683313907,image,"Nikolov, Nikolay",2,60788.451753113426,60788.45766296297,496.022,INFRARED,1660.0,3050.0,CAL-NRS-318: NIRSpec MOS Spectroscopic Flats,60789.14451384,6648,CAL,,POLYGON 149.992753701 2.182077274 149.957940937 2.135297755 149.909924724 2.171202169 149.945436961 2.219020841,mast:JWST/product/jw06648078001_01201_00001_nrs1_rateints.jpg,mast:JWST/product/jw06648078001_01201_00001_nrs1_rateints.fits,PUBLIC,False,,262819069,1660.0,3050.0,0.0,1060646,149.9720435663608,2.1740792194192085,,60788.451753113426
calibration,JWST,CALJWST,NIRSPEC,JWST,OPAQUE;G235H,INFRARED,UNKNOWN,,jw06648078001_01202_00001_nrs1,149.99162714959522,2.181799981109327,image,"Nikolov, Nikolay",2,60788.46056582176,60788.46360517361,248.011,INFRARED,1660.0,3050.0,CAL-NRS-318: NIRSpec MOS Spectroscopic Flats,60789.14481477,6648,CAL,,POLYGON 150.019618999 2.212297751 150.022789271 2.154086959 149.962897591 2.151008639 149.959598971 2.210464748,mast:JWST/product/jw06648078001_01202_00001_nrs1_cal.jpg,mast:JWST/product/jw06648078001_01202_00001_nrs1_cal.fits,PUBLIC,False,,262819018,1660.0,3050.0,0.0,1060646,149.9720435663608,2.1740792194192085,,60788.46056582176
science,JWST,CALJWST,NIRCAM/IMAGE,JWST,F444W,INFRARED,CWEBTILE-4-6,Galaxy; Field galaxies,jw01727-o089_t053_nircam_clear-f444w,150.00027458333332,2.200863888888889,image,"Kartaltepe, Jeyhan",3,60049.234494826385,60049.25201724537,1030.728,INFRARED,3880.0,4986.0,COSMOS-Web: The JWST Cosmic Origins Survey,60049.81641191,1727,GO,,POLYGON 150.031419015 2.242478982 150.031409533 2.242447907 150.032998301 2.241938648 150.024106608 2.212798196 150.022646302 2.208028077 150.022582854 2.208046743 150.018579168 2.194924933 150.018008613 2.195092786 150.007717188 2.161724163 150.007689248 2.161732343 150.003646059 2.148622224 149.969197422 2.15870774 149.969217976 2.158776178 149.967618978 2.15924429 149.978048429 2.193969881 149.97817105 2.193930804 149.982119072 2.207075477 149.982638034 2.206910091 149.986357178 2.218779306 149.98632439 2.218788951 149.997183126 2.253441934 149.997875081 2.253230436,mast:JWST/product/jw01727-o089_t053_nircam_clear-f444w_i2d.jpg,mast:JWST/product/jw01727-o089_t053_nircam_clear-f444w_i2d.fits,PUBLIC,False,,127231865,3880.0,4986.0,0.10632040300585031,1060646,149.9720435663608,2.1740792194192085,F444W,60049.234494826385
science,JWST,CALJWST,NIRCAM/IMAGE,JWST,F277W,INFRARED,CWEBTILE-4-6,Galaxy; Field galaxies,jw01727-o089_t053_nircam_clear-f277w,150.00027458333332,2.200863888888889,image,"Kartaltepe, Jeyhan",3,60049.21038670139,60049.22803356482,1030.728,INFRARED,2416.0,3127.0,COSMOS-Web: The JWST Cosmic Origins Survey,60049.81641191,1727,GO,,POLYGON 150.031427709 2.242478802 150.031418471 2.242448524 150.033003937 2.241940387 150.026127387 2.219400734 150.022647259 2.208031946 150.02259353 2.208047751 150.018589315 2.194923301 150.018010973 2.195093438 150.007720748 2.161727998 150.007695567 2.16173537 150.003651362 2.148622778 149.969203135 2.158708196 149.969225537 2.158782782 149.967623894 2.159251669 149.978053666 2.193976393 149.978177617 2.193936894 149.982124509 2.207077046 149.982646508 2.206910699 149.986365272 2.218779664 149.986334398 2.218788746 149.997190076 2.253434722 149.998359903 2.25307719,mast:JWST/product/jw01727-o089_t053_nircam_clear-f277w_i2d.jpg,mast:JWST/product/jw01727-o089_t053_nircam_clear-f277w_i2d.fits,PUBLIC,False,,127231871,2416.0,3127.0,0.11647048989506346,1060646,149.9720435663608,2.1740792194192085,F277W,60049.21038670139
science,HST,HAP-SVM,ACS/WFC,HAP,F606W,OPTICAL,ANY,UNIDENTIFIED;PARALLEL FIELD,hst_12461_d1_acs_wfc_f606w_jbwjd1,149.9825014274,2.157169484715,image,"Riess, Adam",3,55977.5887549,55977.61677629,1946.0,OPTICAL,470.0,720.0,,55977.80033554,12461,HAP,,POLYGON 150.0000501952524 2.116130721989028 149.99973053242223 2.116089059046818 149.9466105314372 2.135949863141447 149.94649933440894 2.13632486048091 149.95514374849893 2.1636861426351137 149.9773401516942 2.155353038217324 150.00781984278453 2.143352825933817 150.00793102667694 2.1430611574225096 150.00741674797743 2.141255610763707 150.0000501952524 2.116130721989028 POLYGON 150.0079727348584 2.1437833788387244 149.98353897959763 2.1534641552489426 149.95561629938095 2.164158373042871 149.95543560920208 2.164491703190899 149.9637050809996 2.190964040509994 149.9641498499655 2.191005712485284 149.98699985261234 2.1819919229265414 150.0154090754562 2.170283229190496 150.01552025984574 2.1699915601331896 150.01141981023648 2.1551027591662217 150.0082229113399 2.1438667078840727 150.0079727348584 2.1437833788387244,mast:HST/product/hst_12461_d1_acs_wfc_f606w_jbwjd1_drc.jpg,mast:HST/product/hst_12461_d1_acs_wfc_f606w_jbwjd1_drc.fits,PUBLIC,False,,26452719,470.0,720.0,0.0,1060646,149.9720435663608,2.1740792194192085,F606W,55977.5887549
science,HST,HAP-SVM,ACS/WFC,HAP,detection,,ANY,UNIDENTIFIED;PARALLEL FIELD,hst_12461_d1_acs_wfc_total_jbwjd1,149.9825014274,2.157169484715,image,"Riess, Adam",3,55977.5887549,55977.61677629,1946.0,,,,,55977.80033554,12461,HAP,,POLYGON 149.9997722275093 2.116089058567344 149.94661053111557 2.135963752026399 149.94649933440894 2.13632486048091 149.95514374849893 2.1636861426351137 149.9773401516942 2.155353038217324 150.00781984278453 2.143352825933817 150.00793102667694 2.1430611574225096 150.00264930784135 2.124852908154237 150.00007799297225 2.116214054957429 149.9997722275093 2.116089058567344 POLYGON 150.0079727348584 2.1437833788387244 149.98353897959763 2.1534641552489426 149.95561629938095 2.164158373042871 149.95543560920208 2.164491703190899 149.9637050809996 2.190964040509994 149.96421934567775 2.1909640466590363 149.9868608631005 2.1820335900474817 150.0154090751507 2.1702693403051634 150.01552025984574 2.1699915601331896 150.01141981023648 2.1551027591662217 150.0082229113399 2.1438667078840727 150.0079727348584 2.1437833788387244,mast:HST/product/hst_12461_d1_acs_wfc_total_jbwjd1_drc.jpg,mast:HST/product/hst_12461_d1_acs_wfc_total_jbwjd1_drc.fits,PUBLIC,False,,26452737,,,0.0,1060646,149.9720435663608,2.1740792194192085,,55977.5887549
science,HST,HAP-SVM,WFC3/IR,HAP,F160W,INFRARED,COSMOS-F160W-43,UNIDENTIFIED;BLANK FIELD,hst_16259_9v_wfc3_ir_f160w_iedw9v,149.8924045833,2.161605555556,image,"Momcheva, Ivelina",3,59322.60002306,59322.6290038,1773.491242,INFRARED,1393.8999999999999,1692.4,,59322.8884606,16259,HAP,,POLYGON 149.880621117915 2.104813756090056 149.86821369957713 2.136376908682008 149.8798353121975 2.1410443070880683 149.8682476225643 2.171040003204627 149.86881801164648 2.171431906226329 150.00775048646847 2.222625484565069 150.01908616348643 2.190811871947899 150.00831937303178 2.186394877403098 150.01894183128627 2.1559350361824263 149.880621117915 2.104813756090056,mast:HST/product/hst_16259_9v_wfc3_ir_f160w_iedw9v_drz.jpg,mast:HST/product/hst_16259_9v_wfc3_ir_f160w_iedw9v_drz.fits,PUBLIC,False,,60739087,1393.8999999999999,1692.4,0.0,1060646,149.9720435663608,2.1740792194192085,F160W,59322.60002306
science,HST,HAP-SVM,WFC3/IR,HAP,detection,,COSMOS-F160W-43,UNIDENTIFIED;BLANK FIELD,hst_16259_9v_wfc3_ir_total_iedw9v,149.8924045833,2.161605555556,image,"Momcheva, Ivelina",3,59322.60002306,59322.6290038,1773.491242,,,,,59322.8884606,16259,HAP,,POLYGON 150.01901313516728 2.1560062826026165 149.89944359069918 2.111654395882168 149.88037156604798 2.1050274956161115 149.86824935106492 2.1363412854724935 149.8798353121975 2.1410443070880683 149.86835456706004 2.171182508413325 150.00643135813442 2.2223049165681408 150.0076791709457 2.222340488125594 150.00803566733245 2.2218417235123304 150.01908616348643 2.190811871947899 150.00831937303178 2.186394877403098 150.01901313516728 2.1560062826026165,mast:HST/product/hst_16259_9v_wfc3_ir_total_iedw9v_drz.jpg,mast:HST/product/hst_16259_9v_wfc3_ir_total_iedw9v_drz.fits,PUBLIC,False,,60739088,,,0.0,1060646,149.9720435663608,2.1740792194192085,,59322.60002306
science,HST,HAP-SVM,WFC3/IR,HAP,F160W,INFRARED,WFC3-PEAK2-1,CLUSTER OF GALAXIES;FILAMENT;GROUP;HIGH REDSHIFT CLUSTER;POOR CLUSTER,hst_16684_05_wfc3_ir_f160w_ienn05,149.9751483333,2.159144444444,image,"Lemaux, Brian",3,59576.55492173,59576.65282617,711.743532,INFRARED,1393.8999999999999,1692.4,,59758.8416666,16684,HAP,,POLYGON 149.999673802492 2.152944515833098 149.96413070257535 2.1371984278484586 149.9505832762645 2.1686195180492978 149.98530699828544 2.1840453035278564 149.999673802492 2.152944515833098,mast:HST/product/hst_16684_05_wfc3_ir_f160w_ienn05_drz.jpg,mast:HST/product/hst_16684_05_wfc3_ir_f160w_ienn05_drz.fits,PUBLIC,False,,71252915,1393.8999999999999,1692.4,0.0,1060646,149.9720435663608,2.1740792194192085,F160W,59576.55492173
science,HST,HAP-SVM,WFC3/IR,HAP,G141,INFRARED,WFC3-PEAK2-1,,hst_16684_05_wfc3_ir_g141_ienn05la,149.9751483333,2.159144444444,image,"Lemaux, Brian",2,59576.55731765,59576.56371728,552.93689,INFRARED,810.0,2009.9999999999998,,59758.84075223,16684,HAP,,POLYGON 149.95091356626185 2.1684129643948333 149.98527353162729 2.183823078909982 149.99976332713567 2.153015936737256 149.96453642824804 2.1372105354685247 149.95091356626185 2.1684129643948333,,mast:HST/product/hst_16684_05_wfc3_ir_g141_ienn05la_flt.fits,PUBLIC,False,,71336323,810.0,2009.9999999999998,0.0,1060646,149.9720435663608,2.1740792194192085,,59576.55731765
science,HST,HAP-SVM,WFC3/IR,HAP,G141,INFRARED,WFC3-PEAK2-1,,hst_16684_05_wfc3_ir_g141_ienn05lb,149.9751483333,2.159144444444,image,"Lemaux, Brian",2,59576.56396136,59576.57036099,552.93689,INFRARED,810.0,2009.9999999999998,,59758.84075223,16684,HAP,,POLYGON 149.95091383951362 2.1684128792188275 149.9852734145738 2.183822818681996 149.99976304549438 2.1530160264532134 149.9645365467532 2.1372108047230443 149.95091383951362 2.1684128792188275,,mast:HST/product/hst_16684_05_wfc3_ir_g141_ienn05lb_flt.fits,PUBLIC,False,,71336307,810.0,2009.9999999999998,0.0,1060646,149.9720435663608,2.1740792194192085,,59576.56396136
science,HST,HAP-SVM,WFC3/IR,HAP,G141,INFRARED,WFC3-PEAK2-1,,hst_16684_05_wfc3_ir_g141_ienn05ld,149.9751483333,2.159144444444,image,"Lemaux, Brian",2,59576.57109099,59576.57749062,552.93689,INFRARED,810.0,2009.9999999999998,,59758.83995367,16684,HAP,,POLYGON 149.950522415313 2.1683651586975183 149.98488148258093 2.183774870895352 149.99937089938575 2.1529685329768014 149.96414492122784 2.1371635443295887 149.950522415313 2.1683651586975183,,mast:HST/product/hst_16684_05_wfc3_ir_g141_ienn05ld_flt.fits,PUBLIC,False,,71336317,810.0,2009.9999999999998,0.0,1060646,149.9720435663608,2.1740792194192085,,59576.57109099
science,HST,HAP-SVM,WFC3/IR,HAP,G141,INFRARED,WFC3-PEAK2-1,,hst_16684_05_wfc3_ir_g141_ienn05lf,149.9751483333,2.159144444444,image,"Lemaux, Brian",2,59576.57773432,59576.58413395,552.93689,INFRARED,810.0,2009.9999999999998,,59758.83995367,16684,HAP,,POLYGON 149.95052266838513 2.168365079795209 149.98488137417934 2.183774629882492 149.9993706385436 2.152968616084368 149.9641450309737 2.1371637937026016 149.95052266838513 2.168365079795209,,mast:HST/product/hst_16684_05_wfc3_ir_g141_ienn05lf_flt.fits,PUBLIC,False,,71335922,810.0,2009.9999999999998,0.0,1060646,149.9720435663608,2.1740792194192085,,59576.57773432
science,HST,HAP-SVM,WFC3/IR,HAP,G141,INFRARED,WFC3-PEAK2-1,,hst_16684_05_wfc3_ir_g141_ienn05lk,149.9751483333,2.159144444444,image,"Lemaux, Brian",2,59576.62361395,59576.63001358,552.93689,INFRARED,810.0,2009.9999999999998,,59758.8388194,16684,HAP,,POLYGON 149.9505516933844 2.1686190366158944 149.984911656829 2.184029148184225 149.99940145148759 2.153222011923482 149.96417455462384 2.137416613708181 149.9505516933844 2.1686190366158944,,mast:HST/product/hst_16684_05_wfc3_ir_g141_ienn05lk_flt.fits,PUBLIC,False,,71336313,810.0,2009.9999999999998,0.0,1060646,149.9720435663608,2.1740792194192085,,59576.62361395
science,HST,HAP-SVM,WFC3/IR,HAP,G141,INFRARED,WFC3-PEAK2-1,,hst_16684_05_wfc3_ir_g141_ienn05lm,149.9751483333,2.159144444444,image,"Lemaux, Brian",2,59576.63025765,59576.63665728,552.93689,INFRARED,810.0,2009.9999999999998,,59758.8388194,16684,HAP,,POLYGON 149.9505519687707 2.1686189507835865 149.98491153887608 2.1840288859338757 149.9994011676461 2.1532221023308513 149.96417467403933 2.137416885055183 149.9505519687707 2.1686189507835865,,mast:HST/product/hst_16684_05_wfc3_ir_g141_ienn05lm_flt.fits,PUBLIC,False,,71335927,810.0,2009.9999999999998,0.0,1060646,149.9720435663608,2.1740792194192085,,59576.63025765
science,HST,HAP-SVM,WFC3/IR,HAP,G141,INFRARED,WFC3-PEAK2-1,,hst_16684_05_wfc3_ir_g141_ienn05lo,149.9751483333,2.159144444444,image,"Lemaux, Brian",2,59576.63738728,59576.64378691,552.93689,INFRARED,810.0,2009.9999999999998,,59758.84069436,16684,HAP,,POLYGON 149.950944102614 2.168666450104487 149.9853031670119 2.184076157958676 149.99979258252725 2.1532698287810375 149.96456660739162 2.1374648446342484 149.950944102614 2.168666450104487,,mast:HST/product/hst_16684_05_wfc3_ir_g141_ienn05lo_flt.fits,PUBLIC,False,,71336325,810.0,2009.9999999999998,0.0,1060646,149.9720435663608,2.1740792194192085,,59576.63738728
science,HST,HAP-SVM,WFC3/IR,HAP,G141,INFRARED,WFC3-PEAK2-1,,hst_16684_05_wfc3_ir_g141_ienn05lp,149.9751483333,2.159144444444,image,"Lemaux, Brian",2,59576.64403062,59576.65043025,552.93689,INFRARED,810.0,2009.9999999999998,,59758.84069436,16684,HAP,,POLYGON 149.95094435367432 2.1686663718464723 149.98530305945357 2.1840759188874577 149.99979232375878 2.15326991121014 149.9645667162841 2.137465091998224 149.95094435367432 2.1686663718464723,,mast:HST/product/hst_16684_05_wfc3_ir_g141_ienn05lp_flt.fits,PUBLIC,False,,71336321,810.0,2009.9999999999998,0.0,1060646,149.9720435663608,2.1740792194192085,,59576.64403062
science,HST,HAP-SVM,WFC3/IR,HAP,detection,,WFC3-PEAK2-1,CLUSTER OF GALAXIES;FILAMENT;GROUP;HIGH REDSHIFT CLUSTER;POOR CLUSTER,hst_16684_05_wfc3_ir_total_ienn05,149.9751483333,2.159144444444,image,"Lemaux, Brian",3,59576.55492173,59576.65282617,711.743532,,,,,59758.8416666,16684,HAP,,POLYGON 149.96370289841562 2.1380890495986336 149.95065457617451 2.168690769189382 149.98530699804394 2.1840096785342844 149.99953121738915 2.1539063930267206 149.99953120300907 2.1530157681227835 149.99888949340345 2.1525882783424897 149.9656992904584 2.1376971880611095 149.964202000388 2.1374478033052404 149.96370289841562 2.1380890495986336,mast:HST/product/hst_16684_05_wfc3_ir_total_ienn05_drz.jpg,mast:HST/product/hst_16684_05_wfc3_ir_total_ienn05_drz.fits,PUBLIC,False,,71252917,,,0.0,1060646,149.9720435663608,2.1740792194192085,,59576.55492173
science,HST,HAP-SVM,WFC3/UVIS,HAP,F275W,UV,CLUTCH-TARGET-CA,GALAXY;HIGH REDSHIFT GALAXY,hst_17802_ca_wfc3_uvis_f275w_iffuca,149.9693958333,2.152327777778,image,"Kartaltepe, Jeyhan",3,60688.85604259,60688.86991979,1060.0,UV,243.20000000000002,305.8,,60689.238125,17802,HAP,,POLYGON 149.93558388359506 2.16428490110463 149.97773232102682 2.1812007368046005 149.978095765096 2.180837551042714 149.98000111200602 2.1815749083819567 149.98959360166788 2.160939385220487 149.9876662467007 2.1600039399314372 149.98785347164574 2.1598168430015927 149.98978082310012 2.1605211714113257 149.99921886691178 2.1401497235288596 149.95734664913695 2.123938838223688 149.95696118767037 2.1242690022418342 149.95508896269033 2.1235536275034588 149.9454742227685 2.143627650401367 149.94740153129362 2.144552143401953 149.94721430355057 2.144717224261821 149.94529800484008 2.1440238478277505 149.93558388359506 2.16428490110463,mast:HST/product/hst_17802_ca_wfc3_uvis_f275w_iffuca_drc.jpg,mast:HST/product/hst_17802_ca_wfc3_uvis_f275w_iffuca_drc.fits,PUBLIC,False,,250804141,243.20000000000002,305.8,0.0,1060646,149.9720435663608,2.1740792194192085,F275W,60688.85604259
science,HST,HAP-SVM,WFC3/UVIS,HAP,detection,,CLUTCH-TARGET-CA,GALAXY;HIGH REDSHIFT GALAXY,hst_17802_ca_wfc3_uvis_total_iffuca,149.9693958333,2.152327777778,image,"Kartaltepe, Jeyhan",3,60688.85604259,60688.86991979,1060.0,,,,,60689.238125,17802,HAP,,POLYGON 149.99921886599424 2.1401057013153757 149.96197215316445 2.125721761076284 149.95733563565227 2.1239938659152977 149.95695017424515 2.1243130243781834 149.95505592280296 2.1236196605545854 149.9454962499239 2.1435836284988743 149.9474125448506 2.144530132436587 149.9472143031125 2.1447502409258625 149.94528699125652 2.1440458587775986 149.93558388359506 2.16428490110463 149.97767725321123 2.181178726074591 149.978095765096 2.180837551042714 149.979957057952 2.181585914301047 149.98007820557277 2.1814318355557205 149.9895715756948 2.1609944133136025 149.98776536975623 2.1602020385942615 149.98768827272878 2.1599489118650976 149.98788651148467 2.1597948314486257 149.98978082293885 2.1605101658568384 149.99921886599424 2.1401057013153757,mast:HST/product/hst_17802_ca_wfc3_uvis_total_iffuca_drc.jpg,mast:HST/product/hst_17802_ca_wfc3_uvis_total_iffuca_drc.fits,PUBLIC,False,,250804159,,,0.0,1060646,149.9720435663608,2.1740792194192085,,60688.85604259
science,HST,HAP-SVM,WFC3/IR,HAP,F098M,INFRARED,CLUTCH-TARGET-CB,GALAXY;HIGH REDSHIFT GALAXY,hst_17802_cb_wfc3_ir_f098m_iffucb,149.95734625,2.1837,image,"Kartaltepe, Jeyhan",3,60690.2197983,60690.23197349,805.867066,INFRARED,895.5,1076.7,,60690.48060189,17802,HAP,,POLYGON 149.98227935021725 2.176212184358673 149.94741305421738 2.159824879411497 149.9467356957844 2.1601811251675453 149.94495318252513 2.1597536128036343 149.93101338883497 2.1904265641120877 149.96463241263027 2.206244256384654 149.96563065140907 2.206066125605617 149.96719931894722 2.206778614996268 149.98227935021725 2.176212184358673,mast:HST/product/hst_17802_cb_wfc3_ir_f098m_iffucb_drz.jpg,mast:HST/product/hst_17802_cb_wfc3_ir_f098m_iffucb_drz.fits,PUBLIC,False,,250804090,895.5,1076.7,0.0,1060646,149.9720435663608,2.1740792194192085,F098M,60690.2197983
science,HST,HAP-SVM,WFC3/IR,HAP,detection,,CLUTCH-TARGET-CB,GALAXY;HIGH REDSHIFT GALAXY,hst_17802_cb_wfc3_ir_total_iffucb,149.95734625,2.1837,image,"Kartaltepe, Jeyhan",3,60690.2197983,60690.23197349,805.867066,,,,,60690.48060189,17802,HAP,,POLYGON 149.9816019814569 2.1758915708239033 149.94755565487424 2.1599317552339703 149.94694959709324 2.160288001501634 149.9453096870506 2.1595754904924838 149.94456102223126 2.160608609629102 149.93101338883497 2.1904265641120877 149.96416894302365 2.206030508890602 149.96737757483353 2.206600488733363 149.98195850595906 2.176924689730123 149.9816019814569 2.1758915708239033,mast:HST/product/hst_17802_cb_wfc3_ir_total_iffucb_drz.jpg,mast:HST/product/hst_17802_cb_wfc3_ir_total_iffucb_drz.fits,PUBLIC,False,,250804126,,,0.0,1060646,149.9720435663608,2.1740792194192085,,60690.2197983
science,HST,HAP-SVM,WFC3/UVIS,HAP,F275W,UV,CLUTCH-TARGET-CB,GALAXY;HIGH REDSHIFT GALAXY,hst_17802_cb_wfc3_uvis_f275w_iffucb,149.95734625,2.1837,image,"Kartaltepe, Jeyhan",3,60690.23430629,60690.24818386,1060.0,UV,243.20000000000002,305.8,,60690.54281238,17802,HAP,,POLYGON 149.92353133635297 2.1956613652151975 149.96568065408005 2.2125772052594592 149.9660441057474 2.2122140194611974 149.96794949276693 2.2129513765890634 149.97754217960656 2.192315851836355 149.97561478434227 2.1913804069376233 149.975802013146 2.1911933099714287 149.9777294048462 2.191897637987388 149.9871676388678 2.1715261876640404 149.94529455946144 2.155315306697578 149.94490909007524 2.1556454706778205 149.94303682686834 2.1549300957351285 149.93342188604464 2.175004117056046 149.93534923418812 2.1759286104435516 149.9351620025455 2.176093691267391 149.93324566439367 2.1754003144452914 149.92353133635297 2.1956613652151975,mast:HST/product/hst_17802_cb_wfc3_uvis_f275w_iffucb_drc.jpg,mast:HST/product/hst_17802_cb_wfc3_uvis_f275w_iffucb_drc.fits,PUBLIC,False,,250804114,243.20000000000002,305.8,0.0,1060646,149.9720435663608,2.1740792194192085,F275W,60690.23430629
science,HST,HAP-SVM,WFC3/UVIS,HAP,detection,,CLUTCH-TARGET-CB,GALAXY;HIGH REDSHIFT GALAXY,hst_17802_cb_wfc3_uvis_total_iffucb,149.95734625,2.1837,image,"Kartaltepe, Jeyhan",3,60690.23430629,60690.24818386,1060.0,,,,,60690.54281238,17802,HAP,,POLYGON 149.92353133635297 2.1956613652151975 149.9656255851054 2.212555194534855 149.9660441057474 2.2122140194611974 149.9679054377886 2.21296238251344 149.96802658793627 2.212808303753558 149.9775201531867 2.1923708799341326 149.97571390949858 2.1915785055812407 149.97563681081792 2.191325378867028 149.97583505366796 2.1911712984120144 149.9777294046826 2.1918866324328996 149.9871676388678 2.1715261876640404 149.9499201580329 2.1570982298942396 149.9452835457461 2.1553703343881168 149.94489807642023 2.1556894928130523 149.94300378629728 2.1549961287823782 149.93344391366412 2.1749600951581876 149.93536024797686 2.175906599480304 149.9351620021011 2.176126707931443 149.933234650578 2.1754223253928098 149.92353133635297 2.1956613652151975,mast:HST/product/hst_17802_cb_wfc3_uvis_total_iffucb_drc.jpg,mast:HST/product/hst_17802_cb_wfc3_uvis_total_iffucb_drc.fits,PUBLIC,False,,250804138,,,0.0,1060646,149.9720435663608,2.1740792194192085,,60690.23430629
science,HST,HAP-SVM,ACS/WFC,HAP,F435W,OPTICAL,CLUTCH-TARGET-BC,GALAXY;HIGH REDSHIFT GALAXY,hst_17802_oc_acs_wfc_f435w_jffuoc,149.9211975,2.277816666667,image,"Kartaltepe, Jeyhan",3,61055.63826484,61055.65029104,800.0,OPTICAL,370.0,479.99999999999994,,61056.68223365,17802,HAP,,POLYGON 149.97934298039408 2.1508211948387084 149.9791900931223 2.1506684189332406 149.9775639540187 2.1512101036443863 149.977035794499 2.1502934429231764 149.94973873201113 2.1593490344553556 149.94998890256375 2.1602934805495737 149.94947464608427 2.160571254384829 149.94887700649682 2.159668472083024 149.92251084132795 2.1683346932801397 149.9321144806249 2.1918487933893402 149.94403955404465 2.2194878612793594 149.9457352749117 2.219029546813241 149.94627733965316 2.2198628854008056 149.97229680431542 2.212182365931358 149.9720605111169 2.211349034525557 149.97229679621202 2.2110851439487176 149.97260257896954 2.211029586092616 149.97315855499681 2.2118629148787305 149.9999838743485 2.203570793408611 149.97934298039408 2.1508211948387084,mast:HST/product/hst_17802_oc_acs_wfc_f435w_jffuoc_drc.jpg,mast:HST/product/hst_17802_oc_acs_wfc_f435w_jffuoc_drc.fits,PUBLIC,False,,377014601,370.0,479.99999999999994,0.0,1060646,149.9720435663608,2.1740792194192085,F435W,61055.63826484
science,HST,HAP-SVM,ACS/WFC,HAP,F606W,OPTICAL,CLUTCH-TARGET-BC,GALAXY;HIGH REDSHIFT GALAXY,hst_17802_oc_acs_wfc_f606w_jffuoc,149.9211975,2.277816666667,image,"Kartaltepe, Jeyhan",3,61055.62408669,61055.63529104,800.0,OPTICAL,470.0,720.0,,61056.00437493,17802,HAP,,POLYGON 149.999942178302 2.2036263500298157 149.97925958900288 2.1508767513579987 149.9774944618221 2.1513212154524766 149.97696630230533 2.1504045547050197 149.94968313613248 2.1594601451200517 149.94994720543465 2.1604045913279823 149.94943294880053 2.160696254035256 149.94882141054288 2.1597795827164004 149.92239964491208 2.1685569125867787 149.93335143794576 2.1950015942394283 149.94399785483284 2.219598971863265 149.94567967652793 2.2191406573012284 149.94615224469183 2.2199739952019377 149.94638853336056 2.2199462198198643 149.97225510749837 2.212307366213486 149.97200491496432 2.2114601460177727 149.97224120008676 2.2111962554500875 149.9725469828691 2.211140697605389 149.97306126139543 2.212001804515486 149.999942178302 2.2036263500298157,mast:HST/product/hst_17802_oc_acs_wfc_f606w_jffuoc_drc.jpg,mast:HST/product/hst_17802_oc_acs_wfc_f606w_jffuoc_drc.fits,PUBLIC,False,,377014599,470.0,720.0,0.0,1060646,149.9720435663608,2.1740792194192085,F606W,61055.62408669
science,HST,HAP-SVM,ACS/WFC,HAP,detection,,CLUTCH-TARGET-BC,GALAXY;HIGH REDSHIFT GALAXY,hst_17802_oc_acs_wfc_total_jffuoc,149.9211975,2.277816666667,image,"Kartaltepe, Jeyhan",3,61055.62408669,61055.65029104,1600.0,,,,,61056.68223365,17802,HAP,,POLYGON 149.99996997267797 2.2034735715790017 149.9792734855073 2.1506961957154798 149.97755005533833 2.151210103793127 149.9769940986291 2.150307332237352 149.94973873201113 2.1593490344553556 149.94961364170186 2.159543477905696 149.949905509764 2.1603212577036257 149.94972482453926 2.1604879229798115 149.94941905112296 2.1605573650689203 149.94887700649682 2.159668472083024 149.92251084132795 2.1683346932801397 149.92241354374787 2.168556912942718 149.9336711036208 2.1957238222741924 149.94401175414637 2.219598972024795 149.94569357583745 2.2191406574469577 149.9462356404571 2.219987884931562 149.9491545038505 2.2191545785553406 149.97225510749837 2.212307366213486 149.97239409862064 2.2121268096591638 149.9720883095927 2.211349034322346 149.9723801921413 2.211154587754153 149.97268597629 2.211279585398029 149.97306126139543 2.212001804515486 149.99970589649044 2.2037791338768615 149.99996997267797 2.2034735715790017,mast:HST/product/hst_17802_oc_acs_wfc_total_jffuoc_drc.jpg,mast:HST/product/hst_17802_oc_acs_wfc_total_jffuoc_drc.fits,PUBLIC,False,,377014603,,,0.0,1060646,149.9720435663608,2.1740792194192085,,61055.62408669
science,HST,HAP-SVM,ACS/WFC,HAP,F435W,OPTICAL,CLUTCH-TARGET-BO,GALAXY;HIGH REDSHIFT GALAXY,hst_17802_oo_acs_wfc_f435w_jffuoo,149.9332470833,2.246444444444,image,"Kartaltepe, Jeyhan",3,61056.88047558,61056.89250141,800.0,OPTICAL,370.0,479.99999999999994,,61057.68070586,17802,HAP,,POLYGON 149.99127147456957 2.119320693196925 149.989603673371 2.1198623781179804 149.98907552520228 2.1189873839619295 149.96179291815827 2.128029086027682 149.96204308400456 2.1289318654367744 149.96152883799147 2.1292235282164955 149.96097290585126 2.128334635203907 149.93449609450423 2.1370425275115372 149.94548936182034 2.1636816504937837 149.95609386694724 2.1881679136533423 149.95780345108898 2.1877095990588633 149.95831770678504 2.1885151595163412 149.984364422283 2.1808346394884652 149.98411423527088 2.180015197047355 149.9843644144838 2.179765195277936 149.98464239295134 2.1797096376605936 149.98522615491285 2.180515188518831 150.01203701586329 2.1722369624203046 149.99127147456957 2.119320693196925,mast:HST/product/hst_17802_oo_acs_wfc_f435w_jffuoo_drc.jpg,mast:HST/product/hst_17802_oo_acs_wfc_f435w_jffuoo_drc.fits,PUBLIC,False,,377014976,370.0,479.99999999999994,0.0,1060646,149.9720435663608,2.1740792194192085,F435W,61056.88047558
science,HST,HAP-SVM,ACS/WFC,HAP,F606W,OPTICAL,CLUTCH-TARGET-BO,GALAXY;HIGH REDSHIFT GALAXY,hst_17802_oo_acs_wfc_f606w_jffuoo,149.9332470833,2.246444444444,image,"Kartaltepe, Jeyhan",3,61056.86629743,61056.87750178,800.0,OPTICAL,470.0,720.0,,61057.36089123,17802,HAP,,POLYGON 149.99129927283363 2.1194456928200816 149.98956197907262 2.119945711856355 149.98901993207784 2.1190290511769434 149.9617651208999 2.1280707524778237 149.9619874893642 2.129029087232565 149.96151493897312 2.129292972540113 149.96090341302732 2.1283901901918694 149.9344682963461 2.137084193463691 149.94525308946407 2.1632927573217136 149.95603827023854 2.1882234685508664 149.95772005642505 2.187765153733484 149.9582899079187 2.1885984925408413 149.98430882707203 2.180917973211586 149.98404474093206 2.1800707530899293 149.98425322343186 2.1798346405227744 149.9845867975901 2.179765193623226 149.98512886301424 2.1806124114886307 150.01199532066764 2.172292519026245 149.99129927283363 2.1194456928200816,mast:HST/product/hst_17802_oo_acs_wfc_f606w_jffuoo_drc.jpg,mast:HST/product/hst_17802_oo_acs_wfc_f606w_jffuoo_drc.fits,PUBLIC,False,,377014977,470.0,720.0,0.0,1060646,149.9720435663608,2.1740792194192085,F606W,61056.86629743
science,HST,HAP-SVM,ACS/WFC,HAP,detection,,CLUTCH-TARGET-BO,GALAXY;HIGH REDSHIFT GALAXY,hst_17802_oo_acs_wfc_total_jffuoo,149.9332470833,2.246444444444,image,"Kartaltepe, Jeyhan",3,61056.86629743,61056.89250141,1600.0,,,,,61057.68070586,17802,HAP,,POLYGON 150.01203701444857 2.17218140688266 149.9913409670225 2.1193623590367463 149.98960367352007 2.119876267001191 149.98907552520228 2.1189873839619295 149.9617512226375 2.1280429746030944 149.9619735913977 2.1289596427018447 149.96152883799147 2.1292235282164955 149.96097290585126 2.128334635203907 149.93445439673562 2.137125859766169 149.94568393413113 2.1642788761766596 149.9560660682798 2.188223468869386 149.95776175347507 2.187765154164281 149.9582899079187 2.1885984925408413 149.96043036283695 2.187987401469547 149.9843227260267 2.1809179731095814 149.98443391644102 2.1807513056602046 149.98412813401907 2.1799874191753363 149.9843922125752 2.179792972844803 149.98472578807724 2.179904081431737 149.98512886301424 2.1806124114886307 150.01203701444857 2.17218140688266,mast:HST/product/hst_17802_oo_acs_wfc_total_jffuoo_drc.jpg,mast:HST/product/hst_17802_oo_acs_wfc_total_jffuoo_drc.fits,PUBLIC,False,,377014978,,,0.0,1060646,149.9720435663608,2.1740792194192085,,61056.86629743
science,HST,HAP-SVM,WFC3/UVIS,HAP,F275W,UV,CLUTCH-TARGET-CA,GALAXY;HIGH REDSHIFT GALAXY,hst_17802_pa_wfc3_uvis_f275w_iffupa,149.9693958333,2.152327777778,image,"Kartaltepe, Jeyhan",3,61053.80718955,61053.82106675,1060.0,UV,243.20000000000002,305.8,,61054.45906252,17802,HAP,,POLYGON 149.9355838421514 2.1642848948893816 149.977732279583 2.1812007305893517 149.97809572365213 2.180837544827465 149.98000107056217 2.1815749021667075 149.989593560224 2.1609393790052387 149.98766620525683 2.1600039337161885 149.98785343020185 2.1598168367863444 149.98978078165624 2.1605211651960774 149.99921882546786 2.1401497173136113 149.9573466076932 2.1239388320084394 149.95696114622663 2.1242689960265855 149.95508892124658 2.123553621288209 149.9454741813248 2.143627644186118 149.9474014898499 2.144552137186705 149.94721426210685 2.144717218046573 149.9452979633964 2.1440238416125013 149.9355838421514 2.1642848948893816,mast:HST/product/hst_17802_pa_wfc3_uvis_f275w_iffupa_drc.jpg,mast:HST/product/hst_17802_pa_wfc3_uvis_f275w_iffupa_drc.fits,PUBLIC,False,,377012717,243.20000000000002,305.8,0.0,1060646,149.9720435663608,2.1740792194192085,F275W,61053.80718955
science,HST,HAP-SVM,WFC3/UVIS,HAP,detection,,CLUTCH-TARGET-CA,GALAXY;HIGH REDSHIFT GALAXY,hst_17802_pa_wfc3_uvis_total_iffupa,149.9693958333,2.152327777778,image,"Kartaltepe, Jeyhan",3,61053.80718955,61053.82106675,1060.0,,,,,61054.45906252,17802,HAP,,POLYGON 149.9992188245503 2.1401056951001274 149.96191704613523 2.1256997435589216 149.9573355942085 2.1239938597000485 149.9569501328014 2.1243130181629346 149.95505588135921 2.1236196543393366 149.94548519490266 2.14360563323491 149.94730237291103 2.1443650414576263 149.94737946259013 2.144607164671863 149.9472142616688 2.144750234710614 149.94527593622894 2.1440678635121135 149.93558384123148 2.164328917102853 149.977732279583 2.1812007305893517 149.97809572365213 2.180837544827465 149.98002309736188 2.1815418853256476 149.98957153425093 2.1609944070983538 149.98776532831235 2.1602020323790128 149.9876882312849 2.159948905649849 149.98788647004082 2.1597948252333774 149.98978078149497 2.16051015964159 149.9992188245503 2.1401056951001274,mast:HST/product/hst_17802_pa_wfc3_uvis_total_iffupa_drc.jpg,mast:HST/product/hst_17802_pa_wfc3_uvis_total_iffupa_drc.fits,PUBLIC,False,,377012719,,,0.0,1060646,149.9720435663608,2.1740792194192085,,61053.80718955
science,HST,HAP-SVM,WFC3/IR,HAP,F098M,INFRARED,CLUTCH-TARGET-CB,GALAXY;HIGH REDSHIFT GALAXY,hst_17802_pb_wfc3_ir_f098m_iffupb,149.95734625,2.1837,image,"Kartaltepe, Jeyhan",3,61059.54588749,61059.55806268,805.867066,INFRARED,895.5,1076.7,,61059.61835642,17802,HAP,,POLYGON 149.98229423790352 2.176279600997839 149.9477131425171 2.1599635477030388 149.94678623243803 2.1602129170359654 149.94511067224926 2.1595004055702565 149.93102827542808 2.1904227307595443 149.96464729913723 2.2062404230317734 149.96564553791345 2.206062292252746 149.96728550806316 2.206739156134236 149.98229423790352 2.176279600997839,mast:HST/product/hst_17802_pb_wfc3_ir_f098m_iffupb_drz.jpg,mast:HST/product/hst_17802_pb_wfc3_ir_f098m_iffupb_drz.fits,PUBLIC,False,,377024521,895.5,1076.7,0.0,1060646,149.9720435663608,2.1740792194192085,F098M,61059.54588749
science,HST,HAP-SVM,WFC3/IR,HAP,detection,,CLUTCH-TARGET-CB,GALAXY;HIGH REDSHIFT GALAXY,hst_17802_pb_wfc3_ir_total_iffupb,149.95734625,2.1837,image,"Kartaltepe, Jeyhan",3,61059.54588749,61059.55806268,805.867066,,,,,61059.61835642,17802,HAP,,POLYGON 149.98161686792096 2.1758877374713506 149.9475705414247 2.159927921881097 149.94696448364525 2.1602841681487663 149.9453245736067 2.159571657139624 149.9449324171199 2.1599635291406543 149.93102827542808 2.1904227307595443 149.96411252651325 2.2059910509108143 149.96732115898413 2.206667905888259 149.98193774290726 2.1769921069714253 149.98161686792096 2.1758877374713506,mast:HST/product/hst_17802_pb_wfc3_ir_total_iffupb_drz.jpg,mast:HST/product/hst_17802_pb_wfc3_ir_total_iffupb_drz.fits,PUBLIC,False,,377024523,,,0.0,1060646,149.9720435663608,2.1740792194192085,,61059.54588749
science,HST,HAP-SVM,WFC3/UVIS,HAP,F275W,UV,CLUTCH-TARGET-CB,GALAXY;HIGH REDSHIFT GALAXY,hst_17802_pb_wfc3_uvis_f275w_iffupb,149.95734625,2.1837,image,"Kartaltepe, Jeyhan",3,61059.56039585,61059.57427305,1060.0,UV,243.20000000000002,305.8,,61059.71152766,17802,HAP,,POLYGON 149.92352154606502 2.195683361547753 149.96568187796555 2.2125771905487075 149.9660453296314 2.2122140047490015 149.9679507166538 2.21295136186906 149.97754340340984 2.192315837078698 149.9756160079938 2.191369386633118 149.97579222333778 2.1911932953707587 149.97773062848412 2.1918866176745104 149.9871688625868 2.1715261728687465 149.94535084969615 2.15533730353759 149.94491031373198 2.155645456050532 149.9430380505221 2.1549300811152348 149.93343412374932 2.174971085972161 149.9353504579261 2.1759285958554333 149.93516322628415 2.1760936766800363 149.93324688812936 2.1754002998655664 149.92352154606502 2.195683361547753,mast:HST/product/hst_17802_pb_wfc3_uvis_f275w_iffupb_drc.jpg,mast:HST/product/hst_17802_pb_wfc3_uvis_f275w_iffupb_drc.fits,PUBLIC,False,,377024522,243.20000000000002,305.8,0.0,1060646,149.9720435663608,2.1740792194192085,F275W,61059.56039585
science,HST,HAP-SVM,WFC3/UVIS,HAP,detection,,CLUTCH-TARGET-CB,GALAXY;HIGH REDSHIFT GALAXY,hst_17802_pb_wfc3_uvis_total_iffupb,149.95734625,2.1837,image,"Kartaltepe, Jeyhan",3,61059.56039585,61059.57427305,1060.0,,,,,61059.71152766,17802,HAP,,POLYGON 149.92352154606502 2.195683361547753 149.96568187796555 2.2125771905487075 149.9660453296314 2.2122140047490015 149.9679727439122 2.2129183450252756 149.9775323901191 2.192337848350433 149.97571513329905 2.191578490830986 149.9756160079938 2.191369386633118 149.9758362774668 2.1911712836612924 149.9777416417686 2.191864606401334 149.9871688625868 2.1715261728687465 149.94988834166026 2.1570872095751397 149.94528476940175 2.1553703197593395 149.94489930007714 2.155689478185829 149.94299399660855 2.154996114073136 149.93343412374932 2.174971085972161 149.93536147171474 2.1759065848921355 149.93513018549794 2.176115687346564 149.9332248604978 2.1754443217605997 149.92352154606502 2.195683361547753,mast:HST/product/hst_17802_pb_wfc3_uvis_total_iffupb_drc.jpg,mast:HST/product/hst_17802_pb_wfc3_uvis_total_iffupb_drc.fits,PUBLIC,False,,377024524,,,0.0,1060646,149.9720435663608,2.1740792194192085,,61059.56039585
science,HST,HAP-SVM,ACS/WFC,HAP,F814W,OPTICAL,COSMOS32-04,CLUSTER OF GALAXIES;BLANK SKY,hst_9822_63_acs_wfc_f814w_j8pu63,149.9526666667,2.18115,image,"Scoville, Nicholas",3,53112.25018174,53112.28044869,2028.0,OPTICAL,708.0,959.0,,53112.42306716,9822,HAP,,POLYGON 149.9172595109266 2.157419450239714 149.92839150446835 2.2131557687387913 149.98788010472137 2.2045166585031906 149.98173613012065 2.1766417965394638 149.9755090160396 2.1504335758707 149.95029681669945 2.1531837464922803 149.9172595109266 2.157419450239714,mast:HST/product/hst_9822_63_acs_wfc_f814w_j8pu63_drc.jpg,mast:HST/product/hst_9822_63_acs_wfc_f814w_j8pu63_drc.fits,PUBLIC,False,,26359341,708.0,959.0,0.0,1060646,149.9720435663608,2.1740792194192085,F814W,53112.25018174
science,HST,HAP-SVM,ACS/WFC,HAP,detection,,COSMOS32-04,CLUSTER OF GALAXIES;BLANK SKY,hst_9822_63_acs_wfc_total_j8pu63,149.9526666667,2.18115,image,"Scoville, Nicholas",3,53112.25018174,53112.28044869,2028.0,,,,,53112.42306716,9822,HAP,,POLYGON 149.91720391240324 2.1575722266747515 149.92839150535934 2.213100213205652 149.98782450706597 2.20447499316931 149.98170833337144 2.1766973526252302 149.97546732023307 2.150447465381315 149.9479896315567 2.153475407986684 149.91992807611203 2.1570445098044 149.91720391240324 2.1575722266747515,mast:HST/product/hst_9822_63_acs_wfc_total_j8pu63_drc.jpg,mast:HST/product/hst_9822_63_acs_wfc_total_j8pu63_drc.fits,PUBLIC,False,,26359359,,,0.0,1060646,149.9720435663608,2.1740792194192085,,53112.25018174
science,HST,HAP-MVM,ACS/WFC,HAP,F814W,OPTICAL,ANY,CLUSTER OF GALAXIES;BLANK SKY,hst_skycell-p1359x03y12_acs_wfc_f814w_all,150.0397347676,2.35276528118,image,,3,52935.52059596,57149.14217706,78034.0,OPTICAL,708.0,959.0,,57515.43319445,,,,POLYGON 150.02553717048016 2.11777696321321 149.78182936481997 2.11809832846432 149.78209409027642 2.3618424178935213 150.02591584671734 2.3615309039940957 150.02553717048016 2.11777696321321,mast:HST/product/hst_skycell-p1359x03y12_acs_wfc_f814w_all_drc.jpg,mast:HST/product/hst_skycell-p1359x03y12_acs_wfc_f814w_all_drc.fits,PUBLIC,False,,87616468,708.0,959.0,0.0,1060646,149.9720435663608,2.1740792194192085,F814W,52935.52059596
science,HST,HAP-MVM,WFC3/IR,HAP,F160W,INFRARED,WFC3-PEAK3N7-2,GALAXY;HIGH REDSHIFT GALAXY,hst_skycell-p1359x03y12_wfc3_ir_f160w_all,149.9876591667,2.229266666667,image,,3,55491.17355316,60024.66707753,49633.340186000016,INFRARED,1393.8999999999999,1692.4,,59759.11665507,,,,POLYGON 150.0201846388529 2.1177839446659776 149.91208272944834 2.117920992392316 149.90631340202071 2.132631014856892 149.90642480233043 2.1329196048213803 149.92213684142115 2.139396389244927 149.91677474887598 2.1508632868653095 149.91683064447494 2.1511741520270697 149.9512228888086 2.1665992982010183 149.95134524111975 2.166754604994759 149.9505477510033 2.1685656803116142 149.95067007709304 2.1686987778962936 149.98491714250778 2.184033817123963 149.98533881349422 2.1837445475784727 149.99905215894674 2.1545776765394393 149.99922968314573 2.1544441923218143 150.00371869607952 2.1564370646552207 150.00394049134513 2.156181375090846 150.00412932304806 2.156214439420063 150.0186060655334 2.1254478869267097 150.01702809682678 2.124583820442957 150.0201846388529 2.1177839446659776 POLYGON 149.90467290976696 2.1258812459824807 149.88944776694765 2.117948734488807 149.86527946207121 2.1179779913368417 149.8529210146726 2.140880746345555 149.85292116515706 2.141014009155357 149.8886514425016 2.1594602890592767 149.90401023280498 2.1290802847579604 149.90335439561562 2.1286035815915145 149.90467290976696 2.1258812459824807 POLYGON 150.02576943826944 2.224964370943863 150.01195759836338 2.218820475844325 150.01149109200315 2.218765589177445 150.01112521704613 2.2192657717989484 149.97830056137266 2.204541217830292 149.97792275554846 2.204375153893557 149.97726752616384 2.2043982322282716 149.94787580374117 2.1911891852270964 149.94406432013196 2.1895062322247347 149.94359783887222 2.18949573202843 149.92912893828674 2.2202743938565144 149.92928481191012 2.2205962258953837 149.94474251355962 2.227582961572074 149.93538080555436 2.247472510498788 149.93519210632863 2.247572701608713 149.93062389560632 2.244802589084533 149.9128420072061 2.273831440639766 149.9129533397309 2.2740533868705137 149.9247580408395 2.2815111012822786 149.94495454736028 2.2940208829305933 149.96063122481746 2.270080723998991 149.96634316699812 2.272671388573247 149.96675416615756 2.272715246721832 149.9670427391612 2.2725482890730184 150.00130262659968 2.287935942841601 150.0017136131708 2.287979786193022 150.01483761686927 2.2579695019491894 150.0150707179303 2.2578692427849973 150.0258159951917 2.2626734372995445 150.02576943826944 2.224964370943863 POLYGON 149.79880939600505 2.236152828887248 149.78236762182777 2.2659357071968196 149.7824455774178 2.266113299522093 149.78203551164682 2.267002244596457 149.7859815006328 2.2691296399067324 149.7847286689391 2.271407810086959 149.78480662484523 2.2715854016675214 149.7843520396659 2.2723966632357464 149.78450772206486 2.2725408423961255 149.8183870799219 2.290444729030847 149.81865363857028 2.290399970090265 149.819509497616 2.2908430942107754 149.83499461635114 2.2608394006652492 149.83549312122952 2.2596171993956506 149.8315916646885 2.2574232855338594 149.83275547758012 2.255134144837721 149.83309864207217 2.254067611800419 149.80485568092735 2.2391105609369895 149.79985398756747 2.236506924030583 149.799676336418 2.2365848798989707 149.79880939600505 2.236152828887248 POLYGON 149.92863373758362 2.318683879958346 149.90764037542107 2.3091512089981814 149.91105832180094 2.3063926740434897 149.88857457853797 2.2760288108157836 149.86081611950098 2.2957318051996434 149.8806639582141 2.322823826470345 149.88049743846662 2.322912886217783 149.87838515387833 2.321394334784295 149.8781741249393 2.3214168244856395 149.8776749581289 2.322028251523491 149.87695235727696 2.321529493611462 149.8767413279554 2.3215519831333338 149.87505538847978 2.323741868867594 149.87286574299716 2.3225787631481376 149.86273262094264 2.34006012775989 149.8562216627756 2.348663940924135 149.85723353680692 2.349539883219626 149.85582567274008 2.352129190300377 149.86611927756212 2.3583452730523606 149.8640873229035 2.359147540021298 149.865023408041 2.3617559153158973 149.90134766325602 2.361706740873013 149.89958658967413 2.35653440959178 149.90685057443523 2.346386031551097 149.91518575772062 2.3500391440048523 149.92876731426057 2.3189279969018153 149.92863373758362 2.318683879958346 POLYGON 150.01311125149937 2.3173005198634753 149.99705467373107 2.3474261952514373 150.02461639140526 2.361532795819066 150.02593803218792 2.361508664197153 150.02589135997323 2.323711436016686 150.01311125149937 2.3173005198634753 POLYGON 149.81272031561397 2.349576087880258 149.78233438052138 2.3273711073501175 149.782056767283 2.3274825117397184 149.78209409027642 2.3618424178935213 149.80394641675593 2.3618364615681826 149.81272031561397 2.349576087880258 POLYGON 149.95646612942198 2.3538573588386553 149.95618841964074 2.353835539644065 149.95518084084435 2.356513071959317 149.95502548327 2.356635436384916 149.95438101757367 2.3564364637944006 149.9524656239784 2.3616359332245813 149.97821226404247 2.361599558413644 149.95646612942198 2.3538573588386553 POLYGON 149.94118939896717 2.3598750242165667 149.94040286228875 2.361652811607071 149.94483478097484 2.3616466225563695 149.94118939896717 2.3598750242165667,mast:HST/product/hst_skycell-p1359x03y12_wfc3_ir_f160w_all_drz.jpg,mast:HST/product/hst_skycell-p1359x03y12_wfc3_ir_f160w_all_drz.fits,PUBLIC,False,,83785801,1393.8999999999999,1692.4,0.0,1060646,149.9720435663608,2.1740792194192085,F160W,55491.17355316
science,HST,HAP-MVM,WFC3/IR,HAP,F160W,INFRARED,WFC3-PEAK3N7-2,GALAXY;HIGH REDSHIFT GALAXY,hst_skycell-p1359x03y12_wfc3_ir_f160w_coarse-all,149.9876591667,2.229266666667,image,,3,55491.17355316,60024.66707753,49633.340186000016,INFRARED,1393.8999999999999,1692.4,,59759.11665507,,,,POLYGON 150.02008472231995 2.117806283167836 149.91210496795364 2.117943174760207 149.90632456011227 2.1326754207186673 149.92202588219567 2.1394853666409417 149.91690844169764 2.151218473690297 149.95051170012647 2.1662670754688724 149.95124533876057 2.1667991519532035 149.95064786478784 2.168698806503924 149.98425048536305 2.183779296736917 149.98534991928702 2.183744532919782 149.99890815382565 2.154877681109199 149.9993741346071 2.1545106285908817 150.00360760179666 2.156403898037661 150.00417364952037 2.156136651354273 150.01856179599673 2.1255700907444064 150.01712778214295 2.1243727107382737 150.02008472231995 2.117806283167836 POLYGON 149.85302119285873 2.1410694145862017 149.88856253620975 2.1594159794244177 149.9039880971322 2.12914694169453 149.90345413509826 2.1284146745790453 149.9046508901899 2.1260478471471806 149.88954775195208 2.1179708227461864 149.86525727349607 2.118000228407811 149.85302119285873 2.1410694145862017 POLYGON 150.02574722722198 2.2249644014213255 150.01197980970423 2.2188204456575193 150.0109474308062 2.2191882844904325 149.94354242531642 2.1895957453502803 149.92915121713622 2.2203298881383797 149.94465388425607 2.2277718558708326 149.9355137345053 2.2471725107518865 149.9351142795138 2.247506177147414 149.93057952014462 2.244847066104095 149.91285310161857 2.2738203212674177 149.94483234318201 2.2939988400308247 149.9606646378257 2.2701584093684257 149.96626539383584 2.272649285702437 149.9671316322081 2.2725814810938516 150.00173575799096 2.2879242349726603 150.01469363560093 2.2582917184029836 150.01519295093004 2.257924593644174 150.02579366024906 2.262573532892049 150.02574722722198 2.2249644014213255 POLYGON 149.79880943253107 2.2361861452282894 149.782013100759 2.2668245839750027 149.7858815808394 2.2691852905849546 149.78438528198697 2.2723188837960953 149.7847522760953 2.27268491178604 149.81839821320182 2.2904669254082903 149.8196314957215 2.290665255610626 149.83545973438257 2.259561715556795 149.8316581779743 2.257301044337354 149.83298748527162 2.2540011202700923 149.79880943253107 2.2361861452282894 POLYGON 149.88853017335745 2.2760510785881602 149.86079395353693 2.2957762539129005 149.87991858248608 2.3218364905502202 149.87955243471004 2.3222034353560113 149.878418490961 2.321405395343469 149.8776193539017 2.3219728012600767 149.87671913707024 2.321574222199745 149.8750219877885 2.3236752842200565 149.87278809967012 2.3226788095182034 149.86274371678192 2.340049008172844 149.85628818865283 2.348552803784836 149.85715594015383 2.349684349696579 149.85592575077925 2.352217896363228 149.86576367828033 2.3582347013240526 149.86413178237748 2.3591696901315835 149.8650678170545 2.361733646177113 149.90125877269278 2.3616846532283926 149.899586615389 2.356556618741846 149.90687286773039 2.3464526286082386 149.91524118027488 2.3499391275089856 149.92876732731492 2.318939101373774 149.90786251578885 2.309139806468863 149.91099153390726 2.306270612704957 149.88853017335745 2.2760510785881602 POLYGON 150.01310017242568 2.3173227434612023 149.99714360877718 2.3474926921741854 150.02451640581458 2.361510733826925 150.0259157370281 2.3614420742020936 150.0258691338807 2.323700364035824 150.01310017242568 2.3173227434612023 POLYGON 149.8126980973459 2.3495761166834463 149.7820789980598 2.3274935890630917 149.78211623707446 2.3617757576642786 149.80394639233396 2.361814251245178 149.8126980973459 2.3495761166834463 POLYGON 149.95636611047954 2.353813082123319 149.95530262483373 2.356179774236466 149.95427023480744 2.356680912303241 149.95257667189802 2.3616135688873303 149.97780127471776 2.3615779346624346 149.95636611047954 2.353813082123319 POLYGON 149.94141157666598 2.359896923021729 149.94051391196092 2.361630448071584 149.94454595865443 2.361624817741324 149.94141157666598 2.359896923021729,mast:HST/product/hst_skycell-p1359x03y12_wfc3_ir_f160w_coarse-all_drz.jpg,mast:HST/product/hst_skycell-p1359x03y12_wfc3_ir_f160w_coarse-all_drz.fits,PUBLIC,False,,83783005,1393.8999999999999,1692.4,0.0,1060646,149.9720435663608,2.1740792194192085,F160W,55491.17355316
science,HST,HAP-MVM,WFC3/IR,HAP,F098M,INFRARED,CLUTCH-TARGET-CT,GALAXY;HIGH REDSHIFT GALAXY,hst_skycell-p1360x19y12_wfc3_ir_f098m_all,150.0011141667,2.277305555556,image,,3,61059.54588749,61059.68879193,2417.601198,INFRARED,895.5,1076.7,,60645.398449,,,,POLYGON 149.96867930036439 2.1699363495613726 149.96863726401565 2.2038924129056707 149.98227536189728 2.1762727892291096 149.96867930036439 2.1699363495613726 POLYGON 150.0009549488373 2.221669540343881 149.9868015730033 2.252575202327433 149.9886216329875 2.2536437043422315 149.97474626861876 2.284015988479713 150.00876730549695 2.300009026962 150.00918989158762 2.2995654512803156 150.01103256371618 2.300400827893643 150.0260410062886 2.2699182491060057 150.02336608955582 2.26845993824763 150.03810704021998 2.2385092137312004 150.00318678480483 2.222038995370627 150.00278639139353 2.2225159356116055 150.0009549488373 2.221669540343881,mast:HST/product/hst_skycell-p1360x19y12_wfc3_ir_f098m_all_drz.jpg,mast:HST/product/hst_skycell-p1360x19y12_wfc3_ir_f098m_all_drz.fits,PUBLIC,False,,250803714,895.5,1076.7,0.0,1060646,149.9720435663608,2.1740792194192085,F098M,61059.54588749
science,HST,HAP-MVM,WFC3/IR,HAP,F098M,INFRARED,CLUTCH-TARGET-CT,GALAXY;HIGH REDSHIFT GALAXY,hst_skycell-p1360x19y12_wfc3_ir_f098m_coarse-all,150.0011141667,2.277305555556,image,,3,61059.54588749,61059.68879193,2417.601198,INFRARED,895.5,1076.7,,60645.398449,,,,POLYGON 149.9687014005467 2.170025211617354 149.96865983203278 2.2036037394810424 149.9822530693635 2.1763393842365417 149.9687014005467 2.170025211617354 POLYGON 150.03798502832427 2.238375797530553 150.00322010249863 2.22203904037508 150.00261989759784 2.222437981135011 150.00112149624792 2.221703078123974 150.00078799558014 2.221969127995227 149.98682388013754 2.2524975047303086 149.98855480692927 2.2537990690462744 149.97479067863694 2.284027154933015 150.00842317925455 2.2998641936706012 150.00942300695496 2.299665713222749 150.01102149756514 2.3003675000891355 150.02601872643353 2.26997374016171 150.02345516883307 2.2682712871628055 150.03798502832427 2.238375797530553,mast:HST/product/hst_skycell-p1360x19y12_wfc3_ir_f098m_coarse-all_drz.jpg,mast:HST/product/hst_skycell-p1360x19y12_wfc3_ir_f098m_coarse-all_drz.fits,PUBLIC,False,,250803716,895.5,1076.7,0.0,1060646,149.9720435663608,2.1740792194192085,F098M,61059.54588749
science,HST,HAP-MVM,WFC3/UVIS,HAP,F275W,UV,CLUTCH-TARGET-CT,GALAXY;HIGH REDSHIFT GALAXY,hst_skycell-p1360x19y12_wfc3_uvis_f275w_all,150.0011141667,2.277305555556,image,,3,61059.56039585,61059.70500231,3180.0,UV,243.20000000000002,305.8,,60976.66537029,,,,POLYGON 149.9686861733757 2.1643843323649694 149.96862801248633 2.2113653932888107 149.97754695015982 2.1923118751486523 149.97561577269207 2.1913765251430766 149.9757936906214 2.1911879961941683 149.97772514209456 2.1919012645448226 149.98716754010988 2.1715267362560504 149.9686861733757 2.1643843323649694 POLYGON 150.04294414634592 2.233674128569675 150.00107105331142 2.2175278288839406 150.00071524712365 2.217871579055948 149.99882809681552 2.2171805703953553 149.9892414649821 2.2372327228302584 149.99116161710015 2.2381792005816665 149.99098374686605 2.2383233105110247 149.9890744151243 2.237610033321693 149.97934299619956 2.257894806628977 149.9817737941888 2.259019685988188 149.97718636621676 2.268607142485465 149.97911765296627 2.269531469102494 149.97891755543995 2.2696866453184974 149.9770193128597 2.2689844437709756 149.96853479141095 2.2866610536711396 149.96853091446076 2.28979233849302 150.0094373255127 2.3061727443613096 150.00982648593714 2.30581795657919 150.01171371428853 2.306553463799928 150.02131254111364 2.2859241101267105 150.01938112543024 2.2849886953082015 150.01959237760673 2.284800214620458 150.02150187511202 2.2854913058562762 150.03094477023518 2.265116756314065 150.02889120606952 2.2641589952841863 150.03336758187226 2.2545375925289037 150.0314250351825 2.2536244122965936 150.0316251918201 2.2534248042067127 150.03354577866475 2.254126971469379 150.04294414634592 2.233674128569675,mast:HST/product/hst_skycell-p1360x19y12_wfc3_uvis_f275w_all_drc.jpg,mast:HST/product/hst_skycell-p1360x19y12_wfc3_uvis_f275w_all_drc.fits,PUBLIC,False,,355634090,243.20000000000002,305.8,0.0,1060646,149.9720435663608,2.1740792194192085,F275W,61059.56039585
science,HST,HAP-MVM,ACS/WFC,HAP,F435W,OPTICAL,CLUTCH-TARGET-BC,GALAXY;HIGH REDSHIFT GALAXY,hst_skycell-p1360x20y12_acs_wfc_f435w_all,149.9211975,2.277816666667,image,,3,61054.46142484,61055.65029104,1600.0,OPTICAL,370.0,479.99999999999994,,61001.32729163,,,,POLYGON 149.97436601938597 2.1512224596668865 149.94973635523996 2.1593509771927324 149.95000168994684 2.160295169056078 149.9494683151548 2.16057204799603 149.94890311143308 2.159660763723368 149.92244100097403 2.168374589098011 149.93205032527482 2.191694581647855 149.9426466450714 2.2164040770657034 149.92561555980424 2.2221209420204566 149.92590312049683 2.223042951303322 149.92574744219726 2.223209287993622 149.92529198947634 2.223330788956647 149.92479340959324 2.222430690971816 149.89833094997203 2.2311539464835963 149.90890325093795 2.256729329153998 149.91958808924372 2.2815055846316112 149.9199536020247 2.282261153562272 149.9216532978153 2.2817861561528043 149.92220750237433 2.282619722909762 149.9482481640463 2.2749288799057172 149.9479383348551 2.274029035832502 149.94830508002667 2.273818585455646 149.9486270423279 2.2738967689691414 149.949003699534 2.2746412555907245 149.97420103415888 2.266870753714102 149.9742291956467 2.2620516789751397 149.95656069050642 2.2169674192444497 149.9723251160579 2.2121699343149883 149.97203745960385 2.21129232395979 149.97230424998608 2.2110817117587893 149.97272618681995 2.2111378077391217 149.9730473384382 2.2118711117110483 149.97429161237434 2.2114952723522223 149.97436601938597 2.1512224596668865,mast:HST/product/hst_skycell-p1360x20y12_acs_wfc_f435w_all_drc.jpg,mast:HST/product/hst_skycell-p1360x20y12_acs_wfc_f435w_all_drc.fits,PUBLIC,False,,361702308,370.0,479.99999999999994,0.0,1060646,149.9720435663608,2.1740792194192085,F435W,61054.46142484
science,HST,HAP-MVM,ACS/WFC,HAP,F606W,OPTICAL,CLUTCH-TARGET-BC,GALAXY;HIGH REDSHIFT GALAXY,hst_skycell-p1360x20y12_acs_wfc_f606w_all,149.9211975,2.277816666667,image,,3,61054.44724632,61055.63529104,2800.0,OPTICAL,470.0,720.0,,55991.35488424,,,,POLYGON 149.97438509591836 2.117776861687125 149.912678098565 2.1176950389548783 149.90051414975306 2.1217647534940576 149.91168365096885 2.148739618845103 149.92202466766673 2.1726933672120277 149.9221355574587 2.172815660594463 149.9238018304376 2.1723404894665346 149.92435578991436 2.1733405865698567 149.93364437188237 2.195694140603562 149.94260215534166 2.2164595343493185 149.94244644824536 2.216648082909618 149.9255598952772 2.222231900723523 149.92583637916925 2.2231316870759117 149.92568065875662 2.223331334726029 149.925247415703 2.223452866818532 149.92475996874276 2.222530577101404 149.89827527099973 2.231276005232186 149.90926829557165 2.2578402046480854 149.91985355707067 2.282338733755233 149.92160872238662 2.2819082308835763 149.92215182174073 2.2827417816241162 149.94815915339433 2.2750619984368217 149.9478826129661 2.274184409184325 149.94810498670233 2.2739737538052394 149.94843824881605 2.273896500863069 149.94893691377953 2.2747633020643945 149.97422314980733 2.2669485122474984 149.97422885291303 2.262329277336734 149.95650494311778 2.217145004831515 149.95670508611522 2.216945410575062 149.972291648884 2.212292032833043 149.97198180908433 2.2113921841551973 149.9721485959584 2.2112258515611347 149.9725485140109 2.2111264612373702 149.9730138575772 2.2120043143172716 149.9742914889978 2.211595208496644 149.97437050172672 2.1475914214409104 149.96837043431412 2.1323819791613743 149.97439172061206 2.130402270619185 149.97438509591836 2.117776861687125,mast:HST/product/hst_skycell-p1360x20y12_acs_wfc_f606w_all_drc.jpg,mast:HST/product/hst_skycell-p1360x20y12_acs_wfc_f606w_all_drc.fits,PUBLIC,False,,87599807,470.0,720.0,0.0,1060646,149.9720435663608,2.1740792194192085,F606W,61054.44724632
science,HST,CALWF3,WFC3/IR,HST,F160W,INFRARED,COSMOS-F160W-43,UNIDENTIFIED;BLANK FIELD,iedw9v010,149.9268114386,2.174345527527,image,"Momcheva, Ivelina",3,59322.60446751158,59322.62900378472,1520.556885,INFRARED,1393.8999999999999,1692.4,3D-DASH: A Wide Field WFC3/IR Survey of COSMOS,59322.8884606,16259,GO,,POLYGON 150.01942061 2.19044144 150.0075894 2.22235421 149.97178586 2.20922296 149.9830977569161 2.1787129434520383 149.97174609 2.17454938 149.97178474772048 2.1744451146069896 149.95004647945834 2.1664717123572763 149.93877272 2.19687718 149.9029704 2.18374431 149.91428361329946 2.15323437615249 149.90280194 2.1490225 149.90284047408423 2.1489185794542456 149.86852614 2.13633023 149.88035967 2.10441854 149.91615993 2.11755194 149.91612139496462 2.1176558669362855 149.95043561 2.1302431 149.95039679194596 2.130347797591134 149.98497258 2.14303 149.98493391753456 2.1431342843179135 150.01937985 2.15576795 150.00806878598175 2.1862781888684832 150.01942061 2.19044144 150.01942061 2.19044144,mast:HST/product/iedw9v010_drz.jpg,mast:HST/product/iedw9v010_drz.fits,PUBLIC,False,,60738990,1393.8999999999999,1692.4,0.0,1060646,149.9720435663608,2.1740792194192085,F160W,59322.60446751158
calibration,HST,CALWF3,WFC3/UVIS,HST,F390M,OPTICAL,DARK,,ielu10ltq,149.9752248355,2.161427152622,image,"Martlin, Catherine A",2,59576.658318981485,59576.6583246875,0.5,OPTICAL,376.6,402.6,WFC3 UVIS Post-flash Monitor,59576.96409713,16570,CAL/WFC3,,POLYGON 149.94344482444194 2.174215375012999 149.98590549819804 2.190192433614263 149.9952229873106 2.169506369468937 149.95276279639094 2.153529572362239 149.94344482444194 2.174215375012999,mast:HST/product/ielu10ltq_flt.jpg,mast:HST/product/ielu10ltq_flt.fits,PUBLIC,False,,70496601,376.6,402.6,0.0,1060646,149.9720435663608,2.1740792194192085,F390M,59576.658318981485
calibration,HST,CALWF3,WFC3/UVIS,HST,F390M,OPTICAL,DARK,,ielu10lwq,149.9752248355,2.161427152622,image,"Martlin, Catherine A",2,59576.66642083333,59576.66642653935,0.5,OPTICAL,376.6,402.6,WFC3 UVIS Post-flash Monitor,59576.99908553,16570,CAL/WFC3,,POLYGON 149.94344482444194 2.174215375012999 149.98590549819804 2.190192433614263 149.9952229873106 2.169506369468937 149.95276279639094 2.153529572362239 149.94344482444194 2.174215375012999,mast:HST/product/ielu10lwq_flt.jpg,mast:HST/product/ielu10lwq_flt.fits,PUBLIC,False,,70526257,376.6,402.6,0.0,1060646,149.9720435663608,2.1740792194192085,F390M,59576.66642083333
science,HST,CALWF3,WFC3/IR,HST,F160W,INFRARED,WFC3-PEAK2-1,CLUSTER OF GALAXIES;FILAMENT;GROUP;HIGH REDSHIFT CLUSTER;POOR CLUSTER,ienn05010,149.9751483333,2.159144444444,image,"Lemaux, Brian",3,59576.554921724535,59576.652826157406,712.0,INFRARED,1393.8999999999999,1692.4,Peak Efficiency: Mass Assembly in a Forming Supercluster at the Peak of Cosmic Star Formation Activity,59758.8416666,16684,GO,,POLYGON 149.99947345 2.15341457 149.9854118 2.18452295 149.98506815958439 2.1843688439211055 149.98502002 2.18447534 149.95018281 2.16885198 149.95027312034864 2.1686522023832637 149.95015291 2.16859829 149.96421513 2.13749024 149.96455876628167 2.137644354569606 149.96460691 2.13753785 149.99944354 2.15316089 149.99935324077862 2.1533606621945007 149.99947345 2.15341457 149.99947345 2.15341457,mast:HST/product/ienn05010_drz.jpg,mast:HST/product/ienn05010_drz.fits,PUBLIC,False,,70536197,1393.8999999999999,1692.4,0.0,1060646,149.9720435663608,2.1740792194192085,F160W,59576.554921724535
science,HST,CALWF3,WFC3/UVIS,HST,F275W,UV,CLUTCH-TARGET-CA,GALAXY;HIGH REDSHIFT GALAXY,iffuca040,149.9694549151,2.152202062282,image,"Kartaltepe, Jeyhan",3,60688.85604259259,60688.869919791665,1060.0,UV,243.20000000000002,305.8,CLUTCH: The COSMOS Legacy UV-Optical Treasury Campaign with Hubble,60689.238125,17802,GO,,POLYGON 149.98952867 2.16089754 149.97985136 2.18141796 149.97787046666016 2.1806329143809338 149.97767415 2.18104919 149.93549896 2.16433397 149.94517677 2.14381381 149.94715762936283 2.1445989113342354 149.94735394 2.14418266 149.98952867 2.16089754 149.98952867 2.16089754,mast:HST/product/iffuca040_drz.jpg,mast:HST/product/iffuca040_drz.fits,PUBLIC,False,,236583751,243.20000000000002,305.8,0.0,1060646,149.9720435663608,2.1740792194192085,F275W,60688.85604259259
science,HST,CALWF3,WFC3/IR,HST,F098M,INFRARED,CLUTCH-TARGET-CB,GALAXY;HIGH REDSHIFT GALAXY,iffucb030,149.95734625,2.1837,image,"Kartaltepe, Jeyhan",3,60690.21979829861,60690.23197349537,806.0,INFRARED,895.5,1076.7,CLUTCH: The COSMOS Legacy UV-Optical Treasury Campaign with Hubble,60690.48060189,17802,GO,,POLYGON 149.98191636 2.17641355 149.96734479 2.20717356 149.96541894293591 2.2062697098186068 149.96516866 2.20679803 149.93064824 2.19059615 149.94522046 2.15983657 149.94714616581996 2.1607404102545797 149.94739649 2.160212 149.98191636 2.17641355 149.98191636 2.17641355,mast:HST/product/iffucb030_drz.jpg,mast:HST/product/iffucb030_drz.fits,PUBLIC,False,,236586743,895.5,1076.7,0.0,1060646,149.9720435663608,2.1740792194192085,F098M,60690.21979829861
science,HST,CALWF3,WFC3/UVIS,HST,F275W,UV,CLUTCH-TARGET-CA,GALAXY;HIGH REDSHIFT GALAXY,iffupa040,149.9694549151,2.152202062282,image,"Kartaltepe, Jeyhan",3,61053.807189548614,61053.82106674769,1060.0,UV,243.20000000000002,305.8,CLUTCH: The COSMOS Legacy UV-Optical Treasury Campaign with Hubble,61054.45906252,17802,GO,,POLYGON 149.98952867 2.16089754 149.97985136 2.18141796 149.97787046666016 2.1806329143809338 149.97767415 2.18104919 149.93549896 2.16433397 149.94517677 2.14381381 149.94715762936283 2.1445989113342354 149.94735394 2.14418266 149.98952867 2.16089754 149.98952867 2.16089754,mast:HST/product/iffupa040_drz.jpg,mast:HST/product/iffupa040_drz.fits,PUBLIC,False,,377011812,243.20000000000002,305.8,0.0,1060646,149.9720435663608,2.1740792194192085,F275W,61053.807189548614
science,HST,CALWF3,WFC3/IR,HST,F098M,INFRARED,CLUTCH-TARGET-CB,GALAXY;HIGH REDSHIFT GALAXY,iffupb030,149.95734625,2.1837,image,"Kartaltepe, Jeyhan",3,61059.5458875,61059.55806269676,806.0,INFRARED,895.5,1076.7,CLUTCH: The COSMOS Legacy UV-Optical Treasury Campaign with Hubble,61059.61835642,17802,GO,,POLYGON 149.98191636 2.17641355 149.96734479 2.20717356 149.96541894293591 2.2062697098186068 149.96516866 2.20679803 149.93064824 2.19059615 149.94522046 2.15983657 149.94714616581996 2.1607404102545797 149.94739649 2.160212 149.98191636 2.17641355 149.98191636 2.17641355,mast:HST/product/iffupb030_drz.jpg,mast:HST/product/iffupb030_drz.fits,PUBLIC,False,,377015817,895.5,1076.7,0.0,1060646,149.9720435663608,2.1740792194192085,F098M,61059.5458875
science,HST,CALACS,ACS/WFC,HST,F814W,OPTICAL,COSMOS32-04,CLUSTER OF GALAXIES;BLANK SKY,j8pu63010,149.9535054485,2.181021961964,image,"Scoville, Nicholas Z.",3,53112.25018174769,53112.280436458335,2028.0,OPTICAL,708.0,959.0,The COSMOS 2-Degree ACS Survey,53112.42306716,9822,GO,,POLYGON 149.98798583000016 2.2040679699999783 149.98629950111734 2.2042847627124322 149.98630820999995 2.2043240900001289 149.959421349622 2.2077803631417341 149.95949703000002 2.2081451799999492 149.9578138886026 2.2083745475673591 149.95781942999997 2.208401259999869 149.92945210000005 2.21226665999991 149.9294373365899 2.2121954860625337 149.92859549000002 2.2123101899998581 149.9170784400001 2.1567847500001305 149.91876155712603 2.1565554245332521 149.9187560100001 2.1565286800000476 149.94712231999995 2.1526634999998846 149.94713708362414 2.15273467379626 149.94797888999992 2.1526199599999125 149.94802851049673 2.1528591732729141 149.97501186999995 2.1493905899999937 149.97502619670783 2.1494552908997182 149.97586841000006 2.1493470199998983 149.98798583000016 2.2040679699999783 149.98798583000016 2.2040679699999783,mast:HST/product/j8pu63010_drz.jpg,mast:HST/product/j8pu63010_drz.fits,PUBLIC,False,,24820656,708.0,959.0,0.0,1060646,149.9720435663608,2.1740792194192085,F814W,53112.25018174769
science,HST,CALACS,ACS/WFC,HST,F606W,OPTICAL,ANY,UNIDENTIFIED;PARALLEL FIELD,jbwjd1010,149.9825014274,2.157169484715,image,"Riess, Adam",3,55977.588754895834,55977.61676408565,1946.0,OPTICAL,470.0,720.0,Supernova Follow-up for MCT,55977.80033554,12461,GO,,POLYGON 150.00882328000009 2.1433886100001245 150.008677262371 2.1434441258356394 150.00872929999989 2.1436151700000474 149.95564564999998 2.1637963499999553 149.95562801865989 2.1637383905341241 149.95547694999985 2.1637958200000904 149.94714807999998 2.1364158300000224 149.94729391672396 2.136360389357538 149.94724194000008 2.1361895200000287 150.00032475000012 2.1160086199999157 150.00034233134133 2.1160664109090286 150.00049356999997 2.1160089100001325 150.00882328000009 2.1433886100001245 150.00882328000009 2.1433886100001245,mast:HST/product/jbwjd1010_drz.jpg,mast:HST/product/jbwjd1010_drz.fits,PUBLIC,False,,24836621,470.0,720.0,0.0,1060646,149.9720435663608,2.1740792194192085,F606W,55977.588754895834
science,HST,CALACS,ACS/WFC,HST,F606W,OPTICAL,CLUTCH-TARGET-BC,GALAXY;HIGH REDSHIFT GALAXY,jffubc010,149.9591461689,2.18755219147,image,"Kartaltepe, Jeyhan",3,60677.81387708333,60677.82043969908,0.0,OPTICAL,470.0,720.0,CLUTCH: The COSMOS Legacy UV-Optical Treasury Campaign with Hubble,60678.07923614,17802,GO,,POLYGON 150.00010789999996 2.2041491700000986 149.97283804000003 2.2128893400001024 149.97245909570972 2.2119379200775682 149.97209318560812 2.2120551917592688 149.9723615500001 2.2127038499998877 149.94593759000006 2.2209550500000126 149.94555106927086 2.2200207572740145 149.94376133 2.2205796000001068 149.92231629999989 2.1687408200000156 149.94873966999992 2.1604900399999192 149.94912614025202 2.1614242418626293 149.9501825535859 2.1610943590590721 149.94965958 2.1597812200000259 149.97692878999987 2.1510414699999094 149.97730769062787 2.1519928101764019 149.97910474999998 2.151416830000028 150.00010789999996 2.2041491700000986 150.00010789999996 2.2041491700000986,,mast:HST/product/jffubc010_drz.fits,PUBLIC,False,,234685685,470.0,720.0,0.0,1060646,149.9720435663608,2.1740792194192085,F606W,60677.81387708333
science,HST,CALACS,ACS/WFC,HST,F435W,OPTICAL,CLUTCH-TARGET-BC,GALAXY;HIGH REDSHIFT GALAXY,jffubc020,149.9592052479,2.18742647476,image,"Kartaltepe, Jeyhan",3,60677.82805524306,60677.835439699076,0.0,OPTICAL,370.0,479.99999999999994,CLUTCH: The COSMOS Legacy UV-Optical Treasury Campaign with Hubble,60678.1321643,17802,GO,,POLYGON 150.00016696999995 2.2040234599998776 149.97289711999991 2.2127636300000288 149.97252040840704 2.2118178155595207 149.97215457821167 2.2119350616330169 149.9724206300001 2.2125781300000762 149.94599667000014 2.220829329999908 149.94561247212016 2.2199006520354136 149.94381929000014 2.2204605700000886 149.92237425999988 2.1686217899998597 149.94879762999994 2.1603710000001035 149.94918178426823 2.16129960412519 149.95023826256474 2.1609697014391829 149.94971753000002 2.1596621900001054 149.97698675 2.1509224400001057 149.97736341454424 2.1518681658401011 149.97916383000009 2.1512911100001237 150.00016696999995 2.2040234599998776 150.00016696999995 2.2040234599998776,,mast:HST/product/jffubc020_drz.fits,PUBLIC,False,,234685692,370.0,479.99999999999994,0.0,1060646,149.9720435663608,2.1740792194192085,F435W,60677.82805524306
science,HST,CALACS,ACS/WFC,HST,F606W,OPTICAL,CLUTCH-TARGET-BO,GALAXY;HIGH REDSHIFT GALAXY,jffubo010,149.9711949642,2.156179976128,image,"Kartaltepe, Jeyhan",3,60683.52531226852,60683.53187488426,0.0,OPTICAL,470.0,720.0,CLUTCH: The COSMOS Legacy UV-Optical Treasury Campaign with Hubble,60683.73370367,17802,GO,,POLYGON 150.0121558400001 2.1727769799998784 149.98488655999989 2.1815171300001279 149.98450761791798 2.1805656954530117 149.98414179457151 2.1806829414292044 149.98441017 2.1813316400000562 149.95798655000013 2.189582829999952 149.95760004839022 2.1886485633900317 149.95581043000013 2.1892073800000968 149.93436588000003 2.1373685999998582 149.96078869999985 2.1291178199998613 149.96117517185445 2.1300520472034612 149.96223156343419 2.1297221673673565 149.96170859000006 2.12840900000004 149.98897723999988 2.119669270000081 149.98935612989138 2.1206206046330323 149.99115314000008 2.1200446299998594 150.0121558400001 2.1727769799998784 150.0121558400001 2.1727769799998784,,mast:HST/product/jffubo010_drz.fits,PUBLIC,False,,234870092,470.0,720.0,0.0,1060646,149.9720435663608,2.1740792194192085,F606W,60683.52531226852
science,HST,CALACS,ACS/WFC,HST,F435W,OPTICAL,CLUTCH-TARGET-BO,GALAXY;HIGH REDSHIFT GALAXY,jffubo020,149.971254042,2.15605425944,image,"Kartaltepe, Jeyhan",3,60683.539490428244,60683.54687488426,0.0,OPTICAL,370.0,479.99999999999994,CLUTCH: The COSMOS Legacy UV-Optical Treasury Campaign with Hubble,60684.00909714,17802,GO,,POLYGON 150.01221492000013 2.1726512599999985 149.98494563999992 2.1813914100001139 149.98456893283986 2.1804455869978536 149.98420317727988 2.1805628112497262 149.98446924000007 2.1812059200000049 149.95804562999993 2.1894571199998993 149.95766144741762 2.1885284588557079 149.95586839000006 2.1890883499999765 149.93442384 2.1372495699998835 149.96084665999996 2.1289987799999386 149.96123081273186 2.1299274011371234 149.962287268797 2.1295975011674755 149.9617665399999 2.1282899700000821 149.98903519999985 2.1195502399999322 149.98941185617497 2.1204959665637868 149.99121221000007 2.1199189199999986 150.01221492000013 2.1726512599999985 150.01221492000013 2.1726512599999985,,mast:HST/product/jffubo020_drz.fits,PUBLIC,False,,235268818,370.0,479.99999999999994,0.0,1060646,149.9720435663608,2.1740792194192085,F435W,60683.539490428244
science,HST,CALACS,ACS/WFC,HST,F606W,OPTICAL,CLUTCH-TARGET-BC,GALAXY;HIGH REDSHIFT GALAXY,jffuoc010,149.9591461689,2.18755219147,image,"Kartaltepe, Jeyhan",3,61055.624086689815,61055.63527890046,800.0,OPTICAL,470.0,720.0,CLUTCH: The COSMOS Legacy UV-Optical Treasury Campaign with Hubble,61056.00437493,17802,GO,,POLYGON 150.00010789999996 2.2041491700000986 149.97283804000003 2.2128893400001024 149.97245909570972 2.2119379200775682 149.97209318560812 2.2120551917592688 149.9723615500001 2.2127038499998877 149.94593759000006 2.2209550500000126 149.94555106927086 2.2200207572740145 149.94376133 2.2205796000001068 149.92231629999989 2.1687408200000156 149.94873966999992 2.1604900399999192 149.94912614025202 2.1614242418626293 149.9501825535859 2.1610943590590721 149.94965958 2.1597812200000259 149.97692878999987 2.1510414699999094 149.97730769062787 2.1519928101764019 149.97910474999998 2.151416830000028 150.00010789999996 2.2041491700000986 150.00010789999996 2.2041491700000986,mast:HST/product/jffuoc010_drz.jpg,mast:HST/product/jffuoc010_drz.fits,PUBLIC,False,,377013040,470.0,720.0,0.0,1060646,149.9720435663608,2.1740792194192085,F606W,61055.624086689815
science,HST,CALACS,ACS/WFC,HST,F435W,OPTICAL,CLUTCH-TARGET-BC,GALAXY;HIGH REDSHIFT GALAXY,jffuoc020,149.9592052479,2.18742647476,image,"Kartaltepe, Jeyhan",3,61055.638264849535,61055.650278900466,800.0,OPTICAL,370.0,479.99999999999994,CLUTCH: The COSMOS Legacy UV-Optical Treasury Campaign with Hubble,61056.68223365,17802,GO,,POLYGON 150.00016696999995 2.2040234599998776 149.97289711999991 2.2127636300000288 149.97252040840704 2.2118178155595207 149.97215457821167 2.2119350616330169 149.9724206300001 2.2125781300000762 149.94599667000014 2.220829329999908 149.94561247212016 2.2199006520354136 149.94381929000014 2.2204605700000886 149.92237425999988 2.1686217899998597 149.94879762999994 2.1603710000001035 149.94918178426823 2.16129960412519 149.95023826256474 2.1609697014391829 149.94971753000002 2.1596621900001054 149.97698675 2.1509224400001057 149.97736341454424 2.1518681658401011 149.97916383000009 2.1512911100001237 150.00016696999995 2.2040234599998776 150.00016696999995 2.2040234599998776,mast:HST/product/jffuoc020_drz.jpg,mast:HST/product/jffuoc020_drz.fits,PUBLIC,False,,377013372,370.0,479.99999999999994,0.0,1060646,149.9720435663608,2.1740792194192085,F435W,61055.638264849535
science,HST,CALACS,ACS/WFC,HST,F606W,OPTICAL,CLUTCH-TARGET-BO,GALAXY;HIGH REDSHIFT GALAXY,jffuoo010,149.9711949642,2.156179976128,image,"Kartaltepe, Jeyhan",3,61056.86629741898,61056.870927048614,800.0,OPTICAL,470.0,720.0,CLUTCH: The COSMOS Legacy UV-Optical Treasury Campaign with Hubble,61057.36089123,17802,GO,,POLYGON 149.9629647000001 2.1294932299999716 149.98441017 2.1813316400000562 149.95798655000013 2.189582829999952 149.93654188000002 2.1377440500000642 149.9629647000001 2.1294932299999716 149.9629647000001 2.1294932299999716 POLYGON 149.99115314000008 2.1200446299998594 150.0121558400001 2.1727769799998784 149.98488655999989 2.1815171300001279 149.96388468000009 2.1287843999998559 149.99115314000008 2.1200446299998594 149.99115314000008 2.1200446299998594,mast:HST/product/jffuoo010_drz.jpg,mast:HST/product/jffuoo010_drz.fits,PUBLIC,False,,377014286,470.0,720.0,0.0,1060646,149.9720435663608,2.1740792194192085,F606W,61056.86629741898
science,HST,CALACS,ACS/WFC,HST,F435W,OPTICAL,CLUTCH-TARGET-BO,GALAXY;HIGH REDSHIFT GALAXY,jffuoo020,149.971254042,2.15605425944,image,"Kartaltepe, Jeyhan",3,61056.880475578706,61056.89248966435,800.0,OPTICAL,370.0,479.99999999999994,CLUTCH: The COSMOS Legacy UV-Optical Treasury Campaign with Hubble,61057.68070586,17802,GO,,POLYGON 150.01221492000013 2.1726512599999985 149.98494563999992 2.1813914100001139 149.98456893283986 2.1804455869978536 149.98420317727988 2.1805628112497262 149.98446924000007 2.1812059200000049 149.95804562999993 2.1894571199998993 149.95766144741762 2.1885284588557079 149.95586839000006 2.1890883499999765 149.93442384 2.1372495699998835 149.96084665999996 2.1289987799999386 149.96123081273186 2.1299274011371234 149.962287268797 2.1295975011674755 149.9617665399999 2.1282899700000821 149.98903519999985 2.1195502399999322 149.98941185617497 2.1204959665637868 149.99121221000007 2.1199189199999986 150.01221492000013 2.1726512599999985 150.01221492000013 2.1726512599999985,mast:HST/product/jffuoo020_drz.jpg,mast:HST/product/jffuoo020_drz.fits,PUBLIC,False,,377014577,370.0,479.99999999999994,0.0,1060646,149.9720435663608,2.1740792194192085,F435W,61056.880475578706
science,HST,CALWF3,WFC3/UVIS,HST,F275W,UV,CLUTCH-TARGET-CQ,GALAXY;HIGH REDSHIFT GALAXY,iffucq040,150.0033886657,2.167632617837,image,"Kartaltepe, Jeyhan",3,60975.13247635416,60975.14635355324,1060.0,UV,243.20000000000002,305.8,CLUTCH: The COSMOS Legacy UV-Optical Treasury Campaign with Hubble,60975.56347207,17802,GO,,POLYGON 150.02346263 2.17632809 150.01378522 2.19684852 150.01180430003569 2.1960634717960383 150.01160798 2.19647975 149.96943236 2.17976452 149.97911028 2.15924436 149.9810911574335 2.1600294607375954 149.98128747 2.15961321 150.02346263 2.17632809 150.02346263 2.17632809,mast:HST/product/iffucq040_drz.jpg,mast:HST/product/iffucq040_drz.fits,PUBLIC,False,,355586021,243.20000000000002,305.8,0.22836238011003562,1060646,149.9720435663608,2.1740792194192085,F275W,60975.13247635416
science,HST,HAP-SVM,WFC3/UVIS,HAP,detection,,CLUTCH-TARGET-CQ,GALAXY;HIGH REDSHIFT GALAXY,hst_17802_cq_wfc3_uvis_total_iffucq,150.0033295833,2.167758333333,image,"Kartaltepe, Jeyhan",3,60975.13247633,60975.14635353,1060.0,,,,,60975.56347207,17802,HAP,,POLYGON 150.0331534885478 2.1555418443801018 149.9958513336446 2.141124889586186 149.99123679623284 2.139407999788602 149.99089538379855 2.139738164078491 149.98899010017854 2.139044800077903 149.9794413431476 2.1589867563008953 149.98134664367413 2.159955271377795 149.98114839990933 2.1601753798483236 149.97922106862484 2.159470997508151 149.9695178597784 2.1797100386038792 150.0116667283923 2.1966258764395414 150.01203017618317 2.196262690659783 150.01393554274003 2.1970000478950835 150.02351711596165 2.1763975407763505 150.02157872787575 2.1754731013676354 150.02182102128 2.1752199703503474 150.02372636544402 2.1759242988506977 150.0331534885478 2.1555418443801018,mast:HST/product/hst_17802_cq_wfc3_uvis_total_iffucq_drc.jpg,mast:HST/product/hst_17802_cq_wfc3_uvis_total_iffucq_drc.fits,PUBLIC,False,,355586331,,,0.5642001950815089,1060646,149.9720435663608,2.1740792194192085,,60975.13247633
science,HST,HAP-SVM,WFC3/UVIS,HAP,F275W,UV,CLUTCH-TARGET-CQ,GALAXY;HIGH REDSHIFT GALAXY,hst_17802_cq_wfc3_uvis_f275w_iffucq,150.0033295833,2.167758333333,image,"Kartaltepe, Jeyhan",3,60975.13247633,60975.14635353,1060.0,UV,243.20000000000002,305.8,,60975.56347207,17802,HAP,,POLYGON 150.0331204475898 2.1554978228549984 149.99128084944886 2.1393639778679807 149.99089538410337 2.139694141867497 149.98901212717348 2.1389787669400757 149.97940830207398 2.1590527891513265 149.98133563000363 2.1599772823421204 149.98115941373095 2.160142363330694 149.9792320823221 2.1594489865594544 149.9695178597784 2.1797100386038792 150.0116667283923 2.1966258764395414 150.01203017618317 2.196262690659783 150.01393554274003 2.1970000478950835 150.023528129138 2.176375529505849 150.0216007542715 2.1754290788541955 150.0217879811065 2.175241981906489 150.0237153522739 2.1759463101226375 150.0331204475898 2.1554978228549984,mast:HST/product/hst_17802_cq_wfc3_uvis_f275w_iffucq_drc.jpg,mast:HST/product/hst_17802_cq_wfc3_uvis_f275w_iffucq_drc.fits,PUBLIC,False,,355586326,243.20000000000002,305.8,0.5646080863105662,1060646,149.9720435663608,2.1740792194192085,F275W,60975.13247633
