obsID,obs_collection,dataproduct_type,obs_id,description,type,dataURI,productType,productGroupDescription,productSubGroupDescription,productDocumentationURL,project,prvversion,proposal_id,productFilename,size,parent_obsid,dataRights,calib_level,filters
266125824,JWST,image,jw05893012004_02101_00003_nrca1,exposure (L2b): 2D calibrated exposure average over integrations,S,mast:JWST/product/jw05893012004_02101_00003_nrca1_cal.fits,SCIENCE,,CAL,,CALJWST,2.0.0,5893,jw05893012004_02101_00003_nrca1_cal.fits,117570240,266381594,PUBLIC,2,F200W
266125826,JWST,image,jw05893012004_02101_00003_nrca2,exposure (L2b): 2D calibrated exposure average over integrations,S,mast:JWST/product/jw05893012004_02101_00003_nrca2_cal.fits,SCIENCE,,CAL,,CALJWST,2.0.0,5893,jw05893012004_02101_00003_nrca2_cal.fits,117570240,266381594,PUBLIC,2,F200W
266125827,JWST,image,jw05893012004_02101_00004_nrca3,exposure (L2b): 2D calibrated exposure average over integrations,S,mast:JWST/product/jw05893012004_02101_00004_nrca3_cal.fits,SCIENCE,,CAL,,CALJWST,2.0.0,5893,jw05893012004_02101_00004_nrca3_cal.fits,117573120,266381594,PUBLIC,2,F200W
266125828,JWST,image,jw05893012004_02101_00005_nrca1,exposure (L2b): 2D calibrated exposure average over integrations,S,mast:JWST/product/jw05893012004_02101_00005_nrca1_cal.fits,SCIENCE,,CAL,,CALJWST,2.0.0,5893,jw05893012004_02101_00005_nrca1_cal.fits,117570240,266381594,PUBLIC,2,F200W
266125829,JWST,image,jw05893012004_02101_00003_nrca4,exposure (L2b): 2D calibrated exposure average over integrations,S,mast:JWST/product/jw05893012004_02101_00003_nrca4_cal.fits,SCIENCE,,CAL,,CALJWST,2.0.0,5893,jw05893012004_02101_00003_nrca4_cal.fits,117573120,266381594,PUBLIC,2,F200W
266125830,JWST,image,jw05893012004_02101_00002_nrca2,exposure (L2b): 2D calibrated exposure average over integrations,S,mast:JWST/product/jw05893012004_02101_00002_nrca2_cal.fits,SCIENCE,,CAL,,CALJWST,2.0.0,5893,jw05893012004_02101_00002_nrca2_cal.fits,117570240,266381594,PUBLIC,2,F200W
266125831,JWST,image,jw05893012004_02101_00001_nrca1,exposure (L2b): 2D calibrated exposure average over integrations,S,mast:JWST/product/jw05893012004_02101_00001_nrca1_cal.fits,SCIENCE,,CAL,,CALJWST,2.0.0,5893,jw05893012004_02101_00001_nrca1_cal.fits,117570240,266381594,PUBLIC,2,F200W
266125832,JWST,image,jw05893012004_02101_00004_nrca2,exposure (L2b): 2D calibrated exposure average over integrations,S,mast:JWST/product/jw05893012004_02101_00004_nrca2_cal.fits,SCIENCE,,CAL,,CALJWST,2.0.0,5893,jw05893012004_02101_00004_nrca2_cal.fits,117570240,266381594,PUBLIC,2,F200W
266125833,JWST,image,jw05893012004_02101_00002_nrca1,exposure (L2b): 2D calibrated exposure average over integrations,S,mast:JWST/product/jw05893012004_02101_00002_nrca1_cal.fits,SCIENCE,,CAL,,CALJWST,2.0.0,5893,jw05893012004_02101_00002_nrca1_cal.fits,117570240,266381594,PUBLIC,2,F200W
266125834,JWST,image,jw05893012004_02101_00001_nrca4,exposure (L2b): 2D calibrated exposure average over integrations,S,mast:JWST/product/jw05893012004_02101_00001_nrca4_cal.fits,SCIENCE,,CAL,,CALJWST,2.0.0,5893,jw05893012004_02101_00001_nrca4_cal.fits,117573120,266381594,PUBLIC,2,F200W
266125835,JWST,image,jw05893012004_02101_00001_nrca3,exposure (L2b): 2D calibrated exposure average over integrations,S,mast:JWST/product/jw05893012004_02101_00001_nrca3_cal.fits,SCIENCE,,CAL,,CALJWST,2.0.0,5893,jw05893012004_02101_00001_nrca3_cal.fits,117573120,266381594,PUBLIC,2,F200W
266125836,JWST,image,jw05893012004_02101_00003_nrca3,exposure (L2b): 2D calibrated exposure average over integrations,S,mast:JWST/product/jw05893012004_02101_00003_nrca3_cal.fits,SCIENCE,,CAL,,CALJWST,2.0.0,5893,jw05893012004_02101_00003_nrca3_cal.fits,117573120,266381594,PUBLIC,2,F200W
266125837,JWST,image,jw05893012004_02101_00004_nrca1,exposure (L2b): 2D calibrated exposure average over integrations,S,mast:JWST/product/jw05893012004_02101_00004_nrca1_cal.fits,SCIENCE,,CAL,,CALJWST,2.0.0,5893,jw05893012004_02101_00004_nrca1_cal.fits,117570240,266381594,PUBLIC,2,F200W
266125838,JWST,image,jw05893012004_02101_00005_nrca3,exposure (L2b): 2D calibrated exposure average over integrations,S,mast:JWST/product/jw05893012004_02101_00005_nrca3_cal.fits,SCIENCE,,CAL,,CALJWST,2.0.0,5893,jw05893012004_02101_00005_nrca3_cal.fits,117573120,266381594,PUBLIC,2,F200W
266125840,JWST,image,jw05893012004_02101_00001_nrca2,exposure (L2b): 2D calibrated exposure average over integrations,S,mast:JWST/product/jw05893012004_02101_00001_nrca2_cal.fits,SCIENCE,,CAL,,CALJWST,2.0.0,5893,jw05893012004_02101_00001_nrca2_cal.fits,117570240,266381594,PUBLIC,2,F200W
266125842,JWST,image,jw05893012004_02101_00002_nrca4,exposure (L2b): 2D calibrated exposure average over integrations,S,mast:JWST/product/jw05893012004_02101_00002_nrca4_cal.fits,SCIENCE,,CAL,,CALJWST,2.0.0,5893,jw05893012004_02101_00002_nrca4_cal.fits,117573120,266381594,PUBLIC,2,F200W
266125843,JWST,image,jw05893012004_02101_00005_nrca2,exposure (L2b): 2D calibrated exposure average over integrations,S,mast:JWST/product/jw05893012004_02101_00005_nrca2_cal.fits,SCIENCE,,CAL,,CALJWST,2.0.0,5893,jw05893012004_02101_00005_nrca2_cal.fits,117570240,266381594,PUBLIC,2,F200W
266125844,JWST,image,jw05893012004_02101_00002_nrca3,exposure (L2b): 2D calibrated exposure average over integrations,S,mast:JWST/product/jw05893012004_02101_00002_nrca3_cal.fits,SCIENCE,,CAL,,CALJWST,2.0.0,5893,jw05893012004_02101_00002_nrca3_cal.fits,117573120,266381594,PUBLIC,2,F200W
266147926,JWST,image,jw05893012004_02101_00003_nrcb4,exposure (L2b): 2D calibrated exposure average over integrations,S,mast:JWST/product/jw05893012004_02101_00003_nrcb4_cal.fits,SCIENCE,,CAL,,CALJWST,2.0.0,5893,jw05893012004_02101_00003_nrcb4_cal.fits,117573120,266381594,PUBLIC,2,F200W
266148011,JWST,image,jw05893012004_02101_00005_nrca4,exposure (L2b): 2D calibrated exposure average over integrations,S,mast:JWST/product/jw05893012004_02101_00005_nrca4_cal.fits,SCIENCE,,CAL,,CALJWST,2.0.0,5893,jw05893012004_02101_00005_nrca4_cal.fits,117573120,266381594,PUBLIC,2,F200W
266148066,JWST,image,jw05893012004_02101_00006_nrcb1,exposure (L2b): 2D calibrated exposure average over integrations,S,mast:JWST/product/jw05893012004_02101_00006_nrcb1_cal.fits,SCIENCE,,CAL,,CALJWST,2.0.0,5893,jw05893012004_02101_00006_nrcb1_cal.fits,117573120,266381594,PUBLIC,2,F200W
266148510,JWST,image,jw05893012004_02101_00002_nrcb4,exposure (L2b): 2D calibrated exposure average over integrations,S,mast:JWST/product/jw05893012004_02101_00002_nrcb4_cal.fits,SCIENCE,,CAL,,CALJWST,2.0.0,5893,jw05893012004_02101_00002_nrcb4_cal.fits,117573120,266381594,PUBLIC,2,F200W
266148530,JWST,image,jw05893012004_02101_00004_nrcb4,exposure (L2b): 2D calibrated exposure average over integrations,S,mast:JWST/product/jw05893012004_02101_00004_nrcb4_cal.fits,SCIENCE,,CAL,,CALJWST,2.0.0,5893,jw05893012004_02101_00004_nrcb4_cal.fits,117573120,266381594,PUBLIC,2,F200W
266148684,JWST,image,jw05893012004_02101_00004_nrca4,exposure (L2b): 2D calibrated exposure average over integrations,S,mast:JWST/product/jw05893012004_02101_00004_nrca4_cal.fits,SCIENCE,,CAL,,CALJWST,2.0.0,5893,jw05893012004_02101_00004_nrca4_cal.fits,117573120,266381594,PUBLIC,2,F200W
266148821,JWST,image,jw05893012004_02101_00006_nrcb4,exposure (L2b): 2D calibrated exposure average over integrations,S,mast:JWST/product/jw05893012004_02101_00006_nrcb4_cal.fits,SCIENCE,,CAL,,CALJWST,2.0.0,5893,jw05893012004_02101_00006_nrcb4_cal.fits,117573120,266381594,PUBLIC,2,F200W
266149155,JWST,image,jw05893012004_02101_00003_nrcb3,exposure (L2b): 2D calibrated exposure average over integrations,S,mast:JWST/product/jw05893012004_02101_00003_nrcb3_cal.fits,SCIENCE,,CAL,,CALJWST,2.0.0,5893,jw05893012004_02101_00003_nrcb3_cal.fits,117573120,266381594,PUBLIC,2,F200W
266149328,JWST,image,jw05893012004_02101_00004_nrcb2,exposure (L2b): 2D calibrated exposure average over integrations,S,mast:JWST/product/jw05893012004_02101_00004_nrcb2_cal.fits,SCIENCE,,CAL,,CALJWST,2.0.0,5893,jw05893012004_02101_00004_nrcb2_cal.fits,117573120,266381594,PUBLIC,2,F200W
266149494,JWST,image,jw05893012004_02101_00006_nrcb2,exposure (L2b): 2D calibrated exposure average over integrations,S,mast:JWST/product/jw05893012004_02101_00006_nrcb2_cal.fits,SCIENCE,,CAL,,CALJWST,2.0.0,5893,jw05893012004_02101_00006_nrcb2_cal.fits,117573120,266381594,PUBLIC,2,F200W
266149646,JWST,image,jw05893012004_02101_00001_nrcb1,exposure (L2b): 2D calibrated exposure average over integrations,S,mast:JWST/product/jw05893012004_02101_00001_nrcb1_cal.fits,SCIENCE,,CAL,,CALJWST,2.0.0,5893,jw05893012004_02101_00001_nrcb1_cal.fits,117573120,266381594,PUBLIC,2,F200W
266149993,JWST,image,jw05893012004_02101_00006_nrcb3,exposure (L2b): 2D calibrated exposure average over integrations,S,mast:JWST/product/jw05893012004_02101_00006_nrcb3_cal.fits,SCIENCE,,CAL,,CALJWST,2.0.0,5893,jw05893012004_02101_00006_nrcb3_cal.fits,117573120,266381594,PUBLIC,2,F200W
266150049,JWST,image,jw05893012004_02101_00001_nrcb2,exposure (L2b): 2D calibrated exposure average over integrations,S,mast:JWST/product/jw05893012004_02101_00001_nrcb2_cal.fits,SCIENCE,,CAL,,CALJWST,2.0.0,5893,jw05893012004_02101_00001_nrcb2_cal.fits,117573120,266381594,PUBLIC,2,F200W
266150274,JWST,image,jw05893012004_02101_00006_nrca1,exposure (L2b): 2D calibrated exposure average over integrations,S,mast:JWST/product/jw05893012004_02101_00006_nrca1_cal.fits,SCIENCE,,CAL,,CALJWST,2.0.0,5893,jw05893012004_02101_00006_nrca1_cal.fits,117570240,266381594,PUBLIC,2,F200W
266150351,JWST,image,jw05893012004_02101_00004_nrcb3,exposure (L2b): 2D calibrated exposure average over integrations,S,mast:JWST/product/jw05893012004_02101_00004_nrcb3_cal.fits,SCIENCE,,CAL,,CALJWST,2.0.0,5893,jw05893012004_02101_00004_nrcb3_cal.fits,117573120,266381594,PUBLIC,2,F200W
266150397,JWST,image,jw05893012004_02101_00005_nrcb2,exposure (L2b): 2D calibrated exposure average over integrations,S,mast:JWST/product/jw05893012004_02101_00005_nrcb2_cal.fits,SCIENCE,,CAL,,CALJWST,2.0.0,5893,jw05893012004_02101_00005_nrcb2_cal.fits,117573120,266381594,PUBLIC,2,F200W
266150452,JWST,image,jw05893012004_02101_00006_nrca2,exposure (L2b): 2D calibrated exposure average over integrations,S,mast:JWST/product/jw05893012004_02101_00006_nrca2_cal.fits,SCIENCE,,CAL,,CALJWST,2.0.0,5893,jw05893012004_02101_00006_nrca2_cal.fits,117570240,266381594,PUBLIC,2,F200W
266150509,JWST,image,jw05893012004_02101_00006_nrca4,exposure (L2b): 2D calibrated exposure average over integrations,S,mast:JWST/product/jw05893012004_02101_00006_nrca4_cal.fits,SCIENCE,,CAL,,CALJWST,2.0.0,5893,jw05893012004_02101_00006_nrca4_cal.fits,117573120,266381594,PUBLIC,2,F200W
266150579,JWST,image,jw05893012004_02101_00005_nrcb3,exposure (L2b): 2D calibrated exposure average over integrations,S,mast:JWST/product/jw05893012004_02101_00005_nrcb3_cal.fits,SCIENCE,,CAL,,CALJWST,2.0.0,5893,jw05893012004_02101_00005_nrcb3_cal.fits,117573120,266381594,PUBLIC,2,F200W
266150617,JWST,image,jw05893012004_02101_00003_nrcb2,exposure (L2b): 2D calibrated exposure average over integrations,S,mast:JWST/product/jw05893012004_02101_00003_nrcb2_cal.fits,SCIENCE,,CAL,,CALJWST,2.0.0,5893,jw05893012004_02101_00003_nrcb2_cal.fits,117573120,266381594,PUBLIC,2,F200W
266150769,JWST,image,jw05893012004_02101_00001_nrcb4,exposure (L2b): 2D calibrated exposure average over integrations,S,mast:JWST/product/jw05893012004_02101_00001_nrcb4_cal.fits,SCIENCE,,CAL,,CALJWST,2.0.0,5893,jw05893012004_02101_00001_nrcb4_cal.fits,117573120,266381594,PUBLIC,2,F200W
266150807,JWST,image,jw05893012004_02101_00004_nrcb1,exposure (L2b): 2D calibrated exposure average over integrations,S,mast:JWST/product/jw05893012004_02101_00004_nrcb1_cal.fits,SCIENCE,,CAL,,CALJWST,2.0.0,5893,jw05893012004_02101_00004_nrcb1_cal.fits,117573120,266381594,PUBLIC,2,F200W
266150908,JWST,image,jw05893012004_02101_00002_nrcb2,exposure (L2b): 2D calibrated exposure average over integrations,S,mast:JWST/product/jw05893012004_02101_00002_nrcb2_cal.fits,SCIENCE,,CAL,,CALJWST,2.0.0,5893,jw05893012004_02101_00002_nrcb2_cal.fits,117573120,266381594,PUBLIC,2,F200W
266151067,JWST,image,jw05893012004_02101_00005_nrcb1,exposure (L2b): 2D calibrated exposure average over integrations,S,mast:JWST/product/jw05893012004_02101_00005_nrcb1_cal.fits,SCIENCE,,CAL,,CALJWST,2.0.0,5893,jw05893012004_02101_00005_nrcb1_cal.fits,117573120,266381594,PUBLIC,2,F200W
266151121,JWST,image,jw05893012004_02101_00002_nrcb1,exposure (L2b): 2D calibrated exposure average over integrations,S,mast:JWST/product/jw05893012004_02101_00002_nrcb1_cal.fits,SCIENCE,,CAL,,CALJWST,2.0.0,5893,jw05893012004_02101_00002_nrcb1_cal.fits,117573120,266381594,PUBLIC,2,F200W
266151169,JWST,image,jw05893012004_02101_00003_nrcb1,exposure (L2b): 2D calibrated exposure average over integrations,S,mast:JWST/product/jw05893012004_02101_00003_nrcb1_cal.fits,SCIENCE,,CAL,,CALJWST,2.0.0,5893,jw05893012004_02101_00003_nrcb1_cal.fits,117573120,266381594,PUBLIC,2,F200W
266151339,JWST,image,jw05893012004_02101_00005_nrcb4,exposure (L2b): 2D calibrated exposure average over integrations,S,mast:JWST/product/jw05893012004_02101_00005_nrcb4_cal.fits,SCIENCE,,CAL,,CALJWST,2.0.0,5893,jw05893012004_02101_00005_nrcb4_cal.fits,117573120,266381594,PUBLIC,2,F200W
266151354,JWST,image,jw05893012004_02101_00001_nrcb3,exposure (L2b): 2D calibrated exposure average over integrations,S,mast:JWST/product/jw05893012004_02101_00001_nrcb3_cal.fits,SCIENCE,,CAL,,CALJWST,2.0.0,5893,jw05893012004_02101_00001_nrcb3_cal.fits,117573120,266381594,PUBLIC,2,F200W
266151626,JWST,image,jw05893012004_02101_00002_nrcb3,exposure (L2b): 2D calibrated exposure average over integrations,S,mast:JWST/product/jw05893012004_02101_00002_nrcb3_cal.fits,SCIENCE,,CAL,,CALJWST,2.0.0,5893,jw05893012004_02101_00002_nrcb3_cal.fits,117573120,266381594,PUBLIC,2,F200W
266151849,JWST,image,jw05893012004_02101_00006_nrca3,exposure (L2b): 2D calibrated exposure average over integrations,S,mast:JWST/product/jw05893012004_02101_00006_nrca3_cal.fits,SCIENCE,,CAL,,CALJWST,2.0.0,5893,jw05893012004_02101_00006_nrca3_cal.fits,117573120,266381594,PUBLIC,2,F200W
266172537,JWST,image,jw05893012003_02101_00002_nrcb2,exposure (L2b): 2D calibrated exposure average over integrations,S,mast:JWST/product/jw05893012003_02101_00002_nrcb2_cal.fits,SCIENCE,,CAL,,CALJWST,2.0.0,5893,jw05893012003_02101_00002_nrcb2_cal.fits,117573120,266381594,PUBLIC,2,F200W
266172618,JWST,image,jw05893012003_02101_00002_nrcb4,exposure (L2b): 2D calibrated exposure average over integrations,S,mast:JWST/product/jw05893012003_02101_00002_nrcb4_cal.fits,SCIENCE,,CAL,,CALJWST,2.0.0,5893,jw05893012003_02101_00002_nrcb4_cal.fits,117573120,266381594,PUBLIC,2,F200W
266172706,JWST,image,jw05893012003_02101_00002_nrcb1,exposure (L2b): 2D calibrated exposure average over integrations,S,mast:JWST/product/jw05893012003_02101_00002_nrcb1_cal.fits,SCIENCE,,CAL,,CALJWST,2.0.0,5893,jw05893012003_02101_00002_nrcb1_cal.fits,117573120,266381594,PUBLIC,2,F200W
266172784,JWST,image,jw05893012003_02101_00001_nrca3,exposure (L2b): 2D calibrated exposure average over integrations,S,mast:JWST/product/jw05893012003_02101_00001_nrca3_cal.fits,SCIENCE,,CAL,,CALJWST,2.0.0,5893,jw05893012003_02101_00001_nrca3_cal.fits,117573120,266381594,PUBLIC,2,F200W
266172856,JWST,image,jw05893012003_02101_00001_nrca4,exposure (L2b): 2D calibrated exposure average over integrations,S,mast:JWST/product/jw05893012003_02101_00001_nrca4_cal.fits,SCIENCE,,CAL,,CALJWST,2.0.0,5893,jw05893012003_02101_00001_nrca4_cal.fits,117573120,266381594,PUBLIC,2,F200W
266172881,JWST,image,jw05893012003_02101_00001_nrcb2,exposure (L2b): 2D calibrated exposure average over integrations,S,mast:JWST/product/jw05893012003_02101_00001_nrcb2_cal.fits,SCIENCE,,CAL,,CALJWST,2.0.0,5893,jw05893012003_02101_00001_nrcb2_cal.fits,117573120,266381594,PUBLIC,2,F200W
266172912,JWST,image,jw05893012003_02101_00001_nrcb4,exposure (L2b): 2D calibrated exposure average over integrations,S,mast:JWST/product/jw05893012003_02101_00001_nrcb4_cal.fits,SCIENCE,,CAL,,CALJWST,2.0.0,5893,jw05893012003_02101_00001_nrcb4_cal.fits,117573120,266381594,PUBLIC,2,F200W
266172925,JWST,image,jw05893012003_02101_00002_nrcb3,exposure (L2b): 2D calibrated exposure average over integrations,S,mast:JWST/product/jw05893012003_02101_00002_nrcb3_cal.fits,SCIENCE,,CAL,,CALJWST,2.0.0,5893,jw05893012003_02101_00002_nrcb3_cal.fits,117573120,266381594,PUBLIC,2,F200W
266172940,JWST,image,jw05893012003_02101_00001_nrcb1,exposure (L2b): 2D calibrated exposure average over integrations,S,mast:JWST/product/jw05893012003_02101_00001_nrcb1_cal.fits,SCIENCE,,CAL,,CALJWST,2.0.0,5893,jw05893012003_02101_00001_nrcb1_cal.fits,117573120,266381594,PUBLIC,2,F200W
266172970,JWST,image,jw05893012003_02101_00002_nrca1,exposure (L2b): 2D calibrated exposure average over integrations,S,mast:JWST/product/jw05893012003_02101_00002_nrca1_cal.fits,SCIENCE,,CAL,,CALJWST,2.0.0,5893,jw05893012003_02101_00002_nrca1_cal.fits,117570240,266381594,PUBLIC,2,F200W
266173042,JWST,image,jw05893012003_02101_00002_nrca4,exposure (L2b): 2D calibrated exposure average over integrations,S,mast:JWST/product/jw05893012003_02101_00002_nrca4_cal.fits,SCIENCE,,CAL,,CALJWST,2.0.0,5893,jw05893012003_02101_00002_nrca4_cal.fits,117573120,266381594,PUBLIC,2,F200W
266173084,JWST,image,jw05893012003_02101_00002_nrca3,exposure (L2b): 2D calibrated exposure average over integrations,S,mast:JWST/product/jw05893012003_02101_00002_nrca3_cal.fits,SCIENCE,,CAL,,CALJWST,2.0.0,5893,jw05893012003_02101_00002_nrca3_cal.fits,117573120,266381594,PUBLIC,2,F200W
266173101,JWST,image,jw05893012003_02101_00001_nrcb3,exposure (L2b): 2D calibrated exposure average over integrations,S,mast:JWST/product/jw05893012003_02101_00001_nrcb3_cal.fits,SCIENCE,,CAL,,CALJWST,2.0.0,5893,jw05893012003_02101_00001_nrcb3_cal.fits,117573120,266381594,PUBLIC,2,F200W
266173111,JWST,image,jw05893012003_02101_00001_nrca1,exposure (L2b): 2D calibrated exposure average over integrations,S,mast:JWST/product/jw05893012003_02101_00001_nrca1_cal.fits,SCIENCE,,CAL,,CALJWST,2.0.0,5893,jw05893012003_02101_00001_nrca1_cal.fits,117570240,266381594,PUBLIC,2,F200W
266173137,JWST,image,jw05893012003_02101_00001_nrca2,exposure (L2b): 2D calibrated exposure average over integrations,S,mast:JWST/product/jw05893012003_02101_00001_nrca2_cal.fits,SCIENCE,,CAL,,CALJWST,2.0.0,5893,jw05893012003_02101_00001_nrca2_cal.fits,117570240,266381594,PUBLIC,2,F200W
266187057,JWST,image,jw05893012003_02101_00005_nrcb4,exposure (L2b): 2D calibrated exposure average over integrations,S,mast:JWST/product/jw05893012003_02101_00005_nrcb4_cal.fits,SCIENCE,,CAL,,CALJWST,2.0.0,5893,jw05893012003_02101_00005_nrcb4_cal.fits,117573120,266381594,PUBLIC,2,F200W
266187106,JWST,image,jw05893012003_02101_00006_nrca3,exposure (L2b): 2D calibrated exposure average over integrations,S,mast:JWST/product/jw05893012003_02101_00006_nrca3_cal.fits,SCIENCE,,CAL,,CALJWST,2.0.0,5893,jw05893012003_02101_00006_nrca3_cal.fits,117573120,266381594,PUBLIC,2,F200W
266187130,JWST,image,jw05893012003_02101_00005_nrcb3,exposure (L2b): 2D calibrated exposure average over integrations,S,mast:JWST/product/jw05893012003_02101_00005_nrcb3_cal.fits,SCIENCE,,CAL,,CALJWST,2.0.0,5893,jw05893012003_02101_00005_nrcb3_cal.fits,117573120,266381594,PUBLIC,2,F200W
266187148,JWST,image,jw05893012003_02101_00005_nrca3,exposure (L2b): 2D calibrated exposure average over integrations,S,mast:JWST/product/jw05893012003_02101_00005_nrca3_cal.fits,SCIENCE,,CAL,,CALJWST,2.0.0,5893,jw05893012003_02101_00005_nrca3_cal.fits,117573120,266381594,PUBLIC,2,F200W
266187155,JWST,image,jw05893012003_02101_00006_nrca4,exposure (L2b): 2D calibrated exposure average over integrations,S,mast:JWST/product/jw05893012003_02101_00006_nrca4_cal.fits,SCIENCE,,CAL,,CALJWST,2.0.0,5893,jw05893012003_02101_00006_nrca4_cal.fits,117573120,266381594,PUBLIC,2,F200W
266187164,JWST,image,jw05893012003_02101_00003_nrca1,exposure (L2b): 2D calibrated exposure average over integrations,S,mast:JWST/product/jw05893012003_02101_00003_nrca1_cal.fits,SCIENCE,,CAL,,CALJWST,2.0.0,5893,jw05893012003_02101_00003_nrca1_cal.fits,117570240,266381594,PUBLIC,2,F200W
266187194,JWST,image,jw05893012003_02101_00004_nrcb1,exposure (L2b): 2D calibrated exposure average over integrations,S,mast:JWST/product/jw05893012003_02101_00004_nrcb1_cal.fits,SCIENCE,,CAL,,CALJWST,2.0.0,5893,jw05893012003_02101_00004_nrcb1_cal.fits,117573120,266381594,PUBLIC,2,F200W
266187202,JWST,image,jw05893012003_02101_00006_nrca1,exposure (L2b): 2D calibrated exposure average over integrations,S,mast:JWST/product/jw05893012003_02101_00006_nrca1_cal.fits,SCIENCE,,CAL,,CALJWST,2.0.0,5893,jw05893012003_02101_00006_nrca1_cal.fits,117570240,266381594,PUBLIC,2,F200W
266187207,JWST,image,jw05893012003_02101_00003_nrcb3,exposure (L2b): 2D calibrated exposure average over integrations,S,mast:JWST/product/jw05893012003_02101_00003_nrcb3_cal.fits,SCIENCE,,CAL,,CALJWST,2.0.0,5893,jw05893012003_02101_00003_nrcb3_cal.fits,117573120,266381594,PUBLIC,2,F200W
266187224,JWST,image,jw05893012003_02101_00003_nrca3,exposure (L2b): 2D calibrated exposure average over integrations,S,mast:JWST/product/jw05893012003_02101_00003_nrca3_cal.fits,SCIENCE,,CAL,,CALJWST,2.0.0,5893,jw05893012003_02101_00003_nrca3_cal.fits,117573120,266381594,PUBLIC,2,F200W
266187232,JWST,image,jw05893012003_02101_00004_nrcb4,exposure (L2b): 2D calibrated exposure average over integrations,S,mast:JWST/product/jw05893012003_02101_00004_nrcb4_cal.fits,SCIENCE,,CAL,,CALJWST,2.0.0,5893,jw05893012003_02101_00004_nrcb4_cal.fits,117573120,266381594,PUBLIC,2,F200W
266187248,JWST,image,jw05893012003_02101_00003_nrcb4,exposure (L2b): 2D calibrated exposure average over integrations,S,mast:JWST/product/jw05893012003_02101_00003_nrcb4_cal.fits,SCIENCE,,CAL,,CALJWST,2.0.0,5893,jw05893012003_02101_00003_nrcb4_cal.fits,117573120,266381594,PUBLIC,2,F200W
266187257,JWST,image,jw05893012003_02101_00004_nrcb3,exposure (L2b): 2D calibrated exposure average over integrations,S,mast:JWST/product/jw05893012003_02101_00004_nrcb3_cal.fits,SCIENCE,,CAL,,CALJWST,2.0.0,5893,jw05893012003_02101_00004_nrcb3_cal.fits,117573120,266381594,PUBLIC,2,F200W
266187280,JWST,image,jw05893012003_02101_00003_nrcb2,exposure (L2b): 2D calibrated exposure average over integrations,S,mast:JWST/product/jw05893012003_02101_00003_nrcb2_cal.fits,SCIENCE,,CAL,,CALJWST,2.0.0,5893,jw05893012003_02101_00003_nrcb2_cal.fits,117573120,266381594,PUBLIC,2,F200W
266187299,JWST,image,jw05893012003_02101_00003_nrca4,exposure (L2b): 2D calibrated exposure average over integrations,S,mast:JWST/product/jw05893012003_02101_00003_nrca4_cal.fits,SCIENCE,,CAL,,CALJWST,2.0.0,5893,jw05893012003_02101_00003_nrca4_cal.fits,117573120,266381594,PUBLIC,2,F200W
266187307,JWST,image,jw05893012003_02101_00004_nrca1,exposure (L2b): 2D calibrated exposure average over integrations,S,mast:JWST/product/jw05893012003_02101_00004_nrca1_cal.fits,SCIENCE,,CAL,,CALJWST,2.0.0,5893,jw05893012003_02101_00004_nrca1_cal.fits,117570240,266381594,PUBLIC,2,F200W
266187316,JWST,image,jw05893012003_02101_00003_nrcb1,exposure (L2b): 2D calibrated exposure average over integrations,S,mast:JWST/product/jw05893012003_02101_00003_nrcb1_cal.fits,SCIENCE,,CAL,,CALJWST,2.0.0,5893,jw05893012003_02101_00003_nrcb1_cal.fits,117573120,266381594,PUBLIC,2,F200W
266187328,JWST,image,jw05893012003_02101_00002_nrca2,exposure (L2b): 2D calibrated exposure average over integrations,S,mast:JWST/product/jw05893012003_02101_00002_nrca2_cal.fits,SCIENCE,,CAL,,CALJWST,2.0.0,5893,jw05893012003_02101_00002_nrca2_cal.fits,117570240,266381594,PUBLIC,2,F200W
266187388,JWST,image,jw05893012003_02101_00005_nrca2,exposure (L2b): 2D calibrated exposure average over integrations,S,mast:JWST/product/jw05893012003_02101_00005_nrca2_cal.fits,SCIENCE,,CAL,,CALJWST,2.0.0,5893,jw05893012003_02101_00005_nrca2_cal.fits,117570240,266381594,PUBLIC,2,F200W
266187397,JWST,image,jw05893012003_02101_00006_nrca2,exposure (L2b): 2D calibrated exposure average over integrations,S,mast:JWST/product/jw05893012003_02101_00006_nrca2_cal.fits,SCIENCE,,CAL,,CALJWST,2.0.0,5893,jw05893012003_02101_00006_nrca2_cal.fits,117570240,266381594,PUBLIC,2,F200W
266187453,JWST,image,jw05893012003_02101_00005_nrca1,exposure (L2b): 2D calibrated exposure average over integrations,S,mast:JWST/product/jw05893012003_02101_00005_nrca1_cal.fits,SCIENCE,,CAL,,CALJWST,2.0.0,5893,jw05893012003_02101_00005_nrca1_cal.fits,117570240,266381594,PUBLIC,2,F200W
266187477,JWST,image,jw05893012003_02101_00005_nrcb1,exposure (L2b): 2D calibrated exposure average over integrations,S,mast:JWST/product/jw05893012003_02101_00005_nrcb1_cal.fits,SCIENCE,,CAL,,CALJWST,2.0.0,5893,jw05893012003_02101_00005_nrcb1_cal.fits,117573120,266381594,PUBLIC,2,F200W
266187501,JWST,image,jw05893012003_02101_00004_nrca4,exposure (L2b): 2D calibrated exposure average over integrations,S,mast:JWST/product/jw05893012003_02101_00004_nrca4_cal.fits,SCIENCE,,CAL,,CALJWST,2.0.0,5893,jw05893012003_02101_00004_nrca4_cal.fits,117573120,266381594,PUBLIC,2,F200W
266187510,JWST,image,jw05893012003_02101_00005_nrca4,exposure (L2b): 2D calibrated exposure average over integrations,S,mast:JWST/product/jw05893012003_02101_00005_nrca4_cal.fits,SCIENCE,,CAL,,CALJWST,2.0.0,5893,jw05893012003_02101_00005_nrca4_cal.fits,117573120,266381594,PUBLIC,2,F200W
266187519,JWST,image,jw05893012003_02101_00003_nrca2,exposure (L2b): 2D calibrated exposure average over integrations,S,mast:JWST/product/jw05893012003_02101_00003_nrca2_cal.fits,SCIENCE,,CAL,,CALJWST,2.0.0,5893,jw05893012003_02101_00003_nrca2_cal.fits,117570240,266381594,PUBLIC,2,F200W
266187544,JWST,image,jw05893012003_02101_00004_nrcb2,exposure (L2b): 2D calibrated exposure average over integrations,S,mast:JWST/product/jw05893012003_02101_00004_nrcb2_cal.fits,SCIENCE,,CAL,,CALJWST,2.0.0,5893,jw05893012003_02101_00004_nrcb2_cal.fits,117573120,266381594,PUBLIC,2,F200W
266187559,JWST,image,jw05893012003_02101_00005_nrcb2,exposure (L2b): 2D calibrated exposure average over integrations,S,mast:JWST/product/jw05893012003_02101_00005_nrcb2_cal.fits,SCIENCE,,CAL,,CALJWST,2.0.0,5893,jw05893012003_02101_00005_nrcb2_cal.fits,117573120,266381594,PUBLIC,2,F200W
266187567,JWST,image,jw05893012003_02101_00004_nrca3,exposure (L2b): 2D calibrated exposure average over integrations,S,mast:JWST/product/jw05893012003_02101_00004_nrca3_cal.fits,SCIENCE,,CAL,,CALJWST,2.0.0,5893,jw05893012003_02101_00004_nrca3_cal.fits,117573120,266381594,PUBLIC,2,F200W
266187578,JWST,image,jw05893012003_02101_00006_nrcb4,exposure (L2b): 2D calibrated exposure average over integrations,S,mast:JWST/product/jw05893012003_02101_00006_nrcb4_cal.fits,SCIENCE,,CAL,,CALJWST,2.0.0,5893,jw05893012003_02101_00006_nrcb4_cal.fits,117573120,266381594,PUBLIC,2,F200W
266187587,JWST,image,jw05893012003_02101_00004_nrca2,exposure (L2b): 2D calibrated exposure average over integrations,S,mast:JWST/product/jw05893012003_02101_00004_nrca2_cal.fits,SCIENCE,,CAL,,CALJWST,2.0.0,5893,jw05893012003_02101_00004_nrca2_cal.fits,117570240,266381594,PUBLIC,2,F200W
266200817,JWST,image,jw05893012001_02101_00001_nrcb3,exposure (L2b): 2D calibrated exposure average over integrations,S,mast:JWST/product/jw05893012001_02101_00001_nrcb3_cal.fits,SCIENCE,,CAL,,CALJWST,2.0.0,5893,jw05893012001_02101_00001_nrcb3_cal.fits,117573120,266381594,PUBLIC,2,F200W
266201454,JWST,image,jw05893012003_02101_00006_nrcb1,exposure (L2b): 2D calibrated exposure average over integrations,S,mast:JWST/product/jw05893012003_02101_00006_nrcb1_cal.fits,SCIENCE,,CAL,,CALJWST,2.0.0,5893,jw05893012003_02101_00006_nrcb1_cal.fits,117573120,266381594,PUBLIC,2,F200W
266201500,JWST,image,jw05893012003_02101_00006_nrcb3,exposure (L2b): 2D calibrated exposure average over integrations,S,mast:JWST/product/jw05893012003_02101_00006_nrcb3_cal.fits,SCIENCE,,CAL,,CALJWST,2.0.0,5893,jw05893012003_02101_00006_nrcb3_cal.fits,117573120,266381594,PUBLIC,2,F200W
266201921,JWST,image,jw05893012003_02101_00006_nrcb2,exposure (L2b): 2D calibrated exposure average over integrations,S,mast:JWST/product/jw05893012003_02101_00006_nrcb2_cal.fits,SCIENCE,,CAL,,CALJWST,2.0.0,5893,jw05893012003_02101_00006_nrcb2_cal.fits,117573120,266381594,PUBLIC,2,F200W
266206016,JWST,image,jw05893012001_02101_00002_nrcb4,exposure (L2b): 2D calibrated exposure average over integrations,S,mast:JWST/product/jw05893012001_02101_00002_nrcb4_cal.fits,SCIENCE,,CAL,,CALJWST,2.0.0,5893,jw05893012001_02101_00002_nrcb4_cal.fits,117573120,266381594,PUBLIC,2,F200W
266206026,JWST,image,jw05893012001_02101_00002_nrca4,exposure (L2b): 2D calibrated exposure average over integrations,S,mast:JWST/product/jw05893012001_02101_00002_nrca4_cal.fits,SCIENCE,,CAL,,CALJWST,2.0.0,5893,jw05893012001_02101_00002_nrca4_cal.fits,117573120,266381594,PUBLIC,2,F200W
266206032,JWST,image,jw05893012001_02101_00001_nrca4,exposure (L2b): 2D calibrated exposure average over integrations,S,mast:JWST/product/jw05893012001_02101_00001_nrca4_cal.fits,SCIENCE,,CAL,,CALJWST,2.0.0,5893,jw05893012001_02101_00001_nrca4_cal.fits,117573120,266381594,PUBLIC,2,F200W
266206037,JWST,image,jw05893012001_02101_00001_nrcb4,exposure (L2b): 2D calibrated exposure average over integrations,S,mast:JWST/product/jw05893012001_02101_00001_nrcb4_cal.fits,SCIENCE,,CAL,,CALJWST,2.0.0,5893,jw05893012001_02101_00001_nrcb4_cal.fits,117573120,266381594,PUBLIC,2,F200W
266206043,JWST,image,jw05893012001_02101_00002_nrcb2,exposure (L2b): 2D calibrated exposure average over integrations,S,mast:JWST/product/jw05893012001_02101_00002_nrcb2_cal.fits,SCIENCE,,CAL,,CALJWST,2.0.0,5893,jw05893012001_02101_00002_nrcb2_cal.fits,117573120,266381594,PUBLIC,2,F200W
266206053,JWST,image,jw05893012001_02101_00001_nrca1,exposure (L2b): 2D calibrated exposure average over integrations,S,mast:JWST/product/jw05893012001_02101_00001_nrca1_cal.fits,SCIENCE,,CAL,,CALJWST,2.0.0,5893,jw05893012001_02101_00001_nrca1_cal.fits,117570240,266381594,PUBLIC,2,F200W
266206067,JWST,image,jw05893012001_02101_00001_nrca3,exposure (L2b): 2D calibrated exposure average over integrations,S,mast:JWST/product/jw05893012001_02101_00001_nrca3_cal.fits,SCIENCE,,CAL,,CALJWST,2.0.0,5893,jw05893012001_02101_00001_nrca3_cal.fits,117573120,266381594,PUBLIC,2,F200W
266206082,JWST,image,jw05893012001_02101_00002_nrca3,exposure (L2b): 2D calibrated exposure average over integrations,S,mast:JWST/product/jw05893012001_02101_00002_nrca3_cal.fits,SCIENCE,,CAL,,CALJWST,2.0.0,5893,jw05893012001_02101_00002_nrca3_cal.fits,117573120,266381594,PUBLIC,2,F200W
266206094,JWST,image,jw05893012001_02101_00001_nrcb2,exposure (L2b): 2D calibrated exposure average over integrations,S,mast:JWST/product/jw05893012001_02101_00001_nrcb2_cal.fits,SCIENCE,,CAL,,CALJWST,2.0.0,5893,jw05893012001_02101_00001_nrcb2_cal.fits,117573120,266381594,PUBLIC,2,F200W
266206103,JWST,image,jw05893012001_02101_00001_nrcb1,exposure (L2b): 2D calibrated exposure average over integrations,S,mast:JWST/product/jw05893012001_02101_00001_nrcb1_cal.fits,SCIENCE,,CAL,,CALJWST,2.0.0,5893,jw05893012001_02101_00001_nrcb1_cal.fits,117573120,266381594,PUBLIC,2,F200W
266206107,JWST,image,jw05893012001_02101_00001_nrca2,exposure (L2b): 2D calibrated exposure average over integrations,S,mast:JWST/product/jw05893012001_02101_00001_nrca2_cal.fits,SCIENCE,,CAL,,CALJWST,2.0.0,5893,jw05893012001_02101_00001_nrca2_cal.fits,117570240,266381594,PUBLIC,2,F200W
266206117,JWST,image,jw05893012001_02101_00002_nrca2,exposure (L2b): 2D calibrated exposure average over integrations,S,mast:JWST/product/jw05893012001_02101_00002_nrca2_cal.fits,SCIENCE,,CAL,,CALJWST,2.0.0,5893,jw05893012001_02101_00002_nrca2_cal.fits,117570240,266381594,PUBLIC,2,F200W
266218349,JWST,image,jw05893012001_02101_00002_nrca1,exposure (L2b): 2D calibrated exposure average over integrations,S,mast:JWST/product/jw05893012001_02101_00002_nrca1_cal.fits,SCIENCE,,CAL,,CALJWST,2.0.0,5893,jw05893012001_02101_00002_nrca1_cal.fits,117570240,266381594,PUBLIC,2,F200W
266218364,JWST,image,jw05893012001_02101_00005_nrcb1,exposure (L2b): 2D calibrated exposure average over integrations,S,mast:JWST/product/jw05893012001_02101_00005_nrcb1_cal.fits,SCIENCE,,CAL,,CALJWST,2.0.0,5893,jw05893012001_02101_00005_nrcb1_cal.fits,117573120,266381594,PUBLIC,2,F200W
266218385,JWST,image,jw05893012001_02101_00003_nrca3,exposure (L2b): 2D calibrated exposure average over integrations,S,mast:JWST/product/jw05893012001_02101_00003_nrca3_cal.fits,SCIENCE,,CAL,,CALJWST,2.0.0,5893,jw05893012001_02101_00003_nrca3_cal.fits,117573120,266381594,PUBLIC,2,F200W
266218405,JWST,image,jw05893012001_02101_00004_nrca2,exposure (L2b): 2D calibrated exposure average over integrations,S,mast:JWST/product/jw05893012001_02101_00004_nrca2_cal.fits,SCIENCE,,CAL,,CALJWST,2.0.0,5893,jw05893012001_02101_00004_nrca2_cal.fits,117570240,266381594,PUBLIC,2,F200W
266218426,JWST,image,jw05893012001_02101_00005_nrcb2,exposure (L2b): 2D calibrated exposure average over integrations,S,mast:JWST/product/jw05893012001_02101_00005_nrcb2_cal.fits,SCIENCE,,CAL,,CALJWST,2.0.0,5893,jw05893012001_02101_00005_nrcb2_cal.fits,117573120,266381594,PUBLIC,2,F200W
266218447,JWST,image,jw05893012001_02101_00003_nrca1,exposure (L2b): 2D calibrated exposure average over integrations,S,mast:JWST/product/jw05893012001_02101_00003_nrca1_cal.fits,SCIENCE,,CAL,,CALJWST,2.0.0,5893,jw05893012001_02101_00003_nrca1_cal.fits,117570240,266381594,PUBLIC,2,F200W
266218469,JWST,image,jw05893012001_02101_00005_nrca1,exposure (L2b): 2D calibrated exposure average over integrations,S,mast:JWST/product/jw05893012001_02101_00005_nrca1_cal.fits,SCIENCE,,CAL,,CALJWST,2.0.0,5893,jw05893012001_02101_00005_nrca1_cal.fits,117570240,266381594,PUBLIC,2,F200W
266218477,JWST,image,jw05893012001_02101_00003_nrcb1,exposure (L2b): 2D calibrated exposure average over integrations,S,mast:JWST/product/jw05893012001_02101_00003_nrcb1_cal.fits,SCIENCE,,CAL,,CALJWST,2.0.0,5893,jw05893012001_02101_00003_nrcb1_cal.fits,117573120,266381594,PUBLIC,2,F200W
266218497,JWST,image,jw05893012001_02101_00004_nrca1,exposure (L2b): 2D calibrated exposure average over integrations,S,mast:JWST/product/jw05893012001_02101_00004_nrca1_cal.fits,SCIENCE,,CAL,,CALJWST,2.0.0,5893,jw05893012001_02101_00004_nrca1_cal.fits,117570240,266381594,PUBLIC,2,F200W
266218503,JWST,image,jw05893012001_02101_00003_nrca2,exposure (L2b): 2D calibrated exposure average over integrations,S,mast:JWST/product/jw05893012001_02101_00003_nrca2_cal.fits,SCIENCE,,CAL,,CALJWST,2.0.0,5893,jw05893012001_02101_00003_nrca2_cal.fits,117570240,266381594,PUBLIC,2,F200W
266218511,JWST,image,jw05893012001_02101_00004_nrca4,exposure (L2b): 2D calibrated exposure average over integrations,S,mast:JWST/product/jw05893012001_02101_00004_nrca4_cal.fits,SCIENCE,,CAL,,CALJWST,2.0.0,5893,jw05893012001_02101_00004_nrca4_cal.fits,117573120,266381594,PUBLIC,2,F200W
266218524,JWST,image,jw05893012001_02101_00003_nrca4,exposure (L2b): 2D calibrated exposure average over integrations,S,mast:JWST/product/jw05893012001_02101_00003_nrca4_cal.fits,SCIENCE,,CAL,,CALJWST,2.0.0,5893,jw05893012001_02101_00003_nrca4_cal.fits,117573120,266381594,PUBLIC,2,F200W
266218531,JWST,image,jw05893012001_02101_00005_nrcb4,exposure (L2b): 2D calibrated exposure average over integrations,S,mast:JWST/product/jw05893012001_02101_00005_nrcb4_cal.fits,SCIENCE,,CAL,,CALJWST,2.0.0,5893,jw05893012001_02101_00005_nrcb4_cal.fits,117573120,266381594,PUBLIC,2,F200W
266218545,JWST,image,jw05893012001_02101_00004_nrcb4,exposure (L2b): 2D calibrated exposure average over integrations,S,mast:JWST/product/jw05893012001_02101_00004_nrcb4_cal.fits,SCIENCE,,CAL,,CALJWST,2.0.0,5893,jw05893012001_02101_00004_nrcb4_cal.fits,117573120,266381594,PUBLIC,2,F200W
266218558,JWST,image,jw05893012001_02101_00005_nrca3,exposure (L2b): 2D calibrated exposure average over integrations,S,mast:JWST/product/jw05893012001_02101_00005_nrca3_cal.fits,SCIENCE,,CAL,,CALJWST,2.0.0,5893,jw05893012001_02101_00005_nrca3_cal.fits,117573120,266381594,PUBLIC,2,F200W
266218566,JWST,image,jw05893012001_02101_00002_nrcb1,exposure (L2b): 2D calibrated exposure average over integrations,S,mast:JWST/product/jw05893012001_02101_00002_nrcb1_cal.fits,SCIENCE,,CAL,,CALJWST,2.0.0,5893,jw05893012001_02101_00002_nrcb1_cal.fits,117573120,266381594,PUBLIC,2,F200W
266218594,JWST,image,jw05893012001_02101_00003_nrcb2,exposure (L2b): 2D calibrated exposure average over integrations,S,mast:JWST/product/jw05893012001_02101_00003_nrcb2_cal.fits,SCIENCE,,CAL,,CALJWST,2.0.0,5893,jw05893012001_02101_00003_nrcb2_cal.fits,117573120,266381594,PUBLIC,2,F200W
266218609,JWST,image,jw05893012001_02101_00004_nrca3,exposure (L2b): 2D calibrated exposure average over integrations,S,mast:JWST/product/jw05893012001_02101_00004_nrca3_cal.fits,SCIENCE,,CAL,,CALJWST,2.0.0,5893,jw05893012001_02101_00004_nrca3_cal.fits,117573120,266381594,PUBLIC,2,F200W
266218615,JWST,image,jw05893012001_02101_00004_nrcb2,exposure (L2b): 2D calibrated exposure average over integrations,S,mast:JWST/product/jw05893012001_02101_00004_nrcb2_cal.fits,SCIENCE,,CAL,,CALJWST,2.0.0,5893,jw05893012001_02101_00004_nrcb2_cal.fits,117573120,266381594,PUBLIC,2,F200W
266218623,JWST,image,jw05893012001_02101_00005_nrca2,exposure (L2b): 2D calibrated exposure average over integrations,S,mast:JWST/product/jw05893012001_02101_00005_nrca2_cal.fits,SCIENCE,,CAL,,CALJWST,2.0.0,5893,jw05893012001_02101_00005_nrca2_cal.fits,117570240,266381594,PUBLIC,2,F200W
266218643,JWST,image,jw05893012001_02101_00003_nrcb4,exposure (L2b): 2D calibrated exposure average over integrations,S,mast:JWST/product/jw05893012001_02101_00003_nrcb4_cal.fits,SCIENCE,,CAL,,CALJWST,2.0.0,5893,jw05893012001_02101_00003_nrcb4_cal.fits,117573120,266381594,PUBLIC,2,F200W
266218651,JWST,image,jw05893012001_02101_00004_nrcb1,exposure (L2b): 2D calibrated exposure average over integrations,S,mast:JWST/product/jw05893012001_02101_00004_nrcb1_cal.fits,SCIENCE,,CAL,,CALJWST,2.0.0,5893,jw05893012001_02101_00004_nrcb1_cal.fits,117573120,266381594,PUBLIC,2,F200W
266218658,JWST,image,jw05893012001_02101_00005_nrcb3,exposure (L2b): 2D calibrated exposure average over integrations,S,mast:JWST/product/jw05893012001_02101_00005_nrcb3_cal.fits,SCIENCE,,CAL,,CALJWST,2.0.0,5893,jw05893012001_02101_00005_nrcb3_cal.fits,117573120,266381594,PUBLIC,2,F200W
266218667,JWST,image,jw05893012001_02101_00005_nrca4,exposure (L2b): 2D calibrated exposure average over integrations,S,mast:JWST/product/jw05893012001_02101_00005_nrca4_cal.fits,SCIENCE,,CAL,,CALJWST,2.0.0,5893,jw05893012001_02101_00005_nrca4_cal.fits,117573120,266381594,PUBLIC,2,F200W
266218686,JWST,image,jw05893012001_02101_00004_nrcb3,exposure (L2b): 2D calibrated exposure average over integrations,S,mast:JWST/product/jw05893012001_02101_00004_nrcb3_cal.fits,SCIENCE,,CAL,,CALJWST,2.0.0,5893,jw05893012001_02101_00004_nrcb3_cal.fits,117573120,266381594,PUBLIC,2,F200W
266218705,JWST,image,jw05893012001_02101_00003_nrcb3,exposure (L2b): 2D calibrated exposure average over integrations,S,mast:JWST/product/jw05893012001_02101_00003_nrcb3_cal.fits,SCIENCE,,CAL,,CALJWST,2.0.0,5893,jw05893012001_02101_00003_nrcb3_cal.fits,117573120,266381594,PUBLIC,2,F200W
266218714,JWST,image,jw05893012001_02101_00002_nrcb3,exposure (L2b): 2D calibrated exposure average over integrations,S,mast:JWST/product/jw05893012001_02101_00002_nrcb3_cal.fits,SCIENCE,,CAL,,CALJWST,2.0.0,5893,jw05893012001_02101_00002_nrcb3_cal.fits,117573120,266381594,PUBLIC,2,F200W
266220977,JWST,image,jw05893012001_02101_00006_nrca2,exposure (L2b): 2D calibrated exposure average over integrations,S,mast:JWST/product/jw05893012001_02101_00006_nrca2_cal.fits,SCIENCE,,CAL,,CALJWST,2.0.0,5893,jw05893012001_02101_00006_nrca2_cal.fits,117570240,266381594,PUBLIC,2,F200W
266220990,JWST,image,jw05893012001_02101_00006_nrca4,exposure (L2b): 2D calibrated exposure average over integrations,S,mast:JWST/product/jw05893012001_02101_00006_nrca4_cal.fits,SCIENCE,,CAL,,CALJWST,2.0.0,5893,jw05893012001_02101_00006_nrca4_cal.fits,117573120,266381594,PUBLIC,2,F200W
266220998,JWST,image,jw05893012001_02101_00006_nrcb3,exposure (L2b): 2D calibrated exposure average over integrations,S,mast:JWST/product/jw05893012001_02101_00006_nrcb3_cal.fits,SCIENCE,,CAL,,CALJWST,2.0.0,5893,jw05893012001_02101_00006_nrcb3_cal.fits,117573120,266381594,PUBLIC,2,F200W
266221063,JWST,image,jw05893012001_02101_00006_nrcb4,exposure (L2b): 2D calibrated exposure average over integrations,S,mast:JWST/product/jw05893012001_02101_00006_nrcb4_cal.fits,SCIENCE,,CAL,,CALJWST,2.0.0,5893,jw05893012001_02101_00006_nrcb4_cal.fits,117573120,266381594,PUBLIC,2,F200W
266221107,JWST,image,jw05893012001_02101_00006_nrcb2,exposure (L2b): 2D calibrated exposure average over integrations,S,mast:JWST/product/jw05893012001_02101_00006_nrcb2_cal.fits,SCIENCE,,CAL,,CALJWST,2.0.0,5893,jw05893012001_02101_00006_nrcb2_cal.fits,117573120,266381594,PUBLIC,2,F200W
266221184,JWST,image,jw05893012001_02101_00006_nrcb1,exposure (L2b): 2D calibrated exposure average over integrations,S,mast:JWST/product/jw05893012001_02101_00006_nrcb1_cal.fits,SCIENCE,,CAL,,CALJWST,2.0.0,5893,jw05893012001_02101_00006_nrcb1_cal.fits,117573120,266381594,PUBLIC,2,F200W
266221243,JWST,image,jw05893012001_02101_00006_nrca1,exposure (L2b): 2D calibrated exposure average over integrations,S,mast:JWST/product/jw05893012001_02101_00006_nrca1_cal.fits,SCIENCE,,CAL,,CALJWST,2.0.0,5893,jw05893012001_02101_00006_nrca1_cal.fits,117570240,266381594,PUBLIC,2,F200W
266221247,JWST,image,jw05893012001_02101_00006_nrca3,exposure (L2b): 2D calibrated exposure average over integrations,S,mast:JWST/product/jw05893012001_02101_00006_nrca3_cal.fits,SCIENCE,,CAL,,CALJWST,2.0.0,5893,jw05893012001_02101_00006_nrca3_cal.fits,117573120,266381594,PUBLIC,2,F200W
266229245,JWST,image,jw05893012002_02101_00001_nrcb1,exposure (L2b): 2D calibrated exposure average over integrations,S,mast:JWST/product/jw05893012002_02101_00001_nrcb1_cal.fits,SCIENCE,,CAL,,CALJWST,2.0.0,5893,jw05893012002_02101_00001_nrcb1_cal.fits,117573120,266381594,PUBLIC,2,F200W
266229246,JWST,image,jw05893012002_02101_00001_nrcb2,exposure (L2b): 2D calibrated exposure average over integrations,S,mast:JWST/product/jw05893012002_02101_00001_nrcb2_cal.fits,SCIENCE,,CAL,,CALJWST,2.0.0,5893,jw05893012002_02101_00001_nrcb2_cal.fits,117573120,266381594,PUBLIC,2,F200W
266229249,JWST,image,jw05893012002_02101_00001_nrca1,exposure (L2b): 2D calibrated exposure average over integrations,S,mast:JWST/product/jw05893012002_02101_00001_nrca1_cal.fits,SCIENCE,,CAL,,CALJWST,2.0.0,5893,jw05893012002_02101_00001_nrca1_cal.fits,117570240,266381594,PUBLIC,2,F200W
266229251,JWST,image,jw05893012002_02101_00001_nrcb4,exposure (L2b): 2D calibrated exposure average over integrations,S,mast:JWST/product/jw05893012002_02101_00001_nrcb4_cal.fits,SCIENCE,,CAL,,CALJWST,2.0.0,5893,jw05893012002_02101_00001_nrcb4_cal.fits,117573120,266381594,PUBLIC,2,F200W
266229252,JWST,image,jw05893012002_02101_00001_nrca3,exposure (L2b): 2D calibrated exposure average over integrations,S,mast:JWST/product/jw05893012002_02101_00001_nrca3_cal.fits,SCIENCE,,CAL,,CALJWST,2.0.0,5893,jw05893012002_02101_00001_nrca3_cal.fits,117573120,266381594,PUBLIC,2,F200W
266229253,JWST,image,jw05893012002_02101_00001_nrca4,exposure (L2b): 2D calibrated exposure average over integrations,S,mast:JWST/product/jw05893012002_02101_00001_nrca4_cal.fits,SCIENCE,,CAL,,CALJWST,2.0.0,5893,jw05893012002_02101_00001_nrca4_cal.fits,117573120,266381594,PUBLIC,2,F200W
266229254,JWST,image,jw05893012002_02101_00001_nrca2,exposure (L2b): 2D calibrated exposure average over integrations,S,mast:JWST/product/jw05893012002_02101_00001_nrca2_cal.fits,SCIENCE,,CAL,,CALJWST,2.0.0,5893,jw05893012002_02101_00001_nrca2_cal.fits,117570240,266381594,PUBLIC,2,F200W
266229271,JWST,image,jw05893012002_02101_00003_nrcb2,exposure (L2b): 2D calibrated exposure average over integrations,S,mast:JWST/product/jw05893012002_02101_00003_nrcb2_cal.fits,SCIENCE,,CAL,,CALJWST,2.0.0,5893,jw05893012002_02101_00003_nrcb2_cal.fits,117573120,266381594,PUBLIC,2,F200W
266229273,JWST,image,jw05893012002_02101_00002_nrca2,exposure (L2b): 2D calibrated exposure average over integrations,S,mast:JWST/product/jw05893012002_02101_00002_nrca2_cal.fits,SCIENCE,,CAL,,CALJWST,2.0.0,5893,jw05893012002_02101_00002_nrca2_cal.fits,117570240,266381594,PUBLIC,2,F200W
266229275,JWST,image,jw05893012002_02101_00005_nrcb4,exposure (L2b): 2D calibrated exposure average over integrations,S,mast:JWST/product/jw05893012002_02101_00005_nrcb4_cal.fits,SCIENCE,,CAL,,CALJWST,2.0.0,5893,jw05893012002_02101_00005_nrcb4_cal.fits,117573120,266381594,PUBLIC,2,F200W
266229277,JWST,image,jw05893012002_02101_00001_nrcb3,exposure (L2b): 2D calibrated exposure average over integrations,S,mast:JWST/product/jw05893012002_02101_00001_nrcb3_cal.fits,SCIENCE,,CAL,,CALJWST,2.0.0,5893,jw05893012002_02101_00001_nrcb3_cal.fits,117573120,266381594,PUBLIC,2,F200W
266229278,JWST,image,jw05893012002_02101_00004_nrca3,exposure (L2b): 2D calibrated exposure average over integrations,S,mast:JWST/product/jw05893012002_02101_00004_nrca3_cal.fits,SCIENCE,,CAL,,CALJWST,2.0.0,5893,jw05893012002_02101_00004_nrca3_cal.fits,117573120,266381594,PUBLIC,2,F200W
266229279,JWST,image,jw05893012002_02101_00003_nrca4,exposure (L2b): 2D calibrated exposure average over integrations,S,mast:JWST/product/jw05893012002_02101_00003_nrca4_cal.fits,SCIENCE,,CAL,,CALJWST,2.0.0,5893,jw05893012002_02101_00003_nrca4_cal.fits,117573120,266381594,PUBLIC,2,F200W
266229280,JWST,image,jw05893012002_02101_00002_nrca4,exposure (L2b): 2D calibrated exposure average over integrations,S,mast:JWST/product/jw05893012002_02101_00002_nrca4_cal.fits,SCIENCE,,CAL,,CALJWST,2.0.0,5893,jw05893012002_02101_00002_nrca4_cal.fits,117573120,266381594,PUBLIC,2,F200W
266229281,JWST,image,jw05893012002_02101_00003_nrca1,exposure (L2b): 2D calibrated exposure average over integrations,S,mast:JWST/product/jw05893012002_02101_00003_nrca1_cal.fits,SCIENCE,,CAL,,CALJWST,2.0.0,5893,jw05893012002_02101_00003_nrca1_cal.fits,117570240,266381594,PUBLIC,2,F200W
266229282,JWST,image,jw05893012002_02101_00002_nrcb2,exposure (L2b): 2D calibrated exposure average over integrations,S,mast:JWST/product/jw05893012002_02101_00002_nrcb2_cal.fits,SCIENCE,,CAL,,CALJWST,2.0.0,5893,jw05893012002_02101_00002_nrcb2_cal.fits,117573120,266381594,PUBLIC,2,F200W
266229283,JWST,image,jw05893012002_02101_00003_nrcb1,exposure (L2b): 2D calibrated exposure average over integrations,S,mast:JWST/product/jw05893012002_02101_00003_nrcb1_cal.fits,SCIENCE,,CAL,,CALJWST,2.0.0,5893,jw05893012002_02101_00003_nrcb1_cal.fits,117573120,266381594,PUBLIC,2,F200W
266229284,JWST,image,jw05893012002_02101_00004_nrca2,exposure (L2b): 2D calibrated exposure average over integrations,S,mast:JWST/product/jw05893012002_02101_00004_nrca2_cal.fits,SCIENCE,,CAL,,CALJWST,2.0.0,5893,jw05893012002_02101_00004_nrca2_cal.fits,117570240,266381594,PUBLIC,2,F200W
266229285,JWST,image,jw05893012002_02101_00002_nrca1,exposure (L2b): 2D calibrated exposure average over integrations,S,mast:JWST/product/jw05893012002_02101_00002_nrca1_cal.fits,SCIENCE,,CAL,,CALJWST,2.0.0,5893,jw05893012002_02101_00002_nrca1_cal.fits,117570240,266381594,PUBLIC,2,F200W
266229286,JWST,image,jw05893012002_02101_00005_nrcb3,exposure (L2b): 2D calibrated exposure average over integrations,S,mast:JWST/product/jw05893012002_02101_00005_nrcb3_cal.fits,SCIENCE,,CAL,,CALJWST,2.0.0,5893,jw05893012002_02101_00005_nrcb3_cal.fits,117573120,266381594,PUBLIC,2,F200W
266229287,JWST,image,jw05893012002_02101_00002_nrcb3,exposure (L2b): 2D calibrated exposure average over integrations,S,mast:JWST/product/jw05893012002_02101_00002_nrcb3_cal.fits,SCIENCE,,CAL,,CALJWST,2.0.0,5893,jw05893012002_02101_00002_nrcb3_cal.fits,117573120,266381594,PUBLIC,2,F200W
266229288,JWST,image,jw05893012002_02101_00004_nrca1,exposure (L2b): 2D calibrated exposure average over integrations,S,mast:JWST/product/jw05893012002_02101_00004_nrca1_cal.fits,SCIENCE,,CAL,,CALJWST,2.0.0,5893,jw05893012002_02101_00004_nrca1_cal.fits,117570240,266381594,PUBLIC,2,F200W
266229290,JWST,image,jw05893012002_02101_00005_nrca2,exposure (L2b): 2D calibrated exposure average over integrations,S,mast:JWST/product/jw05893012002_02101_00005_nrca2_cal.fits,SCIENCE,,CAL,,CALJWST,2.0.0,5893,jw05893012002_02101_00005_nrca2_cal.fits,117570240,266381594,PUBLIC,2,F200W
266229291,JWST,image,jw05893012002_02101_00005_nrca3,exposure (L2b): 2D calibrated exposure average over integrations,S,mast:JWST/product/jw05893012002_02101_00005_nrca3_cal.fits,SCIENCE,,CAL,,CALJWST,2.0.0,5893,jw05893012002_02101_00005_nrca3_cal.fits,117573120,266381594,PUBLIC,2,F200W
266229292,JWST,image,jw05893012002_02101_00003_nrcb4,exposure (L2b): 2D calibrated exposure average over integrations,S,mast:JWST/product/jw05893012002_02101_00003_nrcb4_cal.fits,SCIENCE,,CAL,,CALJWST,2.0.0,5893,jw05893012002_02101_00003_nrcb4_cal.fits,117573120,266381594,PUBLIC,2,F200W
266229293,JWST,image,jw05893012002_02101_00003_nrca2,exposure (L2b): 2D calibrated exposure average over integrations,S,mast:JWST/product/jw05893012002_02101_00003_nrca2_cal.fits,SCIENCE,,CAL,,CALJWST,2.0.0,5893,jw05893012002_02101_00003_nrca2_cal.fits,117570240,266381594,PUBLIC,2,F200W
266229294,JWST,image,jw05893012002_02101_00002_nrcb4,exposure (L2b): 2D calibrated exposure average over integrations,S,mast:JWST/product/jw05893012002_02101_00002_nrcb4_cal.fits,SCIENCE,,CAL,,CALJWST,2.0.0,5893,jw05893012002_02101_00002_nrcb4_cal.fits,117573120,266381594,PUBLIC,2,F200W
266229295,JWST,image,jw05893012002_02101_00004_nrcb3,exposure (L2b): 2D calibrated exposure average over integrations,S,mast:JWST/product/jw05893012002_02101_00004_nrcb3_cal.fits,SCIENCE,,CAL,,CALJWST,2.0.0,5893,jw05893012002_02101_00004_nrcb3_cal.fits,117573120,266381594,PUBLIC,2,F200W
266229296,JWST,image,jw05893012002_02101_00002_nrca3,exposure (L2b): 2D calibrated exposure average over integrations,S,mast:JWST/product/jw05893012002_02101_00002_nrca3_cal.fits,SCIENCE,,CAL,,CALJWST,2.0.0,5893,jw05893012002_02101_00002_nrca3_cal.fits,117573120,266381594,PUBLIC,2,F200W
266229297,JWST,image,jw05893012002_02101_00004_nrcb4,exposure (L2b): 2D calibrated exposure average over integrations,S,mast:JWST/product/jw05893012002_02101_00004_nrcb4_cal.fits,SCIENCE,,CAL,,CALJWST,2.0.0,5893,jw05893012002_02101_00004_nrcb4_cal.fits,117573120,266381594,PUBLIC,2,F200W
266229300,JWST,image,jw05893012002_02101_00003_nrca3,exposure (L2b): 2D calibrated exposure average over integrations,S,mast:JWST/product/jw05893012002_02101_00003_nrca3_cal.fits,SCIENCE,,CAL,,CALJWST,2.0.0,5893,jw05893012002_02101_00003_nrca3_cal.fits,117573120,266381594,PUBLIC,2,F200W
266229302,JWST,image,jw05893012002_02101_00004_nrcb1,exposure (L2b): 2D calibrated exposure average over integrations,S,mast:JWST/product/jw05893012002_02101_00004_nrcb1_cal.fits,SCIENCE,,CAL,,CALJWST,2.0.0,5893,jw05893012002_02101_00004_nrcb1_cal.fits,117573120,266381594,PUBLIC,2,F200W
266229303,JWST,image,jw05893012002_02101_00004_nrcb2,exposure (L2b): 2D calibrated exposure average over integrations,S,mast:JWST/product/jw05893012002_02101_00004_nrcb2_cal.fits,SCIENCE,,CAL,,CALJWST,2.0.0,5893,jw05893012002_02101_00004_nrcb2_cal.fits,117573120,266381594,PUBLIC,2,F200W
266229304,JWST,image,jw05893012002_02101_00002_nrcb1,exposure (L2b): 2D calibrated exposure average over integrations,S,mast:JWST/product/jw05893012002_02101_00002_nrcb1_cal.fits,SCIENCE,,CAL,,CALJWST,2.0.0,5893,jw05893012002_02101_00002_nrcb1_cal.fits,117573120,266381594,PUBLIC,2,F200W
266229305,JWST,image,jw05893012002_02101_00004_nrca4,exposure (L2b): 2D calibrated exposure average over integrations,S,mast:JWST/product/jw05893012002_02101_00004_nrca4_cal.fits,SCIENCE,,CAL,,CALJWST,2.0.0,5893,jw05893012002_02101_00004_nrca4_cal.fits,117573120,266381594,PUBLIC,2,F200W
266229306,JWST,image,jw05893012002_02101_00003_nrcb3,exposure (L2b): 2D calibrated exposure average over integrations,S,mast:JWST/product/jw05893012002_02101_00003_nrcb3_cal.fits,SCIENCE,,CAL,,CALJWST,2.0.0,5893,jw05893012002_02101_00003_nrcb3_cal.fits,117573120,266381594,PUBLIC,2,F200W
266229349,JWST,image,jw05893012002_02101_00005_nrca4,exposure (L2b): 2D calibrated exposure average over integrations,S,mast:JWST/product/jw05893012002_02101_00005_nrca4_cal.fits,SCIENCE,,CAL,,CALJWST,2.0.0,5893,jw05893012002_02101_00005_nrca4_cal.fits,117573120,266381594,PUBLIC,2,F200W
266229354,JWST,image,jw05893012002_02101_00006_nrcb4,exposure (L2b): 2D calibrated exposure average over integrations,S,mast:JWST/product/jw05893012002_02101_00006_nrcb4_cal.fits,SCIENCE,,CAL,,CALJWST,2.0.0,5893,jw05893012002_02101_00006_nrcb4_cal.fits,117573120,266381594,PUBLIC,2,F200W
266229355,JWST,image,jw05893012002_02101_00005_nrcb1,exposure (L2b): 2D calibrated exposure average over integrations,S,mast:JWST/product/jw05893012002_02101_00005_nrcb1_cal.fits,SCIENCE,,CAL,,CALJWST,2.0.0,5893,jw05893012002_02101_00005_nrcb1_cal.fits,117573120,266381594,PUBLIC,2,F200W
266229358,JWST,image,jw05893012002_02101_00006_nrcb3,exposure (L2b): 2D calibrated exposure average over integrations,S,mast:JWST/product/jw05893012002_02101_00006_nrcb3_cal.fits,SCIENCE,,CAL,,CALJWST,2.0.0,5893,jw05893012002_02101_00006_nrcb3_cal.fits,117573120,266381594,PUBLIC,2,F200W
266229364,JWST,image,jw05893012002_02101_00006_nrca4,exposure (L2b): 2D calibrated exposure average over integrations,S,mast:JWST/product/jw05893012002_02101_00006_nrca4_cal.fits,SCIENCE,,CAL,,CALJWST,2.0.0,5893,jw05893012002_02101_00006_nrca4_cal.fits,117573120,266381594,PUBLIC,2,F200W
266229366,JWST,image,jw05893012002_02101_00005_nrca1,exposure (L2b): 2D calibrated exposure average over integrations,S,mast:JWST/product/jw05893012002_02101_00005_nrca1_cal.fits,SCIENCE,,CAL,,CALJWST,2.0.0,5893,jw05893012002_02101_00005_nrca1_cal.fits,117570240,266381594,PUBLIC,2,F200W
266229368,JWST,image,jw05893012002_02101_00006_nrca1,exposure (L2b): 2D calibrated exposure average over integrations,S,mast:JWST/product/jw05893012002_02101_00006_nrca1_cal.fits,SCIENCE,,CAL,,CALJWST,2.0.0,5893,jw05893012002_02101_00006_nrca1_cal.fits,117570240,266381594,PUBLIC,2,F200W
266229378,JWST,image,jw05893012002_02101_00006_nrcb1,exposure (L2b): 2D calibrated exposure average over integrations,S,mast:JWST/product/jw05893012002_02101_00006_nrcb1_cal.fits,SCIENCE,,CAL,,CALJWST,2.0.0,5893,jw05893012002_02101_00006_nrcb1_cal.fits,117573120,266381594,PUBLIC,2,F200W
266229381,JWST,image,jw05893012002_02101_00005_nrcb2,exposure (L2b): 2D calibrated exposure average over integrations,S,mast:JWST/product/jw05893012002_02101_00005_nrcb2_cal.fits,SCIENCE,,CAL,,CALJWST,2.0.0,5893,jw05893012002_02101_00005_nrcb2_cal.fits,117573120,266381594,PUBLIC,2,F200W
266229383,JWST,image,jw05893012002_02101_00006_nrca3,exposure (L2b): 2D calibrated exposure average over integrations,S,mast:JWST/product/jw05893012002_02101_00006_nrca3_cal.fits,SCIENCE,,CAL,,CALJWST,2.0.0,5893,jw05893012002_02101_00006_nrca3_cal.fits,117573120,266381594,PUBLIC,2,F200W
266229386,JWST,image,jw05893012002_02101_00006_nrca2,exposure (L2b): 2D calibrated exposure average over integrations,S,mast:JWST/product/jw05893012002_02101_00006_nrca2_cal.fits,SCIENCE,,CAL,,CALJWST,2.0.0,5893,jw05893012002_02101_00006_nrca2_cal.fits,117570240,266381594,PUBLIC,2,F200W
266229387,JWST,image,jw05893012002_02101_00006_nrcb2,exposure (L2b): 2D calibrated exposure average over integrations,S,mast:JWST/product/jw05893012002_02101_00006_nrcb2_cal.fits,SCIENCE,,CAL,,CALJWST,2.0.0,5893,jw05893012002_02101_00006_nrcb2_cal.fits,117573120,266381594,PUBLIC,2,F200W
266329882,JWST,image,jw05893012006_02101_00001_nrcb4,exposure (L2b): 2D calibrated exposure average over integrations,S,mast:JWST/product/jw05893012006_02101_00001_nrcb4_cal.fits,SCIENCE,,CAL,,CALJWST,2.0.0,5893,jw05893012006_02101_00001_nrcb4_cal.fits,117573120,266381594,PUBLIC,2,F200W
266329883,JWST,image,jw05893012006_02101_00001_nrca4,exposure (L2b): 2D calibrated exposure average over integrations,S,mast:JWST/product/jw05893012006_02101_00001_nrca4_cal.fits,SCIENCE,,CAL,,CALJWST,2.0.0,5893,jw05893012006_02101_00001_nrca4_cal.fits,117573120,266381594,PUBLIC,2,F200W
266329884,JWST,image,jw05893012006_02101_00001_nrca3,exposure (L2b): 2D calibrated exposure average over integrations,S,mast:JWST/product/jw05893012006_02101_00001_nrca3_cal.fits,SCIENCE,,CAL,,CALJWST,2.0.0,5893,jw05893012006_02101_00001_nrca3_cal.fits,117573120,266381594,PUBLIC,2,F200W
266329885,JWST,image,jw05893012006_02101_00001_nrca2,exposure (L2b): 2D calibrated exposure average over integrations,S,mast:JWST/product/jw05893012006_02101_00001_nrca2_cal.fits,SCIENCE,,CAL,,CALJWST,2.0.0,5893,jw05893012006_02101_00001_nrca2_cal.fits,117570240,266381594,PUBLIC,2,F200W
266329886,JWST,image,jw05893012006_02101_00001_nrcb2,exposure (L2b): 2D calibrated exposure average over integrations,S,mast:JWST/product/jw05893012006_02101_00001_nrcb2_cal.fits,SCIENCE,,CAL,,CALJWST,2.0.0,5893,jw05893012006_02101_00001_nrcb2_cal.fits,117573120,266381594,PUBLIC,2,F200W
266329888,JWST,image,jw05893012006_02101_00001_nrcb3,exposure (L2b): 2D calibrated exposure average over integrations,S,mast:JWST/product/jw05893012006_02101_00001_nrcb3_cal.fits,SCIENCE,,CAL,,CALJWST,2.0.0,5893,jw05893012006_02101_00001_nrcb3_cal.fits,117573120,266381594,PUBLIC,2,F200W
266329890,JWST,image,jw05893012006_02101_00001_nrcb1,exposure (L2b): 2D calibrated exposure average over integrations,S,mast:JWST/product/jw05893012006_02101_00001_nrcb1_cal.fits,SCIENCE,,CAL,,CALJWST,2.0.0,5893,jw05893012006_02101_00001_nrcb1_cal.fits,117573120,266381594,PUBLIC,2,F200W
266330029,JWST,image,jw05893012006_02101_00002_nrcb3,exposure (L2b): 2D calibrated exposure average over integrations,S,mast:JWST/product/jw05893012006_02101_00002_nrcb3_cal.fits,SCIENCE,,CAL,,CALJWST,2.0.0,5893,jw05893012006_02101_00002_nrcb3_cal.fits,117573120,266381594,PUBLIC,2,F200W
266330030,JWST,image,jw05893012006_02101_00001_nrca1,exposure (L2b): 2D calibrated exposure average over integrations,S,mast:JWST/product/jw05893012006_02101_00001_nrca1_cal.fits,SCIENCE,,CAL,,CALJWST,2.0.0,5893,jw05893012006_02101_00001_nrca1_cal.fits,117570240,266381594,PUBLIC,2,F200W
266330285,JWST,image,jw05893012006_02101_00002_nrca3,exposure (L2b): 2D calibrated exposure average over integrations,S,mast:JWST/product/jw05893012006_02101_00002_nrca3_cal.fits,SCIENCE,,CAL,,CALJWST,2.0.0,5893,jw05893012006_02101_00002_nrca3_cal.fits,117573120,266381594,PUBLIC,2,F200W
266330288,JWST,image,jw05893012006_02101_00004_nrca1,exposure (L2b): 2D calibrated exposure average over integrations,S,mast:JWST/product/jw05893012006_02101_00004_nrca1_cal.fits,SCIENCE,,CAL,,CALJWST,2.0.0,5893,jw05893012006_02101_00004_nrca1_cal.fits,117570240,266381594,PUBLIC,2,F200W
266330290,JWST,image,jw05893012006_02101_00005_nrcb4,exposure (L2b): 2D calibrated exposure average over integrations,S,mast:JWST/product/jw05893012006_02101_00005_nrcb4_cal.fits,SCIENCE,,CAL,,CALJWST,2.0.0,5893,jw05893012006_02101_00005_nrcb4_cal.fits,117573120,266381594,PUBLIC,2,F200W
266330291,JWST,image,jw05893012006_02101_00004_nrca3,exposure (L2b): 2D calibrated exposure average over integrations,S,mast:JWST/product/jw05893012006_02101_00004_nrca3_cal.fits,SCIENCE,,CAL,,CALJWST,2.0.0,5893,jw05893012006_02101_00004_nrca3_cal.fits,117573120,266381594,PUBLIC,2,F200W
266330293,JWST,image,jw05893012006_02101_00005_nrcb1,exposure (L2b): 2D calibrated exposure average over integrations,S,mast:JWST/product/jw05893012006_02101_00005_nrcb1_cal.fits,SCIENCE,,CAL,,CALJWST,2.0.0,5893,jw05893012006_02101_00005_nrcb1_cal.fits,117573120,266381594,PUBLIC,2,F200W
266330294,JWST,image,jw05893012006_02101_00004_nrcb3,exposure (L2b): 2D calibrated exposure average over integrations,S,mast:JWST/product/jw05893012006_02101_00004_nrcb3_cal.fits,SCIENCE,,CAL,,CALJWST,2.0.0,5893,jw05893012006_02101_00004_nrcb3_cal.fits,117573120,266381594,PUBLIC,2,F200W
266330295,JWST,image,jw05893012006_02101_00004_nrcb2,exposure (L2b): 2D calibrated exposure average over integrations,S,mast:JWST/product/jw05893012006_02101_00004_nrcb2_cal.fits,SCIENCE,,CAL,,CALJWST,2.0.0,5893,jw05893012006_02101_00004_nrcb2_cal.fits,117573120,266381594,PUBLIC,2,F200W
266330296,JWST,image,jw05893012006_02101_00004_nrca2,exposure (L2b): 2D calibrated exposure average over integrations,S,mast:JWST/product/jw05893012006_02101_00004_nrca2_cal.fits,SCIENCE,,CAL,,CALJWST,2.0.0,5893,jw05893012006_02101_00004_nrca2_cal.fits,117570240,266381594,PUBLIC,2,F200W
266330298,JWST,image,jw05893012006_02101_00004_nrcb4,exposure (L2b): 2D calibrated exposure average over integrations,S,mast:JWST/product/jw05893012006_02101_00004_nrcb4_cal.fits,SCIENCE,,CAL,,CALJWST,2.0.0,5893,jw05893012006_02101_00004_nrcb4_cal.fits,117573120,266381594,PUBLIC,2,F200W
266330299,JWST,image,jw05893012006_02101_00002_nrcb4,exposure (L2b): 2D calibrated exposure average over integrations,S,mast:JWST/product/jw05893012006_02101_00002_nrcb4_cal.fits,SCIENCE,,CAL,,CALJWST,2.0.0,5893,jw05893012006_02101_00002_nrcb4_cal.fits,117573120,266381594,PUBLIC,2,F200W
266330300,JWST,image,jw05893012006_02101_00005_nrcb2,exposure (L2b): 2D calibrated exposure average over integrations,S,mast:JWST/product/jw05893012006_02101_00005_nrcb2_cal.fits,SCIENCE,,CAL,,CALJWST,2.0.0,5893,jw05893012006_02101_00005_nrcb2_cal.fits,117573120,266381594,PUBLIC,2,F200W
266330301,JWST,image,jw05893012006_02101_00002_nrca2,exposure (L2b): 2D calibrated exposure average over integrations,S,mast:JWST/product/jw05893012006_02101_00002_nrca2_cal.fits,SCIENCE,,CAL,,CALJWST,2.0.0,5893,jw05893012006_02101_00002_nrca2_cal.fits,117570240,266381594,PUBLIC,2,F200W
266330302,JWST,image,jw05893012006_02101_00005_nrca1,exposure (L2b): 2D calibrated exposure average over integrations,S,mast:JWST/product/jw05893012006_02101_00005_nrca1_cal.fits,SCIENCE,,CAL,,CALJWST,2.0.0,5893,jw05893012006_02101_00005_nrca1_cal.fits,117570240,266381594,PUBLIC,2,F200W
266330303,JWST,image,jw05893012006_02101_00002_nrca1,exposure (L2b): 2D calibrated exposure average over integrations,S,mast:JWST/product/jw05893012006_02101_00002_nrca1_cal.fits,SCIENCE,,CAL,,CALJWST,2.0.0,5893,jw05893012006_02101_00002_nrca1_cal.fits,117570240,266381594,PUBLIC,2,F200W
266330304,JWST,image,jw05893012006_02101_00002_nrca4,exposure (L2b): 2D calibrated exposure average over integrations,S,mast:JWST/product/jw05893012006_02101_00002_nrca4_cal.fits,SCIENCE,,CAL,,CALJWST,2.0.0,5893,jw05893012006_02101_00002_nrca4_cal.fits,117573120,266381594,PUBLIC,2,F200W
266330306,JWST,image,jw05893012006_02101_00005_nrca2,exposure (L2b): 2D calibrated exposure average over integrations,S,mast:JWST/product/jw05893012006_02101_00005_nrca2_cal.fits,SCIENCE,,CAL,,CALJWST,2.0.0,5893,jw05893012006_02101_00005_nrca2_cal.fits,117570240,266381594,PUBLIC,2,F200W
266330310,JWST,image,jw05893012006_02101_00002_nrcb1,exposure (L2b): 2D calibrated exposure average over integrations,S,mast:JWST/product/jw05893012006_02101_00002_nrcb1_cal.fits,SCIENCE,,CAL,,CALJWST,2.0.0,5893,jw05893012006_02101_00002_nrcb1_cal.fits,117573120,266381594,PUBLIC,2,F200W
266330311,JWST,image,jw05893012006_02101_00005_nrcb3,exposure (L2b): 2D calibrated exposure average over integrations,S,mast:JWST/product/jw05893012006_02101_00005_nrcb3_cal.fits,SCIENCE,,CAL,,CALJWST,2.0.0,5893,jw05893012006_02101_00005_nrcb3_cal.fits,117573120,266381594,PUBLIC,2,F200W
266330313,JWST,image,jw05893012006_02101_00002_nrcb2,exposure (L2b): 2D calibrated exposure average over integrations,S,mast:JWST/product/jw05893012006_02101_00002_nrcb2_cal.fits,SCIENCE,,CAL,,CALJWST,2.0.0,5893,jw05893012006_02101_00002_nrcb2_cal.fits,117573120,266381594,PUBLIC,2,F200W
266330314,JWST,image,jw05893012006_02101_00004_nrca4,exposure (L2b): 2D calibrated exposure average over integrations,S,mast:JWST/product/jw05893012006_02101_00004_nrca4_cal.fits,SCIENCE,,CAL,,CALJWST,2.0.0,5893,jw05893012006_02101_00004_nrca4_cal.fits,117573120,266381594,PUBLIC,2,F200W
266330315,JWST,image,jw05893012006_02101_00004_nrcb1,exposure (L2b): 2D calibrated exposure average over integrations,S,mast:JWST/product/jw05893012006_02101_00004_nrcb1_cal.fits,SCIENCE,,CAL,,CALJWST,2.0.0,5893,jw05893012006_02101_00004_nrcb1_cal.fits,117573120,266381594,PUBLIC,2,F200W
266330438,JWST,image,jw05893012006_02101_00005_nrca3,exposure (L2b): 2D calibrated exposure average over integrations,S,mast:JWST/product/jw05893012006_02101_00005_nrca3_cal.fits,SCIENCE,,CAL,,CALJWST,2.0.0,5893,jw05893012006_02101_00005_nrca3_cal.fits,117573120,266381594,PUBLIC,2,F200W
266330453,JWST,image,jw05893012006_02101_00005_nrca4,exposure (L2b): 2D calibrated exposure average over integrations,S,mast:JWST/product/jw05893012006_02101_00005_nrca4_cal.fits,SCIENCE,,CAL,,CALJWST,2.0.0,5893,jw05893012006_02101_00005_nrca4_cal.fits,117573120,266381594,PUBLIC,2,F200W
266331266,JWST,image,jw05893012006_02101_00003_nrcb2,exposure (L2b): 2D calibrated exposure average over integrations,S,mast:JWST/product/jw05893012006_02101_00003_nrcb2_cal.fits,SCIENCE,,CAL,,CALJWST,2.0.0,5893,jw05893012006_02101_00003_nrcb2_cal.fits,117573120,266381594,PUBLIC,2,F200W
266331267,JWST,image,jw05893012006_02101_00006_nrcb1,exposure (L2b): 2D calibrated exposure average over integrations,S,mast:JWST/product/jw05893012006_02101_00006_nrcb1_cal.fits,SCIENCE,,CAL,,CALJWST,2.0.0,5893,jw05893012006_02101_00006_nrcb1_cal.fits,117573120,266381594,PUBLIC,2,F200W
266331268,JWST,image,jw05893012006_02101_00003_nrca4,exposure (L2b): 2D calibrated exposure average over integrations,S,mast:JWST/product/jw05893012006_02101_00003_nrca4_cal.fits,SCIENCE,,CAL,,CALJWST,2.0.0,5893,jw05893012006_02101_00003_nrca4_cal.fits,117573120,266381594,PUBLIC,2,F200W
266331269,JWST,image,jw05893012006_02101_00006_nrcb3,exposure (L2b): 2D calibrated exposure average over integrations,S,mast:JWST/product/jw05893012006_02101_00006_nrcb3_cal.fits,SCIENCE,,CAL,,CALJWST,2.0.0,5893,jw05893012006_02101_00006_nrcb3_cal.fits,117573120,266381594,PUBLIC,2,F200W
266331270,JWST,image,jw05893012006_02101_00003_nrcb3,exposure (L2b): 2D calibrated exposure average over integrations,S,mast:JWST/product/jw05893012006_02101_00003_nrcb3_cal.fits,SCIENCE,,CAL,,CALJWST,2.0.0,5893,jw05893012006_02101_00003_nrcb3_cal.fits,117573120,266381594,PUBLIC,2,F200W
266331271,JWST,image,jw05893012006_02101_00006_nrca4,exposure (L2b): 2D calibrated exposure average over integrations,S,mast:JWST/product/jw05893012006_02101_00006_nrca4_cal.fits,SCIENCE,,CAL,,CALJWST,2.0.0,5893,jw05893012006_02101_00006_nrca4_cal.fits,117573120,266381594,PUBLIC,2,F200W
266331273,JWST,image,jw05893012006_02101_00003_nrcb4,exposure (L2b): 2D calibrated exposure average over integrations,S,mast:JWST/product/jw05893012006_02101_00003_nrcb4_cal.fits,SCIENCE,,CAL,,CALJWST,2.0.0,5893,jw05893012006_02101_00003_nrcb4_cal.fits,117573120,266381594,PUBLIC,2,F200W
266331274,JWST,image,jw05893012006_02101_00003_nrca3,exposure (L2b): 2D calibrated exposure average over integrations,S,mast:JWST/product/jw05893012006_02101_00003_nrca3_cal.fits,SCIENCE,,CAL,,CALJWST,2.0.0,5893,jw05893012006_02101_00003_nrca3_cal.fits,117573120,266381594,PUBLIC,2,F200W
266331275,JWST,image,jw05893012006_02101_00006_nrcb4,exposure (L2b): 2D calibrated exposure average over integrations,S,mast:JWST/product/jw05893012006_02101_00006_nrcb4_cal.fits,SCIENCE,,CAL,,CALJWST,2.0.0,5893,jw05893012006_02101_00006_nrcb4_cal.fits,117573120,266381594,PUBLIC,2,F200W
266331276,JWST,image,jw05893012006_02101_00006_nrca1,exposure (L2b): 2D calibrated exposure average over integrations,S,mast:JWST/product/jw05893012006_02101_00006_nrca1_cal.fits,SCIENCE,,CAL,,CALJWST,2.0.0,5893,jw05893012006_02101_00006_nrca1_cal.fits,117570240,266381594,PUBLIC,2,F200W
266331277,JWST,image,jw05893012006_02101_00006_nrca3,exposure (L2b): 2D calibrated exposure average over integrations,S,mast:JWST/product/jw05893012006_02101_00006_nrca3_cal.fits,SCIENCE,,CAL,,CALJWST,2.0.0,5893,jw05893012006_02101_00006_nrca3_cal.fits,117573120,266381594,PUBLIC,2,F200W
266331279,JWST,image,jw05893012006_02101_00003_nrcb1,exposure (L2b): 2D calibrated exposure average over integrations,S,mast:JWST/product/jw05893012006_02101_00003_nrcb1_cal.fits,SCIENCE,,CAL,,CALJWST,2.0.0,5893,jw05893012006_02101_00003_nrcb1_cal.fits,117573120,266381594,PUBLIC,2,F200W
266331281,JWST,image,jw05893012006_02101_00006_nrcb2,exposure (L2b): 2D calibrated exposure average over integrations,S,mast:JWST/product/jw05893012006_02101_00006_nrcb2_cal.fits,SCIENCE,,CAL,,CALJWST,2.0.0,5893,jw05893012006_02101_00006_nrcb2_cal.fits,117573120,266381594,PUBLIC,2,F200W
266331282,JWST,image,jw05893012006_02101_00006_nrca2,exposure (L2b): 2D calibrated exposure average over integrations,S,mast:JWST/product/jw05893012006_02101_00006_nrca2_cal.fits,SCIENCE,,CAL,,CALJWST,2.0.0,5893,jw05893012006_02101_00006_nrca2_cal.fits,117570240,266381594,PUBLIC,2,F200W
266331284,JWST,image,jw05893012006_02101_00003_nrca1,exposure (L2b): 2D calibrated exposure average over integrations,S,mast:JWST/product/jw05893012006_02101_00003_nrca1_cal.fits,SCIENCE,,CAL,,CALJWST,2.0.0,5893,jw05893012006_02101_00003_nrca1_cal.fits,117570240,266381594,PUBLIC,2,F200W
266331285,JWST,image,jw05893012006_02101_00003_nrca2,exposure (L2b): 2D calibrated exposure average over integrations,S,mast:JWST/product/jw05893012006_02101_00003_nrca2_cal.fits,SCIENCE,,CAL,,CALJWST,2.0.0,5893,jw05893012006_02101_00003_nrca2_cal.fits,117570240,266381594,PUBLIC,2,F200W
266380495,JWST,image,jw05893012005_02101_00001_nrcb3,exposure (L2b): 2D calibrated exposure average over integrations,S,mast:JWST/product/jw05893012005_02101_00001_nrcb3_cal.fits,SCIENCE,,CAL,,CALJWST,2.0.0,5893,jw05893012005_02101_00001_nrcb3_cal.fits,117573120,266381594,PUBLIC,2,F200W
266380496,JWST,image,jw05893012005_02101_00001_nrcb1,exposure (L2b): 2D calibrated exposure average over integrations,S,mast:JWST/product/jw05893012005_02101_00001_nrcb1_cal.fits,SCIENCE,,CAL,,CALJWST,2.0.0,5893,jw05893012005_02101_00001_nrcb1_cal.fits,117573120,266381594,PUBLIC,2,F200W
266380497,JWST,image,jw05893012005_02101_00001_nrcb4,exposure (L2b): 2D calibrated exposure average over integrations,S,mast:JWST/product/jw05893012005_02101_00001_nrcb4_cal.fits,SCIENCE,,CAL,,CALJWST,2.0.0,5893,jw05893012005_02101_00001_nrcb4_cal.fits,117573120,266381594,PUBLIC,2,F200W
266380498,JWST,image,jw05893012005_02101_00001_nrca2,exposure (L2b): 2D calibrated exposure average over integrations,S,mast:JWST/product/jw05893012005_02101_00001_nrca2_cal.fits,SCIENCE,,CAL,,CALJWST,2.0.0,5893,jw05893012005_02101_00001_nrca2_cal.fits,117570240,266381594,PUBLIC,2,F200W
266380500,JWST,image,jw05893012005_02101_00001_nrcb2,exposure (L2b): 2D calibrated exposure average over integrations,S,mast:JWST/product/jw05893012005_02101_00001_nrcb2_cal.fits,SCIENCE,,CAL,,CALJWST,2.0.0,5893,jw05893012005_02101_00001_nrcb2_cal.fits,117573120,266381594,PUBLIC,2,F200W
266380515,JWST,image,jw05893012005_02101_00002_nrcb4,exposure (L2b): 2D calibrated exposure average over integrations,S,mast:JWST/product/jw05893012005_02101_00002_nrcb4_cal.fits,SCIENCE,,CAL,,CALJWST,2.0.0,5893,jw05893012005_02101_00002_nrcb4_cal.fits,117573120,266381594,PUBLIC,2,F200W
266380516,JWST,image,jw05893012005_02101_00003_nrcb4,exposure (L2b): 2D calibrated exposure average over integrations,S,mast:JWST/product/jw05893012005_02101_00003_nrcb4_cal.fits,SCIENCE,,CAL,,CALJWST,2.0.0,5893,jw05893012005_02101_00003_nrcb4_cal.fits,117573120,266381594,PUBLIC,2,F200W
266380517,JWST,image,jw05893012005_02101_00004_nrca1,exposure (L2b): 2D calibrated exposure average over integrations,S,mast:JWST/product/jw05893012005_02101_00004_nrca1_cal.fits,SCIENCE,,CAL,,CALJWST,2.0.0,5893,jw05893012005_02101_00004_nrca1_cal.fits,117570240,266381594,PUBLIC,2,F200W
266380521,JWST,image,jw05893012005_02101_00001_nrca4,exposure (L2b): 2D calibrated exposure average over integrations,S,mast:JWST/product/jw05893012005_02101_00001_nrca4_cal.fits,SCIENCE,,CAL,,CALJWST,2.0.0,5893,jw05893012005_02101_00001_nrca4_cal.fits,117573120,266381594,PUBLIC,2,F200W
266380522,JWST,image,jw05893012005_02101_00005_nrcb1,exposure (L2b): 2D calibrated exposure average over integrations,S,mast:JWST/product/jw05893012005_02101_00005_nrcb1_cal.fits,SCIENCE,,CAL,,CALJWST,2.0.0,5893,jw05893012005_02101_00005_nrcb1_cal.fits,117573120,266381594,PUBLIC,2,F200W
266380523,JWST,image,jw05893012005_02101_00003_nrca1,exposure (L2b): 2D calibrated exposure average over integrations,S,mast:JWST/product/jw05893012005_02101_00003_nrca1_cal.fits,SCIENCE,,CAL,,CALJWST,2.0.0,5893,jw05893012005_02101_00003_nrca1_cal.fits,117570240,266381594,PUBLIC,2,F200W
266380525,JWST,image,jw05893012005_02101_00002_nrcb3,exposure (L2b): 2D calibrated exposure average over integrations,S,mast:JWST/product/jw05893012005_02101_00002_nrcb3_cal.fits,SCIENCE,,CAL,,CALJWST,2.0.0,5893,jw05893012005_02101_00002_nrcb3_cal.fits,117573120,266381594,PUBLIC,2,F200W
266380526,JWST,image,jw05893012005_02101_00002_nrcb1,exposure (L2b): 2D calibrated exposure average over integrations,S,mast:JWST/product/jw05893012005_02101_00002_nrcb1_cal.fits,SCIENCE,,CAL,,CALJWST,2.0.0,5893,jw05893012005_02101_00002_nrcb1_cal.fits,117573120,266381594,PUBLIC,2,F200W
266380529,JWST,image,jw05893012005_02101_00004_nrca2,exposure (L2b): 2D calibrated exposure average over integrations,S,mast:JWST/product/jw05893012005_02101_00004_nrca2_cal.fits,SCIENCE,,CAL,,CALJWST,2.0.0,5893,jw05893012005_02101_00004_nrca2_cal.fits,117570240,266381594,PUBLIC,2,F200W
266380532,JWST,image,jw05893012005_02101_00002_nrca1,exposure (L2b): 2D calibrated exposure average over integrations,S,mast:JWST/product/jw05893012005_02101_00002_nrca1_cal.fits,SCIENCE,,CAL,,CALJWST,2.0.0,5893,jw05893012005_02101_00002_nrca1_cal.fits,117570240,266381594,PUBLIC,2,F200W
266380533,JWST,image,jw05893012005_02101_00002_nrcb2,exposure (L2b): 2D calibrated exposure average over integrations,S,mast:JWST/product/jw05893012005_02101_00002_nrcb2_cal.fits,SCIENCE,,CAL,,CALJWST,2.0.0,5893,jw05893012005_02101_00002_nrcb2_cal.fits,117573120,266381594,PUBLIC,2,F200W
266380534,JWST,image,jw05893012005_02101_00001_nrca1,exposure (L2b): 2D calibrated exposure average over integrations,S,mast:JWST/product/jw05893012005_02101_00001_nrca1_cal.fits,SCIENCE,,CAL,,CALJWST,2.0.0,5893,jw05893012005_02101_00001_nrca1_cal.fits,117570240,266381594,PUBLIC,2,F200W
266380535,JWST,image,jw05893012005_02101_00001_nrca3,exposure (L2b): 2D calibrated exposure average over integrations,S,mast:JWST/product/jw05893012005_02101_00001_nrca3_cal.fits,SCIENCE,,CAL,,CALJWST,2.0.0,5893,jw05893012005_02101_00001_nrca3_cal.fits,117573120,266381594,PUBLIC,2,F200W
266380537,JWST,image,jw05893012005_02101_00003_nrcb2,exposure (L2b): 2D calibrated exposure average over integrations,S,mast:JWST/product/jw05893012005_02101_00003_nrcb2_cal.fits,SCIENCE,,CAL,,CALJWST,2.0.0,5893,jw05893012005_02101_00003_nrcb2_cal.fits,117573120,266381594,PUBLIC,2,F200W
266380538,JWST,image,jw05893012005_02101_00002_nrca2,exposure (L2b): 2D calibrated exposure average over integrations,S,mast:JWST/product/jw05893012005_02101_00002_nrca2_cal.fits,SCIENCE,,CAL,,CALJWST,2.0.0,5893,jw05893012005_02101_00002_nrca2_cal.fits,117570240,266381594,PUBLIC,2,F200W
266380539,JWST,image,jw05893012005_02101_00004_nrcb2,exposure (L2b): 2D calibrated exposure average over integrations,S,mast:JWST/product/jw05893012005_02101_00004_nrcb2_cal.fits,SCIENCE,,CAL,,CALJWST,2.0.0,5893,jw05893012005_02101_00004_nrcb2_cal.fits,117573120,266381594,PUBLIC,2,F200W
266380540,JWST,image,jw05893012005_02101_00002_nrca3,exposure (L2b): 2D calibrated exposure average over integrations,S,mast:JWST/product/jw05893012005_02101_00002_nrca3_cal.fits,SCIENCE,,CAL,,CALJWST,2.0.0,5893,jw05893012005_02101_00002_nrca3_cal.fits,117573120,266381594,PUBLIC,2,F200W
266380541,JWST,image,jw05893012005_02101_00005_nrcb2,exposure (L2b): 2D calibrated exposure average over integrations,S,mast:JWST/product/jw05893012005_02101_00005_nrcb2_cal.fits,SCIENCE,,CAL,,CALJWST,2.0.0,5893,jw05893012005_02101_00005_nrcb2_cal.fits,117573120,266381594,PUBLIC,2,F200W
266380542,JWST,image,jw05893012005_02101_00003_nrca3,exposure (L2b): 2D calibrated exposure average over integrations,S,mast:JWST/product/jw05893012005_02101_00003_nrca3_cal.fits,SCIENCE,,CAL,,CALJWST,2.0.0,5893,jw05893012005_02101_00003_nrca3_cal.fits,117573120,266381594,PUBLIC,2,F200W
266380543,JWST,image,jw05893012005_02101_00005_nrca4,exposure (L2b): 2D calibrated exposure average over integrations,S,mast:JWST/product/jw05893012005_02101_00005_nrca4_cal.fits,SCIENCE,,CAL,,CALJWST,2.0.0,5893,jw05893012005_02101_00005_nrca4_cal.fits,117573120,266381594,PUBLIC,2,F200W
266380545,JWST,image,jw05893012005_02101_00003_nrcb3,exposure (L2b): 2D calibrated exposure average over integrations,S,mast:JWST/product/jw05893012005_02101_00003_nrcb3_cal.fits,SCIENCE,,CAL,,CALJWST,2.0.0,5893,jw05893012005_02101_00003_nrcb3_cal.fits,117573120,266381594,PUBLIC,2,F200W
266380546,JWST,image,jw05893012005_02101_00004_nrca4,exposure (L2b): 2D calibrated exposure average over integrations,S,mast:JWST/product/jw05893012005_02101_00004_nrca4_cal.fits,SCIENCE,,CAL,,CALJWST,2.0.0,5893,jw05893012005_02101_00004_nrca4_cal.fits,117573120,266381594,PUBLIC,2,F200W
266380548,JWST,image,jw05893012005_02101_00003_nrca2,exposure (L2b): 2D calibrated exposure average over integrations,S,mast:JWST/product/jw05893012005_02101_00003_nrca2_cal.fits,SCIENCE,,CAL,,CALJWST,2.0.0,5893,jw05893012005_02101_00003_nrca2_cal.fits,117570240,266381594,PUBLIC,2,F200W
266380549,JWST,image,jw05893012005_02101_00004_nrcb3,exposure (L2b): 2D calibrated exposure average over integrations,S,mast:JWST/product/jw05893012005_02101_00004_nrcb3_cal.fits,SCIENCE,,CAL,,CALJWST,2.0.0,5893,jw05893012005_02101_00004_nrcb3_cal.fits,117573120,266381594,PUBLIC,2,F200W
266380550,JWST,image,jw05893012005_02101_00004_nrcb4,exposure (L2b): 2D calibrated exposure average over integrations,S,mast:JWST/product/jw05893012005_02101_00004_nrcb4_cal.fits,SCIENCE,,CAL,,CALJWST,2.0.0,5893,jw05893012005_02101_00004_nrcb4_cal.fits,117573120,266381594,PUBLIC,2,F200W
266380551,JWST,image,jw05893012005_02101_00003_nrca4,exposure (L2b): 2D calibrated exposure average over integrations,S,mast:JWST/product/jw05893012005_02101_00003_nrca4_cal.fits,SCIENCE,,CAL,,CALJWST,2.0.0,5893,jw05893012005_02101_00003_nrca4_cal.fits,117573120,266381594,PUBLIC,2,F200W
266380552,JWST,image,jw05893012005_02101_00004_nrcb1,exposure (L2b): 2D calibrated exposure average over integrations,S,mast:JWST/product/jw05893012005_02101_00004_nrcb1_cal.fits,SCIENCE,,CAL,,CALJWST,2.0.0,5893,jw05893012005_02101_00004_nrcb1_cal.fits,117573120,266381594,PUBLIC,2,F200W
266380554,JWST,image,jw05893012005_02101_00005_nrca2,exposure (L2b): 2D calibrated exposure average over integrations,S,mast:JWST/product/jw05893012005_02101_00005_nrca2_cal.fits,SCIENCE,,CAL,,CALJWST,2.0.0,5893,jw05893012005_02101_00005_nrca2_cal.fits,117570240,266381594,PUBLIC,2,F200W
266380555,JWST,image,jw05893012005_02101_00005_nrcb3,exposure (L2b): 2D calibrated exposure average over integrations,S,mast:JWST/product/jw05893012005_02101_00005_nrcb3_cal.fits,SCIENCE,,CAL,,CALJWST,2.0.0,5893,jw05893012005_02101_00005_nrcb3_cal.fits,117573120,266381594,PUBLIC,2,F200W
266380557,JWST,image,jw05893012005_02101_00005_nrcb4,exposure (L2b): 2D calibrated exposure average over integrations,S,mast:JWST/product/jw05893012005_02101_00005_nrcb4_cal.fits,SCIENCE,,CAL,,CALJWST,2.0.0,5893,jw05893012005_02101_00005_nrcb4_cal.fits,117573120,266381594,PUBLIC,2,F200W
266380559,JWST,image,jw05893012005_02101_00003_nrcb1,exposure (L2b): 2D calibrated exposure average over integrations,S,mast:JWST/product/jw05893012005_02101_00003_nrcb1_cal.fits,SCIENCE,,CAL,,CALJWST,2.0.0,5893,jw05893012005_02101_00003_nrcb1_cal.fits,117573120,266381594,PUBLIC,2,F200W
266380560,JWST,image,jw05893012005_02101_00005_nrca3,exposure (L2b): 2D calibrated exposure average over integrations,S,mast:JWST/product/jw05893012005_02101_00005_nrca3_cal.fits,SCIENCE,,CAL,,CALJWST,2.0.0,5893,jw05893012005_02101_00005_nrca3_cal.fits,117573120,266381594,PUBLIC,2,F200W
266380561,JWST,image,jw05893012005_02101_00004_nrca3,exposure (L2b): 2D calibrated exposure average over integrations,S,mast:JWST/product/jw05893012005_02101_00004_nrca3_cal.fits,SCIENCE,,CAL,,CALJWST,2.0.0,5893,jw05893012005_02101_00004_nrca3_cal.fits,117573120,266381594,PUBLIC,2,F200W
266380563,JWST,image,jw05893012005_02101_00002_nrca4,exposure (L2b): 2D calibrated exposure average over integrations,S,mast:JWST/product/jw05893012005_02101_00002_nrca4_cal.fits,SCIENCE,,CAL,,CALJWST,2.0.0,5893,jw05893012005_02101_00002_nrca4_cal.fits,117573120,266381594,PUBLIC,2,F200W
266380591,JWST,image,jw05893012005_02101_00006_nrcb2,exposure (L2b): 2D calibrated exposure average over integrations,S,mast:JWST/product/jw05893012005_02101_00006_nrcb2_cal.fits,SCIENCE,,CAL,,CALJWST,2.0.0,5893,jw05893012005_02101_00006_nrcb2_cal.fits,117573120,266381594,PUBLIC,2,F200W
266380593,JWST,image,jw05893012005_02101_00006_nrca3,exposure (L2b): 2D calibrated exposure average over integrations,S,mast:JWST/product/jw05893012005_02101_00006_nrca3_cal.fits,SCIENCE,,CAL,,CALJWST,2.0.0,5893,jw05893012005_02101_00006_nrca3_cal.fits,117573120,266381594,PUBLIC,2,F200W
266380601,JWST,image,jw05893012005_02101_00006_nrca4,exposure (L2b): 2D calibrated exposure average over integrations,S,mast:JWST/product/jw05893012005_02101_00006_nrca4_cal.fits,SCIENCE,,CAL,,CALJWST,2.0.0,5893,jw05893012005_02101_00006_nrca4_cal.fits,117573120,266381594,PUBLIC,2,F200W
266380602,JWST,image,jw05893012005_02101_00006_nrcb4,exposure (L2b): 2D calibrated exposure average over integrations,S,mast:JWST/product/jw05893012005_02101_00006_nrcb4_cal.fits,SCIENCE,,CAL,,CALJWST,2.0.0,5893,jw05893012005_02101_00006_nrcb4_cal.fits,117573120,266381594,PUBLIC,2,F200W
266380606,JWST,image,jw05893012005_02101_00006_nrcb3,exposure (L2b): 2D calibrated exposure average over integrations,S,mast:JWST/product/jw05893012005_02101_00006_nrcb3_cal.fits,SCIENCE,,CAL,,CALJWST,2.0.0,5893,jw05893012005_02101_00006_nrcb3_cal.fits,117573120,266381594,PUBLIC,2,F200W
266380613,JWST,image,jw05893012005_02101_00006_nrca1,exposure (L2b): 2D calibrated exposure average over integrations,S,mast:JWST/product/jw05893012005_02101_00006_nrca1_cal.fits,SCIENCE,,CAL,,CALJWST,2.0.0,5893,jw05893012005_02101_00006_nrca1_cal.fits,117570240,266381594,PUBLIC,2,F200W
266380617,JWST,image,jw05893012005_02101_00006_nrcb1,exposure (L2b): 2D calibrated exposure average over integrations,S,mast:JWST/product/jw05893012005_02101_00006_nrcb1_cal.fits,SCIENCE,,CAL,,CALJWST,2.0.0,5893,jw05893012005_02101_00006_nrcb1_cal.fits,117573120,266381594,PUBLIC,2,F200W
266380619,JWST,image,jw05893012005_02101_00006_nrca2,exposure (L2b): 2D calibrated exposure average over integrations,S,mast:JWST/product/jw05893012005_02101_00006_nrca2_cal.fits,SCIENCE,,CAL,,CALJWST,2.0.0,5893,jw05893012005_02101_00006_nrca2_cal.fits,117570240,266381594,PUBLIC,2,F200W
266380620,JWST,image,jw05893012005_02101_00005_nrca1,exposure (L2b): 2D calibrated exposure average over integrations,S,mast:JWST/product/jw05893012005_02101_00005_nrca1_cal.fits,SCIENCE,,CAL,,CALJWST,2.0.0,5893,jw05893012005_02101_00005_nrca1_cal.fits,117570240,266381594,PUBLIC,2,F200W
266380623,JWST,image,jw05893012007_02101_00001_nrca4,exposure (L2b): 2D calibrated exposure average over integrations,S,mast:JWST/product/jw05893012007_02101_00001_nrca4_cal.fits,SCIENCE,,CAL,,CALJWST,2.0.0,5893,jw05893012007_02101_00001_nrca4_cal.fits,117573120,266381594,PUBLIC,2,F200W
266380624,JWST,image,jw05893012007_02101_00001_nrcb4,exposure (L2b): 2D calibrated exposure average over integrations,S,mast:JWST/product/jw05893012007_02101_00001_nrcb4_cal.fits,SCIENCE,,CAL,,CALJWST,2.0.0,5893,jw05893012007_02101_00001_nrcb4_cal.fits,117573120,266381594,PUBLIC,2,F200W
266380625,JWST,image,jw05893012007_02101_00001_nrca3,exposure (L2b): 2D calibrated exposure average over integrations,S,mast:JWST/product/jw05893012007_02101_00001_nrca3_cal.fits,SCIENCE,,CAL,,CALJWST,2.0.0,5893,jw05893012007_02101_00001_nrca3_cal.fits,117573120,266381594,PUBLIC,2,F200W
266380630,JWST,image,jw05893012007_02101_00001_nrcb3,exposure (L2b): 2D calibrated exposure average over integrations,S,mast:JWST/product/jw05893012007_02101_00001_nrcb3_cal.fits,SCIENCE,,CAL,,CALJWST,2.0.0,5893,jw05893012007_02101_00001_nrcb3_cal.fits,117573120,266381594,PUBLIC,2,F200W
266380631,JWST,image,jw05893012007_02101_00001_nrca1,exposure (L2b): 2D calibrated exposure average over integrations,S,mast:JWST/product/jw05893012007_02101_00001_nrca1_cal.fits,SCIENCE,,CAL,,CALJWST,2.0.0,5893,jw05893012007_02101_00001_nrca1_cal.fits,117570240,266381594,PUBLIC,2,F200W
266380636,JWST,image,jw05893012007_02101_00003_nrcb4,exposure (L2b): 2D calibrated exposure average over integrations,S,mast:JWST/product/jw05893012007_02101_00003_nrcb4_cal.fits,SCIENCE,,CAL,,CALJWST,2.0.0,5893,jw05893012007_02101_00003_nrcb4_cal.fits,117573120,266381594,PUBLIC,2,F200W
266380637,JWST,image,jw05893012007_02101_00004_nrca3,exposure (L2b): 2D calibrated exposure average over integrations,S,mast:JWST/product/jw05893012007_02101_00004_nrca3_cal.fits,SCIENCE,,CAL,,CALJWST,2.0.0,5893,jw05893012007_02101_00004_nrca3_cal.fits,117573120,266381594,PUBLIC,2,F200W
266380638,JWST,image,jw05893012007_02101_00004_nrca1,exposure (L2b): 2D calibrated exposure average over integrations,S,mast:JWST/product/jw05893012007_02101_00004_nrca1_cal.fits,SCIENCE,,CAL,,CALJWST,2.0.0,5893,jw05893012007_02101_00004_nrca1_cal.fits,117570240,266381594,PUBLIC,2,F200W
266380639,JWST,image,jw05893012007_02101_00004_nrcb3,exposure (L2b): 2D calibrated exposure average over integrations,S,mast:JWST/product/jw05893012007_02101_00004_nrcb3_cal.fits,SCIENCE,,CAL,,CALJWST,2.0.0,5893,jw05893012007_02101_00004_nrcb3_cal.fits,117573120,266381594,PUBLIC,2,F200W
266380640,JWST,image,jw05893012007_02101_00002_nrcb2,exposure (L2b): 2D calibrated exposure average over integrations,S,mast:JWST/product/jw05893012007_02101_00002_nrcb2_cal.fits,SCIENCE,,CAL,,CALJWST,2.0.0,5893,jw05893012007_02101_00002_nrcb2_cal.fits,117573120,266381594,PUBLIC,2,F200W
266380641,JWST,image,jw05893012007_02101_00001_nrcb2,exposure (L2b): 2D calibrated exposure average over integrations,S,mast:JWST/product/jw05893012007_02101_00001_nrcb2_cal.fits,SCIENCE,,CAL,,CALJWST,2.0.0,5893,jw05893012007_02101_00001_nrcb2_cal.fits,117573120,266381594,PUBLIC,2,F200W
266380642,JWST,image,jw05893012007_02101_00003_nrca1,exposure (L2b): 2D calibrated exposure average over integrations,S,mast:JWST/product/jw05893012007_02101_00003_nrca1_cal.fits,SCIENCE,,CAL,,CALJWST,2.0.0,5893,jw05893012007_02101_00003_nrca1_cal.fits,117570240,266381594,PUBLIC,2,F200W
266380644,JWST,image,jw05893012007_02101_00002_nrca4,exposure (L2b): 2D calibrated exposure average over integrations,S,mast:JWST/product/jw05893012007_02101_00002_nrca4_cal.fits,SCIENCE,,CAL,,CALJWST,2.0.0,5893,jw05893012007_02101_00002_nrca4_cal.fits,117573120,266381594,PUBLIC,2,F200W
266380646,JWST,image,jw05893012007_02101_00002_nrca2,exposure (L2b): 2D calibrated exposure average over integrations,S,mast:JWST/product/jw05893012007_02101_00002_nrca2_cal.fits,SCIENCE,,CAL,,CALJWST,2.0.0,5893,jw05893012007_02101_00002_nrca2_cal.fits,117570240,266381594,PUBLIC,2,F200W
266380647,JWST,image,jw05893012007_02101_00004_nrca2,exposure (L2b): 2D calibrated exposure average over integrations,S,mast:JWST/product/jw05893012007_02101_00004_nrca2_cal.fits,SCIENCE,,CAL,,CALJWST,2.0.0,5893,jw05893012007_02101_00004_nrca2_cal.fits,117570240,266381594,PUBLIC,2,F200W
266380648,JWST,image,jw05893012007_02101_00003_nrca4,exposure (L2b): 2D calibrated exposure average over integrations,S,mast:JWST/product/jw05893012007_02101_00003_nrca4_cal.fits,SCIENCE,,CAL,,CALJWST,2.0.0,5893,jw05893012007_02101_00003_nrca4_cal.fits,117573120,266381594,PUBLIC,2,F200W
266380649,JWST,image,jw05893012007_02101_00002_nrcb1,exposure (L2b): 2D calibrated exposure average over integrations,S,mast:JWST/product/jw05893012007_02101_00002_nrcb1_cal.fits,SCIENCE,,CAL,,CALJWST,2.0.0,5893,jw05893012007_02101_00002_nrcb1_cal.fits,117573120,266381594,PUBLIC,2,F200W
266380650,JWST,image,jw05893012007_02101_00002_nrca3,exposure (L2b): 2D calibrated exposure average over integrations,S,mast:JWST/product/jw05893012007_02101_00002_nrca3_cal.fits,SCIENCE,,CAL,,CALJWST,2.0.0,5893,jw05893012007_02101_00002_nrca3_cal.fits,117573120,266381594,PUBLIC,2,F200W
266380652,JWST,image,jw05893012007_02101_00005_nrca4,exposure (L2b): 2D calibrated exposure average over integrations,S,mast:JWST/product/jw05893012007_02101_00005_nrca4_cal.fits,SCIENCE,,CAL,,CALJWST,2.0.0,5893,jw05893012007_02101_00005_nrca4_cal.fits,117573120,266381594,PUBLIC,2,F200W
266380653,JWST,image,jw05893012007_02101_00001_nrca2,exposure (L2b): 2D calibrated exposure average over integrations,S,mast:JWST/product/jw05893012007_02101_00001_nrca2_cal.fits,SCIENCE,,CAL,,CALJWST,2.0.0,5893,jw05893012007_02101_00001_nrca2_cal.fits,117570240,266381594,PUBLIC,2,F200W
266380654,JWST,image,jw05893012007_02101_00002_nrcb4,exposure (L2b): 2D calibrated exposure average over integrations,S,mast:JWST/product/jw05893012007_02101_00002_nrcb4_cal.fits,SCIENCE,,CAL,,CALJWST,2.0.0,5893,jw05893012007_02101_00002_nrcb4_cal.fits,117573120,266381594,PUBLIC,2,F200W
266380655,JWST,image,jw05893012007_02101_00003_nrcb1,exposure (L2b): 2D calibrated exposure average over integrations,S,mast:JWST/product/jw05893012007_02101_00003_nrcb1_cal.fits,SCIENCE,,CAL,,CALJWST,2.0.0,5893,jw05893012007_02101_00003_nrcb1_cal.fits,117573120,266381594,PUBLIC,2,F200W
266380656,JWST,image,jw05893012007_02101_00005_nrcb4,exposure (L2b): 2D calibrated exposure average over integrations,S,mast:JWST/product/jw05893012007_02101_00005_nrcb4_cal.fits,SCIENCE,,CAL,,CALJWST,2.0.0,5893,jw05893012007_02101_00005_nrcb4_cal.fits,117573120,266381594,PUBLIC,2,F200W
266380657,JWST,image,jw05893012007_02101_00005_nrcb3,exposure (L2b): 2D calibrated exposure average over integrations,S,mast:JWST/product/jw05893012007_02101_00005_nrcb3_cal.fits,SCIENCE,,CAL,,CALJWST,2.0.0,5893,jw05893012007_02101_00005_nrcb3_cal.fits,117573120,266381594,PUBLIC,2,F200W
266380661,JWST,image,jw05893012007_02101_00005_nrca1,exposure (L2b): 2D calibrated exposure average over integrations,S,mast:JWST/product/jw05893012007_02101_00005_nrca1_cal.fits,SCIENCE,,CAL,,CALJWST,2.0.0,5893,jw05893012007_02101_00005_nrca1_cal.fits,117570240,266381594,PUBLIC,2,F200W
266380662,JWST,image,jw05893012007_02101_00003_nrca3,exposure (L2b): 2D calibrated exposure average over integrations,S,mast:JWST/product/jw05893012007_02101_00003_nrca3_cal.fits,SCIENCE,,CAL,,CALJWST,2.0.0,5893,jw05893012007_02101_00003_nrca3_cal.fits,117573120,266381594,PUBLIC,2,F200W
266380663,JWST,image,jw05893012007_02101_00001_nrcb1,exposure (L2b): 2D calibrated exposure average over integrations,S,mast:JWST/product/jw05893012007_02101_00001_nrcb1_cal.fits,SCIENCE,,CAL,,CALJWST,2.0.0,5893,jw05893012007_02101_00001_nrcb1_cal.fits,117573120,266381594,PUBLIC,2,F200W
266380665,JWST,image,jw05893012007_02101_00003_nrcb3,exposure (L2b): 2D calibrated exposure average over integrations,S,mast:JWST/product/jw05893012007_02101_00003_nrcb3_cal.fits,SCIENCE,,CAL,,CALJWST,2.0.0,5893,jw05893012007_02101_00003_nrcb3_cal.fits,117573120,266381594,PUBLIC,2,F200W
266380666,JWST,image,jw05893012007_02101_00005_nrcb1,exposure (L2b): 2D calibrated exposure average over integrations,S,mast:JWST/product/jw05893012007_02101_00005_nrcb1_cal.fits,SCIENCE,,CAL,,CALJWST,2.0.0,5893,jw05893012007_02101_00005_nrcb1_cal.fits,117573120,266381594,PUBLIC,2,F200W
266380667,JWST,image,jw05893012007_02101_00004_nrcb4,exposure (L2b): 2D calibrated exposure average over integrations,S,mast:JWST/product/jw05893012007_02101_00004_nrcb4_cal.fits,SCIENCE,,CAL,,CALJWST,2.0.0,5893,jw05893012007_02101_00004_nrcb4_cal.fits,117573120,266381594,PUBLIC,2,F200W
266380668,JWST,image,jw05893012007_02101_00003_nrcb2,exposure (L2b): 2D calibrated exposure average over integrations,S,mast:JWST/product/jw05893012007_02101_00003_nrcb2_cal.fits,SCIENCE,,CAL,,CALJWST,2.0.0,5893,jw05893012007_02101_00003_nrcb2_cal.fits,117573120,266381594,PUBLIC,2,F200W
266380670,JWST,image,jw05893012007_02101_00002_nrcb3,exposure (L2b): 2D calibrated exposure average over integrations,S,mast:JWST/product/jw05893012007_02101_00002_nrcb3_cal.fits,SCIENCE,,CAL,,CALJWST,2.0.0,5893,jw05893012007_02101_00002_nrcb3_cal.fits,117573120,266381594,PUBLIC,2,F200W
266380672,JWST,image,jw05893012007_02101_00004_nrca4,exposure (L2b): 2D calibrated exposure average over integrations,S,mast:JWST/product/jw05893012007_02101_00004_nrca4_cal.fits,SCIENCE,,CAL,,CALJWST,2.0.0,5893,jw05893012007_02101_00004_nrca4_cal.fits,117573120,266381594,PUBLIC,2,F200W
266380675,JWST,image,jw05893012007_02101_00004_nrcb1,exposure (L2b): 2D calibrated exposure average over integrations,S,mast:JWST/product/jw05893012007_02101_00004_nrcb1_cal.fits,SCIENCE,,CAL,,CALJWST,2.0.0,5893,jw05893012007_02101_00004_nrcb1_cal.fits,117573120,266381594,PUBLIC,2,F200W
266380676,JWST,image,jw05893012007_02101_00002_nrca1,exposure (L2b): 2D calibrated exposure average over integrations,S,mast:JWST/product/jw05893012007_02101_00002_nrca1_cal.fits,SCIENCE,,CAL,,CALJWST,2.0.0,5893,jw05893012007_02101_00002_nrca1_cal.fits,117570240,266381594,PUBLIC,2,F200W
266380678,JWST,image,jw05893012007_02101_00005_nrcb2,exposure (L2b): 2D calibrated exposure average over integrations,S,mast:JWST/product/jw05893012007_02101_00005_nrcb2_cal.fits,SCIENCE,,CAL,,CALJWST,2.0.0,5893,jw05893012007_02101_00005_nrcb2_cal.fits,117573120,266381594,PUBLIC,2,F200W
266380680,JWST,image,jw05893012007_02101_00003_nrca2,exposure (L2b): 2D calibrated exposure average over integrations,S,mast:JWST/product/jw05893012007_02101_00003_nrca2_cal.fits,SCIENCE,,CAL,,CALJWST,2.0.0,5893,jw05893012007_02101_00003_nrca2_cal.fits,117570240,266381594,PUBLIC,2,F200W
266380681,JWST,image,jw05893012007_02101_00004_nrcb2,exposure (L2b): 2D calibrated exposure average over integrations,S,mast:JWST/product/jw05893012007_02101_00004_nrcb2_cal.fits,SCIENCE,,CAL,,CALJWST,2.0.0,5893,jw05893012007_02101_00004_nrcb2_cal.fits,117573120,266381594,PUBLIC,2,F200W
266380692,JWST,image,jw05893012007_02101_00006_nrcb1,exposure (L2b): 2D calibrated exposure average over integrations,S,mast:JWST/product/jw05893012007_02101_00006_nrcb1_cal.fits,SCIENCE,,CAL,,CALJWST,2.0.0,5893,jw05893012007_02101_00006_nrcb1_cal.fits,117573120,266381594,PUBLIC,2,F200W
266380696,JWST,image,jw05893012007_02101_00006_nrcb4,exposure (L2b): 2D calibrated exposure average over integrations,S,mast:JWST/product/jw05893012007_02101_00006_nrcb4_cal.fits,SCIENCE,,CAL,,CALJWST,2.0.0,5893,jw05893012007_02101_00006_nrcb4_cal.fits,117573120,266381594,PUBLIC,2,F200W
266380698,JWST,image,jw05893012007_02101_00006_nrcb3,exposure (L2b): 2D calibrated exposure average over integrations,S,mast:JWST/product/jw05893012007_02101_00006_nrcb3_cal.fits,SCIENCE,,CAL,,CALJWST,2.0.0,5893,jw05893012007_02101_00006_nrcb3_cal.fits,117573120,266381594,PUBLIC,2,F200W
266380701,JWST,image,jw05893012007_02101_00006_nrcb2,exposure (L2b): 2D calibrated exposure average over integrations,S,mast:JWST/product/jw05893012007_02101_00006_nrcb2_cal.fits,SCIENCE,,CAL,,CALJWST,2.0.0,5893,jw05893012007_02101_00006_nrcb2_cal.fits,117573120,266381594,PUBLIC,2,F200W
266380702,JWST,image,jw05893012007_02101_00005_nrca3,exposure (L2b): 2D calibrated exposure average over integrations,S,mast:JWST/product/jw05893012007_02101_00005_nrca3_cal.fits,SCIENCE,,CAL,,CALJWST,2.0.0,5893,jw05893012007_02101_00005_nrca3_cal.fits,117573120,266381594,PUBLIC,2,F200W
266380706,JWST,image,jw05893012007_02101_00006_nrca1,exposure (L2b): 2D calibrated exposure average over integrations,S,mast:JWST/product/jw05893012007_02101_00006_nrca1_cal.fits,SCIENCE,,CAL,,CALJWST,2.0.0,5893,jw05893012007_02101_00006_nrca1_cal.fits,117570240,266381594,PUBLIC,2,F200W
266380711,JWST,image,jw05893012007_02101_00006_nrca3,exposure (L2b): 2D calibrated exposure average over integrations,S,mast:JWST/product/jw05893012007_02101_00006_nrca3_cal.fits,SCIENCE,,CAL,,CALJWST,2.0.0,5893,jw05893012007_02101_00006_nrca3_cal.fits,117573120,266381594,PUBLIC,2,F200W
266380713,JWST,image,jw05893012007_02101_00005_nrca2,exposure (L2b): 2D calibrated exposure average over integrations,S,mast:JWST/product/jw05893012007_02101_00005_nrca2_cal.fits,SCIENCE,,CAL,,CALJWST,2.0.0,5893,jw05893012007_02101_00005_nrca2_cal.fits,117570240,266381594,PUBLIC,2,F200W
266380717,JWST,image,jw05893012007_02101_00006_nrca2,exposure (L2b): 2D calibrated exposure average over integrations,S,mast:JWST/product/jw05893012007_02101_00006_nrca2_cal.fits,SCIENCE,,CAL,,CALJWST,2.0.0,5893,jw05893012007_02101_00006_nrca2_cal.fits,117570240,266381594,PUBLIC,2,F200W
266380721,JWST,image,jw05893012007_02101_00006_nrca4,exposure (L2b): 2D calibrated exposure average over integrations,S,mast:JWST/product/jw05893012007_02101_00006_nrca4_cal.fits,SCIENCE,,CAL,,CALJWST,2.0.0,5893,jw05893012007_02101_00006_nrca4_cal.fits,117573120,266381594,PUBLIC,2,F200W
266380731,JWST,image,jw05893012008_02101_00001_nrcb1,exposure (L2b): 2D calibrated exposure average over integrations,S,mast:JWST/product/jw05893012008_02101_00001_nrcb1_cal.fits,SCIENCE,,CAL,,CALJWST,2.0.0,5893,jw05893012008_02101_00001_nrcb1_cal.fits,117573120,266381594,PUBLIC,2,F200W
266380733,JWST,image,jw05893012008_02101_00001_nrca3,exposure (L2b): 2D calibrated exposure average over integrations,S,mast:JWST/product/jw05893012008_02101_00001_nrca3_cal.fits,SCIENCE,,CAL,,CALJWST,2.0.0,5893,jw05893012008_02101_00001_nrca3_cal.fits,117573120,266381594,PUBLIC,2,F200W
266380734,JWST,image,jw05893012008_02101_00003_nrcb1,exposure (L2b): 2D calibrated exposure average over integrations,S,mast:JWST/product/jw05893012008_02101_00003_nrcb1_cal.fits,SCIENCE,,CAL,,CALJWST,2.0.0,5893,jw05893012008_02101_00003_nrcb1_cal.fits,117573120,266381594,PUBLIC,2,F200W
266380735,JWST,image,jw05893012008_02101_00001_nrcb2,exposure (L2b): 2D calibrated exposure average over integrations,S,mast:JWST/product/jw05893012008_02101_00001_nrcb2_cal.fits,SCIENCE,,CAL,,CALJWST,2.0.0,5893,jw05893012008_02101_00001_nrcb2_cal.fits,117573120,266381594,PUBLIC,2,F200W
266380736,JWST,image,jw05893012008_02101_00002_nrcb2,exposure (L2b): 2D calibrated exposure average over integrations,S,mast:JWST/product/jw05893012008_02101_00002_nrcb2_cal.fits,SCIENCE,,CAL,,CALJWST,2.0.0,5893,jw05893012008_02101_00002_nrcb2_cal.fits,117573120,266381594,PUBLIC,2,F200W
266380737,JWST,image,jw05893012008_02101_00001_nrca1,exposure (L2b): 2D calibrated exposure average over integrations,S,mast:JWST/product/jw05893012008_02101_00001_nrca1_cal.fits,SCIENCE,,CAL,,CALJWST,2.0.0,5893,jw05893012008_02101_00001_nrca1_cal.fits,117570240,266381594,PUBLIC,2,F200W
266380738,JWST,image,jw05893012008_02101_00002_nrca2,exposure (L2b): 2D calibrated exposure average over integrations,S,mast:JWST/product/jw05893012008_02101_00002_nrca2_cal.fits,SCIENCE,,CAL,,CALJWST,2.0.0,5893,jw05893012008_02101_00002_nrca2_cal.fits,117570240,266381594,PUBLIC,2,F200W
266380739,JWST,image,jw05893012008_02101_00003_nrca3,exposure (L2b): 2D calibrated exposure average over integrations,S,mast:JWST/product/jw05893012008_02101_00003_nrca3_cal.fits,SCIENCE,,CAL,,CALJWST,2.0.0,5893,jw05893012008_02101_00003_nrca3_cal.fits,117573120,266381594,PUBLIC,2,F200W
266380740,JWST,image,jw05893012008_02101_00003_nrcb2,exposure (L2b): 2D calibrated exposure average over integrations,S,mast:JWST/product/jw05893012008_02101_00003_nrcb2_cal.fits,SCIENCE,,CAL,,CALJWST,2.0.0,5893,jw05893012008_02101_00003_nrcb2_cal.fits,117573120,266381594,PUBLIC,2,F200W
266380741,JWST,image,jw05893012008_02101_00003_nrca4,exposure (L2b): 2D calibrated exposure average over integrations,S,mast:JWST/product/jw05893012008_02101_00003_nrca4_cal.fits,SCIENCE,,CAL,,CALJWST,2.0.0,5893,jw05893012008_02101_00003_nrca4_cal.fits,117573120,266381594,PUBLIC,2,F200W
266380742,JWST,image,jw05893012008_02101_00002_nrca3,exposure (L2b): 2D calibrated exposure average over integrations,S,mast:JWST/product/jw05893012008_02101_00002_nrca3_cal.fits,SCIENCE,,CAL,,CALJWST,2.0.0,5893,jw05893012008_02101_00002_nrca3_cal.fits,117573120,266381594,PUBLIC,2,F200W
266380743,JWST,image,jw05893012008_02101_00003_nrca1,exposure (L2b): 2D calibrated exposure average over integrations,S,mast:JWST/product/jw05893012008_02101_00003_nrca1_cal.fits,SCIENCE,,CAL,,CALJWST,2.0.0,5893,jw05893012008_02101_00003_nrca1_cal.fits,117570240,266381594,PUBLIC,2,F200W
266380744,JWST,image,jw05893012008_02101_00003_nrca2,exposure (L2b): 2D calibrated exposure average over integrations,S,mast:JWST/product/jw05893012008_02101_00003_nrca2_cal.fits,SCIENCE,,CAL,,CALJWST,2.0.0,5893,jw05893012008_02101_00003_nrca2_cal.fits,117570240,266381594,PUBLIC,2,F200W
266380745,JWST,image,jw05893012008_02101_00002_nrcb1,exposure (L2b): 2D calibrated exposure average over integrations,S,mast:JWST/product/jw05893012008_02101_00002_nrcb1_cal.fits,SCIENCE,,CAL,,CALJWST,2.0.0,5893,jw05893012008_02101_00002_nrcb1_cal.fits,117573120,266381594,PUBLIC,2,F200W
266380747,JWST,image,jw05893012008_02101_00002_nrca4,exposure (L2b): 2D calibrated exposure average over integrations,S,mast:JWST/product/jw05893012008_02101_00002_nrca4_cal.fits,SCIENCE,,CAL,,CALJWST,2.0.0,5893,jw05893012008_02101_00002_nrca4_cal.fits,117573120,266381594,PUBLIC,2,F200W
266380748,JWST,image,jw05893012008_02101_00001_nrca2,exposure (L2b): 2D calibrated exposure average over integrations,S,mast:JWST/product/jw05893012008_02101_00001_nrca2_cal.fits,SCIENCE,,CAL,,CALJWST,2.0.0,5893,jw05893012008_02101_00001_nrca2_cal.fits,117570240,266381594,PUBLIC,2,F200W
266380749,JWST,image,jw05893012008_02101_00002_nrca1,exposure (L2b): 2D calibrated exposure average over integrations,S,mast:JWST/product/jw05893012008_02101_00002_nrca1_cal.fits,SCIENCE,,CAL,,CALJWST,2.0.0,5893,jw05893012008_02101_00002_nrca1_cal.fits,117570240,266381594,PUBLIC,2,F200W
266380751,JWST,image,jw05893012008_02101_00001_nrca4,exposure (L2b): 2D calibrated exposure average over integrations,S,mast:JWST/product/jw05893012008_02101_00001_nrca4_cal.fits,SCIENCE,,CAL,,CALJWST,2.0.0,5893,jw05893012008_02101_00001_nrca4_cal.fits,117573120,266381594,PUBLIC,2,F200W
266380823,JWST,image,jw05893012008_02101_00004_nrcb3,exposure (L2b): 2D calibrated exposure average over integrations,S,mast:JWST/product/jw05893012008_02101_00004_nrcb3_cal.fits,SCIENCE,,CAL,,CALJWST,2.0.0,5893,jw05893012008_02101_00004_nrcb3_cal.fits,117573120,266381594,PUBLIC,2,F200W
266380824,JWST,image,jw05893012008_02101_00004_nrcb1,exposure (L2b): 2D calibrated exposure average over integrations,S,mast:JWST/product/jw05893012008_02101_00004_nrcb1_cal.fits,SCIENCE,,CAL,,CALJWST,2.0.0,5893,jw05893012008_02101_00004_nrcb1_cal.fits,117573120,266381594,PUBLIC,2,F200W
266380828,JWST,image,jw05893012008_02101_00004_nrcb4,exposure (L2b): 2D calibrated exposure average over integrations,S,mast:JWST/product/jw05893012008_02101_00004_nrcb4_cal.fits,SCIENCE,,CAL,,CALJWST,2.0.0,5893,jw05893012008_02101_00004_nrcb4_cal.fits,117573120,266381594,PUBLIC,2,F200W
266380829,JWST,image,jw05893012008_02101_00001_nrcb3,exposure (L2b): 2D calibrated exposure average over integrations,S,mast:JWST/product/jw05893012008_02101_00001_nrcb3_cal.fits,SCIENCE,,CAL,,CALJWST,2.0.0,5893,jw05893012008_02101_00001_nrcb3_cal.fits,117573120,266381594,PUBLIC,2,F200W
266380830,JWST,image,jw05893012008_02101_00002_nrcb3,exposure (L2b): 2D calibrated exposure average over integrations,S,mast:JWST/product/jw05893012008_02101_00002_nrcb3_cal.fits,SCIENCE,,CAL,,CALJWST,2.0.0,5893,jw05893012008_02101_00002_nrcb3_cal.fits,117573120,266381594,PUBLIC,2,F200W
266380832,JWST,image,jw05893012008_02101_00003_nrcb4,exposure (L2b): 2D calibrated exposure average over integrations,S,mast:JWST/product/jw05893012008_02101_00003_nrcb4_cal.fits,SCIENCE,,CAL,,CALJWST,2.0.0,5893,jw05893012008_02101_00003_nrcb4_cal.fits,117573120,266381594,PUBLIC,2,F200W
266380833,JWST,image,jw05893012008_02101_00001_nrcb4,exposure (L2b): 2D calibrated exposure average over integrations,S,mast:JWST/product/jw05893012008_02101_00001_nrcb4_cal.fits,SCIENCE,,CAL,,CALJWST,2.0.0,5893,jw05893012008_02101_00001_nrcb4_cal.fits,117573120,266381594,PUBLIC,2,F200W
266380836,JWST,image,jw05893012008_02101_00002_nrcb4,exposure (L2b): 2D calibrated exposure average over integrations,S,mast:JWST/product/jw05893012008_02101_00002_nrcb4_cal.fits,SCIENCE,,CAL,,CALJWST,2.0.0,5893,jw05893012008_02101_00002_nrcb4_cal.fits,117573120,266381594,PUBLIC,2,F200W
266380837,JWST,image,jw05893012008_02101_00004_nrca3,exposure (L2b): 2D calibrated exposure average over integrations,S,mast:JWST/product/jw05893012008_02101_00004_nrca3_cal.fits,SCIENCE,,CAL,,CALJWST,2.0.0,5893,jw05893012008_02101_00004_nrca3_cal.fits,117573120,266381594,PUBLIC,2,F200W
266380839,JWST,image,jw05893012008_02101_00004_nrcb2,exposure (L2b): 2D calibrated exposure average over integrations,S,mast:JWST/product/jw05893012008_02101_00004_nrcb2_cal.fits,SCIENCE,,CAL,,CALJWST,2.0.0,5893,jw05893012008_02101_00004_nrcb2_cal.fits,117573120,266381594,PUBLIC,2,F200W
266380840,JWST,image,jw05893012008_02101_00003_nrcb3,exposure (L2b): 2D calibrated exposure average over integrations,S,mast:JWST/product/jw05893012008_02101_00003_nrcb3_cal.fits,SCIENCE,,CAL,,CALJWST,2.0.0,5893,jw05893012008_02101_00003_nrcb3_cal.fits,117573120,266381594,PUBLIC,2,F200W
266380848,JWST,image,jw05893012008_02101_00005_nrca1,exposure (L2b): 2D calibrated exposure average over integrations,S,mast:JWST/product/jw05893012008_02101_00005_nrca1_cal.fits,SCIENCE,,CAL,,CALJWST,2.0.0,5893,jw05893012008_02101_00005_nrca1_cal.fits,117570240,266381594,PUBLIC,2,F200W
266380849,JWST,image,jw05893012008_02101_00006_nrca4,exposure (L2b): 2D calibrated exposure average over integrations,S,mast:JWST/product/jw05893012008_02101_00006_nrca4_cal.fits,SCIENCE,,CAL,,CALJWST,2.0.0,5893,jw05893012008_02101_00006_nrca4_cal.fits,117573120,266381594,PUBLIC,2,F200W
266380850,JWST,image,jw05893012008_02101_00005_nrca2,exposure (L2b): 2D calibrated exposure average over integrations,S,mast:JWST/product/jw05893012008_02101_00005_nrca2_cal.fits,SCIENCE,,CAL,,CALJWST,2.0.0,5893,jw05893012008_02101_00005_nrca2_cal.fits,117570240,266381594,PUBLIC,2,F200W
266380857,JWST,image,jw05893012008_02101_00006_nrca3,exposure (L2b): 2D calibrated exposure average over integrations,S,mast:JWST/product/jw05893012008_02101_00006_nrca3_cal.fits,SCIENCE,,CAL,,CALJWST,2.0.0,5893,jw05893012008_02101_00006_nrca3_cal.fits,117573120,266381594,PUBLIC,2,F200W
266380858,JWST,image,jw05893012008_02101_00006_nrca2,exposure (L2b): 2D calibrated exposure average over integrations,S,mast:JWST/product/jw05893012008_02101_00006_nrca2_cal.fits,SCIENCE,,CAL,,CALJWST,2.0.0,5893,jw05893012008_02101_00006_nrca2_cal.fits,117570240,266381594,PUBLIC,2,F200W
266380859,JWST,image,jw05893012008_02101_00005_nrcb1,exposure (L2b): 2D calibrated exposure average over integrations,S,mast:JWST/product/jw05893012008_02101_00005_nrcb1_cal.fits,SCIENCE,,CAL,,CALJWST,2.0.0,5893,jw05893012008_02101_00005_nrcb1_cal.fits,117573120,266381594,PUBLIC,2,F200W
266380871,JWST,image,jw05893012008_02101_00004_nrca1,exposure (L2b): 2D calibrated exposure average over integrations,S,mast:JWST/product/jw05893012008_02101_00004_nrca1_cal.fits,SCIENCE,,CAL,,CALJWST,2.0.0,5893,jw05893012008_02101_00004_nrca1_cal.fits,117570240,266381594,PUBLIC,2,F200W
266380872,JWST,image,jw05893012008_02101_00005_nrcb3,exposure (L2b): 2D calibrated exposure average over integrations,S,mast:JWST/product/jw05893012008_02101_00005_nrcb3_cal.fits,SCIENCE,,CAL,,CALJWST,2.0.0,5893,jw05893012008_02101_00005_nrcb3_cal.fits,117573120,266381594,PUBLIC,2,F200W
266380873,JWST,image,jw05893012008_02101_00006_nrcb3,exposure (L2b): 2D calibrated exposure average over integrations,S,mast:JWST/product/jw05893012008_02101_00006_nrcb3_cal.fits,SCIENCE,,CAL,,CALJWST,2.0.0,5893,jw05893012008_02101_00006_nrcb3_cal.fits,117573120,266381594,PUBLIC,2,F200W
266380874,JWST,image,jw05893012008_02101_00006_nrca1,exposure (L2b): 2D calibrated exposure average over integrations,S,mast:JWST/product/jw05893012008_02101_00006_nrca1_cal.fits,SCIENCE,,CAL,,CALJWST,2.0.0,5893,jw05893012008_02101_00006_nrca1_cal.fits,117570240,266381594,PUBLIC,2,F200W
266380876,JWST,image,jw05893012008_02101_00004_nrca2,exposure (L2b): 2D calibrated exposure average over integrations,S,mast:JWST/product/jw05893012008_02101_00004_nrca2_cal.fits,SCIENCE,,CAL,,CALJWST,2.0.0,5893,jw05893012008_02101_00004_nrca2_cal.fits,117570240,266381594,PUBLIC,2,F200W
266380879,JWST,image,jw05893012008_02101_00004_nrca4,exposure (L2b): 2D calibrated exposure average over integrations,S,mast:JWST/product/jw05893012008_02101_00004_nrca4_cal.fits,SCIENCE,,CAL,,CALJWST,2.0.0,5893,jw05893012008_02101_00004_nrca4_cal.fits,117573120,266381594,PUBLIC,2,F200W
266380881,JWST,image,jw05893012008_02101_00006_nrcb4,exposure (L2b): 2D calibrated exposure average over integrations,S,mast:JWST/product/jw05893012008_02101_00006_nrcb4_cal.fits,SCIENCE,,CAL,,CALJWST,2.0.0,5893,jw05893012008_02101_00006_nrcb4_cal.fits,117573120,266381594,PUBLIC,2,F200W
266380882,JWST,image,jw05893012008_02101_00006_nrcb2,exposure (L2b): 2D calibrated exposure average over integrations,S,mast:JWST/product/jw05893012008_02101_00006_nrcb2_cal.fits,SCIENCE,,CAL,,CALJWST,2.0.0,5893,jw05893012008_02101_00006_nrcb2_cal.fits,117573120,266381594,PUBLIC,2,F200W
266380886,JWST,image,jw05893012008_02101_00005_nrca3,exposure (L2b): 2D calibrated exposure average over integrations,S,mast:JWST/product/jw05893012008_02101_00005_nrca3_cal.fits,SCIENCE,,CAL,,CALJWST,2.0.0,5893,jw05893012008_02101_00005_nrca3_cal.fits,117573120,266381594,PUBLIC,2,F200W
266380888,JWST,image,jw05893012008_02101_00005_nrca4,exposure (L2b): 2D calibrated exposure average over integrations,S,mast:JWST/product/jw05893012008_02101_00005_nrca4_cal.fits,SCIENCE,,CAL,,CALJWST,2.0.0,5893,jw05893012008_02101_00005_nrca4_cal.fits,117573120,266381594,PUBLIC,2,F200W
266380889,JWST,image,jw05893012008_02101_00005_nrcb2,exposure (L2b): 2D calibrated exposure average over integrations,S,mast:JWST/product/jw05893012008_02101_00005_nrcb2_cal.fits,SCIENCE,,CAL,,CALJWST,2.0.0,5893,jw05893012008_02101_00005_nrcb2_cal.fits,117573120,266381594,PUBLIC,2,F200W
266380890,JWST,image,jw05893012008_02101_00006_nrcb1,exposure (L2b): 2D calibrated exposure average over integrations,S,mast:JWST/product/jw05893012008_02101_00006_nrcb1_cal.fits,SCIENCE,,CAL,,CALJWST,2.0.0,5893,jw05893012008_02101_00006_nrcb1_cal.fits,117573120,266381594,PUBLIC,2,F200W
266380891,JWST,image,jw05893012008_02101_00005_nrcb4,exposure (L2b): 2D calibrated exposure average over integrations,S,mast:JWST/product/jw05893012008_02101_00005_nrcb4_cal.fits,SCIENCE,,CAL,,CALJWST,2.0.0,5893,jw05893012008_02101_00005_nrcb4_cal.fits,117573120,266381594,PUBLIC,2,F200W
