intentType,obs_collection,provenance_name,instrument_name,project,filters,wave_region,target_name,target_classification,obs_id,s_ra,s_dec,dataproduct_type,proposal_pi,calib_level,t_min,t_max,t_exptime,wavelength_region,em_min,em_max,obs_title,t_obs_release,proposal_id,proposal_type,sequence_number,s_region,jpegURL,dataURL,dataRights,mtFlag,srcDen,obsid,wave_min,wave_max,distance,candidate_id,candidate_ra_deg,candidate_dec_deg,filter_norm,t_min_numeric
science,JWST,CALJWST,MIRI/IMAGE,JWST,F770W,INFRARED,CWEBTILE-4-5,Galaxy; Field galaxies,jw01727-o087_t045_miri_f770w,149.96611041666665,2.2132861111111115,image,"Kartaltepe, Jeyhan",3,60043.16834238426,60043.20993625,2020.232,INFRARED,6600.0,8800.0,COSMOS-Web: The JWST Cosmic Origins Survey,60043.39453699,1727,GO,,POLYGON 150.014506553 2.315957577 150.013522689 2.31634885 150.013524003 2.316352152 150.01351787 2.316354592 150.025245994 2.345812802 150.026785821 2.345183738 150.026817325 2.345262889 150.028686747 2.344511667 150.055847784 2.333417354 150.050770507 2.320722755 150.051776925 2.320311496 150.045106597 2.303631844 150.040083081 2.291151664 150.038562252 2.291756481 150.038532176 2.29168127 150.009447988 2.303247413,mast:JWST/product/jw01727-o087_t045_miri_f770w_i2d.jpg,mast:JWST/product/jw01727-o087_t045_miri_f770w_i2d.fits,PUBLIC,False,,126650151,6600.0,8800.0,0.0,1982868,150.04411967728169,2.325835790037304,F770W,60043.16834238426
science,JWST,CALJWST,NIRCAM/IMAGE,JWST,F115W,INFRARED,CWEBTILE-3-6,,jw01727-o162_t052_nircam_clear-f115w,150.03326416666667,2.2914499999999998,image,"Kartaltepe, Jeyhan",3,60417.68527329861,60417.70292016204,1030.728,INFRARED,1013.0000000000001,1282.0,COSMOS-Web: The JWST Cosmic Origins Survey,60419.27464114,1727,GO,,POLYGON 150.010838315 2.284958885 150.014840811 2.298088326 150.015440559 2.297896399 150.020063519 2.312877866 150.020081839 2.312872223 150.020469553 2.31412867 150.020405568 2.314148856 150.02190797 2.318790067 150.024128891 2.325987213 150.024227901 2.325956718 150.024632691 2.327207174 150.024470944 2.327258203 150.029961663 2.34421976 150.030069357 2.344187842 150.046866098 2.338632529 150.046860982 2.338616602 150.047936799 2.33826078 150.047981341 2.338401401 150.064670916 2.333069116 150.064660799 2.333036922 150.066246351 2.332530327 150.066154614 2.332221342 150.062136474 2.319434482 150.062184223 2.319419226 150.059985913 2.312423438 150.055691301 2.297944571 150.055527154 2.297992566 150.051624553 2.28483498 150.05102677 2.285009764 150.047369596 2.273271482 150.04738578 2.27326639 150.045249541 2.266409661 150.040830474 2.251837162 150.040746951 2.251861978 150.036764063 2.238727505 150.019949574 2.243723161 150.019969298 2.243788754 150.018878908 2.244112709 150.018827324 2.243940285 150.001705246 2.248885074 150.001728359 2.248963005 150.000126045 2.24942574 150.005201094 2.266536858 150.005363482 2.266487524 150.005742907 2.267766795 150.005546714 2.267826588 150.010775533 2.284978976,mast:JWST/product/jw01727-o162_t052_nircam_clear-f115w_i2d.jpg,mast:JWST/product/jw01727-o162_t052_nircam_clear-f115w_i2d.fits,PUBLIC,False,,213419740,1013.0000000000001,1282.0,0.0,1982868,150.04411967728169,2.325835790037304,F115W,60417.68527329861
science,JWST,CALJWST,NIRCAM/IMAGE,JWST,F150W,INFRARED,CWEBTILE-3-6,,jw01727-o162_t052_nircam_clear-f150w,150.03326416666667,2.2914499999999998,image,"Kartaltepe, Jeyhan",3,60417.709381423614,60417.72702828704,1030.728,INFRARED,1331.0,1668.0,COSMOS-Web: The JWST Cosmic Origins Survey,60419.27464114,1727,GO,,POLYGON 150.010838727 2.28495835 150.014841038 2.298087592 150.01543946 2.297896111 150.020062353 2.312878555 150.020081658 2.312872609 150.020469254 2.31412878 150.020404895 2.314149087 150.021917589 2.318822706 150.024128328 2.325987454 150.024226783 2.32595713 150.024631435 2.327207324 150.024470873 2.327257986 150.029960463 2.344218355 150.030135553 2.344166462 150.046865788 2.338632721 150.046860729 2.338616969 150.047935992 2.338261303 150.047980463 2.338401712 150.06467086 2.333069281 150.064660782 2.333037209 150.066246194 2.33253067 150.066140451 2.33217451 150.062136769 2.319432922 150.062181893 2.319418505 150.060024646 2.312553018 150.055691905 2.297944126 150.055524927 2.297992954 150.05162222 2.284833714 150.051026603 2.285007885 150.047369647 2.27326954 150.047383138 2.273265295 150.045372337 2.266810787 150.040831033 2.251836852 150.040745419 2.251862288 150.036761648 2.238726387 150.019947317 2.243721812 150.019967543 2.243789065 150.018877113 2.24411302 150.018825109 2.243939205 150.001703283 2.248883969 150.001726882 2.248963539 150.000125741 2.24942594 150.005200647 2.266536749 150.00536381 2.266487181 150.005743239 2.267766481 150.00554649 2.267826439 150.010775128 2.2849787,mast:JWST/product/jw01727-o162_t052_nircam_clear-f150w_i2d.jpg,mast:JWST/product/jw01727-o162_t052_nircam_clear-f150w_i2d.fits,PUBLIC,False,,213419741,1331.0,1668.0,0.0,1982868,150.04411967728169,2.325835790037304,F150W,60417.709381423614
science,JWST,CALJWST,NIRCAM/IMAGE,JWST,F277W,INFRARED,CWEBTILE-3-6,Galaxy; Field galaxies,jw01727-o162_t052_nircam_clear-f277w,150.03326416666667,2.2914499999999998,image,"Kartaltepe, Jeyhan",3,60417.68527329861,60417.70292016204,1030.728,INFRARED,2416.0,3127.0,COSMOS-Web: The JWST Cosmic Origins Survey,60419.27464114,1727,GO,,POLYGON 150.064438268 2.333027951 150.064429872 2.333000438 150.066019579 2.33249086 150.059475498 2.311047334 150.055659037 2.2985835 150.055606167 2.298599055 150.051601052 2.285474518 150.051022575 2.285644712 150.040729642 2.252280213 150.040705286 2.252287345 150.036660181 2.23917464 150.002210396 2.249261493 150.002231822 2.249332814 150.000628505 2.249802245 150.011060537 2.28452637 150.011182601 2.284487468 150.01513055 2.297628294 150.015654545 2.297461297 150.019374155 2.309330233 150.019341232 2.309339918 150.03019975 2.343987568 150.031205133 2.343680244,mast:JWST/product/jw01727-o162_t052_nircam_clear-f277w_i2d.jpg,mast:JWST/product/jw01727-o162_t052_nircam_clear-f277w_i2d.fits,PUBLIC,False,,213419742,2416.0,3127.0,0.0,1982868,150.04411967728169,2.325835790037304,F277W,60417.68527329861
science,JWST,CALJWST,NIRCAM/IMAGE,JWST,F444W,INFRARED,CWEBTILE-3-6,Galaxy; Field galaxies,jw01727-o162_t052_nircam_clear-f444w,150.03326416666667,2.2914499999999998,image,"Kartaltepe, Jeyhan",3,60417.709381423614,60417.72702828704,1030.728,INFRARED,3880.0,4986.0,COSMOS-Web: The JWST Cosmic Origins Survey,60419.27464114,1727,GO,,POLYGON 150.064433886 2.333031285 150.064424632 2.333000966 150.066013863 2.332491517 150.056665568 2.301861117 150.055661218 2.29858107 150.05560171 2.298598579 150.051597016 2.285476369 150.051021146 2.285645803 150.040727891 2.252278178 150.040705139 2.25228484 150.036660948 2.239174318 150.002210762 2.249261301 150.002233 2.249335329 150.000629907 2.249804695 150.011061655 2.284529676 150.011182319 2.284491218 150.015129405 2.297629904 150.01565036 2.297463868 150.019370364 2.30933305 150.019335524 2.3093433 150.030196433 2.343995768 150.030883903 2.343785624,mast:JWST/product/jw01727-o162_t052_nircam_clear-f444w_i2d.jpg,mast:JWST/product/jw01727-o162_t052_nircam_clear-f444w_i2d.fits,PUBLIC,False,,213419743,3880.0,4986.0,0.0,1982868,150.04411967728169,2.325835790037304,F444W,60417.709381423614
science,JWST,CALJWST,MIRI/IMAGE,JWST,F1800W,INFRARED,COSMOS-2,,jw01837-o004_t004_miri_f1800w,150.07151416666667,2.2635805555555555,image,"Dunlop, James S.",3,59939.89941133102,59950.200827546294,37529.60400000001,INFRARED,16500.0,19500.0,PRIMER: Public Release IMaging for Extragalactic Research,59959.2558217,1837,GO,,POLYGON 150.112839578 2.324390626 150.122451127 2.319575212 150.113214042 2.301155645 150.122793131 2.296356463 150.108577588 2.26800792 150.108480683 2.268057594 150.108268025 2.267633541 150.089885752 2.277056202 150.085886027 2.269079785 150.095499808 2.264263249 150.095160084 2.263585761 150.095243838 2.263543799 150.095456661 2.263966518 150.123442391 2.2499452 150.114206049 2.23152611 150.12378447 2.226727096 150.114546701 2.208304566 150.12415829 2.20348872 150.114922325 2.185070032 150.124500167 2.180270982 150.110285378 2.151922435 150.110188536 2.151972082 150.109980522 2.15155723 150.108359139 2.152376895 150.082076474 2.165850624 150.082289623 2.166274028 150.082214006 2.166312792 150.082001367 2.165888707 150.054101577 2.180190796 150.054314207 2.180613181 150.054239958 2.180651241 150.054027364 2.180227223 150.026127041 2.194528594 150.040256009 2.222596326 150.04035274 2.222547867 150.040565549 2.22297061 150.058932875 2.213768998 150.062945663 2.221740288 150.053416429 2.226625027 150.05362808 2.227045456 150.053553145 2.227083866 150.053341774 2.226662303 150.053339181 2.226663544 150.025437825 2.240965003 150.034657854 2.259280434 150.025098178 2.264180302 150.034320234 2.282499705 150.024722802 2.287418692 150.033943018 2.305734435 150.024379421 2.310636008 150.033599831 2.328951813 150.024037469 2.333852728 150.033236167 2.352125355 150.0381895 2.361909558 150.038263805 2.361872338 150.038476746 2.362295317 150.056879523 2.353077131 150.065802283 2.370800025 150.065899042 2.370751555 150.066111941 2.371174422 150.09409983 2.357153906 150.086492635 2.341983934 150.093780764 2.356459654 150.093877381 2.356411253 150.094090297 2.356834016 150.122077967 2.342813069,mast:JWST/product/jw01837-o004_t004_miri_f1800w_i2d.jpg,mast:JWST/product/jw01837-o004_t004_miri_f1800w_i2d.fits,PUBLIC,False,,109351529,16500.0,19500.0,0.0,1982868,150.04411967728169,2.325835790037304,,59939.89941133102
science,JWST,CALJWST,MIRI/IMAGE,JWST,F770W,INFRARED,COSMOS-2,,jw01837-o004_t004_miri_f770w,150.07151416666667,2.2635805555555555,image,"Dunlop, James S.",3,59939.832025,59950.170346087965,38184.51600000005,INFRARED,6600.0,8800.0,PRIMER: Public Release IMaging for Extragalactic Research,59959.2558217,1837,GO,,POLYGON 150.112825519 2.32441091 150.122437177 2.319595498 150.113200244 2.301175935 150.122779122 2.296376883 150.108563709 2.268028181 150.108466717 2.2680779 150.108254117 2.26765392 150.089871662 2.277076767 150.085871988 2.26910032 150.095485773 2.264283744 150.095145947 2.263606042 150.09522909 2.263564388 150.095442044 2.263987361 150.12342801 2.249966128 150.114191733 2.231547003 150.123770102 2.226748031 150.114532275 2.208325235 150.124144268 2.203509161 150.114908373 2.185090372 150.124486108 2.180291503 150.110271434 2.151942806 150.110174874 2.151992309 150.109962961 2.151569675 150.109684318 2.151710537 150.082061903 2.165871495 150.082274981 2.166294751 150.082199914 2.166333234 150.081987301 2.165909196 150.054086138 2.180213141 150.054298299 2.180634576 150.054226328 2.180671469 150.054013635 2.180247246 150.026112679 2.194548994 150.040241652 2.222616398 150.040338102 2.222568081 150.040551056 2.222991106 150.058918195 2.213789754 150.062930617 2.221760168 150.053403562 2.22664506 150.053401827 2.226645949 150.053614657 2.227068713 150.053540238 2.22710686 150.053327672 2.22668291 150.025425602 2.24098504 150.034645729 2.25930015 150.025082646 2.264202326 150.034304791 2.282521173 150.024707465 2.287440471 150.033927613 2.305755566 150.024364793 2.310657097 150.033585364 2.328972899 150.024021738 2.333875016 150.033240496 2.352186852 150.023711082 2.357070892 150.033988629 2.377485126 150.0378589 2.385129904 150.037938117 2.385090224 150.038151837 2.385514756 150.066141342 2.3714955 150.065800283 2.370815303 150.065884724 2.370773004 150.066097299 2.371195218 150.094085583 2.357174809 150.086595132 2.342237471 150.093766158 2.35648035 150.093862791 2.356431943 150.09407568 2.356854772 150.122063912 2.342833648,mast:JWST/product/jw01837-o004_t004_miri_f770w_i2d.jpg,mast:JWST/product/jw01837-o004_t004_miri_f770w_i2d.fits,PUBLIC,False,,109374093,6600.0,8800.0,0.0,1982868,150.04411967728169,2.325835790037304,F770W,59939.832025
science,JWST,CALJWST,NIRSPEC/IMAGE,JWST,F140X;MIRROR,INFRARED,DC-683613,Galaxy; High-redshift galaxies,jw03045005001_05101_00001_nrs1,150.03926083333332,2.3371833333333334,image,"Faisst, Andreas L",2,60451.55899063657,60451.56169228009,218.833,INFRARED,800.0,2000.0,Witnessing the Maturing of Teenage Galaxies at z = 4  6 with a Comprehensive UV - Optical - Sub-mm Benchmark Sample for the Community,60451.76989578,3045,GO,,POLYGON 150.076896454 2.322972485 150.020928798 2.301438859 149.999271103 2.356886772 150.055767073 2.37732245,mast:JWST/product/jw03045005001_05101_00001_nrs1_cal.jpg,mast:JWST/product/jw03045005001_05101_00001_nrs1_cal.fits,PUBLIC,False,,214972496,800.0,2000.0,0.0,1982868,150.04411967728169,2.325835790037304,,60451.55899063657
calibration,JWST,CALJWST,NIRSPEC,JWST,OPAQUE,INFRARED,UNKNOWN,,jw04455019001_04301_00001_nrs1,150.0538150115232,2.3098151830391958,image,"Birkmann, Stephan",2,60268.03861773148,60268.07255716435,2917.778,INFRARED,,,NIRSpec Dark Monitor Full Frame (CAL-NRS-201),60268.21978014,4455,CAL,,POLYGON 150.037152545 2.271929673 150.015373358 2.326012597 150.071083372 2.348215847 150.093381754 2.292993647,mast:JWST/product/jw04455019001_04301_00001_nrs1_dark.jpg,,PUBLIC,False,,192782588,,,0.0,1982868,150.04411967728169,2.325835790037304,,60268.03861773148
science,JWST,CALJWST,MIRI/IMAGE,JWST,F1000W,INFRARED,C3D-10_CWEBTILE-4-7,,jw05893-o010_t010_miri_f1000w,150.03442375,2.1884416666666664,image,"Kakiichi, Koki",3,60783.88740587963,60784.96131267361,7392.696000000004,INFRARED,9000.0,11000.0,COSMOS-3D: A Legacy Spectroscopic/Imaging Survey of the Early Universe,60785.67297447,5893,GO,,POLYGON 150.045843289 2.31749943 150.04490307 2.315457551 150.016448244 2.328491839 150.019218032 2.334533111 150.018730272 2.334756532 150.029023683 2.357207337 150.027710919 2.357808655 150.030480759 2.363849797 150.029993141 2.364073153 150.043208483 2.392895538 150.071590233 2.379576295 150.069754376 2.375589723 150.070651321 2.375168785 150.059384428 2.350702059 150.060326329 2.350260022 150.058490581 2.346273512 150.05938749 2.34585259 150.04624643 2.317314758 POLYGON 150.078398253 2.305011717 150.077458006 2.302969888 150.049003744 2.31600486 150.051773692 2.32204615 150.051285632 2.322269723 150.061579464 2.344720327 150.060266696 2.345321688 150.063036777 2.351363054 150.062548493 2.351586727 150.075764187 2.380408899 150.104145466 2.367089195 150.10230934 2.363102173 150.103207052 2.362680847 150.091939715 2.33821438 150.092881663 2.337772292 150.091045769 2.333785661 150.091942922 2.333364595 150.0788013 2.304827075 POLYGON 150.110951879 2.292524143 150.110011661 2.290482464 150.081557881 2.303518003 150.084327912 2.309559215 150.083839981 2.309782743 150.094134122 2.332233046 150.092820732 2.33283472 150.095590825 2.338875938 150.095102846 2.339099484 150.108318931 2.367921426 150.136699723 2.354601224 150.134863752 2.350614688 150.135761147 2.350193491 150.124493433 2.325726903 150.125435985 2.325284505 150.123599982 2.321297808 150.124497176 2.320876698 150.111355123 2.292339399 POLYGON 150.143505763 2.280034316 150.142565561 2.277992805 150.114112394 2.291029149 150.116882554 2.297070242 150.116394758 2.297293727 150.126689536 2.319743897 150.125376324 2.32034554 150.128146569 2.326386689 150.127658381 2.326610349 150.140871873 2.355424813 150.142143274 2.354836721 150.169255318 2.342110958 150.16741926 2.338124481 150.168316697 2.33770323 150.157048302 2.31323672 150.157990849 2.312794287 150.15615471 2.308807563 150.157051939 2.308386401 150.14841983 2.289643657 150.14388677 2.279859745,mast:JWST/product/jw05893-o010_t010_miri_f1000w_i2d.jpg,mast:JWST/product/jw05893-o010_t010_miri_f1000w_i2d.fits,PUBLIC,False,,261926212,9000.0,11000.0,0.0,1982868,150.04411967728169,2.325835790037304,,60783.88740587963
science,JWST,CALJWST,MIRI/IMAGE,JWST,F2100W,INFRARED,C3D-10_CWEBTILE-4-7,,jw05893-o010_t010_miri_f2100w,150.03442375,2.1884416666666664,image,"Kakiichi, Koki",3,60783.85679627315,60784.94236231482,14785.392000000014,INFRARED,18500.0,23500.0,COSMOS-3D: A Legacy Spectroscopic/Imaging Survey of the Early Universe,60785.67297447,5893,GO,,POLYGON 150.046257619 2.31731363 150.017802401 2.330347975 150.018426063 2.331708257 150.016825319 2.332441478 150.017448969 2.333801735 150.015848371 2.334534887 150.028287923 2.361666509 150.028088154 2.361758013 150.028711849 2.363118315 150.027111085 2.363851539 150.040326405 2.392674064 150.040729802 2.39248476 150.040877129 2.392806068 150.069259022 2.379486602 150.068640031 2.378142459 150.07023553 2.377393682 150.069616418 2.376049263 150.070743183 2.375520464 150.072882863 2.380186766 150.07328492 2.379998078 150.073432466 2.380319855 150.101813928 2.367000013 150.101194628 2.365655233 150.102791252 2.36490588 150.10217211 2.363561459 150.103297622 2.363033215 150.105437484 2.367699774 150.105840645 2.367510559 150.105988082 2.367832083 150.134369 2.354511623 150.133749854 2.353167241 150.135345447 2.352418335 150.134726283 2.351073908 150.135854254 2.350544483 150.137993894 2.355210251 150.138396222 2.355021412 150.138534225 2.355322348 150.142230705 2.353612534 150.166924079 2.342021932 150.166304813 2.340677364 150.167901003 2.339928119 150.167281824 2.338583744 150.168877842 2.337834577 150.156392648 2.310725916 150.156636144 2.310611617 150.156016981 2.309267246 150.157612915 2.308518105 150.146263505 2.283874991 150.144461376 2.279985342 150.144066624 2.280166208 150.143920309 2.279848506 150.115466749 2.292884903 150.116090493 2.294245142 150.114489879 2.294978462 150.115113619 2.296338694 150.113944334 2.296874399 150.111916399 2.292470753 150.111512485 2.292655802 150.111366285 2.292338327 150.082912099 2.305373895 150.083535819 2.306734175 150.081935155 2.307467454 150.08255887 2.308827725 150.081390733 2.309362858 150.079362586 2.30495856 150.07895878 2.305143549 150.078812531 2.304825956 150.050357874 2.317860977 150.050981553 2.319221224 150.049380925 2.319954445 150.050004628 2.321314743 150.0488357 2.321850207 150.046807745 2.3174461 150.046403818 2.317631131,mast:JWST/product/jw05893-o010_t010_miri_f2100w_i2d.jpg,mast:JWST/product/jw05893-o010_t010_miri_f2100w_i2d.fits,PUBLIC,False,,262051262,18500.0,23500.0,0.0,1982868,150.04411967728169,2.325835790037304,,60783.85679627315
science,JWST,CALJWST,NIRCAM/IMAGE,JWST,F115W,INFRARED,C3D-14_CWEBTILE-2-7,,jw05893-o014_t014_nircam_clear-f115w,150.1004179166667,2.3696166666666665,image,"Kakiichi, Koki",3,60780.92693630787,60783.84420811343,7472.784,INFRARED,1013.0000000000001,1282.0,COSMOS-3D: A Legacy Spectroscopic/Imaging Survey of the Early Universe,60784.14899304,5893,GO,,POLYGON 149.997962825 2.320519574 149.997435717 2.32071006 149.996993601 2.319467066 149.997551417 2.31926604 149.991652665 2.302681657 149.991044662 2.302891335 149.990309475 2.300824325 149.973461179 2.306634592 149.979402538 2.323465038 149.979464545 2.323442693 149.979908776 2.324701077 149.979813507 2.324735504 149.985910571 2.341599336 149.985925082 2.341593863 149.988192132 2.347864172 149.988840887 2.347619493 149.990663408 2.352781939 149.990684777 2.352774238 149.991142796 2.354027683 149.991074398 2.3540524 149.997171763 2.370916171 149.997186247 2.370910708 149.999453409 2.377180998 149.999542483 2.377147403 150.005648176 2.393168953 150.005944664 2.393053837 150.008316195 2.399543453 150.008278028 2.399557669 150.009332812 2.402325371 150.010153289 2.404570554 150.010184172 2.40455929 150.010652429 2.405787966 150.010559766 2.40582248 150.016908548 2.422481046 150.017055817 2.422429098 150.033507371 2.416041368 150.031932657 2.411880972 150.032568684 2.411634015 150.026343409 2.395186491 150.025817497 2.395382383 150.025412386 2.394255516 150.025983363 2.394047265 150.020761948 2.37952303 150.023347024 2.386437267 150.023745563 2.386287172 150.025700499 2.391733574 150.025729804 2.391723002 150.026195859 2.393021414 150.026173554 2.39302954 150.026804615 2.394717382 150.027982305 2.39799836 150.028025507 2.397982775 150.028508627 2.399274922 150.028455364 2.399294325 150.034609444 2.415753734 150.051006182 2.409578333 150.050949293 2.409425116 150.066065834 2.403555063 150.064490856 2.399394373 150.065127286 2.399147229 150.058901432 2.382699922 150.058375166 2.38289597 150.057970025 2.381769136 150.058541354 2.38156073 150.053306818 2.367001611 150.055905145 2.373950585 150.056302912 2.373800763 150.058258186 2.379247543 150.058287461 2.37923698 150.058753551 2.380535356 150.058731276 2.380543472 150.059361512 2.382228936 150.060540162 2.385512257 150.060583396 2.385496658 150.061066551 2.386788767 150.061013255 2.386808185 150.067167866 2.403267399 150.083564257 2.397091415 150.083507617 2.396938883 150.098622856 2.391068936 150.097047812 2.386908284 150.097684225 2.38666113 150.091458101 2.370213922 150.090931844 2.370409981 150.090526692 2.369283177 150.091098013 2.369074759 150.085861278 2.354510276 150.088461684 2.361464239 150.088859252 2.361314477 150.090814744 2.366761569 150.090844042 2.366750997 150.091310145 2.36804934 150.091287847 2.368057465 150.091918765 2.369744665 150.093096854 2.373026248 150.093140066 2.373010656 150.093623234 2.374302733 150.093569961 2.374322144 150.09972485 2.390781258 150.116120992 2.384604942 150.116063054 2.384448921 150.131180135 2.378577784 150.129606236 2.374420422 150.130240686 2.374174011 150.12401423 2.357726947 150.123489876 2.357922312 150.123084706 2.356795534 150.123654118 2.356587795 150.118201196 2.341423029 150.121022257 2.348966663 150.121412128 2.34881979 150.123371101 2.354276239 150.123402544 2.354264892 150.123868672 2.355563217 150.123844229 2.355572124 150.124535966 2.357421856 150.125653744 2.36053523 150.125694736 2.360520438 150.12617793 2.36181251 150.126126877 2.361831114 150.132282111 2.37829008 150.148677955 2.372113366 150.147127931 2.367939611 150.147732571 2.367711824 150.147600145 2.367337176 150.141687078 2.351414801 150.14113304 2.351616699 150.14069134 2.350365901 150.14123741 2.350168839 150.13542499 2.333709122 150.134826181 2.33391791 150.134509378 2.333064817 150.134081782 2.331853923 150.134062234 2.331860739 150.130546022 2.322392138 150.130600497 2.322371889 150.128770635 2.317407439 150.124172037 2.304384595 150.123996617 2.30444576 150.118227502 2.288419865 150.117709573 2.288602981 150.113303163 2.276647796 150.11271629 2.276858787 150.112290885 2.275677044 150.11286811 2.275465959 150.106975058 2.25909528 150.106370666 2.259308967 150.10562316 2.257232399 150.089085588 2.263079259 150.095004158 2.279641257 150.095043448 2.27962689 150.095435043 2.28072268 150.095401457 2.280734754 150.100424765 2.294594371 150.099971482 2.294750739 150.099236763 2.292685617 150.099187991 2.292702442 150.095639318 2.283053588 150.09510744 2.283245855 150.094665234 2.282002919 150.095227821 2.281800113 150.089327766 2.265216221 150.088713972 2.265427962 150.087975892 2.263353341 150.071128519 2.26916509 150.071521881 2.270279123 150.056528876 2.275579471 150.06244713 2.292141599 150.062485389 2.29212761 150.062876963 2.293223404 150.062844408 2.293235107 150.067863201 2.307083105 150.067416816 2.307237081 150.066681589 2.305170402 150.066620322 2.305191535 150.063073766 2.29554789 150.062546427 2.295738502 150.062104244 2.294495559 150.06266229 2.294294405 150.056762536 2.277710389 150.05615436 2.277920176 150.055419163 2.275853529 150.038571517 2.281664903 150.038960773 2.282767376 150.023974504 2.288064809 150.02989232 2.304627086 150.029930653 2.304613071 150.030322206 2.305708899 150.030289578 2.305720627 150.035307923 2.31956852 150.034861224 2.319722592 150.034126041 2.317655922 150.03406489 2.317677014 150.030518782 2.308033792 150.029991677 2.3082243 150.029549519 2.306981322 150.030107332 2.306780272 150.024208026 2.290196105 150.023600003 2.290405817 150.02286475 2.288338843 150.006016812 2.29414972 150.006406406 2.29525324 149.991419248 2.300550332 149.997336516 2.317112822 149.997374821 2.317098819 149.997766337 2.318194662 149.997733738 2.318206378 150.002751593 2.332054363 150.002305585 2.332208177 150.00157034 2.330141114 150.001508442 2.330162461,mast:JWST/product/jw05893-o014_t014_nircam_clear-f115w_i2d.jpg,mast:JWST/product/jw05893-o014_t014_nircam_clear-f115w_i2d.fits,PUBLIC,False,,258844053,1013.0000000000001,1282.0,0.0,1982868,150.04411967728169,2.325835790037304,F115W,60780.92693630787
science,JWST,CALJWST,NIRCAM/IMAGE,JWST,F200W,INFRARED,C3D-14_CWEBTILE-2-7,,jw05893-o014_t014_nircam_clear-f200w,150.1004179166667,2.3696166666666665,image,"Kakiichi, Koki",3,60780.8962415162,60783.82544369213,14945.568,INFRARED,1755.0,2226.0,COSMOS-3D: A Legacy Spectroscopic/Imaging Survey of the Early Universe,60784.14899304,5893,GO,,POLYGON 149.992646652 2.304170763 149.992160204 2.302803117 149.991712253 2.302957585 149.991610143 2.302670502 149.974760084 2.308480818 149.975312825 2.31004666 149.973782907 2.310574201 149.974335627 2.312139986 149.972805707 2.312667527 149.978747217 2.329498838 149.979193842 2.329337902 149.979297454 2.329631413 149.980344994 2.329253941 149.980692192 2.330214468 149.97915861 2.330768524 149.98525463 2.347632984 149.985696725 2.347466284 149.985804902 2.347765546 149.986071618 2.347664975 149.990008108 2.358815774 149.990079243 2.358790141 149.990537045 2.360042996 149.990419522 2.360085455 149.996515834 2.376949856 149.996654702 2.376897493 150.002772742 2.392952376 150.003069232 2.392837252 150.007277827 2.40435403 150.007720465 2.404192587 150.00782796 2.404486744 150.00888595 2.404100864 150.009238618 2.405026296 150.007684361 2.405605273 150.014034764 2.422269077 150.01446992 2.422100109 150.014582987 2.422396798 150.014744307 2.422339894 150.03118183 2.415957192 150.03061619 2.414462824 150.031240738 2.414220307 150.031733053 2.415537049 150.032171784 2.415371822 150.032283184 2.415669773 150.048680845 2.409494253 150.048623988 2.409341122 150.063740447 2.403470741 150.063174729 2.401976308 150.063799268 2.401733766 150.064291657 2.403050577 150.064730351 2.402885344 150.064841761 2.403183292 150.081239083 2.397007212 150.081182487 2.3968548 150.096297525 2.390984529 150.095733731 2.389495264 150.096358164 2.389252747 150.096848664 2.390564438 150.097287406 2.390399176 150.0973988 2.390697063 150.113795858 2.38452061 150.113739218 2.384368088 150.128854133 2.37849739 150.128287695 2.377001237 150.128916357 2.376757058 150.129410458 2.378078296 150.129844964 2.377914616 150.12995539 2.378209898 150.146352151 2.372033049 150.145789295 2.370517466 150.14733252 2.369936105 150.146771405 2.368425205 150.148305803 2.367847167 150.14818351 2.367501188 150.142259815 2.35155043 150.141813508 2.351713057 150.141705313 2.351421716 150.140626105 2.351814961 150.140286778 2.350854042 150.141809776 2.350304393 150.135997385 2.333844505 150.135544144 2.33400256 150.13544288 2.333715791 150.135289299 2.333769348 150.131103171 2.32249698 150.131111542 2.322493869 150.13052469 2.320901116 150.124740645 2.304521024 150.124520725 2.304597716 150.118740011 2.288541204 150.118289214 2.288700574 150.1181855 2.288412494 150.118111568 2.288438631 150.113812597 2.276770444 150.113369942 2.27692956 150.113263873 2.276641668 150.112162381 2.277037607 150.111842685 2.276149603 150.113377377 2.27558831 150.107483738 2.259217681 150.107038104 2.259375228 150.106935024 2.259088902 150.090397091 2.264935508 150.090950075 2.266482798 150.090323054 2.266704462 150.089836843 2.26533782 150.089388916 2.265492327 150.089288128 2.265209032 150.072438989 2.271020817 150.072828353 2.272123557 150.057829015 2.277425822 150.058383657 2.278977841 150.057756542 2.279199521 150.057270013 2.277831909 150.056822156 2.277986381 150.056720036 2.277699323 150.039870631 2.283510756 150.040260365 2.284614608 150.025274531 2.289911546 150.025829137 2.291463599 150.025202007 2.291685262 150.024715531 2.290317673 150.024267642 2.290472138 150.02416551 2.290185022 150.007315806 2.295995939 150.00770576 2.297100512 149.992719183 2.302397066 149.99327374 2.303949142,mast:JWST/product/jw05893-o014_t014_nircam_clear-f200w_i2d.jpg,mast:JWST/product/jw05893-o014_t014_nircam_clear-f200w_i2d.fits,PUBLIC,False,,260189003,1755.0,2226.0,0.0,1982868,150.04411967728169,2.325835790037304,F200W,60780.8962415162
science,JWST,CALJWST,NIRCAM/IMAGE,JWST,F356W,INFRARED,C3D-14_CWEBTILE-2-7,,jw05893-o014_t014_nircam_clear-f356w,150.1004179166667,2.3696166666666665,image,"Kakiichi, Koki",3,60780.92693630787,60783.84420811343,7472.784,INFRARED,3140.0,3980.0,COSMOS-3D: A Legacy Spectroscopic/Imaging Survey of the Early Universe,60784.14899304,5893,GO,,POLYGON 149.990980184 2.352609329 149.993296102 2.358862131 149.993261787 2.358874156 149.994695368 2.362744687 149.997439226 2.370430155 149.997478869 2.370415258 149.999720872 2.376694982 149.999845109 2.376648298 150.005878531 2.39293735 150.006231932 2.392803879 150.017139937 2.422252091 150.017281776 2.422200694 150.050771718 2.409551667 150.050711735 2.409385925 150.083329808 2.397064763 150.083270071 2.396899716 150.115886561 2.384578302 150.115826407 2.384412113 150.148443128 2.372089596 150.146926928 2.367901009 150.147504028 2.367682973 150.13804122 2.341540841 150.135428988 2.33434634 150.134859407 2.334546013 150.124174378 2.305026157 150.124071255 2.305062308 150.118148625 2.288854464 150.11766238 2.289024208 150.106887368 2.259536731 150.106300059 2.259741757 150.105543521 2.25767133 150.071654477 2.26950134 150.072013784 2.270507597 150.039098228 2.281996847 150.039454673 2.282995148 150.006543534 2.294481688 150.00690032 2.295481027 149.973987894 2.306966578 149.986178033 2.341113323 149.986217704 2.341098416 149.988459595 2.347378158 149.989120643 2.347129759 149.991066148 2.352579205,mast:JWST/product/jw05893-o014_t014_nircam_clear-f356w_i2d.jpg,mast:JWST/product/jw05893-o014_t014_nircam_clear-f356w_i2d.fits,PUBLIC,False,,258574560,3140.0,3980.0,0.0,1982868,150.04411967728169,2.325835790037304,F356W,60780.92693630787
science,JWST,CALJWST,MIRI/IMAGE,JWST,F1000W,INFRARED,C3D-18_CWEBTILE-1-6,,jw05893-o018_t018_miri_f1000w,150.09925833333332,2.4726250000000003,image,"Kakiichi, Koki",3,60665.41747930556,60665.95704962963,7392.696000000004,INFRARED,9000.0,11000.0,COSMOS-3D: A Legacy Spectroscopic/Imaging Survey of the Early Universe,60666.30995368,5893,GO,,POLYGON 150.075373577 2.36377086 150.076313811 2.365812843 150.104774323 2.352776483 150.102004439 2.346735286 150.102492123 2.346511895 150.092198787 2.32406137 150.093511076 2.323460256 150.090741317 2.317419089 150.091228931 2.317195729 150.078012411 2.288368278 150.049627119 2.301688596 150.051462481 2.305674941 150.050566111 2.306095563 150.06183136 2.330562991 150.060889348 2.331005033 150.062724833 2.334991497 150.061828261 2.335412213 150.074970647 2.363955416 POLYGON 150.042816003 2.37625761 150.043756245 2.378299684 150.072217235 2.365263813 150.069447431 2.359222572 150.069935165 2.35899917 150.059642152 2.33654852 150.060954485 2.335947418 150.058184684 2.329905946 150.05867313 2.32968222 150.045457119 2.300854478 150.017071285 2.314174179 150.01890684 2.318161138 150.018009121 2.318582373 150.029273993 2.343049711 150.028332292 2.343491583 150.030167692 2.347478011 150.029271319 2.34789861 150.042413292 2.376442055 POLYGON 150.01025917 2.388742261 150.011199333 2.390784296 150.039660953 2.377749215 150.036891277 2.371707863 150.037379094 2.371484442 150.027086473 2.349033164 150.02839978 2.348431673 150.025630328 2.342390491 150.026117513 2.342167359 150.012902112 2.313339283 149.98451569 2.326658267 149.986350954 2.330644826 149.98545402 2.331065655 149.996718378 2.355533647 149.995776277 2.355975669 149.997611629 2.359962257 149.996714912 2.360382984 150.009856245 2.388926789 POLYGON 149.977701711 2.401226401 149.978641671 2.403268122 150.007103904 2.39023381 150.004334417 2.384192494 150.004821985 2.383969204 149.994529769 2.361517516 149.995842815 2.360916187 149.993073431 2.354874835 149.993561147 2.354651477 149.980355877 2.325843747 149.976715884 2.327526406 149.95195936 2.339141282 149.953794596 2.343128023 149.952897722 2.343548791 149.964161585 2.36801725 149.963219184 2.36845938 149.965054531 2.372446188 149.964157404 2.372867078 149.977120996 2.401026288 149.977299045 2.401410798,mast:JWST/product/jw05893-o018_t018_miri_f1000w_i2d.jpg,mast:JWST/product/jw05893-o018_t018_miri_f1000w_i2d.fits,PUBLIC,False,,234492195,9000.0,11000.0,0.0,1982868,150.04411967728169,2.325835790037304,,60665.41747930556
science,JWST,CALJWST,MIRI/IMAGE,JWST,F2100W,INFRARED,C3D-18_CWEBTILE-1-6,,jw05893-o018_t018_miri_f2100w,150.09925833333332,2.4726250000000003,image,"Kakiichi, Koki",3,60665.38677266204,60665.938324456016,14785.392000000014,INFRARED,18500.0,23500.0,COSMOS-3D: A Legacy Spectroscopic/Imaging Survey of the Early Universe,60666.30995368,5893,GO,,POLYGON 150.074959353 2.363956665 150.103420215 2.350920321 150.102796523 2.349560035 150.104397331 2.348826771 150.103773676 2.347466564 150.10537411 2.346733465 150.092934531 2.319601992 150.093133968 2.319510637 150.092510308 2.318150367 150.094110986 2.317417156 150.080894343 2.288589628 150.08049181 2.288778532 150.080344345 2.28845688 150.051958893 2.301777391 150.052577955 2.303121986 150.050981816 2.303870987 150.051600832 2.30521548 150.05047768 2.305742527 150.048338496 2.301076364 150.047936145 2.301265172 150.047788683 2.300943512 150.019402722 2.314263477 150.020021828 2.315608223 150.018425342 2.316357346 150.019044281 2.317701722 150.01792324 2.318227748 150.015783865 2.313560856 150.015381562 2.313749626 150.015234059 2.313427856 149.986847453 2.326746984 149.987466519 2.328091736 149.985870137 2.328840745 149.986489108 2.330185284 149.985367221 2.330711663 149.983228078 2.326045006 149.982824614 2.326234306 149.982680749 2.325920459 149.981379825 2.326521853 149.954290267 2.339231699 149.954908931 2.340575627 149.953313757 2.341324011 149.953932686 2.342668542 149.952336515 2.343417392 149.964816586 2.370527913 149.964573922 2.37064176 149.965192913 2.371986368 149.963596561 2.372735305 149.973493001 2.39423251 149.976752816 2.401272193 149.977140831 2.401094508 149.977287091 2.401412205 150.005749642 2.388377842 150.005125998 2.387017446 150.006726986 2.386284255 150.006103402 2.384923986 150.007266922 2.384391137 150.009294746 2.388795621 150.00969875 2.3886106 150.009844937 2.388928121 150.038306901 2.375893044 150.037683255 2.374532722 150.039284023 2.373799574 150.038660417 2.372439339 150.039823764 2.371906526 150.041851697 2.37631097 150.042255698 2.376125935 150.042401883 2.376443432 150.070863228 2.363407591 150.070239588 2.362047367 150.071840133 2.36131426 150.071216472 2.359953996 150.072381403 2.359420414 150.074409134 2.363824251 150.074813172 2.363639189,mast:JWST/product/jw05893-o018_t018_miri_f2100w_i2d.jpg,mast:JWST/product/jw05893-o018_t018_miri_f2100w_i2d.fits,PUBLIC,False,,234388089,18500.0,23500.0,0.0,1982868,150.04411967728169,2.325835790037304,,60665.38677266204
science,JWST,CALJWST,NIRSPEC/IMAGE,JWST,F140X;MIRROR,INFRARED,Cristal-05,Galaxy; Lyman-break galaxies,jw05974001001_03101_00001_nrs1,150.03925916666668,2.337177777777778,image,"Aravena, Manuel",2,60784.417012743055,60784.42055865741,291.778,INFRARED,800.0,2000.0,ORCHIDS: ORigin of the [C II] Halos In Distant Systems,61149.7113309,5974,GO,,POLYGON 150.078044156 2.326589229 150.024532391 2.299529356 149.997392734 2.35251492 150.0515405 2.378535338,mast:JWST/product/jw05974001001_03101_00001_nrs1_cal.jpg,mast:JWST/product/jw05974001001_03101_00001_nrs1_cal.fits,PUBLIC,False,,260624846,800.0,2000.0,0.0,1982868,150.04411967728169,2.325835790037304,,60784.417012743055
science,JWST,CALJWST,MIRI/IMAGE,JWST,F1280W,INFRARED,COSMOS-2,,jw07814-o004_t004_miri_f1280w,150.07151416666667,2.2635805555555555,image,"Muzzin, Adam",3,61038.735046967595,61044.988312395835,46753.920000000035,INFRARED,11600.0,14000.0,MINERVA: Unlocking the Hidden Gems of the Distant Universe and Completing HST and JWSTs Imaging Legacy with Medium Bands,61045.9116898,7814,GO,,POLYGON 150.122022717 2.319275972 150.122148539 2.319212682 150.121938417 2.318793699 150.122064295 2.318730543 150.113248029 2.301150733 150.122573458 2.296478317 150.122363304 2.296059267 150.122488891 2.295995835 150.122278612 2.295576535 150.122404771 2.295513288 150.113588221 2.27793269 150.12291536 2.273259397 150.122705094 2.272840104 150.122830849 2.272776988 150.122620589 2.272357706 150.122746654 2.272294538 150.113931312 2.254715498 150.123255248 2.250043679 150.123044949 2.249624326 150.123170977 2.249561124 150.122960734 2.249141883 150.123086532 2.249078772 150.114270335 2.23149837 150.123597898 2.226824824 150.123387522 2.226405298 150.123513484 2.226342058 150.123303341 2.225922996 150.123429227 2.225859787 150.114614066 2.208280546 150.123937355 2.203608905 150.123727042 2.203189512 150.123853112 2.203126155 150.123642934 2.202707029 150.123768643 2.202644019 150.114953112 2.185064385 150.124278554 2.180391596 150.124068191 2.179972096 150.124194104 2.179908956 150.123983903 2.179489778 150.124109896 2.179426626 150.109894912 2.15107887 150.10984906 2.151102051 150.081995663 2.165381707 150.082205938 2.16579937 150.082130856 2.165837861 150.081920878 2.165419095 150.054021252 2.179721795 150.054231455 2.18013933 150.054157701 2.180177139 150.053947494 2.179757893 150.026047214 2.194059759 150.026257403 2.194477289 150.026131392 2.194542178 150.026341785 2.194960114 150.026215831 2.195024714 150.035015097 2.212503775 150.025706238 2.217275267 150.025916451 2.217692849 150.025790427 2.217757448 150.026000886 2.218175519 150.025874923 2.218240318 150.034675094 2.235721335 150.025361398 2.240495406 150.025571677 2.240913097 150.025445586 2.240977895 150.025655949 2.241395752 150.025530052 2.241460305 150.034329805 2.258939574 150.02502042 2.263711425 150.025230382 2.264128488 150.025104329 2.26419377 150.025314709 2.264611664 150.025189222 2.264676086 150.03398934 2.282156261 150.024676877 2.286929554 150.024887172 2.287347268 150.024760463 2.287412818 150.024970663 2.287830337 150.024845438 2.287894598 150.033645316 2.305373708 150.02433598 2.310145302 150.02454621 2.310562891 150.024419352 2.310628498 150.024629531 2.311045981 150.024504668 2.311110133 150.033305257 2.328590923 150.023991661 2.333364816 150.024201926 2.333782454 150.024075633 2.333847226 150.024285993 2.334265051 150.024160414 2.334329634 150.032960817 2.351809187 150.023651863 2.356580405 150.023651488 2.356582504 150.023861239 2.356999115 150.023732717 2.357064988 150.02394332 2.357483286 150.023817456 2.357548085 150.035261063 2.380277178 150.037960806 2.385609515 150.065937 2.371594518 150.065726656 2.371175068 150.065847422 2.371114569 150.065927675 2.371273956 150.093915106 2.357252929 150.09370477 2.356833507 150.093824046 2.356773751 150.093905072 2.356934665 150.121892163 2.342912544 150.121681813 2.342493114 150.12180824 2.342429224 150.121598273 2.342010551 150.121723374 2.341947735 150.112907046 2.324368077 150.122233096 2.319695467,mast:JWST/product/jw07814-o004_t004_miri_f1280w_i2d.jpg,mast:JWST/product/jw07814-o004_t004_miri_f1280w_i2d.fits,PUBLIC,False,,372523982,11600.0,14000.0,0.0,1982868,150.04411967728169,2.325835790037304,,61038.735046967595
science,JWST,CALJWST,MIRI/IMAGE,JWST,F1500W,INFRARED,COSMOS-2,,jw07814-o004_t004_miri_f1500w,150.07151416666667,2.2635805555555555,image,"Muzzin, Adam",3,61038.77034545139,61045.02293680556,46753.920000000035,INFRARED,13500.0,16500.0,MINERVA: Unlocking the Hidden Gems of the Distant Universe and Completing HST and JWSTs Imaging Legacy with Medium Bands,61045.9116898,7814,GO,,POLYGON 150.112911976 2.32437492 150.122237841 2.319702262 150.122027469 2.319282778 150.122153218 2.319219774 150.121943045 2.318800686 150.122069124 2.318737369 150.113253073 2.3011578 150.122578289 2.29648537 150.122367966 2.296065978 150.122493735 2.296002962 150.122283497 2.29558374 150.122409564 2.295520533 150.113593048 2.277939858 150.122920093 2.273266658 150.122709769 2.272847245 150.12283574 2.27278403 150.122625527 2.272364837 150.122751429 2.272301734 150.113936169 2.254722704 150.12326 2.250050856 150.123049715 2.249631529 150.123175535 2.249568366 150.122965323 2.249149184 150.123091276 2.249086008 150.114275007 2.231505319 150.123602673 2.226831541 150.123392321 2.226412059 150.123518486 2.226348732 150.123308361 2.225929698 150.123434083 2.22586655 150.114619148 2.208287553 150.123942169 2.203616026 150.123731911 2.203196738 150.123857623 2.203133611 150.123647389 2.202714372 150.123773419 2.202651213 150.114957953 2.185071551 150.124283418 2.180398634 150.124073175 2.179979368 150.124198751 2.179916308 150.12398848 2.179496989 150.12411475 2.179433717 150.109912959 2.151111977 150.105277998 2.153455213 150.08200057 2.165388751 150.082210949 2.165806614 150.082135901 2.165845088 150.081925781 2.165426035 150.054026019 2.179728732 150.05423625 2.180146316 150.054162555 2.180184095 150.053952449 2.179765073 150.026052096 2.19406684 150.02626238 2.194484555 150.026136201 2.194549356 150.026346581 2.19496726 150.026220695 2.195031833 150.035019934 2.212510633 150.025711111 2.217282078 150.025921424 2.217699853 150.025795084 2.217764649 150.026005475 2.218182578 150.025879764 2.21824711 150.034680196 2.235728437 150.025366145 2.240502737 150.025576415 2.240920403 150.025450309 2.240985192 150.025660575 2.24140285 150.025534836 2.241467541 150.034334516 2.258946423 150.025025348 2.263718137 150.025235567 2.264135707 150.025109231 2.264200673 150.025319625 2.26461859 150.025193798 2.264683248 150.033994114 2.282163517 150.024681713 2.286936733 150.024891935 2.287354297 150.024765926 2.287418884 150.024976418 2.287836985 150.024850362 2.28790161 150.033650227 2.305380511 150.024340805 2.310152155 150.024551046 2.310569761 150.024424852 2.310634622 150.024635174 2.311052388 150.024509474 2.311117031 150.033310164 2.328597793 150.023996627 2.333371565 150.024206836 2.333789088 150.02408081 2.33385389 150.02429123 2.334271831 150.024165063 2.334336497 150.032965676 2.351816205 150.02365396 2.356588816 150.023864355 2.3570067 150.023738027 2.357071447 150.02394732 2.357487142 150.023821777 2.357553173 150.035444274 2.380637278 150.037964434 2.385614951 150.065941042 2.371598336 150.0657324 2.371182276 150.065852611 2.371122054 150.065932677 2.371281069 150.093919919 2.357260073 150.093709585 2.356840651 150.093829379 2.356780635 150.093910222 2.356941185 150.121897006 2.342919347 150.121686721 2.342500042 150.121812318 2.342437051 150.121602076 2.342017834 150.121728228 2.341954629,mast:JWST/product/jw07814-o004_t004_miri_f1500w_i2d.jpg,mast:JWST/product/jw07814-o004_t004_miri_f1500w_i2d.fits,PUBLIC,False,,372524111,13500.0,16500.0,0.0,1982868,150.04411967728169,2.325835790037304,,61038.77034545139
science,JWST,CALJWST,NIRCAM/IMAGE,JWST,F115W,INFRARED,CWEBTILE-3-6,,jw01727-o052_t052_nircam_clear-f115w,150.03326416666667,2.2914499999999998,image,"Kartaltepe, Jeyhan",3,60313.61334793981,60313.62030814815,515.364,INFRARED,1013.0000000000001,1282.0,COSMOS-Web: The JWST Cosmic Origins Survey,60314.05702541,1727,GO,,POLYGON 150.06518779 2.31716123 150.058349385 2.300671294 150.041890962 2.307621476 150.041912996 2.307674259 150.040845118 2.308125196 150.040782748 2.30797638 150.02461526 2.314890888 150.024634492 2.314936481 150.023101938 2.315591903 150.029865387 2.33162617 150.046068983 2.3249013 150.046042909 2.324839087 150.047090961 2.324404108 150.0471599 2.324569249 150.063674478 2.317862455 150.063643731 2.317788314 POLYGON 150.057871819 2.299427271 150.050876442 2.282912276 150.03442785 2.29014651 150.034440713 2.290176426 150.032914663 2.290847575 150.032920224 2.29086051 150.017202486 2.297681519 150.017218563 2.297718841 150.015689249 2.298382495 150.022605207 2.314437538 150.03881516 2.307609331 150.03879225 2.307555349 150.039898067 2.307089526 150.039900625 2.307095476 150.056358596 2.300128457 150.056336835 2.300077084 POLYGON 150.045763875 2.27260578 150.038721793 2.256135965 150.022304731 2.263143002 150.022324455 2.263189814 150.02079168 2.263844004 150.020796631 2.263855755 150.005091744 2.270493478 150.005113411 2.270545736 150.003578646 2.271194389 150.010265345 2.287322088 150.026605317 2.280623804 150.026576346 2.280554952 150.027647841 2.280115697 150.027650243 2.280121397 150.044250786 2.273306904 150.044221694 2.273238863 POLYGON 150.038249812 2.254910173 150.031016301 2.23861567 150.030798522 2.238705899 150.014785587 2.245934493 150.014792208 2.2459495 150.013762059 2.246414518 150.013703209 2.246279649 149.99766078 2.253325585 149.997674027 2.253356136 149.996152213 2.254024506 149.996269694 2.254307647 150.003063959 2.269976743 150.01921922 2.263089133 150.019198653 2.263041999 150.020302861 2.262571218 150.020372145 2.262728265 150.036736814 2.255611256 150.036720793 2.255575165,mast:JWST/product/jw01727-o052_t052_nircam_clear-f115w_i2d.jpg,mast:JWST/product/jw01727-o052_t052_nircam_clear-f115w_i2d.fits,PUBLIC,False,,200464995,1013.0000000000001,1282.0,0.4171431206792289,1982868,150.04411967728169,2.325835790037304,F115W,60313.61334793981
science,JWST,CALJWST,NIRCAM/IMAGE,JWST,F277W,INFRARED,CWEBTILE-3-6,Galaxy; Field galaxies,jw01727-o052_t052_nircam_clear-f277w,150.03326416666667,2.2914499999999998,image,"Kartaltepe, Jeyhan",3,60313.61334793981,60313.62030814815,515.364,INFRARED,2416.0,3127.0,COSMOS-Web: The JWST Cosmic Origins Survey,60314.05702541,1727,GO,,POLYGON 150.017514003 2.297913029 150.017528239 2.297946331 150.015999891 2.298616292 150.029918587 2.331176868 150.06313195 2.317545991 150.063102627 2.317475978 150.064646138 2.316842483 150.0506367 2.283392765 POLYGON 149.997894113 2.253336091 149.997907171 2.253366902 149.996380226 2.254039248 150.007079714 2.279284193 150.010225598 2.286686912 150.043712538 2.272893549 150.04368324 2.27282585 150.0452265 2.272190144 150.030799104 2.238852691 150.030421315 2.239012995,mast:JWST/product/jw01727-o052_t052_nircam_clear-f277w_i2d.jpg,mast:JWST/product/jw01727-o052_t052_nircam_clear-f277w_i2d.fits,PUBLIC,False,,200446450,2416.0,3127.0,1.6216293939932416,1982868,150.04411967728169,2.325835790037304,F277W,60313.61334793981
science,HST,HAP-SVM,WFPC2/PC,HAP,F606W,OPTICAL,SL2SJ100012+022015,GALAXY;GRAVITATIONAL LENS,hst_11289_02_wfpc2_pc_f606w_ua1n02,150.0525,2.3375,image,"Kneib, Jean-Paul Richard",3,54519.6140889,54519.63538519,1200.0,OPTICAL,510.89,661.13,,54885.98192119,11289,HAP,,POLYGON 150.08434118007494 2.330438718097522 150.06318738978246 2.3276182023153122 150.06242782990194 2.3277320430797075 150.04326162939202 2.3253918835383494 150.0388682914951 2.359986527463536 150.0381212596265 2.3668422119619894 150.0385516790459 2.367449365654551 150.06017443268934 2.3699793299550254 150.06157965950698 2.3590380424070903 150.061756894113 2.358898904594186 150.0696185213844 2.3598475467865954 150.07083378690962 2.351233645966869 150.08186027108428 2.3525743098556764 150.0847336300686 2.331033209316117 150.08434118007494 2.330438718097522,mast:HST/product/hst_11289_02_wfpc2_pc_f606w_ua1n02_drz.jpg,mast:HST/product/hst_11289_02_wfpc2_pc_f606w_ua1n02_drz.fits,PUBLIC,False,,208074344,510.89,661.13,0.0,1982868,150.04411967728169,2.325835790037304,F606W,54519.6140889
science,HST,HAP-SVM,WFPC2/PC,HAP,detection,,SL2SJ100012+022015,GALAXY;GRAVITATIONAL LENS,hst_11289_02_wfpc2_pc_total_ua1n02,150.0525,2.3375,image,"Kneib, Jean-Paul Richard",3,54519.6140889,54519.63538519,1200.0,,,,,54885.98192119,11289,HAP,,POLYGON 150.08434118007494 2.330438718097522 150.06318738978246 2.3276182023153122 150.06242782990194 2.3277320430797075 150.04326162939202 2.3253918835383494 150.0388682914951 2.359986527463536 150.0381212596265 2.3668422119619894 150.0385516790459 2.367449365654551 150.06017443268934 2.3699793299550254 150.06157965950698 2.3590380424070903 150.061756894113 2.358898904594186 150.0696185213844 2.3598475467865954 150.07083378690962 2.351233645966869 150.08186027108428 2.3525743098556764 150.0847336300686 2.331033209316117 150.08434118007494 2.330438718097522,mast:HST/product/hst_11289_02_wfpc2_pc_total_ua1n02_drz.jpg,mast:HST/product/hst_11289_02_wfpc2_pc_total_ua1n02_drz.fits,PUBLIC,False,,208073223,,,0.0,1982868,150.04411967728169,2.325835790037304,,54519.6140889
science,HST,HAP-SVM,ACS/WFC,HAP,F814W,OPTICAL,ANY,UNIDENTIFIED;PARALLEL FIELD,hst_12328_33_acs_wfc_f814w_jbhm33,150.0397347676,2.35276528118,image,"van Dokkum, Pieter",3,55717.48284566,55717.61957076,480.0,OPTICAL,708.0,959.0,,55717.76069437,12328,HAP,,POLYGON 149.9981864062564 2.3373199980601447 149.99825589359332 2.337861666460057 150.0206906362176 2.389737092098179 150.02120497166305 2.3897926534808027 150.0481866824483 2.3797649161371237 150.031769876634 2.3425566251267274 150.03188108123763 2.342389958844842 150.03620413520787 2.351681633229455 150.0484785978749 2.3794176915125584 150.04893732714515 2.3794732430322076 150.07505679719637 2.369861655013093 150.06513119119109 2.3476674535378455 150.05168904759887 2.319237112549243 150.0511608371303 2.31922322919438 150.03178383550568 2.325639960648149 150.02550086654128 2.327778813673548 150.02530625805377 2.3282093675923927 150.02437493371303 2.328223248723844 149.9981864062564 2.3373199980601447,mast:HST/product/hst_12328_33_acs_wfc_f814w_jbhm33_drc.jpg,mast:HST/product/hst_12328_33_acs_wfc_f814w_jbhm33_drc.fits,PUBLIC,False,,26439412,708.0,959.0,0.0,1982868,150.04411967728169,2.325835790037304,F814W,55717.48284566
science,HST,HAP-SVM,ACS,HAP,,,ANY,,hst_12328_33_acs_wfc_g800l_jbhm33mk,150.0397686472,2.353018465937,image,"van Dokkum, Pieter",2,55717.486399,55717.49225594,505.0,,,,,55717.76347217,12328,HAP,,POLYGON 149.99815847235078 2.337603969213086 150.0207144376407 2.3897745453424983 150.04780497010327 2.3797262165457793 150.02480905346263 2.3283556335715563 149.99815847235078 2.337603969213086 POLYGON 150.02545843137486 2.3280735250462237 150.04849367096696 2.3794363554310505 150.0747034185794 2.3697960718430604 150.05134483774978 2.3194413660871462 150.02545843137486 2.3280735250462237,,mast:HST/product/hst_12328_33_acs_wfc_g800l_jbhm33mk_flc.fits,PUBLIC,False,,68716591,,,0.0,1982868,150.04411967728169,2.325835790037304,,55717.486399
science,HST,HAP-SVM,ACS,HAP,,,ANY,,hst_12328_33_acs_wfc_g800l_jbhm33mr,150.0401611765,2.353059942184,image,"van Dokkum, Pieter",2,55717.50224381,55717.51370298,989.0,,,,,55717.76347217,12328,HAP,,POLYGON 149.9985518504299 2.337646157827691 150.02110703980705 2.389814937919556 150.0481966404296 2.3797669551147385 150.02520151484822 2.32839814062841 149.9985518504299 2.337646157827691 POLYGON 150.02585087039532 2.3281160417848454 150.0488853176771 2.3794771039755744 150.07509416374754 2.369837152266038 150.05173638636379 2.3194841799918247 150.02585087039532 2.3281160417848454,,mast:HST/product/hst_12328_33_acs_wfc_g800l_jbhm33mr_flc.fits,PUBLIC,False,,68716556,,,0.0,1982868,150.04411967728169,2.325835790037304,,55717.50224381
science,HST,HAP-SVM,ACS,HAP,,,ANY,,hst_12328_33_acs_wfc_g800l_jbhm33my,150.0401272968,2.352806757436,image,"van Dokkum, Pieter",2,55717.55391048,55717.56133001,640.0,,,,,55717.76347217,12328,HAP,,POLYGON 149.99851721234828 2.3373923313832474 150.02107309747848 2.3895627295910775 150.04816353338902 2.3795144350009885 150.02516769855566 2.3281440271813607 149.99851721234828 2.3373923313832474 POLYGON 150.02581707417772 2.327861919591366 150.04885223184567 2.3792245748308725 150.0750618860741 2.369584324106117 150.051703388396 2.3192297900184995 150.02581707417772 2.327861919591366,,mast:HST/product/hst_12328_33_acs_wfc_g800l_jbhm33my_flc.fits,PUBLIC,False,,68716616,,,0.0,1982868,150.04411967728169,2.325835790037304,,55717.55391048
science,HST,HAP-SVM,ACS,HAP,,,ANY,,hst_12328_33_acs_wfc_g800l_jbhm33n5,150.0397347676,2.35276528118,image,"van Dokkum, Pieter",2,55717.62172307,55717.63318224,989.0,,,,,55717.76347217,12328,HAP,,POLYGON 149.99812485755268 2.337351000290087 150.0206805838602 2.389521032538775 150.04777082889083 2.3794728084540147 150.02477515600154 2.3281027609707596 149.99812485755268 2.337351000290087 POLYGON 150.02542452700732 2.3278206554554877 150.0484595224808 2.379182950257553 150.07466899204 2.3695427671300333 150.0513106588554 2.3191885863962565 150.02542452700732 2.3278206554554877,,mast:HST/product/hst_12328_33_acs_wfc_g800l_jbhm33n5_flc.fits,PUBLIC,False,,68716609,,,0.0,1982868,150.04411967728169,2.325835790037304,,55717.62172307
science,HST,HAP-SVM,ACS/WFC,HAP,detection,,ANY,UNIDENTIFIED;PARALLEL FIELD,hst_12328_33_acs_wfc_total_jbhm33,150.0397347676,2.35276528118,image,"van Dokkum, Pieter",3,55717.48284566,55717.61957076,480.0,,,,,55717.76069437,12328,HAP,,POLYGON 149.9981864062564 2.3373199980601447 150.0206906365345 2.3897093143325123 150.02120497166305 2.3897926534808027 150.0481866824483 2.3797649161371237 150.031769876634 2.3425566251267274 150.03188108123763 2.342389958844842 150.03620413520787 2.351681633229455 150.0484785978749 2.3794176915125584 150.04893732714515 2.3794732430322076 150.0750567968132 2.369847766128459 150.06470025585563 2.346764684598049 150.05168904774925 2.3192510014326753 150.0511608371303 2.31922322919438 150.03277076030156 2.325306630410314 150.02550086654128 2.327778813673548 150.02530625805377 2.3282093675923927 150.02437493371303 2.328223248723844 149.9981864062564 2.3373199980601447,mast:HST/product/hst_12328_33_acs_wfc_total_jbhm33_drc.jpg,mast:HST/product/hst_12328_33_acs_wfc_total_jbhm33_drc.fits,PUBLIC,False,,26439429,,,0.0,1982868,150.04411967728169,2.325835790037304,,55717.48284566
science,HST,HAP-SVM,ACS/WFC,HAP,F814W,OPTICAL,ANY,UNIDENTIFIED;PARALLEL FIELD,hst_12328_34_acs_wfc_f814w_jbhm34,150.0422131082,2.316973429628,image,"van Dokkum, Pieter",3,55721.41028852,55721.49241843,480.0,OPTICAL,708.0,959.0,,55721.6447569,12328,HAP,,POLYGON 150.00025901906105 2.301532312803867 150.0003285048668 2.302073981174718 150.02276268879385 2.35394940017995 150.02327701094217 2.354004961474834 150.05025802493049 2.343977223572793 150.03384164009128 2.30676893195676 150.03395284186664 2.306602265669098 150.03845648935882 2.3162967177489433 150.05054993288175 2.3436299989855844 150.05107815265734 2.3436577721808454 150.07711355118676 2.3340739701594346 150.07679381284538 2.333004534726354 150.06728551199208 2.3120603185342445 150.05376030982853 2.283449420494383 150.05323211262103 2.283435537054116 150.03385559772045 2.289852267477447 150.02757278716575 2.2919911210474915 150.02737818363443 2.292421674990075 150.0264468827643 2.2924355562408563 150.00025901906105 2.301532312803867,mast:HST/product/hst_12328_34_acs_wfc_f814w_jbhm34_drc.jpg,mast:HST/product/hst_12328_34_acs_wfc_f814w_jbhm34_drc.fits,PUBLIC,False,,26438235,708.0,959.0,0.0,1982868,150.04411967728169,2.325835790037304,F814W,55721.41028852
science,HST,HAP-SVM,ACS,HAP,,,ANY,,hst_12328_34_acs_wfc_g800l_jbhm34yb,150.0418544678,2.317185138254,image,"van Dokkum, Pieter",2,55721.41384185,55721.4196988,505.0,,,,,55721.64754627,12328,HAP,,POLYGON 150.0002308197828 2.301815700418892 150.02278626983357 2.353986279152832 150.04987611667738 2.3439379322304545 150.02688073944714 2.292567340752786 150.0002308197828 2.301815700418892 POLYGON 150.02753010055255 2.2922852314926616 150.0505648009313 2.343648070862492 150.07677389098234 2.33400777757865 150.05341586978093 2.2836530570023332 150.02753010055255 2.2922852314926616,,mast:HST/product/hst_12328_34_acs_wfc_g800l_jbhm34yb_flc.fits,PUBLIC,False,,68716578,,,0.0,1982868,150.04411967728169,2.325835790037304,,55721.41384185
science,HST,HAP-SVM,ACS,HAP,,,ANY,,hst_12328_34_acs_wfc_g800l_jbhm34yi,150.042246987,2.317226614364,image,"van Dokkum, Pieter",2,55721.42968667,55721.44114584,989.0,,,,,55721.64754627,12328,HAP,,POLYGON 150.0006241492753 2.3018578566680223 150.02317885856993 2.354026720696455 150.0502678158074 2.343978704037732 150.02727319379173 2.2926098009657516 150.0006241492753 2.3018578566680223 POLYGON 150.02792253350052 2.292327701000077 150.0509564774957 2.3436888522036883 150.07716470693694 2.334048875777492 150.053807452747 2.283695810226818 150.02792253350052 2.292327701000077,,mast:HST/product/hst_12328_34_acs_wfc_g800l_jbhm34yi_flc.fits,PUBLIC,False,,68716557,,,0.0,1982868,150.04411967728169,2.325835790037304,,55721.42968667
science,HST,HAP-SVM,ACS,HAP,,,ANY,,hst_12328_34_acs_wfc_g800l_jbhm34yp,150.0422131082,2.316973429628,image,"van Dokkum, Pieter",2,55721.47716371,55721.48458324,640.0,,,,,55721.64754627,12328,HAP,,POLYGON 150.00058936124938 2.3016039038978096 150.0231449041103 2.3537747045442123 150.05023486212215 2.3437263147559277 150.02723939034993 2.292355504734746 150.00058936124938 2.3016039038978096 POLYGON 150.0278887540836 2.2920733942576574 150.05092354919543 2.343436452217137 150.07713274689456 2.333796117862519 150.0537746297011 2.2834411829515986 150.0278887540836 2.2920733942576574,,mast:HST/product/hst_12328_34_acs_wfc_g800l_jbhm34yp_flc.fits,PUBLIC,False,,68716563,,,0.0,1982868,150.04411967728169,2.325835790037304,,55721.47716371
science,HST,HAP-SVM,ACS,HAP,,,ANY,,hst_12328_34_acs_wfc_g800l_jbhm34yw,150.041820589,2.316931953509,image,"van Dokkum, Pieter",2,55721.49457111,55721.50602991,989.0,,,,,55721.64754627,12328,HAP,,POLYGON 150.00019772327173 2.301563165364133 150.0227524615446 2.353732106539869 150.0498414531801 2.343684074899441 150.02684680173337 2.292315095812868 150.00019772327173 2.301563165364133 POLYGON 150.02749614229737 2.2920329953981455 150.05053011573827 2.3433942226658666 150.07673837845667 2.333754231922432 150.05338109451034 2.2834010917491288 150.02749614229737 2.2920329953981455,,mast:HST/product/hst_12328_34_acs_wfc_g800l_jbhm34yw_flc.fits,PUBLIC,False,,68716601,,,0.0,1982868,150.04411967728169,2.325835790037304,,55721.49457111
science,HST,HAP-SVM,ACS/WFC,HAP,detection,,ANY,UNIDENTIFIED;PARALLEL FIELD,hst_12328_34_acs_wfc_total_jbhm34,150.0422131082,2.316973429628,image,"van Dokkum, Pieter",3,55721.41028852,55721.49241843,480.0,,,,,55721.6447569,12328,HAP,,POLYGON 150.00025901906105 2.301532312803867 150.02276268910592 2.3539216224142865 150.02327701094217 2.354004961474834 150.05025802493049 2.343977223572793 150.03384164009128 2.30676893195676 150.03395284186664 2.306602265669098 150.03853989082018 2.316477273314228 150.05054993288175 2.3436299989855844 150.05107815265734 2.3436577721808454 150.0771274512239 2.3340600808951506 150.0670213973191 2.311518657233136 150.05376030997664 2.2834633093778134 150.05323211262103 2.283435537054116 150.0348007976727 2.2895328259670045 150.02757278716575 2.2919911210474915 150.02737818363443 2.292421674990075 150.0264468827643 2.2924355562408563 150.00025901906105 2.301532312803867,mast:HST/product/hst_12328_34_acs_wfc_total_jbhm34_drc.jpg,mast:HST/product/hst_12328_34_acs_wfc_total_jbhm34_drc.fits,PUBLIC,False,,26438252,,,0.0,1982868,150.04411967728169,2.325835790037304,,55721.41028852
science,HST,HAP-SVM,ACS/WFC,HAP,F814W,OPTICAL,ANY,UNIDENTIFIED;PARALLEL FIELD,hst_12328_41_acs_wfc_f814w_jbhm41,150.0858865462,2.335213713717,image,"van Dokkum, Pieter",3,55724.27252223,55724.35467547,480.0,OPTICAL,708.0,959.0,,55724.62126154,12328,HAP,,POLYGON 150.04294472110783 2.324195731133817 150.0430003113388 2.3245846214798576 150.07085613903442 2.374001792308584 150.0718152974131 2.3737379115178285 150.09711465031148 2.361126775116262 150.08453450048998 2.339015737593014 150.07056473688553 2.315154575262076 150.07064814021754 2.314932353795236 150.08080918467635 2.3320018482362412 150.097378760084 2.360807328010002 150.09782358215324 2.360821212183714 150.12281665942538 2.348515167803137 150.11012502438538 2.326668253208252 150.09429231776846 2.3006268085484294 150.09376411457404 2.300654590446867 150.0761387618693 2.308612947153757 150.06910524460974 2.311862895828925 150.06900793827526 2.3123628947803287 150.0683963303733 2.3122517776022686 150.04294472110783 2.324195731133817,mast:HST/product/hst_12328_41_acs_wfc_f814w_jbhm41_drc.jpg,mast:HST/product/hst_12328_41_acs_wfc_f814w_jbhm41_drc.fits,PUBLIC,False,,26438687,708.0,959.0,0.0,1982868,150.04411967728169,2.325835790037304,F814W,55724.27252223
science,HST,HAP-SVM,ACS,HAP,,,ANY,,hst_12328_41_acs_wfc_g800l_jbhm41tv,150.0859467286,2.335461972685,image,"van Dokkum, Pieter",2,55724.27607556,55724.2819325,505.0,,,,,55724.6145833,12328,HAP,,POLYGON 150.04295691629446 2.324478924423973 150.07084747466288 2.374007814418422 150.09673796549737 2.3611849718202755 150.06849370716048 2.3124976353638735 150.04295691629446 2.324478924423973 POLYGON 150.06911000615986 2.3121492453548607 150.09739255937836 2.360824765195884 150.12244976396397 2.348499734599632 150.09395124866614 2.3008605800396915 150.06911000615986 2.3121492453548607,,mast:HST/product/hst_12328_41_acs_wfc_g800l_jbhm41tv_flc.fits,PUBLIC,False,,68716546,,,0.0,1982868,150.04411967728169,2.325835790037304,,55724.27607556
science,HST,HAP-SVM,ACS,HAP,,,ANY,,hst_12328_41_acs_wfc_g800l_jbhm41u2,150.0863414417,2.33546222309,image,"van Dokkum, Pieter",2,55724.29192037,55724.30337954,989.0,,,,,55724.6145833,12328,HAP,,POLYGON 150.04335251080064 2.3244797686068663 150.0712421491378 2.3740070248604535 150.09713178589408 2.361184605273595 150.06888845927776 2.3124988747812294 150.04335251080064 2.3244797686068663 POLYGON 150.06950473783257 2.3121504963363164 150.09778635822656 2.3608244104654665 150.1228427363162 2.3484997864301453 150.09434516098682 2.300862203378728 150.06950473783257 2.3121504963363164,,mast:HST/product/hst_12328_41_acs_wfc_g800l_jbhm41u2_flc.fits,PUBLIC,False,,68716538,,,0.0,1982868,150.04411967728169,2.325835790037304,,55724.29192037
science,HST,HAP-SVM,ACS,HAP,,,ANY,,hst_12328_41_acs_wfc_g800l_jbhm41ug,150.0858865462,2.335213713717,image,"van Dokkum, Pieter",2,55724.35682778,55724.36828695,989.0,,,,,55724.6145833,12328,HAP,,POLYGON 150.04289758397232 2.3242312331797583 150.07078725809336 2.3737585613949475 150.09667692782693 2.360936123108665 150.06843356504606 2.3122503218262134 150.04289758397232 2.3242312331797583 POLYGON 150.06904984440425 2.311901942834041 150.09733150101283 2.3605759278090885 150.1223879111106 2.3482512858172515 150.09389029935554 2.300613633376985 150.06904984440425 2.311901942834041,,mast:HST/product/hst_12328_41_acs_wfc_g800l_jbhm41ug_flc.fits,PUBLIC,False,,68716533,,,0.0,1982868,150.04411967728169,2.325835790037304,,55724.35682778
science,HST,HAP-SVM,ACS/WFC,HAP,detection,,ANY,UNIDENTIFIED;PARALLEL FIELD,hst_12328_41_acs_wfc_total_jbhm41,150.0858865462,2.335213713717,image,"van Dokkum, Pieter",3,55724.27252223,55724.35467547,480.0,,,,,55724.62126154,12328,HAP,,POLYGON 150.04293082039618 2.3242096196263144 150.07071713303557 2.3737517912096813 150.07085613915308 2.373987903426001 150.07130096526004 2.3739879072095427 150.09711465031148 2.361126775116262 150.08453450048998 2.339015737593014 150.07056473688553 2.315154575262076 150.07064814021754 2.314932353795236 150.08080918467635 2.3320018482362412 150.097378760084 2.360807328010002 150.09782358215324 2.360821212183714 150.12277495854246 2.34854294676319 150.12266373990556 2.3480429500735656 150.1108617678668 2.3279321274985056 150.094264517589 2.300626808770765 150.09376411457404 2.300654590446867 150.07511014675228 2.3090851640389127 150.06910524460974 2.311862895828925 150.06900793827526 2.3123628947803287 150.0683963303733 2.3122517776022686 150.04293082039618 2.3242096196263144,mast:HST/product/hst_12328_41_acs_wfc_total_jbhm41_drc.jpg,mast:HST/product/hst_12328_41_acs_wfc_total_jbhm41_drc.fits,PUBLIC,False,,26438705,,,0.0,1982868,150.04411967728169,2.325835790037304,,55724.27252223
science,HST,HAP-SVM,ACS/WFC,HAP,F606W,OPTICAL,ANY,UNIDENTIFIED;PARALLEL FIELD,hst_12440_82_acs_wfc_f606w_jboa82,150.0800155751,2.330030192484,image,"Faber, Sandra",3,55951.51770085,55951.52743521,682.0,OPTICAL,470.0,720.0,,55951.69714112,12440,HAP,,POLYGON 150.0881948750918 2.289475065527392 150.08773617604422 2.289572289321078 150.06470368567463 2.3066277318248427 150.08377470566376 2.329461180132626 150.10094192672358 2.3495860631627394 150.10124773950815 2.3495999480725462 150.10242927685343 2.3487804877918514 150.12425270807177 2.333391129073507 150.0881948750918 2.289475065527392 POLYGON 150.0640781733983 2.307044390281015 150.0415872454354 2.3235577990800618 150.05996310877796 2.3450859921117453 150.07790861940506 2.36546116623181 150.07824223694442 2.3654611673919455 150.08098068344842 2.363613952401822 150.10065002081268 2.3500721779157616 150.08330209296147 2.3297250692329414 150.06441177616304 2.3071138390827177 150.0640781733983 2.307044390281015,mast:HST/product/hst_12440_82_acs_wfc_f606w_jboa82_drc.jpg,mast:HST/product/hst_12440_82_acs_wfc_f606w_jboa82_drc.fits,PUBLIC,False,,26443306,470.0,720.0,0.0,1982868,150.04411967728169,2.325835790037304,F606W,55951.51770085
science,HST,HAP-SVM,ACS/WFC,HAP,F814W,OPTICAL,ANY,UNIDENTIFIED;PARALLEL FIELD,hst_12440_82_acs_wfc_f814w_jboa82,150.0799610143,2.329870540992,image,"Faber, Sandra",3,55951.52988826,55951.58250484,1359.0,OPTICAL,708.0,959.0,,55951.69968734,12440,HAP,,POLYGON 150.12419710033794 2.3331827974269324 150.08815317457933 2.2893222879739796 150.08776397529056 2.2893639559908108 150.06463418781055 2.306405508756602 150.0836079010094 2.3291695135587953 150.10090022305394 2.34943328595034 150.10120603562473 2.349433281983244 150.10564026803138 2.3463498842150994 150.12419710033794 2.3331827974269324 POLYGON 150.10059441588655 2.3498638453262877 150.08391371005658 2.330350068928384 150.06431447783464 2.3069055045226485 150.06398087400515 2.306919389015825 150.04154554858115 2.323418909009513 150.06014381384313 2.345197106151406 150.0778530170298 2.3653083883172243 150.07817273380365 2.3653083894433315 150.0832743005841 2.361863954316976 150.10059441588655 2.3498638453262877,mast:HST/product/hst_12440_82_acs_wfc_f814w_jboa82_drc.jpg,mast:HST/product/hst_12440_82_acs_wfc_f814w_jboa82_drc.fits,PUBLIC,False,,26443326,708.0,959.0,0.0,1982868,150.04411967728169,2.325835790037304,F814W,55951.52988826
science,HST,HAP-SVM,ACS/WFC,HAP,detection,,ANY,UNIDENTIFIED;PARALLEL FIELD,hst_12440_82_acs_wfc_total_jboa82,150.0800155751,2.330030192484,image,"Faber, Sandra",3,55951.51770085,55951.58250484,2041.0,,,,,55951.69968734,12440,HAP,,POLYGON 150.0881253746199 2.289322288075315 150.08776397529056 2.2893639559908108 150.06463418781055 2.306405508756602 150.08170355177285 2.3270028465539134 150.10094192672358 2.3495860631627394 150.10124773950815 2.3495999480725462 150.10242927685343 2.3487804877918514 150.12423880807185 2.333405018366664 150.0881253746199 2.289322288075315 POLYGON 150.0640225748331 2.306891611796852 150.04154554980417 2.3233772423540198 150.05893449029372 2.3438776417615794 150.07792252013584 2.3654611662817464 150.07824223694442 2.3654611673919455 150.0818425280748 2.363030620212379 150.10065002081268 2.3500721779157616 150.0643422777723 2.30693328265763 150.0640225748331 2.306891611796852,mast:HST/product/hst_12440_82_acs_wfc_total_jboa82_drc_color.jpg,mast:HST/product/hst_12440_82_acs_wfc_total_jboa82_drc.fits,PUBLIC,False,,26443346,,,0.0,1982868,150.04411967728169,2.325835790037304,,55951.51770085
science,HST,HAP-SVM,WFC3/IR,HAP,F105W,INFRARED,HZ3,GALAXY;HIGH REDSHIFT GALAXY;PROTOGALAXY,hst_13641_03_wfc3_ir_f105w_icow03,150.0391666667,2.337194444444,image,"Capak, Peter",3,57091.42988945,57091.46257389,2611.737182,INFRARED,901.2,1204.1000000000001,,57457.54055547,13641,HAP,,POLYGON 150.066437662655 2.346553740458058 150.04946573805114 2.313102068373918 150.0469343053494 2.3142777054589994 150.04600729776587 2.313814583901506 150.01566541984855 2.3285274826725813 150.03381333640968 2.364473319274564 150.06383489382628 2.3489406595396947 150.06422708027915 2.347836278269617 150.066437662655 2.346553740458058,mast:HST/product/hst_13641_03_wfc3_ir_f105w_icow03_drz.jpg,mast:HST/product/hst_13641_03_wfc3_ir_f105w_icow03_drz.fits,PUBLIC,False,,26624949,901.2,1204.1000000000001,0.0,1982868,150.04411967728169,2.325835790037304,F105W,57091.42988945
science,HST,HAP-SVM,WFC3/IR,HAP,F125W,INFRARED,HZ3,GALAXY;HIGH REDSHIFT GALAXY;PROTOGALAXY,hst_13641_03_wfc3_ir_f125w_icow03,150.0391666667,2.337194444444,image,"Capak, Peter",3,57091.49491278,57091.52875464,2711.737487,INFRARED,1092.6,1405.5,,57457.6381944,13641,HAP,,POLYGON 150.06640200712627 2.346518116100715 150.04946573805114 2.313102068373918 150.0469343053494 2.3142777054589994 150.04618556785059 2.3137433333121242 150.01577238444543 2.3284562346194604 150.03392030265707 2.364437694854313 150.06394185753814 2.3488694078199917 150.06426273462185 2.347800652688497 150.06640200712627 2.346518116100715,mast:HST/product/hst_13641_03_wfc3_ir_f125w_icow03_drz.jpg,mast:HST/product/hst_13641_03_wfc3_ir_f125w_icow03_drz.fits,PUBLIC,False,,26624931,1092.6,1405.5,0.0,1982868,150.04411967728169,2.325835790037304,F125W,57091.49491278
science,HST,HAP-SVM,WFC3/IR,HAP,F160W,INFRARED,HZ3,GALAXY;HIGH REDSHIFT GALAXY;PROTOGALAXY,hst_13641_03_wfc3_ir_f160w_icow03,150.0391666667,2.337194444444,image,"Capak, Peter",3,57091.56122056,57091.59537501,2711.737487,INFRARED,1393.8999999999999,1692.4,,57457.78310176,13641,HAP,,POLYGON 150.066437662655 2.346553740458058 150.04946573805114 2.313102068373918 150.04689865127125 2.3142777055997907 150.04614991378594 2.3137433334340973 150.01577238444543 2.3284562346194604 150.03395595800944 2.3644376950433865 150.06376358448895 2.3489762856827427 150.06426273462185 2.347800652688497 150.066437662655 2.346553740458058,mast:HST/product/hst_13641_03_wfc3_ir_f160w_icow03_drz.jpg,mast:HST/product/hst_13641_03_wfc3_ir_f160w_icow03_drz.fits,PUBLIC,False,,26624941,1393.8999999999999,1692.4,0.0,1982868,150.04411967728169,2.325835790037304,F160W,57091.56122056
science,HST,HAP-SVM,WFC3/IR,HAP,detection,,HZ3,GALAXY;HIGH REDSHIFT GALAXY;PROTOGALAXY,hst_13641_03_wfc3_ir_total_icow03,150.0391666667,2.337194444444,image,"Capak, Peter",3,57091.42988945,57091.59537501,8035.212156,,,,,57457.78310176,13641,HAP,,POLYGON 150.04975097322014 2.3135651916264797 150.04925181396533 2.313137694579646 150.04689865127125 2.3142777055997907 150.04607860577772 2.3137789586695616 150.0160932768917 2.3283137404035297 150.01598629560687 2.3293112383872114 150.03320720178135 2.3633689410843335 150.0343838236449 2.3641526972962206 150.06383489382628 2.3489406595396947 150.06422708027915 2.347836278269617 150.0664376639309 2.3466249904512355 150.04975097322014 2.3135651916264797,mast:HST/product/hst_13641_03_wfc3_ir_total_icow03_drz_color.jpg,mast:HST/product/hst_13641_03_wfc3_ir_total_icow03_drz.fits,PUBLIC,False,,26624959,,,0.0,1982868,150.04411967728169,2.325835790037304,,57091.42988945
science,HST,HAP-SVM,ACS/WFC,HAP,F606W,OPTICAL,ANY,UNIDENTIFIED;PARALLEL FIELD,hst_13657_08_acs_wfc_f606w_jcor08,150.0352160318,2.336005053368,image,"Kartaltepe, Jeyhan",3,57041.56077329,57041.59110949,2146.0,OPTICAL,470.0,720.0,,57406.85541655,13657,HAP,,POLYGON 150.0456293007598 2.2960364201037264 150.02142913438942 2.311716889508544 150.03742825066604 2.333508654893846 150.05509595847514 2.356939108575399 150.07924094509607 2.3421191692739036 150.04586560159743 2.2960503077583083 150.0456293007598 2.2960364201037264 POLYGON 150.0546372402113 2.3572030028599738 150.03933261015032 2.3369808770191747 150.02097042233962 2.3121613283415243 149.99733964001686 2.3272858386414406 150.01406137714983 2.349508444657968 150.03114506946088 2.3714252982858546 150.04635248316956 2.362453074197876 150.05460944149075 2.357425225363888 150.0546372402113 2.3572030028599738,mast:HST/product/hst_13657_08_acs_wfc_f606w_jcor08_drc.jpg,mast:HST/product/hst_13657_08_acs_wfc_f606w_jcor08_drc.fits,PUBLIC,False,,26469990,470.0,720.0,0.0,1982868,150.04411967728169,2.325835790037304,F606W,57041.56077329
science,HST,HAP-SVM,ACS/WFC,HAP,detection,,ANY,UNIDENTIFIED;PARALLEL FIELD,hst_13657_08_acs_wfc_total_jcor08,150.0352160318,2.336005053368,image,"Kartaltepe, Jeyhan",3,57041.56077329,57041.59110949,2146.0,,,,,57406.85541655,13657,HAP,,POLYGON 150.079185338273 2.3419525042731624 150.04587950186686 2.2960919743322368 150.04553200073104 2.2960919761278378 150.02142913438942 2.311716889508544 150.03742825066604 2.333508654893846 150.05509595847514 2.356939108575399 150.07244370663173 2.346383239097359 150.0791297435658 2.3422025058240377 150.079185338273 2.3419525042731624 POLYGON 150.02077581931988 2.31217521484022 149.99735354076876 2.327271950159564 150.01395017546676 2.349341776085177 150.03115897025148 2.3714252983576523 150.05460944149075 2.357425225363888 150.0546372402113 2.3572030028599738 150.0395272166802 2.337244765752596 150.02108162243394 2.3122863296689022 150.02077581931988 2.31217521484022,mast:HST/product/hst_13657_08_acs_wfc_total_jcor08_drc.jpg,mast:HST/product/hst_13657_08_acs_wfc_total_jcor08_drc.fits,PUBLIC,False,,26470011,,,0.0,1982868,150.04411967728169,2.325835790037304,,57041.56077329
science,HST,HAP-SVM,WFC3/IR,HAP,F160W,INFRARED,COSMOS-T14,UNIDENTIFIED;BLANK FIELD,hst_14114_14_wfc3_ir_f160w_icxe14,150.038875,2.336383333333,image,"van Dokkum, Pieter",3,57861.40752759,57861.43985315,2073.50055,INFRARED,1393.8999999999999,1692.4,,57861.5201388,14114,HAP,,POLYGON 150.062332355139 2.3273774113461165 150.02692771783572 2.3143389609271 150.0147335625212 2.34579552808302 150.02664223131882 2.350640637890612 150.01519653734124 2.380209172442997 150.05124462680422 2.393675469053688 150.06279655421798 2.361790995540175 150.0517433804935 2.3572311802598795 150.062332355139 2.3273774113461165 POLYGON 150.05926754268367 2.410704084397557 150.02403899770897 2.397843620650969 150.01180834717675 2.4295853053040792 150.02578586618614 2.435036106034771 150.014018493306 2.4653528358286168 150.0247871731535 2.4696992196865044 150.013126452217 2.4997665638759066 150.0231822318288 2.5035785735995293 150.02371711132156 2.504219828398509 150.01216304978342 2.5339308899604216 150.02129192540107 2.537814144439219 150.0097018548262 2.5676676374547744 150.02114890074333 2.5723346805017027 150.00934454208064 2.60290059516488 150.0456125745579 2.6161176302976634 150.05695260259247 2.5843045470790655 150.04696743764492 2.58042156380371 150.04643251603417 2.579744696039063 150.05730865279847 2.549249655046628 150.0490710988114 2.545544772687468 150.05976860376128 2.515334662553229 150.0505327970295 2.5118791755835517 150.05006922038567 2.5112735560710857 150.0607307706524 2.481170285306777 150.0513525644627 2.4776435526287397 150.05088899937434 2.477037932965133 150.06162156763085 2.446720897855895 150.04899876591847 2.4419829551761354 150.04849955695232 2.4413773350253942 150.05926754268367 2.410704084397557,mast:HST/product/hst_14114_14_wfc3_ir_f160w_icxe14_drz.jpg,mast:HST/product/hst_14114_14_wfc3_ir_f160w_icxe14_drz.fits,PUBLIC,False,,359668448,1393.8999999999999,1692.4,0.0,1982868,150.04411967728169,2.325835790037304,F160W,57861.40752759
science,HST,HAP-SVM,WFC3/IR,HAP,detection,,COSMOS-T14,UNIDENTIFIED;BLANK FIELD,hst_14114_14_wfc3_ir_total_icxe14,150.038875,2.336383333333,image,"van Dokkum, Pieter",3,57861.40752759,57861.43985315,2073.50055,,,,,57861.5201388,14114,HAP,,POLYGON 150.02678509954112 2.314695207544508 150.0147692178857 2.3457599037804386 150.02664223131882 2.350640637890612 150.0152321919489 2.3802804228183976 150.05017494017264 2.3932836061483655 150.05128027961098 2.3933904691119325 150.0517438022453 2.392856089735048 150.06279655421798 2.361790995540175 150.0517433804935 2.3572311802598795 150.06233235302358 2.327270536975499 150.02774775798892 2.314481464934464 150.02678509954112 2.314695207544508 POLYGON 150.05926754268367 2.410704084397557 150.02403899738917 2.3978792456011155 150.01180835300138 2.429264680456992 150.02578586618614 2.435036106034771 150.01405415247942 2.465281586420915 150.0247871731535 2.4696992196865044 150.01316211235982 2.4996953145270266 150.0231822318288 2.5035785735995293 150.02371711132156 2.504219828398509 150.01219871089282 2.5338596407236555 150.02129192540107 2.537814144439219 150.0097375169701 2.5675963884220345 150.02114890074333 2.5723346805017027 150.0093802058999 2.6027937215458214 150.04457837368807 2.615868264526646 150.04561257249637 2.6158326322776517 150.04596918804262 2.615191383923881 150.05695260259247 2.5843045470790655 150.04639685580182 2.5798515709009275 150.05730865279847 2.549249655046628 150.0490710988114 2.545544772687468 150.05976860376128 2.515334662553229 150.0505327970295 2.5118791755835517 150.05006922038567 2.5112735560710857 150.0607307706524 2.481170285306777 150.0513525644627 2.4776435526287397 150.05088899937434 2.477037932965133 150.06162156763085 2.446720897855895 150.04899876591847 2.4419829551761354 150.0484995566174 2.441341710032354 150.05926754268367 2.410704084397557,mast:HST/product/hst_14114_14_wfc3_ir_total_icxe14_drz.jpg,mast:HST/product/hst_14114_14_wfc3_ir_total_icxe14_drz.fits,PUBLIC,False,,359669535,,,0.0,1982868,150.04411967728169,2.325835790037304,,57861.40752759
science,HST,HAP-SVM,ACS/WFC,HAP,F435W,OPTICAL,ANY,UNIDENTIFIED;PARALLEL FIELD,hst_15100_04_acs_wfc_f435w_jdnb04,150.0271574504,2.325816284251,image,"Cooke, Jeff",3,58185.57559832,58185.87117785,13326.0,OPTICAL,370.0,479.99999999999994,,58370.8713657,15100,HAP,,POLYGON 150.00185972710725 2.2929275786228143 149.99631236587413 2.3494135656743547 150.02504483733674 2.353886136431001 150.0252255460781 2.3534694701968273 150.02735234537934 2.3301778078891506 150.02999336500898 2.2976083638408378 150.00229063076227 2.2927470308454887 150.00185972710725 2.2929275786228143 POLYGON 150.03070226819563 2.297622251410641 150.03045206710618 2.297636140800745 150.03035476716877 2.297900029812087 150.0284226709262 2.3225805855330175 150.02561476270986 2.353816692968303 150.05340217225213 2.358233122787027 150.0554589986873 2.3343164229613493 150.05752949190978 2.302663608378494 150.03070226819563 2.297622251410641,mast:HST/product/hst_15100_04_acs_wfc_f435w_jdnb04_drc.jpg,mast:HST/product/hst_15100_04_acs_wfc_f435w_jdnb04_drc.fits,PUBLIC,False,,26489673,370.0,479.99999999999994,0.0,1982868,150.04411967728169,2.325835790037304,F435W,58185.57559832
science,HST,HAP-SVM,ACS/WFC,HAP,detection,,ANY,UNIDENTIFIED;PARALLEL FIELD,hst_15100_04_acs_wfc_total_jdnb04,150.0271574504,2.325816284251,image,"Cooke, Jeff",3,58185.57559832,58185.87117785,13326.0,,,,,58370.8713657,15100,HAP,,POLYGON 150.0018736273744 2.292913689990292 149.9963262661335 2.3494274548705 150.02504483733674 2.353886136431001 150.0252255460538 2.3534833590823836 150.02728284323115 2.3309833634197386 150.02999336498635 2.297594474955226 150.00230453077359 2.2927470310917673 150.0018736273744 2.292913689990292 POLYGON 150.0303686670492 2.2978028075866197 150.02835316976336 2.3233861411211345 150.02562866328492 2.3538444707598813 150.0533882715957 2.3582331230433837 150.05544509881338 2.334344201009274 150.0575155918018 2.3026636086690253 150.03348228264417 2.2981222427415777 150.03074396841177 2.2976361402078944 150.0303686670492 2.2978028075866197,mast:HST/product/hst_15100_04_acs_wfc_total_jdnb04_drc.jpg,mast:HST/product/hst_15100_04_acs_wfc_total_jdnb04_drc.fits,PUBLIC,False,,26489675,,,0.0,1982868,150.04411967728169,2.325835790037304,,58185.57559832
science,HST,HAP-SVM,ACS/WFC,HAP,F435W,OPTICAL,ANY,UNIDENTIFIED;PARALLEL FIELD,hst_15100_05_acs_wfc_f435w_jdnb05,150.0280467242,2.325636179439,image,"Cooke, Jeff",3,58186.43655906,58186.73215008,13326.0,OPTICAL,370.0,479.99999999999994,,58371.48912038,15100,HAP,,POLYGON 150.0027463911905 2.292726437586378 149.99719903025863 2.3492402024191255 150.0259453987943 2.353698884271887 150.0282390058909 2.3300183334814033 150.03088002513823 2.297407222766891 150.00317729478456 2.2925458898081637 150.0027463911905 2.292726437586378 POLYGON 150.03125532712562 2.29760166651248 150.02919812942199 2.323698888953594 150.0265014234763 2.353629440782491 150.0542888292799 2.3580458706024703 150.05631786199822 2.3345041712756527 150.0584161481529 2.3024624673147764 150.0341882412726 2.297879435729603 150.03161672834514 2.2974211102776207 150.03125532712562 2.29760166651248,mast:HST/product/hst_15100_05_acs_wfc_f435w_jdnb05_drc.jpg,mast:HST/product/hst_15100_05_acs_wfc_f435w_jdnb05_drc.fits,PUBLIC,False,,26489660,370.0,479.99999999999994,0.0,1982868,150.04411967728169,2.325835790037304,F435W,58186.43655906
science,HST,HAP-SVM,ACS/WFC,HAP,detection,,ANY,UNIDENTIFIED;PARALLEL FIELD,hst_15100_05_acs_wfc_total_jdnb05,150.0280467242,2.325636179439,image,"Cooke, Jeff",3,58186.43655906,58186.73215008,13326.0,,,,,58371.48912038,15100,HAP,,POLYGON 150.00276029145567 2.292712548953823 149.9971990308764 2.3492124246503576 149.9975187396186 2.3494068761668045 150.02595929940878 2.3536988842980224 150.02830850794604 2.3292405557231928 150.03088002511558 2.297393333881286 150.0031911947939 2.2925458900543942 150.00276029145567 2.292712548953823 POLYGON 150.03158892825462 2.2974349992219714 150.03124142722103 2.2976849998522866 150.02918422917455 2.3238655556261527 150.0265014234763 2.353629440782491 150.05427492862535 2.3580458708588274 150.05630396212186 2.3345319493232783 150.05840224834046 2.302476356490092 150.03158892825462 2.2974349992219714,mast:HST/product/hst_15100_05_acs_wfc_total_jdnb05_drc.jpg,mast:HST/product/hst_15100_05_acs_wfc_total_jdnb05_drc.fits,PUBLIC,False,,26489664,,,0.0,1982868,150.04411967728169,2.325835790037304,,58186.43655906
science,HST,HAP-SVM,ACS/WFC,HAP,F435W,OPTICAL,ANY,UNIDENTIFIED;PARALLEL FIELD,hst_15100_06_acs_wfc_f435w_jdnb06,150.0262681764,2.32599638852,image,"Cooke, Jeff",3,58187.49621165,58187.79179008,13326.0,OPTICAL,370.0,479.99999999999994,,58372.61026608,15100,HAP,,POLYGON 150.0009638834335 2.2930963889462297 149.99540262091693 2.3495823756805825 150.02414899640053 2.354068835641976 150.0263731021567 2.331249395959573 150.0290975246561 2.2977771741632305 150.00139478713947 2.2929158411692216 150.0009638834335 2.2930963889462297 POLYGON 150.02947282671445 2.297957729023057 150.0275546308594 2.3224438402855854 150.0247328224455 2.3540132810850865 150.05250633503988 2.3584158219611764 150.05454926400438 2.334638011276726 150.05663365482152 2.3028324186604423 150.03342044746458 2.2984299382970947 150.02983422805386 2.2977910616737067 150.02947282671445 2.297957729023057,mast:HST/product/hst_15100_06_acs_wfc_f435w_jdnb06_drc.jpg,mast:HST/product/hst_15100_06_acs_wfc_f435w_jdnb06_drc.fits,PUBLIC,False,,26489243,370.0,479.99999999999994,0.0,1982868,150.04411967728169,2.325835790037304,F435W,58187.49621165
science,HST,HAP-SVM,ACS/WFC,HAP,detection,,ANY,UNIDENTIFIED;PARALLEL FIELD,hst_15100_06_acs_wfc_total_jdnb06,150.0262681764,2.32599638852,image,"Cooke, Jeff",3,58187.49621165,58187.79179008,13326.0,,,,,58372.61026608,15100,HAP,,POLYGON 150.0009777837023 2.2930825003137087 149.99541652148676 2.349582375992502 150.02414899640053 2.354068835641976 150.02641480346074 2.330791062642193 150.0290975246561 2.2977771741632305 150.00391068277176 2.2933325500497332 150.00140868715243 2.2929158414155197 150.0009777837023 2.2930825003137087 POLYGON 150.0294728267408 2.2979716179086935 150.02741562850676 2.324068840350235 150.0247189218483 2.3539993921789892 150.05249243438163 2.3584158222175535 150.05453536412705 2.3346657893245424 150.0566197547119 2.302832418950994 150.03304514533306 2.298374384443912 150.02984812814756 2.2978049505297053 150.0294728267408 2.2979716179086935,mast:HST/product/hst_15100_06_acs_wfc_total_jdnb06_drc.jpg,mast:HST/product/hst_15100_06_acs_wfc_total_jdnb06_drc.fits,PUBLIC,False,,26489259,,,0.0,1982868,150.04411967728169,2.325835790037304,,58187.49621165
science,HST,HAP-SVM,ACS/WFC,HAP,F435W,OPTICAL,CLUTCH-TARGET-CH,GALAXY;HIGH REDSHIFT GALAXY,hst_17802_ch_acs_wfc_f435w_jffuch,149.9868495833,2.418227777778,image,"Kartaltepe, Jeyhan",3,60704.32927148,60704.34129768,800.0,OPTICAL,370.0,479.99999999999994,,60704.67459475,17802,HAP,,POLYGON 150.06565251667732 2.343919035035103 150.04489837214587 2.2910722411214937 150.04320257889444 2.291613927890785 150.04266046871376 2.2907111565665086 150.01537470764458 2.2997667503482933 150.0156388017012 2.3007111966746208 150.01513839620247 2.300975081488004 150.01455460011258 2.3000722990068154 149.98810250040634 2.308863489754725 149.99913871001206 2.3355165214902742 150.00970274266166 2.359905573990272 150.01138472948165 2.359433371645325 150.01195464815476 2.360266710880766 150.01360883333842 2.3597945055533165 150.03797665893975 2.3525861929113843 150.03771254052967 2.3516834174088403 150.03801835195483 2.3514750817104035 150.03839366885302 2.3515861897500603 150.03878289133698 2.3522806307746014 150.06565251667732 2.343919035035103,mast:HST/product/hst_17802_ch_acs_wfc_f435w_jffuch_drc.jpg,mast:HST/product/hst_17802_ch_acs_wfc_f435w_jffuch_drc.fits,PUBLIC,False,,250805590,370.0,479.99999999999994,0.0,1982868,150.04411967728169,2.325835790037304,F435W,60704.32927148
science,HST,HAP-SVM,ACS/WFC,HAP,F606W,OPTICAL,CLUTCH-TARGET-CH,GALAXY;HIGH REDSHIFT GALAXY,hst_17802_ch_acs_wfc_f606w_jffuch,149.9868495833,2.418227777778,image,"Kartaltepe, Jeyhan",3,60704.26353074,60704.27473509,800.0,OPTICAL,470.0,720.0,,60704.53751157,17802,HAP,,POLYGON 150.04488447410282 2.291225019008508 150.04314698017143 2.291725039589195 150.0426326698158 2.2908083790533054 150.01534690668615 2.2998639723239314 150.01558320044563 2.3008223073235663 150.0150966949928 2.3010861922321872 150.01448509871068 2.300183409491826 149.98806079952513 2.308877377503153 149.99855491471746 2.334377621144687 150.0096471386075 2.3600166843723662 150.01134302609617 2.3595583711353467 150.01192684562164 2.3603778216514395 150.03789325629901 2.3527111935443603 150.037643038833 2.3518500845782127 150.03782374485192 2.351627860996756 150.03818515961913 2.3515445247980367 150.03869948878625 2.3524056314558868 150.06559691882654 2.344071814301013 150.04488447410282 2.291225019008508,mast:HST/product/hst_17802_ch_acs_wfc_f606w_jffuch_drc.jpg,mast:HST/product/hst_17802_ch_acs_wfc_f606w_jffuch_drc.fits,PUBLIC,False,,250805600,470.0,720.0,0.0,1982868,150.04411967728169,2.325835790037304,F606W,60704.26353074
science,HST,HAP-SVM,ACS/WFC,HAP,detection,,CLUTCH-TARGET-CH,GALAXY;HIGH REDSHIFT GALAXY,hst_17802_ch_acs_wfc_total_jffuch,149.9868495833,2.418227777778,image,"Kartaltepe, Jeyhan",3,60704.26353074,60704.34129768,1600.0,,,,,60704.67459475,17802,HAP,,POLYGON 150.06563861616544 2.3439190354196606 150.0449400728463 2.291127796128005 150.04318867889282 2.2916139280491707 150.04266046871376 2.2907111565665086 150.01537470764458 2.2997667503482933 150.01526350538612 2.2999611938491524 150.01555540115004 2.300711196017244 150.01534689818558 2.300905638754097 150.0149298960783 2.300822302018085 150.01455460011258 2.3000722990068154 149.98804689821205 2.308919043777427 149.9992499042261 2.3359887458312354 150.00964713877698 2.3600027954888727 150.01135692676755 2.359558371290097 150.0118712427559 2.360391709937676 150.01348372595558 2.359933393195561 150.03789325629901 2.3527111935443603 150.03803226058193 2.352488970267442 150.0377403422542 2.3517528616222796 150.03796275035165 2.3515723043551544 150.03832416667726 2.351683412523597 150.0386994886696 2.3523917425701453 150.0624971298475 2.345085785119161 150.06548571662125 2.3441412617914463 150.06563861616544 2.3439190354196606,mast:HST/product/hst_17802_ch_acs_wfc_total_jffuch_drc.jpg,mast:HST/product/hst_17802_ch_acs_wfc_total_jffuch_drc.fits,PUBLIC,False,,250805227,,,0.0,1982868,150.04411967728169,2.325835790037304,,60704.26353074
science,HST,HAP-SVM,WFC3/UVIS,HAP,F275W,UV,CLUTCH-TARGET-CU,GALAXY;HIGH REDSHIFT GALAXY,hst_17802_cu_wfc3_uvis_f275w_iffucu,150.0229983333,2.324111111111,image,"Kartaltepe, Jeyhan",3,60984.03101782,60984.04489501,1060.0,UV,243.20000000000002,305.8,,60984.45563651,17802,HAP,,POLYGON 150.05279015855123 2.3118554838156764 150.0109791575404 2.2957326661878623 150.01056060819047 2.2960518242131074 150.0086771526333 2.2953364482610117 149.9990722917563 2.3154104626194747 150.00099982428927 2.3163349577385675 150.00082358906184 2.3165000385581886 149.99889605279776 2.3158066598424596 149.98918076356864 2.336067699392747 150.0313341758393 2.3529835588789094 150.03169766284705 2.35262037291786 150.0336032363739 2.3533577290997094 150.04319684108003 2.332733202779873 150.04126925821535 2.3317867540735335 150.04145650497608 2.331599656944616 150.04338408387454 2.3323039831982717 150.05279015855123 2.3118554838156764,mast:HST/product/hst_17802_cu_wfc3_uvis_f275w_iffucu_drc.jpg,mast:HST/product/hst_17802_cu_wfc3_uvis_f275w_iffucu_drc.fits,PUBLIC,False,,357637061,243.20000000000002,305.8,0.0,1982868,150.04411967728169,2.325835790037304,F275W,60984.03101782
science,HST,HAP-SVM,WFC3/UVIS,HAP,detection,,CLUTCH-TARGET-CU,GALAXY;HIGH REDSHIFT GALAXY,hst_17802_cu_wfc3_uvis_total_iffucu,150.0229983333,2.324111111111,image,"Kartaltepe, Jeyhan",3,60984.03101782,60984.04489501,1060.0,,,,,60984.45563651,17802,HAP,,POLYGON 150.05279015855123 2.3118554838156764 150.01115538700037 2.2958537284957954 150.01082495578225 2.295765681753624 150.01056060786362 2.2960958464240933 150.008655123272 2.295402481385866 149.99911635148055 2.315311413310291 149.99912736380534 2.315454485688887 150.00101083915555 2.316312946784758 150.00081257403352 2.3165330550652072 149.99888503790277 2.3158286707795415 149.98918076356864 2.336067699392747 150.0313341758393 2.3529835588789094 150.03169766284705 2.35262037291786 150.0336032363739 2.3533577290997094 150.0431858267437 2.332755214061999 150.0412472294964 2.331830776608189 150.04148954867628 2.331577645356316 150.04339509820426 2.3322819719146124 150.05279015855123 2.3118554838156764,mast:HST/product/hst_17802_cu_wfc3_uvis_total_iffucu_drc.jpg,mast:HST/product/hst_17802_cu_wfc3_uvis_total_iffucu_drc.fits,PUBLIC,False,,357637088,,,0.0,1982868,150.04411967728169,2.325835790037304,,60984.03101782
science,HST,HAP-SVM,ACS/WFC,HAP,F435W,OPTICAL,CLUTCH-TARGET-CX,GALAXY;HIGH REDSHIFT GALAXY,hst_17802_cx_acs_wfc_f435w_jffucx,150.0207833333,2.433658333333,image,"Kartaltepe, Jeyhan",3,60985.92754534,60985.93957118,800.0,OPTICAL,370.0,479.99999999999994,,60986.31005784,17802,HAP,,POLYGON 150.09958076000808 2.359342929172296 150.0789236855266 2.3067044699369457 150.07874298128527 2.3065239167471034 150.07710277012708 2.3070517140274114 150.07656065419295 2.3061628316137845 150.049302397524 2.3152184252295522 150.04956649484086 2.3161073160280923 150.04935798939118 2.31632953653661 150.0489965822133 2.3164267557791742 150.04848228106064 2.3155239738380673 150.02202989182967 2.3243290501591134 150.03337201789702 2.3516626451688967 150.0436581675654 2.3753433599188636 150.04527066887258 2.374885045783733 150.045812792293 2.3757044958954205 150.0472167801013 2.3753295105236116 150.07189069606648 2.36802397915213 150.0716404755466 2.3671350924364685 150.07212699950443 2.366857310830325 150.07275254030444 2.367704527620007 150.09958076000808 2.359342929172296,mast:HST/product/hst_17802_cx_acs_wfc_f435w_jffucx_drc.jpg,mast:HST/product/hst_17802_cx_acs_wfc_f435w_jffucx_drc.fits,PUBLIC,False,,359457297,370.0,479.99999999999994,0.0,1982868,150.04411967728169,2.325835790037304,F435W,60985.92754534
science,HST,HAP-SVM,ACS/WFC,HAP,F606W,OPTICAL,CLUTCH-TARGET-CX,GALAXY;HIGH REDSHIFT GALAXY,hst_17802_cx_acs_wfc_f606w_jffucx,150.0207833333,2.433658333333,image,"Kartaltepe, Jeyhan",3,60985.91336719,60985.92457118,800.0,OPTICAL,470.0,720.0,,60986.2273496,17802,HAP,,POLYGON 150.0995112593672 2.3594401532969376 150.07879858365646 2.306662804874797 150.07707497127595 2.3071767142943864 150.07651895485463 2.3062600542554903 150.04926069602314 2.315315647090702 150.04951089252927 2.3162739822170972 150.04902438177123 2.316537867096927 150.0483988786587 2.3156350841973974 150.02196038908406 2.324370714905299 150.03284381533066 2.3506626348506914 150.0435747612233 2.3754544699516678 150.0452845684679 2.3749961570096114 150.04577108845288 2.3758294953952794 150.0466468434176 2.3755933936050946 150.07184899467086 2.3681350905708634 150.07158487330062 2.367232315071399 150.07201579453832 2.36698231170748 150.07271083898692 2.367815639064804 150.0995112593672 2.3594401532969376,mast:HST/product/hst_17802_cx_acs_wfc_f606w_jffucx_drc.jpg,mast:HST/product/hst_17802_cx_acs_wfc_f606w_jffucx_drc.fits,PUBLIC,False,,359457267,470.0,720.0,0.0,1982868,150.04411967728169,2.325835790037304,F606W,60985.91336719
science,HST,HAP-SVM,ACS/WFC,HAP,detection,,CLUTCH-TARGET-CX,GALAXY;HIGH REDSHIFT GALAXY,hst_17802_cx_acs_wfc_total_jffucx,150.0207833333,2.433658333333,image,"Kartaltepe, Jeyhan",3,60985.91336719,60985.93957118,1600.0,,,,,60986.31005784,17802,HAP,,POLYGON 150.07904879210992 2.307107245946414 150.0788124820178 2.306523915869725 150.07710277028877 2.307065602910604 150.07656065419295 2.3061628316137845 150.049302397524 2.3152184252295522 150.0491772939251 2.315398979724504 150.0494691924705 2.3161906485699544 150.04906608344103 2.316426756355248 150.04848228106064 2.3155239738380673 150.0221132971897 2.324204052483338 150.02198818779783 2.324440160090577 150.03053643775476 2.3451486987664407 150.04360256288442 2.375454470297328 150.04529846929412 2.3749961571653206 150.0458683944428 2.3758156075648316 150.07184899467086 2.3681350905708634 150.07197409994654 2.367940645168127 150.07168217822473 2.367190647653703 150.07201579453832 2.36698231170748 150.07271083898692 2.367815639064804 150.099497361003 2.3595234869897386 150.07904879210992 2.307107245946414,mast:HST/product/hst_17802_cx_acs_wfc_total_jffucx_drc.jpg,mast:HST/product/hst_17802_cx_acs_wfc_total_jffucx_drc.fits,PUBLIC,False,,359457324,,,0.0,1982868,150.04411967728169,2.325835790037304,,60985.91336719
science,HST,HAP-SVM,ACS/WFC,HAP,F814W,OPTICAL,COSMOS25-21,CLUSTER OF GALAXIES;BLANK SKY,hst_9822_4c_acs_wfc_f814w_j8pu4c,150.0327916667,2.329077777778,image,"Scoville, Nicholas",3,52935.52059596,52935.65438142,2028.0,OPTICAL,708.0,959.0,,52935.81093743,9822,HAP,,POLYGON 150.05724672125825 2.2973397019776747 150.05627371731 2.297339718074353 149.99772645892497 2.305964464924292 150.0041060286554 2.3348396039505053 150.01011060153607 2.3600341543522596 150.03679989341907 2.35710378431267 150.0684376619757 2.3529922317964687 150.05724672125825 2.2973397019776747,mast:HST/product/hst_9822_4c_acs_wfc_f814w_j8pu4c_drc.jpg,mast:HST/product/hst_9822_4c_acs_wfc_f814w_j8pu4c_drc.fits,PUBLIC,False,,26353568,708.0,959.0,0.0,1982868,150.04411967728169,2.325835790037304,F814W,52935.52059596
science,HST,HAP-SVM,ACS/WFC,HAP,detection,,COSMOS25-21,CLUSTER OF GALAXIES;BLANK SKY,hst_9822_4c_acs_wfc_total_j8pu4c,150.0327916667,2.329077777778,image,"Scoville, Nicholas",3,52935.52059596,52935.65438142,2028.0,,,,,52935.81093743,9822,HAP,,POLYGON 150.05724672244898 2.2974091463941533 150.0562876182813 2.2973952733826026 149.99783766003387 2.3059644676796873 150.00366125945558 2.332714595011772 150.01013840311302 2.3600202659270093 150.03668868823078 2.357103784603705 150.0684237606762 2.352964454380309 150.05724672244898 2.2974091463941533,mast:HST/product/hst_9822_4c_acs_wfc_total_j8pu4c_drc.jpg,mast:HST/product/hst_9822_4c_acs_wfc_total_j8pu4c_drc.fits,PUBLIC,False,,26353572,,,0.0,1982868,150.04411967728169,2.325835790037304,,52935.52059596
science,HST,HAP-SVM,WFPC2/PC,HAP,F300W,UV,ANY,UNIDENTIFIED;PARALLEL FIELD,hst_9822_5f_wfpc2_pc_f300w_u8pu5f,150.044703957,2.308087937324,image,"Scoville, Nicholas Z.",3,53129.04740652,53129.07703615,1600.0,UV,254.97,328.99,,53129.35094912,9822,HAP,,POLYGON 150.04069754085975 2.278548284477715 150.0292093742189 2.294489676992202 150.0279820984087 2.2962342493294488 150.0280327030951 2.296512372755432 150.01686055949554 2.3123398926917154 150.03672448102023 2.3265370786616684 150.0511102573499 2.3364610352614106 150.05147717758956 2.3360944178630265 150.05199592950964 2.33642310660992 150.05238815404675 2.335955353355345 150.05281833860036 2.33620819048499 150.05313464850957 2.335841572859945 150.05374196763105 2.3361070508727737 150.06615378880997 2.3182565148943572 150.05708204513033 2.3117839327099223 150.06167474048755 2.3051468723098467 150.0545894916464 2.3000901496315205 150.0610040355205 2.290937334339372 150.04330384250403 2.278257528976021 150.04292428317052 2.2786115022905826 150.04240555443664 2.2782828102384083 150.0420006905752 2.2787505606987937 150.04158317727212 2.278497720348997 150.04125422519115 2.278864335357132 150.04069754085975 2.278548284477715,mast:HST/product/hst_9822_5f_wfpc2_pc_f300w_u8pu5f_drz.jpg,mast:HST/product/hst_9822_5f_wfpc2_pc_f300w_u8pu5f_drz.fits,PUBLIC,False,,207854812,254.97,328.99,0.0,1982868,150.04411967728169,2.325835790037304,F300W,53129.04740652
science,HST,HAP-SVM,WFPC2/PC,HAP,detection,,ANY,UNIDENTIFIED;PARALLEL FIELD,hst_9822_5f_wfpc2_pc_total_u8pu5f,150.044703957,2.308087937324,image,"Scoville, Nicholas Z.",3,53129.04740652,53129.07703615,1600.0,,,,,53129.35094912,9822,HAP,,POLYGON 150.04069754085975 2.278548284477715 150.0292093742189 2.294489676992202 150.0279820984087 2.2962342493294488 150.0280327030951 2.296512372755432 150.01686055949554 2.3123398926917154 150.03672448102023 2.3265370786616684 150.0511102573499 2.3364610352614106 150.05147717758956 2.3360944178630265 150.05199592950964 2.33642310660992 150.05238815404675 2.335955353355345 150.05281833860036 2.33620819048499 150.05313464850957 2.335841572859945 150.05374196763105 2.3361070508727737 150.06615378880997 2.3182565148943572 150.05708204513033 2.3117839327099223 150.06167474048755 2.3051468723098467 150.0545894916464 2.3000901496315205 150.0610040355205 2.290937334339372 150.04330384250403 2.278257528976021 150.04292428317052 2.2786115022905826 150.04240555443664 2.2782828102384083 150.0420006905752 2.2787505606987937 150.04158317727212 2.278497720348997 150.04125422519115 2.278864335357132 150.04069754085975 2.278548284477715,mast:HST/product/hst_9822_5f_wfpc2_pc_total_u8pu5f_drz.jpg,mast:HST/product/hst_9822_5f_wfpc2_pc_total_u8pu5f_drz.fits,PUBLIC,False,,207854015,,,0.0,1982868,150.04411967728169,2.325835790037304,,53129.04740652
science,HST,HAP-MVM,ACS/WFC,HAP,F814W,OPTICAL,ANY,CLUSTER OF GALAXIES;BLANK SKY,hst_skycell-p1359x02y12_acs_wfc_f814w_all,150.0397347676,2.35276528118,image,,3,52935.52059596,56026.35663794,14880.0,OPTICAL,708.0,959.0,,56026.45376155,,,,POLYGON 150.02553717048016 2.11777696321321 150.01997367355693 2.117806427810599 150.02027372478688 2.3615169017658517 150.0401986109964 2.361510030330097 150.03824942809743 2.3570159033740676 150.0384269210891 2.3568490887579214 150.04059843590377 2.361509443893571 150.07137324794095 2.3614639607687575 150.0676980068946 2.3532861743470264 150.06844163403005 2.352918658157161 150.05725492545645 2.297328301052299 150.05129109624173 2.2705990685115687 150.04606611821328 2.2484765570978738 150.04622137228674 2.248298678258267 150.0495411865144 2.247738834181924 150.0437446965355 2.221419661847971 150.03789464546998 2.1965659816569825 150.03802764539347 2.196354824947992 150.04061455002972 2.195873827330443 150.03005534010774 2.1435103542847833 150.0301772193798 2.1432881111010005 150.03108757408057 2.1430870313767665 150.02553717048016 2.11777696321321,mast:HST/product/hst_skycell-p1359x02y12_acs_wfc_f814w_all_drc.jpg,mast:HST/product/hst_skycell-p1359x02y12_acs_wfc_f814w_all_drc.fits,PUBLIC,False,,83207656,708.0,959.0,0.0,1982868,150.04411967728169,2.325835790037304,F814W,52935.52059596
science,HST,CALWF3,WFC3/IR,HST,F105W,INFRARED,HZ3,GALAXY;HIGH REDSHIFT GALAXY;PROTOGALAXY,icow03040,150.0391666667,2.337194444444,image,"Capak, Peter Lawrence",3,57091.42988943287,57091.46257387732,2612.0,INFRARED,901.2,1204.1000000000001,"A Detailed Dynamical And Morphological Study Of 5<z<6 Star, Dust, and Galaxy Formation With ALMA And HST",57457.54055547,13641,GO,,POLYGON 150.06690183 2.34674323 150.06411367182281 2.3481376477378331 150.06449071 2.34888092 150.03394058 2.36415922 150.01667684 2.33012409 150.01668434980613 2.3301203344479497 150.01593027 2.32863364 150.04647982 2.31335581 150.0468568509111 2.3140991080471887 150.04963747 2.31270847 150.06690183 2.34674323 150.06690183 2.34674323,mast:HST/product/icow03040_drz.jpg,mast:HST/product/icow03040_drz.fits,PUBLIC,False,,24974171,901.2,1204.1000000000001,0.0,1982868,150.04411967728169,2.325835790037304,F105W,57091.42988943287
science,HST,CALWF3,WFC3/IR,HST,F125W,INFRARED,HZ3,GALAXY;HIGH REDSHIFT GALAXY;PROTOGALAXY,icow03050,150.0391666667,2.337194444444,image,"Capak, Peter Lawrence",3,57091.494912766204,57091.52875462963,2712.0,INFRARED,1092.6,1405.5,"A Detailed Dynamical And Morphological Study Of 5<z<6 Star, Dust, and Galaxy Formation With ALMA And HST",57457.6381944,13641,GO,,POLYGON 150.06690183 2.34674323 150.06411367182281 2.3481376477378331 150.06449071 2.34888092 150.03394058 2.36415922 150.01667684 2.33012409 150.01668434980613 2.3301203344479497 150.01593027 2.32863364 150.04647982 2.31335581 150.0468568509111 2.3140991080471887 150.04963747 2.31270847 150.06690183 2.34674323 150.06690183 2.34674323,mast:HST/product/icow03050_drz.jpg,mast:HST/product/icow03050_drz.fits,PUBLIC,False,,24974172,1092.6,1405.5,0.0,1982868,150.04411967728169,2.325835790037304,F125W,57091.494912766204
science,HST,CALWF3,WFC3/IR,HST,F160W,INFRARED,HZ3,GALAXY;HIGH REDSHIFT GALAXY;PROTOGALAXY,icow03060,150.0391666667,2.337194444444,image,"Capak, Peter Lawrence",3,57091.56122056713,57091.595375,2712.0,INFRARED,1393.8999999999999,1692.4,"A Detailed Dynamical And Morphological Study Of 5<z<6 Star, Dust, and Galaxy Formation With ALMA And HST",57457.78310176,13641,GO,,POLYGON 150.06690183 2.34674323 150.06411367182281 2.3481376477378331 150.06449071 2.34888092 150.03394058 2.36415922 150.01667684 2.33012409 150.01668434980613 2.3301203344479497 150.01593027 2.32863364 150.04647982 2.31335581 150.0468568509111 2.3140991080471887 150.04963747 2.31270847 150.06690183 2.34674323 150.06690183 2.34674323,mast:HST/product/icow03060_drz.jpg,mast:HST/product/icow03060_drz.fits,PUBLIC,False,,24975110,1393.8999999999999,1692.4,0.0,1982868,150.04411967728169,2.325835790037304,F160W,57091.56122056713
science,HST,CALWF3,WFC3/IR,HST,F160W,INFRARED,COSMOS-T14,UNIDENTIFIED;BLANK FIELD,icxe14010,150.038875,2.336383333333,image,"van Dokkum, Pieter",3,57861.40752758102,57861.439853159725,2074.0,INFRARED,1393.8999999999999,1692.4,A Wide-Field WFC3 Imaging Survey in the COSMOS Field,57861.5201388,14114,GO,,POLYGON 150.06314447 2.36140948 150.05130964 2.39332146 150.01550272 2.38018777 150.02667884055219 2.3500540967275163 150.01503104 2.34578154 150.02686628 2.31386986 150.06267161 2.32700326 150.0514964610681 2.3571372249935383 150.06314447 2.36140948 150.06314447 2.36140948 POLYGON 150.05729621 2.58392914 150.04545943 2.61584114 150.00964645 2.60270743 150.02115814267424 2.5716742651217315 150.01002543 2.56759128 150.02132323742066 2.537133861569663 150.01248066 2.53389073 150.02375585271187 2.5034934828327073 150.01344503 2.49971176 150.024801884281 2.4690935243959049 150.01434434 2.46525789 150.02580127011797 2.4343690421568662 150.01205608 2.42932741 150.02389205 2.39741574 150.05969953 2.41054923 150.0482436434209 2.4414383741245556 150.06198907 2.44647961 150.05063324344945 2.4770981358695323 150.061091 2.48093348 150.04981685153683 2.511331014022105 150.06012787 2.51511244 150.0488311002841 2.5455701927908079 150.05767389 2.5488131 150.04616329997768 2.5798465165373297 150.05729621 2.58392914 150.05729621 2.58392914,mast:HST/product/icxe14010_drz.jpg,mast:HST/product/icxe14010_drz.fits,PUBLIC,False,,25857682,1393.8999999999999,1692.4,0.0,1982868,150.04411967728169,2.325835790037304,F160W,57861.40752758102
science,HST,CALACS,ACS/WFC,HST,F814W,OPTICAL,COSMOS25-21,CLUSTER OF GALAXIES;BLANK SKY,j8pu4c010,150.0319527995,2.329205815331,image,"Scoville, Nicholas Z.",3,52935.52059594908,52935.65436917824,2028.0,OPTICAL,708.0,959.0,The COSMOS 2-Degree ACS Survey,52935.81093743,9822,GO,,POLYGON 150.06838463999995 2.3534420799998941 150.066701328774 2.3536714839729735 150.06670687 2.3536981899999558 150.03833688000009 2.357564169999955 150.03832210985567 2.3574929780235125 150.03748016999992 2.3576076999999578 150.03743057765229 2.3573686644286793 150.01044327000005 2.3608369499999915 150.01042893533554 2.3607722131194389 150.0095865800001 2.3608804599999149 149.99747007000005 2.3061588600000125 149.99915651030673 2.3059421496826729 149.99914780000003 2.3059028100000054 150.02603658117098 2.3024472903497362 150.02596094000003 2.3020826699999928 150.02764417477613 2.3018533178386775 150.02763863000013 2.3018265899999322 150.05600753000013 2.29796083000005 150.0560222985703 2.2980320128324578 150.05686419999989 2.2979172800000573 150.06838463999995 2.3534420799998941 150.06838463999995 2.3534420799998941,mast:HST/product/j8pu4c010_drz.jpg,mast:HST/product/j8pu4c010_drz.fits,PUBLIC,False,,24820593,708.0,959.0,0.0,1982868,150.04411967728169,2.325835790037304,F814W,52935.52059594908
science,HST,CALACS,ACS/WFC,HST,F814W,OPTICAL,ANY,UNIDENTIFIED;PARALLEL FIELD,jbhm33010,150.0397686472,2.353018465937,image,"van Dokkum, Pieter",3,55717.48284568287,55717.619558645834,480.0,OPTICAL,708.0,959.0,3D-HST: A Spectroscopic Galaxy Evolution Treasury Part 2,55717.76069437,12328,GO,,POLYGON 150.07514841 2.3696240100001416 150.04902538000002 2.3787908500000574 150.04895503557344 2.3786363253893867 150.04863284999988 2.3787493799998884 150.02662644938553 2.3304063693774908 150.04809660000004 2.3792777899999558 150.04802979473433 2.3793017940567114 150.04813048000003 2.3795309699999918 150.02117832999988 2.38921493000012 150.02110908007319 2.3890572987727339 150.02078579999991 2.3891734500000368 149.99795554000011 2.3372035899999544 149.99802234731021 2.337179587139643 149.99792167000007 2.3369504000000343 150.0248729599999 2.327266889999875 150.02494220633051 2.3274245186794134 150.02526548999998 2.3273083599999493 150.02542694127709 2.3276758791474212 150.02545967990747 2.3276643914002211 150.0253556400001 2.3274358299999811 150.05147786000006 2.3182694199999037 150.05154820822523 2.3184239587615254 150.05187039000003 2.3183108999998754 150.07511452000011 2.3693708299998586 150.07504435847858 2.3693954512314845 150.07514841 2.3696240100001416 150.07514841 2.3696240100001416,mast:HST/product/jbhm33010_drz.jpg,mast:HST/product/jbhm33010_drz.fits,PUBLIC,False,,24834352,708.0,959.0,0.0,1982868,150.04411967728169,2.325835790037304,F814W,55717.48284568287
science,HST,CALACS,ACS/WFC,HST,F814W,OPTICAL,ANY,UNIDENTIFIED;PARALLEL FIELD,jbhm34010,150.0418544678,2.317185138254,image,"van Dokkum, Pieter",3,55721.410288506944,55721.49240667824,480.0,OPTICAL,708.0,959.0,3D-HST: A Spectroscopic Galaxy Evolution Treasury Part 2,55721.6447569,12328,GO,,POLYGON 150.07723331999998 2.33379068000004 150.05111097000014 2.3429575200001076 150.051040623496 2.3428029868746236 150.05071844999995 2.3429160399998761 150.02871264177944 2.2945731417655115 150.05018222 2.3434444600001032 150.0501154133394 2.343468465218804 150.05021609999986 2.3436976499999584 150.02326464999993 2.3533816100000684 150.02319540543238 2.3532239872445162 150.02287213000011 2.3533401400000997 150.00004240000013 2.3013702800000169 150.00010920131481 2.3013462786263159 150.00000852999995 2.3011171000000692 150.02695914999998 2.2914335599999753 150.02702839471806 2.2915911887772737 150.02735166999992 2.2914750299999636 150.02751312160427 2.2918425586797162 150.02754586138917 2.2918310702188136 150.02744182000015 2.2916025000000912 150.05356338999988 2.2824360899999334 150.05363373640125 2.2825906286492668 150.05395591 2.2824775699998794 150.07719944000013 2.3335374999999972 150.07712927247036 2.3335621239593562 150.07723331999998 2.33379068000004 150.07723331999998 2.33379068000004,mast:HST/product/jbhm34010_drz.jpg,mast:HST/product/jbhm34010_drz.fits,PUBLIC,False,,24834354,708.0,959.0,0.0,1982868,150.04411967728169,2.325835790037304,F814W,55721.410288506944
science,HST,CALACS,ACS/WFC,HST,F814W,OPTICAL,ANY,UNIDENTIFIED;PARALLEL FIELD,jbhm41010,150.0859467286,2.335461972685,image,"van Dokkum, Pieter",3,55724.27252222222,55724.35466369213,480.0,OPTICAL,708.0,959.0,3D-HST: A Spectroscopic Galaxy Evolution Treasury Part 2,55724.62126154,12328,GO,,POLYGON 150.12280926000011 2.3480329199999916 150.12243348244124 2.3482108240164528 150.12247473999989 2.3482809199999015 150.09745433999998 2.3601259900001068 150.0705095737475 2.3143439980245764 150.09697629999994 2.3607075000001148 150.0966030233501 2.3608876375717225 150.09664176999991 2.3609555100000725 150.07085081999998 2.3734014800000063 150.04270859000013 2.324101110000139 150.04277251984902 2.3240702606214723 150.04264841999995 2.3238528500001441 150.0684387 2.3114073899999958 150.06852406571394 2.31155693712813 150.06883341999998 2.3114076499999179 150.06903241614089 2.31175625952624 150.06906381306356 2.3117413963564197 150.06893643 2.31152494999998 150.09395620000004 2.2996803799999919 150.09404233124755 2.2998267275314377 150.09435091000012 2.2996806399998757 150.12280926000011 2.3480329199999916 150.12280926000011 2.3480329199999916,mast:HST/product/jbhm41010_drz.jpg,mast:HST/product/jbhm41010_drz.fits,PUBLIC,False,,24834368,708.0,959.0,0.0,1982868,150.04411967728169,2.325835790037304,F814W,55724.27252222222
science,HST,CALACS,ACS/WFC,HST,F606W,OPTICAL,ANY,UNIDENTIFIED;PARALLEL FIELD,jboa82010,150.0800155751,2.330030192484,image,"Faber, Sandra M.",3,55951.51770084491,55951.527422997686,682.0,OPTICAL,470.0,720.0,"Cosmic Assembly Near-IR Deep Extragalactic Legacy Survey -- GOODS-South Field, Non-SNe-Searched Visits",55951.69714112,12440,GO,,POLYGON 150.10082599999987 2.35041745999986 150.07824445000008 2.3664239100000994 150.07814399309675 2.3663062202230987 150.07799946999987 2.3664086600000851 150.04157010000014 2.3237282399999897 150.06415138999998 2.3077223799998907 150.06425184411989 2.3078400737801621 150.06439637000003 2.3077376300000516 150.10082599999987 2.35041745999986 150.10082599999987 2.35041745999986 POLYGON 150.12457131000002 2.3337140999999062 150.10133649000008 2.3504467700000498 150.10123684725019 2.3503268571047373 150.10109150999995 2.350431519999908 150.06480726000015 2.3067642000000825 150.0880418 2.2900321300000215 150.08814144015878 2.2901520471624561 150.08828677999995 2.2900473799999954 150.12457131000002 2.3337140999999062 150.12457131000002 2.3337140999999062,mast:HST/product/jboa82010_drz.jpg,mast:HST/product/jboa82010_drz.fits,PUBLIC,False,,24835128,470.0,720.0,0.0,1982868,150.04411967728169,2.325835790037304,F606W,55951.51770084491
science,HST,CALACS,ACS/WFC,HST,F814W,OPTICAL,ANY,UNIDENTIFIED;PARALLEL FIELD,jboa82020,150.0797163106,2.32985532483,image,"Faber, Sandra M.",3,55951.529888275465,55951.58249259259,1359.0,OPTICAL,708.0,959.0,"Cosmic Assembly Near-IR Deep Extragalactic Legacy Survey -- GOODS-South Field, Non-SNe-Searched Visits",55951.69968734,12440,GO,,POLYGON 150.10077143999996 2.3502578100000275 150.07818989000012 2.3662642599998951 150.07808955087074 2.3661467081681189 150.07794518000014 2.3662490400000191 150.04151582000009 2.3235686300000116 150.06409711000006 2.3075627599999886 150.06419744264537 2.3076803114582574 150.06434181 2.30757798000003 150.10077143999996 2.3502578100000275 150.10077143999996 2.3502578100000275 POLYGON 150.12451675000011 2.33355444999987 150.1012819200001 2.3502871200000297 150.10118239773573 2.3501673520397297 150.10103722000008 2.3502719000001364 150.06475298000015 2.3066045900000627 150.08798750999995 2.2898725199999763 150.08808702825345 2.2899922904486996 150.08823221999998 2.2898877299999105 150.12451675000011 2.33355444999987 150.12451675000011 2.33355444999987,mast:HST/product/jboa82020_drz.jpg,mast:HST/product/jboa82020_drz.fits,PUBLIC,False,,24835129,708.0,959.0,0.0,1982868,150.04411967728169,2.325835790037304,F814W,55951.529888275465
science,HST,CALACS,ACS/WFC,HST,F606W,OPTICAL,ANY,UNIDENTIFIED;PARALLEL FIELD,jcor08010,150.0352160318,2.336005053368,image,"Kartaltepe, Jeyhan",3,57041.56077329861,57041.591097453704,2146.0,OPTICAL,470.0,720.0,Probing the Most Luminous Galaxies in the Universe at the Peak of Galaxy Assembly,57406.85541655,13657,GO,,POLYGON 150.05481473000006 2.3576873199999611 150.03131928999994 2.3723220699999086 150.03127992745371 2.3722699656688895 150.03116174000004 2.372343580000047 149.99734003999995 2.3275718599999182 149.99736083094297 2.3275589104158767 149.99730017999994 2.3274786200000062 150.02079521999991 2.3128444399999029 150.02083458520963 2.3128965508373778 150.02095278000002 2.3128229299999479 150.05477487000007 2.3575940799999993 150.05475407514245 2.3576070329333625 150.05481473000006 2.3576873199999611 150.05481473000006 2.3576873199999611 POLYGON 150.07951329000002 2.3424259799999629 150.05532256 2.3577468000000752 150.05528331404949 2.3576933957904989 150.05516501000005 2.3577683200001194 150.02154688999991 2.3120203399999029 150.02156644483625 2.3120079557984847 150.02150702999998 2.3119271000001174 150.04569732999997 2.2966068599999017 150.04573657866416 2.2966602709255848 150.04585489000007 2.2965853399999063 150.07947341999989 2.3423327399999478 150.07945386807103 2.342345123217469 150.07951329000002 2.3424259799999629 150.07951329000002 2.3424259799999629,mast:HST/product/jcor08010_drz.jpg,mast:HST/product/jcor08010_drz.fits,PUBLIC,False,,24839647,470.0,720.0,0.0,1982868,150.04411967728169,2.325835790037304,F606W,57041.56077329861
calibration,HST,CALACS,ACS/WFC,HST,F502N,OPTICAL,DARK,,jd4yatbnq,150.1176883525,2.241507898212,image,"Golimowski, David A.",1,57832.18637534722,57832.186393055556,0.5079,OPTICAL,499.40000000000003,505.00000000000006,CCD Daily Monitor (Part 2),57832.23046295,14517,CAL/ACS,,POLYGON 150.021256 2.289865 150.026541 2.347043 150.055454 2.346358 150.050168 2.28918 150.021256 2.289865,mast:HST/product/jd4yatbnq_raw.jpg,mast:HST/product/jd4yatbnq_raw.fits,PUBLIC,False,,25853575,499.40000000000003,505.00000000000006,0.0,1982868,150.04411967728169,2.325835790037304,F502N,57832.18637534722
calibration,HST,CALACS,ACS/WFC,HST,F502N,OPTICAL,DARK,,jd4yatboq,150.1176883525,2.241507898212,image,"Golimowski, David A.",1,57832.188123113425,57832.199713773145,1000.5,OPTICAL,499.40000000000003,505.00000000000006,CCD Daily Monitor (Part 2),57832.23887737,14517,CAL/ACS,,POLYGON 150.021256 2.289865 150.026541 2.347043 150.055454 2.346358 150.050168 2.28918 150.021256 2.289865,mast:HST/product/jd4yatboq_raw.jpg,mast:HST/product/jd4yatboq_raw.fits,PUBLIC,False,,25853576,499.40000000000003,505.00000000000006,0.0,1982868,150.04411967728169,2.325835790037304,F502N,57832.188123113425
calibration,HST,CALACS,ACS/WFC,HST,F502N,OPTICAL,BIAS,,jd4yaubvq,150.1178343909,2.241570753641,image,"Golimowski, David A.",1,57832.23026423611,57832.23026423611,0.0,OPTICAL,499.40000000000003,505.00000000000006,CCD Daily Monitor (Part 2),57832.30155093,14517,CAL/ACS,,POLYGON 150.021402 2.289928 150.026687 2.347106 150.0556 2.346421 150.050314 2.289243 150.021402 2.289928,mast:HST/product/jd4yaubvq_raw.jpg,mast:HST/product/jd4yaubvq_raw.fits,PUBLIC,False,,25853577,499.40000000000003,505.00000000000006,0.0,1982868,150.04411967728169,2.325835790037304,F502N,57832.23026423611
calibration,HST,CALACS,ACS/WFC,HST,F502N,OPTICAL,DARK,,jd4yaubwq,150.1178343909,2.241570753641,image,"Golimowski, David A.",1,57832.23190795139,57832.24350008102,1000.5,OPTICAL,499.40000000000003,505.00000000000006,CCD Daily Monitor (Part 2),57832.3071643,14517,CAL/ACS,,POLYGON 150.021402 2.289928 150.026687 2.347106 150.0556 2.346421 150.050314 2.289243 150.021402 2.289928,mast:HST/product/jd4yaubwq_raw.jpg,mast:HST/product/jd4yaubwq_raw.fits,PUBLIC,False,,25853578,499.40000000000003,505.00000000000006,0.0,1982868,150.04411967728169,2.325835790037304,F502N,57832.23190795139
calibration,HST,CALACS,ACS/WFC,HST,F502N,OPTICAL,DARK,,jd4yavbzq,150.1178343909,2.241570753641,image,"Golimowski, David A.",1,57832.250692395835,57832.25071006944,0.5079,OPTICAL,499.40000000000003,505.00000000000006,CCD Daily Monitor (Part 2),57832.36695605,14517,CAL/ACS,,POLYGON 150.021402 2.289928 150.026687 2.347106 150.0556 2.346421 150.050314 2.289243 150.021402 2.289928,mast:HST/product/jd4yavbzq_raw.jpg,mast:HST/product/jd4yavbzq_raw.fits,PUBLIC,False,,25853579,499.40000000000003,505.00000000000006,0.0,1982868,150.04411967728169,2.325835790037304,F502N,57832.250692395835
calibration,HST,CALACS,ACS/WFC,HST,F502N,OPTICAL,DARK,,jd4yavc0q,150.1178343909,2.241570753641,image,"Golimowski, David A.",1,57832.25244016204,57832.26403229166,1000.5,OPTICAL,499.40000000000003,505.00000000000006,CCD Daily Monitor (Part 2),57832.36831022,14517,CAL/ACS,,POLYGON 150.021402 2.289928 150.026687 2.347106 150.0556 2.346421 150.050314 2.289243 150.021402 2.289928,mast:HST/product/jd4yavc0q_raw.jpg,mast:HST/product/jd4yavc0q_raw.fits,PUBLIC,False,,25853580,499.40000000000003,505.00000000000006,0.0,1982868,150.04411967728169,2.325835790037304,F502N,57832.25244016204
science,HST,CALACS,ACS/WFC,HST,F435W,OPTICAL,ANY,UNIDENTIFIED;PARALLEL FIELD,jdnb04010,150.0271574504,2.325816284251,image,"Cooke, Jeff",3,58185.57559829861,58185.80493869213,10622.0,OPTICAL,370.0,479.99999999999994,Mapping the escaping ionizing flux of Lyman continuum galaxies,58370.8713657,15100,GO,,POLYGON 150.02521218999991 2.3534938100001361 150.02517273105482 2.3534874086292121 150.02515856999986 2.3536398500000031 149.99688761999994 2.349053190000006 149.9968949239917 2.3489745803809456 149.99667599999992 2.3489390599998634 150.00192665000003 2.2924264799999992 150.00196610700146 2.292432881984606 150.00198027000005 2.2922804400000381 150.0302501 2.2968669900001037 150.0302427977534 2.2969456039162806 150.03046172000006 2.2969811200000447 150.02521218999991 2.3534938100001361 150.02521218999991 2.3534938100001361 POLYGON 150.05364913000003 2.3579171000000563 150.05360768418029 2.3579100588678892 150.05359551000006 2.3580631399999796 150.02630048000006 2.3534257700000674 150.02630661633938 2.3533486286591394 150.02608885999985 2.3533116299999022 150.03053671000009 2.2973944600000311 150.03057815381473 2.2974015017896452 150.03059033000011 2.2972484200001246 150.05788429 2.3018857099999415 150.05787815610239 2.3019628454406051 150.05809591 2.3019998399999615 150.05364913000003 2.3579171000000563 150.05364913000003 2.3579171000000563,mast:HST/product/jdnb04010_drz.jpg,mast:HST/product/jdnb04010_drz.fits,PUBLIC,False,,26076960,370.0,479.99999999999994,0.0,1982868,150.04411967728169,2.325835790037304,F435W,58185.57559829861
science,HST,CALACS,ACS/WFC,HST,F435W,OPTICAL,ANY,UNIDENTIFIED;PARALLEL FIELD,jdnb04020,150.0274768775,2.325670394621,image,"Cooke, Jeff",3,58185.83827202546,58185.871165358796,2704.0,OPTICAL,370.0,479.99999999999994,Mapping the escaping ionizing flux of Lyman continuum galaxies,58370.23615739,15100,GO,,POLYGON 150.02526639000004 2.3533798300001143 149.99699543000011 2.3487931700001248 150.00224608000002 2.29228058999995 150.03051591999991 2.2968671400000957 150.02526639000004 2.3533798300001143 150.02526639000004 2.3533798300001143 POLYGON 150.0537033199999 2.3578031200000904 150.02640828999998 2.3531657400000179 150.03085614 2.2972485700001322 150.05815009999989 2.3018858599999592 150.0537033199999 2.3578031200000904 150.0537033199999 2.3578031200000904,mast:HST/product/jdnb04021_drz.jpg,mast:HST/product/jdnb04021_drz.fits,PUBLIC,False,,26081497,370.0,479.99999999999994,0.0,1982868,150.04411967728169,2.325835790037304,F435W,58185.83827202546
science,HST,CALACS,ACS/WFC,HST,F435W,OPTICAL,ANY,UNIDENTIFIED;PARALLEL FIELD,jdnb05010,150.0280467242,2.325636179439,image,"Cooke, Jeff",3,58186.4365590625,58186.66591091435,10622.0,OPTICAL,370.0,479.99999999999994,Mapping the escaping ionizing flux of Lyman continuum galaxies,58371.48912038,15100,GO,,POLYGON 150.02610146000004 2.3533136999999273 150.02606201088258 2.3533073002208833 150.02604785 2.3534597400000989 149.99777688999993 2.3488730799999842 149.9977841941529 2.3487944687971178 149.99756528000012 2.3487589499999584 150.00281592000007 2.2922463700000484 150.00285537702672 2.2922527720026058 150.00286954 2.2921003300000433 150.03113937999998 2.2966868900000605 150.03113207761183 2.2967655054253648 150.03135099000008 2.2968010200000144 150.02610146000004 2.3533136999999273 150.02610146000004 2.3533136999999273 POLYGON 150.05453839999993 2.3577369999999949 150.05449695417926 2.3577299588526812 150.05448477999997 2.35788303999989 150.02718975000002 2.3532456599999021 150.02719588568667 2.3531685268624409 150.02697814000012 2.3531315299998967 150.03142599000012 2.2972143500000524 150.03146742394767 2.297221390115459 150.0314796 2.2970683099998732 150.05877356000008 2.3017055999999223 150.05876742610462 2.3017827354272025 150.05898517999992 2.301819729999945 150.05453839999993 2.3577369999999949 150.05453839999993 2.3577369999999949,mast:HST/product/jdnb05010_drz.jpg,mast:HST/product/jdnb05010_drz.fits,PUBLIC,False,,26076961,370.0,479.99999999999994,0.0,1982868,150.04411967728169,2.325835790037304,F435W,58186.4365590625
science,HST,CALACS,ACS/WFC,HST,F435W,OPTICAL,ANY,UNIDENTIFIED;PARALLEL FIELD,jdnb05020,150.0283699835,2.325475273017,image,"Cooke, Jeff",3,58186.699244247684,58186.73213758102,2704.0,OPTICAL,370.0,479.99999999999994,Mapping the escaping ionizing flux of Lyman continuum galaxies,58371.07936345,15100,GO,,POLYGON 150.02615949000014 2.3531847099999763 149.99788854000005 2.3485980400000441 150.00313919 2.292085469999976 150.03140901999998 2.2966720200000519 150.02615949000014 2.3531847099999763 150.02615949000014 2.3531847099999763 POLYGON 150.05459641999983 2.3576080000001118 150.02730139999997 2.3529706199998763 150.0317492499999 2.2970534500001354 150.05904320000002 2.3016907400000335 150.05459641999983 2.3576080000001118 150.05459641999983 2.3576080000001118,mast:HST/product/jdnb05021_drz.jpg,mast:HST/product/jdnb05021_drz.fits,PUBLIC,False,,26081498,370.0,479.99999999999994,0.0,1982868,150.04411967728169,2.325835790037304,F435W,58186.699244247684
science,HST,CALACS,ACS/WFC,HST,F435W,OPTICAL,ANY,UNIDENTIFIED;PARALLEL FIELD,jdnb06010,150.0262681764,2.32599638852,image,"Cooke, Jeff",3,58187.496211655096,58187.72555200232,10622.0,OPTICAL,370.0,479.99999999999994,Mapping the escaping ionizing flux of Lyman continuum galaxies,58372.61026608,15100,GO,,POLYGON 150.02432286000004 2.3536739100001367 150.02406448818851 2.353631994306336 150.02405762999993 2.3537058200000036 149.99578667000006 2.3491191200000086 150.00103743999992 2.2926065400001439 150.00107689667729 2.2926129419879886 150.00109105999991 2.2924604999999292 150.02936090000009 2.2970470999999968 150.02935359746093 2.2971257151041939 150.02957251000015 2.2971612299999533 150.02432286000004 2.3536739100001367 150.02432286000004 2.3536739100001367 POLYGON 150.05275980999994 2.358097249999906 150.05250061971967 2.3580532162820056 150.05249458000006 2.3581291599999483 150.02519954999988 2.3534917400001114 150.02964748000008 2.2975745700000294 150.02968891372475 2.2975816101385895 150.02970109000006 2.2974285299998858 150.05699505999993 2.3020658599999884 150.05698892587259 2.3021429967681031 150.05720666999997 2.3021799900001372 150.05275980999994 2.358097249999906 150.05275980999994 2.358097249999906,mast:HST/product/jdnb06010_drz.jpg,mast:HST/product/jdnb06010_drz.fits,PUBLIC,False,,26077068,370.0,479.99999999999994,0.0,1982868,150.04411967728169,2.325835790037304,F435W,58187.496211655096
science,HST,CALACS,ACS/WFC,HST,F435W,OPTICAL,ANY,UNIDENTIFIED;PARALLEL FIELD,jdnb06020,150.0265795239,2.325841889653,image,"Cooke, Jeff",3,58187.75888336806,58187.79177762732,2704.0,OPTICAL,370.0,479.99999999999994,Mapping the escaping ionizing flux of Lyman continuum galaxies,58372.15822907,15100,GO,,POLYGON 150.02436897999996 2.3535513199999185 149.99609802000006 2.348964619999915 150.00134879000012 2.2924520400001054 150.02961862999993 2.2970386399998621 150.02436897999996 2.3535513199999185 150.02436897999996 2.3535513199999185 POLYGON 150.05280593000012 2.3579746600000986 150.02551089000002 2.3533372400000467 150.02995882999988 2.2974200700000074 150.05725279 2.3020573999999852 150.05280593000012 2.3579746600000986 150.05280593000012 2.3579746600000986,mast:HST/product/jdnb06021_drz.jpg,mast:HST/product/jdnb06021_drz.fits,PUBLIC,False,,26081499,370.0,479.99999999999994,0.0,1982868,150.04411967728169,2.325835790037304,F435W,58187.75888336806
science,HST,CALACS,ACS/WFC,HST,F606W,OPTICAL,CLUTCH-TARGET-CH,GALAXY;HIGH REDSHIFT GALAXY,jffuch010,150.0248019189,2.32796327178,image,"Kartaltepe, Jeyhan",3,60704.263530752316,60704.27472295139,800.0,OPTICAL,470.0,720.0,CLUTCH: The COSMOS Legacy UV-Optical Treasury Campaign with Hubble,60704.53751157,17802,GO,,POLYGON 150.0657676699999 2.3445601800001095 150.03849515999991 2.3533004200000018 150.03811618566198 2.3523490227691135 150.03775025437102 2.3524662914186583 150.03801862999993 2.3531149100001336 150.01159208 2.3613661699998967 150.01120552143817 2.3604318787306084 150.00941562000014 2.3609907200000597 149.98796849999988 2.3091519300001435 150.01439439000004 2.3009011200000424 150.01478089899192 2.301835324317878 150.01583748991263 2.3015054162029247 150.01531447 2.3001922900000968 150.04258607999995 2.2914524899999988 150.0429650318803 2.2924038626637646 150.04476235000004 2.2918278500000411 150.0657676699999 2.3445601800001095 150.0657676699999 2.3445601800001095,mast:HST/product/jffuch010_drz.jpg,mast:HST/product/jffuch010_drz.fits,PUBLIC,False,,238237218,470.0,720.0,0.0,1982868,150.04411967728169,2.325835790037304,F606W,60704.263530752316
science,HST,CALACS,ACS/WFC,HST,F435W,OPTICAL,CLUTCH-TARGET-CH,GALAXY;HIGH REDSHIFT GALAXY,jffuch020,150.0248610034,2.327837554974,image,"Kartaltepe, Jeyhan",3,60704.32927149306,60704.341285532406,800.0,OPTICAL,370.0,479.99999999999994,CLUTCH: The COSMOS Legacy UV-Optical Treasury Campaign with Hubble,60704.67459475,17802,GO,,POLYGON 150.06582674999996 2.3444344600001434 150.03855425000003 2.3531746999999288 150.03817751093229 2.3522289143117683 150.03781164376565 2.3523461624128728 150.03807770999998 2.3529891999998873 150.01165117000008 2.3612404500000319 150.01126693346188 2.3603117709393584 150.00947357999996 2.3608716899998932 149.98802646000001 2.3090328899999344 150.01445236000004 2.3007820799999181 150.01483654935683 2.3017106783012347 150.0158932084517 2.3013807489033145 150.01537242999993 2.3000732499999605 150.04264403999994 2.2913334599999162 150.04302075563737 2.2922792184953367 150.0448214299999 2.2917021299998792 150.06582674999996 2.3444344600001434 150.06582674999996 2.3444344600001434,mast:HST/product/jffuch020_drz.jpg,mast:HST/product/jffuch020_drz.fits,PUBLIC,False,,238237534,370.0,479.99999999999994,0.0,1982868,150.04411967728169,2.325835790037304,F435W,60704.32927149306
science,HST,CALACS,ACS/WFC,HST,F606W,OPTICAL,CLUTCH-TARGET-CX,GALAXY;HIGH REDSHIFT GALAXY,jffucx010,150.0587360858,2.34339382395,image,"Kartaltepe, Jeyhan",3,60985.91992939815,60985.92455902778,800.0,OPTICAL,470.0,720.0,CLUTCH: The COSMOS Legacy UV-Optical Treasury Campaign with Hubble,60986.2273496,17802,GO,,POLYGON 150.0483284500001 2.3163316700000176 150.06977664999988 2.3681700600000815 150.04334961999993 2.3764212799998665 150.02190226000008 2.3245824799998811 150.0483284500001 2.3163316700000176 150.0483284500001 2.3163316700000176 POLYGON 150.07652044000008 2.3068830400000304 150.09752589999991 2.3596153699999691 150.07025309999997 2.3683555700001215 150.04924852999989 2.3156228400000445 150.07652044000008 2.3068830400000304 150.07652044000008 2.3068830400000304,mast:HST/product/jffucx010_drz.jpg,mast:HST/product/jffucx010_drz.fits,PUBLIC,False,,358150017,470.0,720.0,0.0,1982868,150.04411967728169,2.325835790037304,F606W,60985.91992939815
science,HST,CALACS,ACS/WFC,HST,F435W,OPTICAL,CLUTCH-TARGET-CX,GALAXY;HIGH REDSHIFT GALAXY,jffucx020,150.0587951709,2.343268107134,image,"Kartaltepe, Jeyhan",3,60985.927545335646,60985.93955902778,800.0,OPTICAL,370.0,479.99999999999994,CLUTCH: The COSMOS Legacy UV-Optical Treasury Campaign with Hubble,60986.31005784,17802,GO,,POLYGON 150.09976139 2.3598650100000862 150.07248858 2.3686052499999057 150.07211183446924 2.3676594600424159 150.07174597651522 2.3677767038765811 150.07201205 2.3684197499999753 150.04558521000016 2.3766709999999178 150.04520096682245 2.3757423170039007 150.04340757999995 2.3763022399999385 150.02196023000002 2.3244634500000703 150.04838641000012 2.3162126400001224 150.04877060117153 2.3171412319264078 150.04982727499467 2.3168113013546656 150.04930649000002 2.315503800000025 150.07657839999996 2.3067640099999607 150.07695511814302 2.3077097646792444 150.07875580000004 2.30713268000001 150.09976139 2.3598650100000862 150.09976139 2.3598650100000862,mast:HST/product/jffucx020_drz.jpg,mast:HST/product/jffucx020_drz.fits,PUBLIC,False,,358207517,370.0,479.99999999999994,0.0,1982868,150.04411967728169,2.325835790037304,F435W,60985.927545335646
calibration,HST,CALWFPC2,WFPC2,HST,F1042M;F437N,Optical,DARK,,u8u77j01m,150.0468251846,2.307083988245,image,"Brammer, Gabriel",2,53129.00782172454,53129.01939579861,1000.0,Optical,435.65000000000003,1044.49,WFPC2 CYCLE 12 Supplemental Darks Part 2/3,53129.34634265,10070,CAL/WF2,,POLYGON 150.0795332 2.30213471 150.04338594 2.27656421 150.0178162 2.31264715 150.05396167 2.33822152 150.0795332 2.30213471,mast:HST/product/u8u77j01m_c0f.jpg,mast:HST/product/u8u77j01m_c0f.fits,PUBLIC,False,,24678706,435.65000000000003,1044.49,0.0,1982868,150.04411967728169,2.325835790037304,F437N,53129.00782172454
calibration,HST,CALWFPC2,WFPC2,HST,F1042M;F437N,Optical,DARK,,u8u77k01m,150.0468251846,2.307083988245,image,"Brammer, Gabriel",2,53129.023099502316,53129.03467357639,1000.0,Optical,435.65000000000003,1044.49,WFPC2 CYCLE 12 Supplemental Darks Part 2/3,53129.34716437,10070,CAL/WF2,,POLYGON 150.0795332 2.30213471 150.04338594 2.27656421 150.0178162 2.31264715 150.05396167 2.33822152 150.0795332 2.30213471,mast:HST/product/u8u77k01m_c0f.jpg,mast:HST/product/u8u77k01m_c0f.fits,PUBLIC,False,,24678707,435.65000000000003,1044.49,0.0,1982868,150.04411967728169,2.325835790037304,F437N,53129.023099502316
science,HST,HAP-SVM,ACS,HAP,,,ANY,,hst_12328_41_acs_wfc_g800l_jbhm41u9,150.0862812593,2.335213964137,image,"van Dokkum, Pieter",2,55724.33942037,55724.34684028,640.0,,,,,55724.6145833,12328,HAP,,POLYGON 150.04329134111643 2.3242308395618183 150.07118201309686 2.373759939831445 150.09707260913578 2.360937042702289 150.06882823581788 2.3122494994943974 150.04329134111643 2.3242308395618183 POLYGON 150.06944453724583 2.3119011080735277 150.0977272057386 2.3605768345573175 150.12278451234516 2.3482517515752734 150.09428588095722 2.300612394723469 150.06944453724583 2.3119011080735277,,mast:HST/product/hst_12328_41_acs_wfc_g800l_jbhm41u9_flc.fits,PUBLIC,False,,68716513,,,0.23636779823889903,1982868,150.04411967728169,2.325835790037304,,55724.33942037
science,HST,HAP-SVM,WFC3/IR,HAP,detection,,CLUTCH-TARGET-CU,GALAXY;HIGH REDSHIFT GALAXY,hst_17802_cu_wfc3_ir_total_iffucu,150.0229983333,2.324111111111,image,"Kartaltepe, Jeyhan",3,60984.01650983,60984.02868501,805.867066,,,,,60984.31437501,17802,HAP,,POLYGON 150.01031232985878 2.300785747029494 149.99665640750484 2.330817439645037 150.0302073789301 2.3466351450435066 150.03302411849475 2.3469913758818417 150.0476420915051 2.317279940006482 150.04714291510837 2.3162468240149465 150.01437685566341 2.3008570248357274 150.0110610647784 2.2999663781738344 150.01031232985878 2.300785747029494,mast:HST/product/hst_17802_cu_wfc3_ir_total_iffucu_drz.jpg,mast:HST/product/hst_17802_cu_wfc3_ir_total_iffucu_drz.fits,PUBLIC,False,,357418305,,,2.2176241152422675,1982868,150.04411967728169,2.325835790037304,,60984.01650983
science,HST,HAP-SVM,WFC3/IR,HAP,F098M,INFRARED,CLUTCH-TARGET-CU,GALAXY;HIGH REDSHIFT GALAXY,hst_17802_cu_wfc3_ir_f098m_iffucu,150.0229983333,2.324111111111,image,"Kartaltepe, Jeyhan",3,60984.01650983,60984.02868501,805.867066,INFRARED,895.5,1076.7,,60984.31437501,17802,HAP,,POLYGON 150.04789165884392 2.3166386855668892 150.0130933248721 2.300251392406535 150.01241590164554 2.300607637901855 150.01074018189468 2.2998951256678244 149.9967633690583 2.3309243165605644 150.0303499989319 2.34670639420051 150.0313126797954 2.346492638249579 150.03288150023198 2.3471695019522736 150.04789165884392 2.3166386855668892,mast:HST/product/hst_17802_cu_wfc3_ir_f098m_iffucu_drz.jpg,mast:HST/product/hst_17802_cu_wfc3_ir_f098m_iffucu_drz.fits,PUBLIC,False,,357637029,895.5,1076.7,2.420117811818472,1982868,150.04411967728169,2.325835790037304,F098M,60984.01650983
science,HST,CALWF3,WFC3/IR,HST,F098M,INFRARED,CLUTCH-TARGET-CU,GALAXY;HIGH REDSHIFT GALAXY,iffucu030,150.0229983333,2.324111111111,image,"Kartaltepe, Jeyhan",3,60984.016509837966,60984.028685034726,806.0,INFRARED,895.5,1076.7,CLUTCH: The COSMOS Legacy UV-Optical Treasury Campaign with Hubble,60984.31437501,17802,GO,,POLYGON 150.04757086 2.31682465 150.03299779 2.34758467 150.03107180541315 2.3466808441017135 150.03082151 2.34720914 149.99629774 2.33100724 150.01087139 2.30024768 150.01279731216448 2.3011515367678479 150.01304767 2.30062311 150.04757086 2.31682465 150.04757086 2.31682465,mast:HST/product/iffucu030_drz.jpg,mast:HST/product/iffucu030_drz.fits,PUBLIC,False,,356370069,895.5,1076.7,2.659209044991958,1982868,150.04411967728169,2.325835790037304,F098M,60984.016509837966
