obsID,obs_collection,dataproduct_type,obs_id,description,type,dataURI,productType,productGroupDescription,productSubGroupDescription,productDocumentationURL,project,prvversion,proposal_id,productFilename,size,parent_obsid,dataRights,calib_level,filters
266125824,JWST,image,jw05893012004_02101_00003_nrca1,exposure (L2b): 2D calibrated exposure average over integrations,S,mast:JWST/product/jw05893012004_02101_00003_nrca1_cal.fits,SCIENCE,,CAL,,CALJWST,2.0.0,5893,jw05893012004_02101_00003_nrca1_cal.fits,117570240,266381594,PUBLIC,2,F200W
266125826,JWST,image,jw05893012004_02101_00003_nrca2,exposure (L2b): 2D calibrated exposure average over integrations,S,mast:JWST/product/jw05893012004_02101_00003_nrca2_cal.fits,SCIENCE,,CAL,,CALJWST,2.0.0,5893,jw05893012004_02101_00003_nrca2_cal.fits,117570240,266381594,PUBLIC,2,F200W
266125827,JWST,image,jw05893012004_02101_00004_nrca3,exposure (L2b): 2D calibrated exposure average over integrations,S,mast:JWST/product/jw05893012004_02101_00004_nrca3_cal.fits,SCIENCE,,CAL,,CALJWST,2.0.0,5893,jw05893012004_02101_00004_nrca3_cal.fits,117573120,266381594,PUBLIC,2,F200W
266125828,JWST,image,jw05893012004_02101_00005_nrca1,exposure (L2b): 2D calibrated exposure average over integrations,S,mast:JWST/product/jw05893012004_02101_00005_nrca1_cal.fits,SCIENCE,,CAL,,CALJWST,2.0.0,5893,jw05893012004_02101_00005_nrca1_cal.fits,117570240,266381594,PUBLIC,2,F200W
266125829,JWST,image,jw05893012004_02101_00003_nrca4,exposure (L2b): 2D calibrated exposure average over integrations,S,mast:JWST/product/jw05893012004_02101_00003_nrca4_cal.fits,SCIENCE,,CAL,,CALJWST,2.0.0,5893,jw05893012004_02101_00003_nrca4_cal.fits,117573120,266381594,PUBLIC,2,F200W
266125830,JWST,image,jw05893012004_02101_00002_nrca2,exposure (L2b): 2D calibrated exposure average over integrations,S,mast:JWST/product/jw05893012004_02101_00002_nrca2_cal.fits,SCIENCE,,CAL,,CALJWST,2.0.0,5893,jw05893012004_02101_00002_nrca2_cal.fits,117570240,266381594,PUBLIC,2,F200W
266125831,JWST,image,jw05893012004_02101_00001_nrca1,exposure (L2b): 2D calibrated exposure average over integrations,S,mast:JWST/product/jw05893012004_02101_00001_nrca1_cal.fits,SCIENCE,,CAL,,CALJWST,2.0.0,5893,jw05893012004_02101_00001_nrca1_cal.fits,117570240,266381594,PUBLIC,2,F200W
266125832,JWST,image,jw05893012004_02101_00004_nrca2,exposure (L2b): 2D calibrated exposure average over integrations,S,mast:JWST/product/jw05893012004_02101_00004_nrca2_cal.fits,SCIENCE,,CAL,,CALJWST,2.0.0,5893,jw05893012004_02101_00004_nrca2_cal.fits,117570240,266381594,PUBLIC,2,F200W
266125833,JWST,image,jw05893012004_02101_00002_nrca1,exposure (L2b): 2D calibrated exposure average over integrations,S,mast:JWST/product/jw05893012004_02101_00002_nrca1_cal.fits,SCIENCE,,CAL,,CALJWST,2.0.0,5893,jw05893012004_02101_00002_nrca1_cal.fits,117570240,266381594,PUBLIC,2,F200W
266125834,JWST,image,jw05893012004_02101_00001_nrca4,exposure (L2b): 2D calibrated exposure average over integrations,S,mast:JWST/product/jw05893012004_02101_00001_nrca4_cal.fits,SCIENCE,,CAL,,CALJWST,2.0.0,5893,jw05893012004_02101_00001_nrca4_cal.fits,117573120,266381594,PUBLIC,2,F200W
266125835,JWST,image,jw05893012004_02101_00001_nrca3,exposure (L2b): 2D calibrated exposure average over integrations,S,mast:JWST/product/jw05893012004_02101_00001_nrca3_cal.fits,SCIENCE,,CAL,,CALJWST,2.0.0,5893,jw05893012004_02101_00001_nrca3_cal.fits,117573120,266381594,PUBLIC,2,F200W
266125836,JWST,image,jw05893012004_02101_00003_nrca3,exposure (L2b): 2D calibrated exposure average over integrations,S,mast:JWST/product/jw05893012004_02101_00003_nrca3_cal.fits,SCIENCE,,CAL,,CALJWST,2.0.0,5893,jw05893012004_02101_00003_nrca3_cal.fits,117573120,266381594,PUBLIC,2,F200W
266125837,JWST,image,jw05893012004_02101_00004_nrca1,exposure (L2b): 2D calibrated exposure average over integrations,S,mast:JWST/product/jw05893012004_02101_00004_nrca1_cal.fits,SCIENCE,,CAL,,CALJWST,2.0.0,5893,jw05893012004_02101_00004_nrca1_cal.fits,117570240,266381594,PUBLIC,2,F200W
266125838,JWST,image,jw05893012004_02101_00005_nrca3,exposure (L2b): 2D calibrated exposure average over integrations,S,mast:JWST/product/jw05893012004_02101_00005_nrca3_cal.fits,SCIENCE,,CAL,,CALJWST,2.0.0,5893,jw05893012004_02101_00005_nrca3_cal.fits,117573120,266381594,PUBLIC,2,F200W
266125840,JWST,image,jw05893012004_02101_00001_nrca2,exposure (L2b): 2D calibrated exposure average over integrations,S,mast:JWST/product/jw05893012004_02101_00001_nrca2_cal.fits,SCIENCE,,CAL,,CALJWST,2.0.0,5893,jw05893012004_02101_00001_nrca2_cal.fits,117570240,266381594,PUBLIC,2,F200W
266125842,JWST,image,jw05893012004_02101_00002_nrca4,exposure (L2b): 2D calibrated exposure average over integrations,S,mast:JWST/product/jw05893012004_02101_00002_nrca4_cal.fits,SCIENCE,,CAL,,CALJWST,2.0.0,5893,jw05893012004_02101_00002_nrca4_cal.fits,117573120,266381594,PUBLIC,2,F200W
266125843,JWST,image,jw05893012004_02101_00005_nrca2,exposure (L2b): 2D calibrated exposure average over integrations,S,mast:JWST/product/jw05893012004_02101_00005_nrca2_cal.fits,SCIENCE,,CAL,,CALJWST,2.0.0,5893,jw05893012004_02101_00005_nrca2_cal.fits,117570240,266381594,PUBLIC,2,F200W
266125844,JWST,image,jw05893012004_02101_00002_nrca3,exposure (L2b): 2D calibrated exposure average over integrations,S,mast:JWST/product/jw05893012004_02101_00002_nrca3_cal.fits,SCIENCE,,CAL,,CALJWST,2.0.0,5893,jw05893012004_02101_00002_nrca3_cal.fits,117573120,266381594,PUBLIC,2,F200W
266147926,JWST,image,jw05893012004_02101_00003_nrcb4,exposure (L2b): 2D calibrated exposure average over integrations,S,mast:JWST/product/jw05893012004_02101_00003_nrcb4_cal.fits,SCIENCE,,CAL,,CALJWST,2.0.0,5893,jw05893012004_02101_00003_nrcb4_cal.fits,117573120,266381594,PUBLIC,2,F200W
266148011,JWST,image,jw05893012004_02101_00005_nrca4,exposure (L2b): 2D calibrated exposure average over integrations,S,mast:JWST/product/jw05893012004_02101_00005_nrca4_cal.fits,SCIENCE,,CAL,,CALJWST,2.0.0,5893,jw05893012004_02101_00005_nrca4_cal.fits,117573120,266381594,PUBLIC,2,F200W
266148066,JWST,image,jw05893012004_02101_00006_nrcb1,exposure (L2b): 2D calibrated exposure average over integrations,S,mast:JWST/product/jw05893012004_02101_00006_nrcb1_cal.fits,SCIENCE,,CAL,,CALJWST,2.0.0,5893,jw05893012004_02101_00006_nrcb1_cal.fits,117573120,266381594,PUBLIC,2,F200W
266148510,JWST,image,jw05893012004_02101_00002_nrcb4,exposure (L2b): 2D calibrated exposure average over integrations,S,mast:JWST/product/jw05893012004_02101_00002_nrcb4_cal.fits,SCIENCE,,CAL,,CALJWST,2.0.0,5893,jw05893012004_02101_00002_nrcb4_cal.fits,117573120,266381594,PUBLIC,2,F200W
266148530,JWST,image,jw05893012004_02101_00004_nrcb4,exposure (L2b): 2D calibrated exposure average over integrations,S,mast:JWST/product/jw05893012004_02101_00004_nrcb4_cal.fits,SCIENCE,,CAL,,CALJWST,2.0.0,5893,jw05893012004_02101_00004_nrcb4_cal.fits,117573120,266381594,PUBLIC,2,F200W
266148684,JWST,image,jw05893012004_02101_00004_nrca4,exposure (L2b): 2D calibrated exposure average over integrations,S,mast:JWST/product/jw05893012004_02101_00004_nrca4_cal.fits,SCIENCE,,CAL,,CALJWST,2.0.0,5893,jw05893012004_02101_00004_nrca4_cal.fits,117573120,266381594,PUBLIC,2,F200W
266148821,JWST,image,jw05893012004_02101_00006_nrcb4,exposure (L2b): 2D calibrated exposure average over integrations,S,mast:JWST/product/jw05893012004_02101_00006_nrcb4_cal.fits,SCIENCE,,CAL,,CALJWST,2.0.0,5893,jw05893012004_02101_00006_nrcb4_cal.fits,117573120,266381594,PUBLIC,2,F200W
266149155,JWST,image,jw05893012004_02101_00003_nrcb3,exposure (L2b): 2D calibrated exposure average over integrations,S,mast:JWST/product/jw05893012004_02101_00003_nrcb3_cal.fits,SCIENCE,,CAL,,CALJWST,2.0.0,5893,jw05893012004_02101_00003_nrcb3_cal.fits,117573120,266381594,PUBLIC,2,F200W
266149328,JWST,image,jw05893012004_02101_00004_nrcb2,exposure (L2b): 2D calibrated exposure average over integrations,S,mast:JWST/product/jw05893012004_02101_00004_nrcb2_cal.fits,SCIENCE,,CAL,,CALJWST,2.0.0,5893,jw05893012004_02101_00004_nrcb2_cal.fits,117573120,266381594,PUBLIC,2,F200W
266149494,JWST,image,jw05893012004_02101_00006_nrcb2,exposure (L2b): 2D calibrated exposure average over integrations,S,mast:JWST/product/jw05893012004_02101_00006_nrcb2_cal.fits,SCIENCE,,CAL,,CALJWST,2.0.0,5893,jw05893012004_02101_00006_nrcb2_cal.fits,117573120,266381594,PUBLIC,2,F200W
266149646,JWST,image,jw05893012004_02101_00001_nrcb1,exposure (L2b): 2D calibrated exposure average over integrations,S,mast:JWST/product/jw05893012004_02101_00001_nrcb1_cal.fits,SCIENCE,,CAL,,CALJWST,2.0.0,5893,jw05893012004_02101_00001_nrcb1_cal.fits,117573120,266381594,PUBLIC,2,F200W
266149993,JWST,image,jw05893012004_02101_00006_nrcb3,exposure (L2b): 2D calibrated exposure average over integrations,S,mast:JWST/product/jw05893012004_02101_00006_nrcb3_cal.fits,SCIENCE,,CAL,,CALJWST,2.0.0,5893,jw05893012004_02101_00006_nrcb3_cal.fits,117573120,266381594,PUBLIC,2,F200W
266150049,JWST,image,jw05893012004_02101_00001_nrcb2,exposure (L2b): 2D calibrated exposure average over integrations,S,mast:JWST/product/jw05893012004_02101_00001_nrcb2_cal.fits,SCIENCE,,CAL,,CALJWST,2.0.0,5893,jw05893012004_02101_00001_nrcb2_cal.fits,117573120,266381594,PUBLIC,2,F200W
266150274,JWST,image,jw05893012004_02101_00006_nrca1,exposure (L2b): 2D calibrated exposure average over integrations,S,mast:JWST/product/jw05893012004_02101_00006_nrca1_cal.fits,SCIENCE,,CAL,,CALJWST,2.0.0,5893,jw05893012004_02101_00006_nrca1_cal.fits,117570240,266381594,PUBLIC,2,F200W
266150351,JWST,image,jw05893012004_02101_00004_nrcb3,exposure (L2b): 2D calibrated exposure average over integrations,S,mast:JWST/product/jw05893012004_02101_00004_nrcb3_cal.fits,SCIENCE,,CAL,,CALJWST,2.0.0,5893,jw05893012004_02101_00004_nrcb3_cal.fits,117573120,266381594,PUBLIC,2,F200W
266150397,JWST,image,jw05893012004_02101_00005_nrcb2,exposure (L2b): 2D calibrated exposure average over integrations,S,mast:JWST/product/jw05893012004_02101_00005_nrcb2_cal.fits,SCIENCE,,CAL,,CALJWST,2.0.0,5893,jw05893012004_02101_00005_nrcb2_cal.fits,117573120,266381594,PUBLIC,2,F200W
266150452,JWST,image,jw05893012004_02101_00006_nrca2,exposure (L2b): 2D calibrated exposure average over integrations,S,mast:JWST/product/jw05893012004_02101_00006_nrca2_cal.fits,SCIENCE,,CAL,,CALJWST,2.0.0,5893,jw05893012004_02101_00006_nrca2_cal.fits,117570240,266381594,PUBLIC,2,F200W
266150509,JWST,image,jw05893012004_02101_00006_nrca4,exposure (L2b): 2D calibrated exposure average over integrations,S,mast:JWST/product/jw05893012004_02101_00006_nrca4_cal.fits,SCIENCE,,CAL,,CALJWST,2.0.0,5893,jw05893012004_02101_00006_nrca4_cal.fits,117573120,266381594,PUBLIC,2,F200W
266150579,JWST,image,jw05893012004_02101_00005_nrcb3,exposure (L2b): 2D calibrated exposure average over integrations,S,mast:JWST/product/jw05893012004_02101_00005_nrcb3_cal.fits,SCIENCE,,CAL,,CALJWST,2.0.0,5893,jw05893012004_02101_00005_nrcb3_cal.fits,117573120,266381594,PUBLIC,2,F200W
266150617,JWST,image,jw05893012004_02101_00003_nrcb2,exposure (L2b): 2D calibrated exposure average over integrations,S,mast:JWST/product/jw05893012004_02101_00003_nrcb2_cal.fits,SCIENCE,,CAL,,CALJWST,2.0.0,5893,jw05893012004_02101_00003_nrcb2_cal.fits,117573120,266381594,PUBLIC,2,F200W
266150769,JWST,image,jw05893012004_02101_00001_nrcb4,exposure (L2b): 2D calibrated exposure average over integrations,S,mast:JWST/product/jw05893012004_02101_00001_nrcb4_cal.fits,SCIENCE,,CAL,,CALJWST,2.0.0,5893,jw05893012004_02101_00001_nrcb4_cal.fits,117573120,266381594,PUBLIC,2,F200W
266150807,JWST,image,jw05893012004_02101_00004_nrcb1,exposure (L2b): 2D calibrated exposure average over integrations,S,mast:JWST/product/jw05893012004_02101_00004_nrcb1_cal.fits,SCIENCE,,CAL,,CALJWST,2.0.0,5893,jw05893012004_02101_00004_nrcb1_cal.fits,117573120,266381594,PUBLIC,2,F200W
266150908,JWST,image,jw05893012004_02101_00002_nrcb2,exposure (L2b): 2D calibrated exposure average over integrations,S,mast:JWST/product/jw05893012004_02101_00002_nrcb2_cal.fits,SCIENCE,,CAL,,CALJWST,2.0.0,5893,jw05893012004_02101_00002_nrcb2_cal.fits,117573120,266381594,PUBLIC,2,F200W
266151067,JWST,image,jw05893012004_02101_00005_nrcb1,exposure (L2b): 2D calibrated exposure average over integrations,S,mast:JWST/product/jw05893012004_02101_00005_nrcb1_cal.fits,SCIENCE,,CAL,,CALJWST,2.0.0,5893,jw05893012004_02101_00005_nrcb1_cal.fits,117573120,266381594,PUBLIC,2,F200W
266151121,JWST,image,jw05893012004_02101_00002_nrcb1,exposure (L2b): 2D calibrated exposure average over integrations,S,mast:JWST/product/jw05893012004_02101_00002_nrcb1_cal.fits,SCIENCE,,CAL,,CALJWST,2.0.0,5893,jw05893012004_02101_00002_nrcb1_cal.fits,117573120,266381594,PUBLIC,2,F200W
266151169,JWST,image,jw05893012004_02101_00003_nrcb1,exposure (L2b): 2D calibrated exposure average over integrations,S,mast:JWST/product/jw05893012004_02101_00003_nrcb1_cal.fits,SCIENCE,,CAL,,CALJWST,2.0.0,5893,jw05893012004_02101_00003_nrcb1_cal.fits,117573120,266381594,PUBLIC,2,F200W
266151339,JWST,image,jw05893012004_02101_00005_nrcb4,exposure (L2b): 2D calibrated exposure average over integrations,S,mast:JWST/product/jw05893012004_02101_00005_nrcb4_cal.fits,SCIENCE,,CAL,,CALJWST,2.0.0,5893,jw05893012004_02101_00005_nrcb4_cal.fits,117573120,266381594,PUBLIC,2,F200W
266151354,JWST,image,jw05893012004_02101_00001_nrcb3,exposure (L2b): 2D calibrated exposure average over integrations,S,mast:JWST/product/jw05893012004_02101_00001_nrcb3_cal.fits,SCIENCE,,CAL,,CALJWST,2.0.0,5893,jw05893012004_02101_00001_nrcb3_cal.fits,117573120,266381594,PUBLIC,2,F200W
266151626,JWST,image,jw05893012004_02101_00002_nrcb3,exposure (L2b): 2D calibrated exposure average over integrations,S,mast:JWST/product/jw05893012004_02101_00002_nrcb3_cal.fits,SCIENCE,,CAL,,CALJWST,2.0.0,5893,jw05893012004_02101_00002_nrcb3_cal.fits,117573120,266381594,PUBLIC,2,F200W
266151849,JWST,image,jw05893012004_02101_00006_nrca3,exposure (L2b): 2D calibrated exposure average over integrations,S,mast:JWST/product/jw05893012004_02101_00006_nrca3_cal.fits,SCIENCE,,CAL,,CALJWST,2.0.0,5893,jw05893012004_02101_00006_nrca3_cal.fits,117573120,266381594,PUBLIC,2,F200W
266172537,JWST,image,jw05893012003_02101_00002_nrcb2,exposure (L2b): 2D calibrated exposure average over integrations,S,mast:JWST/product/jw05893012003_02101_00002_nrcb2_cal.fits,SCIENCE,,CAL,,CALJWST,2.0.0,5893,jw05893012003_02101_00002_nrcb2_cal.fits,117573120,266381594,PUBLIC,2,F200W
266172618,JWST,image,jw05893012003_02101_00002_nrcb4,exposure (L2b): 2D calibrated exposure average over integrations,S,mast:JWST/product/jw05893012003_02101_00002_nrcb4_cal.fits,SCIENCE,,CAL,,CALJWST,2.0.0,5893,jw05893012003_02101_00002_nrcb4_cal.fits,117573120,266381594,PUBLIC,2,F200W
266172706,JWST,image,jw05893012003_02101_00002_nrcb1,exposure (L2b): 2D calibrated exposure average over integrations,S,mast:JWST/product/jw05893012003_02101_00002_nrcb1_cal.fits,SCIENCE,,CAL,,CALJWST,2.0.0,5893,jw05893012003_02101_00002_nrcb1_cal.fits,117573120,266381594,PUBLIC,2,F200W
266172784,JWST,image,jw05893012003_02101_00001_nrca3,exposure (L2b): 2D calibrated exposure average over integrations,S,mast:JWST/product/jw05893012003_02101_00001_nrca3_cal.fits,SCIENCE,,CAL,,CALJWST,2.0.0,5893,jw05893012003_02101_00001_nrca3_cal.fits,117573120,266381594,PUBLIC,2,F200W
266172856,JWST,image,jw05893012003_02101_00001_nrca4,exposure (L2b): 2D calibrated exposure average over integrations,S,mast:JWST/product/jw05893012003_02101_00001_nrca4_cal.fits,SCIENCE,,CAL,,CALJWST,2.0.0,5893,jw05893012003_02101_00001_nrca4_cal.fits,117573120,266381594,PUBLIC,2,F200W
266172881,JWST,image,jw05893012003_02101_00001_nrcb2,exposure (L2b): 2D calibrated exposure average over integrations,S,mast:JWST/product/jw05893012003_02101_00001_nrcb2_cal.fits,SCIENCE,,CAL,,CALJWST,2.0.0,5893,jw05893012003_02101_00001_nrcb2_cal.fits,117573120,266381594,PUBLIC,2,F200W
266172912,JWST,image,jw05893012003_02101_00001_nrcb4,exposure (L2b): 2D calibrated exposure average over integrations,S,mast:JWST/product/jw05893012003_02101_00001_nrcb4_cal.fits,SCIENCE,,CAL,,CALJWST,2.0.0,5893,jw05893012003_02101_00001_nrcb4_cal.fits,117573120,266381594,PUBLIC,2,F200W
266172925,JWST,image,jw05893012003_02101_00002_nrcb3,exposure (L2b): 2D calibrated exposure average over integrations,S,mast:JWST/product/jw05893012003_02101_00002_nrcb3_cal.fits,SCIENCE,,CAL,,CALJWST,2.0.0,5893,jw05893012003_02101_00002_nrcb3_cal.fits,117573120,266381594,PUBLIC,2,F200W
266172940,JWST,image,jw05893012003_02101_00001_nrcb1,exposure (L2b): 2D calibrated exposure average over integrations,S,mast:JWST/product/jw05893012003_02101_00001_nrcb1_cal.fits,SCIENCE,,CAL,,CALJWST,2.0.0,5893,jw05893012003_02101_00001_nrcb1_cal.fits,117573120,266381594,PUBLIC,2,F200W
266172970,JWST,image,jw05893012003_02101_00002_nrca1,exposure (L2b): 2D calibrated exposure average over integrations,S,mast:JWST/product/jw05893012003_02101_00002_nrca1_cal.fits,SCIENCE,,CAL,,CALJWST,2.0.0,5893,jw05893012003_02101_00002_nrca1_cal.fits,117570240,266381594,PUBLIC,2,F200W
266173042,JWST,image,jw05893012003_02101_00002_nrca4,exposure (L2b): 2D calibrated exposure average over integrations,S,mast:JWST/product/jw05893012003_02101_00002_nrca4_cal.fits,SCIENCE,,CAL,,CALJWST,2.0.0,5893,jw05893012003_02101_00002_nrca4_cal.fits,117573120,266381594,PUBLIC,2,F200W
266173084,JWST,image,jw05893012003_02101_00002_nrca3,exposure (L2b): 2D calibrated exposure average over integrations,S,mast:JWST/product/jw05893012003_02101_00002_nrca3_cal.fits,SCIENCE,,CAL,,CALJWST,2.0.0,5893,jw05893012003_02101_00002_nrca3_cal.fits,117573120,266381594,PUBLIC,2,F200W
266173101,JWST,image,jw05893012003_02101_00001_nrcb3,exposure (L2b): 2D calibrated exposure average over integrations,S,mast:JWST/product/jw05893012003_02101_00001_nrcb3_cal.fits,SCIENCE,,CAL,,CALJWST,2.0.0,5893,jw05893012003_02101_00001_nrcb3_cal.fits,117573120,266381594,PUBLIC,2,F200W
266173111,JWST,image,jw05893012003_02101_00001_nrca1,exposure (L2b): 2D calibrated exposure average over integrations,S,mast:JWST/product/jw05893012003_02101_00001_nrca1_cal.fits,SCIENCE,,CAL,,CALJWST,2.0.0,5893,jw05893012003_02101_00001_nrca1_cal.fits,117570240,266381594,PUBLIC,2,F200W
266173137,JWST,image,jw05893012003_02101_00001_nrca2,exposure (L2b): 2D calibrated exposure average over integrations,S,mast:JWST/product/jw05893012003_02101_00001_nrca2_cal.fits,SCIENCE,,CAL,,CALJWST,2.0.0,5893,jw05893012003_02101_00001_nrca2_cal.fits,117570240,266381594,PUBLIC,2,F200W
266187057,JWST,image,jw05893012003_02101_00005_nrcb4,exposure (L2b): 2D calibrated exposure average over integrations,S,mast:JWST/product/jw05893012003_02101_00005_nrcb4_cal.fits,SCIENCE,,CAL,,CALJWST,2.0.0,5893,jw05893012003_02101_00005_nrcb4_cal.fits,117573120,266381594,PUBLIC,2,F200W
266187106,JWST,image,jw05893012003_02101_00006_nrca3,exposure (L2b): 2D calibrated exposure average over integrations,S,mast:JWST/product/jw05893012003_02101_00006_nrca3_cal.fits,SCIENCE,,CAL,,CALJWST,2.0.0,5893,jw05893012003_02101_00006_nrca3_cal.fits,117573120,266381594,PUBLIC,2,F200W
266187130,JWST,image,jw05893012003_02101_00005_nrcb3,exposure (L2b): 2D calibrated exposure average over integrations,S,mast:JWST/product/jw05893012003_02101_00005_nrcb3_cal.fits,SCIENCE,,CAL,,CALJWST,2.0.0,5893,jw05893012003_02101_00005_nrcb3_cal.fits,117573120,266381594,PUBLIC,2,F200W
266187148,JWST,image,jw05893012003_02101_00005_nrca3,exposure (L2b): 2D calibrated exposure average over integrations,S,mast:JWST/product/jw05893012003_02101_00005_nrca3_cal.fits,SCIENCE,,CAL,,CALJWST,2.0.0,5893,jw05893012003_02101_00005_nrca3_cal.fits,117573120,266381594,PUBLIC,2,F200W
266187155,JWST,image,jw05893012003_02101_00006_nrca4,exposure (L2b): 2D calibrated exposure average over integrations,S,mast:JWST/product/jw05893012003_02101_00006_nrca4_cal.fits,SCIENCE,,CAL,,CALJWST,2.0.0,5893,jw05893012003_02101_00006_nrca4_cal.fits,117573120,266381594,PUBLIC,2,F200W
266187164,JWST,image,jw05893012003_02101_00003_nrca1,exposure (L2b): 2D calibrated exposure average over integrations,S,mast:JWST/product/jw05893012003_02101_00003_nrca1_cal.fits,SCIENCE,,CAL,,CALJWST,2.0.0,5893,jw05893012003_02101_00003_nrca1_cal.fits,117570240,266381594,PUBLIC,2,F200W
266187194,JWST,image,jw05893012003_02101_00004_nrcb1,exposure (L2b): 2D calibrated exposure average over integrations,S,mast:JWST/product/jw05893012003_02101_00004_nrcb1_cal.fits,SCIENCE,,CAL,,CALJWST,2.0.0,5893,jw05893012003_02101_00004_nrcb1_cal.fits,117573120,266381594,PUBLIC,2,F200W
266187202,JWST,image,jw05893012003_02101_00006_nrca1,exposure (L2b): 2D calibrated exposure average over integrations,S,mast:JWST/product/jw05893012003_02101_00006_nrca1_cal.fits,SCIENCE,,CAL,,CALJWST,2.0.0,5893,jw05893012003_02101_00006_nrca1_cal.fits,117570240,266381594,PUBLIC,2,F200W
266187207,JWST,image,jw05893012003_02101_00003_nrcb3,exposure (L2b): 2D calibrated exposure average over integrations,S,mast:JWST/product/jw05893012003_02101_00003_nrcb3_cal.fits,SCIENCE,,CAL,,CALJWST,2.0.0,5893,jw05893012003_02101_00003_nrcb3_cal.fits,117573120,266381594,PUBLIC,2,F200W
266187224,JWST,image,jw05893012003_02101_00003_nrca3,exposure (L2b): 2D calibrated exposure average over integrations,S,mast:JWST/product/jw05893012003_02101_00003_nrca3_cal.fits,SCIENCE,,CAL,,CALJWST,2.0.0,5893,jw05893012003_02101_00003_nrca3_cal.fits,117573120,266381594,PUBLIC,2,F200W
266187232,JWST,image,jw05893012003_02101_00004_nrcb4,exposure (L2b): 2D calibrated exposure average over integrations,S,mast:JWST/product/jw05893012003_02101_00004_nrcb4_cal.fits,SCIENCE,,CAL,,CALJWST,2.0.0,5893,jw05893012003_02101_00004_nrcb4_cal.fits,117573120,266381594,PUBLIC,2,F200W
266187248,JWST,image,jw05893012003_02101_00003_nrcb4,exposure (L2b): 2D calibrated exposure average over integrations,S,mast:JWST/product/jw05893012003_02101_00003_nrcb4_cal.fits,SCIENCE,,CAL,,CALJWST,2.0.0,5893,jw05893012003_02101_00003_nrcb4_cal.fits,117573120,266381594,PUBLIC,2,F200W
266187257,JWST,image,jw05893012003_02101_00004_nrcb3,exposure (L2b): 2D calibrated exposure average over integrations,S,mast:JWST/product/jw05893012003_02101_00004_nrcb3_cal.fits,SCIENCE,,CAL,,CALJWST,2.0.0,5893,jw05893012003_02101_00004_nrcb3_cal.fits,117573120,266381594,PUBLIC,2,F200W
266187280,JWST,image,jw05893012003_02101_00003_nrcb2,exposure (L2b): 2D calibrated exposure average over integrations,S,mast:JWST/product/jw05893012003_02101_00003_nrcb2_cal.fits,SCIENCE,,CAL,,CALJWST,2.0.0,5893,jw05893012003_02101_00003_nrcb2_cal.fits,117573120,266381594,PUBLIC,2,F200W
266187299,JWST,image,jw05893012003_02101_00003_nrca4,exposure (L2b): 2D calibrated exposure average over integrations,S,mast:JWST/product/jw05893012003_02101_00003_nrca4_cal.fits,SCIENCE,,CAL,,CALJWST,2.0.0,5893,jw05893012003_02101_00003_nrca4_cal.fits,117573120,266381594,PUBLIC,2,F200W
266187307,JWST,image,jw05893012003_02101_00004_nrca1,exposure (L2b): 2D calibrated exposure average over integrations,S,mast:JWST/product/jw05893012003_02101_00004_nrca1_cal.fits,SCIENCE,,CAL,,CALJWST,2.0.0,5893,jw05893012003_02101_00004_nrca1_cal.fits,117570240,266381594,PUBLIC,2,F200W
266187316,JWST,image,jw05893012003_02101_00003_nrcb1,exposure (L2b): 2D calibrated exposure average over integrations,S,mast:JWST/product/jw05893012003_02101_00003_nrcb1_cal.fits,SCIENCE,,CAL,,CALJWST,2.0.0,5893,jw05893012003_02101_00003_nrcb1_cal.fits,117573120,266381594,PUBLIC,2,F200W
266187328,JWST,image,jw05893012003_02101_00002_nrca2,exposure (L2b): 2D calibrated exposure average over integrations,S,mast:JWST/product/jw05893012003_02101_00002_nrca2_cal.fits,SCIENCE,,CAL,,CALJWST,2.0.0,5893,jw05893012003_02101_00002_nrca2_cal.fits,117570240,266381594,PUBLIC,2,F200W
266187388,JWST,image,jw05893012003_02101_00005_nrca2,exposure (L2b): 2D calibrated exposure average over integrations,S,mast:JWST/product/jw05893012003_02101_00005_nrca2_cal.fits,SCIENCE,,CAL,,CALJWST,2.0.0,5893,jw05893012003_02101_00005_nrca2_cal.fits,117570240,266381594,PUBLIC,2,F200W
266187397,JWST,image,jw05893012003_02101_00006_nrca2,exposure (L2b): 2D calibrated exposure average over integrations,S,mast:JWST/product/jw05893012003_02101_00006_nrca2_cal.fits,SCIENCE,,CAL,,CALJWST,2.0.0,5893,jw05893012003_02101_00006_nrca2_cal.fits,117570240,266381594,PUBLIC,2,F200W
266187453,JWST,image,jw05893012003_02101_00005_nrca1,exposure (L2b): 2D calibrated exposure average over integrations,S,mast:JWST/product/jw05893012003_02101_00005_nrca1_cal.fits,SCIENCE,,CAL,,CALJWST,2.0.0,5893,jw05893012003_02101_00005_nrca1_cal.fits,117570240,266381594,PUBLIC,2,F200W
266187477,JWST,image,jw05893012003_02101_00005_nrcb1,exposure (L2b): 2D calibrated exposure average over integrations,S,mast:JWST/product/jw05893012003_02101_00005_nrcb1_cal.fits,SCIENCE,,CAL,,CALJWST,2.0.0,5893,jw05893012003_02101_00005_nrcb1_cal.fits,117573120,266381594,PUBLIC,2,F200W
266187501,JWST,image,jw05893012003_02101_00004_nrca4,exposure (L2b): 2D calibrated exposure average over integrations,S,mast:JWST/product/jw05893012003_02101_00004_nrca4_cal.fits,SCIENCE,,CAL,,CALJWST,2.0.0,5893,jw05893012003_02101_00004_nrca4_cal.fits,117573120,266381594,PUBLIC,2,F200W
266187510,JWST,image,jw05893012003_02101_00005_nrca4,exposure (L2b): 2D calibrated exposure average over integrations,S,mast:JWST/product/jw05893012003_02101_00005_nrca4_cal.fits,SCIENCE,,CAL,,CALJWST,2.0.0,5893,jw05893012003_02101_00005_nrca4_cal.fits,117573120,266381594,PUBLIC,2,F200W
266187519,JWST,image,jw05893012003_02101_00003_nrca2,exposure (L2b): 2D calibrated exposure average over integrations,S,mast:JWST/product/jw05893012003_02101_00003_nrca2_cal.fits,SCIENCE,,CAL,,CALJWST,2.0.0,5893,jw05893012003_02101_00003_nrca2_cal.fits,117570240,266381594,PUBLIC,2,F200W
266187544,JWST,image,jw05893012003_02101_00004_nrcb2,exposure (L2b): 2D calibrated exposure average over integrations,S,mast:JWST/product/jw05893012003_02101_00004_nrcb2_cal.fits,SCIENCE,,CAL,,CALJWST,2.0.0,5893,jw05893012003_02101_00004_nrcb2_cal.fits,117573120,266381594,PUBLIC,2,F200W
266187559,JWST,image,jw05893012003_02101_00005_nrcb2,exposure (L2b): 2D calibrated exposure average over integrations,S,mast:JWST/product/jw05893012003_02101_00005_nrcb2_cal.fits,SCIENCE,,CAL,,CALJWST,2.0.0,5893,jw05893012003_02101_00005_nrcb2_cal.fits,117573120,266381594,PUBLIC,2,F200W
266187567,JWST,image,jw05893012003_02101_00004_nrca3,exposure (L2b): 2D calibrated exposure average over integrations,S,mast:JWST/product/jw05893012003_02101_00004_nrca3_cal.fits,SCIENCE,,CAL,,CALJWST,2.0.0,5893,jw05893012003_02101_00004_nrca3_cal.fits,117573120,266381594,PUBLIC,2,F200W
266187578,JWST,image,jw05893012003_02101_00006_nrcb4,exposure (L2b): 2D calibrated exposure average over integrations,S,mast:JWST/product/jw05893012003_02101_00006_nrcb4_cal.fits,SCIENCE,,CAL,,CALJWST,2.0.0,5893,jw05893012003_02101_00006_nrcb4_cal.fits,117573120,266381594,PUBLIC,2,F200W
266187587,JWST,image,jw05893012003_02101_00004_nrca2,exposure (L2b): 2D calibrated exposure average over integrations,S,mast:JWST/product/jw05893012003_02101_00004_nrca2_cal.fits,SCIENCE,,CAL,,CALJWST,2.0.0,5893,jw05893012003_02101_00004_nrca2_cal.fits,117570240,266381594,PUBLIC,2,F200W
266200817,JWST,image,jw05893012001_02101_00001_nrcb3,exposure (L2b): 2D calibrated exposure average over integrations,S,mast:JWST/product/jw05893012001_02101_00001_nrcb3_cal.fits,SCIENCE,,CAL,,CALJWST,2.0.0,5893,jw05893012001_02101_00001_nrcb3_cal.fits,117573120,266381594,PUBLIC,2,F200W
266201454,JWST,image,jw05893012003_02101_00006_nrcb1,exposure (L2b): 2D calibrated exposure average over integrations,S,mast:JWST/product/jw05893012003_02101_00006_nrcb1_cal.fits,SCIENCE,,CAL,,CALJWST,2.0.0,5893,jw05893012003_02101_00006_nrcb1_cal.fits,117573120,266381594,PUBLIC,2,F200W
266201500,JWST,image,jw05893012003_02101_00006_nrcb3,exposure (L2b): 2D calibrated exposure average over integrations,S,mast:JWST/product/jw05893012003_02101_00006_nrcb3_cal.fits,SCIENCE,,CAL,,CALJWST,2.0.0,5893,jw05893012003_02101_00006_nrcb3_cal.fits,117573120,266381594,PUBLIC,2,F200W
266201921,JWST,image,jw05893012003_02101_00006_nrcb2,exposure (L2b): 2D calibrated exposure average over integrations,S,mast:JWST/product/jw05893012003_02101_00006_nrcb2_cal.fits,SCIENCE,,CAL,,CALJWST,2.0.0,5893,jw05893012003_02101_00006_nrcb2_cal.fits,117573120,266381594,PUBLIC,2,F200W
266206016,JWST,image,jw05893012001_02101_00002_nrcb4,exposure (L2b): 2D calibrated exposure average over integrations,S,mast:JWST/product/jw05893012001_02101_00002_nrcb4_cal.fits,SCIENCE,,CAL,,CALJWST,2.0.0,5893,jw05893012001_02101_00002_nrcb4_cal.fits,117573120,266381594,PUBLIC,2,F200W
266206026,JWST,image,jw05893012001_02101_00002_nrca4,exposure (L2b): 2D calibrated exposure average over integrations,S,mast:JWST/product/jw05893012001_02101_00002_nrca4_cal.fits,SCIENCE,,CAL,,CALJWST,2.0.0,5893,jw05893012001_02101_00002_nrca4_cal.fits,117573120,266381594,PUBLIC,2,F200W
266206032,JWST,image,jw05893012001_02101_00001_nrca4,exposure (L2b): 2D calibrated exposure average over integrations,S,mast:JWST/product/jw05893012001_02101_00001_nrca4_cal.fits,SCIENCE,,CAL,,CALJWST,2.0.0,5893,jw05893012001_02101_00001_nrca4_cal.fits,117573120,266381594,PUBLIC,2,F200W
266206037,JWST,image,jw05893012001_02101_00001_nrcb4,exposure (L2b): 2D calibrated exposure average over integrations,S,mast:JWST/product/jw05893012001_02101_00001_nrcb4_cal.fits,SCIENCE,,CAL,,CALJWST,2.0.0,5893,jw05893012001_02101_00001_nrcb4_cal.fits,117573120,266381594,PUBLIC,2,F200W
266206043,JWST,image,jw05893012001_02101_00002_nrcb2,exposure (L2b): 2D calibrated exposure average over integrations,S,mast:JWST/product/jw05893012001_02101_00002_nrcb2_cal.fits,SCIENCE,,CAL,,CALJWST,2.0.0,5893,jw05893012001_02101_00002_nrcb2_cal.fits,117573120,266381594,PUBLIC,2,F200W
266206053,JWST,image,jw05893012001_02101_00001_nrca1,exposure (L2b): 2D calibrated exposure average over integrations,S,mast:JWST/product/jw05893012001_02101_00001_nrca1_cal.fits,SCIENCE,,CAL,,CALJWST,2.0.0,5893,jw05893012001_02101_00001_nrca1_cal.fits,117570240,266381594,PUBLIC,2,F200W
266206067,JWST,image,jw05893012001_02101_00001_nrca3,exposure (L2b): 2D calibrated exposure average over integrations,S,mast:JWST/product/jw05893012001_02101_00001_nrca3_cal.fits,SCIENCE,,CAL,,CALJWST,2.0.0,5893,jw05893012001_02101_00001_nrca3_cal.fits,117573120,266381594,PUBLIC,2,F200W
266206082,JWST,image,jw05893012001_02101_00002_nrca3,exposure (L2b): 2D calibrated exposure average over integrations,S,mast:JWST/product/jw05893012001_02101_00002_nrca3_cal.fits,SCIENCE,,CAL,,CALJWST,2.0.0,5893,jw05893012001_02101_00002_nrca3_cal.fits,117573120,266381594,PUBLIC,2,F200W
266206094,JWST,image,jw05893012001_02101_00001_nrcb2,exposure (L2b): 2D calibrated exposure average over integrations,S,mast:JWST/product/jw05893012001_02101_00001_nrcb2_cal.fits,SCIENCE,,CAL,,CALJWST,2.0.0,5893,jw05893012001_02101_00001_nrcb2_cal.fits,117573120,266381594,PUBLIC,2,F200W
266206103,JWST,image,jw05893012001_02101_00001_nrcb1,exposure (L2b): 2D calibrated exposure average over integrations,S,mast:JWST/product/jw05893012001_02101_00001_nrcb1_cal.fits,SCIENCE,,CAL,,CALJWST,2.0.0,5893,jw05893012001_02101_00001_nrcb1_cal.fits,117573120,266381594,PUBLIC,2,F200W
266206107,JWST,image,jw05893012001_02101_00001_nrca2,exposure (L2b): 2D calibrated exposure average over integrations,S,mast:JWST/product/jw05893012001_02101_00001_nrca2_cal.fits,SCIENCE,,CAL,,CALJWST,2.0.0,5893,jw05893012001_02101_00001_nrca2_cal.fits,117570240,266381594,PUBLIC,2,F200W
266206117,JWST,image,jw05893012001_02101_00002_nrca2,exposure (L2b): 2D calibrated exposure average over integrations,S,mast:JWST/product/jw05893012001_02101_00002_nrca2_cal.fits,SCIENCE,,CAL,,CALJWST,2.0.0,5893,jw05893012001_02101_00002_nrca2_cal.fits,117570240,266381594,PUBLIC,2,F200W
266218349,JWST,image,jw05893012001_02101_00002_nrca1,exposure (L2b): 2D calibrated exposure average over integrations,S,mast:JWST/product/jw05893012001_02101_00002_nrca1_cal.fits,SCIENCE,,CAL,,CALJWST,2.0.0,5893,jw05893012001_02101_00002_nrca1_cal.fits,117570240,266381594,PUBLIC,2,F200W
266218364,JWST,image,jw05893012001_02101_00005_nrcb1,exposure (L2b): 2D calibrated exposure average over integrations,S,mast:JWST/product/jw05893012001_02101_00005_nrcb1_cal.fits,SCIENCE,,CAL,,CALJWST,2.0.0,5893,jw05893012001_02101_00005_nrcb1_cal.fits,117573120,266381594,PUBLIC,2,F200W
266218385,JWST,image,jw05893012001_02101_00003_nrca3,exposure (L2b): 2D calibrated exposure average over integrations,S,mast:JWST/product/jw05893012001_02101_00003_nrca3_cal.fits,SCIENCE,,CAL,,CALJWST,2.0.0,5893,jw05893012001_02101_00003_nrca3_cal.fits,117573120,266381594,PUBLIC,2,F200W
266218405,JWST,image,jw05893012001_02101_00004_nrca2,exposure (L2b): 2D calibrated exposure average over integrations,S,mast:JWST/product/jw05893012001_02101_00004_nrca2_cal.fits,SCIENCE,,CAL,,CALJWST,2.0.0,5893,jw05893012001_02101_00004_nrca2_cal.fits,117570240,266381594,PUBLIC,2,F200W
266218426,JWST,image,jw05893012001_02101_00005_nrcb2,exposure (L2b): 2D calibrated exposure average over integrations,S,mast:JWST/product/jw05893012001_02101_00005_nrcb2_cal.fits,SCIENCE,,CAL,,CALJWST,2.0.0,5893,jw05893012001_02101_00005_nrcb2_cal.fits,117573120,266381594,PUBLIC,2,F200W
266218447,JWST,image,jw05893012001_02101_00003_nrca1,exposure (L2b): 2D calibrated exposure average over integrations,S,mast:JWST/product/jw05893012001_02101_00003_nrca1_cal.fits,SCIENCE,,CAL,,CALJWST,2.0.0,5893,jw05893012001_02101_00003_nrca1_cal.fits,117570240,266381594,PUBLIC,2,F200W
266218469,JWST,image,jw05893012001_02101_00005_nrca1,exposure (L2b): 2D calibrated exposure average over integrations,S,mast:JWST/product/jw05893012001_02101_00005_nrca1_cal.fits,SCIENCE,,CAL,,CALJWST,2.0.0,5893,jw05893012001_02101_00005_nrca1_cal.fits,117570240,266381594,PUBLIC,2,F200W
266218477,JWST,image,jw05893012001_02101_00003_nrcb1,exposure (L2b): 2D calibrated exposure average over integrations,S,mast:JWST/product/jw05893012001_02101_00003_nrcb1_cal.fits,SCIENCE,,CAL,,CALJWST,2.0.0,5893,jw05893012001_02101_00003_nrcb1_cal.fits,117573120,266381594,PUBLIC,2,F200W
266218497,JWST,image,jw05893012001_02101_00004_nrca1,exposure (L2b): 2D calibrated exposure average over integrations,S,mast:JWST/product/jw05893012001_02101_00004_nrca1_cal.fits,SCIENCE,,CAL,,CALJWST,2.0.0,5893,jw05893012001_02101_00004_nrca1_cal.fits,117570240,266381594,PUBLIC,2,F200W
266218503,JWST,image,jw05893012001_02101_00003_nrca2,exposure (L2b): 2D calibrated exposure average over integrations,S,mast:JWST/product/jw05893012001_02101_00003_nrca2_cal.fits,SCIENCE,,CAL,,CALJWST,2.0.0,5893,jw05893012001_02101_00003_nrca2_cal.fits,117570240,266381594,PUBLIC,2,F200W
266218511,JWST,image,jw05893012001_02101_00004_nrca4,exposure (L2b): 2D calibrated exposure average over integrations,S,mast:JWST/product/jw05893012001_02101_00004_nrca4_cal.fits,SCIENCE,,CAL,,CALJWST,2.0.0,5893,jw05893012001_02101_00004_nrca4_cal.fits,117573120,266381594,PUBLIC,2,F200W
266218524,JWST,image,jw05893012001_02101_00003_nrca4,exposure (L2b): 2D calibrated exposure average over integrations,S,mast:JWST/product/jw05893012001_02101_00003_nrca4_cal.fits,SCIENCE,,CAL,,CALJWST,2.0.0,5893,jw05893012001_02101_00003_nrca4_cal.fits,117573120,266381594,PUBLIC,2,F200W
266218531,JWST,image,jw05893012001_02101_00005_nrcb4,exposure (L2b): 2D calibrated exposure average over integrations,S,mast:JWST/product/jw05893012001_02101_00005_nrcb4_cal.fits,SCIENCE,,CAL,,CALJWST,2.0.0,5893,jw05893012001_02101_00005_nrcb4_cal.fits,117573120,266381594,PUBLIC,2,F200W
266218545,JWST,image,jw05893012001_02101_00004_nrcb4,exposure (L2b): 2D calibrated exposure average over integrations,S,mast:JWST/product/jw05893012001_02101_00004_nrcb4_cal.fits,SCIENCE,,CAL,,CALJWST,2.0.0,5893,jw05893012001_02101_00004_nrcb4_cal.fits,117573120,266381594,PUBLIC,2,F200W
266218558,JWST,image,jw05893012001_02101_00005_nrca3,exposure (L2b): 2D calibrated exposure average over integrations,S,mast:JWST/product/jw05893012001_02101_00005_nrca3_cal.fits,SCIENCE,,CAL,,CALJWST,2.0.0,5893,jw05893012001_02101_00005_nrca3_cal.fits,117573120,266381594,PUBLIC,2,F200W
266218566,JWST,image,jw05893012001_02101_00002_nrcb1,exposure (L2b): 2D calibrated exposure average over integrations,S,mast:JWST/product/jw05893012001_02101_00002_nrcb1_cal.fits,SCIENCE,,CAL,,CALJWST,2.0.0,5893,jw05893012001_02101_00002_nrcb1_cal.fits,117573120,266381594,PUBLIC,2,F200W
266218594,JWST,image,jw05893012001_02101_00003_nrcb2,exposure (L2b): 2D calibrated exposure average over integrations,S,mast:JWST/product/jw05893012001_02101_00003_nrcb2_cal.fits,SCIENCE,,CAL,,CALJWST,2.0.0,5893,jw05893012001_02101_00003_nrcb2_cal.fits,117573120,266381594,PUBLIC,2,F200W
266218609,JWST,image,jw05893012001_02101_00004_nrca3,exposure (L2b): 2D calibrated exposure average over integrations,S,mast:JWST/product/jw05893012001_02101_00004_nrca3_cal.fits,SCIENCE,,CAL,,CALJWST,2.0.0,5893,jw05893012001_02101_00004_nrca3_cal.fits,117573120,266381594,PUBLIC,2,F200W
266218615,JWST,image,jw05893012001_02101_00004_nrcb2,exposure (L2b): 2D calibrated exposure average over integrations,S,mast:JWST/product/jw05893012001_02101_00004_nrcb2_cal.fits,SCIENCE,,CAL,,CALJWST,2.0.0,5893,jw05893012001_02101_00004_nrcb2_cal.fits,117573120,266381594,PUBLIC,2,F200W
266218623,JWST,image,jw05893012001_02101_00005_nrca2,exposure (L2b): 2D calibrated exposure average over integrations,S,mast:JWST/product/jw05893012001_02101_00005_nrca2_cal.fits,SCIENCE,,CAL,,CALJWST,2.0.0,5893,jw05893012001_02101_00005_nrca2_cal.fits,117570240,266381594,PUBLIC,2,F200W
266218643,JWST,image,jw05893012001_02101_00003_nrcb4,exposure (L2b): 2D calibrated exposure average over integrations,S,mast:JWST/product/jw05893012001_02101_00003_nrcb4_cal.fits,SCIENCE,,CAL,,CALJWST,2.0.0,5893,jw05893012001_02101_00003_nrcb4_cal.fits,117573120,266381594,PUBLIC,2,F200W
266218651,JWST,image,jw05893012001_02101_00004_nrcb1,exposure (L2b): 2D calibrated exposure average over integrations,S,mast:JWST/product/jw05893012001_02101_00004_nrcb1_cal.fits,SCIENCE,,CAL,,CALJWST,2.0.0,5893,jw05893012001_02101_00004_nrcb1_cal.fits,117573120,266381594,PUBLIC,2,F200W
266218658,JWST,image,jw05893012001_02101_00005_nrcb3,exposure (L2b): 2D calibrated exposure average over integrations,S,mast:JWST/product/jw05893012001_02101_00005_nrcb3_cal.fits,SCIENCE,,CAL,,CALJWST,2.0.0,5893,jw05893012001_02101_00005_nrcb3_cal.fits,117573120,266381594,PUBLIC,2,F200W
266218667,JWST,image,jw05893012001_02101_00005_nrca4,exposure (L2b): 2D calibrated exposure average over integrations,S,mast:JWST/product/jw05893012001_02101_00005_nrca4_cal.fits,SCIENCE,,CAL,,CALJWST,2.0.0,5893,jw05893012001_02101_00005_nrca4_cal.fits,117573120,266381594,PUBLIC,2,F200W
266218686,JWST,image,jw05893012001_02101_00004_nrcb3,exposure (L2b): 2D calibrated exposure average over integrations,S,mast:JWST/product/jw05893012001_02101_00004_nrcb3_cal.fits,SCIENCE,,CAL,,CALJWST,2.0.0,5893,jw05893012001_02101_00004_nrcb3_cal.fits,117573120,266381594,PUBLIC,2,F200W
266218705,JWST,image,jw05893012001_02101_00003_nrcb3,exposure (L2b): 2D calibrated exposure average over integrations,S,mast:JWST/product/jw05893012001_02101_00003_nrcb3_cal.fits,SCIENCE,,CAL,,CALJWST,2.0.0,5893,jw05893012001_02101_00003_nrcb3_cal.fits,117573120,266381594,PUBLIC,2,F200W
266218714,JWST,image,jw05893012001_02101_00002_nrcb3,exposure (L2b): 2D calibrated exposure average over integrations,S,mast:JWST/product/jw05893012001_02101_00002_nrcb3_cal.fits,SCIENCE,,CAL,,CALJWST,2.0.0,5893,jw05893012001_02101_00002_nrcb3_cal.fits,117573120,266381594,PUBLIC,2,F200W
266220977,JWST,image,jw05893012001_02101_00006_nrca2,exposure (L2b): 2D calibrated exposure average over integrations,S,mast:JWST/product/jw05893012001_02101_00006_nrca2_cal.fits,SCIENCE,,CAL,,CALJWST,2.0.0,5893,jw05893012001_02101_00006_nrca2_cal.fits,117570240,266381594,PUBLIC,2,F200W
266220990,JWST,image,jw05893012001_02101_00006_nrca4,exposure (L2b): 2D calibrated exposure average over integrations,S,mast:JWST/product/jw05893012001_02101_00006_nrca4_cal.fits,SCIENCE,,CAL,,CALJWST,2.0.0,5893,jw05893012001_02101_00006_nrca4_cal.fits,117573120,266381594,PUBLIC,2,F200W
266220998,JWST,image,jw05893012001_02101_00006_nrcb3,exposure (L2b): 2D calibrated exposure average over integrations,S,mast:JWST/product/jw05893012001_02101_00006_nrcb3_cal.fits,SCIENCE,,CAL,,CALJWST,2.0.0,5893,jw05893012001_02101_00006_nrcb3_cal.fits,117573120,266381594,PUBLIC,2,F200W
266221063,JWST,image,jw05893012001_02101_00006_nrcb4,exposure (L2b): 2D calibrated exposure average over integrations,S,mast:JWST/product/jw05893012001_02101_00006_nrcb4_cal.fits,SCIENCE,,CAL,,CALJWST,2.0.0,5893,jw05893012001_02101_00006_nrcb4_cal.fits,117573120,266381594,PUBLIC,2,F200W
266221107,JWST,image,jw05893012001_02101_00006_nrcb2,exposure (L2b): 2D calibrated exposure average over integrations,S,mast:JWST/product/jw05893012001_02101_00006_nrcb2_cal.fits,SCIENCE,,CAL,,CALJWST,2.0.0,5893,jw05893012001_02101_00006_nrcb2_cal.fits,117573120,266381594,PUBLIC,2,F200W
266221184,JWST,image,jw05893012001_02101_00006_nrcb1,exposure (L2b): 2D calibrated exposure average over integrations,S,mast:JWST/product/jw05893012001_02101_00006_nrcb1_cal.fits,SCIENCE,,CAL,,CALJWST,2.0.0,5893,jw05893012001_02101_00006_nrcb1_cal.fits,117573120,266381594,PUBLIC,2,F200W
266221243,JWST,image,jw05893012001_02101_00006_nrca1,exposure (L2b): 2D calibrated exposure average over integrations,S,mast:JWST/product/jw05893012001_02101_00006_nrca1_cal.fits,SCIENCE,,CAL,,CALJWST,2.0.0,5893,jw05893012001_02101_00006_nrca1_cal.fits,117570240,266381594,PUBLIC,2,F200W
266221247,JWST,image,jw05893012001_02101_00006_nrca3,exposure (L2b): 2D calibrated exposure average over integrations,S,mast:JWST/product/jw05893012001_02101_00006_nrca3_cal.fits,SCIENCE,,CAL,,CALJWST,2.0.0,5893,jw05893012001_02101_00006_nrca3_cal.fits,117573120,266381594,PUBLIC,2,F200W
266229245,JWST,image,jw05893012002_02101_00001_nrcb1,exposure (L2b): 2D calibrated exposure average over integrations,S,mast:JWST/product/jw05893012002_02101_00001_nrcb1_cal.fits,SCIENCE,,CAL,,CALJWST,2.0.0,5893,jw05893012002_02101_00001_nrcb1_cal.fits,117573120,266381594,PUBLIC,2,F200W
266229246,JWST,image,jw05893012002_02101_00001_nrcb2,exposure (L2b): 2D calibrated exposure average over integrations,S,mast:JWST/product/jw05893012002_02101_00001_nrcb2_cal.fits,SCIENCE,,CAL,,CALJWST,2.0.0,5893,jw05893012002_02101_00001_nrcb2_cal.fits,117573120,266381594,PUBLIC,2,F200W
266229249,JWST,image,jw05893012002_02101_00001_nrca1,exposure (L2b): 2D calibrated exposure average over integrations,S,mast:JWST/product/jw05893012002_02101_00001_nrca1_cal.fits,SCIENCE,,CAL,,CALJWST,2.0.0,5893,jw05893012002_02101_00001_nrca1_cal.fits,117570240,266381594,PUBLIC,2,F200W
266229251,JWST,image,jw05893012002_02101_00001_nrcb4,exposure (L2b): 2D calibrated exposure average over integrations,S,mast:JWST/product/jw05893012002_02101_00001_nrcb4_cal.fits,SCIENCE,,CAL,,CALJWST,2.0.0,5893,jw05893012002_02101_00001_nrcb4_cal.fits,117573120,266381594,PUBLIC,2,F200W
266229252,JWST,image,jw05893012002_02101_00001_nrca3,exposure (L2b): 2D calibrated exposure average over integrations,S,mast:JWST/product/jw05893012002_02101_00001_nrca3_cal.fits,SCIENCE,,CAL,,CALJWST,2.0.0,5893,jw05893012002_02101_00001_nrca3_cal.fits,117573120,266381594,PUBLIC,2,F200W
266229253,JWST,image,jw05893012002_02101_00001_nrca4,exposure (L2b): 2D calibrated exposure average over integrations,S,mast:JWST/product/jw05893012002_02101_00001_nrca4_cal.fits,SCIENCE,,CAL,,CALJWST,2.0.0,5893,jw05893012002_02101_00001_nrca4_cal.fits,117573120,266381594,PUBLIC,2,F200W
266229254,JWST,image,jw05893012002_02101_00001_nrca2,exposure (L2b): 2D calibrated exposure average over integrations,S,mast:JWST/product/jw05893012002_02101_00001_nrca2_cal.fits,SCIENCE,,CAL,,CALJWST,2.0.0,5893,jw05893012002_02101_00001_nrca2_cal.fits,117570240,266381594,PUBLIC,2,F200W
266229271,JWST,image,jw05893012002_02101_00003_nrcb2,exposure (L2b): 2D calibrated exposure average over integrations,S,mast:JWST/product/jw05893012002_02101_00003_nrcb2_cal.fits,SCIENCE,,CAL,,CALJWST,2.0.0,5893,jw05893012002_02101_00003_nrcb2_cal.fits,117573120,266381594,PUBLIC,2,F200W
266229273,JWST,image,jw05893012002_02101_00002_nrca2,exposure (L2b): 2D calibrated exposure average over integrations,S,mast:JWST/product/jw05893012002_02101_00002_nrca2_cal.fits,SCIENCE,,CAL,,CALJWST,2.0.0,5893,jw05893012002_02101_00002_nrca2_cal.fits,117570240,266381594,PUBLIC,2,F200W
266229275,JWST,image,jw05893012002_02101_00005_nrcb4,exposure (L2b): 2D calibrated exposure average over integrations,S,mast:JWST/product/jw05893012002_02101_00005_nrcb4_cal.fits,SCIENCE,,CAL,,CALJWST,2.0.0,5893,jw05893012002_02101_00005_nrcb4_cal.fits,117573120,266381594,PUBLIC,2,F200W
266229277,JWST,image,jw05893012002_02101_00001_nrcb3,exposure (L2b): 2D calibrated exposure average over integrations,S,mast:JWST/product/jw05893012002_02101_00001_nrcb3_cal.fits,SCIENCE,,CAL,,CALJWST,2.0.0,5893,jw05893012002_02101_00001_nrcb3_cal.fits,117573120,266381594,PUBLIC,2,F200W
266229278,JWST,image,jw05893012002_02101_00004_nrca3,exposure (L2b): 2D calibrated exposure average over integrations,S,mast:JWST/product/jw05893012002_02101_00004_nrca3_cal.fits,SCIENCE,,CAL,,CALJWST,2.0.0,5893,jw05893012002_02101_00004_nrca3_cal.fits,117573120,266381594,PUBLIC,2,F200W
266229279,JWST,image,jw05893012002_02101_00003_nrca4,exposure (L2b): 2D calibrated exposure average over integrations,S,mast:JWST/product/jw05893012002_02101_00003_nrca4_cal.fits,SCIENCE,,CAL,,CALJWST,2.0.0,5893,jw05893012002_02101_00003_nrca4_cal.fits,117573120,266381594,PUBLIC,2,F200W
266229280,JWST,image,jw05893012002_02101_00002_nrca4,exposure (L2b): 2D calibrated exposure average over integrations,S,mast:JWST/product/jw05893012002_02101_00002_nrca4_cal.fits,SCIENCE,,CAL,,CALJWST,2.0.0,5893,jw05893012002_02101_00002_nrca4_cal.fits,117573120,266381594,PUBLIC,2,F200W
266229281,JWST,image,jw05893012002_02101_00003_nrca1,exposure (L2b): 2D calibrated exposure average over integrations,S,mast:JWST/product/jw05893012002_02101_00003_nrca1_cal.fits,SCIENCE,,CAL,,CALJWST,2.0.0,5893,jw05893012002_02101_00003_nrca1_cal.fits,117570240,266381594,PUBLIC,2,F200W
266229282,JWST,image,jw05893012002_02101_00002_nrcb2,exposure (L2b): 2D calibrated exposure average over integrations,S,mast:JWST/product/jw05893012002_02101_00002_nrcb2_cal.fits,SCIENCE,,CAL,,CALJWST,2.0.0,5893,jw05893012002_02101_00002_nrcb2_cal.fits,117573120,266381594,PUBLIC,2,F200W
266229283,JWST,image,jw05893012002_02101_00003_nrcb1,exposure (L2b): 2D calibrated exposure average over integrations,S,mast:JWST/product/jw05893012002_02101_00003_nrcb1_cal.fits,SCIENCE,,CAL,,CALJWST,2.0.0,5893,jw05893012002_02101_00003_nrcb1_cal.fits,117573120,266381594,PUBLIC,2,F200W
266229284,JWST,image,jw05893012002_02101_00004_nrca2,exposure (L2b): 2D calibrated exposure average over integrations,S,mast:JWST/product/jw05893012002_02101_00004_nrca2_cal.fits,SCIENCE,,CAL,,CALJWST,2.0.0,5893,jw05893012002_02101_00004_nrca2_cal.fits,117570240,266381594,PUBLIC,2,F200W
266229285,JWST,image,jw05893012002_02101_00002_nrca1,exposure (L2b): 2D calibrated exposure average over integrations,S,mast:JWST/product/jw05893012002_02101_00002_nrca1_cal.fits,SCIENCE,,CAL,,CALJWST,2.0.0,5893,jw05893012002_02101_00002_nrca1_cal.fits,117570240,266381594,PUBLIC,2,F200W
266229286,JWST,image,jw05893012002_02101_00005_nrcb3,exposure (L2b): 2D calibrated exposure average over integrations,S,mast:JWST/product/jw05893012002_02101_00005_nrcb3_cal.fits,SCIENCE,,CAL,,CALJWST,2.0.0,5893,jw05893012002_02101_00005_nrcb3_cal.fits,117573120,266381594,PUBLIC,2,F200W
266229287,JWST,image,jw05893012002_02101_00002_nrcb3,exposure (L2b): 2D calibrated exposure average over integrations,S,mast:JWST/product/jw05893012002_02101_00002_nrcb3_cal.fits,SCIENCE,,CAL,,CALJWST,2.0.0,5893,jw05893012002_02101_00002_nrcb3_cal.fits,117573120,266381594,PUBLIC,2,F200W
266229288,JWST,image,jw05893012002_02101_00004_nrca1,exposure (L2b): 2D calibrated exposure average over integrations,S,mast:JWST/product/jw05893012002_02101_00004_nrca1_cal.fits,SCIENCE,,CAL,,CALJWST,2.0.0,5893,jw05893012002_02101_00004_nrca1_cal.fits,117570240,266381594,PUBLIC,2,F200W
266229290,JWST,image,jw05893012002_02101_00005_nrca2,exposure (L2b): 2D calibrated exposure average over integrations,S,mast:JWST/product/jw05893012002_02101_00005_nrca2_cal.fits,SCIENCE,,CAL,,CALJWST,2.0.0,5893,jw05893012002_02101_00005_nrca2_cal.fits,117570240,266381594,PUBLIC,2,F200W
266229291,JWST,image,jw05893012002_02101_00005_nrca3,exposure (L2b): 2D calibrated exposure average over integrations,S,mast:JWST/product/jw05893012002_02101_00005_nrca3_cal.fits,SCIENCE,,CAL,,CALJWST,2.0.0,5893,jw05893012002_02101_00005_nrca3_cal.fits,117573120,266381594,PUBLIC,2,F200W
266229292,JWST,image,jw05893012002_02101_00003_nrcb4,exposure (L2b): 2D calibrated exposure average over integrations,S,mast:JWST/product/jw05893012002_02101_00003_nrcb4_cal.fits,SCIENCE,,CAL,,CALJWST,2.0.0,5893,jw05893012002_02101_00003_nrcb4_cal.fits,117573120,266381594,PUBLIC,2,F200W
266229293,JWST,image,jw05893012002_02101_00003_nrca2,exposure (L2b): 2D calibrated exposure average over integrations,S,mast:JWST/product/jw05893012002_02101_00003_nrca2_cal.fits,SCIENCE,,CAL,,CALJWST,2.0.0,5893,jw05893012002_02101_00003_nrca2_cal.fits,117570240,266381594,PUBLIC,2,F200W
266229294,JWST,image,jw05893012002_02101_00002_nrcb4,exposure (L2b): 2D calibrated exposure average over integrations,S,mast:JWST/product/jw05893012002_02101_00002_nrcb4_cal.fits,SCIENCE,,CAL,,CALJWST,2.0.0,5893,jw05893012002_02101_00002_nrcb4_cal.fits,117573120,266381594,PUBLIC,2,F200W
266229295,JWST,image,jw05893012002_02101_00004_nrcb3,exposure (L2b): 2D calibrated exposure average over integrations,S,mast:JWST/product/jw05893012002_02101_00004_nrcb3_cal.fits,SCIENCE,,CAL,,CALJWST,2.0.0,5893,jw05893012002_02101_00004_nrcb3_cal.fits,117573120,266381594,PUBLIC,2,F200W
266229296,JWST,image,jw05893012002_02101_00002_nrca3,exposure (L2b): 2D calibrated exposure average over integrations,S,mast:JWST/product/jw05893012002_02101_00002_nrca3_cal.fits,SCIENCE,,CAL,,CALJWST,2.0.0,5893,jw05893012002_02101_00002_nrca3_cal.fits,117573120,266381594,PUBLIC,2,F200W
266229297,JWST,image,jw05893012002_02101_00004_nrcb4,exposure (L2b): 2D calibrated exposure average over integrations,S,mast:JWST/product/jw05893012002_02101_00004_nrcb4_cal.fits,SCIENCE,,CAL,,CALJWST,2.0.0,5893,jw05893012002_02101_00004_nrcb4_cal.fits,117573120,266381594,PUBLIC,2,F200W
266229300,JWST,image,jw05893012002_02101_00003_nrca3,exposure (L2b): 2D calibrated exposure average over integrations,S,mast:JWST/product/jw05893012002_02101_00003_nrca3_cal.fits,SCIENCE,,CAL,,CALJWST,2.0.0,5893,jw05893012002_02101_00003_nrca3_cal.fits,117573120,266381594,PUBLIC,2,F200W
266229302,JWST,image,jw05893012002_02101_00004_nrcb1,exposure (L2b): 2D calibrated exposure average over integrations,S,mast:JWST/product/jw05893012002_02101_00004_nrcb1_cal.fits,SCIENCE,,CAL,,CALJWST,2.0.0,5893,jw05893012002_02101_00004_nrcb1_cal.fits,117573120,266381594,PUBLIC,2,F200W
266229303,JWST,image,jw05893012002_02101_00004_nrcb2,exposure (L2b): 2D calibrated exposure average over integrations,S,mast:JWST/product/jw05893012002_02101_00004_nrcb2_cal.fits,SCIENCE,,CAL,,CALJWST,2.0.0,5893,jw05893012002_02101_00004_nrcb2_cal.fits,117573120,266381594,PUBLIC,2,F200W
266229304,JWST,image,jw05893012002_02101_00002_nrcb1,exposure (L2b): 2D calibrated exposure average over integrations,S,mast:JWST/product/jw05893012002_02101_00002_nrcb1_cal.fits,SCIENCE,,CAL,,CALJWST,2.0.0,5893,jw05893012002_02101_00002_nrcb1_cal.fits,117573120,266381594,PUBLIC,2,F200W
266229305,JWST,image,jw05893012002_02101_00004_nrca4,exposure (L2b): 2D calibrated exposure average over integrations,S,mast:JWST/product/jw05893012002_02101_00004_nrca4_cal.fits,SCIENCE,,CAL,,CALJWST,2.0.0,5893,jw05893012002_02101_00004_nrca4_cal.fits,117573120,266381594,PUBLIC,2,F200W
266229306,JWST,image,jw05893012002_02101_00003_nrcb3,exposure (L2b): 2D calibrated exposure average over integrations,S,mast:JWST/product/jw05893012002_02101_00003_nrcb3_cal.fits,SCIENCE,,CAL,,CALJWST,2.0.0,5893,jw05893012002_02101_00003_nrcb3_cal.fits,117573120,266381594,PUBLIC,2,F200W
266229349,JWST,image,jw05893012002_02101_00005_nrca4,exposure (L2b): 2D calibrated exposure average over integrations,S,mast:JWST/product/jw05893012002_02101_00005_nrca4_cal.fits,SCIENCE,,CAL,,CALJWST,2.0.0,5893,jw05893012002_02101_00005_nrca4_cal.fits,117573120,266381594,PUBLIC,2,F200W
266229354,JWST,image,jw05893012002_02101_00006_nrcb4,exposure (L2b): 2D calibrated exposure average over integrations,S,mast:JWST/product/jw05893012002_02101_00006_nrcb4_cal.fits,SCIENCE,,CAL,,CALJWST,2.0.0,5893,jw05893012002_02101_00006_nrcb4_cal.fits,117573120,266381594,PUBLIC,2,F200W
266229355,JWST,image,jw05893012002_02101_00005_nrcb1,exposure (L2b): 2D calibrated exposure average over integrations,S,mast:JWST/product/jw05893012002_02101_00005_nrcb1_cal.fits,SCIENCE,,CAL,,CALJWST,2.0.0,5893,jw05893012002_02101_00005_nrcb1_cal.fits,117573120,266381594,PUBLIC,2,F200W
266229358,JWST,image,jw05893012002_02101_00006_nrcb3,exposure (L2b): 2D calibrated exposure average over integrations,S,mast:JWST/product/jw05893012002_02101_00006_nrcb3_cal.fits,SCIENCE,,CAL,,CALJWST,2.0.0,5893,jw05893012002_02101_00006_nrcb3_cal.fits,117573120,266381594,PUBLIC,2,F200W
266229364,JWST,image,jw05893012002_02101_00006_nrca4,exposure (L2b): 2D calibrated exposure average over integrations,S,mast:JWST/product/jw05893012002_02101_00006_nrca4_cal.fits,SCIENCE,,CAL,,CALJWST,2.0.0,5893,jw05893012002_02101_00006_nrca4_cal.fits,117573120,266381594,PUBLIC,2,F200W
266229366,JWST,image,jw05893012002_02101_00005_nrca1,exposure (L2b): 2D calibrated exposure average over integrations,S,mast:JWST/product/jw05893012002_02101_00005_nrca1_cal.fits,SCIENCE,,CAL,,CALJWST,2.0.0,5893,jw05893012002_02101_00005_nrca1_cal.fits,117570240,266381594,PUBLIC,2,F200W
266229368,JWST,image,jw05893012002_02101_00006_nrca1,exposure (L2b): 2D calibrated exposure average over integrations,S,mast:JWST/product/jw05893012002_02101_00006_nrca1_cal.fits,SCIENCE,,CAL,,CALJWST,2.0.0,5893,jw05893012002_02101_00006_nrca1_cal.fits,117570240,266381594,PUBLIC,2,F200W
266229378,JWST,image,jw05893012002_02101_00006_nrcb1,exposure (L2b): 2D calibrated exposure average over integrations,S,mast:JWST/product/jw05893012002_02101_00006_nrcb1_cal.fits,SCIENCE,,CAL,,CALJWST,2.0.0,5893,jw05893012002_02101_00006_nrcb1_cal.fits,117573120,266381594,PUBLIC,2,F200W
266229381,JWST,image,jw05893012002_02101_00005_nrcb2,exposure (L2b): 2D calibrated exposure average over integrations,S,mast:JWST/product/jw05893012002_02101_00005_nrcb2_cal.fits,SCIENCE,,CAL,,CALJWST,2.0.0,5893,jw05893012002_02101_00005_nrcb2_cal.fits,117573120,266381594,PUBLIC,2,F200W
266229383,JWST,image,jw05893012002_02101_00006_nrca3,exposure (L2b): 2D calibrated exposure average over integrations,S,mast:JWST/product/jw05893012002_02101_00006_nrca3_cal.fits,SCIENCE,,CAL,,CALJWST,2.0.0,5893,jw05893012002_02101_00006_nrca3_cal.fits,117573120,266381594,PUBLIC,2,F200W
266229386,JWST,image,jw05893012002_02101_00006_nrca2,exposure (L2b): 2D calibrated exposure average over integrations,S,mast:JWST/product/jw05893012002_02101_00006_nrca2_cal.fits,SCIENCE,,CAL,,CALJWST,2.0.0,5893,jw05893012002_02101_00006_nrca2_cal.fits,117570240,266381594,PUBLIC,2,F200W
266229387,JWST,image,jw05893012002_02101_00006_nrcb2,exposure (L2b): 2D calibrated exposure average over integrations,S,mast:JWST/product/jw05893012002_02101_00006_nrcb2_cal.fits,SCIENCE,,CAL,,CALJWST,2.0.0,5893,jw05893012002_02101_00006_nrcb2_cal.fits,117573120,266381594,PUBLIC,2,F200W
266229752,JWST,image,jw05893016008_02101_00003_nrca3,exposure (L2b): 2D calibrated exposure average over integrations,S,mast:JWST/product/jw05893016008_02101_00003_nrca3_cal.fits,SCIENCE,,CAL,,CALJWST,2.0.0,5893,jw05893016008_02101_00003_nrca3_cal.fits,117573120,266453987,PUBLIC,2,F200W
266229753,JWST,image,jw05893016008_02101_00005_nrca3,exposure (L2b): 2D calibrated exposure average over integrations,S,mast:JWST/product/jw05893016008_02101_00005_nrca3_cal.fits,SCIENCE,,CAL,,CALJWST,2.0.0,5893,jw05893016008_02101_00005_nrca3_cal.fits,117573120,266453987,PUBLIC,2,F200W
266229755,JWST,image,jw05893016008_02101_00002_nrca2,exposure (L2b): 2D calibrated exposure average over integrations,S,mast:JWST/product/jw05893016008_02101_00002_nrca2_cal.fits,SCIENCE,,CAL,,CALJWST,2.0.0,5893,jw05893016008_02101_00002_nrca2_cal.fits,117570240,266453987,PUBLIC,2,F200W
266229756,JWST,image,jw05893016008_02101_00005_nrca1,exposure (L2b): 2D calibrated exposure average over integrations,S,mast:JWST/product/jw05893016008_02101_00005_nrca1_cal.fits,SCIENCE,,CAL,,CALJWST,2.0.0,5893,jw05893016008_02101_00005_nrca1_cal.fits,117570240,266453987,PUBLIC,2,F200W
266229758,JWST,image,jw05893016008_02101_00001_nrca3,exposure (L2b): 2D calibrated exposure average over integrations,S,mast:JWST/product/jw05893016008_02101_00001_nrca3_cal.fits,SCIENCE,,CAL,,CALJWST,2.0.0,5893,jw05893016008_02101_00001_nrca3_cal.fits,117573120,266453987,PUBLIC,2,F200W
266229759,JWST,image,jw05893016008_02101_00004_nrca4,exposure (L2b): 2D calibrated exposure average over integrations,S,mast:JWST/product/jw05893016008_02101_00004_nrca4_cal.fits,SCIENCE,,CAL,,CALJWST,2.0.0,5893,jw05893016008_02101_00004_nrca4_cal.fits,117573120,266453987,PUBLIC,2,F200W
266229760,JWST,image,jw05893016008_02101_00004_nrca1,exposure (L2b): 2D calibrated exposure average over integrations,S,mast:JWST/product/jw05893016008_02101_00004_nrca1_cal.fits,SCIENCE,,CAL,,CALJWST,2.0.0,5893,jw05893016008_02101_00004_nrca1_cal.fits,117570240,266453987,PUBLIC,2,F200W
266229761,JWST,image,jw05893016008_02101_00001_nrca1,exposure (L2b): 2D calibrated exposure average over integrations,S,mast:JWST/product/jw05893016008_02101_00001_nrca1_cal.fits,SCIENCE,,CAL,,CALJWST,2.0.0,5893,jw05893016008_02101_00001_nrca1_cal.fits,117570240,266453987,PUBLIC,2,F200W
266229762,JWST,image,jw05893016008_02101_00004_nrca3,exposure (L2b): 2D calibrated exposure average over integrations,S,mast:JWST/product/jw05893016008_02101_00004_nrca3_cal.fits,SCIENCE,,CAL,,CALJWST,2.0.0,5893,jw05893016008_02101_00004_nrca3_cal.fits,117573120,266453987,PUBLIC,2,F200W
266229763,JWST,image,jw05893016008_02101_00005_nrca4,exposure (L2b): 2D calibrated exposure average over integrations,S,mast:JWST/product/jw05893016008_02101_00005_nrca4_cal.fits,SCIENCE,,CAL,,CALJWST,2.0.0,5893,jw05893016008_02101_00005_nrca4_cal.fits,117573120,266453987,PUBLIC,2,F200W
266229764,JWST,image,jw05893016008_02101_00001_nrca2,exposure (L2b): 2D calibrated exposure average over integrations,S,mast:JWST/product/jw05893016008_02101_00001_nrca2_cal.fits,SCIENCE,,CAL,,CALJWST,2.0.0,5893,jw05893016008_02101_00001_nrca2_cal.fits,117570240,266453987,PUBLIC,2,F200W
266229765,JWST,image,jw05893016008_02101_00002_nrca1,exposure (L2b): 2D calibrated exposure average over integrations,S,mast:JWST/product/jw05893016008_02101_00002_nrca1_cal.fits,SCIENCE,,CAL,,CALJWST,2.0.0,5893,jw05893016008_02101_00002_nrca1_cal.fits,117570240,266453987,PUBLIC,2,F200W
266229766,JWST,image,jw05893016008_02101_00006_nrcb1,exposure (L2b): 2D calibrated exposure average over integrations,S,mast:JWST/product/jw05893016008_02101_00006_nrcb1_cal.fits,SCIENCE,,CAL,,CALJWST,2.0.0,5893,jw05893016008_02101_00006_nrcb1_cal.fits,117573120,266453987,PUBLIC,2,F200W
266229767,JWST,image,jw05893016008_02101_00003_nrca1,exposure (L2b): 2D calibrated exposure average over integrations,S,mast:JWST/product/jw05893016008_02101_00003_nrca1_cal.fits,SCIENCE,,CAL,,CALJWST,2.0.0,5893,jw05893016008_02101_00003_nrca1_cal.fits,117570240,266453987,PUBLIC,2,F200W
266229768,JWST,image,jw05893016008_02101_00002_nrca4,exposure (L2b): 2D calibrated exposure average over integrations,S,mast:JWST/product/jw05893016008_02101_00002_nrca4_cal.fits,SCIENCE,,CAL,,CALJWST,2.0.0,5893,jw05893016008_02101_00002_nrca4_cal.fits,117573120,266453987,PUBLIC,2,F200W
266229769,JWST,image,jw05893016008_02101_00004_nrca2,exposure (L2b): 2D calibrated exposure average over integrations,S,mast:JWST/product/jw05893016008_02101_00004_nrca2_cal.fits,SCIENCE,,CAL,,CALJWST,2.0.0,5893,jw05893016008_02101_00004_nrca2_cal.fits,117570240,266453987,PUBLIC,2,F200W
266229770,JWST,image,jw05893016008_02101_00006_nrcb2,exposure (L2b): 2D calibrated exposure average over integrations,S,mast:JWST/product/jw05893016008_02101_00006_nrcb2_cal.fits,SCIENCE,,CAL,,CALJWST,2.0.0,5893,jw05893016008_02101_00006_nrcb2_cal.fits,117573120,266453987,PUBLIC,2,F200W
266229771,JWST,image,jw05893016008_02101_00003_nrca4,exposure (L2b): 2D calibrated exposure average over integrations,S,mast:JWST/product/jw05893016008_02101_00003_nrca4_cal.fits,SCIENCE,,CAL,,CALJWST,2.0.0,5893,jw05893016008_02101_00003_nrca4_cal.fits,117573120,266453987,PUBLIC,2,F200W
266229772,JWST,image,jw05893016008_02101_00002_nrca3,exposure (L2b): 2D calibrated exposure average over integrations,S,mast:JWST/product/jw05893016008_02101_00002_nrca3_cal.fits,SCIENCE,,CAL,,CALJWST,2.0.0,5893,jw05893016008_02101_00002_nrca3_cal.fits,117573120,266453987,PUBLIC,2,F200W
266229773,JWST,image,jw05893016008_02101_00001_nrca4,exposure (L2b): 2D calibrated exposure average over integrations,S,mast:JWST/product/jw05893016008_02101_00001_nrca4_cal.fits,SCIENCE,,CAL,,CALJWST,2.0.0,5893,jw05893016008_02101_00001_nrca4_cal.fits,117573120,266453987,PUBLIC,2,F200W
266229774,JWST,image,jw05893016008_02101_00005_nrca2,exposure (L2b): 2D calibrated exposure average over integrations,S,mast:JWST/product/jw05893016008_02101_00005_nrca2_cal.fits,SCIENCE,,CAL,,CALJWST,2.0.0,5893,jw05893016008_02101_00005_nrca2_cal.fits,117570240,266453987,PUBLIC,2,F200W
266229775,JWST,image,jw05893016008_02101_00003_nrca2,exposure (L2b): 2D calibrated exposure average over integrations,S,mast:JWST/product/jw05893016008_02101_00003_nrca2_cal.fits,SCIENCE,,CAL,,CALJWST,2.0.0,5893,jw05893016008_02101_00003_nrca2_cal.fits,117570240,266453987,PUBLIC,2,F200W
266229910,JWST,image,jw05893016008_02101_00003_nrcb3,exposure (L2b): 2D calibrated exposure average over integrations,S,mast:JWST/product/jw05893016008_02101_00003_nrcb3_cal.fits,SCIENCE,,CAL,,CALJWST,2.0.0,5893,jw05893016008_02101_00003_nrcb3_cal.fits,117573120,266453987,PUBLIC,2,F200W
266229911,JWST,image,jw05893016008_02101_00004_nrcb2,exposure (L2b): 2D calibrated exposure average over integrations,S,mast:JWST/product/jw05893016008_02101_00004_nrcb2_cal.fits,SCIENCE,,CAL,,CALJWST,2.0.0,5893,jw05893016008_02101_00004_nrcb2_cal.fits,117573120,266453987,PUBLIC,2,F200W
266229912,JWST,image,jw05893016008_02101_00003_nrcb2,exposure (L2b): 2D calibrated exposure average over integrations,S,mast:JWST/product/jw05893016008_02101_00003_nrcb2_cal.fits,SCIENCE,,CAL,,CALJWST,2.0.0,5893,jw05893016008_02101_00003_nrcb2_cal.fits,117573120,266453987,PUBLIC,2,F200W
266229914,JWST,image,jw05893016008_02101_00005_nrcb2,exposure (L2b): 2D calibrated exposure average over integrations,S,mast:JWST/product/jw05893016008_02101_00005_nrcb2_cal.fits,SCIENCE,,CAL,,CALJWST,2.0.0,5893,jw05893016008_02101_00005_nrcb2_cal.fits,117573120,266453987,PUBLIC,2,F200W
266229917,JWST,image,jw05893016008_02101_00004_nrcb1,exposure (L2b): 2D calibrated exposure average over integrations,S,mast:JWST/product/jw05893016008_02101_00004_nrcb1_cal.fits,SCIENCE,,CAL,,CALJWST,2.0.0,5893,jw05893016008_02101_00004_nrcb1_cal.fits,117573120,266453987,PUBLIC,2,F200W
266229919,JWST,image,jw05893016008_02101_00002_nrcb1,exposure (L2b): 2D calibrated exposure average over integrations,S,mast:JWST/product/jw05893016008_02101_00002_nrcb1_cal.fits,SCIENCE,,CAL,,CALJWST,2.0.0,5893,jw05893016008_02101_00002_nrcb1_cal.fits,117573120,266453987,PUBLIC,2,F200W
266229920,JWST,image,jw05893016008_02101_00005_nrcb1,exposure (L2b): 2D calibrated exposure average over integrations,S,mast:JWST/product/jw05893016008_02101_00005_nrcb1_cal.fits,SCIENCE,,CAL,,CALJWST,2.0.0,5893,jw05893016008_02101_00005_nrcb1_cal.fits,117573120,266453987,PUBLIC,2,F200W
266229921,JWST,image,jw05893016008_02101_00004_nrcb4,exposure (L2b): 2D calibrated exposure average over integrations,S,mast:JWST/product/jw05893016008_02101_00004_nrcb4_cal.fits,SCIENCE,,CAL,,CALJWST,2.0.0,5893,jw05893016008_02101_00004_nrcb4_cal.fits,117573120,266453987,PUBLIC,2,F200W
266229923,JWST,image,jw05893016008_02101_00001_nrcb1,exposure (L2b): 2D calibrated exposure average over integrations,S,mast:JWST/product/jw05893016008_02101_00001_nrcb1_cal.fits,SCIENCE,,CAL,,CALJWST,2.0.0,5893,jw05893016008_02101_00001_nrcb1_cal.fits,117573120,266453987,PUBLIC,2,F200W
266229925,JWST,image,jw05893016008_02101_00001_nrcb3,exposure (L2b): 2D calibrated exposure average over integrations,S,mast:JWST/product/jw05893016008_02101_00001_nrcb3_cal.fits,SCIENCE,,CAL,,CALJWST,2.0.0,5893,jw05893016008_02101_00001_nrcb3_cal.fits,117573120,266453987,PUBLIC,2,F200W
266229926,JWST,image,jw05893016008_02101_00005_nrcb4,exposure (L2b): 2D calibrated exposure average over integrations,S,mast:JWST/product/jw05893016008_02101_00005_nrcb4_cal.fits,SCIENCE,,CAL,,CALJWST,2.0.0,5893,jw05893016008_02101_00005_nrcb4_cal.fits,117573120,266453987,PUBLIC,2,F200W
266229927,JWST,image,jw05893016008_02101_00002_nrcb4,exposure (L2b): 2D calibrated exposure average over integrations,S,mast:JWST/product/jw05893016008_02101_00002_nrcb4_cal.fits,SCIENCE,,CAL,,CALJWST,2.0.0,5893,jw05893016008_02101_00002_nrcb4_cal.fits,117573120,266453987,PUBLIC,2,F200W
266229931,JWST,image,jw05893016008_02101_00006_nrca4,exposure (L2b): 2D calibrated exposure average over integrations,S,mast:JWST/product/jw05893016008_02101_00006_nrca4_cal.fits,SCIENCE,,CAL,,CALJWST,2.0.0,5893,jw05893016008_02101_00006_nrca4_cal.fits,117573120,266453987,PUBLIC,2,F200W
266229932,JWST,image,jw05893016008_02101_00005_nrcb3,exposure (L2b): 2D calibrated exposure average over integrations,S,mast:JWST/product/jw05893016008_02101_00005_nrcb3_cal.fits,SCIENCE,,CAL,,CALJWST,2.0.0,5893,jw05893016008_02101_00005_nrcb3_cal.fits,117573120,266453987,PUBLIC,2,F200W
266229933,JWST,image,jw05893016008_02101_00002_nrcb3,exposure (L2b): 2D calibrated exposure average over integrations,S,mast:JWST/product/jw05893016008_02101_00002_nrcb3_cal.fits,SCIENCE,,CAL,,CALJWST,2.0.0,5893,jw05893016008_02101_00002_nrcb3_cal.fits,117573120,266453987,PUBLIC,2,F200W
266229936,JWST,image,jw05893016008_02101_00001_nrcb2,exposure (L2b): 2D calibrated exposure average over integrations,S,mast:JWST/product/jw05893016008_02101_00001_nrcb2_cal.fits,SCIENCE,,CAL,,CALJWST,2.0.0,5893,jw05893016008_02101_00001_nrcb2_cal.fits,117573120,266453987,PUBLIC,2,F200W
266229939,JWST,image,jw05893016008_02101_00006_nrcb4,exposure (L2b): 2D calibrated exposure average over integrations,S,mast:JWST/product/jw05893016008_02101_00006_nrcb4_cal.fits,SCIENCE,,CAL,,CALJWST,2.0.0,5893,jw05893016008_02101_00006_nrcb4_cal.fits,117573120,266453987,PUBLIC,2,F200W
266229940,JWST,image,jw05893016008_02101_00003_nrcb4,exposure (L2b): 2D calibrated exposure average over integrations,S,mast:JWST/product/jw05893016008_02101_00003_nrcb4_cal.fits,SCIENCE,,CAL,,CALJWST,2.0.0,5893,jw05893016008_02101_00003_nrcb4_cal.fits,117573120,266453987,PUBLIC,2,F200W
266229941,JWST,image,jw05893016008_02101_00006_nrca2,exposure (L2b): 2D calibrated exposure average over integrations,S,mast:JWST/product/jw05893016008_02101_00006_nrca2_cal.fits,SCIENCE,,CAL,,CALJWST,2.0.0,5893,jw05893016008_02101_00006_nrca2_cal.fits,117570240,266453987,PUBLIC,2,F200W
266229942,JWST,image,jw05893016008_02101_00001_nrcb4,exposure (L2b): 2D calibrated exposure average over integrations,S,mast:JWST/product/jw05893016008_02101_00001_nrcb4_cal.fits,SCIENCE,,CAL,,CALJWST,2.0.0,5893,jw05893016008_02101_00001_nrcb4_cal.fits,117573120,266453987,PUBLIC,2,F200W
266229944,JWST,image,jw05893016008_02101_00006_nrcb3,exposure (L2b): 2D calibrated exposure average over integrations,S,mast:JWST/product/jw05893016008_02101_00006_nrcb3_cal.fits,SCIENCE,,CAL,,CALJWST,2.0.0,5893,jw05893016008_02101_00006_nrcb3_cal.fits,117573120,266453987,PUBLIC,2,F200W
266229957,JWST,image,jw05893016008_02101_00006_nrca1,exposure (L2b): 2D calibrated exposure average over integrations,S,mast:JWST/product/jw05893016008_02101_00006_nrca1_cal.fits,SCIENCE,,CAL,,CALJWST,2.0.0,5893,jw05893016008_02101_00006_nrca1_cal.fits,117570240,266453987,PUBLIC,2,F200W
266229965,JWST,image,jw05893016008_02101_00002_nrcb2,exposure (L2b): 2D calibrated exposure average over integrations,S,mast:JWST/product/jw05893016008_02101_00002_nrcb2_cal.fits,SCIENCE,,CAL,,CALJWST,2.0.0,5893,jw05893016008_02101_00002_nrcb2_cal.fits,117573120,266453987,PUBLIC,2,F200W
266229966,JWST,image,jw05893016008_02101_00003_nrcb1,exposure (L2b): 2D calibrated exposure average over integrations,S,mast:JWST/product/jw05893016008_02101_00003_nrcb1_cal.fits,SCIENCE,,CAL,,CALJWST,2.0.0,5893,jw05893016008_02101_00003_nrcb1_cal.fits,117573120,266453987,PUBLIC,2,F200W
266229967,JWST,image,jw05893016008_02101_00004_nrcb3,exposure (L2b): 2D calibrated exposure average over integrations,S,mast:JWST/product/jw05893016008_02101_00004_nrcb3_cal.fits,SCIENCE,,CAL,,CALJWST,2.0.0,5893,jw05893016008_02101_00004_nrcb3_cal.fits,117573120,266453987,PUBLIC,2,F200W
266229969,JWST,image,jw05893016008_02101_00006_nrca3,exposure (L2b): 2D calibrated exposure average over integrations,S,mast:JWST/product/jw05893016008_02101_00006_nrca3_cal.fits,SCIENCE,,CAL,,CALJWST,2.0.0,5893,jw05893016008_02101_00006_nrca3_cal.fits,117573120,266453987,PUBLIC,2,F200W
266229971,JWST,image,jw05893016007_02101_00001_nrcb2,exposure (L2b): 2D calibrated exposure average over integrations,S,mast:JWST/product/jw05893016007_02101_00001_nrcb2_cal.fits,SCIENCE,,CAL,,CALJWST,2.0.0,5893,jw05893016007_02101_00001_nrcb2_cal.fits,117573120,266453987,PUBLIC,2,F200W
266229972,JWST,image,jw05893016007_02101_00001_nrca1,exposure (L2b): 2D calibrated exposure average over integrations,S,mast:JWST/product/jw05893016007_02101_00001_nrca1_cal.fits,SCIENCE,,CAL,,CALJWST,2.0.0,5893,jw05893016007_02101_00001_nrca1_cal.fits,117570240,266453987,PUBLIC,2,F200W
266229973,JWST,image,jw05893016007_02101_00001_nrcb1,exposure (L2b): 2D calibrated exposure average over integrations,S,mast:JWST/product/jw05893016007_02101_00001_nrcb1_cal.fits,SCIENCE,,CAL,,CALJWST,2.0.0,5893,jw05893016007_02101_00001_nrcb1_cal.fits,117573120,266453987,PUBLIC,2,F200W
266229974,JWST,image,jw05893016007_02101_00001_nrca3,exposure (L2b): 2D calibrated exposure average over integrations,S,mast:JWST/product/jw05893016007_02101_00001_nrca3_cal.fits,SCIENCE,,CAL,,CALJWST,2.0.0,5893,jw05893016007_02101_00001_nrca3_cal.fits,117573120,266453987,PUBLIC,2,F200W
266229975,JWST,image,jw05893016007_02101_00001_nrca4,exposure (L2b): 2D calibrated exposure average over integrations,S,mast:JWST/product/jw05893016007_02101_00001_nrca4_cal.fits,SCIENCE,,CAL,,CALJWST,2.0.0,5893,jw05893016007_02101_00001_nrca4_cal.fits,117573120,266453987,PUBLIC,2,F200W
266229977,JWST,image,jw05893016007_02101_00001_nrca2,exposure (L2b): 2D calibrated exposure average over integrations,S,mast:JWST/product/jw05893016007_02101_00001_nrca2_cal.fits,SCIENCE,,CAL,,CALJWST,2.0.0,5893,jw05893016007_02101_00001_nrca2_cal.fits,117570240,266453987,PUBLIC,2,F200W
266229979,JWST,image,jw05893016007_02101_00001_nrcb3,exposure (L2b): 2D calibrated exposure average over integrations,S,mast:JWST/product/jw05893016007_02101_00001_nrcb3_cal.fits,SCIENCE,,CAL,,CALJWST,2.0.0,5893,jw05893016007_02101_00001_nrcb3_cal.fits,117573120,266453987,PUBLIC,2,F200W
266229981,JWST,image,jw05893016007_02101_00001_nrcb4,exposure (L2b): 2D calibrated exposure average over integrations,S,mast:JWST/product/jw05893016007_02101_00001_nrcb4_cal.fits,SCIENCE,,CAL,,CALJWST,2.0.0,5893,jw05893016007_02101_00001_nrcb4_cal.fits,117573120,266453987,PUBLIC,2,F200W
266230063,JWST,image,jw05893016007_02101_00002_nrca3,exposure (L2b): 2D calibrated exposure average over integrations,S,mast:JWST/product/jw05893016007_02101_00002_nrca3_cal.fits,SCIENCE,,CAL,,CALJWST,2.0.0,5893,jw05893016007_02101_00002_nrca3_cal.fits,117573120,266453987,PUBLIC,2,F200W
266230065,JWST,image,jw05893016007_02101_00002_nrca1,exposure (L2b): 2D calibrated exposure average over integrations,S,mast:JWST/product/jw05893016007_02101_00002_nrca1_cal.fits,SCIENCE,,CAL,,CALJWST,2.0.0,5893,jw05893016007_02101_00002_nrca1_cal.fits,117570240,266453987,PUBLIC,2,F200W
266230068,JWST,image,jw05893016007_02101_00003_nrcb2,exposure (L2b): 2D calibrated exposure average over integrations,S,mast:JWST/product/jw05893016007_02101_00003_nrcb2_cal.fits,SCIENCE,,CAL,,CALJWST,2.0.0,5893,jw05893016007_02101_00003_nrcb2_cal.fits,117573120,266453987,PUBLIC,2,F200W
266230070,JWST,image,jw05893016007_02101_00002_nrcb4,exposure (L2b): 2D calibrated exposure average over integrations,S,mast:JWST/product/jw05893016007_02101_00002_nrcb4_cal.fits,SCIENCE,,CAL,,CALJWST,2.0.0,5893,jw05893016007_02101_00002_nrcb4_cal.fits,117573120,266453987,PUBLIC,2,F200W
266230072,JWST,image,jw05893016007_02101_00002_nrcb1,exposure (L2b): 2D calibrated exposure average over integrations,S,mast:JWST/product/jw05893016007_02101_00002_nrcb1_cal.fits,SCIENCE,,CAL,,CALJWST,2.0.0,5893,jw05893016007_02101_00002_nrcb1_cal.fits,117573120,266453987,PUBLIC,2,F200W
266230074,JWST,image,jw05893016007_02101_00003_nrca3,exposure (L2b): 2D calibrated exposure average over integrations,S,mast:JWST/product/jw05893016007_02101_00003_nrca3_cal.fits,SCIENCE,,CAL,,CALJWST,2.0.0,5893,jw05893016007_02101_00003_nrca3_cal.fits,117573120,266453987,PUBLIC,2,F200W
266230076,JWST,image,jw05893016007_02101_00003_nrcb3,exposure (L2b): 2D calibrated exposure average over integrations,S,mast:JWST/product/jw05893016007_02101_00003_nrcb3_cal.fits,SCIENCE,,CAL,,CALJWST,2.0.0,5893,jw05893016007_02101_00003_nrcb3_cal.fits,117573120,266453987,PUBLIC,2,F200W
266230078,JWST,image,jw05893016007_02101_00002_nrca4,exposure (L2b): 2D calibrated exposure average over integrations,S,mast:JWST/product/jw05893016007_02101_00002_nrca4_cal.fits,SCIENCE,,CAL,,CALJWST,2.0.0,5893,jw05893016007_02101_00002_nrca4_cal.fits,117573120,266453987,PUBLIC,2,F200W
266230079,JWST,image,jw05893016007_02101_00003_nrca4,exposure (L2b): 2D calibrated exposure average over integrations,S,mast:JWST/product/jw05893016007_02101_00003_nrca4_cal.fits,SCIENCE,,CAL,,CALJWST,2.0.0,5893,jw05893016007_02101_00003_nrca4_cal.fits,117573120,266453987,PUBLIC,2,F200W
266230080,JWST,image,jw05893016007_02101_00002_nrcb2,exposure (L2b): 2D calibrated exposure average over integrations,S,mast:JWST/product/jw05893016007_02101_00002_nrcb2_cal.fits,SCIENCE,,CAL,,CALJWST,2.0.0,5893,jw05893016007_02101_00002_nrcb2_cal.fits,117573120,266453987,PUBLIC,2,F200W
266230082,JWST,image,jw05893016007_02101_00002_nrca2,exposure (L2b): 2D calibrated exposure average over integrations,S,mast:JWST/product/jw05893016007_02101_00002_nrca2_cal.fits,SCIENCE,,CAL,,CALJWST,2.0.0,5893,jw05893016007_02101_00002_nrca2_cal.fits,117570240,266453987,PUBLIC,2,F200W
266230084,JWST,image,jw05893016007_02101_00002_nrcb3,exposure (L2b): 2D calibrated exposure average over integrations,S,mast:JWST/product/jw05893016007_02101_00002_nrcb3_cal.fits,SCIENCE,,CAL,,CALJWST,2.0.0,5893,jw05893016007_02101_00002_nrcb3_cal.fits,117573120,266453987,PUBLIC,2,F200W
266230088,JWST,image,jw05893016007_02101_00004_nrca4,exposure (L2b): 2D calibrated exposure average over integrations,S,mast:JWST/product/jw05893016007_02101_00004_nrca4_cal.fits,SCIENCE,,CAL,,CALJWST,2.0.0,5893,jw05893016007_02101_00004_nrca4_cal.fits,117573120,266453987,PUBLIC,2,F200W
266230091,JWST,image,jw05893016007_02101_00004_nrca3,exposure (L2b): 2D calibrated exposure average over integrations,S,mast:JWST/product/jw05893016007_02101_00004_nrca3_cal.fits,SCIENCE,,CAL,,CALJWST,2.0.0,5893,jw05893016007_02101_00004_nrca3_cal.fits,117573120,266453987,PUBLIC,2,F200W
266230092,JWST,image,jw05893016007_02101_00005_nrca1,exposure (L2b): 2D calibrated exposure average over integrations,S,mast:JWST/product/jw05893016007_02101_00005_nrca1_cal.fits,SCIENCE,,CAL,,CALJWST,2.0.0,5893,jw05893016007_02101_00005_nrca1_cal.fits,117570240,266453987,PUBLIC,2,F200W
266230095,JWST,image,jw05893016007_02101_00003_nrca2,exposure (L2b): 2D calibrated exposure average over integrations,S,mast:JWST/product/jw05893016007_02101_00003_nrca2_cal.fits,SCIENCE,,CAL,,CALJWST,2.0.0,5893,jw05893016007_02101_00003_nrca2_cal.fits,117570240,266453987,PUBLIC,2,F200W
266230097,JWST,image,jw05893016007_02101_00005_nrcb1,exposure (L2b): 2D calibrated exposure average over integrations,S,mast:JWST/product/jw05893016007_02101_00005_nrcb1_cal.fits,SCIENCE,,CAL,,CALJWST,2.0.0,5893,jw05893016007_02101_00005_nrcb1_cal.fits,117573120,266453987,PUBLIC,2,F200W
266230098,JWST,image,jw05893016007_02101_00004_nrcb1,exposure (L2b): 2D calibrated exposure average over integrations,S,mast:JWST/product/jw05893016007_02101_00004_nrcb1_cal.fits,SCIENCE,,CAL,,CALJWST,2.0.0,5893,jw05893016007_02101_00004_nrcb1_cal.fits,117573120,266453987,PUBLIC,2,F200W
266230099,JWST,image,jw05893016007_02101_00005_nrca3,exposure (L2b): 2D calibrated exposure average over integrations,S,mast:JWST/product/jw05893016007_02101_00005_nrca3_cal.fits,SCIENCE,,CAL,,CALJWST,2.0.0,5893,jw05893016007_02101_00005_nrca3_cal.fits,117573120,266453987,PUBLIC,2,F200W
266230100,JWST,image,jw05893016007_02101_00005_nrcb2,exposure (L2b): 2D calibrated exposure average over integrations,S,mast:JWST/product/jw05893016007_02101_00005_nrcb2_cal.fits,SCIENCE,,CAL,,CALJWST,2.0.0,5893,jw05893016007_02101_00005_nrcb2_cal.fits,117573120,266453987,PUBLIC,2,F200W
266230101,JWST,image,jw05893016007_02101_00004_nrcb4,exposure (L2b): 2D calibrated exposure average over integrations,S,mast:JWST/product/jw05893016007_02101_00004_nrcb4_cal.fits,SCIENCE,,CAL,,CALJWST,2.0.0,5893,jw05893016007_02101_00004_nrcb4_cal.fits,117573120,266453987,PUBLIC,2,F200W
266230102,JWST,image,jw05893016007_02101_00004_nrcb2,exposure (L2b): 2D calibrated exposure average over integrations,S,mast:JWST/product/jw05893016007_02101_00004_nrcb2_cal.fits,SCIENCE,,CAL,,CALJWST,2.0.0,5893,jw05893016007_02101_00004_nrcb2_cal.fits,117573120,266453987,PUBLIC,2,F200W
266230103,JWST,image,jw05893016007_02101_00005_nrcb4,exposure (L2b): 2D calibrated exposure average over integrations,S,mast:JWST/product/jw05893016007_02101_00005_nrcb4_cal.fits,SCIENCE,,CAL,,CALJWST,2.0.0,5893,jw05893016007_02101_00005_nrcb4_cal.fits,117573120,266453987,PUBLIC,2,F200W
266230104,JWST,image,jw05893016007_02101_00005_nrca4,exposure (L2b): 2D calibrated exposure average over integrations,S,mast:JWST/product/jw05893016007_02101_00005_nrca4_cal.fits,SCIENCE,,CAL,,CALJWST,2.0.0,5893,jw05893016007_02101_00005_nrca4_cal.fits,117573120,266453987,PUBLIC,2,F200W
266230105,JWST,image,jw05893016007_02101_00004_nrca1,exposure (L2b): 2D calibrated exposure average over integrations,S,mast:JWST/product/jw05893016007_02101_00004_nrca1_cal.fits,SCIENCE,,CAL,,CALJWST,2.0.0,5893,jw05893016007_02101_00004_nrca1_cal.fits,117570240,266453987,PUBLIC,2,F200W
266230106,JWST,image,jw05893016007_02101_00004_nrca2,exposure (L2b): 2D calibrated exposure average over integrations,S,mast:JWST/product/jw05893016007_02101_00004_nrca2_cal.fits,SCIENCE,,CAL,,CALJWST,2.0.0,5893,jw05893016007_02101_00004_nrca2_cal.fits,117570240,266453987,PUBLIC,2,F200W
266230107,JWST,image,jw05893016007_02101_00003_nrcb4,exposure (L2b): 2D calibrated exposure average over integrations,S,mast:JWST/product/jw05893016007_02101_00003_nrcb4_cal.fits,SCIENCE,,CAL,,CALJWST,2.0.0,5893,jw05893016007_02101_00003_nrcb4_cal.fits,117573120,266453987,PUBLIC,2,F200W
266230110,JWST,image,jw05893016007_02101_00004_nrcb3,exposure (L2b): 2D calibrated exposure average over integrations,S,mast:JWST/product/jw05893016007_02101_00004_nrcb3_cal.fits,SCIENCE,,CAL,,CALJWST,2.0.0,5893,jw05893016007_02101_00004_nrcb3_cal.fits,117573120,266453987,PUBLIC,2,F200W
266230112,JWST,image,jw05893016007_02101_00003_nrca1,exposure (L2b): 2D calibrated exposure average over integrations,S,mast:JWST/product/jw05893016007_02101_00003_nrca1_cal.fits,SCIENCE,,CAL,,CALJWST,2.0.0,5893,jw05893016007_02101_00003_nrca1_cal.fits,117570240,266453987,PUBLIC,2,F200W
266230113,JWST,image,jw05893016007_02101_00005_nrcb3,exposure (L2b): 2D calibrated exposure average over integrations,S,mast:JWST/product/jw05893016007_02101_00005_nrcb3_cal.fits,SCIENCE,,CAL,,CALJWST,2.0.0,5893,jw05893016007_02101_00005_nrcb3_cal.fits,117573120,266453987,PUBLIC,2,F200W
266230114,JWST,image,jw05893016007_02101_00005_nrca2,exposure (L2b): 2D calibrated exposure average over integrations,S,mast:JWST/product/jw05893016007_02101_00005_nrca2_cal.fits,SCIENCE,,CAL,,CALJWST,2.0.0,5893,jw05893016007_02101_00005_nrca2_cal.fits,117570240,266453987,PUBLIC,2,F200W
266230115,JWST,image,jw05893016007_02101_00003_nrcb1,exposure (L2b): 2D calibrated exposure average over integrations,S,mast:JWST/product/jw05893016007_02101_00003_nrcb1_cal.fits,SCIENCE,,CAL,,CALJWST,2.0.0,5893,jw05893016007_02101_00003_nrcb1_cal.fits,117573120,266453987,PUBLIC,2,F200W
266230145,JWST,image,jw05893016007_02101_00006_nrcb1,exposure (L2b): 2D calibrated exposure average over integrations,S,mast:JWST/product/jw05893016007_02101_00006_nrcb1_cal.fits,SCIENCE,,CAL,,CALJWST,2.0.0,5893,jw05893016007_02101_00006_nrcb1_cal.fits,117573120,266453987,PUBLIC,2,F200W
266230146,JWST,image,jw05893016007_02101_00006_nrca1,exposure (L2b): 2D calibrated exposure average over integrations,S,mast:JWST/product/jw05893016007_02101_00006_nrca1_cal.fits,SCIENCE,,CAL,,CALJWST,2.0.0,5893,jw05893016007_02101_00006_nrca1_cal.fits,117570240,266453987,PUBLIC,2,F200W
266230149,JWST,image,jw05893016007_02101_00006_nrca3,exposure (L2b): 2D calibrated exposure average over integrations,S,mast:JWST/product/jw05893016007_02101_00006_nrca3_cal.fits,SCIENCE,,CAL,,CALJWST,2.0.0,5893,jw05893016007_02101_00006_nrca3_cal.fits,117573120,266453987,PUBLIC,2,F200W
266230150,JWST,image,jw05893016007_02101_00006_nrcb2,exposure (L2b): 2D calibrated exposure average over integrations,S,mast:JWST/product/jw05893016007_02101_00006_nrcb2_cal.fits,SCIENCE,,CAL,,CALJWST,2.0.0,5893,jw05893016007_02101_00006_nrcb2_cal.fits,117573120,266453987,PUBLIC,2,F200W
266230155,JWST,image,jw05893016007_02101_00006_nrcb3,exposure (L2b): 2D calibrated exposure average over integrations,S,mast:JWST/product/jw05893016007_02101_00006_nrcb3_cal.fits,SCIENCE,,CAL,,CALJWST,2.0.0,5893,jw05893016007_02101_00006_nrcb3_cal.fits,117573120,266453987,PUBLIC,2,F200W
266230156,JWST,image,jw05893016007_02101_00006_nrcb4,exposure (L2b): 2D calibrated exposure average over integrations,S,mast:JWST/product/jw05893016007_02101_00006_nrcb4_cal.fits,SCIENCE,,CAL,,CALJWST,2.0.0,5893,jw05893016007_02101_00006_nrcb4_cal.fits,117573120,266453987,PUBLIC,2,F200W
266230158,JWST,image,jw05893016007_02101_00006_nrca4,exposure (L2b): 2D calibrated exposure average over integrations,S,mast:JWST/product/jw05893016007_02101_00006_nrca4_cal.fits,SCIENCE,,CAL,,CALJWST,2.0.0,5893,jw05893016007_02101_00006_nrca4_cal.fits,117573120,266453987,PUBLIC,2,F200W
266230171,JWST,image,jw05893016007_02101_00006_nrca2,exposure (L2b): 2D calibrated exposure average over integrations,S,mast:JWST/product/jw05893016007_02101_00006_nrca2_cal.fits,SCIENCE,,CAL,,CALJWST,2.0.0,5893,jw05893016007_02101_00006_nrca2_cal.fits,117570240,266453987,PUBLIC,2,F200W
266231187,JWST,image,jw05893016006_02101_00001_nrcb3,exposure (L2b): 2D calibrated exposure average over integrations,S,mast:JWST/product/jw05893016006_02101_00001_nrcb3_cal.fits,SCIENCE,,CAL,,CALJWST,2.0.0,5893,jw05893016006_02101_00001_nrcb3_cal.fits,117573120,266453987,PUBLIC,2,F200W
266231188,JWST,image,jw05893016006_02101_00002_nrca3,exposure (L2b): 2D calibrated exposure average over integrations,S,mast:JWST/product/jw05893016006_02101_00002_nrca3_cal.fits,SCIENCE,,CAL,,CALJWST,2.0.0,5893,jw05893016006_02101_00002_nrca3_cal.fits,117573120,266453987,PUBLIC,2,F200W
266231189,JWST,image,jw05893016006_02101_00002_nrca2,exposure (L2b): 2D calibrated exposure average over integrations,S,mast:JWST/product/jw05893016006_02101_00002_nrca2_cal.fits,SCIENCE,,CAL,,CALJWST,2.0.0,5893,jw05893016006_02101_00002_nrca2_cal.fits,117570240,266453987,PUBLIC,2,F200W
266231190,JWST,image,jw05893016006_02101_00002_nrca1,exposure (L2b): 2D calibrated exposure average over integrations,S,mast:JWST/product/jw05893016006_02101_00002_nrca1_cal.fits,SCIENCE,,CAL,,CALJWST,2.0.0,5893,jw05893016006_02101_00002_nrca1_cal.fits,117570240,266453987,PUBLIC,2,F200W
266231195,JWST,image,jw05893016006_02101_00006_nrcb2,exposure (L2b): 2D calibrated exposure average over integrations,S,mast:JWST/product/jw05893016006_02101_00006_nrcb2_cal.fits,SCIENCE,,CAL,,CALJWST,2.0.0,5893,jw05893016006_02101_00006_nrcb2_cal.fits,117573120,266453987,PUBLIC,2,F200W
266231196,JWST,image,jw05893016006_02101_00004_nrca1,exposure (L2b): 2D calibrated exposure average over integrations,S,mast:JWST/product/jw05893016006_02101_00004_nrca1_cal.fits,SCIENCE,,CAL,,CALJWST,2.0.0,5893,jw05893016006_02101_00004_nrca1_cal.fits,117570240,266453987,PUBLIC,2,F200W
266231198,JWST,image,jw05893016006_02101_00002_nrcb3,exposure (L2b): 2D calibrated exposure average over integrations,S,mast:JWST/product/jw05893016006_02101_00002_nrcb3_cal.fits,SCIENCE,,CAL,,CALJWST,2.0.0,5893,jw05893016006_02101_00002_nrcb3_cal.fits,117573120,266453987,PUBLIC,2,F200W
266231199,JWST,image,jw05893016006_02101_00005_nrcb3,exposure (L2b): 2D calibrated exposure average over integrations,S,mast:JWST/product/jw05893016006_02101_00005_nrcb3_cal.fits,SCIENCE,,CAL,,CALJWST,2.0.0,5893,jw05893016006_02101_00005_nrcb3_cal.fits,117573120,266453987,PUBLIC,2,F200W
266231200,JWST,image,jw05893016006_02101_00005_nrcb1,exposure (L2b): 2D calibrated exposure average over integrations,S,mast:JWST/product/jw05893016006_02101_00005_nrcb1_cal.fits,SCIENCE,,CAL,,CALJWST,2.0.0,5893,jw05893016006_02101_00005_nrcb1_cal.fits,117573120,266453987,PUBLIC,2,F200W
266231201,JWST,image,jw05893016006_02101_00005_nrca2,exposure (L2b): 2D calibrated exposure average over integrations,S,mast:JWST/product/jw05893016006_02101_00005_nrca2_cal.fits,SCIENCE,,CAL,,CALJWST,2.0.0,5893,jw05893016006_02101_00005_nrca2_cal.fits,117570240,266453987,PUBLIC,2,F200W
266231202,JWST,image,jw05893016006_02101_00004_nrca2,exposure (L2b): 2D calibrated exposure average over integrations,S,mast:JWST/product/jw05893016006_02101_00004_nrca2_cal.fits,SCIENCE,,CAL,,CALJWST,2.0.0,5893,jw05893016006_02101_00004_nrca2_cal.fits,117570240,266453987,PUBLIC,2,F200W
266231203,JWST,image,jw05893016006_02101_00003_nrca2,exposure (L2b): 2D calibrated exposure average over integrations,S,mast:JWST/product/jw05893016006_02101_00003_nrca2_cal.fits,SCIENCE,,CAL,,CALJWST,2.0.0,5893,jw05893016006_02101_00003_nrca2_cal.fits,117570240,266453987,PUBLIC,2,F200W
266231204,JWST,image,jw05893016006_02101_00002_nrcb2,exposure (L2b): 2D calibrated exposure average over integrations,S,mast:JWST/product/jw05893016006_02101_00002_nrcb2_cal.fits,SCIENCE,,CAL,,CALJWST,2.0.0,5893,jw05893016006_02101_00002_nrcb2_cal.fits,117573120,266453987,PUBLIC,2,F200W
266231207,JWST,image,jw05893016006_02101_00006_nrca2,exposure (L2b): 2D calibrated exposure average over integrations,S,mast:JWST/product/jw05893016006_02101_00006_nrca2_cal.fits,SCIENCE,,CAL,,CALJWST,2.0.0,5893,jw05893016006_02101_00006_nrca2_cal.fits,117570240,266453987,PUBLIC,2,F200W
266231208,JWST,image,jw05893016006_02101_00004_nrca4,exposure (L2b): 2D calibrated exposure average over integrations,S,mast:JWST/product/jw05893016006_02101_00004_nrca4_cal.fits,SCIENCE,,CAL,,CALJWST,2.0.0,5893,jw05893016006_02101_00004_nrca4_cal.fits,117573120,266453987,PUBLIC,2,F200W
266231209,JWST,image,jw05893016006_02101_00001_nrcb2,exposure (L2b): 2D calibrated exposure average over integrations,S,mast:JWST/product/jw05893016006_02101_00001_nrcb2_cal.fits,SCIENCE,,CAL,,CALJWST,2.0.0,5893,jw05893016006_02101_00001_nrcb2_cal.fits,117573120,266453987,PUBLIC,2,F200W
266231210,JWST,image,jw05893016006_02101_00004_nrcb4,exposure (L2b): 2D calibrated exposure average over integrations,S,mast:JWST/product/jw05893016006_02101_00004_nrcb4_cal.fits,SCIENCE,,CAL,,CALJWST,2.0.0,5893,jw05893016006_02101_00004_nrcb4_cal.fits,117573120,266453987,PUBLIC,2,F200W
266231211,JWST,image,jw05893016006_02101_00003_nrcb3,exposure (L2b): 2D calibrated exposure average over integrations,S,mast:JWST/product/jw05893016006_02101_00003_nrcb3_cal.fits,SCIENCE,,CAL,,CALJWST,2.0.0,5893,jw05893016006_02101_00003_nrcb3_cal.fits,117573120,266453987,PUBLIC,2,F200W
266231212,JWST,image,jw05893016006_02101_00003_nrca4,exposure (L2b): 2D calibrated exposure average over integrations,S,mast:JWST/product/jw05893016006_02101_00003_nrca4_cal.fits,SCIENCE,,CAL,,CALJWST,2.0.0,5893,jw05893016006_02101_00003_nrca4_cal.fits,117573120,266453987,PUBLIC,2,F200W
266231217,JWST,image,jw05893016006_02101_00004_nrca3,exposure (L2b): 2D calibrated exposure average over integrations,S,mast:JWST/product/jw05893016006_02101_00004_nrca3_cal.fits,SCIENCE,,CAL,,CALJWST,2.0.0,5893,jw05893016006_02101_00004_nrca3_cal.fits,117573120,266453987,PUBLIC,2,F200W
266231218,JWST,image,jw05893016006_02101_00001_nrca2,exposure (L2b): 2D calibrated exposure average over integrations,S,mast:JWST/product/jw05893016006_02101_00001_nrca2_cal.fits,SCIENCE,,CAL,,CALJWST,2.0.0,5893,jw05893016006_02101_00001_nrca2_cal.fits,117570240,266453987,PUBLIC,2,F200W
266231219,JWST,image,jw05893016006_02101_00004_nrcb2,exposure (L2b): 2D calibrated exposure average over integrations,S,mast:JWST/product/jw05893016006_02101_00004_nrcb2_cal.fits,SCIENCE,,CAL,,CALJWST,2.0.0,5893,jw05893016006_02101_00004_nrcb2_cal.fits,117573120,266453987,PUBLIC,2,F200W
266231220,JWST,image,jw05893016006_02101_00001_nrca1,exposure (L2b): 2D calibrated exposure average over integrations,S,mast:JWST/product/jw05893016006_02101_00001_nrca1_cal.fits,SCIENCE,,CAL,,CALJWST,2.0.0,5893,jw05893016006_02101_00001_nrca1_cal.fits,117570240,266453987,PUBLIC,2,F200W
266231221,JWST,image,jw05893016006_02101_00001_nrcb4,exposure (L2b): 2D calibrated exposure average over integrations,S,mast:JWST/product/jw05893016006_02101_00001_nrcb4_cal.fits,SCIENCE,,CAL,,CALJWST,2.0.0,5893,jw05893016006_02101_00001_nrcb4_cal.fits,117573120,266453987,PUBLIC,2,F200W
266231223,JWST,image,jw05893016006_02101_00006_nrca1,exposure (L2b): 2D calibrated exposure average over integrations,S,mast:JWST/product/jw05893016006_02101_00006_nrca1_cal.fits,SCIENCE,,CAL,,CALJWST,2.0.0,5893,jw05893016006_02101_00006_nrca1_cal.fits,117570240,266453987,PUBLIC,2,F200W
266231224,JWST,image,jw05893016006_02101_00002_nrcb4,exposure (L2b): 2D calibrated exposure average over integrations,S,mast:JWST/product/jw05893016006_02101_00002_nrcb4_cal.fits,SCIENCE,,CAL,,CALJWST,2.0.0,5893,jw05893016006_02101_00002_nrcb4_cal.fits,117573120,266453987,PUBLIC,2,F200W
266231225,JWST,image,jw05893016006_02101_00005_nrcb2,exposure (L2b): 2D calibrated exposure average over integrations,S,mast:JWST/product/jw05893016006_02101_00005_nrcb2_cal.fits,SCIENCE,,CAL,,CALJWST,2.0.0,5893,jw05893016006_02101_00005_nrcb2_cal.fits,117573120,266453987,PUBLIC,2,F200W
266231226,JWST,image,jw05893016006_02101_00004_nrcb1,exposure (L2b): 2D calibrated exposure average over integrations,S,mast:JWST/product/jw05893016006_02101_00004_nrcb1_cal.fits,SCIENCE,,CAL,,CALJWST,2.0.0,5893,jw05893016006_02101_00004_nrcb1_cal.fits,117573120,266453987,PUBLIC,2,F200W
266231227,JWST,image,jw05893016006_02101_00002_nrca4,exposure (L2b): 2D calibrated exposure average over integrations,S,mast:JWST/product/jw05893016006_02101_00002_nrca4_cal.fits,SCIENCE,,CAL,,CALJWST,2.0.0,5893,jw05893016006_02101_00002_nrca4_cal.fits,117573120,266453987,PUBLIC,2,F200W
266231229,JWST,image,jw05893016006_02101_00006_nrcb1,exposure (L2b): 2D calibrated exposure average over integrations,S,mast:JWST/product/jw05893016006_02101_00006_nrcb1_cal.fits,SCIENCE,,CAL,,CALJWST,2.0.0,5893,jw05893016006_02101_00006_nrcb1_cal.fits,117573120,266453987,PUBLIC,2,F200W
266231230,JWST,image,jw05893016006_02101_00005_nrca1,exposure (L2b): 2D calibrated exposure average over integrations,S,mast:JWST/product/jw05893016006_02101_00005_nrca1_cal.fits,SCIENCE,,CAL,,CALJWST,2.0.0,5893,jw05893016006_02101_00005_nrca1_cal.fits,117570240,266453987,PUBLIC,2,F200W
266231231,JWST,image,jw05893016006_02101_00001_nrca4,exposure (L2b): 2D calibrated exposure average over integrations,S,mast:JWST/product/jw05893016006_02101_00001_nrca4_cal.fits,SCIENCE,,CAL,,CALJWST,2.0.0,5893,jw05893016006_02101_00001_nrca4_cal.fits,117573120,266453987,PUBLIC,2,F200W
266231232,JWST,image,jw05893016006_02101_00005_nrcb4,exposure (L2b): 2D calibrated exposure average over integrations,S,mast:JWST/product/jw05893016006_02101_00005_nrcb4_cal.fits,SCIENCE,,CAL,,CALJWST,2.0.0,5893,jw05893016006_02101_00005_nrcb4_cal.fits,117573120,266453987,PUBLIC,2,F200W
266231234,JWST,image,jw05893016006_02101_00002_nrcb1,exposure (L2b): 2D calibrated exposure average over integrations,S,mast:JWST/product/jw05893016006_02101_00002_nrcb1_cal.fits,SCIENCE,,CAL,,CALJWST,2.0.0,5893,jw05893016006_02101_00002_nrcb1_cal.fits,117573120,266453987,PUBLIC,2,F200W
266231235,JWST,image,jw05893016006_02101_00001_nrca3,exposure (L2b): 2D calibrated exposure average over integrations,S,mast:JWST/product/jw05893016006_02101_00001_nrca3_cal.fits,SCIENCE,,CAL,,CALJWST,2.0.0,5893,jw05893016006_02101_00001_nrca3_cal.fits,117573120,266453987,PUBLIC,2,F200W
266231236,JWST,image,jw05893016006_02101_00006_nrcb3,exposure (L2b): 2D calibrated exposure average over integrations,S,mast:JWST/product/jw05893016006_02101_00006_nrcb3_cal.fits,SCIENCE,,CAL,,CALJWST,2.0.0,5893,jw05893016006_02101_00006_nrcb3_cal.fits,117573120,266453987,PUBLIC,2,F200W
266231237,JWST,image,jw05893016006_02101_00003_nrcb2,exposure (L2b): 2D calibrated exposure average over integrations,S,mast:JWST/product/jw05893016006_02101_00003_nrcb2_cal.fits,SCIENCE,,CAL,,CALJWST,2.0.0,5893,jw05893016006_02101_00003_nrcb2_cal.fits,117573120,266453987,PUBLIC,2,F200W
266231239,JWST,image,jw05893016006_02101_00003_nrcb1,exposure (L2b): 2D calibrated exposure average over integrations,S,mast:JWST/product/jw05893016006_02101_00003_nrcb1_cal.fits,SCIENCE,,CAL,,CALJWST,2.0.0,5893,jw05893016006_02101_00003_nrcb1_cal.fits,117573120,266453987,PUBLIC,2,F200W
266231242,JWST,image,jw05893016006_02101_00006_nrca4,exposure (L2b): 2D calibrated exposure average over integrations,S,mast:JWST/product/jw05893016006_02101_00006_nrca4_cal.fits,SCIENCE,,CAL,,CALJWST,2.0.0,5893,jw05893016006_02101_00006_nrca4_cal.fits,117573120,266453987,PUBLIC,2,F200W
266231243,JWST,image,jw05893016006_02101_00003_nrca1,exposure (L2b): 2D calibrated exposure average over integrations,S,mast:JWST/product/jw05893016006_02101_00003_nrca1_cal.fits,SCIENCE,,CAL,,CALJWST,2.0.0,5893,jw05893016006_02101_00003_nrca1_cal.fits,117570240,266453987,PUBLIC,2,F200W
266231244,JWST,image,jw05893016006_02101_00004_nrcb3,exposure (L2b): 2D calibrated exposure average over integrations,S,mast:JWST/product/jw05893016006_02101_00004_nrcb3_cal.fits,SCIENCE,,CAL,,CALJWST,2.0.0,5893,jw05893016006_02101_00004_nrcb3_cal.fits,117573120,266453987,PUBLIC,2,F200W
266231245,JWST,image,jw05893016006_02101_00003_nrcb4,exposure (L2b): 2D calibrated exposure average over integrations,S,mast:JWST/product/jw05893016006_02101_00003_nrcb4_cal.fits,SCIENCE,,CAL,,CALJWST,2.0.0,5893,jw05893016006_02101_00003_nrcb4_cal.fits,117573120,266453987,PUBLIC,2,F200W
266231248,JWST,image,jw05893016006_02101_00003_nrca3,exposure (L2b): 2D calibrated exposure average over integrations,S,mast:JWST/product/jw05893016006_02101_00003_nrca3_cal.fits,SCIENCE,,CAL,,CALJWST,2.0.0,5893,jw05893016006_02101_00003_nrca3_cal.fits,117573120,266453987,PUBLIC,2,F200W
266231250,JWST,image,jw05893016006_02101_00005_nrca3,exposure (L2b): 2D calibrated exposure average over integrations,S,mast:JWST/product/jw05893016006_02101_00005_nrca3_cal.fits,SCIENCE,,CAL,,CALJWST,2.0.0,5893,jw05893016006_02101_00005_nrca3_cal.fits,117573120,266453987,PUBLIC,2,F200W
266231251,JWST,image,jw05893016006_02101_00005_nrca4,exposure (L2b): 2D calibrated exposure average over integrations,S,mast:JWST/product/jw05893016006_02101_00005_nrca4_cal.fits,SCIENCE,,CAL,,CALJWST,2.0.0,5893,jw05893016006_02101_00005_nrca4_cal.fits,117573120,266453987,PUBLIC,2,F200W
266231252,JWST,image,jw05893016006_02101_00006_nrca3,exposure (L2b): 2D calibrated exposure average over integrations,S,mast:JWST/product/jw05893016006_02101_00006_nrca3_cal.fits,SCIENCE,,CAL,,CALJWST,2.0.0,5893,jw05893016006_02101_00006_nrca3_cal.fits,117573120,266453987,PUBLIC,2,F200W
266231253,JWST,image,jw05893016006_02101_00006_nrcb4,exposure (L2b): 2D calibrated exposure average over integrations,S,mast:JWST/product/jw05893016006_02101_00006_nrcb4_cal.fits,SCIENCE,,CAL,,CALJWST,2.0.0,5893,jw05893016006_02101_00006_nrcb4_cal.fits,117573120,266453987,PUBLIC,2,F200W
266231255,JWST,image,jw05893016006_02101_00001_nrcb1,exposure (L2b): 2D calibrated exposure average over integrations,S,mast:JWST/product/jw05893016006_02101_00001_nrcb1_cal.fits,SCIENCE,,CAL,,CALJWST,2.0.0,5893,jw05893016006_02101_00001_nrcb1_cal.fits,117573120,266453987,PUBLIC,2,F200W
266231256,JWST,image,jw05893016002_02101_00001_nrca2,exposure (L2b): 2D calibrated exposure average over integrations,S,mast:JWST/product/jw05893016002_02101_00001_nrca2_cal.fits,SCIENCE,,CAL,,CALJWST,2.0.0,5893,jw05893016002_02101_00001_nrca2_cal.fits,117570240,266453987,PUBLIC,2,F200W
266231257,JWST,image,jw05893016002_02101_00001_nrcb1,exposure (L2b): 2D calibrated exposure average over integrations,S,mast:JWST/product/jw05893016002_02101_00001_nrcb1_cal.fits,SCIENCE,,CAL,,CALJWST,2.0.0,5893,jw05893016002_02101_00001_nrcb1_cal.fits,117573120,266453987,PUBLIC,2,F200W
266231258,JWST,image,jw05893016002_02101_00001_nrcb3,exposure (L2b): 2D calibrated exposure average over integrations,S,mast:JWST/product/jw05893016002_02101_00001_nrcb3_cal.fits,SCIENCE,,CAL,,CALJWST,2.0.0,5893,jw05893016002_02101_00001_nrcb3_cal.fits,117573120,266453987,PUBLIC,2,F200W
266231259,JWST,image,jw05893016002_02101_00001_nrca3,exposure (L2b): 2D calibrated exposure average over integrations,S,mast:JWST/product/jw05893016002_02101_00001_nrca3_cal.fits,SCIENCE,,CAL,,CALJWST,2.0.0,5893,jw05893016002_02101_00001_nrca3_cal.fits,117573120,266453987,PUBLIC,2,F200W
266231261,JWST,image,jw05893016002_02101_00001_nrca4,exposure (L2b): 2D calibrated exposure average over integrations,S,mast:JWST/product/jw05893016002_02101_00001_nrca4_cal.fits,SCIENCE,,CAL,,CALJWST,2.0.0,5893,jw05893016002_02101_00001_nrca4_cal.fits,117573120,266453987,PUBLIC,2,F200W
266231278,JWST,image,jw05893016002_02101_00001_nrca1,exposure (L2b): 2D calibrated exposure average over integrations,S,mast:JWST/product/jw05893016002_02101_00001_nrca1_cal.fits,SCIENCE,,CAL,,CALJWST,2.0.0,5893,jw05893016002_02101_00001_nrca1_cal.fits,117570240,266453987,PUBLIC,2,F200W
266231279,JWST,image,jw05893016002_02101_00001_nrcb4,exposure (L2b): 2D calibrated exposure average over integrations,S,mast:JWST/product/jw05893016002_02101_00001_nrcb4_cal.fits,SCIENCE,,CAL,,CALJWST,2.0.0,5893,jw05893016002_02101_00001_nrcb4_cal.fits,117573120,266453987,PUBLIC,2,F200W
266231280,JWST,image,jw05893016002_02101_00001_nrcb2,exposure (L2b): 2D calibrated exposure average over integrations,S,mast:JWST/product/jw05893016002_02101_00001_nrcb2_cal.fits,SCIENCE,,CAL,,CALJWST,2.0.0,5893,jw05893016002_02101_00001_nrcb2_cal.fits,117573120,266453987,PUBLIC,2,F200W
266231301,JWST,image,jw05893016002_02101_00002_nrca4,exposure (L2b): 2D calibrated exposure average over integrations,S,mast:JWST/product/jw05893016002_02101_00002_nrca4_cal.fits,SCIENCE,,CAL,,CALJWST,2.0.0,5893,jw05893016002_02101_00002_nrca4_cal.fits,117573120,266453987,PUBLIC,2,F200W
266231302,JWST,image,jw05893016002_02101_00003_nrca4,exposure (L2b): 2D calibrated exposure average over integrations,S,mast:JWST/product/jw05893016002_02101_00003_nrca4_cal.fits,SCIENCE,,CAL,,CALJWST,2.0.0,5893,jw05893016002_02101_00003_nrca4_cal.fits,117573120,266453987,PUBLIC,2,F200W
266231303,JWST,image,jw05893016002_02101_00002_nrcb1,exposure (L2b): 2D calibrated exposure average over integrations,S,mast:JWST/product/jw05893016002_02101_00002_nrcb1_cal.fits,SCIENCE,,CAL,,CALJWST,2.0.0,5893,jw05893016002_02101_00002_nrcb1_cal.fits,117573120,266453987,PUBLIC,2,F200W
266231307,JWST,image,jw05893016002_02101_00002_nrca1,exposure (L2b): 2D calibrated exposure average over integrations,S,mast:JWST/product/jw05893016002_02101_00002_nrca1_cal.fits,SCIENCE,,CAL,,CALJWST,2.0.0,5893,jw05893016002_02101_00002_nrca1_cal.fits,117570240,266453987,PUBLIC,2,F200W
266231308,JWST,image,jw05893016002_02101_00003_nrcb2,exposure (L2b): 2D calibrated exposure average over integrations,S,mast:JWST/product/jw05893016002_02101_00003_nrcb2_cal.fits,SCIENCE,,CAL,,CALJWST,2.0.0,5893,jw05893016002_02101_00003_nrcb2_cal.fits,117573120,266453987,PUBLIC,2,F200W
266231309,JWST,image,jw05893016002_02101_00002_nrcb2,exposure (L2b): 2D calibrated exposure average over integrations,S,mast:JWST/product/jw05893016002_02101_00002_nrcb2_cal.fits,SCIENCE,,CAL,,CALJWST,2.0.0,5893,jw05893016002_02101_00002_nrcb2_cal.fits,117573120,266453987,PUBLIC,2,F200W
266231310,JWST,image,jw05893016002_02101_00003_nrca3,exposure (L2b): 2D calibrated exposure average over integrations,S,mast:JWST/product/jw05893016002_02101_00003_nrca3_cal.fits,SCIENCE,,CAL,,CALJWST,2.0.0,5893,jw05893016002_02101_00003_nrca3_cal.fits,117573120,266453987,PUBLIC,2,F200W
266231311,JWST,image,jw05893016002_02101_00002_nrcb3,exposure (L2b): 2D calibrated exposure average over integrations,S,mast:JWST/product/jw05893016002_02101_00002_nrcb3_cal.fits,SCIENCE,,CAL,,CALJWST,2.0.0,5893,jw05893016002_02101_00002_nrcb3_cal.fits,117573120,266453987,PUBLIC,2,F200W
266231312,JWST,image,jw05893016002_02101_00002_nrca3,exposure (L2b): 2D calibrated exposure average over integrations,S,mast:JWST/product/jw05893016002_02101_00002_nrca3_cal.fits,SCIENCE,,CAL,,CALJWST,2.0.0,5893,jw05893016002_02101_00002_nrca3_cal.fits,117573120,266453987,PUBLIC,2,F200W
266231313,JWST,image,jw05893016002_02101_00002_nrca2,exposure (L2b): 2D calibrated exposure average over integrations,S,mast:JWST/product/jw05893016002_02101_00002_nrca2_cal.fits,SCIENCE,,CAL,,CALJWST,2.0.0,5893,jw05893016002_02101_00002_nrca2_cal.fits,117570240,266453987,PUBLIC,2,F200W
266231314,JWST,image,jw05893016002_02101_00002_nrcb4,exposure (L2b): 2D calibrated exposure average over integrations,S,mast:JWST/product/jw05893016002_02101_00002_nrcb4_cal.fits,SCIENCE,,CAL,,CALJWST,2.0.0,5893,jw05893016002_02101_00002_nrcb4_cal.fits,117573120,266453987,PUBLIC,2,F200W
266270761,JWST,image,jw05893016002_02101_00006_nrca1,exposure (L2b): 2D calibrated exposure average over integrations,S,mast:JWST/product/jw05893016002_02101_00006_nrca1_cal.fits,SCIENCE,,CAL,,CALJWST,2.0.0,5893,jw05893016002_02101_00006_nrca1_cal.fits,117570240,266453987,PUBLIC,2,F200W
266270762,JWST,image,jw05893016002_02101_00004_nrcb4,exposure (L2b): 2D calibrated exposure average over integrations,S,mast:JWST/product/jw05893016002_02101_00004_nrcb4_cal.fits,SCIENCE,,CAL,,CALJWST,2.0.0,5893,jw05893016002_02101_00004_nrcb4_cal.fits,117573120,266453987,PUBLIC,2,F200W
266270883,JWST,image,jw05893016002_02101_00006_nrcb2,exposure (L2b): 2D calibrated exposure average over integrations,S,mast:JWST/product/jw05893016002_02101_00006_nrcb2_cal.fits,SCIENCE,,CAL,,CALJWST,2.0.0,5893,jw05893016002_02101_00006_nrcb2_cal.fits,117573120,266453987,PUBLIC,2,F200W
266270920,JWST,image,jw05893016002_02101_00006_nrcb3,exposure (L2b): 2D calibrated exposure average over integrations,S,mast:JWST/product/jw05893016002_02101_00006_nrcb3_cal.fits,SCIENCE,,CAL,,CALJWST,2.0.0,5893,jw05893016002_02101_00006_nrcb3_cal.fits,117573120,266453987,PUBLIC,2,F200W
266271007,JWST,image,jw05893016002_02101_00005_nrcb4,exposure (L2b): 2D calibrated exposure average over integrations,S,mast:JWST/product/jw05893016002_02101_00005_nrcb4_cal.fits,SCIENCE,,CAL,,CALJWST,2.0.0,5893,jw05893016002_02101_00005_nrcb4_cal.fits,117573120,266453987,PUBLIC,2,F200W
266271052,JWST,image,jw05893016002_02101_00006_nrcb4,exposure (L2b): 2D calibrated exposure average over integrations,S,mast:JWST/product/jw05893016002_02101_00006_nrcb4_cal.fits,SCIENCE,,CAL,,CALJWST,2.0.0,5893,jw05893016002_02101_00006_nrcb4_cal.fits,117573120,266453987,PUBLIC,2,F200W
266271084,JWST,image,jw05893016002_02101_00005_nrca4,exposure (L2b): 2D calibrated exposure average over integrations,S,mast:JWST/product/jw05893016002_02101_00005_nrca4_cal.fits,SCIENCE,,CAL,,CALJWST,2.0.0,5893,jw05893016002_02101_00005_nrca4_cal.fits,117573120,266453987,PUBLIC,2,F200W
266271196,JWST,image,jw05893016002_02101_00005_nrcb3,exposure (L2b): 2D calibrated exposure average over integrations,S,mast:JWST/product/jw05893016002_02101_00005_nrcb3_cal.fits,SCIENCE,,CAL,,CALJWST,2.0.0,5893,jw05893016002_02101_00005_nrcb3_cal.fits,117573120,266453987,PUBLIC,2,F200W
266271279,JWST,image,jw05893016002_02101_00005_nrcb2,exposure (L2b): 2D calibrated exposure average over integrations,S,mast:JWST/product/jw05893016002_02101_00005_nrcb2_cal.fits,SCIENCE,,CAL,,CALJWST,2.0.0,5893,jw05893016002_02101_00005_nrcb2_cal.fits,117573120,266453987,PUBLIC,2,F200W
266271411,JWST,image,jw05893016002_02101_00004_nrcb2,exposure (L2b): 2D calibrated exposure average over integrations,S,mast:JWST/product/jw05893016002_02101_00004_nrcb2_cal.fits,SCIENCE,,CAL,,CALJWST,2.0.0,5893,jw05893016002_02101_00004_nrcb2_cal.fits,117573120,266453987,PUBLIC,2,F200W
266271495,JWST,image,jw05893016002_02101_00004_nrca2,exposure (L2b): 2D calibrated exposure average over integrations,S,mast:JWST/product/jw05893016002_02101_00004_nrca2_cal.fits,SCIENCE,,CAL,,CALJWST,2.0.0,5893,jw05893016002_02101_00004_nrca2_cal.fits,117570240,266453987,PUBLIC,2,F200W
266271650,JWST,image,jw05893016002_02101_00005_nrca1,exposure (L2b): 2D calibrated exposure average over integrations,S,mast:JWST/product/jw05893016002_02101_00005_nrca1_cal.fits,SCIENCE,,CAL,,CALJWST,2.0.0,5893,jw05893016002_02101_00005_nrca1_cal.fits,117570240,266453987,PUBLIC,2,F200W
266271689,JWST,image,jw05893016002_02101_00004_nrcb1,exposure (L2b): 2D calibrated exposure average over integrations,S,mast:JWST/product/jw05893016002_02101_00004_nrcb1_cal.fits,SCIENCE,,CAL,,CALJWST,2.0.0,5893,jw05893016002_02101_00004_nrcb1_cal.fits,117573120,266453987,PUBLIC,2,F200W
266271768,JWST,image,jw05893016002_02101_00003_nrcb4,exposure (L2b): 2D calibrated exposure average over integrations,S,mast:JWST/product/jw05893016002_02101_00003_nrcb4_cal.fits,SCIENCE,,CAL,,CALJWST,2.0.0,5893,jw05893016002_02101_00003_nrcb4_cal.fits,117573120,266453987,PUBLIC,2,F200W
266271814,JWST,image,jw05893016002_02101_00004_nrca1,exposure (L2b): 2D calibrated exposure average over integrations,S,mast:JWST/product/jw05893016002_02101_00004_nrca1_cal.fits,SCIENCE,,CAL,,CALJWST,2.0.0,5893,jw05893016002_02101_00004_nrca1_cal.fits,117570240,266453987,PUBLIC,2,F200W
266271842,JWST,image,jw05893016002_02101_00003_nrcb1,exposure (L2b): 2D calibrated exposure average over integrations,S,mast:JWST/product/jw05893016002_02101_00003_nrcb1_cal.fits,SCIENCE,,CAL,,CALJWST,2.0.0,5893,jw05893016002_02101_00003_nrcb1_cal.fits,117573120,266453987,PUBLIC,2,F200W
266271843,JWST,image,jw05893016002_02101_00006_nrcb1,exposure (L2b): 2D calibrated exposure average over integrations,S,mast:JWST/product/jw05893016002_02101_00006_nrcb1_cal.fits,SCIENCE,,CAL,,CALJWST,2.0.0,5893,jw05893016002_02101_00006_nrcb1_cal.fits,117573120,266453987,PUBLIC,2,F200W
266271921,JWST,image,jw05893016002_02101_00004_nrca3,exposure (L2b): 2D calibrated exposure average over integrations,S,mast:JWST/product/jw05893016002_02101_00004_nrca3_cal.fits,SCIENCE,,CAL,,CALJWST,2.0.0,5893,jw05893016002_02101_00004_nrca3_cal.fits,117573120,266453987,PUBLIC,2,F200W
266272097,JWST,image,jw05893016002_02101_00003_nrca1,exposure (L2b): 2D calibrated exposure average over integrations,S,mast:JWST/product/jw05893016002_02101_00003_nrca1_cal.fits,SCIENCE,,CAL,,CALJWST,2.0.0,5893,jw05893016002_02101_00003_nrca1_cal.fits,117570240,266453987,PUBLIC,2,F200W
266272152,JWST,image,jw05893016002_02101_00005_nrca3,exposure (L2b): 2D calibrated exposure average over integrations,S,mast:JWST/product/jw05893016002_02101_00005_nrca3_cal.fits,SCIENCE,,CAL,,CALJWST,2.0.0,5893,jw05893016002_02101_00005_nrca3_cal.fits,117573120,266453987,PUBLIC,2,F200W
266272280,JWST,image,jw05893016002_02101_00006_nrca3,exposure (L2b): 2D calibrated exposure average over integrations,S,mast:JWST/product/jw05893016002_02101_00006_nrca3_cal.fits,SCIENCE,,CAL,,CALJWST,2.0.0,5893,jw05893016002_02101_00006_nrca3_cal.fits,117573120,266453987,PUBLIC,2,F200W
266272329,JWST,image,jw05893016002_02101_00005_nrcb1,exposure (L2b): 2D calibrated exposure average over integrations,S,mast:JWST/product/jw05893016002_02101_00005_nrcb1_cal.fits,SCIENCE,,CAL,,CALJWST,2.0.0,5893,jw05893016002_02101_00005_nrcb1_cal.fits,117573120,266453987,PUBLIC,2,F200W
266272370,JWST,image,jw05893016002_02101_00004_nrca4,exposure (L2b): 2D calibrated exposure average over integrations,S,mast:JWST/product/jw05893016002_02101_00004_nrca4_cal.fits,SCIENCE,,CAL,,CALJWST,2.0.0,5893,jw05893016002_02101_00004_nrca4_cal.fits,117573120,266453987,PUBLIC,2,F200W
266272418,JWST,image,jw05893016002_02101_00003_nrca2,exposure (L2b): 2D calibrated exposure average over integrations,S,mast:JWST/product/jw05893016002_02101_00003_nrca2_cal.fits,SCIENCE,,CAL,,CALJWST,2.0.0,5893,jw05893016002_02101_00003_nrca2_cal.fits,117570240,266453987,PUBLIC,2,F200W
266272457,JWST,image,jw05893016002_02101_00003_nrcb3,exposure (L2b): 2D calibrated exposure average over integrations,S,mast:JWST/product/jw05893016002_02101_00003_nrcb3_cal.fits,SCIENCE,,CAL,,CALJWST,2.0.0,5893,jw05893016002_02101_00003_nrcb3_cal.fits,117573120,266453987,PUBLIC,2,F200W
266272605,JWST,image,jw05893016002_02101_00006_nrca4,exposure (L2b): 2D calibrated exposure average over integrations,S,mast:JWST/product/jw05893016002_02101_00006_nrca4_cal.fits,SCIENCE,,CAL,,CALJWST,2.0.0,5893,jw05893016002_02101_00006_nrca4_cal.fits,117573120,266453987,PUBLIC,2,F200W
266272613,JWST,image,jw05893016002_02101_00004_nrcb3,exposure (L2b): 2D calibrated exposure average over integrations,S,mast:JWST/product/jw05893016002_02101_00004_nrcb3_cal.fits,SCIENCE,,CAL,,CALJWST,2.0.0,5893,jw05893016002_02101_00004_nrcb3_cal.fits,117573120,266453987,PUBLIC,2,F200W
266272697,JWST,image,jw05893016002_02101_00005_nrca2,exposure (L2b): 2D calibrated exposure average over integrations,S,mast:JWST/product/jw05893016002_02101_00005_nrca2_cal.fits,SCIENCE,,CAL,,CALJWST,2.0.0,5893,jw05893016002_02101_00005_nrca2_cal.fits,117570240,266453987,PUBLIC,2,F200W
266272753,JWST,image,jw05893016002_02101_00006_nrca2,exposure (L2b): 2D calibrated exposure average over integrations,S,mast:JWST/product/jw05893016002_02101_00006_nrca2_cal.fits,SCIENCE,,CAL,,CALJWST,2.0.0,5893,jw05893016002_02101_00006_nrca2_cal.fits,117570240,266453987,PUBLIC,2,F200W
266329882,JWST,image,jw05893012006_02101_00001_nrcb4,exposure (L2b): 2D calibrated exposure average over integrations,S,mast:JWST/product/jw05893012006_02101_00001_nrcb4_cal.fits,SCIENCE,,CAL,,CALJWST,2.0.0,5893,jw05893012006_02101_00001_nrcb4_cal.fits,117573120,266381594,PUBLIC,2,F200W
266329883,JWST,image,jw05893012006_02101_00001_nrca4,exposure (L2b): 2D calibrated exposure average over integrations,S,mast:JWST/product/jw05893012006_02101_00001_nrca4_cal.fits,SCIENCE,,CAL,,CALJWST,2.0.0,5893,jw05893012006_02101_00001_nrca4_cal.fits,117573120,266381594,PUBLIC,2,F200W
266329884,JWST,image,jw05893012006_02101_00001_nrca3,exposure (L2b): 2D calibrated exposure average over integrations,S,mast:JWST/product/jw05893012006_02101_00001_nrca3_cal.fits,SCIENCE,,CAL,,CALJWST,2.0.0,5893,jw05893012006_02101_00001_nrca3_cal.fits,117573120,266381594,PUBLIC,2,F200W
266329885,JWST,image,jw05893012006_02101_00001_nrca2,exposure (L2b): 2D calibrated exposure average over integrations,S,mast:JWST/product/jw05893012006_02101_00001_nrca2_cal.fits,SCIENCE,,CAL,,CALJWST,2.0.0,5893,jw05893012006_02101_00001_nrca2_cal.fits,117570240,266381594,PUBLIC,2,F200W
266329886,JWST,image,jw05893012006_02101_00001_nrcb2,exposure (L2b): 2D calibrated exposure average over integrations,S,mast:JWST/product/jw05893012006_02101_00001_nrcb2_cal.fits,SCIENCE,,CAL,,CALJWST,2.0.0,5893,jw05893012006_02101_00001_nrcb2_cal.fits,117573120,266381594,PUBLIC,2,F200W
266329888,JWST,image,jw05893012006_02101_00001_nrcb3,exposure (L2b): 2D calibrated exposure average over integrations,S,mast:JWST/product/jw05893012006_02101_00001_nrcb3_cal.fits,SCIENCE,,CAL,,CALJWST,2.0.0,5893,jw05893012006_02101_00001_nrcb3_cal.fits,117573120,266381594,PUBLIC,2,F200W
266329890,JWST,image,jw05893012006_02101_00001_nrcb1,exposure (L2b): 2D calibrated exposure average over integrations,S,mast:JWST/product/jw05893012006_02101_00001_nrcb1_cal.fits,SCIENCE,,CAL,,CALJWST,2.0.0,5893,jw05893012006_02101_00001_nrcb1_cal.fits,117573120,266381594,PUBLIC,2,F200W
266330029,JWST,image,jw05893012006_02101_00002_nrcb3,exposure (L2b): 2D calibrated exposure average over integrations,S,mast:JWST/product/jw05893012006_02101_00002_nrcb3_cal.fits,SCIENCE,,CAL,,CALJWST,2.0.0,5893,jw05893012006_02101_00002_nrcb3_cal.fits,117573120,266381594,PUBLIC,2,F200W
266330030,JWST,image,jw05893012006_02101_00001_nrca1,exposure (L2b): 2D calibrated exposure average over integrations,S,mast:JWST/product/jw05893012006_02101_00001_nrca1_cal.fits,SCIENCE,,CAL,,CALJWST,2.0.0,5893,jw05893012006_02101_00001_nrca1_cal.fits,117570240,266381594,PUBLIC,2,F200W
266330285,JWST,image,jw05893012006_02101_00002_nrca3,exposure (L2b): 2D calibrated exposure average over integrations,S,mast:JWST/product/jw05893012006_02101_00002_nrca3_cal.fits,SCIENCE,,CAL,,CALJWST,2.0.0,5893,jw05893012006_02101_00002_nrca3_cal.fits,117573120,266381594,PUBLIC,2,F200W
266330288,JWST,image,jw05893012006_02101_00004_nrca1,exposure (L2b): 2D calibrated exposure average over integrations,S,mast:JWST/product/jw05893012006_02101_00004_nrca1_cal.fits,SCIENCE,,CAL,,CALJWST,2.0.0,5893,jw05893012006_02101_00004_nrca1_cal.fits,117570240,266381594,PUBLIC,2,F200W
266330290,JWST,image,jw05893012006_02101_00005_nrcb4,exposure (L2b): 2D calibrated exposure average over integrations,S,mast:JWST/product/jw05893012006_02101_00005_nrcb4_cal.fits,SCIENCE,,CAL,,CALJWST,2.0.0,5893,jw05893012006_02101_00005_nrcb4_cal.fits,117573120,266381594,PUBLIC,2,F200W
266330291,JWST,image,jw05893012006_02101_00004_nrca3,exposure (L2b): 2D calibrated exposure average over integrations,S,mast:JWST/product/jw05893012006_02101_00004_nrca3_cal.fits,SCIENCE,,CAL,,CALJWST,2.0.0,5893,jw05893012006_02101_00004_nrca3_cal.fits,117573120,266381594,PUBLIC,2,F200W
266330293,JWST,image,jw05893012006_02101_00005_nrcb1,exposure (L2b): 2D calibrated exposure average over integrations,S,mast:JWST/product/jw05893012006_02101_00005_nrcb1_cal.fits,SCIENCE,,CAL,,CALJWST,2.0.0,5893,jw05893012006_02101_00005_nrcb1_cal.fits,117573120,266381594,PUBLIC,2,F200W
266330294,JWST,image,jw05893012006_02101_00004_nrcb3,exposure (L2b): 2D calibrated exposure average over integrations,S,mast:JWST/product/jw05893012006_02101_00004_nrcb3_cal.fits,SCIENCE,,CAL,,CALJWST,2.0.0,5893,jw05893012006_02101_00004_nrcb3_cal.fits,117573120,266381594,PUBLIC,2,F200W
266330295,JWST,image,jw05893012006_02101_00004_nrcb2,exposure (L2b): 2D calibrated exposure average over integrations,S,mast:JWST/product/jw05893012006_02101_00004_nrcb2_cal.fits,SCIENCE,,CAL,,CALJWST,2.0.0,5893,jw05893012006_02101_00004_nrcb2_cal.fits,117573120,266381594,PUBLIC,2,F200W
266330296,JWST,image,jw05893012006_02101_00004_nrca2,exposure (L2b): 2D calibrated exposure average over integrations,S,mast:JWST/product/jw05893012006_02101_00004_nrca2_cal.fits,SCIENCE,,CAL,,CALJWST,2.0.0,5893,jw05893012006_02101_00004_nrca2_cal.fits,117570240,266381594,PUBLIC,2,F200W
266330298,JWST,image,jw05893012006_02101_00004_nrcb4,exposure (L2b): 2D calibrated exposure average over integrations,S,mast:JWST/product/jw05893012006_02101_00004_nrcb4_cal.fits,SCIENCE,,CAL,,CALJWST,2.0.0,5893,jw05893012006_02101_00004_nrcb4_cal.fits,117573120,266381594,PUBLIC,2,F200W
266330299,JWST,image,jw05893012006_02101_00002_nrcb4,exposure (L2b): 2D calibrated exposure average over integrations,S,mast:JWST/product/jw05893012006_02101_00002_nrcb4_cal.fits,SCIENCE,,CAL,,CALJWST,2.0.0,5893,jw05893012006_02101_00002_nrcb4_cal.fits,117573120,266381594,PUBLIC,2,F200W
266330300,JWST,image,jw05893012006_02101_00005_nrcb2,exposure (L2b): 2D calibrated exposure average over integrations,S,mast:JWST/product/jw05893012006_02101_00005_nrcb2_cal.fits,SCIENCE,,CAL,,CALJWST,2.0.0,5893,jw05893012006_02101_00005_nrcb2_cal.fits,117573120,266381594,PUBLIC,2,F200W
266330301,JWST,image,jw05893012006_02101_00002_nrca2,exposure (L2b): 2D calibrated exposure average over integrations,S,mast:JWST/product/jw05893012006_02101_00002_nrca2_cal.fits,SCIENCE,,CAL,,CALJWST,2.0.0,5893,jw05893012006_02101_00002_nrca2_cal.fits,117570240,266381594,PUBLIC,2,F200W
266330302,JWST,image,jw05893012006_02101_00005_nrca1,exposure (L2b): 2D calibrated exposure average over integrations,S,mast:JWST/product/jw05893012006_02101_00005_nrca1_cal.fits,SCIENCE,,CAL,,CALJWST,2.0.0,5893,jw05893012006_02101_00005_nrca1_cal.fits,117570240,266381594,PUBLIC,2,F200W
266330303,JWST,image,jw05893012006_02101_00002_nrca1,exposure (L2b): 2D calibrated exposure average over integrations,S,mast:JWST/product/jw05893012006_02101_00002_nrca1_cal.fits,SCIENCE,,CAL,,CALJWST,2.0.0,5893,jw05893012006_02101_00002_nrca1_cal.fits,117570240,266381594,PUBLIC,2,F200W
266330304,JWST,image,jw05893012006_02101_00002_nrca4,exposure (L2b): 2D calibrated exposure average over integrations,S,mast:JWST/product/jw05893012006_02101_00002_nrca4_cal.fits,SCIENCE,,CAL,,CALJWST,2.0.0,5893,jw05893012006_02101_00002_nrca4_cal.fits,117573120,266381594,PUBLIC,2,F200W
266330306,JWST,image,jw05893012006_02101_00005_nrca2,exposure (L2b): 2D calibrated exposure average over integrations,S,mast:JWST/product/jw05893012006_02101_00005_nrca2_cal.fits,SCIENCE,,CAL,,CALJWST,2.0.0,5893,jw05893012006_02101_00005_nrca2_cal.fits,117570240,266381594,PUBLIC,2,F200W
266330310,JWST,image,jw05893012006_02101_00002_nrcb1,exposure (L2b): 2D calibrated exposure average over integrations,S,mast:JWST/product/jw05893012006_02101_00002_nrcb1_cal.fits,SCIENCE,,CAL,,CALJWST,2.0.0,5893,jw05893012006_02101_00002_nrcb1_cal.fits,117573120,266381594,PUBLIC,2,F200W
266330311,JWST,image,jw05893012006_02101_00005_nrcb3,exposure (L2b): 2D calibrated exposure average over integrations,S,mast:JWST/product/jw05893012006_02101_00005_nrcb3_cal.fits,SCIENCE,,CAL,,CALJWST,2.0.0,5893,jw05893012006_02101_00005_nrcb3_cal.fits,117573120,266381594,PUBLIC,2,F200W
266330313,JWST,image,jw05893012006_02101_00002_nrcb2,exposure (L2b): 2D calibrated exposure average over integrations,S,mast:JWST/product/jw05893012006_02101_00002_nrcb2_cal.fits,SCIENCE,,CAL,,CALJWST,2.0.0,5893,jw05893012006_02101_00002_nrcb2_cal.fits,117573120,266381594,PUBLIC,2,F200W
266330314,JWST,image,jw05893012006_02101_00004_nrca4,exposure (L2b): 2D calibrated exposure average over integrations,S,mast:JWST/product/jw05893012006_02101_00004_nrca4_cal.fits,SCIENCE,,CAL,,CALJWST,2.0.0,5893,jw05893012006_02101_00004_nrca4_cal.fits,117573120,266381594,PUBLIC,2,F200W
266330315,JWST,image,jw05893012006_02101_00004_nrcb1,exposure (L2b): 2D calibrated exposure average over integrations,S,mast:JWST/product/jw05893012006_02101_00004_nrcb1_cal.fits,SCIENCE,,CAL,,CALJWST,2.0.0,5893,jw05893012006_02101_00004_nrcb1_cal.fits,117573120,266381594,PUBLIC,2,F200W
266330438,JWST,image,jw05893012006_02101_00005_nrca3,exposure (L2b): 2D calibrated exposure average over integrations,S,mast:JWST/product/jw05893012006_02101_00005_nrca3_cal.fits,SCIENCE,,CAL,,CALJWST,2.0.0,5893,jw05893012006_02101_00005_nrca3_cal.fits,117573120,266381594,PUBLIC,2,F200W
266330453,JWST,image,jw05893012006_02101_00005_nrca4,exposure (L2b): 2D calibrated exposure average over integrations,S,mast:JWST/product/jw05893012006_02101_00005_nrca4_cal.fits,SCIENCE,,CAL,,CALJWST,2.0.0,5893,jw05893012006_02101_00005_nrca4_cal.fits,117573120,266381594,PUBLIC,2,F200W
266331266,JWST,image,jw05893012006_02101_00003_nrcb2,exposure (L2b): 2D calibrated exposure average over integrations,S,mast:JWST/product/jw05893012006_02101_00003_nrcb2_cal.fits,SCIENCE,,CAL,,CALJWST,2.0.0,5893,jw05893012006_02101_00003_nrcb2_cal.fits,117573120,266381594,PUBLIC,2,F200W
266331267,JWST,image,jw05893012006_02101_00006_nrcb1,exposure (L2b): 2D calibrated exposure average over integrations,S,mast:JWST/product/jw05893012006_02101_00006_nrcb1_cal.fits,SCIENCE,,CAL,,CALJWST,2.0.0,5893,jw05893012006_02101_00006_nrcb1_cal.fits,117573120,266381594,PUBLIC,2,F200W
266331268,JWST,image,jw05893012006_02101_00003_nrca4,exposure (L2b): 2D calibrated exposure average over integrations,S,mast:JWST/product/jw05893012006_02101_00003_nrca4_cal.fits,SCIENCE,,CAL,,CALJWST,2.0.0,5893,jw05893012006_02101_00003_nrca4_cal.fits,117573120,266381594,PUBLIC,2,F200W
266331269,JWST,image,jw05893012006_02101_00006_nrcb3,exposure (L2b): 2D calibrated exposure average over integrations,S,mast:JWST/product/jw05893012006_02101_00006_nrcb3_cal.fits,SCIENCE,,CAL,,CALJWST,2.0.0,5893,jw05893012006_02101_00006_nrcb3_cal.fits,117573120,266381594,PUBLIC,2,F200W
266331270,JWST,image,jw05893012006_02101_00003_nrcb3,exposure (L2b): 2D calibrated exposure average over integrations,S,mast:JWST/product/jw05893012006_02101_00003_nrcb3_cal.fits,SCIENCE,,CAL,,CALJWST,2.0.0,5893,jw05893012006_02101_00003_nrcb3_cal.fits,117573120,266381594,PUBLIC,2,F200W
266331271,JWST,image,jw05893012006_02101_00006_nrca4,exposure (L2b): 2D calibrated exposure average over integrations,S,mast:JWST/product/jw05893012006_02101_00006_nrca4_cal.fits,SCIENCE,,CAL,,CALJWST,2.0.0,5893,jw05893012006_02101_00006_nrca4_cal.fits,117573120,266381594,PUBLIC,2,F200W
266331273,JWST,image,jw05893012006_02101_00003_nrcb4,exposure (L2b): 2D calibrated exposure average over integrations,S,mast:JWST/product/jw05893012006_02101_00003_nrcb4_cal.fits,SCIENCE,,CAL,,CALJWST,2.0.0,5893,jw05893012006_02101_00003_nrcb4_cal.fits,117573120,266381594,PUBLIC,2,F200W
266331274,JWST,image,jw05893012006_02101_00003_nrca3,exposure (L2b): 2D calibrated exposure average over integrations,S,mast:JWST/product/jw05893012006_02101_00003_nrca3_cal.fits,SCIENCE,,CAL,,CALJWST,2.0.0,5893,jw05893012006_02101_00003_nrca3_cal.fits,117573120,266381594,PUBLIC,2,F200W
266331275,JWST,image,jw05893012006_02101_00006_nrcb4,exposure (L2b): 2D calibrated exposure average over integrations,S,mast:JWST/product/jw05893012006_02101_00006_nrcb4_cal.fits,SCIENCE,,CAL,,CALJWST,2.0.0,5893,jw05893012006_02101_00006_nrcb4_cal.fits,117573120,266381594,PUBLIC,2,F200W
266331276,JWST,image,jw05893012006_02101_00006_nrca1,exposure (L2b): 2D calibrated exposure average over integrations,S,mast:JWST/product/jw05893012006_02101_00006_nrca1_cal.fits,SCIENCE,,CAL,,CALJWST,2.0.0,5893,jw05893012006_02101_00006_nrca1_cal.fits,117570240,266381594,PUBLIC,2,F200W
266331277,JWST,image,jw05893012006_02101_00006_nrca3,exposure (L2b): 2D calibrated exposure average over integrations,S,mast:JWST/product/jw05893012006_02101_00006_nrca3_cal.fits,SCIENCE,,CAL,,CALJWST,2.0.0,5893,jw05893012006_02101_00006_nrca3_cal.fits,117573120,266381594,PUBLIC,2,F200W
266331279,JWST,image,jw05893012006_02101_00003_nrcb1,exposure (L2b): 2D calibrated exposure average over integrations,S,mast:JWST/product/jw05893012006_02101_00003_nrcb1_cal.fits,SCIENCE,,CAL,,CALJWST,2.0.0,5893,jw05893012006_02101_00003_nrcb1_cal.fits,117573120,266381594,PUBLIC,2,F200W
266331281,JWST,image,jw05893012006_02101_00006_nrcb2,exposure (L2b): 2D calibrated exposure average over integrations,S,mast:JWST/product/jw05893012006_02101_00006_nrcb2_cal.fits,SCIENCE,,CAL,,CALJWST,2.0.0,5893,jw05893012006_02101_00006_nrcb2_cal.fits,117573120,266381594,PUBLIC,2,F200W
266331282,JWST,image,jw05893012006_02101_00006_nrca2,exposure (L2b): 2D calibrated exposure average over integrations,S,mast:JWST/product/jw05893012006_02101_00006_nrca2_cal.fits,SCIENCE,,CAL,,CALJWST,2.0.0,5893,jw05893012006_02101_00006_nrca2_cal.fits,117570240,266381594,PUBLIC,2,F200W
266331284,JWST,image,jw05893012006_02101_00003_nrca1,exposure (L2b): 2D calibrated exposure average over integrations,S,mast:JWST/product/jw05893012006_02101_00003_nrca1_cal.fits,SCIENCE,,CAL,,CALJWST,2.0.0,5893,jw05893012006_02101_00003_nrca1_cal.fits,117570240,266381594,PUBLIC,2,F200W
266331285,JWST,image,jw05893012006_02101_00003_nrca2,exposure (L2b): 2D calibrated exposure average over integrations,S,mast:JWST/product/jw05893012006_02101_00003_nrca2_cal.fits,SCIENCE,,CAL,,CALJWST,2.0.0,5893,jw05893012006_02101_00003_nrca2_cal.fits,117570240,266381594,PUBLIC,2,F200W
266380495,JWST,image,jw05893012005_02101_00001_nrcb3,exposure (L2b): 2D calibrated exposure average over integrations,S,mast:JWST/product/jw05893012005_02101_00001_nrcb3_cal.fits,SCIENCE,,CAL,,CALJWST,2.0.0,5893,jw05893012005_02101_00001_nrcb3_cal.fits,117573120,266381594,PUBLIC,2,F200W
266380496,JWST,image,jw05893012005_02101_00001_nrcb1,exposure (L2b): 2D calibrated exposure average over integrations,S,mast:JWST/product/jw05893012005_02101_00001_nrcb1_cal.fits,SCIENCE,,CAL,,CALJWST,2.0.0,5893,jw05893012005_02101_00001_nrcb1_cal.fits,117573120,266381594,PUBLIC,2,F200W
266380497,JWST,image,jw05893012005_02101_00001_nrcb4,exposure (L2b): 2D calibrated exposure average over integrations,S,mast:JWST/product/jw05893012005_02101_00001_nrcb4_cal.fits,SCIENCE,,CAL,,CALJWST,2.0.0,5893,jw05893012005_02101_00001_nrcb4_cal.fits,117573120,266381594,PUBLIC,2,F200W
266380498,JWST,image,jw05893012005_02101_00001_nrca2,exposure (L2b): 2D calibrated exposure average over integrations,S,mast:JWST/product/jw05893012005_02101_00001_nrca2_cal.fits,SCIENCE,,CAL,,CALJWST,2.0.0,5893,jw05893012005_02101_00001_nrca2_cal.fits,117570240,266381594,PUBLIC,2,F200W
266380500,JWST,image,jw05893012005_02101_00001_nrcb2,exposure (L2b): 2D calibrated exposure average over integrations,S,mast:JWST/product/jw05893012005_02101_00001_nrcb2_cal.fits,SCIENCE,,CAL,,CALJWST,2.0.0,5893,jw05893012005_02101_00001_nrcb2_cal.fits,117573120,266381594,PUBLIC,2,F200W
266380515,JWST,image,jw05893012005_02101_00002_nrcb4,exposure (L2b): 2D calibrated exposure average over integrations,S,mast:JWST/product/jw05893012005_02101_00002_nrcb4_cal.fits,SCIENCE,,CAL,,CALJWST,2.0.0,5893,jw05893012005_02101_00002_nrcb4_cal.fits,117573120,266381594,PUBLIC,2,F200W
266380516,JWST,image,jw05893012005_02101_00003_nrcb4,exposure (L2b): 2D calibrated exposure average over integrations,S,mast:JWST/product/jw05893012005_02101_00003_nrcb4_cal.fits,SCIENCE,,CAL,,CALJWST,2.0.0,5893,jw05893012005_02101_00003_nrcb4_cal.fits,117573120,266381594,PUBLIC,2,F200W
266380517,JWST,image,jw05893012005_02101_00004_nrca1,exposure (L2b): 2D calibrated exposure average over integrations,S,mast:JWST/product/jw05893012005_02101_00004_nrca1_cal.fits,SCIENCE,,CAL,,CALJWST,2.0.0,5893,jw05893012005_02101_00004_nrca1_cal.fits,117570240,266381594,PUBLIC,2,F200W
266380521,JWST,image,jw05893012005_02101_00001_nrca4,exposure (L2b): 2D calibrated exposure average over integrations,S,mast:JWST/product/jw05893012005_02101_00001_nrca4_cal.fits,SCIENCE,,CAL,,CALJWST,2.0.0,5893,jw05893012005_02101_00001_nrca4_cal.fits,117573120,266381594,PUBLIC,2,F200W
266380522,JWST,image,jw05893012005_02101_00005_nrcb1,exposure (L2b): 2D calibrated exposure average over integrations,S,mast:JWST/product/jw05893012005_02101_00005_nrcb1_cal.fits,SCIENCE,,CAL,,CALJWST,2.0.0,5893,jw05893012005_02101_00005_nrcb1_cal.fits,117573120,266381594,PUBLIC,2,F200W
266380523,JWST,image,jw05893012005_02101_00003_nrca1,exposure (L2b): 2D calibrated exposure average over integrations,S,mast:JWST/product/jw05893012005_02101_00003_nrca1_cal.fits,SCIENCE,,CAL,,CALJWST,2.0.0,5893,jw05893012005_02101_00003_nrca1_cal.fits,117570240,266381594,PUBLIC,2,F200W
266380525,JWST,image,jw05893012005_02101_00002_nrcb3,exposure (L2b): 2D calibrated exposure average over integrations,S,mast:JWST/product/jw05893012005_02101_00002_nrcb3_cal.fits,SCIENCE,,CAL,,CALJWST,2.0.0,5893,jw05893012005_02101_00002_nrcb3_cal.fits,117573120,266381594,PUBLIC,2,F200W
266380526,JWST,image,jw05893012005_02101_00002_nrcb1,exposure (L2b): 2D calibrated exposure average over integrations,S,mast:JWST/product/jw05893012005_02101_00002_nrcb1_cal.fits,SCIENCE,,CAL,,CALJWST,2.0.0,5893,jw05893012005_02101_00002_nrcb1_cal.fits,117573120,266381594,PUBLIC,2,F200W
266380529,JWST,image,jw05893012005_02101_00004_nrca2,exposure (L2b): 2D calibrated exposure average over integrations,S,mast:JWST/product/jw05893012005_02101_00004_nrca2_cal.fits,SCIENCE,,CAL,,CALJWST,2.0.0,5893,jw05893012005_02101_00004_nrca2_cal.fits,117570240,266381594,PUBLIC,2,F200W
266380532,JWST,image,jw05893012005_02101_00002_nrca1,exposure (L2b): 2D calibrated exposure average over integrations,S,mast:JWST/product/jw05893012005_02101_00002_nrca1_cal.fits,SCIENCE,,CAL,,CALJWST,2.0.0,5893,jw05893012005_02101_00002_nrca1_cal.fits,117570240,266381594,PUBLIC,2,F200W
266380533,JWST,image,jw05893012005_02101_00002_nrcb2,exposure (L2b): 2D calibrated exposure average over integrations,S,mast:JWST/product/jw05893012005_02101_00002_nrcb2_cal.fits,SCIENCE,,CAL,,CALJWST,2.0.0,5893,jw05893012005_02101_00002_nrcb2_cal.fits,117573120,266381594,PUBLIC,2,F200W
266380534,JWST,image,jw05893012005_02101_00001_nrca1,exposure (L2b): 2D calibrated exposure average over integrations,S,mast:JWST/product/jw05893012005_02101_00001_nrca1_cal.fits,SCIENCE,,CAL,,CALJWST,2.0.0,5893,jw05893012005_02101_00001_nrca1_cal.fits,117570240,266381594,PUBLIC,2,F200W
266380535,JWST,image,jw05893012005_02101_00001_nrca3,exposure (L2b): 2D calibrated exposure average over integrations,S,mast:JWST/product/jw05893012005_02101_00001_nrca3_cal.fits,SCIENCE,,CAL,,CALJWST,2.0.0,5893,jw05893012005_02101_00001_nrca3_cal.fits,117573120,266381594,PUBLIC,2,F200W
266380537,JWST,image,jw05893012005_02101_00003_nrcb2,exposure (L2b): 2D calibrated exposure average over integrations,S,mast:JWST/product/jw05893012005_02101_00003_nrcb2_cal.fits,SCIENCE,,CAL,,CALJWST,2.0.0,5893,jw05893012005_02101_00003_nrcb2_cal.fits,117573120,266381594,PUBLIC,2,F200W
266380538,JWST,image,jw05893012005_02101_00002_nrca2,exposure (L2b): 2D calibrated exposure average over integrations,S,mast:JWST/product/jw05893012005_02101_00002_nrca2_cal.fits,SCIENCE,,CAL,,CALJWST,2.0.0,5893,jw05893012005_02101_00002_nrca2_cal.fits,117570240,266381594,PUBLIC,2,F200W
266380539,JWST,image,jw05893012005_02101_00004_nrcb2,exposure (L2b): 2D calibrated exposure average over integrations,S,mast:JWST/product/jw05893012005_02101_00004_nrcb2_cal.fits,SCIENCE,,CAL,,CALJWST,2.0.0,5893,jw05893012005_02101_00004_nrcb2_cal.fits,117573120,266381594,PUBLIC,2,F200W
266380540,JWST,image,jw05893012005_02101_00002_nrca3,exposure (L2b): 2D calibrated exposure average over integrations,S,mast:JWST/product/jw05893012005_02101_00002_nrca3_cal.fits,SCIENCE,,CAL,,CALJWST,2.0.0,5893,jw05893012005_02101_00002_nrca3_cal.fits,117573120,266381594,PUBLIC,2,F200W
266380541,JWST,image,jw05893012005_02101_00005_nrcb2,exposure (L2b): 2D calibrated exposure average over integrations,S,mast:JWST/product/jw05893012005_02101_00005_nrcb2_cal.fits,SCIENCE,,CAL,,CALJWST,2.0.0,5893,jw05893012005_02101_00005_nrcb2_cal.fits,117573120,266381594,PUBLIC,2,F200W
266380542,JWST,image,jw05893012005_02101_00003_nrca3,exposure (L2b): 2D calibrated exposure average over integrations,S,mast:JWST/product/jw05893012005_02101_00003_nrca3_cal.fits,SCIENCE,,CAL,,CALJWST,2.0.0,5893,jw05893012005_02101_00003_nrca3_cal.fits,117573120,266381594,PUBLIC,2,F200W
266380543,JWST,image,jw05893012005_02101_00005_nrca4,exposure (L2b): 2D calibrated exposure average over integrations,S,mast:JWST/product/jw05893012005_02101_00005_nrca4_cal.fits,SCIENCE,,CAL,,CALJWST,2.0.0,5893,jw05893012005_02101_00005_nrca4_cal.fits,117573120,266381594,PUBLIC,2,F200W
266380545,JWST,image,jw05893012005_02101_00003_nrcb3,exposure (L2b): 2D calibrated exposure average over integrations,S,mast:JWST/product/jw05893012005_02101_00003_nrcb3_cal.fits,SCIENCE,,CAL,,CALJWST,2.0.0,5893,jw05893012005_02101_00003_nrcb3_cal.fits,117573120,266381594,PUBLIC,2,F200W
266380546,JWST,image,jw05893012005_02101_00004_nrca4,exposure (L2b): 2D calibrated exposure average over integrations,S,mast:JWST/product/jw05893012005_02101_00004_nrca4_cal.fits,SCIENCE,,CAL,,CALJWST,2.0.0,5893,jw05893012005_02101_00004_nrca4_cal.fits,117573120,266381594,PUBLIC,2,F200W
266380548,JWST,image,jw05893012005_02101_00003_nrca2,exposure (L2b): 2D calibrated exposure average over integrations,S,mast:JWST/product/jw05893012005_02101_00003_nrca2_cal.fits,SCIENCE,,CAL,,CALJWST,2.0.0,5893,jw05893012005_02101_00003_nrca2_cal.fits,117570240,266381594,PUBLIC,2,F200W
266380549,JWST,image,jw05893012005_02101_00004_nrcb3,exposure (L2b): 2D calibrated exposure average over integrations,S,mast:JWST/product/jw05893012005_02101_00004_nrcb3_cal.fits,SCIENCE,,CAL,,CALJWST,2.0.0,5893,jw05893012005_02101_00004_nrcb3_cal.fits,117573120,266381594,PUBLIC,2,F200W
266380550,JWST,image,jw05893012005_02101_00004_nrcb4,exposure (L2b): 2D calibrated exposure average over integrations,S,mast:JWST/product/jw05893012005_02101_00004_nrcb4_cal.fits,SCIENCE,,CAL,,CALJWST,2.0.0,5893,jw05893012005_02101_00004_nrcb4_cal.fits,117573120,266381594,PUBLIC,2,F200W
266380551,JWST,image,jw05893012005_02101_00003_nrca4,exposure (L2b): 2D calibrated exposure average over integrations,S,mast:JWST/product/jw05893012005_02101_00003_nrca4_cal.fits,SCIENCE,,CAL,,CALJWST,2.0.0,5893,jw05893012005_02101_00003_nrca4_cal.fits,117573120,266381594,PUBLIC,2,F200W
266380552,JWST,image,jw05893012005_02101_00004_nrcb1,exposure (L2b): 2D calibrated exposure average over integrations,S,mast:JWST/product/jw05893012005_02101_00004_nrcb1_cal.fits,SCIENCE,,CAL,,CALJWST,2.0.0,5893,jw05893012005_02101_00004_nrcb1_cal.fits,117573120,266381594,PUBLIC,2,F200W
266380554,JWST,image,jw05893012005_02101_00005_nrca2,exposure (L2b): 2D calibrated exposure average over integrations,S,mast:JWST/product/jw05893012005_02101_00005_nrca2_cal.fits,SCIENCE,,CAL,,CALJWST,2.0.0,5893,jw05893012005_02101_00005_nrca2_cal.fits,117570240,266381594,PUBLIC,2,F200W
266380555,JWST,image,jw05893012005_02101_00005_nrcb3,exposure (L2b): 2D calibrated exposure average over integrations,S,mast:JWST/product/jw05893012005_02101_00005_nrcb3_cal.fits,SCIENCE,,CAL,,CALJWST,2.0.0,5893,jw05893012005_02101_00005_nrcb3_cal.fits,117573120,266381594,PUBLIC,2,F200W
266380557,JWST,image,jw05893012005_02101_00005_nrcb4,exposure (L2b): 2D calibrated exposure average over integrations,S,mast:JWST/product/jw05893012005_02101_00005_nrcb4_cal.fits,SCIENCE,,CAL,,CALJWST,2.0.0,5893,jw05893012005_02101_00005_nrcb4_cal.fits,117573120,266381594,PUBLIC,2,F200W
266380559,JWST,image,jw05893012005_02101_00003_nrcb1,exposure (L2b): 2D calibrated exposure average over integrations,S,mast:JWST/product/jw05893012005_02101_00003_nrcb1_cal.fits,SCIENCE,,CAL,,CALJWST,2.0.0,5893,jw05893012005_02101_00003_nrcb1_cal.fits,117573120,266381594,PUBLIC,2,F200W
266380560,JWST,image,jw05893012005_02101_00005_nrca3,exposure (L2b): 2D calibrated exposure average over integrations,S,mast:JWST/product/jw05893012005_02101_00005_nrca3_cal.fits,SCIENCE,,CAL,,CALJWST,2.0.0,5893,jw05893012005_02101_00005_nrca3_cal.fits,117573120,266381594,PUBLIC,2,F200W
266380561,JWST,image,jw05893012005_02101_00004_nrca3,exposure (L2b): 2D calibrated exposure average over integrations,S,mast:JWST/product/jw05893012005_02101_00004_nrca3_cal.fits,SCIENCE,,CAL,,CALJWST,2.0.0,5893,jw05893012005_02101_00004_nrca3_cal.fits,117573120,266381594,PUBLIC,2,F200W
266380563,JWST,image,jw05893012005_02101_00002_nrca4,exposure (L2b): 2D calibrated exposure average over integrations,S,mast:JWST/product/jw05893012005_02101_00002_nrca4_cal.fits,SCIENCE,,CAL,,CALJWST,2.0.0,5893,jw05893012005_02101_00002_nrca4_cal.fits,117573120,266381594,PUBLIC,2,F200W
266380591,JWST,image,jw05893012005_02101_00006_nrcb2,exposure (L2b): 2D calibrated exposure average over integrations,S,mast:JWST/product/jw05893012005_02101_00006_nrcb2_cal.fits,SCIENCE,,CAL,,CALJWST,2.0.0,5893,jw05893012005_02101_00006_nrcb2_cal.fits,117573120,266381594,PUBLIC,2,F200W
266380593,JWST,image,jw05893012005_02101_00006_nrca3,exposure (L2b): 2D calibrated exposure average over integrations,S,mast:JWST/product/jw05893012005_02101_00006_nrca3_cal.fits,SCIENCE,,CAL,,CALJWST,2.0.0,5893,jw05893012005_02101_00006_nrca3_cal.fits,117573120,266381594,PUBLIC,2,F200W
266380601,JWST,image,jw05893012005_02101_00006_nrca4,exposure (L2b): 2D calibrated exposure average over integrations,S,mast:JWST/product/jw05893012005_02101_00006_nrca4_cal.fits,SCIENCE,,CAL,,CALJWST,2.0.0,5893,jw05893012005_02101_00006_nrca4_cal.fits,117573120,266381594,PUBLIC,2,F200W
266380602,JWST,image,jw05893012005_02101_00006_nrcb4,exposure (L2b): 2D calibrated exposure average over integrations,S,mast:JWST/product/jw05893012005_02101_00006_nrcb4_cal.fits,SCIENCE,,CAL,,CALJWST,2.0.0,5893,jw05893012005_02101_00006_nrcb4_cal.fits,117573120,266381594,PUBLIC,2,F200W
266380606,JWST,image,jw05893012005_02101_00006_nrcb3,exposure (L2b): 2D calibrated exposure average over integrations,S,mast:JWST/product/jw05893012005_02101_00006_nrcb3_cal.fits,SCIENCE,,CAL,,CALJWST,2.0.0,5893,jw05893012005_02101_00006_nrcb3_cal.fits,117573120,266381594,PUBLIC,2,F200W
266380613,JWST,image,jw05893012005_02101_00006_nrca1,exposure (L2b): 2D calibrated exposure average over integrations,S,mast:JWST/product/jw05893012005_02101_00006_nrca1_cal.fits,SCIENCE,,CAL,,CALJWST,2.0.0,5893,jw05893012005_02101_00006_nrca1_cal.fits,117570240,266381594,PUBLIC,2,F200W
266380617,JWST,image,jw05893012005_02101_00006_nrcb1,exposure (L2b): 2D calibrated exposure average over integrations,S,mast:JWST/product/jw05893012005_02101_00006_nrcb1_cal.fits,SCIENCE,,CAL,,CALJWST,2.0.0,5893,jw05893012005_02101_00006_nrcb1_cal.fits,117573120,266381594,PUBLIC,2,F200W
266380619,JWST,image,jw05893012005_02101_00006_nrca2,exposure (L2b): 2D calibrated exposure average over integrations,S,mast:JWST/product/jw05893012005_02101_00006_nrca2_cal.fits,SCIENCE,,CAL,,CALJWST,2.0.0,5893,jw05893012005_02101_00006_nrca2_cal.fits,117570240,266381594,PUBLIC,2,F200W
266380620,JWST,image,jw05893012005_02101_00005_nrca1,exposure (L2b): 2D calibrated exposure average over integrations,S,mast:JWST/product/jw05893012005_02101_00005_nrca1_cal.fits,SCIENCE,,CAL,,CALJWST,2.0.0,5893,jw05893012005_02101_00005_nrca1_cal.fits,117570240,266381594,PUBLIC,2,F200W
266380623,JWST,image,jw05893012007_02101_00001_nrca4,exposure (L2b): 2D calibrated exposure average over integrations,S,mast:JWST/product/jw05893012007_02101_00001_nrca4_cal.fits,SCIENCE,,CAL,,CALJWST,2.0.0,5893,jw05893012007_02101_00001_nrca4_cal.fits,117573120,266381594,PUBLIC,2,F200W
266380624,JWST,image,jw05893012007_02101_00001_nrcb4,exposure (L2b): 2D calibrated exposure average over integrations,S,mast:JWST/product/jw05893012007_02101_00001_nrcb4_cal.fits,SCIENCE,,CAL,,CALJWST,2.0.0,5893,jw05893012007_02101_00001_nrcb4_cal.fits,117573120,266381594,PUBLIC,2,F200W
266380625,JWST,image,jw05893012007_02101_00001_nrca3,exposure (L2b): 2D calibrated exposure average over integrations,S,mast:JWST/product/jw05893012007_02101_00001_nrca3_cal.fits,SCIENCE,,CAL,,CALJWST,2.0.0,5893,jw05893012007_02101_00001_nrca3_cal.fits,117573120,266381594,PUBLIC,2,F200W
266380630,JWST,image,jw05893012007_02101_00001_nrcb3,exposure (L2b): 2D calibrated exposure average over integrations,S,mast:JWST/product/jw05893012007_02101_00001_nrcb3_cal.fits,SCIENCE,,CAL,,CALJWST,2.0.0,5893,jw05893012007_02101_00001_nrcb3_cal.fits,117573120,266381594,PUBLIC,2,F200W
266380631,JWST,image,jw05893012007_02101_00001_nrca1,exposure (L2b): 2D calibrated exposure average over integrations,S,mast:JWST/product/jw05893012007_02101_00001_nrca1_cal.fits,SCIENCE,,CAL,,CALJWST,2.0.0,5893,jw05893012007_02101_00001_nrca1_cal.fits,117570240,266381594,PUBLIC,2,F200W
266380636,JWST,image,jw05893012007_02101_00003_nrcb4,exposure (L2b): 2D calibrated exposure average over integrations,S,mast:JWST/product/jw05893012007_02101_00003_nrcb4_cal.fits,SCIENCE,,CAL,,CALJWST,2.0.0,5893,jw05893012007_02101_00003_nrcb4_cal.fits,117573120,266381594,PUBLIC,2,F200W
266380637,JWST,image,jw05893012007_02101_00004_nrca3,exposure (L2b): 2D calibrated exposure average over integrations,S,mast:JWST/product/jw05893012007_02101_00004_nrca3_cal.fits,SCIENCE,,CAL,,CALJWST,2.0.0,5893,jw05893012007_02101_00004_nrca3_cal.fits,117573120,266381594,PUBLIC,2,F200W
266380638,JWST,image,jw05893012007_02101_00004_nrca1,exposure (L2b): 2D calibrated exposure average over integrations,S,mast:JWST/product/jw05893012007_02101_00004_nrca1_cal.fits,SCIENCE,,CAL,,CALJWST,2.0.0,5893,jw05893012007_02101_00004_nrca1_cal.fits,117570240,266381594,PUBLIC,2,F200W
266380639,JWST,image,jw05893012007_02101_00004_nrcb3,exposure (L2b): 2D calibrated exposure average over integrations,S,mast:JWST/product/jw05893012007_02101_00004_nrcb3_cal.fits,SCIENCE,,CAL,,CALJWST,2.0.0,5893,jw05893012007_02101_00004_nrcb3_cal.fits,117573120,266381594,PUBLIC,2,F200W
266380640,JWST,image,jw05893012007_02101_00002_nrcb2,exposure (L2b): 2D calibrated exposure average over integrations,S,mast:JWST/product/jw05893012007_02101_00002_nrcb2_cal.fits,SCIENCE,,CAL,,CALJWST,2.0.0,5893,jw05893012007_02101_00002_nrcb2_cal.fits,117573120,266381594,PUBLIC,2,F200W
266380641,JWST,image,jw05893012007_02101_00001_nrcb2,exposure (L2b): 2D calibrated exposure average over integrations,S,mast:JWST/product/jw05893012007_02101_00001_nrcb2_cal.fits,SCIENCE,,CAL,,CALJWST,2.0.0,5893,jw05893012007_02101_00001_nrcb2_cal.fits,117573120,266381594,PUBLIC,2,F200W
266380642,JWST,image,jw05893012007_02101_00003_nrca1,exposure (L2b): 2D calibrated exposure average over integrations,S,mast:JWST/product/jw05893012007_02101_00003_nrca1_cal.fits,SCIENCE,,CAL,,CALJWST,2.0.0,5893,jw05893012007_02101_00003_nrca1_cal.fits,117570240,266381594,PUBLIC,2,F200W
266380644,JWST,image,jw05893012007_02101_00002_nrca4,exposure (L2b): 2D calibrated exposure average over integrations,S,mast:JWST/product/jw05893012007_02101_00002_nrca4_cal.fits,SCIENCE,,CAL,,CALJWST,2.0.0,5893,jw05893012007_02101_00002_nrca4_cal.fits,117573120,266381594,PUBLIC,2,F200W
266380646,JWST,image,jw05893012007_02101_00002_nrca2,exposure (L2b): 2D calibrated exposure average over integrations,S,mast:JWST/product/jw05893012007_02101_00002_nrca2_cal.fits,SCIENCE,,CAL,,CALJWST,2.0.0,5893,jw05893012007_02101_00002_nrca2_cal.fits,117570240,266381594,PUBLIC,2,F200W
266380647,JWST,image,jw05893012007_02101_00004_nrca2,exposure (L2b): 2D calibrated exposure average over integrations,S,mast:JWST/product/jw05893012007_02101_00004_nrca2_cal.fits,SCIENCE,,CAL,,CALJWST,2.0.0,5893,jw05893012007_02101_00004_nrca2_cal.fits,117570240,266381594,PUBLIC,2,F200W
266380648,JWST,image,jw05893012007_02101_00003_nrca4,exposure (L2b): 2D calibrated exposure average over integrations,S,mast:JWST/product/jw05893012007_02101_00003_nrca4_cal.fits,SCIENCE,,CAL,,CALJWST,2.0.0,5893,jw05893012007_02101_00003_nrca4_cal.fits,117573120,266381594,PUBLIC,2,F200W
266380649,JWST,image,jw05893012007_02101_00002_nrcb1,exposure (L2b): 2D calibrated exposure average over integrations,S,mast:JWST/product/jw05893012007_02101_00002_nrcb1_cal.fits,SCIENCE,,CAL,,CALJWST,2.0.0,5893,jw05893012007_02101_00002_nrcb1_cal.fits,117573120,266381594,PUBLIC,2,F200W
266380650,JWST,image,jw05893012007_02101_00002_nrca3,exposure (L2b): 2D calibrated exposure average over integrations,S,mast:JWST/product/jw05893012007_02101_00002_nrca3_cal.fits,SCIENCE,,CAL,,CALJWST,2.0.0,5893,jw05893012007_02101_00002_nrca3_cal.fits,117573120,266381594,PUBLIC,2,F200W
266380652,JWST,image,jw05893012007_02101_00005_nrca4,exposure (L2b): 2D calibrated exposure average over integrations,S,mast:JWST/product/jw05893012007_02101_00005_nrca4_cal.fits,SCIENCE,,CAL,,CALJWST,2.0.0,5893,jw05893012007_02101_00005_nrca4_cal.fits,117573120,266381594,PUBLIC,2,F200W
266380653,JWST,image,jw05893012007_02101_00001_nrca2,exposure (L2b): 2D calibrated exposure average over integrations,S,mast:JWST/product/jw05893012007_02101_00001_nrca2_cal.fits,SCIENCE,,CAL,,CALJWST,2.0.0,5893,jw05893012007_02101_00001_nrca2_cal.fits,117570240,266381594,PUBLIC,2,F200W
266380654,JWST,image,jw05893012007_02101_00002_nrcb4,exposure (L2b): 2D calibrated exposure average over integrations,S,mast:JWST/product/jw05893012007_02101_00002_nrcb4_cal.fits,SCIENCE,,CAL,,CALJWST,2.0.0,5893,jw05893012007_02101_00002_nrcb4_cal.fits,117573120,266381594,PUBLIC,2,F200W
266380655,JWST,image,jw05893012007_02101_00003_nrcb1,exposure (L2b): 2D calibrated exposure average over integrations,S,mast:JWST/product/jw05893012007_02101_00003_nrcb1_cal.fits,SCIENCE,,CAL,,CALJWST,2.0.0,5893,jw05893012007_02101_00003_nrcb1_cal.fits,117573120,266381594,PUBLIC,2,F200W
266380656,JWST,image,jw05893012007_02101_00005_nrcb4,exposure (L2b): 2D calibrated exposure average over integrations,S,mast:JWST/product/jw05893012007_02101_00005_nrcb4_cal.fits,SCIENCE,,CAL,,CALJWST,2.0.0,5893,jw05893012007_02101_00005_nrcb4_cal.fits,117573120,266381594,PUBLIC,2,F200W
266380657,JWST,image,jw05893012007_02101_00005_nrcb3,exposure (L2b): 2D calibrated exposure average over integrations,S,mast:JWST/product/jw05893012007_02101_00005_nrcb3_cal.fits,SCIENCE,,CAL,,CALJWST,2.0.0,5893,jw05893012007_02101_00005_nrcb3_cal.fits,117573120,266381594,PUBLIC,2,F200W
266380661,JWST,image,jw05893012007_02101_00005_nrca1,exposure (L2b): 2D calibrated exposure average over integrations,S,mast:JWST/product/jw05893012007_02101_00005_nrca1_cal.fits,SCIENCE,,CAL,,CALJWST,2.0.0,5893,jw05893012007_02101_00005_nrca1_cal.fits,117570240,266381594,PUBLIC,2,F200W
266380662,JWST,image,jw05893012007_02101_00003_nrca3,exposure (L2b): 2D calibrated exposure average over integrations,S,mast:JWST/product/jw05893012007_02101_00003_nrca3_cal.fits,SCIENCE,,CAL,,CALJWST,2.0.0,5893,jw05893012007_02101_00003_nrca3_cal.fits,117573120,266381594,PUBLIC,2,F200W
266380663,JWST,image,jw05893012007_02101_00001_nrcb1,exposure (L2b): 2D calibrated exposure average over integrations,S,mast:JWST/product/jw05893012007_02101_00001_nrcb1_cal.fits,SCIENCE,,CAL,,CALJWST,2.0.0,5893,jw05893012007_02101_00001_nrcb1_cal.fits,117573120,266381594,PUBLIC,2,F200W
266380665,JWST,image,jw05893012007_02101_00003_nrcb3,exposure (L2b): 2D calibrated exposure average over integrations,S,mast:JWST/product/jw05893012007_02101_00003_nrcb3_cal.fits,SCIENCE,,CAL,,CALJWST,2.0.0,5893,jw05893012007_02101_00003_nrcb3_cal.fits,117573120,266381594,PUBLIC,2,F200W
266380666,JWST,image,jw05893012007_02101_00005_nrcb1,exposure (L2b): 2D calibrated exposure average over integrations,S,mast:JWST/product/jw05893012007_02101_00005_nrcb1_cal.fits,SCIENCE,,CAL,,CALJWST,2.0.0,5893,jw05893012007_02101_00005_nrcb1_cal.fits,117573120,266381594,PUBLIC,2,F200W
266380667,JWST,image,jw05893012007_02101_00004_nrcb4,exposure (L2b): 2D calibrated exposure average over integrations,S,mast:JWST/product/jw05893012007_02101_00004_nrcb4_cal.fits,SCIENCE,,CAL,,CALJWST,2.0.0,5893,jw05893012007_02101_00004_nrcb4_cal.fits,117573120,266381594,PUBLIC,2,F200W
266380668,JWST,image,jw05893012007_02101_00003_nrcb2,exposure (L2b): 2D calibrated exposure average over integrations,S,mast:JWST/product/jw05893012007_02101_00003_nrcb2_cal.fits,SCIENCE,,CAL,,CALJWST,2.0.0,5893,jw05893012007_02101_00003_nrcb2_cal.fits,117573120,266381594,PUBLIC,2,F200W
266380670,JWST,image,jw05893012007_02101_00002_nrcb3,exposure (L2b): 2D calibrated exposure average over integrations,S,mast:JWST/product/jw05893012007_02101_00002_nrcb3_cal.fits,SCIENCE,,CAL,,CALJWST,2.0.0,5893,jw05893012007_02101_00002_nrcb3_cal.fits,117573120,266381594,PUBLIC,2,F200W
266380672,JWST,image,jw05893012007_02101_00004_nrca4,exposure (L2b): 2D calibrated exposure average over integrations,S,mast:JWST/product/jw05893012007_02101_00004_nrca4_cal.fits,SCIENCE,,CAL,,CALJWST,2.0.0,5893,jw05893012007_02101_00004_nrca4_cal.fits,117573120,266381594,PUBLIC,2,F200W
266380675,JWST,image,jw05893012007_02101_00004_nrcb1,exposure (L2b): 2D calibrated exposure average over integrations,S,mast:JWST/product/jw05893012007_02101_00004_nrcb1_cal.fits,SCIENCE,,CAL,,CALJWST,2.0.0,5893,jw05893012007_02101_00004_nrcb1_cal.fits,117573120,266381594,PUBLIC,2,F200W
266380676,JWST,image,jw05893012007_02101_00002_nrca1,exposure (L2b): 2D calibrated exposure average over integrations,S,mast:JWST/product/jw05893012007_02101_00002_nrca1_cal.fits,SCIENCE,,CAL,,CALJWST,2.0.0,5893,jw05893012007_02101_00002_nrca1_cal.fits,117570240,266381594,PUBLIC,2,F200W
266380678,JWST,image,jw05893012007_02101_00005_nrcb2,exposure (L2b): 2D calibrated exposure average over integrations,S,mast:JWST/product/jw05893012007_02101_00005_nrcb2_cal.fits,SCIENCE,,CAL,,CALJWST,2.0.0,5893,jw05893012007_02101_00005_nrcb2_cal.fits,117573120,266381594,PUBLIC,2,F200W
266380680,JWST,image,jw05893012007_02101_00003_nrca2,exposure (L2b): 2D calibrated exposure average over integrations,S,mast:JWST/product/jw05893012007_02101_00003_nrca2_cal.fits,SCIENCE,,CAL,,CALJWST,2.0.0,5893,jw05893012007_02101_00003_nrca2_cal.fits,117570240,266381594,PUBLIC,2,F200W
266380681,JWST,image,jw05893012007_02101_00004_nrcb2,exposure (L2b): 2D calibrated exposure average over integrations,S,mast:JWST/product/jw05893012007_02101_00004_nrcb2_cal.fits,SCIENCE,,CAL,,CALJWST,2.0.0,5893,jw05893012007_02101_00004_nrcb2_cal.fits,117573120,266381594,PUBLIC,2,F200W
266380692,JWST,image,jw05893012007_02101_00006_nrcb1,exposure (L2b): 2D calibrated exposure average over integrations,S,mast:JWST/product/jw05893012007_02101_00006_nrcb1_cal.fits,SCIENCE,,CAL,,CALJWST,2.0.0,5893,jw05893012007_02101_00006_nrcb1_cal.fits,117573120,266381594,PUBLIC,2,F200W
266380696,JWST,image,jw05893012007_02101_00006_nrcb4,exposure (L2b): 2D calibrated exposure average over integrations,S,mast:JWST/product/jw05893012007_02101_00006_nrcb4_cal.fits,SCIENCE,,CAL,,CALJWST,2.0.0,5893,jw05893012007_02101_00006_nrcb4_cal.fits,117573120,266381594,PUBLIC,2,F200W
266380698,JWST,image,jw05893012007_02101_00006_nrcb3,exposure (L2b): 2D calibrated exposure average over integrations,S,mast:JWST/product/jw05893012007_02101_00006_nrcb3_cal.fits,SCIENCE,,CAL,,CALJWST,2.0.0,5893,jw05893012007_02101_00006_nrcb3_cal.fits,117573120,266381594,PUBLIC,2,F200W
266380701,JWST,image,jw05893012007_02101_00006_nrcb2,exposure (L2b): 2D calibrated exposure average over integrations,S,mast:JWST/product/jw05893012007_02101_00006_nrcb2_cal.fits,SCIENCE,,CAL,,CALJWST,2.0.0,5893,jw05893012007_02101_00006_nrcb2_cal.fits,117573120,266381594,PUBLIC,2,F200W
266380702,JWST,image,jw05893012007_02101_00005_nrca3,exposure (L2b): 2D calibrated exposure average over integrations,S,mast:JWST/product/jw05893012007_02101_00005_nrca3_cal.fits,SCIENCE,,CAL,,CALJWST,2.0.0,5893,jw05893012007_02101_00005_nrca3_cal.fits,117573120,266381594,PUBLIC,2,F200W
266380706,JWST,image,jw05893012007_02101_00006_nrca1,exposure (L2b): 2D calibrated exposure average over integrations,S,mast:JWST/product/jw05893012007_02101_00006_nrca1_cal.fits,SCIENCE,,CAL,,CALJWST,2.0.0,5893,jw05893012007_02101_00006_nrca1_cal.fits,117570240,266381594,PUBLIC,2,F200W
266380711,JWST,image,jw05893012007_02101_00006_nrca3,exposure (L2b): 2D calibrated exposure average over integrations,S,mast:JWST/product/jw05893012007_02101_00006_nrca3_cal.fits,SCIENCE,,CAL,,CALJWST,2.0.0,5893,jw05893012007_02101_00006_nrca3_cal.fits,117573120,266381594,PUBLIC,2,F200W
266380713,JWST,image,jw05893012007_02101_00005_nrca2,exposure (L2b): 2D calibrated exposure average over integrations,S,mast:JWST/product/jw05893012007_02101_00005_nrca2_cal.fits,SCIENCE,,CAL,,CALJWST,2.0.0,5893,jw05893012007_02101_00005_nrca2_cal.fits,117570240,266381594,PUBLIC,2,F200W
266380717,JWST,image,jw05893012007_02101_00006_nrca2,exposure (L2b): 2D calibrated exposure average over integrations,S,mast:JWST/product/jw05893012007_02101_00006_nrca2_cal.fits,SCIENCE,,CAL,,CALJWST,2.0.0,5893,jw05893012007_02101_00006_nrca2_cal.fits,117570240,266381594,PUBLIC,2,F200W
266380721,JWST,image,jw05893012007_02101_00006_nrca4,exposure (L2b): 2D calibrated exposure average over integrations,S,mast:JWST/product/jw05893012007_02101_00006_nrca4_cal.fits,SCIENCE,,CAL,,CALJWST,2.0.0,5893,jw05893012007_02101_00006_nrca4_cal.fits,117573120,266381594,PUBLIC,2,F200W
266380731,JWST,image,jw05893012008_02101_00001_nrcb1,exposure (L2b): 2D calibrated exposure average over integrations,S,mast:JWST/product/jw05893012008_02101_00001_nrcb1_cal.fits,SCIENCE,,CAL,,CALJWST,2.0.0,5893,jw05893012008_02101_00001_nrcb1_cal.fits,117573120,266381594,PUBLIC,2,F200W
266380733,JWST,image,jw05893012008_02101_00001_nrca3,exposure (L2b): 2D calibrated exposure average over integrations,S,mast:JWST/product/jw05893012008_02101_00001_nrca3_cal.fits,SCIENCE,,CAL,,CALJWST,2.0.0,5893,jw05893012008_02101_00001_nrca3_cal.fits,117573120,266381594,PUBLIC,2,F200W
266380734,JWST,image,jw05893012008_02101_00003_nrcb1,exposure (L2b): 2D calibrated exposure average over integrations,S,mast:JWST/product/jw05893012008_02101_00003_nrcb1_cal.fits,SCIENCE,,CAL,,CALJWST,2.0.0,5893,jw05893012008_02101_00003_nrcb1_cal.fits,117573120,266381594,PUBLIC,2,F200W
266380735,JWST,image,jw05893012008_02101_00001_nrcb2,exposure (L2b): 2D calibrated exposure average over integrations,S,mast:JWST/product/jw05893012008_02101_00001_nrcb2_cal.fits,SCIENCE,,CAL,,CALJWST,2.0.0,5893,jw05893012008_02101_00001_nrcb2_cal.fits,117573120,266381594,PUBLIC,2,F200W
266380736,JWST,image,jw05893012008_02101_00002_nrcb2,exposure (L2b): 2D calibrated exposure average over integrations,S,mast:JWST/product/jw05893012008_02101_00002_nrcb2_cal.fits,SCIENCE,,CAL,,CALJWST,2.0.0,5893,jw05893012008_02101_00002_nrcb2_cal.fits,117573120,266381594,PUBLIC,2,F200W
266380737,JWST,image,jw05893012008_02101_00001_nrca1,exposure (L2b): 2D calibrated exposure average over integrations,S,mast:JWST/product/jw05893012008_02101_00001_nrca1_cal.fits,SCIENCE,,CAL,,CALJWST,2.0.0,5893,jw05893012008_02101_00001_nrca1_cal.fits,117570240,266381594,PUBLIC,2,F200W
266380738,JWST,image,jw05893012008_02101_00002_nrca2,exposure (L2b): 2D calibrated exposure average over integrations,S,mast:JWST/product/jw05893012008_02101_00002_nrca2_cal.fits,SCIENCE,,CAL,,CALJWST,2.0.0,5893,jw05893012008_02101_00002_nrca2_cal.fits,117570240,266381594,PUBLIC,2,F200W
266380739,JWST,image,jw05893012008_02101_00003_nrca3,exposure (L2b): 2D calibrated exposure average over integrations,S,mast:JWST/product/jw05893012008_02101_00003_nrca3_cal.fits,SCIENCE,,CAL,,CALJWST,2.0.0,5893,jw05893012008_02101_00003_nrca3_cal.fits,117573120,266381594,PUBLIC,2,F200W
266380740,JWST,image,jw05893012008_02101_00003_nrcb2,exposure (L2b): 2D calibrated exposure average over integrations,S,mast:JWST/product/jw05893012008_02101_00003_nrcb2_cal.fits,SCIENCE,,CAL,,CALJWST,2.0.0,5893,jw05893012008_02101_00003_nrcb2_cal.fits,117573120,266381594,PUBLIC,2,F200W
266380741,JWST,image,jw05893012008_02101_00003_nrca4,exposure (L2b): 2D calibrated exposure average over integrations,S,mast:JWST/product/jw05893012008_02101_00003_nrca4_cal.fits,SCIENCE,,CAL,,CALJWST,2.0.0,5893,jw05893012008_02101_00003_nrca4_cal.fits,117573120,266381594,PUBLIC,2,F200W
266380742,JWST,image,jw05893012008_02101_00002_nrca3,exposure (L2b): 2D calibrated exposure average over integrations,S,mast:JWST/product/jw05893012008_02101_00002_nrca3_cal.fits,SCIENCE,,CAL,,CALJWST,2.0.0,5893,jw05893012008_02101_00002_nrca3_cal.fits,117573120,266381594,PUBLIC,2,F200W
266380743,JWST,image,jw05893012008_02101_00003_nrca1,exposure (L2b): 2D calibrated exposure average over integrations,S,mast:JWST/product/jw05893012008_02101_00003_nrca1_cal.fits,SCIENCE,,CAL,,CALJWST,2.0.0,5893,jw05893012008_02101_00003_nrca1_cal.fits,117570240,266381594,PUBLIC,2,F200W
266380744,JWST,image,jw05893012008_02101_00003_nrca2,exposure (L2b): 2D calibrated exposure average over integrations,S,mast:JWST/product/jw05893012008_02101_00003_nrca2_cal.fits,SCIENCE,,CAL,,CALJWST,2.0.0,5893,jw05893012008_02101_00003_nrca2_cal.fits,117570240,266381594,PUBLIC,2,F200W
266380745,JWST,image,jw05893012008_02101_00002_nrcb1,exposure (L2b): 2D calibrated exposure average over integrations,S,mast:JWST/product/jw05893012008_02101_00002_nrcb1_cal.fits,SCIENCE,,CAL,,CALJWST,2.0.0,5893,jw05893012008_02101_00002_nrcb1_cal.fits,117573120,266381594,PUBLIC,2,F200W
266380747,JWST,image,jw05893012008_02101_00002_nrca4,exposure (L2b): 2D calibrated exposure average over integrations,S,mast:JWST/product/jw05893012008_02101_00002_nrca4_cal.fits,SCIENCE,,CAL,,CALJWST,2.0.0,5893,jw05893012008_02101_00002_nrca4_cal.fits,117573120,266381594,PUBLIC,2,F200W
266380748,JWST,image,jw05893012008_02101_00001_nrca2,exposure (L2b): 2D calibrated exposure average over integrations,S,mast:JWST/product/jw05893012008_02101_00001_nrca2_cal.fits,SCIENCE,,CAL,,CALJWST,2.0.0,5893,jw05893012008_02101_00001_nrca2_cal.fits,117570240,266381594,PUBLIC,2,F200W
266380749,JWST,image,jw05893012008_02101_00002_nrca1,exposure (L2b): 2D calibrated exposure average over integrations,S,mast:JWST/product/jw05893012008_02101_00002_nrca1_cal.fits,SCIENCE,,CAL,,CALJWST,2.0.0,5893,jw05893012008_02101_00002_nrca1_cal.fits,117570240,266381594,PUBLIC,2,F200W
266380751,JWST,image,jw05893012008_02101_00001_nrca4,exposure (L2b): 2D calibrated exposure average over integrations,S,mast:JWST/product/jw05893012008_02101_00001_nrca4_cal.fits,SCIENCE,,CAL,,CALJWST,2.0.0,5893,jw05893012008_02101_00001_nrca4_cal.fits,117573120,266381594,PUBLIC,2,F200W
266380823,JWST,image,jw05893012008_02101_00004_nrcb3,exposure (L2b): 2D calibrated exposure average over integrations,S,mast:JWST/product/jw05893012008_02101_00004_nrcb3_cal.fits,SCIENCE,,CAL,,CALJWST,2.0.0,5893,jw05893012008_02101_00004_nrcb3_cal.fits,117573120,266381594,PUBLIC,2,F200W
266380824,JWST,image,jw05893012008_02101_00004_nrcb1,exposure (L2b): 2D calibrated exposure average over integrations,S,mast:JWST/product/jw05893012008_02101_00004_nrcb1_cal.fits,SCIENCE,,CAL,,CALJWST,2.0.0,5893,jw05893012008_02101_00004_nrcb1_cal.fits,117573120,266381594,PUBLIC,2,F200W
266380828,JWST,image,jw05893012008_02101_00004_nrcb4,exposure (L2b): 2D calibrated exposure average over integrations,S,mast:JWST/product/jw05893012008_02101_00004_nrcb4_cal.fits,SCIENCE,,CAL,,CALJWST,2.0.0,5893,jw05893012008_02101_00004_nrcb4_cal.fits,117573120,266381594,PUBLIC,2,F200W
266380829,JWST,image,jw05893012008_02101_00001_nrcb3,exposure (L2b): 2D calibrated exposure average over integrations,S,mast:JWST/product/jw05893012008_02101_00001_nrcb3_cal.fits,SCIENCE,,CAL,,CALJWST,2.0.0,5893,jw05893012008_02101_00001_nrcb3_cal.fits,117573120,266381594,PUBLIC,2,F200W
266380830,JWST,image,jw05893012008_02101_00002_nrcb3,exposure (L2b): 2D calibrated exposure average over integrations,S,mast:JWST/product/jw05893012008_02101_00002_nrcb3_cal.fits,SCIENCE,,CAL,,CALJWST,2.0.0,5893,jw05893012008_02101_00002_nrcb3_cal.fits,117573120,266381594,PUBLIC,2,F200W
266380832,JWST,image,jw05893012008_02101_00003_nrcb4,exposure (L2b): 2D calibrated exposure average over integrations,S,mast:JWST/product/jw05893012008_02101_00003_nrcb4_cal.fits,SCIENCE,,CAL,,CALJWST,2.0.0,5893,jw05893012008_02101_00003_nrcb4_cal.fits,117573120,266381594,PUBLIC,2,F200W
266380833,JWST,image,jw05893012008_02101_00001_nrcb4,exposure (L2b): 2D calibrated exposure average over integrations,S,mast:JWST/product/jw05893012008_02101_00001_nrcb4_cal.fits,SCIENCE,,CAL,,CALJWST,2.0.0,5893,jw05893012008_02101_00001_nrcb4_cal.fits,117573120,266381594,PUBLIC,2,F200W
266380836,JWST,image,jw05893012008_02101_00002_nrcb4,exposure (L2b): 2D calibrated exposure average over integrations,S,mast:JWST/product/jw05893012008_02101_00002_nrcb4_cal.fits,SCIENCE,,CAL,,CALJWST,2.0.0,5893,jw05893012008_02101_00002_nrcb4_cal.fits,117573120,266381594,PUBLIC,2,F200W
266380837,JWST,image,jw05893012008_02101_00004_nrca3,exposure (L2b): 2D calibrated exposure average over integrations,S,mast:JWST/product/jw05893012008_02101_00004_nrca3_cal.fits,SCIENCE,,CAL,,CALJWST,2.0.0,5893,jw05893012008_02101_00004_nrca3_cal.fits,117573120,266381594,PUBLIC,2,F200W
266380839,JWST,image,jw05893012008_02101_00004_nrcb2,exposure (L2b): 2D calibrated exposure average over integrations,S,mast:JWST/product/jw05893012008_02101_00004_nrcb2_cal.fits,SCIENCE,,CAL,,CALJWST,2.0.0,5893,jw05893012008_02101_00004_nrcb2_cal.fits,117573120,266381594,PUBLIC,2,F200W
266380840,JWST,image,jw05893012008_02101_00003_nrcb3,exposure (L2b): 2D calibrated exposure average over integrations,S,mast:JWST/product/jw05893012008_02101_00003_nrcb3_cal.fits,SCIENCE,,CAL,,CALJWST,2.0.0,5893,jw05893012008_02101_00003_nrcb3_cal.fits,117573120,266381594,PUBLIC,2,F200W
266380848,JWST,image,jw05893012008_02101_00005_nrca1,exposure (L2b): 2D calibrated exposure average over integrations,S,mast:JWST/product/jw05893012008_02101_00005_nrca1_cal.fits,SCIENCE,,CAL,,CALJWST,2.0.0,5893,jw05893012008_02101_00005_nrca1_cal.fits,117570240,266381594,PUBLIC,2,F200W
266380849,JWST,image,jw05893012008_02101_00006_nrca4,exposure (L2b): 2D calibrated exposure average over integrations,S,mast:JWST/product/jw05893012008_02101_00006_nrca4_cal.fits,SCIENCE,,CAL,,CALJWST,2.0.0,5893,jw05893012008_02101_00006_nrca4_cal.fits,117573120,266381594,PUBLIC,2,F200W
266380850,JWST,image,jw05893012008_02101_00005_nrca2,exposure (L2b): 2D calibrated exposure average over integrations,S,mast:JWST/product/jw05893012008_02101_00005_nrca2_cal.fits,SCIENCE,,CAL,,CALJWST,2.0.0,5893,jw05893012008_02101_00005_nrca2_cal.fits,117570240,266381594,PUBLIC,2,F200W
266380857,JWST,image,jw05893012008_02101_00006_nrca3,exposure (L2b): 2D calibrated exposure average over integrations,S,mast:JWST/product/jw05893012008_02101_00006_nrca3_cal.fits,SCIENCE,,CAL,,CALJWST,2.0.0,5893,jw05893012008_02101_00006_nrca3_cal.fits,117573120,266381594,PUBLIC,2,F200W
266380858,JWST,image,jw05893012008_02101_00006_nrca2,exposure (L2b): 2D calibrated exposure average over integrations,S,mast:JWST/product/jw05893012008_02101_00006_nrca2_cal.fits,SCIENCE,,CAL,,CALJWST,2.0.0,5893,jw05893012008_02101_00006_nrca2_cal.fits,117570240,266381594,PUBLIC,2,F200W
266380859,JWST,image,jw05893012008_02101_00005_nrcb1,exposure (L2b): 2D calibrated exposure average over integrations,S,mast:JWST/product/jw05893012008_02101_00005_nrcb1_cal.fits,SCIENCE,,CAL,,CALJWST,2.0.0,5893,jw05893012008_02101_00005_nrcb1_cal.fits,117573120,266381594,PUBLIC,2,F200W
266380871,JWST,image,jw05893012008_02101_00004_nrca1,exposure (L2b): 2D calibrated exposure average over integrations,S,mast:JWST/product/jw05893012008_02101_00004_nrca1_cal.fits,SCIENCE,,CAL,,CALJWST,2.0.0,5893,jw05893012008_02101_00004_nrca1_cal.fits,117570240,266381594,PUBLIC,2,F200W
266380872,JWST,image,jw05893012008_02101_00005_nrcb3,exposure (L2b): 2D calibrated exposure average over integrations,S,mast:JWST/product/jw05893012008_02101_00005_nrcb3_cal.fits,SCIENCE,,CAL,,CALJWST,2.0.0,5893,jw05893012008_02101_00005_nrcb3_cal.fits,117573120,266381594,PUBLIC,2,F200W
266380873,JWST,image,jw05893012008_02101_00006_nrcb3,exposure (L2b): 2D calibrated exposure average over integrations,S,mast:JWST/product/jw05893012008_02101_00006_nrcb3_cal.fits,SCIENCE,,CAL,,CALJWST,2.0.0,5893,jw05893012008_02101_00006_nrcb3_cal.fits,117573120,266381594,PUBLIC,2,F200W
266380874,JWST,image,jw05893012008_02101_00006_nrca1,exposure (L2b): 2D calibrated exposure average over integrations,S,mast:JWST/product/jw05893012008_02101_00006_nrca1_cal.fits,SCIENCE,,CAL,,CALJWST,2.0.0,5893,jw05893012008_02101_00006_nrca1_cal.fits,117570240,266381594,PUBLIC,2,F200W
266380876,JWST,image,jw05893012008_02101_00004_nrca2,exposure (L2b): 2D calibrated exposure average over integrations,S,mast:JWST/product/jw05893012008_02101_00004_nrca2_cal.fits,SCIENCE,,CAL,,CALJWST,2.0.0,5893,jw05893012008_02101_00004_nrca2_cal.fits,117570240,266381594,PUBLIC,2,F200W
266380879,JWST,image,jw05893012008_02101_00004_nrca4,exposure (L2b): 2D calibrated exposure average over integrations,S,mast:JWST/product/jw05893012008_02101_00004_nrca4_cal.fits,SCIENCE,,CAL,,CALJWST,2.0.0,5893,jw05893012008_02101_00004_nrca4_cal.fits,117573120,266381594,PUBLIC,2,F200W
266380881,JWST,image,jw05893012008_02101_00006_nrcb4,exposure (L2b): 2D calibrated exposure average over integrations,S,mast:JWST/product/jw05893012008_02101_00006_nrcb4_cal.fits,SCIENCE,,CAL,,CALJWST,2.0.0,5893,jw05893012008_02101_00006_nrcb4_cal.fits,117573120,266381594,PUBLIC,2,F200W
266380882,JWST,image,jw05893012008_02101_00006_nrcb2,exposure (L2b): 2D calibrated exposure average over integrations,S,mast:JWST/product/jw05893012008_02101_00006_nrcb2_cal.fits,SCIENCE,,CAL,,CALJWST,2.0.0,5893,jw05893012008_02101_00006_nrcb2_cal.fits,117573120,266381594,PUBLIC,2,F200W
266380886,JWST,image,jw05893012008_02101_00005_nrca3,exposure (L2b): 2D calibrated exposure average over integrations,S,mast:JWST/product/jw05893012008_02101_00005_nrca3_cal.fits,SCIENCE,,CAL,,CALJWST,2.0.0,5893,jw05893012008_02101_00005_nrca3_cal.fits,117573120,266381594,PUBLIC,2,F200W
266380888,JWST,image,jw05893012008_02101_00005_nrca4,exposure (L2b): 2D calibrated exposure average over integrations,S,mast:JWST/product/jw05893012008_02101_00005_nrca4_cal.fits,SCIENCE,,CAL,,CALJWST,2.0.0,5893,jw05893012008_02101_00005_nrca4_cal.fits,117573120,266381594,PUBLIC,2,F200W
266380889,JWST,image,jw05893012008_02101_00005_nrcb2,exposure (L2b): 2D calibrated exposure average over integrations,S,mast:JWST/product/jw05893012008_02101_00005_nrcb2_cal.fits,SCIENCE,,CAL,,CALJWST,2.0.0,5893,jw05893012008_02101_00005_nrcb2_cal.fits,117573120,266381594,PUBLIC,2,F200W
266380890,JWST,image,jw05893012008_02101_00006_nrcb1,exposure (L2b): 2D calibrated exposure average over integrations,S,mast:JWST/product/jw05893012008_02101_00006_nrcb1_cal.fits,SCIENCE,,CAL,,CALJWST,2.0.0,5893,jw05893012008_02101_00006_nrcb1_cal.fits,117573120,266381594,PUBLIC,2,F200W
266380891,JWST,image,jw05893012008_02101_00005_nrcb4,exposure (L2b): 2D calibrated exposure average over integrations,S,mast:JWST/product/jw05893012008_02101_00005_nrcb4_cal.fits,SCIENCE,,CAL,,CALJWST,2.0.0,5893,jw05893012008_02101_00005_nrcb4_cal.fits,117573120,266381594,PUBLIC,2,F200W
266448665,JWST,image,jw05893016001_02101_00006_nrca1,exposure (L2b): 2D calibrated exposure average over integrations,S,mast:JWST/product/jw05893016001_02101_00006_nrca1_cal.fits,SCIENCE,,CAL,,CALJWST,2.0.0,5893,jw05893016001_02101_00006_nrca1_cal.fits,117570240,266453987,PUBLIC,2,F200W
266448666,JWST,image,jw05893016001_02101_00006_nrca3,exposure (L2b): 2D calibrated exposure average over integrations,S,mast:JWST/product/jw05893016001_02101_00006_nrca3_cal.fits,SCIENCE,,CAL,,CALJWST,2.0.0,5893,jw05893016001_02101_00006_nrca3_cal.fits,117573120,266453987,PUBLIC,2,F200W
266448668,JWST,image,jw05893016001_02101_00002_nrca1,exposure (L2b): 2D calibrated exposure average over integrations,S,mast:JWST/product/jw05893016001_02101_00002_nrca1_cal.fits,SCIENCE,,CAL,,CALJWST,2.0.0,5893,jw05893016001_02101_00002_nrca1_cal.fits,117570240,266453987,PUBLIC,2,F200W
266448669,JWST,image,jw05893016001_02101_00005_nrca1,exposure (L2b): 2D calibrated exposure average over integrations,S,mast:JWST/product/jw05893016001_02101_00005_nrca1_cal.fits,SCIENCE,,CAL,,CALJWST,2.0.0,5893,jw05893016001_02101_00005_nrca1_cal.fits,117570240,266453987,PUBLIC,2,F200W
266448671,JWST,image,jw05893016001_02101_00001_nrca2,exposure (L2b): 2D calibrated exposure average over integrations,S,mast:JWST/product/jw05893016001_02101_00001_nrca2_cal.fits,SCIENCE,,CAL,,CALJWST,2.0.0,5893,jw05893016001_02101_00001_nrca2_cal.fits,117570240,266453987,PUBLIC,2,F200W
266448672,JWST,image,jw05893016001_02101_00003_nrca4,exposure (L2b): 2D calibrated exposure average over integrations,S,mast:JWST/product/jw05893016001_02101_00003_nrca4_cal.fits,SCIENCE,,CAL,,CALJWST,2.0.0,5893,jw05893016001_02101_00003_nrca4_cal.fits,117573120,266453987,PUBLIC,2,F200W
266448674,JWST,image,jw05893016001_02101_00003_nrca3,exposure (L2b): 2D calibrated exposure average over integrations,S,mast:JWST/product/jw05893016001_02101_00003_nrca3_cal.fits,SCIENCE,,CAL,,CALJWST,2.0.0,5893,jw05893016001_02101_00003_nrca3_cal.fits,117573120,266453987,PUBLIC,2,F200W
266448675,JWST,image,jw05893016001_02101_00005_nrcb1,exposure (L2b): 2D calibrated exposure average over integrations,S,mast:JWST/product/jw05893016001_02101_00005_nrcb1_cal.fits,SCIENCE,,CAL,,CALJWST,2.0.0,5893,jw05893016001_02101_00005_nrcb1_cal.fits,117573120,266453987,PUBLIC,2,F200W
266448676,JWST,image,jw05893016001_02101_00001_nrca1,exposure (L2b): 2D calibrated exposure average over integrations,S,mast:JWST/product/jw05893016001_02101_00001_nrca1_cal.fits,SCIENCE,,CAL,,CALJWST,2.0.0,5893,jw05893016001_02101_00001_nrca1_cal.fits,117570240,266453987,PUBLIC,2,F200W
266448677,JWST,image,jw05893016001_02101_00001_nrca4,exposure (L2b): 2D calibrated exposure average over integrations,S,mast:JWST/product/jw05893016001_02101_00001_nrca4_cal.fits,SCIENCE,,CAL,,CALJWST,2.0.0,5893,jw05893016001_02101_00001_nrca4_cal.fits,117573120,266453987,PUBLIC,2,F200W
266448678,JWST,image,jw05893016001_02101_00004_nrca1,exposure (L2b): 2D calibrated exposure average over integrations,S,mast:JWST/product/jw05893016001_02101_00004_nrca1_cal.fits,SCIENCE,,CAL,,CALJWST,2.0.0,5893,jw05893016001_02101_00004_nrca1_cal.fits,117570240,266453987,PUBLIC,2,F200W
266448679,JWST,image,jw05893016001_02101_00001_nrca3,exposure (L2b): 2D calibrated exposure average over integrations,S,mast:JWST/product/jw05893016001_02101_00001_nrca3_cal.fits,SCIENCE,,CAL,,CALJWST,2.0.0,5893,jw05893016001_02101_00001_nrca3_cal.fits,117573120,266453987,PUBLIC,2,F200W
266448681,JWST,image,jw05893016001_02101_00003_nrca1,exposure (L2b): 2D calibrated exposure average over integrations,S,mast:JWST/product/jw05893016001_02101_00003_nrca1_cal.fits,SCIENCE,,CAL,,CALJWST,2.0.0,5893,jw05893016001_02101_00003_nrca1_cal.fits,117570240,266453987,PUBLIC,2,F200W
266448682,JWST,image,jw05893016001_02101_00005_nrca4,exposure (L2b): 2D calibrated exposure average over integrations,S,mast:JWST/product/jw05893016001_02101_00005_nrca4_cal.fits,SCIENCE,,CAL,,CALJWST,2.0.0,5893,jw05893016001_02101_00005_nrca4_cal.fits,117573120,266453987,PUBLIC,2,F200W
266448683,JWST,image,jw05893016001_02101_00002_nrca3,exposure (L2b): 2D calibrated exposure average over integrations,S,mast:JWST/product/jw05893016001_02101_00002_nrca3_cal.fits,SCIENCE,,CAL,,CALJWST,2.0.0,5893,jw05893016001_02101_00002_nrca3_cal.fits,117573120,266453987,PUBLIC,2,F200W
266448684,JWST,image,jw05893016001_02101_00002_nrca4,exposure (L2b): 2D calibrated exposure average over integrations,S,mast:JWST/product/jw05893016001_02101_00002_nrca4_cal.fits,SCIENCE,,CAL,,CALJWST,2.0.0,5893,jw05893016001_02101_00002_nrca4_cal.fits,117573120,266453987,PUBLIC,2,F200W
266448685,JWST,image,jw05893016001_02101_00004_nrca2,exposure (L2b): 2D calibrated exposure average over integrations,S,mast:JWST/product/jw05893016001_02101_00004_nrca2_cal.fits,SCIENCE,,CAL,,CALJWST,2.0.0,5893,jw05893016001_02101_00004_nrca2_cal.fits,117570240,266453987,PUBLIC,2,F200W
266448686,JWST,image,jw05893016001_02101_00006_nrca4,exposure (L2b): 2D calibrated exposure average over integrations,S,mast:JWST/product/jw05893016001_02101_00006_nrca4_cal.fits,SCIENCE,,CAL,,CALJWST,2.0.0,5893,jw05893016001_02101_00006_nrca4_cal.fits,117573120,266453987,PUBLIC,2,F200W
266448687,JWST,image,jw05893016001_02101_00003_nrca2,exposure (L2b): 2D calibrated exposure average over integrations,S,mast:JWST/product/jw05893016001_02101_00003_nrca2_cal.fits,SCIENCE,,CAL,,CALJWST,2.0.0,5893,jw05893016001_02101_00003_nrca2_cal.fits,117570240,266453987,PUBLIC,2,F200W
266448688,JWST,image,jw05893016001_02101_00006_nrca2,exposure (L2b): 2D calibrated exposure average over integrations,S,mast:JWST/product/jw05893016001_02101_00006_nrca2_cal.fits,SCIENCE,,CAL,,CALJWST,2.0.0,5893,jw05893016001_02101_00006_nrca2_cal.fits,117570240,266453987,PUBLIC,2,F200W
266448689,JWST,image,jw05893016001_02101_00004_nrca3,exposure (L2b): 2D calibrated exposure average over integrations,S,mast:JWST/product/jw05893016001_02101_00004_nrca3_cal.fits,SCIENCE,,CAL,,CALJWST,2.0.0,5893,jw05893016001_02101_00004_nrca3_cal.fits,117573120,266453987,PUBLIC,2,F200W
266448690,JWST,image,jw05893016001_02101_00002_nrca2,exposure (L2b): 2D calibrated exposure average over integrations,S,mast:JWST/product/jw05893016001_02101_00002_nrca2_cal.fits,SCIENCE,,CAL,,CALJWST,2.0.0,5893,jw05893016001_02101_00002_nrca2_cal.fits,117570240,266453987,PUBLIC,2,F200W
266449283,JWST,image,jw05893016005_02101_00004_nrca1,exposure (L2b): 2D calibrated exposure average over integrations,S,mast:JWST/product/jw05893016005_02101_00004_nrca1_cal.fits,SCIENCE,,CAL,,CALJWST,2.0.0,5893,jw05893016005_02101_00004_nrca1_cal.fits,117570240,266453987,PUBLIC,2,F200W
266449284,JWST,image,jw05893016005_02101_00003_nrcb3,exposure (L2b): 2D calibrated exposure average over integrations,S,mast:JWST/product/jw05893016005_02101_00003_nrcb3_cal.fits,SCIENCE,,CAL,,CALJWST,2.0.0,5893,jw05893016005_02101_00003_nrcb3_cal.fits,117573120,266453987,PUBLIC,2,F200W
266449286,JWST,image,jw05893016005_02101_00003_nrca4,exposure (L2b): 2D calibrated exposure average over integrations,S,mast:JWST/product/jw05893016005_02101_00003_nrca4_cal.fits,SCIENCE,,CAL,,CALJWST,2.0.0,5893,jw05893016005_02101_00003_nrca4_cal.fits,117573120,266453987,PUBLIC,2,F200W
266449291,JWST,image,jw05893016005_02101_00002_nrca1,exposure (L2b): 2D calibrated exposure average over integrations,S,mast:JWST/product/jw05893016005_02101_00002_nrca1_cal.fits,SCIENCE,,CAL,,CALJWST,2.0.0,5893,jw05893016005_02101_00002_nrca1_cal.fits,117570240,266453987,PUBLIC,2,F200W
266449292,JWST,image,jw05893016005_02101_00001_nrca1,exposure (L2b): 2D calibrated exposure average over integrations,S,mast:JWST/product/jw05893016005_02101_00001_nrca1_cal.fits,SCIENCE,,CAL,,CALJWST,2.0.0,5893,jw05893016005_02101_00001_nrca1_cal.fits,117570240,266453987,PUBLIC,2,F200W
266449294,JWST,image,jw05893016005_02101_00001_nrcb2,exposure (L2b): 2D calibrated exposure average over integrations,S,mast:JWST/product/jw05893016005_02101_00001_nrcb2_cal.fits,SCIENCE,,CAL,,CALJWST,2.0.0,5893,jw05893016005_02101_00001_nrcb2_cal.fits,117573120,266453987,PUBLIC,2,F200W
266449295,JWST,image,jw05893016005_02101_00003_nrcb2,exposure (L2b): 2D calibrated exposure average over integrations,S,mast:JWST/product/jw05893016005_02101_00003_nrcb2_cal.fits,SCIENCE,,CAL,,CALJWST,2.0.0,5893,jw05893016005_02101_00003_nrcb2_cal.fits,117573120,266453987,PUBLIC,2,F200W
266449296,JWST,image,jw05893016005_02101_00004_nrcb4,exposure (L2b): 2D calibrated exposure average over integrations,S,mast:JWST/product/jw05893016005_02101_00004_nrcb4_cal.fits,SCIENCE,,CAL,,CALJWST,2.0.0,5893,jw05893016005_02101_00004_nrcb4_cal.fits,117573120,266453987,PUBLIC,2,F200W
266449297,JWST,image,jw05893016005_02101_00004_nrcb3,exposure (L2b): 2D calibrated exposure average over integrations,S,mast:JWST/product/jw05893016005_02101_00004_nrcb3_cal.fits,SCIENCE,,CAL,,CALJWST,2.0.0,5893,jw05893016005_02101_00004_nrcb3_cal.fits,117573120,266453987,PUBLIC,2,F200W
266449298,JWST,image,jw05893016005_02101_00002_nrcb4,exposure (L2b): 2D calibrated exposure average over integrations,S,mast:JWST/product/jw05893016005_02101_00002_nrcb4_cal.fits,SCIENCE,,CAL,,CALJWST,2.0.0,5893,jw05893016005_02101_00002_nrcb4_cal.fits,117573120,266453987,PUBLIC,2,F200W
266449299,JWST,image,jw05893016005_02101_00003_nrca1,exposure (L2b): 2D calibrated exposure average over integrations,S,mast:JWST/product/jw05893016005_02101_00003_nrca1_cal.fits,SCIENCE,,CAL,,CALJWST,2.0.0,5893,jw05893016005_02101_00003_nrca1_cal.fits,117570240,266453987,PUBLIC,2,F200W
266449300,JWST,image,jw05893016005_02101_00002_nrcb3,exposure (L2b): 2D calibrated exposure average over integrations,S,mast:JWST/product/jw05893016005_02101_00002_nrcb3_cal.fits,SCIENCE,,CAL,,CALJWST,2.0.0,5893,jw05893016005_02101_00002_nrcb3_cal.fits,117573120,266453987,PUBLIC,2,F200W
266449301,JWST,image,jw05893016005_02101_00001_nrcb1,exposure (L2b): 2D calibrated exposure average over integrations,S,mast:JWST/product/jw05893016005_02101_00001_nrcb1_cal.fits,SCIENCE,,CAL,,CALJWST,2.0.0,5893,jw05893016005_02101_00001_nrcb1_cal.fits,117573120,266453987,PUBLIC,2,F200W
266449302,JWST,image,jw05893016005_02101_00001_nrca4,exposure (L2b): 2D calibrated exposure average over integrations,S,mast:JWST/product/jw05893016005_02101_00001_nrca4_cal.fits,SCIENCE,,CAL,,CALJWST,2.0.0,5893,jw05893016005_02101_00001_nrca4_cal.fits,117573120,266453987,PUBLIC,2,F200W
266449304,JWST,image,jw05893016005_02101_00003_nrcb1,exposure (L2b): 2D calibrated exposure average over integrations,S,mast:JWST/product/jw05893016005_02101_00003_nrcb1_cal.fits,SCIENCE,,CAL,,CALJWST,2.0.0,5893,jw05893016005_02101_00003_nrcb1_cal.fits,117573120,266453987,PUBLIC,2,F200W
266449305,JWST,image,jw05893016005_02101_00003_nrca3,exposure (L2b): 2D calibrated exposure average over integrations,S,mast:JWST/product/jw05893016005_02101_00003_nrca3_cal.fits,SCIENCE,,CAL,,CALJWST,2.0.0,5893,jw05893016005_02101_00003_nrca3_cal.fits,117573120,266453987,PUBLIC,2,F200W
266449306,JWST,image,jw05893016005_02101_00001_nrca2,exposure (L2b): 2D calibrated exposure average over integrations,S,mast:JWST/product/jw05893016005_02101_00001_nrca2_cal.fits,SCIENCE,,CAL,,CALJWST,2.0.0,5893,jw05893016005_02101_00001_nrca2_cal.fits,117570240,266453987,PUBLIC,2,F200W
266449307,JWST,image,jw05893016005_02101_00003_nrca2,exposure (L2b): 2D calibrated exposure average over integrations,S,mast:JWST/product/jw05893016005_02101_00003_nrca2_cal.fits,SCIENCE,,CAL,,CALJWST,2.0.0,5893,jw05893016005_02101_00003_nrca2_cal.fits,117570240,266453987,PUBLIC,2,F200W
266449308,JWST,image,jw05893016005_02101_00001_nrcb4,exposure (L2b): 2D calibrated exposure average over integrations,S,mast:JWST/product/jw05893016005_02101_00001_nrcb4_cal.fits,SCIENCE,,CAL,,CALJWST,2.0.0,5893,jw05893016005_02101_00001_nrcb4_cal.fits,117573120,266453987,PUBLIC,2,F200W
266449310,JWST,image,jw05893016005_02101_00003_nrcb4,exposure (L2b): 2D calibrated exposure average over integrations,S,mast:JWST/product/jw05893016005_02101_00003_nrcb4_cal.fits,SCIENCE,,CAL,,CALJWST,2.0.0,5893,jw05893016005_02101_00003_nrcb4_cal.fits,117573120,266453987,PUBLIC,2,F200W
266449311,JWST,image,jw05893016005_02101_00002_nrca2,exposure (L2b): 2D calibrated exposure average over integrations,S,mast:JWST/product/jw05893016005_02101_00002_nrca2_cal.fits,SCIENCE,,CAL,,CALJWST,2.0.0,5893,jw05893016005_02101_00002_nrca2_cal.fits,117570240,266453987,PUBLIC,2,F200W
266449453,JWST,image,jw05893016001_02101_00002_nrcb4,exposure (L2b): 2D calibrated exposure average over integrations,S,mast:JWST/product/jw05893016001_02101_00002_nrcb4_cal.fits,SCIENCE,,CAL,,CALJWST,2.0.0,5893,jw05893016001_02101_00002_nrcb4_cal.fits,117573120,266453987,PUBLIC,2,F200W
266449456,JWST,image,jw05893016001_02101_00004_nrcb2,exposure (L2b): 2D calibrated exposure average over integrations,S,mast:JWST/product/jw05893016001_02101_00004_nrcb2_cal.fits,SCIENCE,,CAL,,CALJWST,2.0.0,5893,jw05893016001_02101_00004_nrcb2_cal.fits,117573120,266453987,PUBLIC,2,F200W
266449458,JWST,image,jw05893016001_02101_00001_nrcb4,exposure (L2b): 2D calibrated exposure average over integrations,S,mast:JWST/product/jw05893016001_02101_00001_nrcb4_cal.fits,SCIENCE,,CAL,,CALJWST,2.0.0,5893,jw05893016001_02101_00001_nrcb4_cal.fits,117573120,266453987,PUBLIC,2,F200W
266449462,JWST,image,jw05893016001_02101_00003_nrcb1,exposure (L2b): 2D calibrated exposure average over integrations,S,mast:JWST/product/jw05893016001_02101_00003_nrcb1_cal.fits,SCIENCE,,CAL,,CALJWST,2.0.0,5893,jw05893016001_02101_00003_nrcb1_cal.fits,117573120,266453987,PUBLIC,2,F200W
266449464,JWST,image,jw05893016001_02101_00004_nrcb4,exposure (L2b): 2D calibrated exposure average over integrations,S,mast:JWST/product/jw05893016001_02101_00004_nrcb4_cal.fits,SCIENCE,,CAL,,CALJWST,2.0.0,5893,jw05893016001_02101_00004_nrcb4_cal.fits,117573120,266453987,PUBLIC,2,F200W
266449466,JWST,image,jw05893016001_02101_00003_nrcb3,exposure (L2b): 2D calibrated exposure average over integrations,S,mast:JWST/product/jw05893016001_02101_00003_nrcb3_cal.fits,SCIENCE,,CAL,,CALJWST,2.0.0,5893,jw05893016001_02101_00003_nrcb3_cal.fits,117573120,266453987,PUBLIC,2,F200W
266449469,JWST,image,jw05893016001_02101_00005_nrca2,exposure (L2b): 2D calibrated exposure average over integrations,S,mast:JWST/product/jw05893016001_02101_00005_nrca2_cal.fits,SCIENCE,,CAL,,CALJWST,2.0.0,5893,jw05893016001_02101_00005_nrca2_cal.fits,117570240,266453987,PUBLIC,2,F200W
266449472,JWST,image,jw05893016001_02101_00004_nrcb1,exposure (L2b): 2D calibrated exposure average over integrations,S,mast:JWST/product/jw05893016001_02101_00004_nrcb1_cal.fits,SCIENCE,,CAL,,CALJWST,2.0.0,5893,jw05893016001_02101_00004_nrcb1_cal.fits,117573120,266453987,PUBLIC,2,F200W
266449473,JWST,image,jw05893016001_02101_00005_nrcb3,exposure (L2b): 2D calibrated exposure average over integrations,S,mast:JWST/product/jw05893016001_02101_00005_nrcb3_cal.fits,SCIENCE,,CAL,,CALJWST,2.0.0,5893,jw05893016001_02101_00005_nrcb3_cal.fits,117573120,266453987,PUBLIC,2,F200W
266449474,JWST,image,jw05893016001_02101_00006_nrcb1,exposure (L2b): 2D calibrated exposure average over integrations,S,mast:JWST/product/jw05893016001_02101_00006_nrcb1_cal.fits,SCIENCE,,CAL,,CALJWST,2.0.0,5893,jw05893016001_02101_00006_nrcb1_cal.fits,117573120,266453987,PUBLIC,2,F200W
266449480,JWST,image,jw05893016001_02101_00005_nrcb4,exposure (L2b): 2D calibrated exposure average over integrations,S,mast:JWST/product/jw05893016001_02101_00005_nrcb4_cal.fits,SCIENCE,,CAL,,CALJWST,2.0.0,5893,jw05893016001_02101_00005_nrcb4_cal.fits,117573120,266453987,PUBLIC,2,F200W
266449482,JWST,image,jw05893016001_02101_00002_nrcb1,exposure (L2b): 2D calibrated exposure average over integrations,S,mast:JWST/product/jw05893016001_02101_00002_nrcb1_cal.fits,SCIENCE,,CAL,,CALJWST,2.0.0,5893,jw05893016001_02101_00002_nrcb1_cal.fits,117573120,266453987,PUBLIC,2,F200W
266449483,JWST,image,jw05893016001_02101_00005_nrcb2,exposure (L2b): 2D calibrated exposure average over integrations,S,mast:JWST/product/jw05893016001_02101_00005_nrcb2_cal.fits,SCIENCE,,CAL,,CALJWST,2.0.0,5893,jw05893016001_02101_00005_nrcb2_cal.fits,117573120,266453987,PUBLIC,2,F200W
266449485,JWST,image,jw05893016001_02101_00006_nrcb4,exposure (L2b): 2D calibrated exposure average over integrations,S,mast:JWST/product/jw05893016001_02101_00006_nrcb4_cal.fits,SCIENCE,,CAL,,CALJWST,2.0.0,5893,jw05893016001_02101_00006_nrcb4_cal.fits,117573120,266453987,PUBLIC,2,F200W
266449488,JWST,image,jw05893016001_02101_00006_nrcb3,exposure (L2b): 2D calibrated exposure average over integrations,S,mast:JWST/product/jw05893016001_02101_00006_nrcb3_cal.fits,SCIENCE,,CAL,,CALJWST,2.0.0,5893,jw05893016001_02101_00006_nrcb3_cal.fits,117573120,266453987,PUBLIC,2,F200W
266449493,JWST,image,jw05893016001_02101_00002_nrcb3,exposure (L2b): 2D calibrated exposure average over integrations,S,mast:JWST/product/jw05893016001_02101_00002_nrcb3_cal.fits,SCIENCE,,CAL,,CALJWST,2.0.0,5893,jw05893016001_02101_00002_nrcb3_cal.fits,117573120,266453987,PUBLIC,2,F200W
266449494,JWST,image,jw05893016001_02101_00001_nrcb3,exposure (L2b): 2D calibrated exposure average over integrations,S,mast:JWST/product/jw05893016001_02101_00001_nrcb3_cal.fits,SCIENCE,,CAL,,CALJWST,2.0.0,5893,jw05893016001_02101_00001_nrcb3_cal.fits,117573120,266453987,PUBLIC,2,F200W
266449497,JWST,image,jw05893016001_02101_00003_nrcb2,exposure (L2b): 2D calibrated exposure average over integrations,S,mast:JWST/product/jw05893016001_02101_00003_nrcb2_cal.fits,SCIENCE,,CAL,,CALJWST,2.0.0,5893,jw05893016001_02101_00003_nrcb2_cal.fits,117573120,266453987,PUBLIC,2,F200W
266449498,JWST,image,jw05893016001_02101_00004_nrcb3,exposure (L2b): 2D calibrated exposure average over integrations,S,mast:JWST/product/jw05893016001_02101_00004_nrcb3_cal.fits,SCIENCE,,CAL,,CALJWST,2.0.0,5893,jw05893016001_02101_00004_nrcb3_cal.fits,117573120,266453987,PUBLIC,2,F200W
266449499,JWST,image,jw05893016001_02101_00003_nrcb4,exposure (L2b): 2D calibrated exposure average over integrations,S,mast:JWST/product/jw05893016001_02101_00003_nrcb4_cal.fits,SCIENCE,,CAL,,CALJWST,2.0.0,5893,jw05893016001_02101_00003_nrcb4_cal.fits,117573120,266453987,PUBLIC,2,F200W
266449505,JWST,image,jw05893016001_02101_00005_nrca3,exposure (L2b): 2D calibrated exposure average over integrations,S,mast:JWST/product/jw05893016001_02101_00005_nrca3_cal.fits,SCIENCE,,CAL,,CALJWST,2.0.0,5893,jw05893016001_02101_00005_nrca3_cal.fits,117573120,266453987,PUBLIC,2,F200W
266449510,JWST,image,jw05893016001_02101_00001_nrcb1,exposure (L2b): 2D calibrated exposure average over integrations,S,mast:JWST/product/jw05893016001_02101_00001_nrcb1_cal.fits,SCIENCE,,CAL,,CALJWST,2.0.0,5893,jw05893016001_02101_00001_nrcb1_cal.fits,117573120,266453987,PUBLIC,2,F200W
266449513,JWST,image,jw05893016001_02101_00001_nrcb2,exposure (L2b): 2D calibrated exposure average over integrations,S,mast:JWST/product/jw05893016001_02101_00001_nrcb2_cal.fits,SCIENCE,,CAL,,CALJWST,2.0.0,5893,jw05893016001_02101_00001_nrcb2_cal.fits,117573120,266453987,PUBLIC,2,F200W
266449516,JWST,image,jw05893016001_02101_00004_nrca4,exposure (L2b): 2D calibrated exposure average over integrations,S,mast:JWST/product/jw05893016001_02101_00004_nrca4_cal.fits,SCIENCE,,CAL,,CALJWST,2.0.0,5893,jw05893016001_02101_00004_nrca4_cal.fits,117573120,266453987,PUBLIC,2,F200W
266449520,JWST,image,jw05893016001_02101_00006_nrcb2,exposure (L2b): 2D calibrated exposure average over integrations,S,mast:JWST/product/jw05893016001_02101_00006_nrcb2_cal.fits,SCIENCE,,CAL,,CALJWST,2.0.0,5893,jw05893016001_02101_00006_nrcb2_cal.fits,117573120,266453987,PUBLIC,2,F200W
266449524,JWST,image,jw05893016001_02101_00002_nrcb2,exposure (L2b): 2D calibrated exposure average over integrations,S,mast:JWST/product/jw05893016001_02101_00002_nrcb2_cal.fits,SCIENCE,,CAL,,CALJWST,2.0.0,5893,jw05893016001_02101_00002_nrcb2_cal.fits,117573120,266453987,PUBLIC,2,F200W
266449582,JWST,image,jw05893016004_02101_00003_nrca1,exposure (L2b): 2D calibrated exposure average over integrations,S,mast:JWST/product/jw05893016004_02101_00003_nrca1_cal.fits,SCIENCE,,CAL,,CALJWST,2.0.0,5893,jw05893016004_02101_00003_nrca1_cal.fits,117570240,266453987,PUBLIC,2,F200W
266449634,JWST,image,jw05893016004_02101_00006_nrcb2,exposure (L2b): 2D calibrated exposure average over integrations,S,mast:JWST/product/jw05893016004_02101_00006_nrcb2_cal.fits,SCIENCE,,CAL,,CALJWST,2.0.0,5893,jw05893016004_02101_00006_nrcb2_cal.fits,117573120,266453987,PUBLIC,2,F200W
266449636,JWST,image,jw05893016004_02101_00004_nrca1,exposure (L2b): 2D calibrated exposure average over integrations,S,mast:JWST/product/jw05893016004_02101_00004_nrca1_cal.fits,SCIENCE,,CAL,,CALJWST,2.0.0,5893,jw05893016004_02101_00004_nrca1_cal.fits,117570240,266453987,PUBLIC,2,F200W
266449637,JWST,image,jw05893016004_02101_00002_nrcb1,exposure (L2b): 2D calibrated exposure average over integrations,S,mast:JWST/product/jw05893016004_02101_00002_nrcb1_cal.fits,SCIENCE,,CAL,,CALJWST,2.0.0,5893,jw05893016004_02101_00002_nrcb1_cal.fits,117573120,266453987,PUBLIC,2,F200W
266449639,JWST,image,jw05893016004_02101_00003_nrcb1,exposure (L2b): 2D calibrated exposure average over integrations,S,mast:JWST/product/jw05893016004_02101_00003_nrcb1_cal.fits,SCIENCE,,CAL,,CALJWST,2.0.0,5893,jw05893016004_02101_00003_nrcb1_cal.fits,117573120,266453987,PUBLIC,2,F200W
266449640,JWST,image,jw05893016004_02101_00005_nrca4,exposure (L2b): 2D calibrated exposure average over integrations,S,mast:JWST/product/jw05893016004_02101_00005_nrca4_cal.fits,SCIENCE,,CAL,,CALJWST,2.0.0,5893,jw05893016004_02101_00005_nrca4_cal.fits,117573120,266453987,PUBLIC,2,F200W
266449641,JWST,image,jw05893016004_02101_00002_nrca3,exposure (L2b): 2D calibrated exposure average over integrations,S,mast:JWST/product/jw05893016004_02101_00002_nrca3_cal.fits,SCIENCE,,CAL,,CALJWST,2.0.0,5893,jw05893016004_02101_00002_nrca3_cal.fits,117573120,266453987,PUBLIC,2,F200W
266449643,JWST,image,jw05893016004_02101_00006_nrca3,exposure (L2b): 2D calibrated exposure average over integrations,S,mast:JWST/product/jw05893016004_02101_00006_nrca3_cal.fits,SCIENCE,,CAL,,CALJWST,2.0.0,5893,jw05893016004_02101_00006_nrca3_cal.fits,117573120,266453987,PUBLIC,2,F200W
266449644,JWST,image,jw05893016004_02101_00006_nrca2,exposure (L2b): 2D calibrated exposure average over integrations,S,mast:JWST/product/jw05893016004_02101_00006_nrca2_cal.fits,SCIENCE,,CAL,,CALJWST,2.0.0,5893,jw05893016004_02101_00006_nrca2_cal.fits,117570240,266453987,PUBLIC,2,F200W
266449645,JWST,image,jw05893016004_02101_00006_nrca1,exposure (L2b): 2D calibrated exposure average over integrations,S,mast:JWST/product/jw05893016004_02101_00006_nrca1_cal.fits,SCIENCE,,CAL,,CALJWST,2.0.0,5893,jw05893016004_02101_00006_nrca1_cal.fits,117570240,266453987,PUBLIC,2,F200W
266449650,JWST,image,jw05893016003_02101_00006_nrca2,exposure (L2b): 2D calibrated exposure average over integrations,S,mast:JWST/product/jw05893016003_02101_00006_nrca2_cal.fits,SCIENCE,,CAL,,CALJWST,2.0.0,5893,jw05893016003_02101_00006_nrca2_cal.fits,117570240,266453987,PUBLIC,2,F200W
266449653,JWST,image,jw05893016003_02101_00002_nrcb1,exposure (L2b): 2D calibrated exposure average over integrations,S,mast:JWST/product/jw05893016003_02101_00002_nrcb1_cal.fits,SCIENCE,,CAL,,CALJWST,2.0.0,5893,jw05893016003_02101_00002_nrcb1_cal.fits,117573120,266453987,PUBLIC,2,F200W
266449656,JWST,image,jw05893016003_02101_00003_nrca3,exposure (L2b): 2D calibrated exposure average over integrations,S,mast:JWST/product/jw05893016003_02101_00003_nrca3_cal.fits,SCIENCE,,CAL,,CALJWST,2.0.0,5893,jw05893016003_02101_00003_nrca3_cal.fits,117573120,266453987,PUBLIC,2,F200W
266449657,JWST,image,jw05893016003_02101_00003_nrca1,exposure (L2b): 2D calibrated exposure average over integrations,S,mast:JWST/product/jw05893016003_02101_00003_nrca1_cal.fits,SCIENCE,,CAL,,CALJWST,2.0.0,5893,jw05893016003_02101_00003_nrca1_cal.fits,117570240,266453987,PUBLIC,2,F200W
266449661,JWST,image,jw05893016003_02101_00005_nrca2,exposure (L2b): 2D calibrated exposure average over integrations,S,mast:JWST/product/jw05893016003_02101_00005_nrca2_cal.fits,SCIENCE,,CAL,,CALJWST,2.0.0,5893,jw05893016003_02101_00005_nrca2_cal.fits,117570240,266453987,PUBLIC,2,F200W
266449664,JWST,image,jw05893016003_02101_00002_nrca4,exposure (L2b): 2D calibrated exposure average over integrations,S,mast:JWST/product/jw05893016003_02101_00002_nrca4_cal.fits,SCIENCE,,CAL,,CALJWST,2.0.0,5893,jw05893016003_02101_00002_nrca4_cal.fits,117573120,266453987,PUBLIC,2,F200W
266449666,JWST,image,jw05893016003_02101_00004_nrca4,exposure (L2b): 2D calibrated exposure average over integrations,S,mast:JWST/product/jw05893016003_02101_00004_nrca4_cal.fits,SCIENCE,,CAL,,CALJWST,2.0.0,5893,jw05893016003_02101_00004_nrca4_cal.fits,117573120,266453987,PUBLIC,2,F200W
266449669,JWST,image,jw05893016003_02101_00004_nrca1,exposure (L2b): 2D calibrated exposure average over integrations,S,mast:JWST/product/jw05893016003_02101_00004_nrca1_cal.fits,SCIENCE,,CAL,,CALJWST,2.0.0,5893,jw05893016003_02101_00004_nrca1_cal.fits,117570240,266453987,PUBLIC,2,F200W
266449670,JWST,image,jw05893016003_02101_00004_nrca2,exposure (L2b): 2D calibrated exposure average over integrations,S,mast:JWST/product/jw05893016003_02101_00004_nrca2_cal.fits,SCIENCE,,CAL,,CALJWST,2.0.0,5893,jw05893016003_02101_00004_nrca2_cal.fits,117570240,266453987,PUBLIC,2,F200W
266449671,JWST,image,jw05893016003_02101_00003_nrca2,exposure (L2b): 2D calibrated exposure average over integrations,S,mast:JWST/product/jw05893016003_02101_00003_nrca2_cal.fits,SCIENCE,,CAL,,CALJWST,2.0.0,5893,jw05893016003_02101_00003_nrca2_cal.fits,117570240,266453987,PUBLIC,2,F200W
266449674,JWST,image,jw05893016003_02101_00004_nrcb2,exposure (L2b): 2D calibrated exposure average over integrations,S,mast:JWST/product/jw05893016003_02101_00004_nrcb2_cal.fits,SCIENCE,,CAL,,CALJWST,2.0.0,5893,jw05893016003_02101_00004_nrcb2_cal.fits,117573120,266453987,PUBLIC,2,F200W
266449676,JWST,image,jw05893016003_02101_00001_nrcb1,exposure (L2b): 2D calibrated exposure average over integrations,S,mast:JWST/product/jw05893016003_02101_00001_nrcb1_cal.fits,SCIENCE,,CAL,,CALJWST,2.0.0,5893,jw05893016003_02101_00001_nrcb1_cal.fits,117573120,266453987,PUBLIC,2,F200W
266449679,JWST,image,jw05893016003_02101_00006_nrca1,exposure (L2b): 2D calibrated exposure average over integrations,S,mast:JWST/product/jw05893016003_02101_00006_nrca1_cal.fits,SCIENCE,,CAL,,CALJWST,2.0.0,5893,jw05893016003_02101_00006_nrca1_cal.fits,117570240,266453987,PUBLIC,2,F200W
266449681,JWST,image,jw05893016003_02101_00006_nrca3,exposure (L2b): 2D calibrated exposure average over integrations,S,mast:JWST/product/jw05893016003_02101_00006_nrca3_cal.fits,SCIENCE,,CAL,,CALJWST,2.0.0,5893,jw05893016003_02101_00006_nrca3_cal.fits,117573120,266453987,PUBLIC,2,F200W
266449682,JWST,image,jw05893016003_02101_00004_nrcb1,exposure (L2b): 2D calibrated exposure average over integrations,S,mast:JWST/product/jw05893016003_02101_00004_nrcb1_cal.fits,SCIENCE,,CAL,,CALJWST,2.0.0,5893,jw05893016003_02101_00004_nrcb1_cal.fits,117573120,266453987,PUBLIC,2,F200W
266449683,JWST,image,jw05893016003_02101_00002_nrca3,exposure (L2b): 2D calibrated exposure average over integrations,S,mast:JWST/product/jw05893016003_02101_00002_nrca3_cal.fits,SCIENCE,,CAL,,CALJWST,2.0.0,5893,jw05893016003_02101_00002_nrca3_cal.fits,117573120,266453987,PUBLIC,2,F200W
266449684,JWST,image,jw05893016003_02101_00002_nrcb2,exposure (L2b): 2D calibrated exposure average over integrations,S,mast:JWST/product/jw05893016003_02101_00002_nrcb2_cal.fits,SCIENCE,,CAL,,CALJWST,2.0.0,5893,jw05893016003_02101_00002_nrcb2_cal.fits,117573120,266453987,PUBLIC,2,F200W
266449686,JWST,image,jw05893016003_02101_00005_nrca1,exposure (L2b): 2D calibrated exposure average over integrations,S,mast:JWST/product/jw05893016003_02101_00005_nrca1_cal.fits,SCIENCE,,CAL,,CALJWST,2.0.0,5893,jw05893016003_02101_00005_nrca1_cal.fits,117570240,266453987,PUBLIC,2,F200W
266449901,JWST,image,jw05893016005_02101_00006_nrca2,exposure (L2b): 2D calibrated exposure average over integrations,S,mast:JWST/product/jw05893016005_02101_00006_nrca2_cal.fits,SCIENCE,,CAL,,CALJWST,2.0.0,5893,jw05893016005_02101_00006_nrca2_cal.fits,117570240,266453987,PUBLIC,2,F200W
266449903,JWST,image,jw05893016005_02101_00005_nrca1,exposure (L2b): 2D calibrated exposure average over integrations,S,mast:JWST/product/jw05893016005_02101_00005_nrca1_cal.fits,SCIENCE,,CAL,,CALJWST,2.0.0,5893,jw05893016005_02101_00005_nrca1_cal.fits,117570240,266453987,PUBLIC,2,F200W
266449904,JWST,image,jw05893016005_02101_00006_nrcb4,exposure (L2b): 2D calibrated exposure average over integrations,S,mast:JWST/product/jw05893016005_02101_00006_nrcb4_cal.fits,SCIENCE,,CAL,,CALJWST,2.0.0,5893,jw05893016005_02101_00006_nrcb4_cal.fits,117573120,266453987,PUBLIC,2,F200W
266449905,JWST,image,jw05893016005_02101_00002_nrca4,exposure (L2b): 2D calibrated exposure average over integrations,S,mast:JWST/product/jw05893016005_02101_00002_nrca4_cal.fits,SCIENCE,,CAL,,CALJWST,2.0.0,5893,jw05893016005_02101_00002_nrca4_cal.fits,117573120,266453987,PUBLIC,2,F200W
266449911,JWST,image,jw05893016005_02101_00005_nrcb2,exposure (L2b): 2D calibrated exposure average over integrations,S,mast:JWST/product/jw05893016005_02101_00005_nrcb2_cal.fits,SCIENCE,,CAL,,CALJWST,2.0.0,5893,jw05893016005_02101_00005_nrcb2_cal.fits,117573120,266453987,PUBLIC,2,F200W
266449913,JWST,image,jw05893016005_02101_00006_nrcb2,exposure (L2b): 2D calibrated exposure average over integrations,S,mast:JWST/product/jw05893016005_02101_00006_nrcb2_cal.fits,SCIENCE,,CAL,,CALJWST,2.0.0,5893,jw05893016005_02101_00006_nrcb2_cal.fits,117573120,266453987,PUBLIC,2,F200W
266449915,JWST,image,jw05893016005_02101_00006_nrca3,exposure (L2b): 2D calibrated exposure average over integrations,S,mast:JWST/product/jw05893016005_02101_00006_nrca3_cal.fits,SCIENCE,,CAL,,CALJWST,2.0.0,5893,jw05893016005_02101_00006_nrca3_cal.fits,117573120,266453987,PUBLIC,2,F200W
266449918,JWST,image,jw05893016005_02101_00004_nrcb1,exposure (L2b): 2D calibrated exposure average over integrations,S,mast:JWST/product/jw05893016005_02101_00004_nrcb1_cal.fits,SCIENCE,,CAL,,CALJWST,2.0.0,5893,jw05893016005_02101_00004_nrcb1_cal.fits,117573120,266453987,PUBLIC,2,F200W
266449922,JWST,image,jw05893016005_02101_00005_nrcb1,exposure (L2b): 2D calibrated exposure average over integrations,S,mast:JWST/product/jw05893016005_02101_00005_nrcb1_cal.fits,SCIENCE,,CAL,,CALJWST,2.0.0,5893,jw05893016005_02101_00005_nrcb1_cal.fits,117573120,266453987,PUBLIC,2,F200W
266449925,JWST,image,jw05893016005_02101_00006_nrcb3,exposure (L2b): 2D calibrated exposure average over integrations,S,mast:JWST/product/jw05893016005_02101_00006_nrcb3_cal.fits,SCIENCE,,CAL,,CALJWST,2.0.0,5893,jw05893016005_02101_00006_nrcb3_cal.fits,117573120,266453987,PUBLIC,2,F200W
266449931,JWST,image,jw05893016005_02101_00002_nrcb1,exposure (L2b): 2D calibrated exposure average over integrations,S,mast:JWST/product/jw05893016005_02101_00002_nrcb1_cal.fits,SCIENCE,,CAL,,CALJWST,2.0.0,5893,jw05893016005_02101_00002_nrcb1_cal.fits,117573120,266453987,PUBLIC,2,F200W
266449934,JWST,image,jw05893016005_02101_00006_nrca1,exposure (L2b): 2D calibrated exposure average over integrations,S,mast:JWST/product/jw05893016005_02101_00006_nrca1_cal.fits,SCIENCE,,CAL,,CALJWST,2.0.0,5893,jw05893016005_02101_00006_nrca1_cal.fits,117570240,266453987,PUBLIC,2,F200W
266449936,JWST,image,jw05893016005_02101_00005_nrcb4,exposure (L2b): 2D calibrated exposure average over integrations,S,mast:JWST/product/jw05893016005_02101_00005_nrcb4_cal.fits,SCIENCE,,CAL,,CALJWST,2.0.0,5893,jw05893016005_02101_00005_nrcb4_cal.fits,117573120,266453987,PUBLIC,2,F200W
266449938,JWST,image,jw05893016005_02101_00004_nrcb2,exposure (L2b): 2D calibrated exposure average over integrations,S,mast:JWST/product/jw05893016005_02101_00004_nrcb2_cal.fits,SCIENCE,,CAL,,CALJWST,2.0.0,5893,jw05893016005_02101_00004_nrcb2_cal.fits,117573120,266453987,PUBLIC,2,F200W
266449939,JWST,image,jw05893016005_02101_00005_nrcb3,exposure (L2b): 2D calibrated exposure average over integrations,S,mast:JWST/product/jw05893016005_02101_00005_nrcb3_cal.fits,SCIENCE,,CAL,,CALJWST,2.0.0,5893,jw05893016005_02101_00005_nrcb3_cal.fits,117573120,266453987,PUBLIC,2,F200W
266449941,JWST,image,jw05893016005_02101_00001_nrca3,exposure (L2b): 2D calibrated exposure average over integrations,S,mast:JWST/product/jw05893016005_02101_00001_nrca3_cal.fits,SCIENCE,,CAL,,CALJWST,2.0.0,5893,jw05893016005_02101_00001_nrca3_cal.fits,117573120,266453987,PUBLIC,2,F200W
266449943,JWST,image,jw05893016005_02101_00001_nrcb3,exposure (L2b): 2D calibrated exposure average over integrations,S,mast:JWST/product/jw05893016005_02101_00001_nrcb3_cal.fits,SCIENCE,,CAL,,CALJWST,2.0.0,5893,jw05893016005_02101_00001_nrcb3_cal.fits,117573120,266453987,PUBLIC,2,F200W
266449944,JWST,image,jw05893016005_02101_00005_nrca3,exposure (L2b): 2D calibrated exposure average over integrations,S,mast:JWST/product/jw05893016005_02101_00005_nrca3_cal.fits,SCIENCE,,CAL,,CALJWST,2.0.0,5893,jw05893016005_02101_00005_nrca3_cal.fits,117573120,266453987,PUBLIC,2,F200W
266449946,JWST,image,jw05893016005_02101_00004_nrca4,exposure (L2b): 2D calibrated exposure average over integrations,S,mast:JWST/product/jw05893016005_02101_00004_nrca4_cal.fits,SCIENCE,,CAL,,CALJWST,2.0.0,5893,jw05893016005_02101_00004_nrca4_cal.fits,117573120,266453987,PUBLIC,2,F200W
266449948,JWST,image,jw05893016005_02101_00004_nrca2,exposure (L2b): 2D calibrated exposure average over integrations,S,mast:JWST/product/jw05893016005_02101_00004_nrca2_cal.fits,SCIENCE,,CAL,,CALJWST,2.0.0,5893,jw05893016005_02101_00004_nrca2_cal.fits,117570240,266453987,PUBLIC,2,F200W
266449950,JWST,image,jw05893016005_02101_00002_nrca3,exposure (L2b): 2D calibrated exposure average over integrations,S,mast:JWST/product/jw05893016005_02101_00002_nrca3_cal.fits,SCIENCE,,CAL,,CALJWST,2.0.0,5893,jw05893016005_02101_00002_nrca3_cal.fits,117573120,266453987,PUBLIC,2,F200W
266449951,JWST,image,jw05893016005_02101_00005_nrca4,exposure (L2b): 2D calibrated exposure average over integrations,S,mast:JWST/product/jw05893016005_02101_00005_nrca4_cal.fits,SCIENCE,,CAL,,CALJWST,2.0.0,5893,jw05893016005_02101_00005_nrca4_cal.fits,117573120,266453987,PUBLIC,2,F200W
266449952,JWST,image,jw05893016005_02101_00006_nrca4,exposure (L2b): 2D calibrated exposure average over integrations,S,mast:JWST/product/jw05893016005_02101_00006_nrca4_cal.fits,SCIENCE,,CAL,,CALJWST,2.0.0,5893,jw05893016005_02101_00006_nrca4_cal.fits,117573120,266453987,PUBLIC,2,F200W
266449953,JWST,image,jw05893016005_02101_00002_nrcb2,exposure (L2b): 2D calibrated exposure average over integrations,S,mast:JWST/product/jw05893016005_02101_00002_nrcb2_cal.fits,SCIENCE,,CAL,,CALJWST,2.0.0,5893,jw05893016005_02101_00002_nrcb2_cal.fits,117573120,266453987,PUBLIC,2,F200W
266449959,JWST,image,jw05893016005_02101_00005_nrca2,exposure (L2b): 2D calibrated exposure average over integrations,S,mast:JWST/product/jw05893016005_02101_00005_nrca2_cal.fits,SCIENCE,,CAL,,CALJWST,2.0.0,5893,jw05893016005_02101_00005_nrca2_cal.fits,117570240,266453987,PUBLIC,2,F200W
266449962,JWST,image,jw05893016005_02101_00004_nrca3,exposure (L2b): 2D calibrated exposure average over integrations,S,mast:JWST/product/jw05893016005_02101_00004_nrca3_cal.fits,SCIENCE,,CAL,,CALJWST,2.0.0,5893,jw05893016005_02101_00004_nrca3_cal.fits,117573120,266453987,PUBLIC,2,F200W
266449963,JWST,image,jw05893016005_02101_00006_nrcb1,exposure (L2b): 2D calibrated exposure average over integrations,S,mast:JWST/product/jw05893016005_02101_00006_nrcb1_cal.fits,SCIENCE,,CAL,,CALJWST,2.0.0,5893,jw05893016005_02101_00006_nrcb1_cal.fits,117573120,266453987,PUBLIC,2,F200W
266450309,JWST,image,jw05893016004_02101_00005_nrca1,exposure (L2b): 2D calibrated exposure average over integrations,S,mast:JWST/product/jw05893016004_02101_00005_nrca1_cal.fits,SCIENCE,,CAL,,CALJWST,2.0.0,5893,jw05893016004_02101_00005_nrca1_cal.fits,117570240,266453987,PUBLIC,2,F200W
266450310,JWST,image,jw05893016004_02101_00002_nrca2,exposure (L2b): 2D calibrated exposure average over integrations,S,mast:JWST/product/jw05893016004_02101_00002_nrca2_cal.fits,SCIENCE,,CAL,,CALJWST,2.0.0,5893,jw05893016004_02101_00002_nrca2_cal.fits,117570240,266453987,PUBLIC,2,F200W
266450311,JWST,image,jw05893016004_02101_00005_nrcb3,exposure (L2b): 2D calibrated exposure average over integrations,S,mast:JWST/product/jw05893016004_02101_00005_nrcb3_cal.fits,SCIENCE,,CAL,,CALJWST,2.0.0,5893,jw05893016004_02101_00005_nrcb3_cal.fits,117573120,266453987,PUBLIC,2,F200W
266450312,JWST,image,jw05893016004_02101_00006_nrca4,exposure (L2b): 2D calibrated exposure average over integrations,S,mast:JWST/product/jw05893016004_02101_00006_nrca4_cal.fits,SCIENCE,,CAL,,CALJWST,2.0.0,5893,jw05893016004_02101_00006_nrca4_cal.fits,117573120,266453987,PUBLIC,2,F200W
266450313,JWST,image,jw05893016004_02101_00001_nrca2,exposure (L2b): 2D calibrated exposure average over integrations,S,mast:JWST/product/jw05893016004_02101_00001_nrca2_cal.fits,SCIENCE,,CAL,,CALJWST,2.0.0,5893,jw05893016004_02101_00001_nrca2_cal.fits,117570240,266453987,PUBLIC,2,F200W
266450317,JWST,image,jw05893016004_02101_00001_nrcb1,exposure (L2b): 2D calibrated exposure average over integrations,S,mast:JWST/product/jw05893016004_02101_00001_nrcb1_cal.fits,SCIENCE,,CAL,,CALJWST,2.0.0,5893,jw05893016004_02101_00001_nrcb1_cal.fits,117573120,266453987,PUBLIC,2,F200W
266450323,JWST,image,jw05893016004_02101_00001_nrca3,exposure (L2b): 2D calibrated exposure average over integrations,S,mast:JWST/product/jw05893016004_02101_00001_nrca3_cal.fits,SCIENCE,,CAL,,CALJWST,2.0.0,5893,jw05893016004_02101_00001_nrca3_cal.fits,117573120,266453987,PUBLIC,2,F200W
266450325,JWST,image,jw05893016004_02101_00001_nrca4,exposure (L2b): 2D calibrated exposure average over integrations,S,mast:JWST/product/jw05893016004_02101_00001_nrca4_cal.fits,SCIENCE,,CAL,,CALJWST,2.0.0,5893,jw05893016004_02101_00001_nrca4_cal.fits,117573120,266453987,PUBLIC,2,F200W
266450326,JWST,image,jw05893016004_02101_00004_nrca2,exposure (L2b): 2D calibrated exposure average over integrations,S,mast:JWST/product/jw05893016004_02101_00004_nrca2_cal.fits,SCIENCE,,CAL,,CALJWST,2.0.0,5893,jw05893016004_02101_00004_nrca2_cal.fits,117570240,266453987,PUBLIC,2,F200W
266450327,JWST,image,jw05893016004_02101_00005_nrcb2,exposure (L2b): 2D calibrated exposure average over integrations,S,mast:JWST/product/jw05893016004_02101_00005_nrcb2_cal.fits,SCIENCE,,CAL,,CALJWST,2.0.0,5893,jw05893016004_02101_00005_nrcb2_cal.fits,117573120,266453987,PUBLIC,2,F200W
266450328,JWST,image,jw05893016004_02101_00004_nrca4,exposure (L2b): 2D calibrated exposure average over integrations,S,mast:JWST/product/jw05893016004_02101_00004_nrca4_cal.fits,SCIENCE,,CAL,,CALJWST,2.0.0,5893,jw05893016004_02101_00004_nrca4_cal.fits,117573120,266453987,PUBLIC,2,F200W
266450329,JWST,image,jw05893016004_02101_00004_nrca3,exposure (L2b): 2D calibrated exposure average over integrations,S,mast:JWST/product/jw05893016004_02101_00004_nrca3_cal.fits,SCIENCE,,CAL,,CALJWST,2.0.0,5893,jw05893016004_02101_00004_nrca3_cal.fits,117573120,266453987,PUBLIC,2,F200W
266450336,JWST,image,jw05893016004_02101_00003_nrca3,exposure (L2b): 2D calibrated exposure average over integrations,S,mast:JWST/product/jw05893016004_02101_00003_nrca3_cal.fits,SCIENCE,,CAL,,CALJWST,2.0.0,5893,jw05893016004_02101_00003_nrca3_cal.fits,117573120,266453987,PUBLIC,2,F200W
266450337,JWST,image,jw05893016004_02101_00003_nrca2,exposure (L2b): 2D calibrated exposure average over integrations,S,mast:JWST/product/jw05893016004_02101_00003_nrca2_cal.fits,SCIENCE,,CAL,,CALJWST,2.0.0,5893,jw05893016004_02101_00003_nrca2_cal.fits,117570240,266453987,PUBLIC,2,F200W
266450340,JWST,image,jw05893016004_02101_00001_nrca1,exposure (L2b): 2D calibrated exposure average over integrations,S,mast:JWST/product/jw05893016004_02101_00001_nrca1_cal.fits,SCIENCE,,CAL,,CALJWST,2.0.0,5893,jw05893016004_02101_00001_nrca1_cal.fits,117570240,266453987,PUBLIC,2,F200W
266450341,JWST,image,jw05893016004_02101_00003_nrca4,exposure (L2b): 2D calibrated exposure average over integrations,S,mast:JWST/product/jw05893016004_02101_00003_nrca4_cal.fits,SCIENCE,,CAL,,CALJWST,2.0.0,5893,jw05893016004_02101_00003_nrca4_cal.fits,117573120,266453987,PUBLIC,2,F200W
266450343,JWST,image,jw05893016004_02101_00002_nrcb4,exposure (L2b): 2D calibrated exposure average over integrations,S,mast:JWST/product/jw05893016004_02101_00002_nrcb4_cal.fits,SCIENCE,,CAL,,CALJWST,2.0.0,5893,jw05893016004_02101_00002_nrcb4_cal.fits,117573120,266453987,PUBLIC,2,F200W
266450348,JWST,image,jw05893016004_02101_00005_nrcb4,exposure (L2b): 2D calibrated exposure average over integrations,S,mast:JWST/product/jw05893016004_02101_00005_nrcb4_cal.fits,SCIENCE,,CAL,,CALJWST,2.0.0,5893,jw05893016004_02101_00005_nrcb4_cal.fits,117573120,266453987,PUBLIC,2,F200W
266450367,JWST,image,jw05893016004_02101_00003_nrcb3,exposure (L2b): 2D calibrated exposure average over integrations,S,mast:JWST/product/jw05893016004_02101_00003_nrcb3_cal.fits,SCIENCE,,CAL,,CALJWST,2.0.0,5893,jw05893016004_02101_00003_nrcb3_cal.fits,117573120,266453987,PUBLIC,2,F200W
266450380,JWST,image,jw05893016004_02101_00001_nrcb4,exposure (L2b): 2D calibrated exposure average over integrations,S,mast:JWST/product/jw05893016004_02101_00001_nrcb4_cal.fits,SCIENCE,,CAL,,CALJWST,2.0.0,5893,jw05893016004_02101_00001_nrcb4_cal.fits,117573120,266453987,PUBLIC,2,F200W
266450384,JWST,image,jw05893016004_02101_00004_nrcb2,exposure (L2b): 2D calibrated exposure average over integrations,S,mast:JWST/product/jw05893016004_02101_00004_nrcb2_cal.fits,SCIENCE,,CAL,,CALJWST,2.0.0,5893,jw05893016004_02101_00004_nrcb2_cal.fits,117573120,266453987,PUBLIC,2,F200W
266450394,JWST,image,jw05893016004_02101_00002_nrca1,exposure (L2b): 2D calibrated exposure average over integrations,S,mast:JWST/product/jw05893016004_02101_00002_nrca1_cal.fits,SCIENCE,,CAL,,CALJWST,2.0.0,5893,jw05893016004_02101_00002_nrca1_cal.fits,117570240,266453987,PUBLIC,2,F200W
266450396,JWST,image,jw05893016004_02101_00002_nrca4,exposure (L2b): 2D calibrated exposure average over integrations,S,mast:JWST/product/jw05893016004_02101_00002_nrca4_cal.fits,SCIENCE,,CAL,,CALJWST,2.0.0,5893,jw05893016004_02101_00002_nrca4_cal.fits,117573120,266453987,PUBLIC,2,F200W
266450401,JWST,image,jw05893016004_02101_00005_nrcb1,exposure (L2b): 2D calibrated exposure average over integrations,S,mast:JWST/product/jw05893016004_02101_00005_nrcb1_cal.fits,SCIENCE,,CAL,,CALJWST,2.0.0,5893,jw05893016004_02101_00005_nrcb1_cal.fits,117573120,266453987,PUBLIC,2,F200W
266450404,JWST,image,jw05893016004_02101_00004_nrcb3,exposure (L2b): 2D calibrated exposure average over integrations,S,mast:JWST/product/jw05893016004_02101_00004_nrcb3_cal.fits,SCIENCE,,CAL,,CALJWST,2.0.0,5893,jw05893016004_02101_00004_nrcb3_cal.fits,117573120,266453987,PUBLIC,2,F200W
266450407,JWST,image,jw05893016004_02101_00006_nrcb4,exposure (L2b): 2D calibrated exposure average over integrations,S,mast:JWST/product/jw05893016004_02101_00006_nrcb4_cal.fits,SCIENCE,,CAL,,CALJWST,2.0.0,5893,jw05893016004_02101_00006_nrcb4_cal.fits,117573120,266453987,PUBLIC,2,F200W
266450408,JWST,image,jw05893016003_02101_00006_nrcb2,exposure (L2b): 2D calibrated exposure average over integrations,S,mast:JWST/product/jw05893016003_02101_00006_nrcb2_cal.fits,SCIENCE,,CAL,,CALJWST,2.0.0,5893,jw05893016003_02101_00006_nrcb2_cal.fits,117573120,266453987,PUBLIC,2,F200W
266450410,JWST,image,jw05893016003_02101_00004_nrcb4,exposure (L2b): 2D calibrated exposure average over integrations,S,mast:JWST/product/jw05893016003_02101_00004_nrcb4_cal.fits,SCIENCE,,CAL,,CALJWST,2.0.0,5893,jw05893016003_02101_00004_nrcb4_cal.fits,117573120,266453987,PUBLIC,2,F200W
266450411,JWST,image,jw05893016004_02101_00005_nrca2,exposure (L2b): 2D calibrated exposure average over integrations,S,mast:JWST/product/jw05893016004_02101_00005_nrca2_cal.fits,SCIENCE,,CAL,,CALJWST,2.0.0,5893,jw05893016004_02101_00005_nrca2_cal.fits,117570240,266453987,PUBLIC,2,F200W
266450412,JWST,image,jw05893016003_02101_00001_nrcb3,exposure (L2b): 2D calibrated exposure average over integrations,S,mast:JWST/product/jw05893016003_02101_00001_nrcb3_cal.fits,SCIENCE,,CAL,,CALJWST,2.0.0,5893,jw05893016003_02101_00001_nrcb3_cal.fits,117573120,266453987,PUBLIC,2,F200W
266450417,JWST,image,jw05893016004_02101_00002_nrcb3,exposure (L2b): 2D calibrated exposure average over integrations,S,mast:JWST/product/jw05893016004_02101_00002_nrcb3_cal.fits,SCIENCE,,CAL,,CALJWST,2.0.0,5893,jw05893016004_02101_00002_nrcb3_cal.fits,117573120,266453987,PUBLIC,2,F200W
266450418,JWST,image,jw05893016003_02101_00006_nrcb1,exposure (L2b): 2D calibrated exposure average over integrations,S,mast:JWST/product/jw05893016003_02101_00006_nrcb1_cal.fits,SCIENCE,,CAL,,CALJWST,2.0.0,5893,jw05893016003_02101_00006_nrcb1_cal.fits,117573120,266453987,PUBLIC,2,F200W
266450419,JWST,image,jw05893016004_02101_00001_nrcb2,exposure (L2b): 2D calibrated exposure average over integrations,S,mast:JWST/product/jw05893016004_02101_00001_nrcb2_cal.fits,SCIENCE,,CAL,,CALJWST,2.0.0,5893,jw05893016004_02101_00001_nrcb2_cal.fits,117573120,266453987,PUBLIC,2,F200W
266450423,JWST,image,jw05893016004_02101_00004_nrcb1,exposure (L2b): 2D calibrated exposure average over integrations,S,mast:JWST/product/jw05893016004_02101_00004_nrcb1_cal.fits,SCIENCE,,CAL,,CALJWST,2.0.0,5893,jw05893016004_02101_00004_nrcb1_cal.fits,117573120,266453987,PUBLIC,2,F200W
266450426,JWST,image,jw05893016004_02101_00005_nrca3,exposure (L2b): 2D calibrated exposure average over integrations,S,mast:JWST/product/jw05893016004_02101_00005_nrca3_cal.fits,SCIENCE,,CAL,,CALJWST,2.0.0,5893,jw05893016004_02101_00005_nrca3_cal.fits,117573120,266453987,PUBLIC,2,F200W
266450427,JWST,image,jw05893016003_02101_00005_nrcb3,exposure (L2b): 2D calibrated exposure average over integrations,S,mast:JWST/product/jw05893016003_02101_00005_nrcb3_cal.fits,SCIENCE,,CAL,,CALJWST,2.0.0,5893,jw05893016003_02101_00005_nrcb3_cal.fits,117573120,266453987,PUBLIC,2,F200W
266450428,JWST,image,jw05893016004_02101_00006_nrcb1,exposure (L2b): 2D calibrated exposure average over integrations,S,mast:JWST/product/jw05893016004_02101_00006_nrcb1_cal.fits,SCIENCE,,CAL,,CALJWST,2.0.0,5893,jw05893016004_02101_00006_nrcb1_cal.fits,117573120,266453987,PUBLIC,2,F200W
266450430,JWST,image,jw05893016003_02101_00001_nrcb4,exposure (L2b): 2D calibrated exposure average over integrations,S,mast:JWST/product/jw05893016003_02101_00001_nrcb4_cal.fits,SCIENCE,,CAL,,CALJWST,2.0.0,5893,jw05893016003_02101_00001_nrcb4_cal.fits,117573120,266453987,PUBLIC,2,F200W
266450431,JWST,image,jw05893016004_02101_00004_nrcb4,exposure (L2b): 2D calibrated exposure average over integrations,S,mast:JWST/product/jw05893016004_02101_00004_nrcb4_cal.fits,SCIENCE,,CAL,,CALJWST,2.0.0,5893,jw05893016004_02101_00004_nrcb4_cal.fits,117573120,266453987,PUBLIC,2,F200W
266450433,JWST,image,jw05893016003_02101_00003_nrcb4,exposure (L2b): 2D calibrated exposure average over integrations,S,mast:JWST/product/jw05893016003_02101_00003_nrcb4_cal.fits,SCIENCE,,CAL,,CALJWST,2.0.0,5893,jw05893016003_02101_00003_nrcb4_cal.fits,117573120,266453987,PUBLIC,2,F200W
266450438,JWST,image,jw05893016004_02101_00003_nrcb4,exposure (L2b): 2D calibrated exposure average over integrations,S,mast:JWST/product/jw05893016004_02101_00003_nrcb4_cal.fits,SCIENCE,,CAL,,CALJWST,2.0.0,5893,jw05893016004_02101_00003_nrcb4_cal.fits,117573120,266453987,PUBLIC,2,F200W
266450439,JWST,image,jw05893016003_02101_00001_nrca2,exposure (L2b): 2D calibrated exposure average over integrations,S,mast:JWST/product/jw05893016003_02101_00001_nrca2_cal.fits,SCIENCE,,CAL,,CALJWST,2.0.0,5893,jw05893016003_02101_00001_nrca2_cal.fits,117570240,266453987,PUBLIC,2,F200W
266450440,JWST,image,jw05893016004_02101_00003_nrcb2,exposure (L2b): 2D calibrated exposure average over integrations,S,mast:JWST/product/jw05893016004_02101_00003_nrcb2_cal.fits,SCIENCE,,CAL,,CALJWST,2.0.0,5893,jw05893016004_02101_00003_nrcb2_cal.fits,117573120,266453987,PUBLIC,2,F200W
266450441,JWST,image,jw05893016004_02101_00006_nrcb3,exposure (L2b): 2D calibrated exposure average over integrations,S,mast:JWST/product/jw05893016004_02101_00006_nrcb3_cal.fits,SCIENCE,,CAL,,CALJWST,2.0.0,5893,jw05893016004_02101_00006_nrcb3_cal.fits,117573120,266453987,PUBLIC,2,F200W
266450445,JWST,image,jw05893016004_02101_00002_nrcb2,exposure (L2b): 2D calibrated exposure average over integrations,S,mast:JWST/product/jw05893016004_02101_00002_nrcb2_cal.fits,SCIENCE,,CAL,,CALJWST,2.0.0,5893,jw05893016004_02101_00002_nrcb2_cal.fits,117573120,266453987,PUBLIC,2,F200W
266450446,JWST,image,jw05893016003_02101_00001_nrca4,exposure (L2b): 2D calibrated exposure average over integrations,S,mast:JWST/product/jw05893016003_02101_00001_nrca4_cal.fits,SCIENCE,,CAL,,CALJWST,2.0.0,5893,jw05893016003_02101_00001_nrca4_cal.fits,117573120,266453987,PUBLIC,2,F200W
266450447,JWST,image,jw05893016004_02101_00001_nrcb3,exposure (L2b): 2D calibrated exposure average over integrations,S,mast:JWST/product/jw05893016004_02101_00001_nrcb3_cal.fits,SCIENCE,,CAL,,CALJWST,2.0.0,5893,jw05893016004_02101_00001_nrcb3_cal.fits,117573120,266453987,PUBLIC,2,F200W
266450453,JWST,image,jw05893016003_02101_00005_nrca3,exposure (L2b): 2D calibrated exposure average over integrations,S,mast:JWST/product/jw05893016003_02101_00005_nrca3_cal.fits,SCIENCE,,CAL,,CALJWST,2.0.0,5893,jw05893016003_02101_00005_nrca3_cal.fits,117573120,266453987,PUBLIC,2,F200W
266450456,JWST,image,jw05893016003_02101_00006_nrcb4,exposure (L2b): 2D calibrated exposure average over integrations,S,mast:JWST/product/jw05893016003_02101_00006_nrcb4_cal.fits,SCIENCE,,CAL,,CALJWST,2.0.0,5893,jw05893016003_02101_00006_nrcb4_cal.fits,117573120,266453987,PUBLIC,2,F200W
266450470,JWST,image,jw05893016003_02101_00006_nrcb3,exposure (L2b): 2D calibrated exposure average over integrations,S,mast:JWST/product/jw05893016003_02101_00006_nrcb3_cal.fits,SCIENCE,,CAL,,CALJWST,2.0.0,5893,jw05893016003_02101_00006_nrcb3_cal.fits,117573120,266453987,PUBLIC,2,F200W
266450471,JWST,image,jw05893016003_02101_00002_nrcb4,exposure (L2b): 2D calibrated exposure average over integrations,S,mast:JWST/product/jw05893016003_02101_00002_nrcb4_cal.fits,SCIENCE,,CAL,,CALJWST,2.0.0,5893,jw05893016003_02101_00002_nrcb4_cal.fits,117573120,266453987,PUBLIC,2,F200W
266450473,JWST,image,jw05893016003_02101_00002_nrca2,exposure (L2b): 2D calibrated exposure average over integrations,S,mast:JWST/product/jw05893016003_02101_00002_nrca2_cal.fits,SCIENCE,,CAL,,CALJWST,2.0.0,5893,jw05893016003_02101_00002_nrca2_cal.fits,117570240,266453987,PUBLIC,2,F200W
266450477,JWST,image,jw05893016003_02101_00006_nrca4,exposure (L2b): 2D calibrated exposure average over integrations,S,mast:JWST/product/jw05893016003_02101_00006_nrca4_cal.fits,SCIENCE,,CAL,,CALJWST,2.0.0,5893,jw05893016003_02101_00006_nrca4_cal.fits,117573120,266453987,PUBLIC,2,F200W
266450479,JWST,image,jw05893016003_02101_00003_nrca4,exposure (L2b): 2D calibrated exposure average over integrations,S,mast:JWST/product/jw05893016003_02101_00003_nrca4_cal.fits,SCIENCE,,CAL,,CALJWST,2.0.0,5893,jw05893016003_02101_00003_nrca4_cal.fits,117573120,266453987,PUBLIC,2,F200W
266450481,JWST,image,jw05893016003_02101_00001_nrca3,exposure (L2b): 2D calibrated exposure average over integrations,S,mast:JWST/product/jw05893016003_02101_00001_nrca3_cal.fits,SCIENCE,,CAL,,CALJWST,2.0.0,5893,jw05893016003_02101_00001_nrca3_cal.fits,117573120,266453987,PUBLIC,2,F200W
266450483,JWST,image,jw05893016003_02101_00005_nrcb2,exposure (L2b): 2D calibrated exposure average over integrations,S,mast:JWST/product/jw05893016003_02101_00005_nrcb2_cal.fits,SCIENCE,,CAL,,CALJWST,2.0.0,5893,jw05893016003_02101_00005_nrcb2_cal.fits,117573120,266453987,PUBLIC,2,F200W
266450484,JWST,image,jw05893016003_02101_00002_nrcb3,exposure (L2b): 2D calibrated exposure average over integrations,S,mast:JWST/product/jw05893016003_02101_00002_nrcb3_cal.fits,SCIENCE,,CAL,,CALJWST,2.0.0,5893,jw05893016003_02101_00002_nrcb3_cal.fits,117573120,266453987,PUBLIC,2,F200W
266450487,JWST,image,jw05893016003_02101_00005_nrcb1,exposure (L2b): 2D calibrated exposure average over integrations,S,mast:JWST/product/jw05893016003_02101_00005_nrcb1_cal.fits,SCIENCE,,CAL,,CALJWST,2.0.0,5893,jw05893016003_02101_00005_nrcb1_cal.fits,117573120,266453987,PUBLIC,2,F200W
266450491,JWST,image,jw05893016003_02101_00001_nrcb2,exposure (L2b): 2D calibrated exposure average over integrations,S,mast:JWST/product/jw05893016003_02101_00001_nrcb2_cal.fits,SCIENCE,,CAL,,CALJWST,2.0.0,5893,jw05893016003_02101_00001_nrcb2_cal.fits,117573120,266453987,PUBLIC,2,F200W
266450492,JWST,image,jw05893016003_02101_00003_nrcb1,exposure (L2b): 2D calibrated exposure average over integrations,S,mast:JWST/product/jw05893016003_02101_00003_nrcb1_cal.fits,SCIENCE,,CAL,,CALJWST,2.0.0,5893,jw05893016003_02101_00003_nrcb1_cal.fits,117573120,266453987,PUBLIC,2,F200W
266450493,JWST,image,jw05893016003_02101_00003_nrcb2,exposure (L2b): 2D calibrated exposure average over integrations,S,mast:JWST/product/jw05893016003_02101_00003_nrcb2_cal.fits,SCIENCE,,CAL,,CALJWST,2.0.0,5893,jw05893016003_02101_00003_nrcb2_cal.fits,117573120,266453987,PUBLIC,2,F200W
266450494,JWST,image,jw05893016003_02101_00001_nrca1,exposure (L2b): 2D calibrated exposure average over integrations,S,mast:JWST/product/jw05893016003_02101_00001_nrca1_cal.fits,SCIENCE,,CAL,,CALJWST,2.0.0,5893,jw05893016003_02101_00001_nrca1_cal.fits,117570240,266453987,PUBLIC,2,F200W
266450495,JWST,image,jw05893016003_02101_00005_nrcb4,exposure (L2b): 2D calibrated exposure average over integrations,S,mast:JWST/product/jw05893016003_02101_00005_nrcb4_cal.fits,SCIENCE,,CAL,,CALJWST,2.0.0,5893,jw05893016003_02101_00005_nrcb4_cal.fits,117573120,266453987,PUBLIC,2,F200W
266450496,JWST,image,jw05893016003_02101_00002_nrca1,exposure (L2b): 2D calibrated exposure average over integrations,S,mast:JWST/product/jw05893016003_02101_00002_nrca1_cal.fits,SCIENCE,,CAL,,CALJWST,2.0.0,5893,jw05893016003_02101_00002_nrca1_cal.fits,117570240,266453987,PUBLIC,2,F200W
266450497,JWST,image,jw05893016003_02101_00004_nrcb3,exposure (L2b): 2D calibrated exposure average over integrations,S,mast:JWST/product/jw05893016003_02101_00004_nrcb3_cal.fits,SCIENCE,,CAL,,CALJWST,2.0.0,5893,jw05893016003_02101_00004_nrcb3_cal.fits,117573120,266453987,PUBLIC,2,F200W
266450499,JWST,image,jw05893016003_02101_00003_nrcb3,exposure (L2b): 2D calibrated exposure average over integrations,S,mast:JWST/product/jw05893016003_02101_00003_nrcb3_cal.fits,SCIENCE,,CAL,,CALJWST,2.0.0,5893,jw05893016003_02101_00003_nrcb3_cal.fits,117573120,266453987,PUBLIC,2,F200W
266450500,JWST,image,jw05893016003_02101_00004_nrca3,exposure (L2b): 2D calibrated exposure average over integrations,S,mast:JWST/product/jw05893016003_02101_00004_nrca3_cal.fits,SCIENCE,,CAL,,CALJWST,2.0.0,5893,jw05893016003_02101_00004_nrca3_cal.fits,117573120,266453987,PUBLIC,2,F200W
266450501,JWST,image,jw05893016003_02101_00005_nrca4,exposure (L2b): 2D calibrated exposure average over integrations,S,mast:JWST/product/jw05893016003_02101_00005_nrca4_cal.fits,SCIENCE,,CAL,,CALJWST,2.0.0,5893,jw05893016003_02101_00005_nrca4_cal.fits,117573120,266453987,PUBLIC,2,F200W
