obsID,obs_collection,dataproduct_type,obs_id,description,type,dataURI,productType,productGroupDescription,productSubGroupDescription,productDocumentationURL,project,prvversion,proposal_id,productFilename,size,parent_obsid,dataRights,calib_level,filters
266148091,JWST,image,jw05893012004_03101_00001_nrcb2,exposure (L2b): 2D calibrated exposure average over integrations,S,mast:JWST/product/jw05893012004_03101_00001_nrcb2_cal.fits,SCIENCE,,CAL,,CALJWST,2.0.0,5893,jw05893012004_03101_00001_nrcb2_cal.fits,117573120,266380994,PUBLIC,2,F115W
266148151,JWST,image,jw05893012004_05101_00002_nrcb2,exposure (L2b): 2D calibrated exposure average over integrations,S,mast:JWST/product/jw05893012004_05101_00002_nrcb2_cal.fits,SCIENCE,,CAL,,CALJWST,2.0.0,5893,jw05893012004_05101_00002_nrcb2_cal.fits,117573120,266380994,PUBLIC,2,F115W
266148410,JWST,image,jw05893012004_03101_00001_nrcb1,exposure (L2b): 2D calibrated exposure average over integrations,S,mast:JWST/product/jw05893012004_03101_00001_nrcb1_cal.fits,SCIENCE,,CAL,,CALJWST,2.0.0,5893,jw05893012004_03101_00001_nrcb1_cal.fits,117573120,266380994,PUBLIC,2,F115W
266148578,JWST,image,jw05893012004_03101_00001_nrca2,exposure (L2b): 2D calibrated exposure average over integrations,S,mast:JWST/product/jw05893012004_03101_00001_nrca2_cal.fits,SCIENCE,,CAL,,CALJWST,2.0.0,5893,jw05893012004_03101_00001_nrca2_cal.fits,117570240,266380994,PUBLIC,2,F115W
266148631,JWST,image,jw05893012004_05101_00001_nrcb3,exposure (L2b): 2D calibrated exposure average over integrations,S,mast:JWST/product/jw05893012004_05101_00001_nrcb3_cal.fits,SCIENCE,,CAL,,CALJWST,2.0.0,5893,jw05893012004_05101_00001_nrcb3_cal.fits,117573120,266380994,PUBLIC,2,F115W
266148672,JWST,image,jw05893012004_03101_00001_nrcb4,exposure (L2b): 2D calibrated exposure average over integrations,S,mast:JWST/product/jw05893012004_03101_00001_nrcb4_cal.fits,SCIENCE,,CAL,,CALJWST,2.0.0,5893,jw05893012004_03101_00001_nrcb4_cal.fits,117573120,266380994,PUBLIC,2,F115W
266148930,JWST,image,jw05893012004_05101_00001_nrcb2,exposure (L2b): 2D calibrated exposure average over integrations,S,mast:JWST/product/jw05893012004_05101_00001_nrcb2_cal.fits,SCIENCE,,CAL,,CALJWST,2.0.0,5893,jw05893012004_05101_00001_nrcb2_cal.fits,117573120,266380994,PUBLIC,2,F115W
266149035,JWST,image,jw05893012004_03101_00001_nrcb3,exposure (L2b): 2D calibrated exposure average over integrations,S,mast:JWST/product/jw05893012004_03101_00001_nrcb3_cal.fits,SCIENCE,,CAL,,CALJWST,2.0.0,5893,jw05893012004_03101_00001_nrcb3_cal.fits,117573120,266380994,PUBLIC,2,F115W
266149598,JWST,image,jw05893012004_05101_00001_nrca4,exposure (L2b): 2D calibrated exposure average over integrations,S,mast:JWST/product/jw05893012004_05101_00001_nrca4_cal.fits,SCIENCE,,CAL,,CALJWST,2.0.0,5893,jw05893012004_05101_00001_nrca4_cal.fits,117573120,266380994,PUBLIC,2,F115W
266149900,JWST,image,jw05893012004_05101_00001_nrca2,exposure (L2b): 2D calibrated exposure average over integrations,S,mast:JWST/product/jw05893012004_05101_00001_nrca2_cal.fits,SCIENCE,,CAL,,CALJWST,2.0.0,5893,jw05893012004_05101_00001_nrca2_cal.fits,117570240,266380994,PUBLIC,2,F115W
266150663,JWST,image,jw05893012004_05101_00001_nrca3,exposure (L2b): 2D calibrated exposure average over integrations,S,mast:JWST/product/jw05893012004_05101_00001_nrca3_cal.fits,SCIENCE,,CAL,,CALJWST,2.0.0,5893,jw05893012004_05101_00001_nrca3_cal.fits,117573120,266380994,PUBLIC,2,F115W
266150860,JWST,image,jw05893012004_05101_00001_nrcb1,exposure (L2b): 2D calibrated exposure average over integrations,S,mast:JWST/product/jw05893012004_05101_00001_nrcb1_cal.fits,SCIENCE,,CAL,,CALJWST,2.0.0,5893,jw05893012004_05101_00001_nrcb1_cal.fits,117573120,266380994,PUBLIC,2,F115W
266151156,JWST,image,jw05893012004_03101_00001_nrca1,exposure (L2b): 2D calibrated exposure average over integrations,S,mast:JWST/product/jw05893012004_03101_00001_nrca1_cal.fits,SCIENCE,,CAL,,CALJWST,2.0.0,5893,jw05893012004_03101_00001_nrca1_cal.fits,117573120,266380994,PUBLIC,2,F115W
266151309,JWST,image,jw05893012004_05101_00001_nrca1,exposure (L2b): 2D calibrated exposure average over integrations,S,mast:JWST/product/jw05893012004_05101_00001_nrca1_cal.fits,SCIENCE,,CAL,,CALJWST,2.0.0,5893,jw05893012004_05101_00001_nrca1_cal.fits,117573120,266380994,PUBLIC,2,F115W
266151569,JWST,image,jw05893012004_03101_00001_nrca3,exposure (L2b): 2D calibrated exposure average over integrations,S,mast:JWST/product/jw05893012004_03101_00001_nrca3_cal.fits,SCIENCE,,CAL,,CALJWST,2.0.0,5893,jw05893012004_03101_00001_nrca3_cal.fits,117573120,266380994,PUBLIC,2,F115W
266151677,JWST,image,jw05893012004_03101_00001_nrca4,exposure (L2b): 2D calibrated exposure average over integrations,S,mast:JWST/product/jw05893012004_03101_00001_nrca4_cal.fits,SCIENCE,,CAL,,CALJWST,2.0.0,5893,jw05893012004_03101_00001_nrca4_cal.fits,117573120,266380994,PUBLIC,2,F115W
266181375,JWST,image,jw05893012004_05101_00002_nrcb4,exposure (L2b): 2D calibrated exposure average over integrations,S,mast:JWST/product/jw05893012004_05101_00002_nrcb4_cal.fits,SCIENCE,,CAL,,CALJWST,2.0.0,5893,jw05893012004_05101_00002_nrcb4_cal.fits,117573120,266380994,PUBLIC,2,F115W
266181522,JWST,image,jw05893012004_05101_00002_nrca3,exposure (L2b): 2D calibrated exposure average over integrations,S,mast:JWST/product/jw05893012004_05101_00002_nrca3_cal.fits,SCIENCE,,CAL,,CALJWST,2.0.0,5893,jw05893012004_05101_00002_nrca3_cal.fits,117573120,266380994,PUBLIC,2,F115W
266181783,JWST,image,jw05893012004_05101_00001_nrcb4,exposure (L2b): 2D calibrated exposure average over integrations,S,mast:JWST/product/jw05893012004_05101_00001_nrcb4_cal.fits,SCIENCE,,CAL,,CALJWST,2.0.0,5893,jw05893012004_05101_00001_nrcb4_cal.fits,117573120,266380994,PUBLIC,2,F115W
266181864,JWST,image,jw05893012004_05101_00002_nrcb3,exposure (L2b): 2D calibrated exposure average over integrations,S,mast:JWST/product/jw05893012004_05101_00002_nrcb3_cal.fits,SCIENCE,,CAL,,CALJWST,2.0.0,5893,jw05893012004_05101_00002_nrcb3_cal.fits,117573120,266380994,PUBLIC,2,F115W
266181932,JWST,image,jw05893012004_05101_00002_nrca1,exposure (L2b): 2D calibrated exposure average over integrations,S,mast:JWST/product/jw05893012004_05101_00002_nrca1_cal.fits,SCIENCE,,CAL,,CALJWST,2.0.0,5893,jw05893012004_05101_00002_nrca1_cal.fits,117573120,266380994,PUBLIC,2,F115W
266182076,JWST,image,jw05893012004_05101_00002_nrca4,exposure (L2b): 2D calibrated exposure average over integrations,S,mast:JWST/product/jw05893012004_05101_00002_nrca4_cal.fits,SCIENCE,,CAL,,CALJWST,2.0.0,5893,jw05893012004_05101_00002_nrca4_cal.fits,117573120,266380994,PUBLIC,2,F115W
266182293,JWST,image,jw05893012004_05101_00002_nrcb1,exposure (L2b): 2D calibrated exposure average over integrations,S,mast:JWST/product/jw05893012004_05101_00002_nrcb1_cal.fits,SCIENCE,,CAL,,CALJWST,2.0.0,5893,jw05893012004_05101_00002_nrcb1_cal.fits,117573120,266380994,PUBLIC,2,F115W
266182471,JWST,image,jw05893012004_05101_00002_nrca2,exposure (L2b): 2D calibrated exposure average over integrations,S,mast:JWST/product/jw05893012004_05101_00002_nrca2_cal.fits,SCIENCE,,CAL,,CALJWST,2.0.0,5893,jw05893012004_05101_00002_nrca2_cal.fits,117570240,266380994,PUBLIC,2,F115W
266201354,JWST,image,jw05893012003_05101_00002_nrca1,exposure (L2b): 2D calibrated exposure average over integrations,S,mast:JWST/product/jw05893012003_05101_00002_nrca1_cal.fits,SCIENCE,,CAL,,CALJWST,2.0.0,5893,jw05893012003_05101_00002_nrca1_cal.fits,117573120,266380994,PUBLIC,2,F115W
266201406,JWST,image,jw05893012003_05101_00001_nrca2,exposure (L2b): 2D calibrated exposure average over integrations,S,mast:JWST/product/jw05893012003_05101_00001_nrca2_cal.fits,SCIENCE,,CAL,,CALJWST,2.0.0,5893,jw05893012003_05101_00001_nrca2_cal.fits,117570240,266380994,PUBLIC,2,F115W
266201515,JWST,image,jw05893012003_05101_00002_nrcb2,exposure (L2b): 2D calibrated exposure average over integrations,S,mast:JWST/product/jw05893012003_05101_00002_nrcb2_cal.fits,SCIENCE,,CAL,,CALJWST,2.0.0,5893,jw05893012003_05101_00002_nrcb2_cal.fits,117573120,266380994,PUBLIC,2,F115W
266201556,JWST,image,jw05893012003_05101_00002_nrcb3,exposure (L2b): 2D calibrated exposure average over integrations,S,mast:JWST/product/jw05893012003_05101_00002_nrcb3_cal.fits,SCIENCE,,CAL,,CALJWST,2.0.0,5893,jw05893012003_05101_00002_nrcb3_cal.fits,117573120,266380994,PUBLIC,2,F115W
266201632,JWST,image,jw05893012003_03101_00001_nrcb2,exposure (L2b): 2D calibrated exposure average over integrations,S,mast:JWST/product/jw05893012003_03101_00001_nrcb2_cal.fits,SCIENCE,,CAL,,CALJWST,2.0.0,5893,jw05893012003_03101_00001_nrcb2_cal.fits,117573120,266380994,PUBLIC,2,F115W
266201681,JWST,image,jw05893012003_05101_00002_nrca3,exposure (L2b): 2D calibrated exposure average over integrations,S,mast:JWST/product/jw05893012003_05101_00002_nrca3_cal.fits,SCIENCE,,CAL,,CALJWST,2.0.0,5893,jw05893012003_05101_00002_nrca3_cal.fits,117573120,266380994,PUBLIC,2,F115W
266201702,JWST,image,jw05893012003_03101_00001_nrcb3,exposure (L2b): 2D calibrated exposure average over integrations,S,mast:JWST/product/jw05893012003_03101_00001_nrcb3_cal.fits,SCIENCE,,CAL,,CALJWST,2.0.0,5893,jw05893012003_03101_00001_nrcb3_cal.fits,117573120,266380994,PUBLIC,2,F115W
266201710,JWST,image,jw05893012003_05101_00002_nrcb4,exposure (L2b): 2D calibrated exposure average over integrations,S,mast:JWST/product/jw05893012003_05101_00002_nrcb4_cal.fits,SCIENCE,,CAL,,CALJWST,2.0.0,5893,jw05893012003_05101_00002_nrcb4_cal.fits,117573120,266380994,PUBLIC,2,F115W
266201738,JWST,image,jw05893012003_05101_00002_nrcb1,exposure (L2b): 2D calibrated exposure average over integrations,S,mast:JWST/product/jw05893012003_05101_00002_nrcb1_cal.fits,SCIENCE,,CAL,,CALJWST,2.0.0,5893,jw05893012003_05101_00002_nrcb1_cal.fits,117573120,266380994,PUBLIC,2,F115W
266201785,JWST,image,jw05893012003_03101_00001_nrca1,exposure (L2b): 2D calibrated exposure average over integrations,S,mast:JWST/product/jw05893012003_03101_00001_nrca1_cal.fits,SCIENCE,,CAL,,CALJWST,2.0.0,5893,jw05893012003_03101_00001_nrca1_cal.fits,117573120,266380994,PUBLIC,2,F115W
266201808,JWST,image,jw05893012003_05101_00001_nrcb2,exposure (L2b): 2D calibrated exposure average over integrations,S,mast:JWST/product/jw05893012003_05101_00001_nrcb2_cal.fits,SCIENCE,,CAL,,CALJWST,2.0.0,5893,jw05893012003_05101_00001_nrcb2_cal.fits,117573120,266380994,PUBLIC,2,F115W
266201815,JWST,image,jw05893012003_05101_00001_nrcb3,exposure (L2b): 2D calibrated exposure average over integrations,S,mast:JWST/product/jw05893012003_05101_00001_nrcb3_cal.fits,SCIENCE,,CAL,,CALJWST,2.0.0,5893,jw05893012003_05101_00001_nrcb3_cal.fits,117573120,266380994,PUBLIC,2,F115W
266201889,JWST,image,jw05893012003_05101_00001_nrca4,exposure (L2b): 2D calibrated exposure average over integrations,S,mast:JWST/product/jw05893012003_05101_00001_nrca4_cal.fits,SCIENCE,,CAL,,CALJWST,2.0.0,5893,jw05893012003_05101_00001_nrca4_cal.fits,117573120,266380994,PUBLIC,2,F115W
266201950,JWST,image,jw05893012003_05101_00001_nrca1,exposure (L2b): 2D calibrated exposure average over integrations,S,mast:JWST/product/jw05893012003_05101_00001_nrca1_cal.fits,SCIENCE,,CAL,,CALJWST,2.0.0,5893,jw05893012003_05101_00001_nrca1_cal.fits,117573120,266380994,PUBLIC,2,F115W
266201965,JWST,image,jw05893012003_03101_00001_nrca2,exposure (L2b): 2D calibrated exposure average over integrations,S,mast:JWST/product/jw05893012003_03101_00001_nrca2_cal.fits,SCIENCE,,CAL,,CALJWST,2.0.0,5893,jw05893012003_03101_00001_nrca2_cal.fits,117570240,266380994,PUBLIC,2,F115W
266202018,JWST,image,jw05893012003_03101_00001_nrca4,exposure (L2b): 2D calibrated exposure average over integrations,S,mast:JWST/product/jw05893012003_03101_00001_nrca4_cal.fits,SCIENCE,,CAL,,CALJWST,2.0.0,5893,jw05893012003_03101_00001_nrca4_cal.fits,117573120,266380994,PUBLIC,2,F115W
266202037,JWST,image,jw05893012003_05101_00002_nrca2,exposure (L2b): 2D calibrated exposure average over integrations,S,mast:JWST/product/jw05893012003_05101_00002_nrca2_cal.fits,SCIENCE,,CAL,,CALJWST,2.0.0,5893,jw05893012003_05101_00002_nrca2_cal.fits,117570240,266380994,PUBLIC,2,F115W
266202046,JWST,image,jw05893012003_05101_00001_nrcb1,exposure (L2b): 2D calibrated exposure average over integrations,S,mast:JWST/product/jw05893012003_05101_00001_nrcb1_cal.fits,SCIENCE,,CAL,,CALJWST,2.0.0,5893,jw05893012003_05101_00001_nrcb1_cal.fits,117573120,266380994,PUBLIC,2,F115W
266202079,JWST,image,jw05893012003_05101_00001_nrca3,exposure (L2b): 2D calibrated exposure average over integrations,S,mast:JWST/product/jw05893012003_05101_00001_nrca3_cal.fits,SCIENCE,,CAL,,CALJWST,2.0.0,5893,jw05893012003_05101_00001_nrca3_cal.fits,117573120,266380994,PUBLIC,2,F115W
266202085,JWST,image,jw05893012003_05101_00001_nrcb4,exposure (L2b): 2D calibrated exposure average over integrations,S,mast:JWST/product/jw05893012003_05101_00001_nrcb4_cal.fits,SCIENCE,,CAL,,CALJWST,2.0.0,5893,jw05893012003_05101_00001_nrcb4_cal.fits,117573120,266380994,PUBLIC,2,F115W
266202088,JWST,image,jw05893012003_03101_00001_nrcb1,exposure (L2b): 2D calibrated exposure average over integrations,S,mast:JWST/product/jw05893012003_03101_00001_nrcb1_cal.fits,SCIENCE,,CAL,,CALJWST,2.0.0,5893,jw05893012003_03101_00001_nrcb1_cal.fits,117573120,266380994,PUBLIC,2,F115W
266202096,JWST,image,jw05893012003_05101_00002_nrca4,exposure (L2b): 2D calibrated exposure average over integrations,S,mast:JWST/product/jw05893012003_05101_00002_nrca4_cal.fits,SCIENCE,,CAL,,CALJWST,2.0.0,5893,jw05893012003_05101_00002_nrca4_cal.fits,117573120,266380994,PUBLIC,2,F115W
266202167,JWST,image,jw05893012003_03101_00001_nrcb4,exposure (L2b): 2D calibrated exposure average over integrations,S,mast:JWST/product/jw05893012003_03101_00001_nrcb4_cal.fits,SCIENCE,,CAL,,CALJWST,2.0.0,5893,jw05893012003_03101_00001_nrcb4_cal.fits,117573120,266380994,PUBLIC,2,F115W
266202228,JWST,image,jw05893012003_03101_00001_nrca3,exposure (L2b): 2D calibrated exposure average over integrations,S,mast:JWST/product/jw05893012003_03101_00001_nrca3_cal.fits,SCIENCE,,CAL,,CALJWST,2.0.0,5893,jw05893012003_03101_00001_nrca3_cal.fits,117573120,266380994,PUBLIC,2,F115W
266226870,JWST,image,jw05893012001_05101_00001_nrcb4,exposure (L2b): 2D calibrated exposure average over integrations,S,mast:JWST/product/jw05893012001_05101_00001_nrcb4_cal.fits,SCIENCE,,CAL,,CALJWST,2.0.0,5893,jw05893012001_05101_00001_nrcb4_cal.fits,117573120,266380994,PUBLIC,2,F115W
266226882,JWST,image,jw05893012001_03101_00001_nrcb1,exposure (L2b): 2D calibrated exposure average over integrations,S,mast:JWST/product/jw05893012001_03101_00001_nrcb1_cal.fits,SCIENCE,,CAL,,CALJWST,2.0.0,5893,jw05893012001_03101_00001_nrcb1_cal.fits,117573120,266380994,PUBLIC,2,F115W
266226902,JWST,image,jw05893012001_05101_00001_nrcb1,exposure (L2b): 2D calibrated exposure average over integrations,S,mast:JWST/product/jw05893012001_05101_00001_nrcb1_cal.fits,SCIENCE,,CAL,,CALJWST,2.0.0,5893,jw05893012001_05101_00001_nrcb1_cal.fits,117573120,266380994,PUBLIC,2,F115W
266226909,JWST,image,jw05893012001_05101_00001_nrcb2,exposure (L2b): 2D calibrated exposure average over integrations,S,mast:JWST/product/jw05893012001_05101_00001_nrcb2_cal.fits,SCIENCE,,CAL,,CALJWST,2.0.0,5893,jw05893012001_05101_00001_nrcb2_cal.fits,117573120,266380994,PUBLIC,2,F115W
266226921,JWST,image,jw05893012001_05101_00001_nrca2,exposure (L2b): 2D calibrated exposure average over integrations,S,mast:JWST/product/jw05893012001_05101_00001_nrca2_cal.fits,SCIENCE,,CAL,,CALJWST,2.0.0,5893,jw05893012001_05101_00001_nrca2_cal.fits,117570240,266380994,PUBLIC,2,F115W
266226932,JWST,image,jw05893012001_03101_00001_nrca1,exposure (L2b): 2D calibrated exposure average over integrations,S,mast:JWST/product/jw05893012001_03101_00001_nrca1_cal.fits,SCIENCE,,CAL,,CALJWST,2.0.0,5893,jw05893012001_03101_00001_nrca1_cal.fits,117573120,266380994,PUBLIC,2,F115W
266227002,JWST,image,jw05893012001_05101_00001_nrca1,exposure (L2b): 2D calibrated exposure average over integrations,S,mast:JWST/product/jw05893012001_05101_00001_nrca1_cal.fits,SCIENCE,,CAL,,CALJWST,2.0.0,5893,jw05893012001_05101_00001_nrca1_cal.fits,117573120,266380994,PUBLIC,2,F115W
266227008,JWST,image,jw05893012001_05101_00001_nrca4,exposure (L2b): 2D calibrated exposure average over integrations,S,mast:JWST/product/jw05893012001_05101_00001_nrca4_cal.fits,SCIENCE,,CAL,,CALJWST,2.0.0,5893,jw05893012001_05101_00001_nrca4_cal.fits,117573120,266380994,PUBLIC,2,F115W
266227016,JWST,image,jw05893012001_03101_00001_nrcb4,exposure (L2b): 2D calibrated exposure average over integrations,S,mast:JWST/product/jw05893012001_03101_00001_nrcb4_cal.fits,SCIENCE,,CAL,,CALJWST,2.0.0,5893,jw05893012001_03101_00001_nrcb4_cal.fits,117573120,266380994,PUBLIC,2,F115W
266227048,JWST,image,jw05893012001_03101_00001_nrca4,exposure (L2b): 2D calibrated exposure average over integrations,S,mast:JWST/product/jw05893012001_03101_00001_nrca4_cal.fits,SCIENCE,,CAL,,CALJWST,2.0.0,5893,jw05893012001_03101_00001_nrca4_cal.fits,117573120,266380994,PUBLIC,2,F115W
266227106,JWST,image,jw05893012001_05101_00002_nrca3,exposure (L2b): 2D calibrated exposure average over integrations,S,mast:JWST/product/jw05893012001_05101_00002_nrca3_cal.fits,SCIENCE,,CAL,,CALJWST,2.0.0,5893,jw05893012001_05101_00002_nrca3_cal.fits,117573120,266380994,PUBLIC,2,F115W
266227125,JWST,image,jw05893012001_03101_00001_nrcb2,exposure (L2b): 2D calibrated exposure average over integrations,S,mast:JWST/product/jw05893012001_03101_00001_nrcb2_cal.fits,SCIENCE,,CAL,,CALJWST,2.0.0,5893,jw05893012001_03101_00001_nrcb2_cal.fits,117573120,266380994,PUBLIC,2,F115W
266227137,JWST,image,jw05893012001_05101_00002_nrcb4,exposure (L2b): 2D calibrated exposure average over integrations,S,mast:JWST/product/jw05893012001_05101_00002_nrcb4_cal.fits,SCIENCE,,CAL,,CALJWST,2.0.0,5893,jw05893012001_05101_00002_nrcb4_cal.fits,117573120,266380994,PUBLIC,2,F115W
266227195,JWST,image,jw05893012001_05101_00001_nrca3,exposure (L2b): 2D calibrated exposure average over integrations,S,mast:JWST/product/jw05893012001_05101_00001_nrca3_cal.fits,SCIENCE,,CAL,,CALJWST,2.0.0,5893,jw05893012001_05101_00001_nrca3_cal.fits,117573120,266380994,PUBLIC,2,F115W
266227228,JWST,image,jw05893012001_05101_00001_nrcb3,exposure (L2b): 2D calibrated exposure average over integrations,S,mast:JWST/product/jw05893012001_05101_00001_nrcb3_cal.fits,SCIENCE,,CAL,,CALJWST,2.0.0,5893,jw05893012001_05101_00001_nrcb3_cal.fits,117573120,266380994,PUBLIC,2,F115W
266227248,JWST,image,jw05893012001_03101_00001_nrcb3,exposure (L2b): 2D calibrated exposure average over integrations,S,mast:JWST/product/jw05893012001_03101_00001_nrcb3_cal.fits,SCIENCE,,CAL,,CALJWST,2.0.0,5893,jw05893012001_03101_00001_nrcb3_cal.fits,117573120,266380994,PUBLIC,2,F115W
266227262,JWST,image,jw05893012001_03101_00001_nrca2,exposure (L2b): 2D calibrated exposure average over integrations,S,mast:JWST/product/jw05893012001_03101_00001_nrca2_cal.fits,SCIENCE,,CAL,,CALJWST,2.0.0,5893,jw05893012001_03101_00001_nrca2_cal.fits,117570240,266380994,PUBLIC,2,F115W
266227267,JWST,image,jw05893012001_03101_00001_nrca3,exposure (L2b): 2D calibrated exposure average over integrations,S,mast:JWST/product/jw05893012001_03101_00001_nrca3_cal.fits,SCIENCE,,CAL,,CALJWST,2.0.0,5893,jw05893012001_03101_00001_nrca3_cal.fits,117573120,266380994,PUBLIC,2,F115W
266227281,JWST,image,jw05893012001_05101_00002_nrcb3,exposure (L2b): 2D calibrated exposure average over integrations,S,mast:JWST/product/jw05893012001_05101_00002_nrcb3_cal.fits,SCIENCE,,CAL,,CALJWST,2.0.0,5893,jw05893012001_05101_00002_nrcb3_cal.fits,117573120,266380994,PUBLIC,2,F115W
266229264,JWST,image,jw05893012001_05101_00002_nrcb2,exposure (L2b): 2D calibrated exposure average over integrations,S,mast:JWST/product/jw05893012001_05101_00002_nrcb2_cal.fits,SCIENCE,,CAL,,CALJWST,2.0.0,5893,jw05893012001_05101_00002_nrcb2_cal.fits,117573120,266380994,PUBLIC,2,F115W
266229265,JWST,image,jw05893012001_05101_00002_nrcb1,exposure (L2b): 2D calibrated exposure average over integrations,S,mast:JWST/product/jw05893012001_05101_00002_nrcb1_cal.fits,SCIENCE,,CAL,,CALJWST,2.0.0,5893,jw05893012001_05101_00002_nrcb1_cal.fits,117573120,266380994,PUBLIC,2,F115W
266229266,JWST,image,jw05893012001_05101_00002_nrca2,exposure (L2b): 2D calibrated exposure average over integrations,S,mast:JWST/product/jw05893012001_05101_00002_nrca2_cal.fits,SCIENCE,,CAL,,CALJWST,2.0.0,5893,jw05893012001_05101_00002_nrca2_cal.fits,117570240,266380994,PUBLIC,2,F115W
266229267,JWST,image,jw05893012001_05101_00002_nrca1,exposure (L2b): 2D calibrated exposure average over integrations,S,mast:JWST/product/jw05893012001_05101_00002_nrca1_cal.fits,SCIENCE,,CAL,,CALJWST,2.0.0,5893,jw05893012001_05101_00002_nrca1_cal.fits,117573120,266380994,PUBLIC,2,F115W
266229269,JWST,image,jw05893012001_05101_00002_nrca4,exposure (L2b): 2D calibrated exposure average over integrations,S,mast:JWST/product/jw05893012001_05101_00002_nrca4_cal.fits,SCIENCE,,CAL,,CALJWST,2.0.0,5893,jw05893012001_05101_00002_nrca4_cal.fits,117573120,266380994,PUBLIC,2,F115W
266229350,JWST,image,jw05893012002_03101_00001_nrcb4,exposure (L2b): 2D calibrated exposure average over integrations,S,mast:JWST/product/jw05893012002_03101_00001_nrcb4_cal.fits,SCIENCE,,CAL,,CALJWST,2.0.0,5893,jw05893012002_03101_00001_nrcb4_cal.fits,117573120,266380994,PUBLIC,2,F115W
266229351,JWST,image,jw05893012002_05101_00001_nrca1,exposure (L2b): 2D calibrated exposure average over integrations,S,mast:JWST/product/jw05893012002_05101_00001_nrca1_cal.fits,SCIENCE,,CAL,,CALJWST,2.0.0,5893,jw05893012002_05101_00001_nrca1_cal.fits,117573120,266380994,PUBLIC,2,F115W
266229352,JWST,image,jw05893012002_05101_00001_nrca3,exposure (L2b): 2D calibrated exposure average over integrations,S,mast:JWST/product/jw05893012002_05101_00001_nrca3_cal.fits,SCIENCE,,CAL,,CALJWST,2.0.0,5893,jw05893012002_05101_00001_nrca3_cal.fits,117573120,266380994,PUBLIC,2,F115W
266229356,JWST,image,jw05893012002_05101_00001_nrcb3,exposure (L2b): 2D calibrated exposure average over integrations,S,mast:JWST/product/jw05893012002_05101_00001_nrcb3_cal.fits,SCIENCE,,CAL,,CALJWST,2.0.0,5893,jw05893012002_05101_00001_nrcb3_cal.fits,117573120,266380994,PUBLIC,2,F115W
266229359,JWST,image,jw05893012002_05101_00001_nrcb1,exposure (L2b): 2D calibrated exposure average over integrations,S,mast:JWST/product/jw05893012002_05101_00001_nrcb1_cal.fits,SCIENCE,,CAL,,CALJWST,2.0.0,5893,jw05893012002_05101_00001_nrcb1_cal.fits,117573120,266380994,PUBLIC,2,F115W
266229360,JWST,image,jw05893012002_03101_00001_nrcb1,exposure (L2b): 2D calibrated exposure average over integrations,S,mast:JWST/product/jw05893012002_03101_00001_nrcb1_cal.fits,SCIENCE,,CAL,,CALJWST,2.0.0,5893,jw05893012002_03101_00001_nrcb1_cal.fits,117573120,266380994,PUBLIC,2,F115W
266229363,JWST,image,jw05893012002_03101_00001_nrca2,exposure (L2b): 2D calibrated exposure average over integrations,S,mast:JWST/product/jw05893012002_03101_00001_nrca2_cal.fits,SCIENCE,,CAL,,CALJWST,2.0.0,5893,jw05893012002_03101_00001_nrca2_cal.fits,117570240,266380994,PUBLIC,2,F115W
266229365,JWST,image,jw05893012002_05101_00001_nrca2,exposure (L2b): 2D calibrated exposure average over integrations,S,mast:JWST/product/jw05893012002_05101_00001_nrca2_cal.fits,SCIENCE,,CAL,,CALJWST,2.0.0,5893,jw05893012002_05101_00001_nrca2_cal.fits,117570240,266380994,PUBLIC,2,F115W
266229367,JWST,image,jw05893012002_03101_00001_nrcb3,exposure (L2b): 2D calibrated exposure average over integrations,S,mast:JWST/product/jw05893012002_03101_00001_nrcb3_cal.fits,SCIENCE,,CAL,,CALJWST,2.0.0,5893,jw05893012002_03101_00001_nrcb3_cal.fits,117573120,266380994,PUBLIC,2,F115W
266229369,JWST,image,jw05893012002_03101_00001_nrca4,exposure (L2b): 2D calibrated exposure average over integrations,S,mast:JWST/product/jw05893012002_03101_00001_nrca4_cal.fits,SCIENCE,,CAL,,CALJWST,2.0.0,5893,jw05893012002_03101_00001_nrca4_cal.fits,117573120,266380994,PUBLIC,2,F115W
266229370,JWST,image,jw05893012002_05101_00001_nrcb2,exposure (L2b): 2D calibrated exposure average over integrations,S,mast:JWST/product/jw05893012002_05101_00001_nrcb2_cal.fits,SCIENCE,,CAL,,CALJWST,2.0.0,5893,jw05893012002_05101_00001_nrcb2_cal.fits,117573120,266380994,PUBLIC,2,F115W
266229376,JWST,image,jw05893012002_05101_00001_nrca4,exposure (L2b): 2D calibrated exposure average over integrations,S,mast:JWST/product/jw05893012002_05101_00001_nrca4_cal.fits,SCIENCE,,CAL,,CALJWST,2.0.0,5893,jw05893012002_05101_00001_nrca4_cal.fits,117573120,266380994,PUBLIC,2,F115W
266229382,JWST,image,jw05893012002_03101_00001_nrca3,exposure (L2b): 2D calibrated exposure average over integrations,S,mast:JWST/product/jw05893012002_03101_00001_nrca3_cal.fits,SCIENCE,,CAL,,CALJWST,2.0.0,5893,jw05893012002_03101_00001_nrca3_cal.fits,117573120,266380994,PUBLIC,2,F115W
266229384,JWST,image,jw05893012002_03101_00001_nrca1,exposure (L2b): 2D calibrated exposure average over integrations,S,mast:JWST/product/jw05893012002_03101_00001_nrca1_cal.fits,SCIENCE,,CAL,,CALJWST,2.0.0,5893,jw05893012002_03101_00001_nrca1_cal.fits,117573120,266380994,PUBLIC,2,F115W
266229385,JWST,image,jw05893012002_05101_00001_nrcb4,exposure (L2b): 2D calibrated exposure average over integrations,S,mast:JWST/product/jw05893012002_05101_00001_nrcb4_cal.fits,SCIENCE,,CAL,,CALJWST,2.0.0,5893,jw05893012002_05101_00001_nrcb4_cal.fits,117573120,266380994,PUBLIC,2,F115W
266229390,JWST,image,jw05893012002_03101_00001_nrcb2,exposure (L2b): 2D calibrated exposure average over integrations,S,mast:JWST/product/jw05893012002_03101_00001_nrcb2_cal.fits,SCIENCE,,CAL,,CALJWST,2.0.0,5893,jw05893012002_03101_00001_nrcb2_cal.fits,117573120,266380994,PUBLIC,2,F115W
266229561,JWST,image,jw05893012002_05101_00002_nrcb4,exposure (L2b): 2D calibrated exposure average over integrations,S,mast:JWST/product/jw05893012002_05101_00002_nrcb4_cal.fits,SCIENCE,,CAL,,CALJWST,2.0.0,5893,jw05893012002_05101_00002_nrcb4_cal.fits,117573120,266380994,PUBLIC,2,F115W
266229563,JWST,image,jw05893012002_05101_00002_nrcb3,exposure (L2b): 2D calibrated exposure average over integrations,S,mast:JWST/product/jw05893012002_05101_00002_nrcb3_cal.fits,SCIENCE,,CAL,,CALJWST,2.0.0,5893,jw05893012002_05101_00002_nrcb3_cal.fits,117573120,266380994,PUBLIC,2,F115W
266229564,JWST,image,jw05893012002_05101_00002_nrca4,exposure (L2b): 2D calibrated exposure average over integrations,S,mast:JWST/product/jw05893012002_05101_00002_nrca4_cal.fits,SCIENCE,,CAL,,CALJWST,2.0.0,5893,jw05893012002_05101_00002_nrca4_cal.fits,117573120,266380994,PUBLIC,2,F115W
266229565,JWST,image,jw05893012002_05101_00002_nrca3,exposure (L2b): 2D calibrated exposure average over integrations,S,mast:JWST/product/jw05893012002_05101_00002_nrca3_cal.fits,SCIENCE,,CAL,,CALJWST,2.0.0,5893,jw05893012002_05101_00002_nrca3_cal.fits,117573120,266380994,PUBLIC,2,F115W
266229568,JWST,image,jw05893012002_05101_00002_nrcb1,exposure (L2b): 2D calibrated exposure average over integrations,S,mast:JWST/product/jw05893012002_05101_00002_nrcb1_cal.fits,SCIENCE,,CAL,,CALJWST,2.0.0,5893,jw05893012002_05101_00002_nrcb1_cal.fits,117573120,266380994,PUBLIC,2,F115W
266229570,JWST,image,jw05893012002_05101_00002_nrca2,exposure (L2b): 2D calibrated exposure average over integrations,S,mast:JWST/product/jw05893012002_05101_00002_nrca2_cal.fits,SCIENCE,,CAL,,CALJWST,2.0.0,5893,jw05893012002_05101_00002_nrca2_cal.fits,117570240,266380994,PUBLIC,2,F115W
266229571,JWST,image,jw05893012002_05101_00002_nrcb2,exposure (L2b): 2D calibrated exposure average over integrations,S,mast:JWST/product/jw05893012002_05101_00002_nrcb2_cal.fits,SCIENCE,,CAL,,CALJWST,2.0.0,5893,jw05893012002_05101_00002_nrcb2_cal.fits,117573120,266380994,PUBLIC,2,F115W
266229572,JWST,image,jw05893012002_05101_00002_nrca1,exposure (L2b): 2D calibrated exposure average over integrations,S,mast:JWST/product/jw05893012002_05101_00002_nrca1_cal.fits,SCIENCE,,CAL,,CALJWST,2.0.0,5893,jw05893012002_05101_00002_nrca1_cal.fits,117573120,266380994,PUBLIC,2,F115W
266229913,JWST,image,jw05893016008_05101_00001_nrcb1,exposure (L2b): 2D calibrated exposure average over integrations,S,mast:JWST/product/jw05893016008_05101_00001_nrcb1_cal.fits,SCIENCE,,CAL,,CALJWST,2.0.0,5893,jw05893016008_05101_00001_nrcb1_cal.fits,117573120,266453986,PUBLIC,2,F115W
266229918,JWST,image,jw05893016008_03101_00001_nrcb2,exposure (L2b): 2D calibrated exposure average over integrations,S,mast:JWST/product/jw05893016008_03101_00001_nrcb2_cal.fits,SCIENCE,,CAL,,CALJWST,2.0.0,5893,jw05893016008_03101_00001_nrcb2_cal.fits,117573120,266453986,PUBLIC,2,F115W
266229922,JWST,image,jw05893016008_03101_00001_nrca2,exposure (L2b): 2D calibrated exposure average over integrations,S,mast:JWST/product/jw05893016008_03101_00001_nrca2_cal.fits,SCIENCE,,CAL,,CALJWST,2.0.0,5893,jw05893016008_03101_00001_nrca2_cal.fits,117570240,266453986,PUBLIC,2,F115W
266229924,JWST,image,jw05893016008_03101_00001_nrca1,exposure (L2b): 2D calibrated exposure average over integrations,S,mast:JWST/product/jw05893016008_03101_00001_nrca1_cal.fits,SCIENCE,,CAL,,CALJWST,2.0.0,5893,jw05893016008_03101_00001_nrca1_cal.fits,117573120,266453986,PUBLIC,2,F115W
266229934,JWST,image,jw05893016008_05101_00001_nrca1,exposure (L2b): 2D calibrated exposure average over integrations,S,mast:JWST/product/jw05893016008_05101_00001_nrca1_cal.fits,SCIENCE,,CAL,,CALJWST,2.0.0,5893,jw05893016008_05101_00001_nrca1_cal.fits,117573120,266453986,PUBLIC,2,F115W
266229938,JWST,image,jw05893016008_03101_00001_nrcb3,exposure (L2b): 2D calibrated exposure average over integrations,S,mast:JWST/product/jw05893016008_03101_00001_nrcb3_cal.fits,SCIENCE,,CAL,,CALJWST,2.0.0,5893,jw05893016008_03101_00001_nrcb3_cal.fits,117573120,266453986,PUBLIC,2,F115W
266229946,JWST,image,jw05893016008_05101_00001_nrcb2,exposure (L2b): 2D calibrated exposure average over integrations,S,mast:JWST/product/jw05893016008_05101_00001_nrcb2_cal.fits,SCIENCE,,CAL,,CALJWST,2.0.0,5893,jw05893016008_05101_00001_nrcb2_cal.fits,117573120,266453986,PUBLIC,2,F115W
266229950,JWST,image,jw05893016008_03101_00001_nrca3,exposure (L2b): 2D calibrated exposure average over integrations,S,mast:JWST/product/jw05893016008_03101_00001_nrca3_cal.fits,SCIENCE,,CAL,,CALJWST,2.0.0,5893,jw05893016008_03101_00001_nrca3_cal.fits,117573120,266453986,PUBLIC,2,F115W
266229951,JWST,image,jw05893016008_03101_00001_nrcb1,exposure (L2b): 2D calibrated exposure average over integrations,S,mast:JWST/product/jw05893016008_03101_00001_nrcb1_cal.fits,SCIENCE,,CAL,,CALJWST,2.0.0,5893,jw05893016008_03101_00001_nrcb1_cal.fits,117573120,266453986,PUBLIC,2,F115W
266229952,JWST,image,jw05893016008_05101_00001_nrca4,exposure (L2b): 2D calibrated exposure average over integrations,S,mast:JWST/product/jw05893016008_05101_00001_nrca4_cal.fits,SCIENCE,,CAL,,CALJWST,2.0.0,5893,jw05893016008_05101_00001_nrca4_cal.fits,117573120,266453986,PUBLIC,2,F115W
266229953,JWST,image,jw05893016008_05101_00001_nrca2,exposure (L2b): 2D calibrated exposure average over integrations,S,mast:JWST/product/jw05893016008_05101_00001_nrca2_cal.fits,SCIENCE,,CAL,,CALJWST,2.0.0,5893,jw05893016008_05101_00001_nrca2_cal.fits,117570240,266453986,PUBLIC,2,F115W
266229956,JWST,image,jw05893016008_05101_00001_nrca3,exposure (L2b): 2D calibrated exposure average over integrations,S,mast:JWST/product/jw05893016008_05101_00001_nrca3_cal.fits,SCIENCE,,CAL,,CALJWST,2.0.0,5893,jw05893016008_05101_00001_nrca3_cal.fits,117573120,266453986,PUBLIC,2,F115W
266229960,JWST,image,jw05893016008_05101_00001_nrcb4,exposure (L2b): 2D calibrated exposure average over integrations,S,mast:JWST/product/jw05893016008_05101_00001_nrcb4_cal.fits,SCIENCE,,CAL,,CALJWST,2.0.0,5893,jw05893016008_05101_00001_nrcb4_cal.fits,117573120,266453986,PUBLIC,2,F115W
266229962,JWST,image,jw05893016008_03101_00001_nrca4,exposure (L2b): 2D calibrated exposure average over integrations,S,mast:JWST/product/jw05893016008_03101_00001_nrca4_cal.fits,SCIENCE,,CAL,,CALJWST,2.0.0,5893,jw05893016008_03101_00001_nrca4_cal.fits,117573120,266453986,PUBLIC,2,F115W
266229968,JWST,image,jw05893016008_03101_00001_nrcb4,exposure (L2b): 2D calibrated exposure average over integrations,S,mast:JWST/product/jw05893016008_03101_00001_nrcb4_cal.fits,SCIENCE,,CAL,,CALJWST,2.0.0,5893,jw05893016008_03101_00001_nrcb4_cal.fits,117573120,266453986,PUBLIC,2,F115W
266229970,JWST,image,jw05893016008_05101_00001_nrcb3,exposure (L2b): 2D calibrated exposure average over integrations,S,mast:JWST/product/jw05893016008_05101_00001_nrcb3_cal.fits,SCIENCE,,CAL,,CALJWST,2.0.0,5893,jw05893016008_05101_00001_nrcb3_cal.fits,117573120,266453986,PUBLIC,2,F115W
266229984,JWST,image,jw05893016008_05101_00002_nrca4,exposure (L2b): 2D calibrated exposure average over integrations,S,mast:JWST/product/jw05893016008_05101_00002_nrca4_cal.fits,SCIENCE,,CAL,,CALJWST,2.0.0,5893,jw05893016008_05101_00002_nrca4_cal.fits,117573120,266453986,PUBLIC,2,F115W
266229985,JWST,image,jw05893016008_05101_00002_nrcb1,exposure (L2b): 2D calibrated exposure average over integrations,S,mast:JWST/product/jw05893016008_05101_00002_nrcb1_cal.fits,SCIENCE,,CAL,,CALJWST,2.0.0,5893,jw05893016008_05101_00002_nrcb1_cal.fits,117573120,266453986,PUBLIC,2,F115W
266229986,JWST,image,jw05893016008_05101_00002_nrcb3,exposure (L2b): 2D calibrated exposure average over integrations,S,mast:JWST/product/jw05893016008_05101_00002_nrcb3_cal.fits,SCIENCE,,CAL,,CALJWST,2.0.0,5893,jw05893016008_05101_00002_nrcb3_cal.fits,117573120,266453986,PUBLIC,2,F115W
266229987,JWST,image,jw05893016008_05101_00002_nrcb2,exposure (L2b): 2D calibrated exposure average over integrations,S,mast:JWST/product/jw05893016008_05101_00002_nrcb2_cal.fits,SCIENCE,,CAL,,CALJWST,2.0.0,5893,jw05893016008_05101_00002_nrcb2_cal.fits,117573120,266453986,PUBLIC,2,F115W
266229988,JWST,image,jw05893016008_05101_00002_nrca1,exposure (L2b): 2D calibrated exposure average over integrations,S,mast:JWST/product/jw05893016008_05101_00002_nrca1_cal.fits,SCIENCE,,CAL,,CALJWST,2.0.0,5893,jw05893016008_05101_00002_nrca1_cal.fits,117573120,266453986,PUBLIC,2,F115W
266229989,JWST,image,jw05893016008_05101_00002_nrcb4,exposure (L2b): 2D calibrated exposure average over integrations,S,mast:JWST/product/jw05893016008_05101_00002_nrcb4_cal.fits,SCIENCE,,CAL,,CALJWST,2.0.0,5893,jw05893016008_05101_00002_nrcb4_cal.fits,117573120,266453986,PUBLIC,2,F115W
266229991,JWST,image,jw05893016008_05101_00002_nrca2,exposure (L2b): 2D calibrated exposure average over integrations,S,mast:JWST/product/jw05893016008_05101_00002_nrca2_cal.fits,SCIENCE,,CAL,,CALJWST,2.0.0,5893,jw05893016008_05101_00002_nrca2_cal.fits,117570240,266453986,PUBLIC,2,F115W
266229992,JWST,image,jw05893016008_05101_00002_nrca3,exposure (L2b): 2D calibrated exposure average over integrations,S,mast:JWST/product/jw05893016008_05101_00002_nrca3_cal.fits,SCIENCE,,CAL,,CALJWST,2.0.0,5893,jw05893016008_05101_00002_nrca3_cal.fits,117573120,266453986,PUBLIC,2,F115W
266230141,JWST,image,jw05893016007_05101_00001_nrcb2,exposure (L2b): 2D calibrated exposure average over integrations,S,mast:JWST/product/jw05893016007_05101_00001_nrcb2_cal.fits,SCIENCE,,CAL,,CALJWST,2.0.0,5893,jw05893016007_05101_00001_nrcb2_cal.fits,117573120,266453986,PUBLIC,2,F115W
266230142,JWST,image,jw05893016007_03101_00001_nrca2,exposure (L2b): 2D calibrated exposure average over integrations,S,mast:JWST/product/jw05893016007_03101_00001_nrca2_cal.fits,SCIENCE,,CAL,,CALJWST,2.0.0,5893,jw05893016007_03101_00001_nrca2_cal.fits,117570240,266453986,PUBLIC,2,F115W
266230143,JWST,image,jw05893016007_03101_00001_nrca3,exposure (L2b): 2D calibrated exposure average over integrations,S,mast:JWST/product/jw05893016007_03101_00001_nrca3_cal.fits,SCIENCE,,CAL,,CALJWST,2.0.0,5893,jw05893016007_03101_00001_nrca3_cal.fits,117573120,266453986,PUBLIC,2,F115W
266230148,JWST,image,jw05893016007_05101_00001_nrca1,exposure (L2b): 2D calibrated exposure average over integrations,S,mast:JWST/product/jw05893016007_05101_00001_nrca1_cal.fits,SCIENCE,,CAL,,CALJWST,2.0.0,5893,jw05893016007_05101_00001_nrca1_cal.fits,117573120,266453986,PUBLIC,2,F115W
266230151,JWST,image,jw05893016007_05101_00001_nrcb4,exposure (L2b): 2D calibrated exposure average over integrations,S,mast:JWST/product/jw05893016007_05101_00001_nrcb4_cal.fits,SCIENCE,,CAL,,CALJWST,2.0.0,5893,jw05893016007_05101_00001_nrcb4_cal.fits,117573120,266453986,PUBLIC,2,F115W
266230152,JWST,image,jw05893016007_05101_00001_nrca3,exposure (L2b): 2D calibrated exposure average over integrations,S,mast:JWST/product/jw05893016007_05101_00001_nrca3_cal.fits,SCIENCE,,CAL,,CALJWST,2.0.0,5893,jw05893016007_05101_00001_nrca3_cal.fits,117573120,266453986,PUBLIC,2,F115W
266230153,JWST,image,jw05893016007_03101_00001_nrcb3,exposure (L2b): 2D calibrated exposure average over integrations,S,mast:JWST/product/jw05893016007_03101_00001_nrcb3_cal.fits,SCIENCE,,CAL,,CALJWST,2.0.0,5893,jw05893016007_03101_00001_nrcb3_cal.fits,117573120,266453986,PUBLIC,2,F115W
266230154,JWST,image,jw05893016007_05101_00001_nrca2,exposure (L2b): 2D calibrated exposure average over integrations,S,mast:JWST/product/jw05893016007_05101_00001_nrca2_cal.fits,SCIENCE,,CAL,,CALJWST,2.0.0,5893,jw05893016007_05101_00001_nrca2_cal.fits,117570240,266453986,PUBLIC,2,F115W
266230157,JWST,image,jw05893016007_03101_00001_nrca4,exposure (L2b): 2D calibrated exposure average over integrations,S,mast:JWST/product/jw05893016007_03101_00001_nrca4_cal.fits,SCIENCE,,CAL,,CALJWST,2.0.0,5893,jw05893016007_03101_00001_nrca4_cal.fits,117573120,266453986,PUBLIC,2,F115W
266230159,JWST,image,jw05893016007_05101_00001_nrca4,exposure (L2b): 2D calibrated exposure average over integrations,S,mast:JWST/product/jw05893016007_05101_00001_nrca4_cal.fits,SCIENCE,,CAL,,CALJWST,2.0.0,5893,jw05893016007_05101_00001_nrca4_cal.fits,117573120,266453986,PUBLIC,2,F115W
266230160,JWST,image,jw05893016007_03101_00001_nrcb2,exposure (L2b): 2D calibrated exposure average over integrations,S,mast:JWST/product/jw05893016007_03101_00001_nrcb2_cal.fits,SCIENCE,,CAL,,CALJWST,2.0.0,5893,jw05893016007_03101_00001_nrcb2_cal.fits,117573120,266453986,PUBLIC,2,F115W
266230162,JWST,image,jw05893016007_05101_00002_nrcb4,exposure (L2b): 2D calibrated exposure average over integrations,S,mast:JWST/product/jw05893016007_05101_00002_nrcb4_cal.fits,SCIENCE,,CAL,,CALJWST,2.0.0,5893,jw05893016007_05101_00002_nrcb4_cal.fits,117573120,266453986,PUBLIC,2,F115W
266230164,JWST,image,jw05893016007_03101_00001_nrcb4,exposure (L2b): 2D calibrated exposure average over integrations,S,mast:JWST/product/jw05893016007_03101_00001_nrcb4_cal.fits,SCIENCE,,CAL,,CALJWST,2.0.0,5893,jw05893016007_03101_00001_nrcb4_cal.fits,117573120,266453986,PUBLIC,2,F115W
266230165,JWST,image,jw05893016007_03101_00001_nrca1,exposure (L2b): 2D calibrated exposure average over integrations,S,mast:JWST/product/jw05893016007_03101_00001_nrca1_cal.fits,SCIENCE,,CAL,,CALJWST,2.0.0,5893,jw05893016007_03101_00001_nrca1_cal.fits,117573120,266453986,PUBLIC,2,F115W
266230166,JWST,image,jw05893016007_05101_00001_nrcb1,exposure (L2b): 2D calibrated exposure average over integrations,S,mast:JWST/product/jw05893016007_05101_00001_nrcb1_cal.fits,SCIENCE,,CAL,,CALJWST,2.0.0,5893,jw05893016007_05101_00001_nrcb1_cal.fits,117573120,266453986,PUBLIC,2,F115W
266230172,JWST,image,jw05893016007_03101_00001_nrcb1,exposure (L2b): 2D calibrated exposure average over integrations,S,mast:JWST/product/jw05893016007_03101_00001_nrcb1_cal.fits,SCIENCE,,CAL,,CALJWST,2.0.0,5893,jw05893016007_03101_00001_nrcb1_cal.fits,117573120,266453986,PUBLIC,2,F115W
266230173,JWST,image,jw05893016007_05101_00001_nrcb3,exposure (L2b): 2D calibrated exposure average over integrations,S,mast:JWST/product/jw05893016007_05101_00001_nrcb3_cal.fits,SCIENCE,,CAL,,CALJWST,2.0.0,5893,jw05893016007_05101_00001_nrcb3_cal.fits,117573120,266453986,PUBLIC,2,F115W
266230291,JWST,image,jw05893016007_05101_00002_nrca2,exposure (L2b): 2D calibrated exposure average over integrations,S,mast:JWST/product/jw05893016007_05101_00002_nrca2_cal.fits,SCIENCE,,CAL,,CALJWST,2.0.0,5893,jw05893016007_05101_00002_nrca2_cal.fits,117570240,266453986,PUBLIC,2,F115W
266230293,JWST,image,jw05893016007_05101_00002_nrca4,exposure (L2b): 2D calibrated exposure average over integrations,S,mast:JWST/product/jw05893016007_05101_00002_nrca4_cal.fits,SCIENCE,,CAL,,CALJWST,2.0.0,5893,jw05893016007_05101_00002_nrca4_cal.fits,117573120,266453986,PUBLIC,2,F115W
266230295,JWST,image,jw05893016007_05101_00002_nrca1,exposure (L2b): 2D calibrated exposure average over integrations,S,mast:JWST/product/jw05893016007_05101_00002_nrca1_cal.fits,SCIENCE,,CAL,,CALJWST,2.0.0,5893,jw05893016007_05101_00002_nrca1_cal.fits,117573120,266453986,PUBLIC,2,F115W
266230297,JWST,image,jw05893016007_05101_00002_nrcb2,exposure (L2b): 2D calibrated exposure average over integrations,S,mast:JWST/product/jw05893016007_05101_00002_nrcb2_cal.fits,SCIENCE,,CAL,,CALJWST,2.0.0,5893,jw05893016007_05101_00002_nrcb2_cal.fits,117573120,266453986,PUBLIC,2,F115W
266230313,JWST,image,jw05893016007_05101_00002_nrca3,exposure (L2b): 2D calibrated exposure average over integrations,S,mast:JWST/product/jw05893016007_05101_00002_nrca3_cal.fits,SCIENCE,,CAL,,CALJWST,2.0.0,5893,jw05893016007_05101_00002_nrca3_cal.fits,117573120,266453986,PUBLIC,2,F115W
266230320,JWST,image,jw05893016007_05101_00002_nrcb1,exposure (L2b): 2D calibrated exposure average over integrations,S,mast:JWST/product/jw05893016007_05101_00002_nrcb1_cal.fits,SCIENCE,,CAL,,CALJWST,2.0.0,5893,jw05893016007_05101_00002_nrcb1_cal.fits,117573120,266453986,PUBLIC,2,F115W
266230322,JWST,image,jw05893016007_05101_00002_nrcb3,exposure (L2b): 2D calibrated exposure average over integrations,S,mast:JWST/product/jw05893016007_05101_00002_nrcb3_cal.fits,SCIENCE,,CAL,,CALJWST,2.0.0,5893,jw05893016007_05101_00002_nrcb3_cal.fits,117573120,266453986,PUBLIC,2,F115W
266231264,JWST,image,jw05893016006_03101_00001_nrca3,exposure (L2b): 2D calibrated exposure average over integrations,S,mast:JWST/product/jw05893016006_03101_00001_nrca3_cal.fits,SCIENCE,,CAL,,CALJWST,2.0.0,5893,jw05893016006_03101_00001_nrca3_cal.fits,117573120,266453986,PUBLIC,2,F115W
266231265,JWST,image,jw05893016006_03101_00001_nrcb1,exposure (L2b): 2D calibrated exposure average over integrations,S,mast:JWST/product/jw05893016006_03101_00001_nrcb1_cal.fits,SCIENCE,,CAL,,CALJWST,2.0.0,5893,jw05893016006_03101_00001_nrcb1_cal.fits,117573120,266453986,PUBLIC,2,F115W
266231266,JWST,image,jw05893016006_05101_00001_nrcb4,exposure (L2b): 2D calibrated exposure average over integrations,S,mast:JWST/product/jw05893016006_05101_00001_nrcb4_cal.fits,SCIENCE,,CAL,,CALJWST,2.0.0,5893,jw05893016006_05101_00001_nrcb4_cal.fits,117573120,266453986,PUBLIC,2,F115W
266231267,JWST,image,jw05893016006_05101_00001_nrcb2,exposure (L2b): 2D calibrated exposure average over integrations,S,mast:JWST/product/jw05893016006_05101_00001_nrcb2_cal.fits,SCIENCE,,CAL,,CALJWST,2.0.0,5893,jw05893016006_05101_00001_nrcb2_cal.fits,117573120,266453986,PUBLIC,2,F115W
266231269,JWST,image,jw05893016006_05101_00002_nrca4,exposure (L2b): 2D calibrated exposure average over integrations,S,mast:JWST/product/jw05893016006_05101_00002_nrca4_cal.fits,SCIENCE,,CAL,,CALJWST,2.0.0,5893,jw05893016006_05101_00002_nrca4_cal.fits,117573120,266453986,PUBLIC,2,F115W
266231270,JWST,image,jw05893016006_03101_00001_nrcb2,exposure (L2b): 2D calibrated exposure average over integrations,S,mast:JWST/product/jw05893016006_03101_00001_nrcb2_cal.fits,SCIENCE,,CAL,,CALJWST,2.0.0,5893,jw05893016006_03101_00001_nrcb2_cal.fits,117573120,266453986,PUBLIC,2,F115W
266231271,JWST,image,jw05893016006_05101_00002_nrcb3,exposure (L2b): 2D calibrated exposure average over integrations,S,mast:JWST/product/jw05893016006_05101_00002_nrcb3_cal.fits,SCIENCE,,CAL,,CALJWST,2.0.0,5893,jw05893016006_05101_00002_nrcb3_cal.fits,117573120,266453986,PUBLIC,2,F115W
266231272,JWST,image,jw05893016006_05101_00001_nrcb1,exposure (L2b): 2D calibrated exposure average over integrations,S,mast:JWST/product/jw05893016006_05101_00001_nrcb1_cal.fits,SCIENCE,,CAL,,CALJWST,2.0.0,5893,jw05893016006_05101_00001_nrcb1_cal.fits,117573120,266453986,PUBLIC,2,F115W
266231273,JWST,image,jw05893016006_03101_00001_nrca4,exposure (L2b): 2D calibrated exposure average over integrations,S,mast:JWST/product/jw05893016006_03101_00001_nrca4_cal.fits,SCIENCE,,CAL,,CALJWST,2.0.0,5893,jw05893016006_03101_00001_nrca4_cal.fits,117573120,266453986,PUBLIC,2,F115W
266231274,JWST,image,jw05893016006_05101_00001_nrca3,exposure (L2b): 2D calibrated exposure average over integrations,S,mast:JWST/product/jw05893016006_05101_00001_nrca3_cal.fits,SCIENCE,,CAL,,CALJWST,2.0.0,5893,jw05893016006_05101_00001_nrca3_cal.fits,117573120,266453986,PUBLIC,2,F115W
266231282,JWST,image,jw05893016006_05101_00002_nrca3,exposure (L2b): 2D calibrated exposure average over integrations,S,mast:JWST/product/jw05893016006_05101_00002_nrca3_cal.fits,SCIENCE,,CAL,,CALJWST,2.0.0,5893,jw05893016006_05101_00002_nrca3_cal.fits,117573120,266453986,PUBLIC,2,F115W
266231283,JWST,image,jw05893016006_05101_00001_nrcb3,exposure (L2b): 2D calibrated exposure average over integrations,S,mast:JWST/product/jw05893016006_05101_00001_nrcb3_cal.fits,SCIENCE,,CAL,,CALJWST,2.0.0,5893,jw05893016006_05101_00001_nrcb3_cal.fits,117573120,266453986,PUBLIC,2,F115W
266231285,JWST,image,jw05893016006_05101_00002_nrcb2,exposure (L2b): 2D calibrated exposure average over integrations,S,mast:JWST/product/jw05893016006_05101_00002_nrcb2_cal.fits,SCIENCE,,CAL,,CALJWST,2.0.0,5893,jw05893016006_05101_00002_nrcb2_cal.fits,117573120,266453986,PUBLIC,2,F115W
266231286,JWST,image,jw05893016006_05101_00002_nrca2,exposure (L2b): 2D calibrated exposure average over integrations,S,mast:JWST/product/jw05893016006_05101_00002_nrca2_cal.fits,SCIENCE,,CAL,,CALJWST,2.0.0,5893,jw05893016006_05101_00002_nrca2_cal.fits,117570240,266453986,PUBLIC,2,F115W
266231288,JWST,image,jw05893016006_05101_00002_nrca1,exposure (L2b): 2D calibrated exposure average over integrations,S,mast:JWST/product/jw05893016006_05101_00002_nrca1_cal.fits,SCIENCE,,CAL,,CALJWST,2.0.0,5893,jw05893016006_05101_00002_nrca1_cal.fits,117573120,266453986,PUBLIC,2,F115W
266231290,JWST,image,jw05893016006_05101_00001_nrca4,exposure (L2b): 2D calibrated exposure average over integrations,S,mast:JWST/product/jw05893016006_05101_00001_nrca4_cal.fits,SCIENCE,,CAL,,CALJWST,2.0.0,5893,jw05893016006_05101_00001_nrca4_cal.fits,117573120,266453986,PUBLIC,2,F115W
266231291,JWST,image,jw05893016006_05101_00001_nrca2,exposure (L2b): 2D calibrated exposure average over integrations,S,mast:JWST/product/jw05893016006_05101_00001_nrca2_cal.fits,SCIENCE,,CAL,,CALJWST,2.0.0,5893,jw05893016006_05101_00001_nrca2_cal.fits,117570240,266453986,PUBLIC,2,F115W
266231292,JWST,image,jw05893016006_03101_00001_nrcb3,exposure (L2b): 2D calibrated exposure average over integrations,S,mast:JWST/product/jw05893016006_03101_00001_nrcb3_cal.fits,SCIENCE,,CAL,,CALJWST,2.0.0,5893,jw05893016006_03101_00001_nrcb3_cal.fits,117573120,266453986,PUBLIC,2,F115W
266231293,JWST,image,jw05893016006_05101_00002_nrcb1,exposure (L2b): 2D calibrated exposure average over integrations,S,mast:JWST/product/jw05893016006_05101_00002_nrcb1_cal.fits,SCIENCE,,CAL,,CALJWST,2.0.0,5893,jw05893016006_05101_00002_nrcb1_cal.fits,117573120,266453986,PUBLIC,2,F115W
266231294,JWST,image,jw05893016006_03101_00001_nrcb4,exposure (L2b): 2D calibrated exposure average over integrations,S,mast:JWST/product/jw05893016006_03101_00001_nrcb4_cal.fits,SCIENCE,,CAL,,CALJWST,2.0.0,5893,jw05893016006_03101_00001_nrcb4_cal.fits,117573120,266453986,PUBLIC,2,F115W
266231295,JWST,image,jw05893016006_03101_00001_nrca1,exposure (L2b): 2D calibrated exposure average over integrations,S,mast:JWST/product/jw05893016006_03101_00001_nrca1_cal.fits,SCIENCE,,CAL,,CALJWST,2.0.0,5893,jw05893016006_03101_00001_nrca1_cal.fits,117573120,266453986,PUBLIC,2,F115W
266231297,JWST,image,jw05893016006_05101_00001_nrca1,exposure (L2b): 2D calibrated exposure average over integrations,S,mast:JWST/product/jw05893016006_05101_00001_nrca1_cal.fits,SCIENCE,,CAL,,CALJWST,2.0.0,5893,jw05893016006_05101_00001_nrca1_cal.fits,117573120,266453986,PUBLIC,2,F115W
266231298,JWST,image,jw05893016006_05101_00002_nrcb4,exposure (L2b): 2D calibrated exposure average over integrations,S,mast:JWST/product/jw05893016006_05101_00002_nrcb4_cal.fits,SCIENCE,,CAL,,CALJWST,2.0.0,5893,jw05893016006_05101_00002_nrcb4_cal.fits,117573120,266453986,PUBLIC,2,F115W
266231300,JWST,image,jw05893016006_03101_00001_nrca2,exposure (L2b): 2D calibrated exposure average over integrations,S,mast:JWST/product/jw05893016006_03101_00001_nrca2_cal.fits,SCIENCE,,CAL,,CALJWST,2.0.0,5893,jw05893016006_03101_00001_nrca2_cal.fits,117570240,266453986,PUBLIC,2,F115W
266287469,JWST,image,jw05893016002_03101_00001_nrca2,exposure (L2b): 2D calibrated exposure average over integrations,S,mast:JWST/product/jw05893016002_03101_00001_nrca2_cal.fits,SCIENCE,,CAL,,CALJWST,2.0.0,5893,jw05893016002_03101_00001_nrca2_cal.fits,117570240,266453986,PUBLIC,2,F115W
266287736,JWST,image,jw05893016002_03101_00001_nrcb1,exposure (L2b): 2D calibrated exposure average over integrations,S,mast:JWST/product/jw05893016002_03101_00001_nrcb1_cal.fits,SCIENCE,,CAL,,CALJWST,2.0.0,5893,jw05893016002_03101_00001_nrcb1_cal.fits,117573120,266453986,PUBLIC,2,F115W
266287815,JWST,image,jw05893016002_03101_00001_nrcb3,exposure (L2b): 2D calibrated exposure average over integrations,S,mast:JWST/product/jw05893016002_03101_00001_nrcb3_cal.fits,SCIENCE,,CAL,,CALJWST,2.0.0,5893,jw05893016002_03101_00001_nrcb3_cal.fits,117573120,266453986,PUBLIC,2,F115W
266287914,JWST,image,jw05893016002_05101_00001_nrca1,exposure (L2b): 2D calibrated exposure average over integrations,S,mast:JWST/product/jw05893016002_05101_00001_nrca1_cal.fits,SCIENCE,,CAL,,CALJWST,2.0.0,5893,jw05893016002_05101_00001_nrca1_cal.fits,117573120,266453986,PUBLIC,2,F115W
266288221,JWST,image,jw05893016002_05101_00001_nrcb1,exposure (L2b): 2D calibrated exposure average over integrations,S,mast:JWST/product/jw05893016002_05101_00001_nrcb1_cal.fits,SCIENCE,,CAL,,CALJWST,2.0.0,5893,jw05893016002_05101_00001_nrcb1_cal.fits,117573120,266453986,PUBLIC,2,F115W
266288424,JWST,image,jw05893016002_03101_00001_nrcb4,exposure (L2b): 2D calibrated exposure average over integrations,S,mast:JWST/product/jw05893016002_03101_00001_nrcb4_cal.fits,SCIENCE,,CAL,,CALJWST,2.0.0,5893,jw05893016002_03101_00001_nrcb4_cal.fits,117573120,266453986,PUBLIC,2,F115W
266288542,JWST,image,jw05893016002_03101_00001_nrca1,exposure (L2b): 2D calibrated exposure average over integrations,S,mast:JWST/product/jw05893016002_03101_00001_nrca1_cal.fits,SCIENCE,,CAL,,CALJWST,2.0.0,5893,jw05893016002_03101_00001_nrca1_cal.fits,117573120,266453986,PUBLIC,2,F115W
266288694,JWST,image,jw05893016002_05101_00001_nrcb2,exposure (L2b): 2D calibrated exposure average over integrations,S,mast:JWST/product/jw05893016002_05101_00001_nrcb2_cal.fits,SCIENCE,,CAL,,CALJWST,2.0.0,5893,jw05893016002_05101_00001_nrcb2_cal.fits,117573120,266453986,PUBLIC,2,F115W
266288880,JWST,image,jw05893016002_03101_00001_nrca3,exposure (L2b): 2D calibrated exposure average over integrations,S,mast:JWST/product/jw05893016002_03101_00001_nrca3_cal.fits,SCIENCE,,CAL,,CALJWST,2.0.0,5893,jw05893016002_03101_00001_nrca3_cal.fits,117573120,266453986,PUBLIC,2,F115W
266288917,JWST,image,jw05893016002_03101_00001_nrcb2,exposure (L2b): 2D calibrated exposure average over integrations,S,mast:JWST/product/jw05893016002_03101_00001_nrcb2_cal.fits,SCIENCE,,CAL,,CALJWST,2.0.0,5893,jw05893016002_03101_00001_nrcb2_cal.fits,117573120,266453986,PUBLIC,2,F115W
266289477,JWST,image,jw05893016002_03101_00001_nrca4,exposure (L2b): 2D calibrated exposure average over integrations,S,mast:JWST/product/jw05893016002_03101_00001_nrca4_cal.fits,SCIENCE,,CAL,,CALJWST,2.0.0,5893,jw05893016002_03101_00001_nrca4_cal.fits,117573120,266453986,PUBLIC,2,F115W
266289537,JWST,image,jw05893016002_05101_00001_nrca3,exposure (L2b): 2D calibrated exposure average over integrations,S,mast:JWST/product/jw05893016002_05101_00001_nrca3_cal.fits,SCIENCE,,CAL,,CALJWST,2.0.0,5893,jw05893016002_05101_00001_nrca3_cal.fits,117573120,266453986,PUBLIC,2,F115W
266328785,JWST,image,jw05893016002_05101_00002_nrca1,exposure (L2b): 2D calibrated exposure average over integrations,S,mast:JWST/product/jw05893016002_05101_00002_nrca1_cal.fits,SCIENCE,,CAL,,CALJWST,2.0.0,5893,jw05893016002_05101_00002_nrca1_cal.fits,117573120,266453986,PUBLIC,2,F115W
266328787,JWST,image,jw05893016002_05101_00002_nrca2,exposure (L2b): 2D calibrated exposure average over integrations,S,mast:JWST/product/jw05893016002_05101_00002_nrca2_cal.fits,SCIENCE,,CAL,,CALJWST,2.0.0,5893,jw05893016002_05101_00002_nrca2_cal.fits,117570240,266453986,PUBLIC,2,F115W
266328789,JWST,image,jw05893016002_05101_00001_nrcb3,exposure (L2b): 2D calibrated exposure average over integrations,S,mast:JWST/product/jw05893016002_05101_00001_nrcb3_cal.fits,SCIENCE,,CAL,,CALJWST,2.0.0,5893,jw05893016002_05101_00001_nrcb3_cal.fits,117573120,266453986,PUBLIC,2,F115W
266328790,JWST,image,jw05893016002_05101_00001_nrca4,exposure (L2b): 2D calibrated exposure average over integrations,S,mast:JWST/product/jw05893016002_05101_00001_nrca4_cal.fits,SCIENCE,,CAL,,CALJWST,2.0.0,5893,jw05893016002_05101_00001_nrca4_cal.fits,117573120,266453986,PUBLIC,2,F115W
266328791,JWST,image,jw05893016002_05101_00002_nrcb2,exposure (L2b): 2D calibrated exposure average over integrations,S,mast:JWST/product/jw05893016002_05101_00002_nrcb2_cal.fits,SCIENCE,,CAL,,CALJWST,2.0.0,5893,jw05893016002_05101_00002_nrcb2_cal.fits,117573120,266453986,PUBLIC,2,F115W
266328792,JWST,image,jw05893016002_05101_00002_nrcb3,exposure (L2b): 2D calibrated exposure average over integrations,S,mast:JWST/product/jw05893016002_05101_00002_nrcb3_cal.fits,SCIENCE,,CAL,,CALJWST,2.0.0,5893,jw05893016002_05101_00002_nrcb3_cal.fits,117573120,266453986,PUBLIC,2,F115W
266328793,JWST,image,jw05893016002_05101_00002_nrca4,exposure (L2b): 2D calibrated exposure average over integrations,S,mast:JWST/product/jw05893016002_05101_00002_nrca4_cal.fits,SCIENCE,,CAL,,CALJWST,2.0.0,5893,jw05893016002_05101_00002_nrca4_cal.fits,117573120,266453986,PUBLIC,2,F115W
266328794,JWST,image,jw05893016002_05101_00001_nrcb4,exposure (L2b): 2D calibrated exposure average over integrations,S,mast:JWST/product/jw05893016002_05101_00001_nrcb4_cal.fits,SCIENCE,,CAL,,CALJWST,2.0.0,5893,jw05893016002_05101_00001_nrcb4_cal.fits,117573120,266453986,PUBLIC,2,F115W
266328796,JWST,image,jw05893016002_05101_00002_nrca3,exposure (L2b): 2D calibrated exposure average over integrations,S,mast:JWST/product/jw05893016002_05101_00002_nrca3_cal.fits,SCIENCE,,CAL,,CALJWST,2.0.0,5893,jw05893016002_05101_00002_nrca3_cal.fits,117573120,266453986,PUBLIC,2,F115W
266328797,JWST,image,jw05893016002_05101_00001_nrca2,exposure (L2b): 2D calibrated exposure average over integrations,S,mast:JWST/product/jw05893016002_05101_00001_nrca2_cal.fits,SCIENCE,,CAL,,CALJWST,2.0.0,5893,jw05893016002_05101_00001_nrca2_cal.fits,117570240,266453986,PUBLIC,2,F115W
266328799,JWST,image,jw05893016002_05101_00002_nrcb1,exposure (L2b): 2D calibrated exposure average over integrations,S,mast:JWST/product/jw05893016002_05101_00002_nrcb1_cal.fits,SCIENCE,,CAL,,CALJWST,2.0.0,5893,jw05893016002_05101_00002_nrcb1_cal.fits,117573120,266453986,PUBLIC,2,F115W
266328800,JWST,image,jw05893016002_05101_00002_nrcb4,exposure (L2b): 2D calibrated exposure average over integrations,S,mast:JWST/product/jw05893016002_05101_00002_nrcb4_cal.fits,SCIENCE,,CAL,,CALJWST,2.0.0,5893,jw05893016002_05101_00002_nrcb4_cal.fits,117573120,266453986,PUBLIC,2,F115W
266330394,JWST,image,jw05893012006_03101_00001_nrcb2,exposure (L2b): 2D calibrated exposure average over integrations,S,mast:JWST/product/jw05893012006_03101_00001_nrcb2_cal.fits,SCIENCE,,CAL,,CALJWST,2.0.0,5893,jw05893012006_03101_00001_nrcb2_cal.fits,117573120,266380994,PUBLIC,2,F115W
266330395,JWST,image,jw05893012006_03101_00001_nrcb1,exposure (L2b): 2D calibrated exposure average over integrations,S,mast:JWST/product/jw05893012006_03101_00001_nrcb1_cal.fits,SCIENCE,,CAL,,CALJWST,2.0.0,5893,jw05893012006_03101_00001_nrcb1_cal.fits,117573120,266380994,PUBLIC,2,F115W
266330397,JWST,image,jw05893012006_03101_00001_nrca2,exposure (L2b): 2D calibrated exposure average over integrations,S,mast:JWST/product/jw05893012006_03101_00001_nrca2_cal.fits,SCIENCE,,CAL,,CALJWST,2.0.0,5893,jw05893012006_03101_00001_nrca2_cal.fits,117570240,266380994,PUBLIC,2,F115W
266330408,JWST,image,jw05893012006_03101_00001_nrcb3,exposure (L2b): 2D calibrated exposure average over integrations,S,mast:JWST/product/jw05893012006_03101_00001_nrcb3_cal.fits,SCIENCE,,CAL,,CALJWST,2.0.0,5893,jw05893012006_03101_00001_nrcb3_cal.fits,117573120,266380994,PUBLIC,2,F115W
266330411,JWST,image,jw05893012006_03101_00001_nrcb4,exposure (L2b): 2D calibrated exposure average over integrations,S,mast:JWST/product/jw05893012006_03101_00001_nrcb4_cal.fits,SCIENCE,,CAL,,CALJWST,2.0.0,5893,jw05893012006_03101_00001_nrcb4_cal.fits,117573120,266380994,PUBLIC,2,F115W
266330426,JWST,image,jw05893012006_03101_00001_nrca3,exposure (L2b): 2D calibrated exposure average over integrations,S,mast:JWST/product/jw05893012006_03101_00001_nrca3_cal.fits,SCIENCE,,CAL,,CALJWST,2.0.0,5893,jw05893012006_03101_00001_nrca3_cal.fits,117573120,266380994,PUBLIC,2,F115W
266330431,JWST,image,jw05893012006_03101_00001_nrca4,exposure (L2b): 2D calibrated exposure average over integrations,S,mast:JWST/product/jw05893012006_03101_00001_nrca4_cal.fits,SCIENCE,,CAL,,CALJWST,2.0.0,5893,jw05893012006_03101_00001_nrca4_cal.fits,117573120,266380994,PUBLIC,2,F115W
266330446,JWST,image,jw05893012006_05101_00001_nrca4,exposure (L2b): 2D calibrated exposure average over integrations,S,mast:JWST/product/jw05893012006_05101_00001_nrca4_cal.fits,SCIENCE,,CAL,,CALJWST,2.0.0,5893,jw05893012006_05101_00001_nrca4_cal.fits,117573120,266380994,PUBLIC,2,F115W
266330454,JWST,image,jw05893012006_03101_00001_nrca1,exposure (L2b): 2D calibrated exposure average over integrations,S,mast:JWST/product/jw05893012006_03101_00001_nrca1_cal.fits,SCIENCE,,CAL,,CALJWST,2.0.0,5893,jw05893012006_03101_00001_nrca1_cal.fits,117573120,266380994,PUBLIC,2,F115W
266330457,JWST,image,jw05893012006_05101_00001_nrca2,exposure (L2b): 2D calibrated exposure average over integrations,S,mast:JWST/product/jw05893012006_05101_00001_nrca2_cal.fits,SCIENCE,,CAL,,CALJWST,2.0.0,5893,jw05893012006_05101_00001_nrca2_cal.fits,117570240,266380994,PUBLIC,2,F115W
266330760,JWST,image,jw05893012006_05101_00002_nrcb2,exposure (L2b): 2D calibrated exposure average over integrations,S,mast:JWST/product/jw05893012006_05101_00002_nrcb2_cal.fits,SCIENCE,,CAL,,CALJWST,2.0.0,5893,jw05893012006_05101_00002_nrcb2_cal.fits,117573120,266380994,PUBLIC,2,F115W
266330761,JWST,image,jw05893012006_05101_00001_nrca1,exposure (L2b): 2D calibrated exposure average over integrations,S,mast:JWST/product/jw05893012006_05101_00001_nrca1_cal.fits,SCIENCE,,CAL,,CALJWST,2.0.0,5893,jw05893012006_05101_00001_nrca1_cal.fits,117573120,266380994,PUBLIC,2,F115W
266330762,JWST,image,jw05893012006_05101_00002_nrcb4,exposure (L2b): 2D calibrated exposure average over integrations,S,mast:JWST/product/jw05893012006_05101_00002_nrcb4_cal.fits,SCIENCE,,CAL,,CALJWST,2.0.0,5893,jw05893012006_05101_00002_nrcb4_cal.fits,117573120,266380994,PUBLIC,2,F115W
266330764,JWST,image,jw05893012006_05101_00002_nrcb1,exposure (L2b): 2D calibrated exposure average over integrations,S,mast:JWST/product/jw05893012006_05101_00002_nrcb1_cal.fits,SCIENCE,,CAL,,CALJWST,2.0.0,5893,jw05893012006_05101_00002_nrcb1_cal.fits,117573120,266380994,PUBLIC,2,F115W
266330765,JWST,image,jw05893012006_05101_00002_nrcb3,exposure (L2b): 2D calibrated exposure average over integrations,S,mast:JWST/product/jw05893012006_05101_00002_nrcb3_cal.fits,SCIENCE,,CAL,,CALJWST,2.0.0,5893,jw05893012006_05101_00002_nrcb3_cal.fits,117573120,266380994,PUBLIC,2,F115W
266330766,JWST,image,jw05893012006_05101_00001_nrcb2,exposure (L2b): 2D calibrated exposure average over integrations,S,mast:JWST/product/jw05893012006_05101_00001_nrcb2_cal.fits,SCIENCE,,CAL,,CALJWST,2.0.0,5893,jw05893012006_05101_00001_nrcb2_cal.fits,117573120,266380994,PUBLIC,2,F115W
266330767,JWST,image,jw05893012006_05101_00002_nrca2,exposure (L2b): 2D calibrated exposure average over integrations,S,mast:JWST/product/jw05893012006_05101_00002_nrca2_cal.fits,SCIENCE,,CAL,,CALJWST,2.0.0,5893,jw05893012006_05101_00002_nrca2_cal.fits,117570240,266380994,PUBLIC,2,F115W
266330768,JWST,image,jw05893012006_05101_00001_nrcb1,exposure (L2b): 2D calibrated exposure average over integrations,S,mast:JWST/product/jw05893012006_05101_00001_nrcb1_cal.fits,SCIENCE,,CAL,,CALJWST,2.0.0,5893,jw05893012006_05101_00001_nrcb1_cal.fits,117573120,266380994,PUBLIC,2,F115W
266330773,JWST,image,jw05893012006_05101_00002_nrca4,exposure (L2b): 2D calibrated exposure average over integrations,S,mast:JWST/product/jw05893012006_05101_00002_nrca4_cal.fits,SCIENCE,,CAL,,CALJWST,2.0.0,5893,jw05893012006_05101_00002_nrca4_cal.fits,117573120,266380994,PUBLIC,2,F115W
266330778,JWST,image,jw05893012006_05101_00002_nrca3,exposure (L2b): 2D calibrated exposure average over integrations,S,mast:JWST/product/jw05893012006_05101_00002_nrca3_cal.fits,SCIENCE,,CAL,,CALJWST,2.0.0,5893,jw05893012006_05101_00002_nrca3_cal.fits,117573120,266380994,PUBLIC,2,F115W
266330782,JWST,image,jw05893012006_05101_00001_nrca3,exposure (L2b): 2D calibrated exposure average over integrations,S,mast:JWST/product/jw05893012006_05101_00001_nrca3_cal.fits,SCIENCE,,CAL,,CALJWST,2.0.0,5893,jw05893012006_05101_00001_nrca3_cal.fits,117573120,266380994,PUBLIC,2,F115W
266330798,JWST,image,jw05893012006_05101_00001_nrcb4,exposure (L2b): 2D calibrated exposure average over integrations,S,mast:JWST/product/jw05893012006_05101_00001_nrcb4_cal.fits,SCIENCE,,CAL,,CALJWST,2.0.0,5893,jw05893012006_05101_00001_nrcb4_cal.fits,117573120,266380994,PUBLIC,2,F115W
266330803,JWST,image,jw05893012006_05101_00001_nrcb3,exposure (L2b): 2D calibrated exposure average over integrations,S,mast:JWST/product/jw05893012006_05101_00001_nrcb3_cal.fits,SCIENCE,,CAL,,CALJWST,2.0.0,5893,jw05893012006_05101_00001_nrcb3_cal.fits,117573120,266380994,PUBLIC,2,F115W
266330805,JWST,image,jw05893012006_05101_00002_nrca1,exposure (L2b): 2D calibrated exposure average over integrations,S,mast:JWST/product/jw05893012006_05101_00002_nrca1_cal.fits,SCIENCE,,CAL,,CALJWST,2.0.0,5893,jw05893012006_05101_00002_nrca1_cal.fits,117573120,266380994,PUBLIC,2,F115W
266380579,JWST,image,jw05893012005_05101_00002_nrcb3,exposure (L2b): 2D calibrated exposure average over integrations,S,mast:JWST/product/jw05893012005_05101_00002_nrcb3_cal.fits,SCIENCE,,CAL,,CALJWST,2.0.0,5893,jw05893012005_05101_00002_nrcb3_cal.fits,117573120,266380994,PUBLIC,2,F115W
266380580,JWST,image,jw05893012005_05101_00002_nrca3,exposure (L2b): 2D calibrated exposure average over integrations,S,mast:JWST/product/jw05893012005_05101_00002_nrca3_cal.fits,SCIENCE,,CAL,,CALJWST,2.0.0,5893,jw05893012005_05101_00002_nrca3_cal.fits,117573120,266380994,PUBLIC,2,F115W
266380581,JWST,image,jw05893012005_05101_00002_nrca2,exposure (L2b): 2D calibrated exposure average over integrations,S,mast:JWST/product/jw05893012005_05101_00002_nrca2_cal.fits,SCIENCE,,CAL,,CALJWST,2.0.0,5893,jw05893012005_05101_00002_nrca2_cal.fits,117570240,266380994,PUBLIC,2,F115W
266380582,JWST,image,jw05893012005_03101_00001_nrcb4,exposure (L2b): 2D calibrated exposure average over integrations,S,mast:JWST/product/jw05893012005_03101_00001_nrcb4_cal.fits,SCIENCE,,CAL,,CALJWST,2.0.0,5893,jw05893012005_03101_00001_nrcb4_cal.fits,117573120,266380994,PUBLIC,2,F115W
266380583,JWST,image,jw05893012005_03101_00001_nrca1,exposure (L2b): 2D calibrated exposure average over integrations,S,mast:JWST/product/jw05893012005_03101_00001_nrca1_cal.fits,SCIENCE,,CAL,,CALJWST,2.0.0,5893,jw05893012005_03101_00001_nrca1_cal.fits,117573120,266380994,PUBLIC,2,F115W
266380585,JWST,image,jw05893012005_03101_00001_nrcb1,exposure (L2b): 2D calibrated exposure average over integrations,S,mast:JWST/product/jw05893012005_03101_00001_nrcb1_cal.fits,SCIENCE,,CAL,,CALJWST,2.0.0,5893,jw05893012005_03101_00001_nrcb1_cal.fits,117573120,266380994,PUBLIC,2,F115W
266380586,JWST,image,jw05893012005_05101_00002_nrca1,exposure (L2b): 2D calibrated exposure average over integrations,S,mast:JWST/product/jw05893012005_05101_00002_nrca1_cal.fits,SCIENCE,,CAL,,CALJWST,2.0.0,5893,jw05893012005_05101_00002_nrca1_cal.fits,117573120,266380994,PUBLIC,2,F115W
266380587,JWST,image,jw05893012005_05101_00001_nrcb2,exposure (L2b): 2D calibrated exposure average over integrations,S,mast:JWST/product/jw05893012005_05101_00001_nrcb2_cal.fits,SCIENCE,,CAL,,CALJWST,2.0.0,5893,jw05893012005_05101_00001_nrcb2_cal.fits,117573120,266380994,PUBLIC,2,F115W
266380589,JWST,image,jw05893012005_05101_00001_nrca3,exposure (L2b): 2D calibrated exposure average over integrations,S,mast:JWST/product/jw05893012005_05101_00001_nrca3_cal.fits,SCIENCE,,CAL,,CALJWST,2.0.0,5893,jw05893012005_05101_00001_nrca3_cal.fits,117573120,266380994,PUBLIC,2,F115W
266380590,JWST,image,jw05893012005_05101_00001_nrca2,exposure (L2b): 2D calibrated exposure average over integrations,S,mast:JWST/product/jw05893012005_05101_00001_nrca2_cal.fits,SCIENCE,,CAL,,CALJWST,2.0.0,5893,jw05893012005_05101_00001_nrca2_cal.fits,117570240,266380994,PUBLIC,2,F115W
266380592,JWST,image,jw05893012005_03101_00001_nrca2,exposure (L2b): 2D calibrated exposure average over integrations,S,mast:JWST/product/jw05893012005_03101_00001_nrca2_cal.fits,SCIENCE,,CAL,,CALJWST,2.0.0,5893,jw05893012005_03101_00001_nrca2_cal.fits,117570240,266380994,PUBLIC,2,F115W
266380594,JWST,image,jw05893012005_03101_00001_nrcb3,exposure (L2b): 2D calibrated exposure average over integrations,S,mast:JWST/product/jw05893012005_03101_00001_nrcb3_cal.fits,SCIENCE,,CAL,,CALJWST,2.0.0,5893,jw05893012005_03101_00001_nrcb3_cal.fits,117573120,266380994,PUBLIC,2,F115W
266380595,JWST,image,jw05893012005_05101_00001_nrcb3,exposure (L2b): 2D calibrated exposure average over integrations,S,mast:JWST/product/jw05893012005_05101_00001_nrcb3_cal.fits,SCIENCE,,CAL,,CALJWST,2.0.0,5893,jw05893012005_05101_00001_nrcb3_cal.fits,117573120,266380994,PUBLIC,2,F115W
266380597,JWST,image,jw05893012005_05101_00002_nrcb1,exposure (L2b): 2D calibrated exposure average over integrations,S,mast:JWST/product/jw05893012005_05101_00002_nrcb1_cal.fits,SCIENCE,,CAL,,CALJWST,2.0.0,5893,jw05893012005_05101_00002_nrcb1_cal.fits,117573120,266380994,PUBLIC,2,F115W
266380599,JWST,image,jw05893012005_03101_00001_nrcb2,exposure (L2b): 2D calibrated exposure average over integrations,S,mast:JWST/product/jw05893012005_03101_00001_nrcb2_cal.fits,SCIENCE,,CAL,,CALJWST,2.0.0,5893,jw05893012005_03101_00001_nrcb2_cal.fits,117573120,266380994,PUBLIC,2,F115W
266380600,JWST,image,jw05893012005_05101_00001_nrca1,exposure (L2b): 2D calibrated exposure average over integrations,S,mast:JWST/product/jw05893012005_05101_00001_nrca1_cal.fits,SCIENCE,,CAL,,CALJWST,2.0.0,5893,jw05893012005_05101_00001_nrca1_cal.fits,117573120,266380994,PUBLIC,2,F115W
266380603,JWST,image,jw05893012005_03101_00001_nrca4,exposure (L2b): 2D calibrated exposure average over integrations,S,mast:JWST/product/jw05893012005_03101_00001_nrca4_cal.fits,SCIENCE,,CAL,,CALJWST,2.0.0,5893,jw05893012005_03101_00001_nrca4_cal.fits,117573120,266380994,PUBLIC,2,F115W
266380605,JWST,image,jw05893012005_05101_00001_nrcb4,exposure (L2b): 2D calibrated exposure average over integrations,S,mast:JWST/product/jw05893012005_05101_00001_nrcb4_cal.fits,SCIENCE,,CAL,,CALJWST,2.0.0,5893,jw05893012005_05101_00001_nrcb4_cal.fits,117573120,266380994,PUBLIC,2,F115W
266380607,JWST,image,jw05893012005_05101_00002_nrcb2,exposure (L2b): 2D calibrated exposure average over integrations,S,mast:JWST/product/jw05893012005_05101_00002_nrcb2_cal.fits,SCIENCE,,CAL,,CALJWST,2.0.0,5893,jw05893012005_05101_00002_nrcb2_cal.fits,117573120,266380994,PUBLIC,2,F115W
266380609,JWST,image,jw05893012005_03101_00001_nrca3,exposure (L2b): 2D calibrated exposure average over integrations,S,mast:JWST/product/jw05893012005_03101_00001_nrca3_cal.fits,SCIENCE,,CAL,,CALJWST,2.0.0,5893,jw05893012005_03101_00001_nrca3_cal.fits,117573120,266380994,PUBLIC,2,F115W
266380610,JWST,image,jw05893012005_05101_00001_nrcb1,exposure (L2b): 2D calibrated exposure average over integrations,S,mast:JWST/product/jw05893012005_05101_00001_nrcb1_cal.fits,SCIENCE,,CAL,,CALJWST,2.0.0,5893,jw05893012005_05101_00001_nrcb1_cal.fits,117573120,266380994,PUBLIC,2,F115W
266380611,JWST,image,jw05893012005_05101_00002_nrca4,exposure (L2b): 2D calibrated exposure average over integrations,S,mast:JWST/product/jw05893012005_05101_00002_nrca4_cal.fits,SCIENCE,,CAL,,CALJWST,2.0.0,5893,jw05893012005_05101_00002_nrca4_cal.fits,117573120,266380994,PUBLIC,2,F115W
266380612,JWST,image,jw05893012005_05101_00002_nrcb4,exposure (L2b): 2D calibrated exposure average over integrations,S,mast:JWST/product/jw05893012005_05101_00002_nrcb4_cal.fits,SCIENCE,,CAL,,CALJWST,2.0.0,5893,jw05893012005_05101_00002_nrcb4_cal.fits,117573120,266380994,PUBLIC,2,F115W
266380618,JWST,image,jw05893012005_05101_00001_nrca4,exposure (L2b): 2D calibrated exposure average over integrations,S,mast:JWST/product/jw05893012005_05101_00001_nrca4_cal.fits,SCIENCE,,CAL,,CALJWST,2.0.0,5893,jw05893012005_05101_00001_nrca4_cal.fits,117573120,266380994,PUBLIC,2,F115W
266380686,JWST,image,jw05893012007_05101_00001_nrca1,exposure (L2b): 2D calibrated exposure average over integrations,S,mast:JWST/product/jw05893012007_05101_00001_nrca1_cal.fits,SCIENCE,,CAL,,CALJWST,2.0.0,5893,jw05893012007_05101_00001_nrca1_cal.fits,117573120,266380994,PUBLIC,2,F115W
266380690,JWST,image,jw05893012007_05101_00001_nrcb4,exposure (L2b): 2D calibrated exposure average over integrations,S,mast:JWST/product/jw05893012007_05101_00001_nrcb4_cal.fits,SCIENCE,,CAL,,CALJWST,2.0.0,5893,jw05893012007_05101_00001_nrcb4_cal.fits,117573120,266380994,PUBLIC,2,F115W
266380691,JWST,image,jw05893012007_03101_00001_nrca1,exposure (L2b): 2D calibrated exposure average over integrations,S,mast:JWST/product/jw05893012007_03101_00001_nrca1_cal.fits,SCIENCE,,CAL,,CALJWST,2.0.0,5893,jw05893012007_03101_00001_nrca1_cal.fits,117573120,266380994,PUBLIC,2,F115W
266380693,JWST,image,jw05893012007_05101_00002_nrcb3,exposure (L2b): 2D calibrated exposure average over integrations,S,mast:JWST/product/jw05893012007_05101_00002_nrcb3_cal.fits,SCIENCE,,CAL,,CALJWST,2.0.0,5893,jw05893012007_05101_00002_nrcb3_cal.fits,117573120,266380994,PUBLIC,2,F115W
266380695,JWST,image,jw05893012007_03101_00001_nrcb3,exposure (L2b): 2D calibrated exposure average over integrations,S,mast:JWST/product/jw05893012007_03101_00001_nrcb3_cal.fits,SCIENCE,,CAL,,CALJWST,2.0.0,5893,jw05893012007_03101_00001_nrcb3_cal.fits,117573120,266380994,PUBLIC,2,F115W
266380703,JWST,image,jw05893012007_05101_00002_nrcb4,exposure (L2b): 2D calibrated exposure average over integrations,S,mast:JWST/product/jw05893012007_05101_00002_nrcb4_cal.fits,SCIENCE,,CAL,,CALJWST,2.0.0,5893,jw05893012007_05101_00002_nrcb4_cal.fits,117573120,266380994,PUBLIC,2,F115W
266380704,JWST,image,jw05893012007_05101_00001_nrcb3,exposure (L2b): 2D calibrated exposure average over integrations,S,mast:JWST/product/jw05893012007_05101_00001_nrcb3_cal.fits,SCIENCE,,CAL,,CALJWST,2.0.0,5893,jw05893012007_05101_00001_nrcb3_cal.fits,117573120,266380994,PUBLIC,2,F115W
266380705,JWST,image,jw05893012007_05101_00001_nrcb1,exposure (L2b): 2D calibrated exposure average over integrations,S,mast:JWST/product/jw05893012007_05101_00001_nrcb1_cal.fits,SCIENCE,,CAL,,CALJWST,2.0.0,5893,jw05893012007_05101_00001_nrcb1_cal.fits,117573120,266380994,PUBLIC,2,F115W
266380707,JWST,image,jw05893012007_03101_00001_nrcb4,exposure (L2b): 2D calibrated exposure average over integrations,S,mast:JWST/product/jw05893012007_03101_00001_nrcb4_cal.fits,SCIENCE,,CAL,,CALJWST,2.0.0,5893,jw05893012007_03101_00001_nrcb4_cal.fits,117573120,266380994,PUBLIC,2,F115W
266380708,JWST,image,jw05893012007_03101_00001_nrcb1,exposure (L2b): 2D calibrated exposure average over integrations,S,mast:JWST/product/jw05893012007_03101_00001_nrcb1_cal.fits,SCIENCE,,CAL,,CALJWST,2.0.0,5893,jw05893012007_03101_00001_nrcb1_cal.fits,117573120,266380994,PUBLIC,2,F115W
266380709,JWST,image,jw05893012007_03101_00001_nrca3,exposure (L2b): 2D calibrated exposure average over integrations,S,mast:JWST/product/jw05893012007_03101_00001_nrca3_cal.fits,SCIENCE,,CAL,,CALJWST,2.0.0,5893,jw05893012007_03101_00001_nrca3_cal.fits,117573120,266380994,PUBLIC,2,F115W
266380710,JWST,image,jw05893012007_05101_00001_nrca3,exposure (L2b): 2D calibrated exposure average over integrations,S,mast:JWST/product/jw05893012007_05101_00001_nrca3_cal.fits,SCIENCE,,CAL,,CALJWST,2.0.0,5893,jw05893012007_05101_00001_nrca3_cal.fits,117573120,266380994,PUBLIC,2,F115W
266380714,JWST,image,jw05893012007_05101_00001_nrca4,exposure (L2b): 2D calibrated exposure average over integrations,S,mast:JWST/product/jw05893012007_05101_00001_nrca4_cal.fits,SCIENCE,,CAL,,CALJWST,2.0.0,5893,jw05893012007_05101_00001_nrca4_cal.fits,117573120,266380994,PUBLIC,2,F115W
266380715,JWST,image,jw05893012007_05101_00001_nrcb2,exposure (L2b): 2D calibrated exposure average over integrations,S,mast:JWST/product/jw05893012007_05101_00001_nrcb2_cal.fits,SCIENCE,,CAL,,CALJWST,2.0.0,5893,jw05893012007_05101_00001_nrcb2_cal.fits,117573120,266380994,PUBLIC,2,F115W
266380716,JWST,image,jw05893012007_03101_00001_nrcb2,exposure (L2b): 2D calibrated exposure average over integrations,S,mast:JWST/product/jw05893012007_03101_00001_nrcb2_cal.fits,SCIENCE,,CAL,,CALJWST,2.0.0,5893,jw05893012007_03101_00001_nrcb2_cal.fits,117573120,266380994,PUBLIC,2,F115W
266380718,JWST,image,jw05893012007_03101_00001_nrca4,exposure (L2b): 2D calibrated exposure average over integrations,S,mast:JWST/product/jw05893012007_03101_00001_nrca4_cal.fits,SCIENCE,,CAL,,CALJWST,2.0.0,5893,jw05893012007_03101_00001_nrca4_cal.fits,117573120,266380994,PUBLIC,2,F115W
266380719,JWST,image,jw05893012007_03101_00001_nrca2,exposure (L2b): 2D calibrated exposure average over integrations,S,mast:JWST/product/jw05893012007_03101_00001_nrca2_cal.fits,SCIENCE,,CAL,,CALJWST,2.0.0,5893,jw05893012007_03101_00001_nrca2_cal.fits,117570240,266380994,PUBLIC,2,F115W
266380720,JWST,image,jw05893012007_05101_00001_nrca2,exposure (L2b): 2D calibrated exposure average over integrations,S,mast:JWST/product/jw05893012007_05101_00001_nrca2_cal.fits,SCIENCE,,CAL,,CALJWST,2.0.0,5893,jw05893012007_05101_00001_nrca2_cal.fits,117570240,266380994,PUBLIC,2,F115W
266380724,JWST,image,jw05893012007_05101_00002_nrca1,exposure (L2b): 2D calibrated exposure average over integrations,S,mast:JWST/product/jw05893012007_05101_00002_nrca1_cal.fits,SCIENCE,,CAL,,CALJWST,2.0.0,5893,jw05893012007_05101_00002_nrca1_cal.fits,117573120,266380994,PUBLIC,2,F115W
266380725,JWST,image,jw05893012007_05101_00002_nrcb1,exposure (L2b): 2D calibrated exposure average over integrations,S,mast:JWST/product/jw05893012007_05101_00002_nrcb1_cal.fits,SCIENCE,,CAL,,CALJWST,2.0.0,5893,jw05893012007_05101_00002_nrcb1_cal.fits,117573120,266380994,PUBLIC,2,F115W
266380726,JWST,image,jw05893012007_05101_00002_nrcb2,exposure (L2b): 2D calibrated exposure average over integrations,S,mast:JWST/product/jw05893012007_05101_00002_nrcb2_cal.fits,SCIENCE,,CAL,,CALJWST,2.0.0,5893,jw05893012007_05101_00002_nrcb2_cal.fits,117573120,266380994,PUBLIC,2,F115W
266380727,JWST,image,jw05893012007_05101_00002_nrca2,exposure (L2b): 2D calibrated exposure average over integrations,S,mast:JWST/product/jw05893012007_05101_00002_nrca2_cal.fits,SCIENCE,,CAL,,CALJWST,2.0.0,5893,jw05893012007_05101_00002_nrca2_cal.fits,117570240,266380994,PUBLIC,2,F115W
266380729,JWST,image,jw05893012007_05101_00002_nrca4,exposure (L2b): 2D calibrated exposure average over integrations,S,mast:JWST/product/jw05893012007_05101_00002_nrca4_cal.fits,SCIENCE,,CAL,,CALJWST,2.0.0,5893,jw05893012007_05101_00002_nrca4_cal.fits,117573120,266380994,PUBLIC,2,F115W
266380730,JWST,image,jw05893012007_05101_00002_nrca3,exposure (L2b): 2D calibrated exposure average over integrations,S,mast:JWST/product/jw05893012007_05101_00002_nrca3_cal.fits,SCIENCE,,CAL,,CALJWST,2.0.0,5893,jw05893012007_05101_00002_nrca3_cal.fits,117573120,266380994,PUBLIC,2,F115W
266380844,JWST,image,jw05893012008_03101_00001_nrca4,exposure (L2b): 2D calibrated exposure average over integrations,S,mast:JWST/product/jw05893012008_03101_00001_nrca4_cal.fits,SCIENCE,,CAL,,CALJWST,2.0.0,5893,jw05893012008_03101_00001_nrca4_cal.fits,117573120,266380994,PUBLIC,2,F115W
266380846,JWST,image,jw05893012008_05101_00001_nrca2,exposure (L2b): 2D calibrated exposure average over integrations,S,mast:JWST/product/jw05893012008_05101_00001_nrca2_cal.fits,SCIENCE,,CAL,,CALJWST,2.0.0,5893,jw05893012008_05101_00001_nrca2_cal.fits,117570240,266380994,PUBLIC,2,F115W
266380847,JWST,image,jw05893012008_03101_00001_nrca3,exposure (L2b): 2D calibrated exposure average over integrations,S,mast:JWST/product/jw05893012008_03101_00001_nrca3_cal.fits,SCIENCE,,CAL,,CALJWST,2.0.0,5893,jw05893012008_03101_00001_nrca3_cal.fits,117573120,266380994,PUBLIC,2,F115W
266380855,JWST,image,jw05893012008_05101_00001_nrcb1,exposure (L2b): 2D calibrated exposure average over integrations,S,mast:JWST/product/jw05893012008_05101_00001_nrcb1_cal.fits,SCIENCE,,CAL,,CALJWST,2.0.0,5893,jw05893012008_05101_00001_nrcb1_cal.fits,117573120,266380994,PUBLIC,2,F115W
266380856,JWST,image,jw05893012008_05101_00002_nrcb4,exposure (L2b): 2D calibrated exposure average over integrations,S,mast:JWST/product/jw05893012008_05101_00002_nrcb4_cal.fits,SCIENCE,,CAL,,CALJWST,2.0.0,5893,jw05893012008_05101_00002_nrcb4_cal.fits,117573120,266380994,PUBLIC,2,F115W
266380860,JWST,image,jw05893012008_05101_00001_nrca3,exposure (L2b): 2D calibrated exposure average over integrations,S,mast:JWST/product/jw05893012008_05101_00001_nrca3_cal.fits,SCIENCE,,CAL,,CALJWST,2.0.0,5893,jw05893012008_05101_00001_nrca3_cal.fits,117573120,266380994,PUBLIC,2,F115W
266380863,JWST,image,jw05893012008_05101_00001_nrca1,exposure (L2b): 2D calibrated exposure average over integrations,S,mast:JWST/product/jw05893012008_05101_00001_nrca1_cal.fits,SCIENCE,,CAL,,CALJWST,2.0.0,5893,jw05893012008_05101_00001_nrca1_cal.fits,117573120,266380994,PUBLIC,2,F115W
266380864,JWST,image,jw05893012008_03101_00001_nrcb3,exposure (L2b): 2D calibrated exposure average over integrations,S,mast:JWST/product/jw05893012008_03101_00001_nrcb3_cal.fits,SCIENCE,,CAL,,CALJWST,2.0.0,5893,jw05893012008_03101_00001_nrcb3_cal.fits,117573120,266380994,PUBLIC,2,F115W
266380867,JWST,image,jw05893012008_05101_00001_nrcb3,exposure (L2b): 2D calibrated exposure average over integrations,S,mast:JWST/product/jw05893012008_05101_00001_nrcb3_cal.fits,SCIENCE,,CAL,,CALJWST,2.0.0,5893,jw05893012008_05101_00001_nrcb3_cal.fits,117573120,266380994,PUBLIC,2,F115W
266380869,JWST,image,jw05893012008_03101_00001_nrcb2,exposure (L2b): 2D calibrated exposure average over integrations,S,mast:JWST/product/jw05893012008_03101_00001_nrcb2_cal.fits,SCIENCE,,CAL,,CALJWST,2.0.0,5893,jw05893012008_03101_00001_nrcb2_cal.fits,117573120,266380994,PUBLIC,2,F115W
266380875,JWST,image,jw05893012008_03101_00001_nrca1,exposure (L2b): 2D calibrated exposure average over integrations,S,mast:JWST/product/jw05893012008_03101_00001_nrca1_cal.fits,SCIENCE,,CAL,,CALJWST,2.0.0,5893,jw05893012008_03101_00001_nrca1_cal.fits,117573120,266380994,PUBLIC,2,F115W
266380877,JWST,image,jw05893012008_05101_00001_nrcb2,exposure (L2b): 2D calibrated exposure average over integrations,S,mast:JWST/product/jw05893012008_05101_00001_nrcb2_cal.fits,SCIENCE,,CAL,,CALJWST,2.0.0,5893,jw05893012008_05101_00001_nrcb2_cal.fits,117573120,266380994,PUBLIC,2,F115W
266380878,JWST,image,jw05893012008_03101_00001_nrca2,exposure (L2b): 2D calibrated exposure average over integrations,S,mast:JWST/product/jw05893012008_03101_00001_nrca2_cal.fits,SCIENCE,,CAL,,CALJWST,2.0.0,5893,jw05893012008_03101_00001_nrca2_cal.fits,117570240,266380994,PUBLIC,2,F115W
266380880,JWST,image,jw05893012008_03101_00001_nrcb1,exposure (L2b): 2D calibrated exposure average over integrations,S,mast:JWST/product/jw05893012008_03101_00001_nrcb1_cal.fits,SCIENCE,,CAL,,CALJWST,2.0.0,5893,jw05893012008_03101_00001_nrcb1_cal.fits,117573120,266380994,PUBLIC,2,F115W
266380885,JWST,image,jw05893012008_05101_00001_nrcb4,exposure (L2b): 2D calibrated exposure average over integrations,S,mast:JWST/product/jw05893012008_05101_00001_nrcb4_cal.fits,SCIENCE,,CAL,,CALJWST,2.0.0,5893,jw05893012008_05101_00001_nrcb4_cal.fits,117573120,266380994,PUBLIC,2,F115W
266380887,JWST,image,jw05893012008_05101_00001_nrca4,exposure (L2b): 2D calibrated exposure average over integrations,S,mast:JWST/product/jw05893012008_05101_00001_nrca4_cal.fits,SCIENCE,,CAL,,CALJWST,2.0.0,5893,jw05893012008_05101_00001_nrca4_cal.fits,117573120,266380994,PUBLIC,2,F115W
266380894,JWST,image,jw05893012008_03101_00001_nrcb4,exposure (L2b): 2D calibrated exposure average over integrations,S,mast:JWST/product/jw05893012008_03101_00001_nrcb4_cal.fits,SCIENCE,,CAL,,CALJWST,2.0.0,5893,jw05893012008_03101_00001_nrcb4_cal.fits,117573120,266380994,PUBLIC,2,F115W
266380916,JWST,image,jw05893012008_05101_00002_nrca2,exposure (L2b): 2D calibrated exposure average over integrations,S,mast:JWST/product/jw05893012008_05101_00002_nrca2_cal.fits,SCIENCE,,CAL,,CALJWST,2.0.0,5893,jw05893012008_05101_00002_nrca2_cal.fits,117570240,266380994,PUBLIC,2,F115W
266380922,JWST,image,jw05893012008_05101_00002_nrca4,exposure (L2b): 2D calibrated exposure average over integrations,S,mast:JWST/product/jw05893012008_05101_00002_nrca4_cal.fits,SCIENCE,,CAL,,CALJWST,2.0.0,5893,jw05893012008_05101_00002_nrca4_cal.fits,117573120,266380994,PUBLIC,2,F115W
266380923,JWST,image,jw05893012008_05101_00002_nrca1,exposure (L2b): 2D calibrated exposure average over integrations,S,mast:JWST/product/jw05893012008_05101_00002_nrca1_cal.fits,SCIENCE,,CAL,,CALJWST,2.0.0,5893,jw05893012008_05101_00002_nrca1_cal.fits,117573120,266380994,PUBLIC,2,F115W
266380925,JWST,image,jw05893012008_05101_00002_nrcb1,exposure (L2b): 2D calibrated exposure average over integrations,S,mast:JWST/product/jw05893012008_05101_00002_nrcb1_cal.fits,SCIENCE,,CAL,,CALJWST,2.0.0,5893,jw05893012008_05101_00002_nrcb1_cal.fits,117573120,266380994,PUBLIC,2,F115W
266380926,JWST,image,jw05893012008_05101_00002_nrca3,exposure (L2b): 2D calibrated exposure average over integrations,S,mast:JWST/product/jw05893012008_05101_00002_nrca3_cal.fits,SCIENCE,,CAL,,CALJWST,2.0.0,5893,jw05893012008_05101_00002_nrca3_cal.fits,117573120,266380994,PUBLIC,2,F115W
266380928,JWST,image,jw05893012008_05101_00002_nrcb3,exposure (L2b): 2D calibrated exposure average over integrations,S,mast:JWST/product/jw05893012008_05101_00002_nrcb3_cal.fits,SCIENCE,,CAL,,CALJWST,2.0.0,5893,jw05893012008_05101_00002_nrcb3_cal.fits,117573120,266380994,PUBLIC,2,F115W
266380929,JWST,image,jw05893012008_05101_00002_nrcb2,exposure (L2b): 2D calibrated exposure average over integrations,S,mast:JWST/product/jw05893012008_05101_00002_nrcb2_cal.fits,SCIENCE,,CAL,,CALJWST,2.0.0,5893,jw05893012008_05101_00002_nrcb2_cal.fits,117573120,266380994,PUBLIC,2,F115W
266448664,JWST,image,jw05893016001_05101_00002_nrca1,exposure (L2b): 2D calibrated exposure average over integrations,S,mast:JWST/product/jw05893016001_05101_00002_nrca1_cal.fits,SCIENCE,,CAL,,CALJWST,2.0.0,5893,jw05893016001_05101_00002_nrca1_cal.fits,117573120,266453986,PUBLIC,2,F115W
266448667,JWST,image,jw05893016001_05101_00001_nrca1,exposure (L2b): 2D calibrated exposure average over integrations,S,mast:JWST/product/jw05893016001_05101_00001_nrca1_cal.fits,SCIENCE,,CAL,,CALJWST,2.0.0,5893,jw05893016001_05101_00001_nrca1_cal.fits,117573120,266453986,PUBLIC,2,F115W
266448670,JWST,image,jw05893016001_05101_00002_nrca4,exposure (L2b): 2D calibrated exposure average over integrations,S,mast:JWST/product/jw05893016001_05101_00002_nrca4_cal.fits,SCIENCE,,CAL,,CALJWST,2.0.0,5893,jw05893016001_05101_00002_nrca4_cal.fits,117573120,266453986,PUBLIC,2,F115W
266448673,JWST,image,jw05893016001_05101_00002_nrca2,exposure (L2b): 2D calibrated exposure average over integrations,S,mast:JWST/product/jw05893016001_05101_00002_nrca2_cal.fits,SCIENCE,,CAL,,CALJWST,2.0.0,5893,jw05893016001_05101_00002_nrca2_cal.fits,117570240,266453986,PUBLIC,2,F115W
266448680,JWST,image,jw05893016001_03101_00001_nrca1,exposure (L2b): 2D calibrated exposure average over integrations,S,mast:JWST/product/jw05893016001_03101_00001_nrca1_cal.fits,SCIENCE,,CAL,,CALJWST,2.0.0,5893,jw05893016001_03101_00001_nrca1_cal.fits,117573120,266453986,PUBLIC,2,F115W
266448691,JWST,image,jw05893016001_03101_00001_nrca3,exposure (L2b): 2D calibrated exposure average over integrations,S,mast:JWST/product/jw05893016001_03101_00001_nrca3_cal.fits,SCIENCE,,CAL,,CALJWST,2.0.0,5893,jw05893016001_03101_00001_nrca3_cal.fits,117573120,266453986,PUBLIC,2,F115W
266448692,JWST,image,jw05893016001_03101_00001_nrca2,exposure (L2b): 2D calibrated exposure average over integrations,S,mast:JWST/product/jw05893016001_03101_00001_nrca2_cal.fits,SCIENCE,,CAL,,CALJWST,2.0.0,5893,jw05893016001_03101_00001_nrca2_cal.fits,117570240,266453986,PUBLIC,2,F115W
266449272,JWST,image,jw05893016004_05101_00002_nrcb2,exposure (L2b): 2D calibrated exposure average over integrations,S,mast:JWST/product/jw05893016004_05101_00002_nrcb2_cal.fits,SCIENCE,,CAL,,CALJWST,2.0.0,5893,jw05893016004_05101_00002_nrcb2_cal.fits,117573120,266453986,PUBLIC,2,F115W
266449273,JWST,image,jw05893016004_05101_00002_nrca2,exposure (L2b): 2D calibrated exposure average over integrations,S,mast:JWST/product/jw05893016004_05101_00002_nrca2_cal.fits,SCIENCE,,CAL,,CALJWST,2.0.0,5893,jw05893016004_05101_00002_nrca2_cal.fits,117570240,266453986,PUBLIC,2,F115W
266449274,JWST,image,jw05893016004_05101_00002_nrca3,exposure (L2b): 2D calibrated exposure average over integrations,S,mast:JWST/product/jw05893016004_05101_00002_nrca3_cal.fits,SCIENCE,,CAL,,CALJWST,2.0.0,5893,jw05893016004_05101_00002_nrca3_cal.fits,117573120,266453986,PUBLIC,2,F115W
266449275,JWST,image,jw05893016004_05101_00002_nrcb3,exposure (L2b): 2D calibrated exposure average over integrations,S,mast:JWST/product/jw05893016004_05101_00002_nrcb3_cal.fits,SCIENCE,,CAL,,CALJWST,2.0.0,5893,jw05893016004_05101_00002_nrcb3_cal.fits,117573120,266453986,PUBLIC,2,F115W
266449276,JWST,image,jw05893016004_05101_00002_nrca1,exposure (L2b): 2D calibrated exposure average over integrations,S,mast:JWST/product/jw05893016004_05101_00002_nrca1_cal.fits,SCIENCE,,CAL,,CALJWST,2.0.0,5893,jw05893016004_05101_00002_nrca1_cal.fits,117573120,266453986,PUBLIC,2,F115W
266449278,JWST,image,jw05893016004_05101_00002_nrca4,exposure (L2b): 2D calibrated exposure average over integrations,S,mast:JWST/product/jw05893016004_05101_00002_nrca4_cal.fits,SCIENCE,,CAL,,CALJWST,2.0.0,5893,jw05893016004_05101_00002_nrca4_cal.fits,117573120,266453986,PUBLIC,2,F115W
266449279,JWST,image,jw05893016004_05101_00002_nrcb1,exposure (L2b): 2D calibrated exposure average over integrations,S,mast:JWST/product/jw05893016004_05101_00002_nrcb1_cal.fits,SCIENCE,,CAL,,CALJWST,2.0.0,5893,jw05893016004_05101_00002_nrcb1_cal.fits,117573120,266453986,PUBLIC,2,F115W
266449282,JWST,image,jw05893016004_05101_00002_nrcb4,exposure (L2b): 2D calibrated exposure average over integrations,S,mast:JWST/product/jw05893016004_05101_00002_nrcb4_cal.fits,SCIENCE,,CAL,,CALJWST,2.0.0,5893,jw05893016004_05101_00002_nrcb4_cal.fits,117573120,266453986,PUBLIC,2,F115W
266449461,JWST,image,jw05893016001_03101_00001_nrcb3,exposure (L2b): 2D calibrated exposure average over integrations,S,mast:JWST/product/jw05893016001_03101_00001_nrcb3_cal.fits,SCIENCE,,CAL,,CALJWST,2.0.0,5893,jw05893016001_03101_00001_nrcb3_cal.fits,117573120,266453986,PUBLIC,2,F115W
266449477,JWST,image,jw05893016001_05101_00002_nrcb3,exposure (L2b): 2D calibrated exposure average over integrations,S,mast:JWST/product/jw05893016001_05101_00002_nrcb3_cal.fits,SCIENCE,,CAL,,CALJWST,2.0.0,5893,jw05893016001_05101_00002_nrcb3_cal.fits,117573120,266453986,PUBLIC,2,F115W
266449478,JWST,image,jw05893016001_05101_00001_nrca2,exposure (L2b): 2D calibrated exposure average over integrations,S,mast:JWST/product/jw05893016001_05101_00001_nrca2_cal.fits,SCIENCE,,CAL,,CALJWST,2.0.0,5893,jw05893016001_05101_00001_nrca2_cal.fits,117570240,266453986,PUBLIC,2,F115W
266449481,JWST,image,jw05893016001_05101_00002_nrcb1,exposure (L2b): 2D calibrated exposure average over integrations,S,mast:JWST/product/jw05893016001_05101_00002_nrcb1_cal.fits,SCIENCE,,CAL,,CALJWST,2.0.0,5893,jw05893016001_05101_00002_nrcb1_cal.fits,117573120,266453986,PUBLIC,2,F115W
266449484,JWST,image,jw05893016001_05101_00002_nrcb2,exposure (L2b): 2D calibrated exposure average over integrations,S,mast:JWST/product/jw05893016001_05101_00002_nrcb2_cal.fits,SCIENCE,,CAL,,CALJWST,2.0.0,5893,jw05893016001_05101_00002_nrcb2_cal.fits,117573120,266453986,PUBLIC,2,F115W
266449487,JWST,image,jw05893016001_05101_00001_nrca3,exposure (L2b): 2D calibrated exposure average over integrations,S,mast:JWST/product/jw05893016001_05101_00001_nrca3_cal.fits,SCIENCE,,CAL,,CALJWST,2.0.0,5893,jw05893016001_05101_00001_nrca3_cal.fits,117573120,266453986,PUBLIC,2,F115W
266449489,JWST,image,jw05893016001_05101_00001_nrcb2,exposure (L2b): 2D calibrated exposure average over integrations,S,mast:JWST/product/jw05893016001_05101_00001_nrcb2_cal.fits,SCIENCE,,CAL,,CALJWST,2.0.0,5893,jw05893016001_05101_00001_nrcb2_cal.fits,117573120,266453986,PUBLIC,2,F115W
266449495,JWST,image,jw05893016001_05101_00001_nrcb4,exposure (L2b): 2D calibrated exposure average over integrations,S,mast:JWST/product/jw05893016001_05101_00001_nrcb4_cal.fits,SCIENCE,,CAL,,CALJWST,2.0.0,5893,jw05893016001_05101_00001_nrcb4_cal.fits,117573120,266453986,PUBLIC,2,F115W
266449496,JWST,image,jw05893016001_05101_00002_nrcb4,exposure (L2b): 2D calibrated exposure average over integrations,S,mast:JWST/product/jw05893016001_05101_00002_nrcb4_cal.fits,SCIENCE,,CAL,,CALJWST,2.0.0,5893,jw05893016001_05101_00002_nrcb4_cal.fits,117573120,266453986,PUBLIC,2,F115W
266449502,JWST,image,jw05893016001_05101_00001_nrcb3,exposure (L2b): 2D calibrated exposure average over integrations,S,mast:JWST/product/jw05893016001_05101_00001_nrcb3_cal.fits,SCIENCE,,CAL,,CALJWST,2.0.0,5893,jw05893016001_05101_00001_nrcb3_cal.fits,117573120,266453986,PUBLIC,2,F115W
266449506,JWST,image,jw05893016001_03101_00001_nrcb1,exposure (L2b): 2D calibrated exposure average over integrations,S,mast:JWST/product/jw05893016001_03101_00001_nrcb1_cal.fits,SCIENCE,,CAL,,CALJWST,2.0.0,5893,jw05893016001_03101_00001_nrcb1_cal.fits,117573120,266453986,PUBLIC,2,F115W
266449517,JWST,image,jw05893016001_05101_00002_nrca3,exposure (L2b): 2D calibrated exposure average over integrations,S,mast:JWST/product/jw05893016001_05101_00002_nrca3_cal.fits,SCIENCE,,CAL,,CALJWST,2.0.0,5893,jw05893016001_05101_00002_nrca3_cal.fits,117573120,266453986,PUBLIC,2,F115W
266449518,JWST,image,jw05893016001_03101_00001_nrcb4,exposure (L2b): 2D calibrated exposure average over integrations,S,mast:JWST/product/jw05893016001_03101_00001_nrcb4_cal.fits,SCIENCE,,CAL,,CALJWST,2.0.0,5893,jw05893016001_03101_00001_nrcb4_cal.fits,117573120,266453986,PUBLIC,2,F115W
266449519,JWST,image,jw05893016001_05101_00001_nrcb1,exposure (L2b): 2D calibrated exposure average over integrations,S,mast:JWST/product/jw05893016001_05101_00001_nrcb1_cal.fits,SCIENCE,,CAL,,CALJWST,2.0.0,5893,jw05893016001_05101_00001_nrcb1_cal.fits,117573120,266453986,PUBLIC,2,F115W
266449521,JWST,image,jw05893016001_03101_00001_nrcb2,exposure (L2b): 2D calibrated exposure average over integrations,S,mast:JWST/product/jw05893016001_03101_00001_nrcb2_cal.fits,SCIENCE,,CAL,,CALJWST,2.0.0,5893,jw05893016001_03101_00001_nrcb2_cal.fits,117573120,266453986,PUBLIC,2,F115W
266449522,JWST,image,jw05893016001_05101_00001_nrca4,exposure (L2b): 2D calibrated exposure average over integrations,S,mast:JWST/product/jw05893016001_05101_00001_nrca4_cal.fits,SCIENCE,,CAL,,CALJWST,2.0.0,5893,jw05893016001_05101_00001_nrca4_cal.fits,117573120,266453986,PUBLIC,2,F115W
266449523,JWST,image,jw05893016001_03101_00001_nrca4,exposure (L2b): 2D calibrated exposure average over integrations,S,mast:JWST/product/jw05893016001_03101_00001_nrca4_cal.fits,SCIENCE,,CAL,,CALJWST,2.0.0,5893,jw05893016001_03101_00001_nrca4_cal.fits,117573120,266453986,PUBLIC,2,F115W
266449633,JWST,image,jw05893016004_05101_00001_nrca4,exposure (L2b): 2D calibrated exposure average over integrations,S,mast:JWST/product/jw05893016004_05101_00001_nrca4_cal.fits,SCIENCE,,CAL,,CALJWST,2.0.0,5893,jw05893016004_05101_00001_nrca4_cal.fits,117573120,266453986,PUBLIC,2,F115W
266449638,JWST,image,jw05893016004_05101_00001_nrca3,exposure (L2b): 2D calibrated exposure average over integrations,S,mast:JWST/product/jw05893016004_05101_00001_nrca3_cal.fits,SCIENCE,,CAL,,CALJWST,2.0.0,5893,jw05893016004_05101_00001_nrca3_cal.fits,117573120,266453986,PUBLIC,2,F115W
266449642,JWST,image,jw05893016004_03101_00001_nrca2,exposure (L2b): 2D calibrated exposure average over integrations,S,mast:JWST/product/jw05893016004_03101_00001_nrca2_cal.fits,SCIENCE,,CAL,,CALJWST,2.0.0,5893,jw05893016004_03101_00001_nrca2_cal.fits,117570240,266453986,PUBLIC,2,F115W
266449646,JWST,image,jw05893016004_05101_00001_nrcb1,exposure (L2b): 2D calibrated exposure average over integrations,S,mast:JWST/product/jw05893016004_05101_00001_nrcb1_cal.fits,SCIENCE,,CAL,,CALJWST,2.0.0,5893,jw05893016004_05101_00001_nrcb1_cal.fits,117573120,266453986,PUBLIC,2,F115W
266449652,JWST,image,jw05893016003_05101_00002_nrca4,exposure (L2b): 2D calibrated exposure average over integrations,S,mast:JWST/product/jw05893016003_05101_00002_nrca4_cal.fits,SCIENCE,,CAL,,CALJWST,2.0.0,5893,jw05893016003_05101_00002_nrca4_cal.fits,117573120,266453986,PUBLIC,2,F115W
266449654,JWST,image,jw05893016003_03101_00001_nrca4,exposure (L2b): 2D calibrated exposure average over integrations,S,mast:JWST/product/jw05893016003_03101_00001_nrca4_cal.fits,SCIENCE,,CAL,,CALJWST,2.0.0,5893,jw05893016003_03101_00001_nrca4_cal.fits,117573120,266453986,PUBLIC,2,F115W
266449655,JWST,image,jw05893016003_03101_00001_nrcb1,exposure (L2b): 2D calibrated exposure average over integrations,S,mast:JWST/product/jw05893016003_03101_00001_nrcb1_cal.fits,SCIENCE,,CAL,,CALJWST,2.0.0,5893,jw05893016003_03101_00001_nrcb1_cal.fits,117573120,266453986,PUBLIC,2,F115W
266449658,JWST,image,jw05893016003_05101_00001_nrca3,exposure (L2b): 2D calibrated exposure average over integrations,S,mast:JWST/product/jw05893016003_05101_00001_nrca3_cal.fits,SCIENCE,,CAL,,CALJWST,2.0.0,5893,jw05893016003_05101_00001_nrca3_cal.fits,117573120,266453986,PUBLIC,2,F115W
266449667,JWST,image,jw05893016003_05101_00001_nrcb1,exposure (L2b): 2D calibrated exposure average over integrations,S,mast:JWST/product/jw05893016003_05101_00001_nrcb1_cal.fits,SCIENCE,,CAL,,CALJWST,2.0.0,5893,jw05893016003_05101_00001_nrcb1_cal.fits,117573120,266453986,PUBLIC,2,F115W
266449672,JWST,image,jw05893016003_03101_00001_nrca3,exposure (L2b): 2D calibrated exposure average over integrations,S,mast:JWST/product/jw05893016003_03101_00001_nrca3_cal.fits,SCIENCE,,CAL,,CALJWST,2.0.0,5893,jw05893016003_03101_00001_nrca3_cal.fits,117573120,266453986,PUBLIC,2,F115W
266449673,JWST,image,jw05893016003_05101_00002_nrca2,exposure (L2b): 2D calibrated exposure average over integrations,S,mast:JWST/product/jw05893016003_05101_00002_nrca2_cal.fits,SCIENCE,,CAL,,CALJWST,2.0.0,5893,jw05893016003_05101_00002_nrca2_cal.fits,117570240,266453986,PUBLIC,2,F115W
266449678,JWST,image,jw05893016003_05101_00001_nrca1,exposure (L2b): 2D calibrated exposure average over integrations,S,mast:JWST/product/jw05893016003_05101_00001_nrca1_cal.fits,SCIENCE,,CAL,,CALJWST,2.0.0,5893,jw05893016003_05101_00001_nrca1_cal.fits,117573120,266453986,PUBLIC,2,F115W
266449680,JWST,image,jw05893016003_05101_00001_nrca4,exposure (L2b): 2D calibrated exposure average over integrations,S,mast:JWST/product/jw05893016003_05101_00001_nrca4_cal.fits,SCIENCE,,CAL,,CALJWST,2.0.0,5893,jw05893016003_05101_00001_nrca4_cal.fits,117573120,266453986,PUBLIC,2,F115W
266449902,JWST,image,jw05893016005_03101_00001_nrcb3,exposure (L2b): 2D calibrated exposure average over integrations,S,mast:JWST/product/jw05893016005_03101_00001_nrcb3_cal.fits,SCIENCE,,CAL,,CALJWST,2.0.0,5893,jw05893016005_03101_00001_nrcb3_cal.fits,117573120,266453986,PUBLIC,2,F115W
266449912,JWST,image,jw05893016005_03101_00001_nrca2,exposure (L2b): 2D calibrated exposure average over integrations,S,mast:JWST/product/jw05893016005_03101_00001_nrca2_cal.fits,SCIENCE,,CAL,,CALJWST,2.0.0,5893,jw05893016005_03101_00001_nrca2_cal.fits,117570240,266453986,PUBLIC,2,F115W
266449914,JWST,image,jw05893016005_05101_00002_nrcb4,exposure (L2b): 2D calibrated exposure average over integrations,S,mast:JWST/product/jw05893016005_05101_00002_nrcb4_cal.fits,SCIENCE,,CAL,,CALJWST,2.0.0,5893,jw05893016005_05101_00002_nrcb4_cal.fits,117573120,266453986,PUBLIC,2,F115W
266449916,JWST,image,jw05893016005_05101_00001_nrcb3,exposure (L2b): 2D calibrated exposure average over integrations,S,mast:JWST/product/jw05893016005_05101_00001_nrcb3_cal.fits,SCIENCE,,CAL,,CALJWST,2.0.0,5893,jw05893016005_05101_00001_nrcb3_cal.fits,117573120,266453986,PUBLIC,2,F115W
266449920,JWST,image,jw05893016005_05101_00001_nrca1,exposure (L2b): 2D calibrated exposure average over integrations,S,mast:JWST/product/jw05893016005_05101_00001_nrca1_cal.fits,SCIENCE,,CAL,,CALJWST,2.0.0,5893,jw05893016005_05101_00001_nrca1_cal.fits,117573120,266453986,PUBLIC,2,F115W
266449921,JWST,image,jw05893016005_03101_00001_nrca1,exposure (L2b): 2D calibrated exposure average over integrations,S,mast:JWST/product/jw05893016005_03101_00001_nrca1_cal.fits,SCIENCE,,CAL,,CALJWST,2.0.0,5893,jw05893016005_03101_00001_nrca1_cal.fits,117573120,266453986,PUBLIC,2,F115W
266449927,JWST,image,jw05893016005_05101_00001_nrcb4,exposure (L2b): 2D calibrated exposure average over integrations,S,mast:JWST/product/jw05893016005_05101_00001_nrcb4_cal.fits,SCIENCE,,CAL,,CALJWST,2.0.0,5893,jw05893016005_05101_00001_nrcb4_cal.fits,117573120,266453986,PUBLIC,2,F115W
266449928,JWST,image,jw05893016005_03101_00001_nrca4,exposure (L2b): 2D calibrated exposure average over integrations,S,mast:JWST/product/jw05893016005_03101_00001_nrca4_cal.fits,SCIENCE,,CAL,,CALJWST,2.0.0,5893,jw05893016005_03101_00001_nrca4_cal.fits,117573120,266453986,PUBLIC,2,F115W
266449932,JWST,image,jw05893016005_03101_00001_nrcb1,exposure (L2b): 2D calibrated exposure average over integrations,S,mast:JWST/product/jw05893016005_03101_00001_nrcb1_cal.fits,SCIENCE,,CAL,,CALJWST,2.0.0,5893,jw05893016005_03101_00001_nrcb1_cal.fits,117573120,266453986,PUBLIC,2,F115W
266449935,JWST,image,jw05893016005_05101_00001_nrcb1,exposure (L2b): 2D calibrated exposure average over integrations,S,mast:JWST/product/jw05893016005_05101_00001_nrcb1_cal.fits,SCIENCE,,CAL,,CALJWST,2.0.0,5893,jw05893016005_05101_00001_nrcb1_cal.fits,117573120,266453986,PUBLIC,2,F115W
266449937,JWST,image,jw05893016005_05101_00002_nrca2,exposure (L2b): 2D calibrated exposure average over integrations,S,mast:JWST/product/jw05893016005_05101_00002_nrca2_cal.fits,SCIENCE,,CAL,,CALJWST,2.0.0,5893,jw05893016005_05101_00002_nrca2_cal.fits,117570240,266453986,PUBLIC,2,F115W
266449940,JWST,image,jw05893016005_05101_00002_nrca4,exposure (L2b): 2D calibrated exposure average over integrations,S,mast:JWST/product/jw05893016005_05101_00002_nrca4_cal.fits,SCIENCE,,CAL,,CALJWST,2.0.0,5893,jw05893016005_05101_00002_nrca4_cal.fits,117573120,266453986,PUBLIC,2,F115W
266449942,JWST,image,jw05893016005_03101_00001_nrcb2,exposure (L2b): 2D calibrated exposure average over integrations,S,mast:JWST/product/jw05893016005_03101_00001_nrcb2_cal.fits,SCIENCE,,CAL,,CALJWST,2.0.0,5893,jw05893016005_03101_00001_nrcb2_cal.fits,117573120,266453986,PUBLIC,2,F115W
266449945,JWST,image,jw05893016005_05101_00002_nrca3,exposure (L2b): 2D calibrated exposure average over integrations,S,mast:JWST/product/jw05893016005_05101_00002_nrca3_cal.fits,SCIENCE,,CAL,,CALJWST,2.0.0,5893,jw05893016005_05101_00002_nrca3_cal.fits,117573120,266453986,PUBLIC,2,F115W
266449947,JWST,image,jw05893016005_03101_00001_nrcb4,exposure (L2b): 2D calibrated exposure average over integrations,S,mast:JWST/product/jw05893016005_03101_00001_nrcb4_cal.fits,SCIENCE,,CAL,,CALJWST,2.0.0,5893,jw05893016005_03101_00001_nrcb4_cal.fits,117573120,266453986,PUBLIC,2,F115W
266449949,JWST,image,jw05893016005_05101_00001_nrca2,exposure (L2b): 2D calibrated exposure average over integrations,S,mast:JWST/product/jw05893016005_05101_00001_nrca2_cal.fits,SCIENCE,,CAL,,CALJWST,2.0.0,5893,jw05893016005_05101_00001_nrca2_cal.fits,117570240,266453986,PUBLIC,2,F115W
266449954,JWST,image,jw05893016005_05101_00002_nrcb2,exposure (L2b): 2D calibrated exposure average over integrations,S,mast:JWST/product/jw05893016005_05101_00002_nrcb2_cal.fits,SCIENCE,,CAL,,CALJWST,2.0.0,5893,jw05893016005_05101_00002_nrcb2_cal.fits,117573120,266453986,PUBLIC,2,F115W
266449955,JWST,image,jw05893016005_05101_00002_nrcb3,exposure (L2b): 2D calibrated exposure average over integrations,S,mast:JWST/product/jw05893016005_05101_00002_nrcb3_cal.fits,SCIENCE,,CAL,,CALJWST,2.0.0,5893,jw05893016005_05101_00002_nrcb3_cal.fits,117573120,266453986,PUBLIC,2,F115W
266449956,JWST,image,jw05893016005_05101_00001_nrcb2,exposure (L2b): 2D calibrated exposure average over integrations,S,mast:JWST/product/jw05893016005_05101_00001_nrcb2_cal.fits,SCIENCE,,CAL,,CALJWST,2.0.0,5893,jw05893016005_05101_00001_nrcb2_cal.fits,117573120,266453986,PUBLIC,2,F115W
266449958,JWST,image,jw05893016005_05101_00001_nrca3,exposure (L2b): 2D calibrated exposure average over integrations,S,mast:JWST/product/jw05893016005_05101_00001_nrca3_cal.fits,SCIENCE,,CAL,,CALJWST,2.0.0,5893,jw05893016005_05101_00001_nrca3_cal.fits,117573120,266453986,PUBLIC,2,F115W
266449960,JWST,image,jw05893016005_03101_00001_nrca3,exposure (L2b): 2D calibrated exposure average over integrations,S,mast:JWST/product/jw05893016005_03101_00001_nrca3_cal.fits,SCIENCE,,CAL,,CALJWST,2.0.0,5893,jw05893016005_03101_00001_nrca3_cal.fits,117573120,266453986,PUBLIC,2,F115W
266450308,JWST,image,jw05893016004_05101_00001_nrca1,exposure (L2b): 2D calibrated exposure average over integrations,S,mast:JWST/product/jw05893016004_05101_00001_nrca1_cal.fits,SCIENCE,,CAL,,CALJWST,2.0.0,5893,jw05893016004_05101_00001_nrca1_cal.fits,117573120,266453986,PUBLIC,2,F115W
266450315,JWST,image,jw05893016004_05101_00001_nrca2,exposure (L2b): 2D calibrated exposure average over integrations,S,mast:JWST/product/jw05893016004_05101_00001_nrca2_cal.fits,SCIENCE,,CAL,,CALJWST,2.0.0,5893,jw05893016004_05101_00001_nrca2_cal.fits,117570240,266453986,PUBLIC,2,F115W
266450316,JWST,image,jw05893016004_03101_00001_nrca4,exposure (L2b): 2D calibrated exposure average over integrations,S,mast:JWST/product/jw05893016004_03101_00001_nrca4_cal.fits,SCIENCE,,CAL,,CALJWST,2.0.0,5893,jw05893016004_03101_00001_nrca4_cal.fits,117573120,266453986,PUBLIC,2,F115W
266450321,JWST,image,jw05893016004_05101_00001_nrcb3,exposure (L2b): 2D calibrated exposure average over integrations,S,mast:JWST/product/jw05893016004_05101_00001_nrcb3_cal.fits,SCIENCE,,CAL,,CALJWST,2.0.0,5893,jw05893016004_05101_00001_nrcb3_cal.fits,117573120,266453986,PUBLIC,2,F115W
266450331,JWST,image,jw05893016004_03101_00001_nrca1,exposure (L2b): 2D calibrated exposure average over integrations,S,mast:JWST/product/jw05893016004_03101_00001_nrca1_cal.fits,SCIENCE,,CAL,,CALJWST,2.0.0,5893,jw05893016004_03101_00001_nrca1_cal.fits,117573120,266453986,PUBLIC,2,F115W
266450333,JWST,image,jw05893016004_03101_00001_nrca3,exposure (L2b): 2D calibrated exposure average over integrations,S,mast:JWST/product/jw05893016004_03101_00001_nrca3_cal.fits,SCIENCE,,CAL,,CALJWST,2.0.0,5893,jw05893016004_03101_00001_nrca3_cal.fits,117573120,266453986,PUBLIC,2,F115W
266450335,JWST,image,jw05893016004_03101_00001_nrcb3,exposure (L2b): 2D calibrated exposure average over integrations,S,mast:JWST/product/jw05893016004_03101_00001_nrcb3_cal.fits,SCIENCE,,CAL,,CALJWST,2.0.0,5893,jw05893016004_03101_00001_nrcb3_cal.fits,117573120,266453986,PUBLIC,2,F115W
266450346,JWST,image,jw05893016004_03101_00001_nrcb1,exposure (L2b): 2D calibrated exposure average over integrations,S,mast:JWST/product/jw05893016004_03101_00001_nrcb1_cal.fits,SCIENCE,,CAL,,CALJWST,2.0.0,5893,jw05893016004_03101_00001_nrcb1_cal.fits,117573120,266453986,PUBLIC,2,F115W
266450353,JWST,image,jw05893016004_05101_00001_nrcb2,exposure (L2b): 2D calibrated exposure average over integrations,S,mast:JWST/product/jw05893016004_05101_00001_nrcb2_cal.fits,SCIENCE,,CAL,,CALJWST,2.0.0,5893,jw05893016004_05101_00001_nrcb2_cal.fits,117573120,266453986,PUBLIC,2,F115W
266450361,JWST,image,jw05893016004_03101_00001_nrcb4,exposure (L2b): 2D calibrated exposure average over integrations,S,mast:JWST/product/jw05893016004_03101_00001_nrcb4_cal.fits,SCIENCE,,CAL,,CALJWST,2.0.0,5893,jw05893016004_03101_00001_nrcb4_cal.fits,117573120,266453986,PUBLIC,2,F115W
266450370,JWST,image,jw05893016004_03101_00001_nrcb2,exposure (L2b): 2D calibrated exposure average over integrations,S,mast:JWST/product/jw05893016004_03101_00001_nrcb2_cal.fits,SCIENCE,,CAL,,CALJWST,2.0.0,5893,jw05893016004_03101_00001_nrcb2_cal.fits,117573120,266453986,PUBLIC,2,F115W
266450398,JWST,image,jw05893016003_03101_00001_nrcb2,exposure (L2b): 2D calibrated exposure average over integrations,S,mast:JWST/product/jw05893016003_03101_00001_nrcb2_cal.fits,SCIENCE,,CAL,,CALJWST,2.0.0,5893,jw05893016003_03101_00001_nrcb2_cal.fits,117573120,266453986,PUBLIC,2,F115W
266450399,JWST,image,jw05893016003_05101_00001_nrcb4,exposure (L2b): 2D calibrated exposure average over integrations,S,mast:JWST/product/jw05893016003_05101_00001_nrcb4_cal.fits,SCIENCE,,CAL,,CALJWST,2.0.0,5893,jw05893016003_05101_00001_nrcb4_cal.fits,117573120,266453986,PUBLIC,2,F115W
266450405,JWST,image,jw05893016003_03101_00001_nrcb3,exposure (L2b): 2D calibrated exposure average over integrations,S,mast:JWST/product/jw05893016003_03101_00001_nrcb3_cal.fits,SCIENCE,,CAL,,CALJWST,2.0.0,5893,jw05893016003_03101_00001_nrcb3_cal.fits,117573120,266453986,PUBLIC,2,F115W
266450409,JWST,image,jw05893016004_05101_00001_nrcb4,exposure (L2b): 2D calibrated exposure average over integrations,S,mast:JWST/product/jw05893016004_05101_00001_nrcb4_cal.fits,SCIENCE,,CAL,,CALJWST,2.0.0,5893,jw05893016004_05101_00001_nrcb4_cal.fits,117573120,266453986,PUBLIC,2,F115W
266450435,JWST,image,jw05893016003_03101_00001_nrcb4,exposure (L2b): 2D calibrated exposure average over integrations,S,mast:JWST/product/jw05893016003_03101_00001_nrcb4_cal.fits,SCIENCE,,CAL,,CALJWST,2.0.0,5893,jw05893016003_03101_00001_nrcb4_cal.fits,117573120,266453986,PUBLIC,2,F115W
266450444,JWST,image,jw05893016003_05101_00002_nrca3,exposure (L2b): 2D calibrated exposure average over integrations,S,mast:JWST/product/jw05893016003_05101_00002_nrca3_cal.fits,SCIENCE,,CAL,,CALJWST,2.0.0,5893,jw05893016003_05101_00002_nrca3_cal.fits,117573120,266453986,PUBLIC,2,F115W
266450455,JWST,image,jw05893016003_05101_00002_nrca1,exposure (L2b): 2D calibrated exposure average over integrations,S,mast:JWST/product/jw05893016003_05101_00002_nrca1_cal.fits,SCIENCE,,CAL,,CALJWST,2.0.0,5893,jw05893016003_05101_00002_nrca1_cal.fits,117573120,266453986,PUBLIC,2,F115W
266450464,JWST,image,jw05893016003_03101_00001_nrca1,exposure (L2b): 2D calibrated exposure average over integrations,S,mast:JWST/product/jw05893016003_03101_00001_nrca1_cal.fits,SCIENCE,,CAL,,CALJWST,2.0.0,5893,jw05893016003_03101_00001_nrca1_cal.fits,117573120,266453986,PUBLIC,2,F115W
266450474,JWST,image,jw05893016003_05101_00002_nrcb2,exposure (L2b): 2D calibrated exposure average over integrations,S,mast:JWST/product/jw05893016003_05101_00002_nrcb2_cal.fits,SCIENCE,,CAL,,CALJWST,2.0.0,5893,jw05893016003_05101_00002_nrcb2_cal.fits,117573120,266453986,PUBLIC,2,F115W
266450476,JWST,image,jw05893016003_05101_00002_nrcb4,exposure (L2b): 2D calibrated exposure average over integrations,S,mast:JWST/product/jw05893016003_05101_00002_nrcb4_cal.fits,SCIENCE,,CAL,,CALJWST,2.0.0,5893,jw05893016003_05101_00002_nrcb4_cal.fits,117573120,266453986,PUBLIC,2,F115W
266450478,JWST,image,jw05893016003_05101_00002_nrcb1,exposure (L2b): 2D calibrated exposure average over integrations,S,mast:JWST/product/jw05893016003_05101_00002_nrcb1_cal.fits,SCIENCE,,CAL,,CALJWST,2.0.0,5893,jw05893016003_05101_00002_nrcb1_cal.fits,117573120,266453986,PUBLIC,2,F115W
266450480,JWST,image,jw05893016003_03101_00001_nrca2,exposure (L2b): 2D calibrated exposure average over integrations,S,mast:JWST/product/jw05893016003_03101_00001_nrca2_cal.fits,SCIENCE,,CAL,,CALJWST,2.0.0,5893,jw05893016003_03101_00001_nrca2_cal.fits,117570240,266453986,PUBLIC,2,F115W
266450482,JWST,image,jw05893016003_05101_00001_nrcb2,exposure (L2b): 2D calibrated exposure average over integrations,S,mast:JWST/product/jw05893016003_05101_00001_nrcb2_cal.fits,SCIENCE,,CAL,,CALJWST,2.0.0,5893,jw05893016003_05101_00001_nrcb2_cal.fits,117573120,266453986,PUBLIC,2,F115W
266450486,JWST,image,jw05893016003_05101_00001_nrcb3,exposure (L2b): 2D calibrated exposure average over integrations,S,mast:JWST/product/jw05893016003_05101_00001_nrcb3_cal.fits,SCIENCE,,CAL,,CALJWST,2.0.0,5893,jw05893016003_05101_00001_nrcb3_cal.fits,117573120,266453986,PUBLIC,2,F115W
266450490,JWST,image,jw05893016003_05101_00001_nrca2,exposure (L2b): 2D calibrated exposure average over integrations,S,mast:JWST/product/jw05893016003_05101_00001_nrca2_cal.fits,SCIENCE,,CAL,,CALJWST,2.0.0,5893,jw05893016003_05101_00001_nrca2_cal.fits,117570240,266453986,PUBLIC,2,F115W
266450498,JWST,image,jw05893016003_05101_00002_nrcb3,exposure (L2b): 2D calibrated exposure average over integrations,S,mast:JWST/product/jw05893016003_05101_00002_nrcb3_cal.fits,SCIENCE,,CAL,,CALJWST,2.0.0,5893,jw05893016003_05101_00002_nrcb3_cal.fits,117573120,266453986,PUBLIC,2,F115W
266450659,JWST,image,jw05893016005_05101_00002_nrca1,exposure (L2b): 2D calibrated exposure average over integrations,S,mast:JWST/product/jw05893016005_05101_00002_nrca1_cal.fits,SCIENCE,,CAL,,CALJWST,2.0.0,5893,jw05893016005_05101_00002_nrca1_cal.fits,117573120,266453986,PUBLIC,2,F115W
266450660,JWST,image,jw05893016005_05101_00002_nrcb1,exposure (L2b): 2D calibrated exposure average over integrations,S,mast:JWST/product/jw05893016005_05101_00002_nrcb1_cal.fits,SCIENCE,,CAL,,CALJWST,2.0.0,5893,jw05893016005_05101_00002_nrcb1_cal.fits,117573120,266453986,PUBLIC,2,F115W
266450663,JWST,image,jw05893016005_05101_00001_nrca4,exposure (L2b): 2D calibrated exposure average over integrations,S,mast:JWST/product/jw05893016005_05101_00001_nrca4_cal.fits,SCIENCE,,CAL,,CALJWST,2.0.0,5893,jw05893016005_05101_00001_nrca4_cal.fits,117573120,266453986,PUBLIC,2,F115W
