obsID,obs_collection,dataproduct_type,obs_id,description,type,dataURI,productType,productGroupDescription,productSubGroupDescription,productDocumentationURL,project,prvversion,proposal_id,productFilename,size,parent_obsid,dataRights,calib_level,filters
262821341,JWST,image,jw05893002001_02101_00001_nrca2,exposure (L2b): 2D calibrated exposure average over integrations,S,mast:JWST/product/jw05893002001_02101_00001_nrca2_cal.fits,SCIENCE,,CAL,,CALJWST,2.0.0,5893,jw05893002001_02101_00001_nrca2_cal.fits,117570240,262847059,PUBLIC,2,F200W
262821342,JWST,image,jw05893002001_02101_00002_nrcb3,exposure (L2b): 2D calibrated exposure average over integrations,S,mast:JWST/product/jw05893002001_02101_00002_nrcb3_cal.fits,SCIENCE,,CAL,,CALJWST,2.0.0,5893,jw05893002001_02101_00002_nrcb3_cal.fits,117573120,262847059,PUBLIC,2,F200W
262821344,JWST,image,jw05893002001_02101_00001_nrcb3,exposure (L2b): 2D calibrated exposure average over integrations,S,mast:JWST/product/jw05893002001_02101_00001_nrcb3_cal.fits,SCIENCE,,CAL,,CALJWST,2.0.0,5893,jw05893002001_02101_00001_nrcb3_cal.fits,117573120,262847059,PUBLIC,2,F200W
262821345,JWST,image,jw05893002001_02101_00002_nrca3,exposure (L2b): 2D calibrated exposure average over integrations,S,mast:JWST/product/jw05893002001_02101_00002_nrca3_cal.fits,SCIENCE,,CAL,,CALJWST,2.0.0,5893,jw05893002001_02101_00002_nrca3_cal.fits,117573120,262847059,PUBLIC,2,F200W
262821347,JWST,image,jw05893002001_02101_00001_nrca3,exposure (L2b): 2D calibrated exposure average over integrations,S,mast:JWST/product/jw05893002001_02101_00001_nrca3_cal.fits,SCIENCE,,CAL,,CALJWST,2.0.0,5893,jw05893002001_02101_00001_nrca3_cal.fits,117573120,262847059,PUBLIC,2,F200W
262821348,JWST,image,jw05893002001_02101_00002_nrcb1,exposure (L2b): 2D calibrated exposure average over integrations,S,mast:JWST/product/jw05893002001_02101_00002_nrcb1_cal.fits,SCIENCE,,CAL,,CALJWST,2.0.0,5893,jw05893002001_02101_00002_nrcb1_cal.fits,117573120,262847059,PUBLIC,2,F200W
262821350,JWST,image,jw05893002001_02101_00001_nrcb2,exposure (L2b): 2D calibrated exposure average over integrations,S,mast:JWST/product/jw05893002001_02101_00001_nrcb2_cal.fits,SCIENCE,,CAL,,CALJWST,2.0.0,5893,jw05893002001_02101_00001_nrcb2_cal.fits,117573120,262847059,PUBLIC,2,F200W
262821352,JWST,image,jw05893002001_02101_00001_nrcb4,exposure (L2b): 2D calibrated exposure average over integrations,S,mast:JWST/product/jw05893002001_02101_00001_nrcb4_cal.fits,SCIENCE,,CAL,,CALJWST,2.0.0,5893,jw05893002001_02101_00001_nrcb4_cal.fits,117573120,262847059,PUBLIC,2,F200W
262821353,JWST,image,jw05893002001_02101_00002_nrcb2,exposure (L2b): 2D calibrated exposure average over integrations,S,mast:JWST/product/jw05893002001_02101_00002_nrcb2_cal.fits,SCIENCE,,CAL,,CALJWST,2.0.0,5893,jw05893002001_02101_00002_nrcb2_cal.fits,117573120,262847059,PUBLIC,2,F200W
262821355,JWST,image,jw05893002001_02101_00002_nrca1,exposure (L2b): 2D calibrated exposure average over integrations,S,mast:JWST/product/jw05893002001_02101_00002_nrca1_cal.fits,SCIENCE,,CAL,,CALJWST,2.0.0,5893,jw05893002001_02101_00002_nrca1_cal.fits,117570240,262847059,PUBLIC,2,F200W
262821356,JWST,image,jw05893002001_02101_00002_nrcb4,exposure (L2b): 2D calibrated exposure average over integrations,S,mast:JWST/product/jw05893002001_02101_00002_nrcb4_cal.fits,SCIENCE,,CAL,,CALJWST,2.0.0,5893,jw05893002001_02101_00002_nrcb4_cal.fits,117573120,262847059,PUBLIC,2,F200W
262821358,JWST,image,jw05893002001_02101_00002_nrca2,exposure (L2b): 2D calibrated exposure average over integrations,S,mast:JWST/product/jw05893002001_02101_00002_nrca2_cal.fits,SCIENCE,,CAL,,CALJWST,2.0.0,5893,jw05893002001_02101_00002_nrca2_cal.fits,117570240,262847059,PUBLIC,2,F200W
262821359,JWST,image,jw05893002001_02101_00001_nrca4,exposure (L2b): 2D calibrated exposure average over integrations,S,mast:JWST/product/jw05893002001_02101_00001_nrca4_cal.fits,SCIENCE,,CAL,,CALJWST,2.0.0,5893,jw05893002001_02101_00001_nrca4_cal.fits,117573120,262847059,PUBLIC,2,F200W
262821360,JWST,image,jw05893002001_02101_00001_nrcb1,exposure (L2b): 2D calibrated exposure average over integrations,S,mast:JWST/product/jw05893002001_02101_00001_nrcb1_cal.fits,SCIENCE,,CAL,,CALJWST,2.0.0,5893,jw05893002001_02101_00001_nrcb1_cal.fits,117573120,262847059,PUBLIC,2,F200W
262821361,JWST,image,jw05893002001_02101_00001_nrca1,exposure (L2b): 2D calibrated exposure average over integrations,S,mast:JWST/product/jw05893002001_02101_00001_nrca1_cal.fits,SCIENCE,,CAL,,CALJWST,2.0.0,5893,jw05893002001_02101_00001_nrca1_cal.fits,117570240,262847059,PUBLIC,2,F200W
262821368,JWST,image,jw05893002001_02101_00003_nrca4,exposure (L2b): 2D calibrated exposure average over integrations,S,mast:JWST/product/jw05893002001_02101_00003_nrca4_cal.fits,SCIENCE,,CAL,,CALJWST,2.0.0,5893,jw05893002001_02101_00003_nrca4_cal.fits,117573120,262847059,PUBLIC,2,F200W
262821369,JWST,image,jw05893002001_02101_00004_nrcb2,exposure (L2b): 2D calibrated exposure average over integrations,S,mast:JWST/product/jw05893002001_02101_00004_nrcb2_cal.fits,SCIENCE,,CAL,,CALJWST,2.0.0,5893,jw05893002001_02101_00004_nrcb2_cal.fits,117573120,262847059,PUBLIC,2,F200W
262821372,JWST,image,jw05893002001_02101_00003_nrcb3,exposure (L2b): 2D calibrated exposure average over integrations,S,mast:JWST/product/jw05893002001_02101_00003_nrcb3_cal.fits,SCIENCE,,CAL,,CALJWST,2.0.0,5893,jw05893002001_02101_00003_nrcb3_cal.fits,117573120,262847059,PUBLIC,2,F200W
262821374,JWST,image,jw05893002001_02101_00004_nrca2,exposure (L2b): 2D calibrated exposure average over integrations,S,mast:JWST/product/jw05893002001_02101_00004_nrca2_cal.fits,SCIENCE,,CAL,,CALJWST,2.0.0,5893,jw05893002001_02101_00004_nrca2_cal.fits,117570240,262847059,PUBLIC,2,F200W
262821375,JWST,image,jw05893002001_02101_00003_nrca3,exposure (L2b): 2D calibrated exposure average over integrations,S,mast:JWST/product/jw05893002001_02101_00003_nrca3_cal.fits,SCIENCE,,CAL,,CALJWST,2.0.0,5893,jw05893002001_02101_00003_nrca3_cal.fits,117573120,262847059,PUBLIC,2,F200W
262821376,JWST,image,jw05893002001_02101_00003_nrcb4,exposure (L2b): 2D calibrated exposure average over integrations,S,mast:JWST/product/jw05893002001_02101_00003_nrcb4_cal.fits,SCIENCE,,CAL,,CALJWST,2.0.0,5893,jw05893002001_02101_00003_nrcb4_cal.fits,117573120,262847059,PUBLIC,2,F200W
262821377,JWST,image,jw05893002001_02101_00003_nrca1,exposure (L2b): 2D calibrated exposure average over integrations,S,mast:JWST/product/jw05893002001_02101_00003_nrca1_cal.fits,SCIENCE,,CAL,,CALJWST,2.0.0,5893,jw05893002001_02101_00003_nrca1_cal.fits,117570240,262847059,PUBLIC,2,F200W
262821378,JWST,image,jw05893002001_02101_00003_nrca2,exposure (L2b): 2D calibrated exposure average over integrations,S,mast:JWST/product/jw05893002001_02101_00003_nrca2_cal.fits,SCIENCE,,CAL,,CALJWST,2.0.0,5893,jw05893002001_02101_00003_nrca2_cal.fits,117570240,262847059,PUBLIC,2,F200W
262821379,JWST,image,jw05893002001_02101_00003_nrcb1,exposure (L2b): 2D calibrated exposure average over integrations,S,mast:JWST/product/jw05893002001_02101_00003_nrcb1_cal.fits,SCIENCE,,CAL,,CALJWST,2.0.0,5893,jw05893002001_02101_00003_nrcb1_cal.fits,117573120,262847059,PUBLIC,2,F200W
262821380,JWST,image,jw05893002001_02101_00002_nrca4,exposure (L2b): 2D calibrated exposure average over integrations,S,mast:JWST/product/jw05893002001_02101_00002_nrca4_cal.fits,SCIENCE,,CAL,,CALJWST,2.0.0,5893,jw05893002001_02101_00002_nrca4_cal.fits,117573120,262847059,PUBLIC,2,F200W
262821381,JWST,image,jw05893002001_02101_00004_nrca1,exposure (L2b): 2D calibrated exposure average over integrations,S,mast:JWST/product/jw05893002001_02101_00004_nrca1_cal.fits,SCIENCE,,CAL,,CALJWST,2.0.0,5893,jw05893002001_02101_00004_nrca1_cal.fits,117570240,262847059,PUBLIC,2,F200W
262821388,JWST,image,jw05893002001_02101_00003_nrcb2,exposure (L2b): 2D calibrated exposure average over integrations,S,mast:JWST/product/jw05893002001_02101_00003_nrcb2_cal.fits,SCIENCE,,CAL,,CALJWST,2.0.0,5893,jw05893002001_02101_00003_nrcb2_cal.fits,117573120,262847059,PUBLIC,2,F200W
262821389,JWST,image,jw05893002001_02101_00004_nrcb1,exposure (L2b): 2D calibrated exposure average over integrations,S,mast:JWST/product/jw05893002001_02101_00004_nrcb1_cal.fits,SCIENCE,,CAL,,CALJWST,2.0.0,5893,jw05893002001_02101_00004_nrcb1_cal.fits,117573120,262847059,PUBLIC,2,F200W
262821390,JWST,image,jw05893002001_02101_00004_nrcb4,exposure (L2b): 2D calibrated exposure average over integrations,S,mast:JWST/product/jw05893002001_02101_00004_nrcb4_cal.fits,SCIENCE,,CAL,,CALJWST,2.0.0,5893,jw05893002001_02101_00004_nrcb4_cal.fits,117573120,262847059,PUBLIC,2,F200W
262821391,JWST,image,jw05893002001_02101_00005_nrcb2,exposure (L2b): 2D calibrated exposure average over integrations,S,mast:JWST/product/jw05893002001_02101_00005_nrcb2_cal.fits,SCIENCE,,CAL,,CALJWST,2.0.0,5893,jw05893002001_02101_00005_nrcb2_cal.fits,117573120,262847059,PUBLIC,2,F200W
262821393,JWST,image,jw05893002001_02101_00005_nrca4,exposure (L2b): 2D calibrated exposure average over integrations,S,mast:JWST/product/jw05893002001_02101_00005_nrca4_cal.fits,SCIENCE,,CAL,,CALJWST,2.0.0,5893,jw05893002001_02101_00005_nrca4_cal.fits,117573120,262847059,PUBLIC,2,F200W
262821394,JWST,image,jw05893002001_02101_00004_nrca3,exposure (L2b): 2D calibrated exposure average over integrations,S,mast:JWST/product/jw05893002001_02101_00004_nrca3_cal.fits,SCIENCE,,CAL,,CALJWST,2.0.0,5893,jw05893002001_02101_00004_nrca3_cal.fits,117573120,262847059,PUBLIC,2,F200W
262821395,JWST,image,jw05893002001_02101_00005_nrcb3,exposure (L2b): 2D calibrated exposure average over integrations,S,mast:JWST/product/jw05893002001_02101_00005_nrcb3_cal.fits,SCIENCE,,CAL,,CALJWST,2.0.0,5893,jw05893002001_02101_00005_nrcb3_cal.fits,117573120,262847059,PUBLIC,2,F200W
262821396,JWST,image,jw05893002001_02101_00005_nrcb4,exposure (L2b): 2D calibrated exposure average over integrations,S,mast:JWST/product/jw05893002001_02101_00005_nrcb4_cal.fits,SCIENCE,,CAL,,CALJWST,2.0.0,5893,jw05893002001_02101_00005_nrcb4_cal.fits,117573120,262847059,PUBLIC,2,F200W
262821397,JWST,image,jw05893002001_02101_00005_nrcb1,exposure (L2b): 2D calibrated exposure average over integrations,S,mast:JWST/product/jw05893002001_02101_00005_nrcb1_cal.fits,SCIENCE,,CAL,,CALJWST,2.0.0,5893,jw05893002001_02101_00005_nrcb1_cal.fits,117573120,262847059,PUBLIC,2,F200W
262821398,JWST,image,jw05893002001_02101_00005_nrca1,exposure (L2b): 2D calibrated exposure average over integrations,S,mast:JWST/product/jw05893002001_02101_00005_nrca1_cal.fits,SCIENCE,,CAL,,CALJWST,2.0.0,5893,jw05893002001_02101_00005_nrca1_cal.fits,117570240,262847059,PUBLIC,2,F200W
262821399,JWST,image,jw05893002001_02101_00004_nrcb3,exposure (L2b): 2D calibrated exposure average over integrations,S,mast:JWST/product/jw05893002001_02101_00004_nrcb3_cal.fits,SCIENCE,,CAL,,CALJWST,2.0.0,5893,jw05893002001_02101_00004_nrcb3_cal.fits,117573120,262847059,PUBLIC,2,F200W
262821402,JWST,image,jw05893002001_02101_00004_nrca4,exposure (L2b): 2D calibrated exposure average over integrations,S,mast:JWST/product/jw05893002001_02101_00004_nrca4_cal.fits,SCIENCE,,CAL,,CALJWST,2.0.0,5893,jw05893002001_02101_00004_nrca4_cal.fits,117573120,262847059,PUBLIC,2,F200W
262821404,JWST,image,jw05893002001_02101_00005_nrca2,exposure (L2b): 2D calibrated exposure average over integrations,S,mast:JWST/product/jw05893002001_02101_00005_nrca2_cal.fits,SCIENCE,,CAL,,CALJWST,2.0.0,5893,jw05893002001_02101_00005_nrca2_cal.fits,117570240,262847059,PUBLIC,2,F200W
262821408,JWST,image,jw05893002001_02101_00006_nrca2,exposure (L2b): 2D calibrated exposure average over integrations,S,mast:JWST/product/jw05893002001_02101_00006_nrca2_cal.fits,SCIENCE,,CAL,,CALJWST,2.0.0,5893,jw05893002001_02101_00006_nrca2_cal.fits,117570240,262847059,PUBLIC,2,F200W
262821420,JWST,image,jw05893002001_02101_00006_nrcb4,exposure (L2b): 2D calibrated exposure average over integrations,S,mast:JWST/product/jw05893002001_02101_00006_nrcb4_cal.fits,SCIENCE,,CAL,,CALJWST,2.0.0,5893,jw05893002001_02101_00006_nrcb4_cal.fits,117573120,262847059,PUBLIC,2,F200W
262821427,JWST,image,jw05893002001_02101_00005_nrca3,exposure (L2b): 2D calibrated exposure average over integrations,S,mast:JWST/product/jw05893002001_02101_00005_nrca3_cal.fits,SCIENCE,,CAL,,CALJWST,2.0.0,5893,jw05893002001_02101_00005_nrca3_cal.fits,117573120,262847059,PUBLIC,2,F200W
262821432,JWST,image,jw05893002001_02101_00006_nrca1,exposure (L2b): 2D calibrated exposure average over integrations,S,mast:JWST/product/jw05893002001_02101_00006_nrca1_cal.fits,SCIENCE,,CAL,,CALJWST,2.0.0,5893,jw05893002001_02101_00006_nrca1_cal.fits,117570240,262847059,PUBLIC,2,F200W
262821436,JWST,image,jw05893002001_02101_00006_nrcb3,exposure (L2b): 2D calibrated exposure average over integrations,S,mast:JWST/product/jw05893002001_02101_00006_nrcb3_cal.fits,SCIENCE,,CAL,,CALJWST,2.0.0,5893,jw05893002001_02101_00006_nrcb3_cal.fits,117573120,262847059,PUBLIC,2,F200W
262821439,JWST,image,jw05893002001_02101_00006_nrca4,exposure (L2b): 2D calibrated exposure average over integrations,S,mast:JWST/product/jw05893002001_02101_00006_nrca4_cal.fits,SCIENCE,,CAL,,CALJWST,2.0.0,5893,jw05893002001_02101_00006_nrca4_cal.fits,117573120,262847059,PUBLIC,2,F200W
262821441,JWST,image,jw05893002001_02101_00006_nrcb2,exposure (L2b): 2D calibrated exposure average over integrations,S,mast:JWST/product/jw05893002001_02101_00006_nrcb2_cal.fits,SCIENCE,,CAL,,CALJWST,2.0.0,5893,jw05893002001_02101_00006_nrcb2_cal.fits,117573120,262847059,PUBLIC,2,F200W
262821449,JWST,image,jw05893002001_02101_00006_nrca3,exposure (L2b): 2D calibrated exposure average over integrations,S,mast:JWST/product/jw05893002001_02101_00006_nrca3_cal.fits,SCIENCE,,CAL,,CALJWST,2.0.0,5893,jw05893002001_02101_00006_nrca3_cal.fits,117573120,262847059,PUBLIC,2,F200W
262821452,JWST,image,jw05893002001_02101_00006_nrcb1,exposure (L2b): 2D calibrated exposure average over integrations,S,mast:JWST/product/jw05893002001_02101_00006_nrcb1_cal.fits,SCIENCE,,CAL,,CALJWST,2.0.0,5893,jw05893002001_02101_00006_nrcb1_cal.fits,117573120,262847059,PUBLIC,2,F200W
262821570,JWST,image,jw05893002003_02101_00002_nrca4,exposure (L2b): 2D calibrated exposure average over integrations,S,mast:JWST/product/jw05893002003_02101_00002_nrca4_cal.fits,SCIENCE,,CAL,,CALJWST,2.0.0,5893,jw05893002003_02101_00002_nrca4_cal.fits,117573120,262847059,PUBLIC,2,F200W
262821571,JWST,image,jw05893002003_02101_00002_nrcb2,exposure (L2b): 2D calibrated exposure average over integrations,S,mast:JWST/product/jw05893002003_02101_00002_nrcb2_cal.fits,SCIENCE,,CAL,,CALJWST,2.0.0,5893,jw05893002003_02101_00002_nrcb2_cal.fits,117573120,262847059,PUBLIC,2,F200W
262821572,JWST,image,jw05893002003_02101_00003_nrca4,exposure (L2b): 2D calibrated exposure average over integrations,S,mast:JWST/product/jw05893002003_02101_00003_nrca4_cal.fits,SCIENCE,,CAL,,CALJWST,2.0.0,5893,jw05893002003_02101_00003_nrca4_cal.fits,117573120,262847059,PUBLIC,2,F200W
262821574,JWST,image,jw05893002003_02101_00002_nrca2,exposure (L2b): 2D calibrated exposure average over integrations,S,mast:JWST/product/jw05893002003_02101_00002_nrca2_cal.fits,SCIENCE,,CAL,,CALJWST,2.0.0,5893,jw05893002003_02101_00002_nrca2_cal.fits,117570240,262847059,PUBLIC,2,F200W
262821575,JWST,image,jw05893002003_02101_00002_nrca1,exposure (L2b): 2D calibrated exposure average over integrations,S,mast:JWST/product/jw05893002003_02101_00002_nrca1_cal.fits,SCIENCE,,CAL,,CALJWST,2.0.0,5893,jw05893002003_02101_00002_nrca1_cal.fits,117570240,262847059,PUBLIC,2,F200W
262821576,JWST,image,jw05893002003_02101_00002_nrcb3,exposure (L2b): 2D calibrated exposure average over integrations,S,mast:JWST/product/jw05893002003_02101_00002_nrcb3_cal.fits,SCIENCE,,CAL,,CALJWST,2.0.0,5893,jw05893002003_02101_00002_nrcb3_cal.fits,117573120,262847059,PUBLIC,2,F200W
262821577,JWST,image,jw05893002003_02101_00002_nrcb1,exposure (L2b): 2D calibrated exposure average over integrations,S,mast:JWST/product/jw05893002003_02101_00002_nrcb1_cal.fits,SCIENCE,,CAL,,CALJWST,2.0.0,5893,jw05893002003_02101_00002_nrcb1_cal.fits,117573120,262847059,PUBLIC,2,F200W
262821580,JWST,image,jw05893002003_02101_00002_nrca3,exposure (L2b): 2D calibrated exposure average over integrations,S,mast:JWST/product/jw05893002003_02101_00002_nrca3_cal.fits,SCIENCE,,CAL,,CALJWST,2.0.0,5893,jw05893002003_02101_00002_nrca3_cal.fits,117573120,262847059,PUBLIC,2,F200W
262821581,JWST,image,jw05893002003_02101_00002_nrcb4,exposure (L2b): 2D calibrated exposure average over integrations,S,mast:JWST/product/jw05893002003_02101_00002_nrcb4_cal.fits,SCIENCE,,CAL,,CALJWST,2.0.0,5893,jw05893002003_02101_00002_nrcb4_cal.fits,117573120,262847059,PUBLIC,2,F200W
262821582,JWST,image,jw05893002003_02101_00003_nrca1,exposure (L2b): 2D calibrated exposure average over integrations,S,mast:JWST/product/jw05893002003_02101_00003_nrca1_cal.fits,SCIENCE,,CAL,,CALJWST,2.0.0,5893,jw05893002003_02101_00003_nrca1_cal.fits,117570240,262847059,PUBLIC,2,F200W
262821615,JWST,image,jw05893002003_02101_00006_nrcb1,exposure (L2b): 2D calibrated exposure average over integrations,S,mast:JWST/product/jw05893002003_02101_00006_nrcb1_cal.fits,SCIENCE,,CAL,,CALJWST,2.0.0,5893,jw05893002003_02101_00006_nrcb1_cal.fits,117573120,262847059,PUBLIC,2,F200W
262821616,JWST,image,jw05893002003_02101_00004_nrca3,exposure (L2b): 2D calibrated exposure average over integrations,S,mast:JWST/product/jw05893002003_02101_00004_nrca3_cal.fits,SCIENCE,,CAL,,CALJWST,2.0.0,5893,jw05893002003_02101_00004_nrca3_cal.fits,117573120,262847059,PUBLIC,2,F200W
262821617,JWST,image,jw05893002003_02101_00005_nrcb2,exposure (L2b): 2D calibrated exposure average over integrations,S,mast:JWST/product/jw05893002003_02101_00005_nrcb2_cal.fits,SCIENCE,,CAL,,CALJWST,2.0.0,5893,jw05893002003_02101_00005_nrcb2_cal.fits,117573120,262847059,PUBLIC,2,F200W
262821618,JWST,image,jw05893002003_02101_00004_nrca4,exposure (L2b): 2D calibrated exposure average over integrations,S,mast:JWST/product/jw05893002003_02101_00004_nrca4_cal.fits,SCIENCE,,CAL,,CALJWST,2.0.0,5893,jw05893002003_02101_00004_nrca4_cal.fits,117573120,262847059,PUBLIC,2,F200W
262821620,JWST,image,jw05893002003_02101_00003_nrcb4,exposure (L2b): 2D calibrated exposure average over integrations,S,mast:JWST/product/jw05893002003_02101_00003_nrcb4_cal.fits,SCIENCE,,CAL,,CALJWST,2.0.0,5893,jw05893002003_02101_00003_nrcb4_cal.fits,117573120,262847059,PUBLIC,2,F200W
262821621,JWST,image,jw05893002003_02101_00003_nrca2,exposure (L2b): 2D calibrated exposure average over integrations,S,mast:JWST/product/jw05893002003_02101_00003_nrca2_cal.fits,SCIENCE,,CAL,,CALJWST,2.0.0,5893,jw05893002003_02101_00003_nrca2_cal.fits,117570240,262847059,PUBLIC,2,F200W
262821622,JWST,image,jw05893002003_02101_00006_nrcb2,exposure (L2b): 2D calibrated exposure average over integrations,S,mast:JWST/product/jw05893002003_02101_00006_nrcb2_cal.fits,SCIENCE,,CAL,,CALJWST,2.0.0,5893,jw05893002003_02101_00006_nrcb2_cal.fits,117573120,262847059,PUBLIC,2,F200W
262821623,JWST,image,jw05893002003_02101_00003_nrca3,exposure (L2b): 2D calibrated exposure average over integrations,S,mast:JWST/product/jw05893002003_02101_00003_nrca3_cal.fits,SCIENCE,,CAL,,CALJWST,2.0.0,5893,jw05893002003_02101_00003_nrca3_cal.fits,117573120,262847059,PUBLIC,2,F200W
262821624,JWST,image,jw05893002003_02101_00005_nrca3,exposure (L2b): 2D calibrated exposure average over integrations,S,mast:JWST/product/jw05893002003_02101_00005_nrca3_cal.fits,SCIENCE,,CAL,,CALJWST,2.0.0,5893,jw05893002003_02101_00005_nrca3_cal.fits,117573120,262847059,PUBLIC,2,F200W
262821625,JWST,image,jw05893002003_02101_00004_nrcb1,exposure (L2b): 2D calibrated exposure average over integrations,S,mast:JWST/product/jw05893002003_02101_00004_nrcb1_cal.fits,SCIENCE,,CAL,,CALJWST,2.0.0,5893,jw05893002003_02101_00004_nrcb1_cal.fits,117573120,262847059,PUBLIC,2,F200W
262821626,JWST,image,jw05893002003_02101_00006_nrcb3,exposure (L2b): 2D calibrated exposure average over integrations,S,mast:JWST/product/jw05893002003_02101_00006_nrcb3_cal.fits,SCIENCE,,CAL,,CALJWST,2.0.0,5893,jw05893002003_02101_00006_nrcb3_cal.fits,117573120,262847059,PUBLIC,2,F200W
262821627,JWST,image,jw05893002003_02101_00003_nrcb2,exposure (L2b): 2D calibrated exposure average over integrations,S,mast:JWST/product/jw05893002003_02101_00003_nrcb2_cal.fits,SCIENCE,,CAL,,CALJWST,2.0.0,5893,jw05893002003_02101_00003_nrcb2_cal.fits,117573120,262847059,PUBLIC,2,F200W
262821628,JWST,image,jw05893002003_02101_00005_nrcb4,exposure (L2b): 2D calibrated exposure average over integrations,S,mast:JWST/product/jw05893002003_02101_00005_nrcb4_cal.fits,SCIENCE,,CAL,,CALJWST,2.0.0,5893,jw05893002003_02101_00005_nrcb4_cal.fits,117573120,262847059,PUBLIC,2,F200W
262821629,JWST,image,jw05893002003_02101_00006_nrcb4,exposure (L2b): 2D calibrated exposure average over integrations,S,mast:JWST/product/jw05893002003_02101_00006_nrcb4_cal.fits,SCIENCE,,CAL,,CALJWST,2.0.0,5893,jw05893002003_02101_00006_nrcb4_cal.fits,117573120,262847059,PUBLIC,2,F200W
262821630,JWST,image,jw05893002003_02101_00004_nrca1,exposure (L2b): 2D calibrated exposure average over integrations,S,mast:JWST/product/jw05893002003_02101_00004_nrca1_cal.fits,SCIENCE,,CAL,,CALJWST,2.0.0,5893,jw05893002003_02101_00004_nrca1_cal.fits,117570240,262847059,PUBLIC,2,F200W
262821631,JWST,image,jw05893002003_02101_00006_nrca2,exposure (L2b): 2D calibrated exposure average over integrations,S,mast:JWST/product/jw05893002003_02101_00006_nrca2_cal.fits,SCIENCE,,CAL,,CALJWST,2.0.0,5893,jw05893002003_02101_00006_nrca2_cal.fits,117570240,262847059,PUBLIC,2,F200W
262821632,JWST,image,jw05893002003_02101_00005_nrca4,exposure (L2b): 2D calibrated exposure average over integrations,S,mast:JWST/product/jw05893002003_02101_00005_nrca4_cal.fits,SCIENCE,,CAL,,CALJWST,2.0.0,5893,jw05893002003_02101_00005_nrca4_cal.fits,117573120,262847059,PUBLIC,2,F200W
262821635,JWST,image,jw05893002003_02101_00006_nrca3,exposure (L2b): 2D calibrated exposure average over integrations,S,mast:JWST/product/jw05893002003_02101_00006_nrca3_cal.fits,SCIENCE,,CAL,,CALJWST,2.0.0,5893,jw05893002003_02101_00006_nrca3_cal.fits,117573120,262847059,PUBLIC,2,F200W
262821636,JWST,image,jw05893002003_02101_00004_nrcb4,exposure (L2b): 2D calibrated exposure average over integrations,S,mast:JWST/product/jw05893002003_02101_00004_nrcb4_cal.fits,SCIENCE,,CAL,,CALJWST,2.0.0,5893,jw05893002003_02101_00004_nrcb4_cal.fits,117573120,262847059,PUBLIC,2,F200W
262821637,JWST,image,jw05893002003_02101_00004_nrca2,exposure (L2b): 2D calibrated exposure average over integrations,S,mast:JWST/product/jw05893002003_02101_00004_nrca2_cal.fits,SCIENCE,,CAL,,CALJWST,2.0.0,5893,jw05893002003_02101_00004_nrca2_cal.fits,117570240,262847059,PUBLIC,2,F200W
262821638,JWST,image,jw05893002003_02101_00003_nrcb3,exposure (L2b): 2D calibrated exposure average over integrations,S,mast:JWST/product/jw05893002003_02101_00003_nrcb3_cal.fits,SCIENCE,,CAL,,CALJWST,2.0.0,5893,jw05893002003_02101_00003_nrcb3_cal.fits,117573120,262847059,PUBLIC,2,F200W
262821639,JWST,image,jw05893002003_02101_00005_nrca2,exposure (L2b): 2D calibrated exposure average over integrations,S,mast:JWST/product/jw05893002003_02101_00005_nrca2_cal.fits,SCIENCE,,CAL,,CALJWST,2.0.0,5893,jw05893002003_02101_00005_nrca2_cal.fits,117570240,262847059,PUBLIC,2,F200W
262821641,JWST,image,jw05893002003_02101_00005_nrcb3,exposure (L2b): 2D calibrated exposure average over integrations,S,mast:JWST/product/jw05893002003_02101_00005_nrcb3_cal.fits,SCIENCE,,CAL,,CALJWST,2.0.0,5893,jw05893002003_02101_00005_nrcb3_cal.fits,117573120,262847059,PUBLIC,2,F200W
262821646,JWST,image,jw05893002003_02101_00003_nrcb1,exposure (L2b): 2D calibrated exposure average over integrations,S,mast:JWST/product/jw05893002003_02101_00003_nrcb1_cal.fits,SCIENCE,,CAL,,CALJWST,2.0.0,5893,jw05893002003_02101_00003_nrcb1_cal.fits,117573120,262847059,PUBLIC,2,F200W
262821647,JWST,image,jw05893002003_02101_00004_nrcb3,exposure (L2b): 2D calibrated exposure average over integrations,S,mast:JWST/product/jw05893002003_02101_00004_nrcb3_cal.fits,SCIENCE,,CAL,,CALJWST,2.0.0,5893,jw05893002003_02101_00004_nrcb3_cal.fits,117573120,262847059,PUBLIC,2,F200W
262821648,JWST,image,jw05893002003_02101_00005_nrcb1,exposure (L2b): 2D calibrated exposure average over integrations,S,mast:JWST/product/jw05893002003_02101_00005_nrcb1_cal.fits,SCIENCE,,CAL,,CALJWST,2.0.0,5893,jw05893002003_02101_00005_nrcb1_cal.fits,117573120,262847059,PUBLIC,2,F200W
262821650,JWST,image,jw05893002003_02101_00005_nrca1,exposure (L2b): 2D calibrated exposure average over integrations,S,mast:JWST/product/jw05893002003_02101_00005_nrca1_cal.fits,SCIENCE,,CAL,,CALJWST,2.0.0,5893,jw05893002003_02101_00005_nrca1_cal.fits,117570240,262847059,PUBLIC,2,F200W
262821652,JWST,image,jw05893002003_02101_00004_nrcb2,exposure (L2b): 2D calibrated exposure average over integrations,S,mast:JWST/product/jw05893002003_02101_00004_nrcb2_cal.fits,SCIENCE,,CAL,,CALJWST,2.0.0,5893,jw05893002003_02101_00004_nrcb2_cal.fits,117573120,262847059,PUBLIC,2,F200W
262821653,JWST,image,jw05893002002_02101_00001_nrca2,exposure (L2b): 2D calibrated exposure average over integrations,S,mast:JWST/product/jw05893002002_02101_00001_nrca2_cal.fits,SCIENCE,,CAL,,CALJWST,2.0.0,5893,jw05893002002_02101_00001_nrca2_cal.fits,117570240,262847059,PUBLIC,2,F200W
262821654,JWST,image,jw05893002002_02101_00005_nrca1,exposure (L2b): 2D calibrated exposure average over integrations,S,mast:JWST/product/jw05893002002_02101_00005_nrca1_cal.fits,SCIENCE,,CAL,,CALJWST,2.0.0,5893,jw05893002002_02101_00005_nrca1_cal.fits,117570240,262847059,PUBLIC,2,F200W
262821655,JWST,image,jw05893002002_02101_00001_nrca1,exposure (L2b): 2D calibrated exposure average over integrations,S,mast:JWST/product/jw05893002002_02101_00001_nrca1_cal.fits,SCIENCE,,CAL,,CALJWST,2.0.0,5893,jw05893002002_02101_00001_nrca1_cal.fits,117570240,262847059,PUBLIC,2,F200W
262821656,JWST,image,jw05893002002_02101_00002_nrca1,exposure (L2b): 2D calibrated exposure average over integrations,S,mast:JWST/product/jw05893002002_02101_00002_nrca1_cal.fits,SCIENCE,,CAL,,CALJWST,2.0.0,5893,jw05893002002_02101_00002_nrca1_cal.fits,117570240,262847059,PUBLIC,2,F200W
262821657,JWST,image,jw05893002002_02101_00006_nrca1,exposure (L2b): 2D calibrated exposure average over integrations,S,mast:JWST/product/jw05893002002_02101_00006_nrca1_cal.fits,SCIENCE,,CAL,,CALJWST,2.0.0,5893,jw05893002002_02101_00006_nrca1_cal.fits,117570240,262847059,PUBLIC,2,F200W
262821659,JWST,image,jw05893002002_02101_00003_nrca1,exposure (L2b): 2D calibrated exposure average over integrations,S,mast:JWST/product/jw05893002002_02101_00003_nrca1_cal.fits,SCIENCE,,CAL,,CALJWST,2.0.0,5893,jw05893002002_02101_00003_nrca1_cal.fits,117570240,262847059,PUBLIC,2,F200W
262821660,JWST,image,jw05893002002_02101_00004_nrca1,exposure (L2b): 2D calibrated exposure average over integrations,S,mast:JWST/product/jw05893002002_02101_00004_nrca1_cal.fits,SCIENCE,,CAL,,CALJWST,2.0.0,5893,jw05893002002_02101_00004_nrca1_cal.fits,117570240,262847059,PUBLIC,2,F200W
262821661,JWST,image,jw05893002002_02101_00002_nrca2,exposure (L2b): 2D calibrated exposure average over integrations,S,mast:JWST/product/jw05893002002_02101_00002_nrca2_cal.fits,SCIENCE,,CAL,,CALJWST,2.0.0,5893,jw05893002002_02101_00002_nrca2_cal.fits,117570240,262847059,PUBLIC,2,F200W
262821662,JWST,image,jw05893002002_02101_00003_nrca2,exposure (L2b): 2D calibrated exposure average over integrations,S,mast:JWST/product/jw05893002002_02101_00003_nrca2_cal.fits,SCIENCE,,CAL,,CALJWST,2.0.0,5893,jw05893002002_02101_00003_nrca2_cal.fits,117570240,262847059,PUBLIC,2,F200W
262821665,JWST,image,jw05893002003_02101_00006_nrca4,exposure (L2b): 2D calibrated exposure average over integrations,S,mast:JWST/product/jw05893002003_02101_00006_nrca4_cal.fits,SCIENCE,,CAL,,CALJWST,2.0.0,5893,jw05893002003_02101_00006_nrca4_cal.fits,117573120,262847059,PUBLIC,2,F200W
262821673,JWST,image,jw05893002003_02101_00006_nrca1,exposure (L2b): 2D calibrated exposure average over integrations,S,mast:JWST/product/jw05893002003_02101_00006_nrca1_cal.fits,SCIENCE,,CAL,,CALJWST,2.0.0,5893,jw05893002003_02101_00006_nrca1_cal.fits,117570240,262847059,PUBLIC,2,F200W
262821678,JWST,image,jw05893002002_02101_00003_nrcb3,exposure (L2b): 2D calibrated exposure average over integrations,S,mast:JWST/product/jw05893002002_02101_00003_nrcb3_cal.fits,SCIENCE,,CAL,,CALJWST,2.0.0,5893,jw05893002002_02101_00003_nrcb3_cal.fits,117573120,262847059,PUBLIC,2,F200W
262821679,JWST,image,jw05893002002_02101_00004_nrcb4,exposure (L2b): 2D calibrated exposure average over integrations,S,mast:JWST/product/jw05893002002_02101_00004_nrcb4_cal.fits,SCIENCE,,CAL,,CALJWST,2.0.0,5893,jw05893002002_02101_00004_nrcb4_cal.fits,117573120,262847059,PUBLIC,2,F200W
262821680,JWST,image,jw05893002002_02101_00005_nrcb3,exposure (L2b): 2D calibrated exposure average over integrations,S,mast:JWST/product/jw05893002002_02101_00005_nrcb3_cal.fits,SCIENCE,,CAL,,CALJWST,2.0.0,5893,jw05893002002_02101_00005_nrcb3_cal.fits,117573120,262847059,PUBLIC,2,F200W
262821681,JWST,image,jw05893002002_02101_00006_nrcb3,exposure (L2b): 2D calibrated exposure average over integrations,S,mast:JWST/product/jw05893002002_02101_00006_nrcb3_cal.fits,SCIENCE,,CAL,,CALJWST,2.0.0,5893,jw05893002002_02101_00006_nrcb3_cal.fits,117573120,262847059,PUBLIC,2,F200W
262821682,JWST,image,jw05893002002_02101_00006_nrca4,exposure (L2b): 2D calibrated exposure average over integrations,S,mast:JWST/product/jw05893002002_02101_00006_nrca4_cal.fits,SCIENCE,,CAL,,CALJWST,2.0.0,5893,jw05893002002_02101_00006_nrca4_cal.fits,117573120,262847059,PUBLIC,2,F200W
262821683,JWST,image,jw05893002002_02101_00002_nrcb4,exposure (L2b): 2D calibrated exposure average over integrations,S,mast:JWST/product/jw05893002002_02101_00002_nrcb4_cal.fits,SCIENCE,,CAL,,CALJWST,2.0.0,5893,jw05893002002_02101_00002_nrcb4_cal.fits,117573120,262847059,PUBLIC,2,F200W
262821684,JWST,image,jw05893002002_02101_00006_nrcb1,exposure (L2b): 2D calibrated exposure average over integrations,S,mast:JWST/product/jw05893002002_02101_00006_nrcb1_cal.fits,SCIENCE,,CAL,,CALJWST,2.0.0,5893,jw05893002002_02101_00006_nrcb1_cal.fits,117573120,262847059,PUBLIC,2,F200W
262821686,JWST,image,jw05893002002_02101_00006_nrcb2,exposure (L2b): 2D calibrated exposure average over integrations,S,mast:JWST/product/jw05893002002_02101_00006_nrcb2_cal.fits,SCIENCE,,CAL,,CALJWST,2.0.0,5893,jw05893002002_02101_00006_nrcb2_cal.fits,117573120,262847059,PUBLIC,2,F200W
262821687,JWST,image,jw05893002002_02101_00004_nrca4,exposure (L2b): 2D calibrated exposure average over integrations,S,mast:JWST/product/jw05893002002_02101_00004_nrca4_cal.fits,SCIENCE,,CAL,,CALJWST,2.0.0,5893,jw05893002002_02101_00004_nrca4_cal.fits,117573120,262847059,PUBLIC,2,F200W
262821688,JWST,image,jw05893002002_02101_00002_nrcb3,exposure (L2b): 2D calibrated exposure average over integrations,S,mast:JWST/product/jw05893002002_02101_00002_nrcb3_cal.fits,SCIENCE,,CAL,,CALJWST,2.0.0,5893,jw05893002002_02101_00002_nrcb3_cal.fits,117573120,262847059,PUBLIC,2,F200W
262821689,JWST,image,jw05893002002_02101_00005_nrca2,exposure (L2b): 2D calibrated exposure average over integrations,S,mast:JWST/product/jw05893002002_02101_00005_nrca2_cal.fits,SCIENCE,,CAL,,CALJWST,2.0.0,5893,jw05893002002_02101_00005_nrca2_cal.fits,117570240,262847059,PUBLIC,2,F200W
262821690,JWST,image,jw05893002002_02101_00006_nrca3,exposure (L2b): 2D calibrated exposure average over integrations,S,mast:JWST/product/jw05893002002_02101_00006_nrca3_cal.fits,SCIENCE,,CAL,,CALJWST,2.0.0,5893,jw05893002002_02101_00006_nrca3_cal.fits,117573120,262847059,PUBLIC,2,F200W
262821691,JWST,image,jw05893002002_02101_00001_nrcb3,exposure (L2b): 2D calibrated exposure average over integrations,S,mast:JWST/product/jw05893002002_02101_00001_nrcb3_cal.fits,SCIENCE,,CAL,,CALJWST,2.0.0,5893,jw05893002002_02101_00001_nrcb3_cal.fits,117573120,262847059,PUBLIC,2,F200W
262821693,JWST,image,jw05893002002_02101_00005_nrca4,exposure (L2b): 2D calibrated exposure average over integrations,S,mast:JWST/product/jw05893002002_02101_00005_nrca4_cal.fits,SCIENCE,,CAL,,CALJWST,2.0.0,5893,jw05893002002_02101_00005_nrca4_cal.fits,117573120,262847059,PUBLIC,2,F200W
262821694,JWST,image,jw05893002002_02101_00005_nrcb1,exposure (L2b): 2D calibrated exposure average over integrations,S,mast:JWST/product/jw05893002002_02101_00005_nrcb1_cal.fits,SCIENCE,,CAL,,CALJWST,2.0.0,5893,jw05893002002_02101_00005_nrcb1_cal.fits,117573120,262847059,PUBLIC,2,F200W
262821695,JWST,image,jw05893002002_02101_00001_nrcb2,exposure (L2b): 2D calibrated exposure average over integrations,S,mast:JWST/product/jw05893002002_02101_00001_nrcb2_cal.fits,SCIENCE,,CAL,,CALJWST,2.0.0,5893,jw05893002002_02101_00001_nrcb2_cal.fits,117573120,262847059,PUBLIC,2,F200W
262821697,JWST,image,jw05893002002_02101_00003_nrca4,exposure (L2b): 2D calibrated exposure average over integrations,S,mast:JWST/product/jw05893002002_02101_00003_nrca4_cal.fits,SCIENCE,,CAL,,CALJWST,2.0.0,5893,jw05893002002_02101_00003_nrca4_cal.fits,117573120,262847059,PUBLIC,2,F200W
262821698,JWST,image,jw05893002002_02101_00005_nrcb2,exposure (L2b): 2D calibrated exposure average over integrations,S,mast:JWST/product/jw05893002002_02101_00005_nrcb2_cal.fits,SCIENCE,,CAL,,CALJWST,2.0.0,5893,jw05893002002_02101_00005_nrcb2_cal.fits,117573120,262847059,PUBLIC,2,F200W
262821700,JWST,image,jw05893002002_02101_00001_nrcb4,exposure (L2b): 2D calibrated exposure average over integrations,S,mast:JWST/product/jw05893002002_02101_00001_nrcb4_cal.fits,SCIENCE,,CAL,,CALJWST,2.0.0,5893,jw05893002002_02101_00001_nrcb4_cal.fits,117573120,262847059,PUBLIC,2,F200W
262821703,JWST,image,jw05893002002_02101_00003_nrcb2,exposure (L2b): 2D calibrated exposure average over integrations,S,mast:JWST/product/jw05893002002_02101_00003_nrcb2_cal.fits,SCIENCE,,CAL,,CALJWST,2.0.0,5893,jw05893002002_02101_00003_nrcb2_cal.fits,117573120,262847059,PUBLIC,2,F200W
262821704,JWST,image,jw05893002002_02101_00001_nrcb1,exposure (L2b): 2D calibrated exposure average over integrations,S,mast:JWST/product/jw05893002002_02101_00001_nrcb1_cal.fits,SCIENCE,,CAL,,CALJWST,2.0.0,5893,jw05893002002_02101_00001_nrcb1_cal.fits,117573120,262847059,PUBLIC,2,F200W
262821705,JWST,image,jw05893002002_02101_00002_nrcb2,exposure (L2b): 2D calibrated exposure average over integrations,S,mast:JWST/product/jw05893002002_02101_00002_nrcb2_cal.fits,SCIENCE,,CAL,,CALJWST,2.0.0,5893,jw05893002002_02101_00002_nrcb2_cal.fits,117573120,262847059,PUBLIC,2,F200W
262821706,JWST,image,jw05893002002_02101_00001_nrca4,exposure (L2b): 2D calibrated exposure average over integrations,S,mast:JWST/product/jw05893002002_02101_00001_nrca4_cal.fits,SCIENCE,,CAL,,CALJWST,2.0.0,5893,jw05893002002_02101_00001_nrca4_cal.fits,117573120,262847059,PUBLIC,2,F200W
262821707,JWST,image,jw05893002002_02101_00003_nrcb4,exposure (L2b): 2D calibrated exposure average over integrations,S,mast:JWST/product/jw05893002002_02101_00003_nrcb4_cal.fits,SCIENCE,,CAL,,CALJWST,2.0.0,5893,jw05893002002_02101_00003_nrcb4_cal.fits,117573120,262847059,PUBLIC,2,F200W
262821708,JWST,image,jw05893002002_02101_00003_nrcb1,exposure (L2b): 2D calibrated exposure average over integrations,S,mast:JWST/product/jw05893002002_02101_00003_nrcb1_cal.fits,SCIENCE,,CAL,,CALJWST,2.0.0,5893,jw05893002002_02101_00003_nrcb1_cal.fits,117573120,262847059,PUBLIC,2,F200W
262821710,JWST,image,jw05893002002_02101_00002_nrca4,exposure (L2b): 2D calibrated exposure average over integrations,S,mast:JWST/product/jw05893002002_02101_00002_nrca4_cal.fits,SCIENCE,,CAL,,CALJWST,2.0.0,5893,jw05893002002_02101_00002_nrca4_cal.fits,117573120,262847059,PUBLIC,2,F200W
262821712,JWST,image,jw05893002002_02101_00002_nrcb1,exposure (L2b): 2D calibrated exposure average over integrations,S,mast:JWST/product/jw05893002002_02101_00002_nrcb1_cal.fits,SCIENCE,,CAL,,CALJWST,2.0.0,5893,jw05893002002_02101_00002_nrcb1_cal.fits,117573120,262847059,PUBLIC,2,F200W
262821713,JWST,image,jw05893002002_02101_00003_nrca3,exposure (L2b): 2D calibrated exposure average over integrations,S,mast:JWST/product/jw05893002002_02101_00003_nrca3_cal.fits,SCIENCE,,CAL,,CALJWST,2.0.0,5893,jw05893002002_02101_00003_nrca3_cal.fits,117573120,262847059,PUBLIC,2,F200W
262821714,JWST,image,jw05893002002_02101_00004_nrca2,exposure (L2b): 2D calibrated exposure average over integrations,S,mast:JWST/product/jw05893002002_02101_00004_nrca2_cal.fits,SCIENCE,,CAL,,CALJWST,2.0.0,5893,jw05893002002_02101_00004_nrca2_cal.fits,117570240,262847059,PUBLIC,2,F200W
262821715,JWST,image,jw05893002002_02101_00005_nrca3,exposure (L2b): 2D calibrated exposure average over integrations,S,mast:JWST/product/jw05893002002_02101_00005_nrca3_cal.fits,SCIENCE,,CAL,,CALJWST,2.0.0,5893,jw05893002002_02101_00005_nrca3_cal.fits,117573120,262847059,PUBLIC,2,F200W
262821716,JWST,image,jw05893002002_02101_00004_nrcb2,exposure (L2b): 2D calibrated exposure average over integrations,S,mast:JWST/product/jw05893002002_02101_00004_nrcb2_cal.fits,SCIENCE,,CAL,,CALJWST,2.0.0,5893,jw05893002002_02101_00004_nrcb2_cal.fits,117573120,262847059,PUBLIC,2,F200W
262821717,JWST,image,jw05893002002_02101_00001_nrca3,exposure (L2b): 2D calibrated exposure average over integrations,S,mast:JWST/product/jw05893002002_02101_00001_nrca3_cal.fits,SCIENCE,,CAL,,CALJWST,2.0.0,5893,jw05893002002_02101_00001_nrca3_cal.fits,117573120,262847059,PUBLIC,2,F200W
262821718,JWST,image,jw05893002002_02101_00004_nrcb1,exposure (L2b): 2D calibrated exposure average over integrations,S,mast:JWST/product/jw05893002002_02101_00004_nrcb1_cal.fits,SCIENCE,,CAL,,CALJWST,2.0.0,5893,jw05893002002_02101_00004_nrcb1_cal.fits,117573120,262847059,PUBLIC,2,F200W
262821719,JWST,image,jw05893002002_02101_00002_nrca3,exposure (L2b): 2D calibrated exposure average over integrations,S,mast:JWST/product/jw05893002002_02101_00002_nrca3_cal.fits,SCIENCE,,CAL,,CALJWST,2.0.0,5893,jw05893002002_02101_00002_nrca3_cal.fits,117573120,262847059,PUBLIC,2,F200W
262821721,JWST,image,jw05893002002_02101_00004_nrca3,exposure (L2b): 2D calibrated exposure average over integrations,S,mast:JWST/product/jw05893002002_02101_00004_nrca3_cal.fits,SCIENCE,,CAL,,CALJWST,2.0.0,5893,jw05893002002_02101_00004_nrca3_cal.fits,117573120,262847059,PUBLIC,2,F200W
262821722,JWST,image,jw05893002002_02101_00006_nrca2,exposure (L2b): 2D calibrated exposure average over integrations,S,mast:JWST/product/jw05893002002_02101_00006_nrca2_cal.fits,SCIENCE,,CAL,,CALJWST,2.0.0,5893,jw05893002002_02101_00006_nrca2_cal.fits,117570240,262847059,PUBLIC,2,F200W
262821739,JWST,image,jw05893002002_02101_00005_nrcb4,exposure (L2b): 2D calibrated exposure average over integrations,S,mast:JWST/product/jw05893002002_02101_00005_nrcb4_cal.fits,SCIENCE,,CAL,,CALJWST,2.0.0,5893,jw05893002002_02101_00005_nrcb4_cal.fits,117573120,262847059,PUBLIC,2,F200W
262821741,JWST,image,jw05893002002_02101_00004_nrcb3,exposure (L2b): 2D calibrated exposure average over integrations,S,mast:JWST/product/jw05893002002_02101_00004_nrcb3_cal.fits,SCIENCE,,CAL,,CALJWST,2.0.0,5893,jw05893002002_02101_00004_nrcb3_cal.fits,117573120,262847059,PUBLIC,2,F200W
262821746,JWST,image,jw05893002002_02101_00006_nrcb4,exposure (L2b): 2D calibrated exposure average over integrations,S,mast:JWST/product/jw05893002002_02101_00006_nrcb4_cal.fits,SCIENCE,,CAL,,CALJWST,2.0.0,5893,jw05893002002_02101_00006_nrcb4_cal.fits,117573120,262847059,PUBLIC,2,F200W
262821749,JWST,image,jw05893002003_02101_00001_nrca4,exposure (L2b): 2D calibrated exposure average over integrations,S,mast:JWST/product/jw05893002003_02101_00001_nrca4_cal.fits,SCIENCE,,CAL,,CALJWST,2.0.0,5893,jw05893002003_02101_00001_nrca4_cal.fits,117573120,262847059,PUBLIC,2,F200W
262821751,JWST,image,jw05893002003_02101_00001_nrcb1,exposure (L2b): 2D calibrated exposure average over integrations,S,mast:JWST/product/jw05893002003_02101_00001_nrcb1_cal.fits,SCIENCE,,CAL,,CALJWST,2.0.0,5893,jw05893002003_02101_00001_nrcb1_cal.fits,117573120,262847059,PUBLIC,2,F200W
262821755,JWST,image,jw05893002003_02101_00001_nrca3,exposure (L2b): 2D calibrated exposure average over integrations,S,mast:JWST/product/jw05893002003_02101_00001_nrca3_cal.fits,SCIENCE,,CAL,,CALJWST,2.0.0,5893,jw05893002003_02101_00001_nrca3_cal.fits,117573120,262847059,PUBLIC,2,F200W
262821758,JWST,image,jw05893002003_02101_00001_nrca1,exposure (L2b): 2D calibrated exposure average over integrations,S,mast:JWST/product/jw05893002003_02101_00001_nrca1_cal.fits,SCIENCE,,CAL,,CALJWST,2.0.0,5893,jw05893002003_02101_00001_nrca1_cal.fits,117570240,262847059,PUBLIC,2,F200W
262821766,JWST,image,jw05893002003_02101_00001_nrca2,exposure (L2b): 2D calibrated exposure average over integrations,S,mast:JWST/product/jw05893002003_02101_00001_nrca2_cal.fits,SCIENCE,,CAL,,CALJWST,2.0.0,5893,jw05893002003_02101_00001_nrca2_cal.fits,117570240,262847059,PUBLIC,2,F200W
262821773,JWST,image,jw05893002003_02101_00001_nrcb4,exposure (L2b): 2D calibrated exposure average over integrations,S,mast:JWST/product/jw05893002003_02101_00001_nrcb4_cal.fits,SCIENCE,,CAL,,CALJWST,2.0.0,5893,jw05893002003_02101_00001_nrcb4_cal.fits,117573120,262847059,PUBLIC,2,F200W
262821774,JWST,image,jw05893002003_02101_00001_nrcb3,exposure (L2b): 2D calibrated exposure average over integrations,S,mast:JWST/product/jw05893002003_02101_00001_nrcb3_cal.fits,SCIENCE,,CAL,,CALJWST,2.0.0,5893,jw05893002003_02101_00001_nrcb3_cal.fits,117573120,262847059,PUBLIC,2,F200W
262821778,JWST,image,jw05893002003_02101_00001_nrcb2,exposure (L2b): 2D calibrated exposure average over integrations,S,mast:JWST/product/jw05893002003_02101_00001_nrcb2_cal.fits,SCIENCE,,CAL,,CALJWST,2.0.0,5893,jw05893002003_02101_00001_nrcb2_cal.fits,117573120,262847059,PUBLIC,2,F200W
262821787,JWST,image,jw05893002004_02101_00005_nrca2,exposure (L2b): 2D calibrated exposure average over integrations,S,mast:JWST/product/jw05893002004_02101_00005_nrca2_cal.fits,SCIENCE,,CAL,,CALJWST,2.0.0,5893,jw05893002004_02101_00005_nrca2_cal.fits,117570240,262847059,PUBLIC,2,F200W
262821788,JWST,image,jw05893002004_02101_00001_nrca2,exposure (L2b): 2D calibrated exposure average over integrations,S,mast:JWST/product/jw05893002004_02101_00001_nrca2_cal.fits,SCIENCE,,CAL,,CALJWST,2.0.0,5893,jw05893002004_02101_00001_nrca2_cal.fits,117570240,262847059,PUBLIC,2,F200W
262821789,JWST,image,jw05893002004_02101_00004_nrca2,exposure (L2b): 2D calibrated exposure average over integrations,S,mast:JWST/product/jw05893002004_02101_00004_nrca2_cal.fits,SCIENCE,,CAL,,CALJWST,2.0.0,5893,jw05893002004_02101_00004_nrca2_cal.fits,117570240,262847059,PUBLIC,2,F200W
262821790,JWST,image,jw05893002004_02101_00005_nrca1,exposure (L2b): 2D calibrated exposure average over integrations,S,mast:JWST/product/jw05893002004_02101_00005_nrca1_cal.fits,SCIENCE,,CAL,,CALJWST,2.0.0,5893,jw05893002004_02101_00005_nrca1_cal.fits,117570240,262847059,PUBLIC,2,F200W
262821791,JWST,image,jw05893002004_02101_00004_nrca1,exposure (L2b): 2D calibrated exposure average over integrations,S,mast:JWST/product/jw05893002004_02101_00004_nrca1_cal.fits,SCIENCE,,CAL,,CALJWST,2.0.0,5893,jw05893002004_02101_00004_nrca1_cal.fits,117570240,262847059,PUBLIC,2,F200W
262821792,JWST,image,jw05893002004_02101_00001_nrca1,exposure (L2b): 2D calibrated exposure average over integrations,S,mast:JWST/product/jw05893002004_02101_00001_nrca1_cal.fits,SCIENCE,,CAL,,CALJWST,2.0.0,5893,jw05893002004_02101_00001_nrca1_cal.fits,117570240,262847059,PUBLIC,2,F200W
262821793,JWST,image,jw05893002004_02101_00002_nrca1,exposure (L2b): 2D calibrated exposure average over integrations,S,mast:JWST/product/jw05893002004_02101_00002_nrca1_cal.fits,SCIENCE,,CAL,,CALJWST,2.0.0,5893,jw05893002004_02101_00002_nrca1_cal.fits,117570240,262847059,PUBLIC,2,F200W
262821794,JWST,image,jw05893002004_02101_00002_nrca2,exposure (L2b): 2D calibrated exposure average over integrations,S,mast:JWST/product/jw05893002004_02101_00002_nrca2_cal.fits,SCIENCE,,CAL,,CALJWST,2.0.0,5893,jw05893002004_02101_00002_nrca2_cal.fits,117570240,262847059,PUBLIC,2,F200W
262821816,JWST,image,jw05893002004_02101_00001_nrca4,exposure (L2b): 2D calibrated exposure average over integrations,S,mast:JWST/product/jw05893002004_02101_00001_nrca4_cal.fits,SCIENCE,,CAL,,CALJWST,2.0.0,5893,jw05893002004_02101_00001_nrca4_cal.fits,117573120,262847059,PUBLIC,2,F200W
262821817,JWST,image,jw05893002004_02101_00005_nrca4,exposure (L2b): 2D calibrated exposure average over integrations,S,mast:JWST/product/jw05893002004_02101_00005_nrca4_cal.fits,SCIENCE,,CAL,,CALJWST,2.0.0,5893,jw05893002004_02101_00005_nrca4_cal.fits,117573120,262847059,PUBLIC,2,F200W
262821818,JWST,image,jw05893002004_02101_00002_nrca4,exposure (L2b): 2D calibrated exposure average over integrations,S,mast:JWST/product/jw05893002004_02101_00002_nrca4_cal.fits,SCIENCE,,CAL,,CALJWST,2.0.0,5893,jw05893002004_02101_00002_nrca4_cal.fits,117573120,262847059,PUBLIC,2,F200W
262821819,JWST,image,jw05893002004_02101_00001_nrca3,exposure (L2b): 2D calibrated exposure average over integrations,S,mast:JWST/product/jw05893002004_02101_00001_nrca3_cal.fits,SCIENCE,,CAL,,CALJWST,2.0.0,5893,jw05893002004_02101_00001_nrca3_cal.fits,117573120,262847059,PUBLIC,2,F200W
262821823,JWST,image,jw05893002004_02101_00005_nrcb1,exposure (L2b): 2D calibrated exposure average over integrations,S,mast:JWST/product/jw05893002004_02101_00005_nrcb1_cal.fits,SCIENCE,,CAL,,CALJWST,2.0.0,5893,jw05893002004_02101_00005_nrcb1_cal.fits,117573120,262847059,PUBLIC,2,F200W
262821824,JWST,image,jw05893002004_02101_00004_nrca3,exposure (L2b): 2D calibrated exposure average over integrations,S,mast:JWST/product/jw05893002004_02101_00004_nrca3_cal.fits,SCIENCE,,CAL,,CALJWST,2.0.0,5893,jw05893002004_02101_00004_nrca3_cal.fits,117573120,262847059,PUBLIC,2,F200W
262821825,JWST,image,jw05893002004_02101_00002_nrcb2,exposure (L2b): 2D calibrated exposure average over integrations,S,mast:JWST/product/jw05893002004_02101_00002_nrcb2_cal.fits,SCIENCE,,CAL,,CALJWST,2.0.0,5893,jw05893002004_02101_00002_nrcb2_cal.fits,117573120,262847059,PUBLIC,2,F200W
262821826,JWST,image,jw05893002004_02101_00001_nrcb1,exposure (L2b): 2D calibrated exposure average over integrations,S,mast:JWST/product/jw05893002004_02101_00001_nrcb1_cal.fits,SCIENCE,,CAL,,CALJWST,2.0.0,5893,jw05893002004_02101_00001_nrcb1_cal.fits,117573120,262847059,PUBLIC,2,F200W
262821828,JWST,image,jw05893002004_02101_00002_nrcb1,exposure (L2b): 2D calibrated exposure average over integrations,S,mast:JWST/product/jw05893002004_02101_00002_nrcb1_cal.fits,SCIENCE,,CAL,,CALJWST,2.0.0,5893,jw05893002004_02101_00002_nrcb1_cal.fits,117573120,262847059,PUBLIC,2,F200W
262821829,JWST,image,jw05893002004_02101_00005_nrca3,exposure (L2b): 2D calibrated exposure average over integrations,S,mast:JWST/product/jw05893002004_02101_00005_nrca3_cal.fits,SCIENCE,,CAL,,CALJWST,2.0.0,5893,jw05893002004_02101_00005_nrca3_cal.fits,117573120,262847059,PUBLIC,2,F200W
262821830,JWST,image,jw05893002004_02101_00002_nrca3,exposure (L2b): 2D calibrated exposure average over integrations,S,mast:JWST/product/jw05893002004_02101_00002_nrca3_cal.fits,SCIENCE,,CAL,,CALJWST,2.0.0,5893,jw05893002004_02101_00002_nrca3_cal.fits,117573120,262847059,PUBLIC,2,F200W
262821831,JWST,image,jw05893002004_02101_00004_nrca4,exposure (L2b): 2D calibrated exposure average over integrations,S,mast:JWST/product/jw05893002004_02101_00004_nrca4_cal.fits,SCIENCE,,CAL,,CALJWST,2.0.0,5893,jw05893002004_02101_00004_nrca4_cal.fits,117573120,262847059,PUBLIC,2,F200W
262821832,JWST,image,jw05893002004_02101_00001_nrcb2,exposure (L2b): 2D calibrated exposure average over integrations,S,mast:JWST/product/jw05893002004_02101_00001_nrcb2_cal.fits,SCIENCE,,CAL,,CALJWST,2.0.0,5893,jw05893002004_02101_00001_nrcb2_cal.fits,117573120,262847059,PUBLIC,2,F200W
262821853,JWST,image,jw05893002004_02101_00005_nrcb2,exposure (L2b): 2D calibrated exposure average over integrations,S,mast:JWST/product/jw05893002004_02101_00005_nrcb2_cal.fits,SCIENCE,,CAL,,CALJWST,2.0.0,5893,jw05893002004_02101_00005_nrcb2_cal.fits,117573120,262847059,PUBLIC,2,F200W
262821854,JWST,image,jw05893002004_02101_00006_nrca4,exposure (L2b): 2D calibrated exposure average over integrations,S,mast:JWST/product/jw05893002004_02101_00006_nrca4_cal.fits,SCIENCE,,CAL,,CALJWST,2.0.0,5893,jw05893002004_02101_00006_nrca4_cal.fits,117573120,262847059,PUBLIC,2,F200W
262821855,JWST,image,jw05893002004_02101_00004_nrcb1,exposure (L2b): 2D calibrated exposure average over integrations,S,mast:JWST/product/jw05893002004_02101_00004_nrcb1_cal.fits,SCIENCE,,CAL,,CALJWST,2.0.0,5893,jw05893002004_02101_00004_nrcb1_cal.fits,117573120,262847059,PUBLIC,2,F200W
262821856,JWST,image,jw05893002004_02101_00001_nrcb4,exposure (L2b): 2D calibrated exposure average over integrations,S,mast:JWST/product/jw05893002004_02101_00001_nrcb4_cal.fits,SCIENCE,,CAL,,CALJWST,2.0.0,5893,jw05893002004_02101_00001_nrcb4_cal.fits,117573120,262847059,PUBLIC,2,F200W
262821860,JWST,image,jw05893002004_02101_00002_nrcb3,exposure (L2b): 2D calibrated exposure average over integrations,S,mast:JWST/product/jw05893002004_02101_00002_nrcb3_cal.fits,SCIENCE,,CAL,,CALJWST,2.0.0,5893,jw05893002004_02101_00002_nrcb3_cal.fits,117573120,262847059,PUBLIC,2,F200W
262821861,JWST,image,jw05893002004_02101_00004_nrcb4,exposure (L2b): 2D calibrated exposure average over integrations,S,mast:JWST/product/jw05893002004_02101_00004_nrcb4_cal.fits,SCIENCE,,CAL,,CALJWST,2.0.0,5893,jw05893002004_02101_00004_nrcb4_cal.fits,117573120,262847059,PUBLIC,2,F200W
262821862,JWST,image,jw05893002004_02101_00002_nrcb4,exposure (L2b): 2D calibrated exposure average over integrations,S,mast:JWST/product/jw05893002004_02101_00002_nrcb4_cal.fits,SCIENCE,,CAL,,CALJWST,2.0.0,5893,jw05893002004_02101_00002_nrcb4_cal.fits,117573120,262847059,PUBLIC,2,F200W
262821864,JWST,image,jw05893002004_02101_00003_nrca4,exposure (L2b): 2D calibrated exposure average over integrations,S,mast:JWST/product/jw05893002004_02101_00003_nrca4_cal.fits,SCIENCE,,CAL,,CALJWST,2.0.0,5893,jw05893002004_02101_00003_nrca4_cal.fits,117573120,262847059,PUBLIC,2,F200W
262821865,JWST,image,jw05893002004_02101_00006_nrcb1,exposure (L2b): 2D calibrated exposure average over integrations,S,mast:JWST/product/jw05893002004_02101_00006_nrcb1_cal.fits,SCIENCE,,CAL,,CALJWST,2.0.0,5893,jw05893002004_02101_00006_nrcb1_cal.fits,117573120,262847059,PUBLIC,2,F200W
262821867,JWST,image,jw05893002004_02101_00003_nrcb3,exposure (L2b): 2D calibrated exposure average over integrations,S,mast:JWST/product/jw05893002004_02101_00003_nrcb3_cal.fits,SCIENCE,,CAL,,CALJWST,2.0.0,5893,jw05893002004_02101_00003_nrcb3_cal.fits,117573120,262847059,PUBLIC,2,F200W
262821868,JWST,image,jw05893002004_02101_00006_nrcb3,exposure (L2b): 2D calibrated exposure average over integrations,S,mast:JWST/product/jw05893002004_02101_00006_nrcb3_cal.fits,SCIENCE,,CAL,,CALJWST,2.0.0,5893,jw05893002004_02101_00006_nrcb3_cal.fits,117573120,262847059,PUBLIC,2,F200W
262821869,JWST,image,jw05893002004_02101_00005_nrcb4,exposure (L2b): 2D calibrated exposure average over integrations,S,mast:JWST/product/jw05893002004_02101_00005_nrcb4_cal.fits,SCIENCE,,CAL,,CALJWST,2.0.0,5893,jw05893002004_02101_00005_nrcb4_cal.fits,117573120,262847059,PUBLIC,2,F200W
262821871,JWST,image,jw05893002004_02101_00006_nrcb2,exposure (L2b): 2D calibrated exposure average over integrations,S,mast:JWST/product/jw05893002004_02101_00006_nrcb2_cal.fits,SCIENCE,,CAL,,CALJWST,2.0.0,5893,jw05893002004_02101_00006_nrcb2_cal.fits,117573120,262847059,PUBLIC,2,F200W
262821873,JWST,image,jw05893002004_02101_00006_nrca3,exposure (L2b): 2D calibrated exposure average over integrations,S,mast:JWST/product/jw05893002004_02101_00006_nrca3_cal.fits,SCIENCE,,CAL,,CALJWST,2.0.0,5893,jw05893002004_02101_00006_nrca3_cal.fits,117573120,262847059,PUBLIC,2,F200W
262821875,JWST,image,jw05893002004_02101_00003_nrca3,exposure (L2b): 2D calibrated exposure average over integrations,S,mast:JWST/product/jw05893002004_02101_00003_nrca3_cal.fits,SCIENCE,,CAL,,CALJWST,2.0.0,5893,jw05893002004_02101_00003_nrca3_cal.fits,117573120,262847059,PUBLIC,2,F200W
262821876,JWST,image,jw05893002004_02101_00004_nrcb2,exposure (L2b): 2D calibrated exposure average over integrations,S,mast:JWST/product/jw05893002004_02101_00004_nrcb2_cal.fits,SCIENCE,,CAL,,CALJWST,2.0.0,5893,jw05893002004_02101_00004_nrcb2_cal.fits,117573120,262847059,PUBLIC,2,F200W
262821878,JWST,image,jw05893002004_02101_00006_nrcb4,exposure (L2b): 2D calibrated exposure average over integrations,S,mast:JWST/product/jw05893002004_02101_00006_nrcb4_cal.fits,SCIENCE,,CAL,,CALJWST,2.0.0,5893,jw05893002004_02101_00006_nrcb4_cal.fits,117573120,262847059,PUBLIC,2,F200W
262821879,JWST,image,jw05893002004_02101_00003_nrca2,exposure (L2b): 2D calibrated exposure average over integrations,S,mast:JWST/product/jw05893002004_02101_00003_nrca2_cal.fits,SCIENCE,,CAL,,CALJWST,2.0.0,5893,jw05893002004_02101_00003_nrca2_cal.fits,117570240,262847059,PUBLIC,2,F200W
262821880,JWST,image,jw05893002004_02101_00001_nrcb3,exposure (L2b): 2D calibrated exposure average over integrations,S,mast:JWST/product/jw05893002004_02101_00001_nrcb3_cal.fits,SCIENCE,,CAL,,CALJWST,2.0.0,5893,jw05893002004_02101_00001_nrcb3_cal.fits,117573120,262847059,PUBLIC,2,F200W
262821884,JWST,image,jw05893002004_02101_00003_nrcb2,exposure (L2b): 2D calibrated exposure average over integrations,S,mast:JWST/product/jw05893002004_02101_00003_nrcb2_cal.fits,SCIENCE,,CAL,,CALJWST,2.0.0,5893,jw05893002004_02101_00003_nrcb2_cal.fits,117573120,262847059,PUBLIC,2,F200W
262821887,JWST,image,jw05893002004_02101_00004_nrcb3,exposure (L2b): 2D calibrated exposure average over integrations,S,mast:JWST/product/jw05893002004_02101_00004_nrcb3_cal.fits,SCIENCE,,CAL,,CALJWST,2.0.0,5893,jw05893002004_02101_00004_nrcb3_cal.fits,117573120,262847059,PUBLIC,2,F200W
262821889,JWST,image,jw05893002004_02101_00003_nrcb4,exposure (L2b): 2D calibrated exposure average over integrations,S,mast:JWST/product/jw05893002004_02101_00003_nrcb4_cal.fits,SCIENCE,,CAL,,CALJWST,2.0.0,5893,jw05893002004_02101_00003_nrcb4_cal.fits,117573120,262847059,PUBLIC,2,F200W
262821890,JWST,image,jw05893002004_02101_00006_nrca1,exposure (L2b): 2D calibrated exposure average over integrations,S,mast:JWST/product/jw05893002004_02101_00006_nrca1_cal.fits,SCIENCE,,CAL,,CALJWST,2.0.0,5893,jw05893002004_02101_00006_nrca1_cal.fits,117570240,262847059,PUBLIC,2,F200W
262821893,JWST,image,jw05893002004_02101_00003_nrcb1,exposure (L2b): 2D calibrated exposure average over integrations,S,mast:JWST/product/jw05893002004_02101_00003_nrcb1_cal.fits,SCIENCE,,CAL,,CALJWST,2.0.0,5893,jw05893002004_02101_00003_nrcb1_cal.fits,117573120,262847059,PUBLIC,2,F200W
262821895,JWST,image,jw05893002004_02101_00005_nrcb3,exposure (L2b): 2D calibrated exposure average over integrations,S,mast:JWST/product/jw05893002004_02101_00005_nrcb3_cal.fits,SCIENCE,,CAL,,CALJWST,2.0.0,5893,jw05893002004_02101_00005_nrcb3_cal.fits,117573120,262847059,PUBLIC,2,F200W
262821897,JWST,image,jw05893002004_02101_00003_nrca1,exposure (L2b): 2D calibrated exposure average over integrations,S,mast:JWST/product/jw05893002004_02101_00003_nrca1_cal.fits,SCIENCE,,CAL,,CALJWST,2.0.0,5893,jw05893002004_02101_00003_nrca1_cal.fits,117570240,262847059,PUBLIC,2,F200W
262821900,JWST,image,jw05893002004_02101_00006_nrca2,exposure (L2b): 2D calibrated exposure average over integrations,S,mast:JWST/product/jw05893002004_02101_00006_nrca2_cal.fits,SCIENCE,,CAL,,CALJWST,2.0.0,5893,jw05893002004_02101_00006_nrca2_cal.fits,117570240,262847059,PUBLIC,2,F200W
262821901,JWST,image,jw05893002005_02101_00001_nrca4,exposure (L2b): 2D calibrated exposure average over integrations,S,mast:JWST/product/jw05893002005_02101_00001_nrca4_cal.fits,SCIENCE,,CAL,,CALJWST,2.0.0,5893,jw05893002005_02101_00001_nrca4_cal.fits,117573120,262847059,PUBLIC,2,F200W
262821902,JWST,image,jw05893002005_02101_00001_nrcb4,exposure (L2b): 2D calibrated exposure average over integrations,S,mast:JWST/product/jw05893002005_02101_00001_nrcb4_cal.fits,SCIENCE,,CAL,,CALJWST,2.0.0,5893,jw05893002005_02101_00001_nrcb4_cal.fits,117573120,262847059,PUBLIC,2,F200W
262821903,JWST,image,jw05893002005_02101_00001_nrcb1,exposure (L2b): 2D calibrated exposure average over integrations,S,mast:JWST/product/jw05893002005_02101_00001_nrcb1_cal.fits,SCIENCE,,CAL,,CALJWST,2.0.0,5893,jw05893002005_02101_00001_nrcb1_cal.fits,117573120,262847059,PUBLIC,2,F200W
262821904,JWST,image,jw05893002005_02101_00001_nrcb3,exposure (L2b): 2D calibrated exposure average over integrations,S,mast:JWST/product/jw05893002005_02101_00001_nrcb3_cal.fits,SCIENCE,,CAL,,CALJWST,2.0.0,5893,jw05893002005_02101_00001_nrcb3_cal.fits,117573120,262847059,PUBLIC,2,F200W
262821905,JWST,image,jw05893002005_02101_00001_nrca3,exposure (L2b): 2D calibrated exposure average over integrations,S,mast:JWST/product/jw05893002005_02101_00001_nrca3_cal.fits,SCIENCE,,CAL,,CALJWST,2.0.0,5893,jw05893002005_02101_00001_nrca3_cal.fits,117573120,262847059,PUBLIC,2,F200W
262821906,JWST,image,jw05893002005_02101_00001_nrca1,exposure (L2b): 2D calibrated exposure average over integrations,S,mast:JWST/product/jw05893002005_02101_00001_nrca1_cal.fits,SCIENCE,,CAL,,CALJWST,2.0.0,5893,jw05893002005_02101_00001_nrca1_cal.fits,117570240,262847059,PUBLIC,2,F200W
262821908,JWST,image,jw05893002005_02101_00002_nrcb1,exposure (L2b): 2D calibrated exposure average over integrations,S,mast:JWST/product/jw05893002005_02101_00002_nrcb1_cal.fits,SCIENCE,,CAL,,CALJWST,2.0.0,5893,jw05893002005_02101_00002_nrcb1_cal.fits,117573120,262847059,PUBLIC,2,F200W
262821911,JWST,image,jw05893002005_02101_00001_nrcb2,exposure (L2b): 2D calibrated exposure average over integrations,S,mast:JWST/product/jw05893002005_02101_00001_nrcb2_cal.fits,SCIENCE,,CAL,,CALJWST,2.0.0,5893,jw05893002005_02101_00001_nrcb2_cal.fits,117573120,262847059,PUBLIC,2,F200W
262821912,JWST,image,jw05893002005_02101_00001_nrca2,exposure (L2b): 2D calibrated exposure average over integrations,S,mast:JWST/product/jw05893002005_02101_00001_nrca2_cal.fits,SCIENCE,,CAL,,CALJWST,2.0.0,5893,jw05893002005_02101_00001_nrca2_cal.fits,117570240,262847059,PUBLIC,2,F200W
262821914,JWST,image,jw05893002005_02101_00002_nrca4,exposure (L2b): 2D calibrated exposure average over integrations,S,mast:JWST/product/jw05893002005_02101_00002_nrca4_cal.fits,SCIENCE,,CAL,,CALJWST,2.0.0,5893,jw05893002005_02101_00002_nrca4_cal.fits,117573120,262847059,PUBLIC,2,F200W
262821915,JWST,image,jw05893002005_02101_00002_nrca1,exposure (L2b): 2D calibrated exposure average over integrations,S,mast:JWST/product/jw05893002005_02101_00002_nrca1_cal.fits,SCIENCE,,CAL,,CALJWST,2.0.0,5893,jw05893002005_02101_00002_nrca1_cal.fits,117570240,262847059,PUBLIC,2,F200W
262821916,JWST,image,jw05893002005_02101_00002_nrca3,exposure (L2b): 2D calibrated exposure average over integrations,S,mast:JWST/product/jw05893002005_02101_00002_nrca3_cal.fits,SCIENCE,,CAL,,CALJWST,2.0.0,5893,jw05893002005_02101_00002_nrca3_cal.fits,117573120,262847059,PUBLIC,2,F200W
262821917,JWST,image,jw05893002005_02101_00002_nrca2,exposure (L2b): 2D calibrated exposure average over integrations,S,mast:JWST/product/jw05893002005_02101_00002_nrca2_cal.fits,SCIENCE,,CAL,,CALJWST,2.0.0,5893,jw05893002005_02101_00002_nrca2_cal.fits,117570240,262847059,PUBLIC,2,F200W
262821947,JWST,image,jw05893002005_02101_00004_nrca3,exposure (L2b): 2D calibrated exposure average over integrations,S,mast:JWST/product/jw05893002005_02101_00004_nrca3_cal.fits,SCIENCE,,CAL,,CALJWST,2.0.0,5893,jw05893002005_02101_00004_nrca3_cal.fits,117573120,262847059,PUBLIC,2,F200W
262821949,JWST,image,jw05893002005_02101_00003_nrca1,exposure (L2b): 2D calibrated exposure average over integrations,S,mast:JWST/product/jw05893002005_02101_00003_nrca1_cal.fits,SCIENCE,,CAL,,CALJWST,2.0.0,5893,jw05893002005_02101_00003_nrca1_cal.fits,117570240,262847059,PUBLIC,2,F200W
262821951,JWST,image,jw05893002005_02101_00006_nrcb3,exposure (L2b): 2D calibrated exposure average over integrations,S,mast:JWST/product/jw05893002005_02101_00006_nrcb3_cal.fits,SCIENCE,,CAL,,CALJWST,2.0.0,5893,jw05893002005_02101_00006_nrcb3_cal.fits,117573120,262847059,PUBLIC,2,F200W
262821952,JWST,image,jw05893002005_02101_00005_nrcb4,exposure (L2b): 2D calibrated exposure average over integrations,S,mast:JWST/product/jw05893002005_02101_00005_nrcb4_cal.fits,SCIENCE,,CAL,,CALJWST,2.0.0,5893,jw05893002005_02101_00005_nrcb4_cal.fits,117573120,262847059,PUBLIC,2,F200W
262821953,JWST,image,jw05893002005_02101_00004_nrcb3,exposure (L2b): 2D calibrated exposure average over integrations,S,mast:JWST/product/jw05893002005_02101_00004_nrcb3_cal.fits,SCIENCE,,CAL,,CALJWST,2.0.0,5893,jw05893002005_02101_00004_nrcb3_cal.fits,117573120,262847059,PUBLIC,2,F200W
262821954,JWST,image,jw05893002005_02101_00003_nrcb2,exposure (L2b): 2D calibrated exposure average over integrations,S,mast:JWST/product/jw05893002005_02101_00003_nrcb2_cal.fits,SCIENCE,,CAL,,CALJWST,2.0.0,5893,jw05893002005_02101_00003_nrcb2_cal.fits,117573120,262847059,PUBLIC,2,F200W
262821955,JWST,image,jw05893002005_02101_00006_nrcb2,exposure (L2b): 2D calibrated exposure average over integrations,S,mast:JWST/product/jw05893002005_02101_00006_nrcb2_cal.fits,SCIENCE,,CAL,,CALJWST,2.0.0,5893,jw05893002005_02101_00006_nrcb2_cal.fits,117573120,262847059,PUBLIC,2,F200W
262821956,JWST,image,jw05893002005_02101_00005_nrca2,exposure (L2b): 2D calibrated exposure average over integrations,S,mast:JWST/product/jw05893002005_02101_00005_nrca2_cal.fits,SCIENCE,,CAL,,CALJWST,2.0.0,5893,jw05893002005_02101_00005_nrca2_cal.fits,117570240,262847059,PUBLIC,2,F200W
262821957,JWST,image,jw05893002005_02101_00006_nrca2,exposure (L2b): 2D calibrated exposure average over integrations,S,mast:JWST/product/jw05893002005_02101_00006_nrca2_cal.fits,SCIENCE,,CAL,,CALJWST,2.0.0,5893,jw05893002005_02101_00006_nrca2_cal.fits,117570240,262847059,PUBLIC,2,F200W
262821958,JWST,image,jw05893002005_02101_00003_nrca4,exposure (L2b): 2D calibrated exposure average over integrations,S,mast:JWST/product/jw05893002005_02101_00003_nrca4_cal.fits,SCIENCE,,CAL,,CALJWST,2.0.0,5893,jw05893002005_02101_00003_nrca4_cal.fits,117573120,262847059,PUBLIC,2,F200W
262821959,JWST,image,jw05893002005_02101_00004_nrcb4,exposure (L2b): 2D calibrated exposure average over integrations,S,mast:JWST/product/jw05893002005_02101_00004_nrcb4_cal.fits,SCIENCE,,CAL,,CALJWST,2.0.0,5893,jw05893002005_02101_00004_nrcb4_cal.fits,117573120,262847059,PUBLIC,2,F200W
262821961,JWST,image,jw05893002005_02101_00002_nrcb4,exposure (L2b): 2D calibrated exposure average over integrations,S,mast:JWST/product/jw05893002005_02101_00002_nrcb4_cal.fits,SCIENCE,,CAL,,CALJWST,2.0.0,5893,jw05893002005_02101_00002_nrcb4_cal.fits,117573120,262847059,PUBLIC,2,F200W
262821963,JWST,image,jw05893002005_02101_00002_nrcb3,exposure (L2b): 2D calibrated exposure average over integrations,S,mast:JWST/product/jw05893002005_02101_00002_nrcb3_cal.fits,SCIENCE,,CAL,,CALJWST,2.0.0,5893,jw05893002005_02101_00002_nrcb3_cal.fits,117573120,262847059,PUBLIC,2,F200W
262821964,JWST,image,jw05893002005_02101_00006_nrcb4,exposure (L2b): 2D calibrated exposure average over integrations,S,mast:JWST/product/jw05893002005_02101_00006_nrcb4_cal.fits,SCIENCE,,CAL,,CALJWST,2.0.0,5893,jw05893002005_02101_00006_nrcb4_cal.fits,117573120,262847059,PUBLIC,2,F200W
262821965,JWST,image,jw05893002005_02101_00003_nrca3,exposure (L2b): 2D calibrated exposure average over integrations,S,mast:JWST/product/jw05893002005_02101_00003_nrca3_cal.fits,SCIENCE,,CAL,,CALJWST,2.0.0,5893,jw05893002005_02101_00003_nrca3_cal.fits,117573120,262847059,PUBLIC,2,F200W
262821966,JWST,image,jw05893002005_02101_00003_nrca2,exposure (L2b): 2D calibrated exposure average over integrations,S,mast:JWST/product/jw05893002005_02101_00003_nrca2_cal.fits,SCIENCE,,CAL,,CALJWST,2.0.0,5893,jw05893002005_02101_00003_nrca2_cal.fits,117570240,262847059,PUBLIC,2,F200W
262821968,JWST,image,jw05893002005_02101_00006_nrca3,exposure (L2b): 2D calibrated exposure average over integrations,S,mast:JWST/product/jw05893002005_02101_00006_nrca3_cal.fits,SCIENCE,,CAL,,CALJWST,2.0.0,5893,jw05893002005_02101_00006_nrca3_cal.fits,117573120,262847059,PUBLIC,2,F200W
262821970,JWST,image,jw05893002005_02101_00003_nrcb1,exposure (L2b): 2D calibrated exposure average over integrations,S,mast:JWST/product/jw05893002005_02101_00003_nrcb1_cal.fits,SCIENCE,,CAL,,CALJWST,2.0.0,5893,jw05893002005_02101_00003_nrcb1_cal.fits,117573120,262847059,PUBLIC,2,F200W
262821971,JWST,image,jw05893002005_02101_00003_nrcb3,exposure (L2b): 2D calibrated exposure average over integrations,S,mast:JWST/product/jw05893002005_02101_00003_nrcb3_cal.fits,SCIENCE,,CAL,,CALJWST,2.0.0,5893,jw05893002005_02101_00003_nrcb3_cal.fits,117573120,262847059,PUBLIC,2,F200W
262821972,JWST,image,jw05893002005_02101_00005_nrca1,exposure (L2b): 2D calibrated exposure average over integrations,S,mast:JWST/product/jw05893002005_02101_00005_nrca1_cal.fits,SCIENCE,,CAL,,CALJWST,2.0.0,5893,jw05893002005_02101_00005_nrca1_cal.fits,117570240,262847059,PUBLIC,2,F200W
262821973,JWST,image,jw05893002005_02101_00005_nrca4,exposure (L2b): 2D calibrated exposure average over integrations,S,mast:JWST/product/jw05893002005_02101_00005_nrca4_cal.fits,SCIENCE,,CAL,,CALJWST,2.0.0,5893,jw05893002005_02101_00005_nrca4_cal.fits,117573120,262847059,PUBLIC,2,F200W
262821974,JWST,image,jw05893002005_02101_00004_nrca4,exposure (L2b): 2D calibrated exposure average over integrations,S,mast:JWST/product/jw05893002005_02101_00004_nrca4_cal.fits,SCIENCE,,CAL,,CALJWST,2.0.0,5893,jw05893002005_02101_00004_nrca4_cal.fits,117573120,262847059,PUBLIC,2,F200W
262821975,JWST,image,jw05893002005_02101_00002_nrcb2,exposure (L2b): 2D calibrated exposure average over integrations,S,mast:JWST/product/jw05893002005_02101_00002_nrcb2_cal.fits,SCIENCE,,CAL,,CALJWST,2.0.0,5893,jw05893002005_02101_00002_nrcb2_cal.fits,117573120,262847059,PUBLIC,2,F200W
262821976,JWST,image,jw05893002005_02101_00004_nrca1,exposure (L2b): 2D calibrated exposure average over integrations,S,mast:JWST/product/jw05893002005_02101_00004_nrca1_cal.fits,SCIENCE,,CAL,,CALJWST,2.0.0,5893,jw05893002005_02101_00004_nrca1_cal.fits,117570240,262847059,PUBLIC,2,F200W
262821977,JWST,image,jw05893002005_02101_00005_nrcb3,exposure (L2b): 2D calibrated exposure average over integrations,S,mast:JWST/product/jw05893002005_02101_00005_nrcb3_cal.fits,SCIENCE,,CAL,,CALJWST,2.0.0,5893,jw05893002005_02101_00005_nrcb3_cal.fits,117573120,262847059,PUBLIC,2,F200W
262821978,JWST,image,jw05893002005_02101_00004_nrca2,exposure (L2b): 2D calibrated exposure average over integrations,S,mast:JWST/product/jw05893002005_02101_00004_nrca2_cal.fits,SCIENCE,,CAL,,CALJWST,2.0.0,5893,jw05893002005_02101_00004_nrca2_cal.fits,117570240,262847059,PUBLIC,2,F200W
262821981,JWST,image,jw05893002005_02101_00005_nrcb1,exposure (L2b): 2D calibrated exposure average over integrations,S,mast:JWST/product/jw05893002005_02101_00005_nrcb1_cal.fits,SCIENCE,,CAL,,CALJWST,2.0.0,5893,jw05893002005_02101_00005_nrcb1_cal.fits,117573120,262847059,PUBLIC,2,F200W
262821983,JWST,image,jw05893002005_02101_00006_nrca1,exposure (L2b): 2D calibrated exposure average over integrations,S,mast:JWST/product/jw05893002005_02101_00006_nrca1_cal.fits,SCIENCE,,CAL,,CALJWST,2.0.0,5893,jw05893002005_02101_00006_nrca1_cal.fits,117570240,262847059,PUBLIC,2,F200W
262821985,JWST,image,jw05893002005_02101_00004_nrcb1,exposure (L2b): 2D calibrated exposure average over integrations,S,mast:JWST/product/jw05893002005_02101_00004_nrcb1_cal.fits,SCIENCE,,CAL,,CALJWST,2.0.0,5893,jw05893002005_02101_00004_nrcb1_cal.fits,117573120,262847059,PUBLIC,2,F200W
262821986,JWST,image,jw05893002005_02101_00006_nrca4,exposure (L2b): 2D calibrated exposure average over integrations,S,mast:JWST/product/jw05893002005_02101_00006_nrca4_cal.fits,SCIENCE,,CAL,,CALJWST,2.0.0,5893,jw05893002005_02101_00006_nrca4_cal.fits,117573120,262847059,PUBLIC,2,F200W
262821987,JWST,image,jw05893002005_02101_00005_nrca3,exposure (L2b): 2D calibrated exposure average over integrations,S,mast:JWST/product/jw05893002005_02101_00005_nrca3_cal.fits,SCIENCE,,CAL,,CALJWST,2.0.0,5893,jw05893002005_02101_00005_nrca3_cal.fits,117573120,262847059,PUBLIC,2,F200W
262821989,JWST,image,jw05893002005_02101_00004_nrcb2,exposure (L2b): 2D calibrated exposure average over integrations,S,mast:JWST/product/jw05893002005_02101_00004_nrcb2_cal.fits,SCIENCE,,CAL,,CALJWST,2.0.0,5893,jw05893002005_02101_00004_nrcb2_cal.fits,117573120,262847059,PUBLIC,2,F200W
262821991,JWST,image,jw05893002005_02101_00003_nrcb4,exposure (L2b): 2D calibrated exposure average over integrations,S,mast:JWST/product/jw05893002005_02101_00003_nrcb4_cal.fits,SCIENCE,,CAL,,CALJWST,2.0.0,5893,jw05893002005_02101_00003_nrcb4_cal.fits,117573120,262847059,PUBLIC,2,F200W
262821992,JWST,image,jw05893002005_02101_00005_nrcb2,exposure (L2b): 2D calibrated exposure average over integrations,S,mast:JWST/product/jw05893002005_02101_00005_nrcb2_cal.fits,SCIENCE,,CAL,,CALJWST,2.0.0,5893,jw05893002005_02101_00005_nrcb2_cal.fits,117573120,262847059,PUBLIC,2,F200W
262821993,JWST,image,jw05893002005_02101_00006_nrcb1,exposure (L2b): 2D calibrated exposure average over integrations,S,mast:JWST/product/jw05893002005_02101_00006_nrcb1_cal.fits,SCIENCE,,CAL,,CALJWST,2.0.0,5893,jw05893002005_02101_00006_nrcb1_cal.fits,117573120,262847059,PUBLIC,2,F200W
262821994,JWST,image,jw05893002006_02101_00001_nrca1,exposure (L2b): 2D calibrated exposure average over integrations,S,mast:JWST/product/jw05893002006_02101_00001_nrca1_cal.fits,SCIENCE,,CAL,,CALJWST,2.0.0,5893,jw05893002006_02101_00001_nrca1_cal.fits,117570240,262847059,PUBLIC,2,F200W
262821995,JWST,image,jw05893002006_02101_00001_nrcb3,exposure (L2b): 2D calibrated exposure average over integrations,S,mast:JWST/product/jw05893002006_02101_00001_nrcb3_cal.fits,SCIENCE,,CAL,,CALJWST,2.0.0,5893,jw05893002006_02101_00001_nrcb3_cal.fits,117573120,262847059,PUBLIC,2,F200W
262821996,JWST,image,jw05893002006_02101_00001_nrcb1,exposure (L2b): 2D calibrated exposure average over integrations,S,mast:JWST/product/jw05893002006_02101_00001_nrcb1_cal.fits,SCIENCE,,CAL,,CALJWST,2.0.0,5893,jw05893002006_02101_00001_nrcb1_cal.fits,117573120,262847059,PUBLIC,2,F200W
262821997,JWST,image,jw05893002006_02101_00001_nrca4,exposure (L2b): 2D calibrated exposure average over integrations,S,mast:JWST/product/jw05893002006_02101_00001_nrca4_cal.fits,SCIENCE,,CAL,,CALJWST,2.0.0,5893,jw05893002006_02101_00001_nrca4_cal.fits,117573120,262847059,PUBLIC,2,F200W
262821998,JWST,image,jw05893002006_02101_00001_nrca2,exposure (L2b): 2D calibrated exposure average over integrations,S,mast:JWST/product/jw05893002006_02101_00001_nrca2_cal.fits,SCIENCE,,CAL,,CALJWST,2.0.0,5893,jw05893002006_02101_00001_nrca2_cal.fits,117570240,262847059,PUBLIC,2,F200W
262822000,JWST,image,jw05893002006_02101_00001_nrcb2,exposure (L2b): 2D calibrated exposure average over integrations,S,mast:JWST/product/jw05893002006_02101_00001_nrcb2_cal.fits,SCIENCE,,CAL,,CALJWST,2.0.0,5893,jw05893002006_02101_00001_nrcb2_cal.fits,117573120,262847059,PUBLIC,2,F200W
262822002,JWST,image,jw05893002006_02101_00001_nrca3,exposure (L2b): 2D calibrated exposure average over integrations,S,mast:JWST/product/jw05893002006_02101_00001_nrca3_cal.fits,SCIENCE,,CAL,,CALJWST,2.0.0,5893,jw05893002006_02101_00001_nrca3_cal.fits,117573120,262847059,PUBLIC,2,F200W
262822003,JWST,image,jw05893002006_02101_00001_nrcb4,exposure (L2b): 2D calibrated exposure average over integrations,S,mast:JWST/product/jw05893002006_02101_00001_nrcb4_cal.fits,SCIENCE,,CAL,,CALJWST,2.0.0,5893,jw05893002006_02101_00001_nrcb4_cal.fits,117573120,262847059,PUBLIC,2,F200W
262822038,JWST,image,jw05893002006_02101_00003_nrcb2,exposure (L2b): 2D calibrated exposure average over integrations,S,mast:JWST/product/jw05893002006_02101_00003_nrcb2_cal.fits,SCIENCE,,CAL,,CALJWST,2.0.0,5893,jw05893002006_02101_00003_nrcb2_cal.fits,117573120,262847059,PUBLIC,2,F200W
262822039,JWST,image,jw05893002006_02101_00003_nrca4,exposure (L2b): 2D calibrated exposure average over integrations,S,mast:JWST/product/jw05893002006_02101_00003_nrca4_cal.fits,SCIENCE,,CAL,,CALJWST,2.0.0,5893,jw05893002006_02101_00003_nrca4_cal.fits,117573120,262847059,PUBLIC,2,F200W
262822040,JWST,image,jw05893002006_02101_00003_nrcb4,exposure (L2b): 2D calibrated exposure average over integrations,S,mast:JWST/product/jw05893002006_02101_00003_nrcb4_cal.fits,SCIENCE,,CAL,,CALJWST,2.0.0,5893,jw05893002006_02101_00003_nrcb4_cal.fits,117573120,262847059,PUBLIC,2,F200W
262822041,JWST,image,jw05893002006_02101_00002_nrca1,exposure (L2b): 2D calibrated exposure average over integrations,S,mast:JWST/product/jw05893002006_02101_00002_nrca1_cal.fits,SCIENCE,,CAL,,CALJWST,2.0.0,5893,jw05893002006_02101_00002_nrca1_cal.fits,117570240,262847059,PUBLIC,2,F200W
262822044,JWST,image,jw05893002006_02101_00003_nrcb1,exposure (L2b): 2D calibrated exposure average over integrations,S,mast:JWST/product/jw05893002006_02101_00003_nrcb1_cal.fits,SCIENCE,,CAL,,CALJWST,2.0.0,5893,jw05893002006_02101_00003_nrcb1_cal.fits,117573120,262847059,PUBLIC,2,F200W
262822046,JWST,image,jw05893002006_02101_00002_nrca3,exposure (L2b): 2D calibrated exposure average over integrations,S,mast:JWST/product/jw05893002006_02101_00002_nrca3_cal.fits,SCIENCE,,CAL,,CALJWST,2.0.0,5893,jw05893002006_02101_00002_nrca3_cal.fits,117573120,262847059,PUBLIC,2,F200W
262822049,JWST,image,jw05893002006_02101_00005_nrca4,exposure (L2b): 2D calibrated exposure average over integrations,S,mast:JWST/product/jw05893002006_02101_00005_nrca4_cal.fits,SCIENCE,,CAL,,CALJWST,2.0.0,5893,jw05893002006_02101_00005_nrca4_cal.fits,117573120,262847059,PUBLIC,2,F200W
262822050,JWST,image,jw05893002006_02101_00006_nrcb4,exposure (L2b): 2D calibrated exposure average over integrations,S,mast:JWST/product/jw05893002006_02101_00006_nrcb4_cal.fits,SCIENCE,,CAL,,CALJWST,2.0.0,5893,jw05893002006_02101_00006_nrcb4_cal.fits,117573120,262847059,PUBLIC,2,F200W
262822051,JWST,image,jw05893002006_02101_00006_nrca1,exposure (L2b): 2D calibrated exposure average over integrations,S,mast:JWST/product/jw05893002006_02101_00006_nrca1_cal.fits,SCIENCE,,CAL,,CALJWST,2.0.0,5893,jw05893002006_02101_00006_nrca1_cal.fits,117570240,262847059,PUBLIC,2,F200W
262822053,JWST,image,jw05893002006_02101_00004_nrcb2,exposure (L2b): 2D calibrated exposure average over integrations,S,mast:JWST/product/jw05893002006_02101_00004_nrcb2_cal.fits,SCIENCE,,CAL,,CALJWST,2.0.0,5893,jw05893002006_02101_00004_nrcb2_cal.fits,117573120,262847059,PUBLIC,2,F200W
262822056,JWST,image,jw05893002006_02101_00004_nrcb4,exposure (L2b): 2D calibrated exposure average over integrations,S,mast:JWST/product/jw05893002006_02101_00004_nrcb4_cal.fits,SCIENCE,,CAL,,CALJWST,2.0.0,5893,jw05893002006_02101_00004_nrcb4_cal.fits,117573120,262847059,PUBLIC,2,F200W
262822057,JWST,image,jw05893002006_02101_00002_nrcb1,exposure (L2b): 2D calibrated exposure average over integrations,S,mast:JWST/product/jw05893002006_02101_00002_nrcb1_cal.fits,SCIENCE,,CAL,,CALJWST,2.0.0,5893,jw05893002006_02101_00002_nrcb1_cal.fits,117573120,262847059,PUBLIC,2,F200W
262822058,JWST,image,jw05893002006_02101_00004_nrca2,exposure (L2b): 2D calibrated exposure average over integrations,S,mast:JWST/product/jw05893002006_02101_00004_nrca2_cal.fits,SCIENCE,,CAL,,CALJWST,2.0.0,5893,jw05893002006_02101_00004_nrca2_cal.fits,117570240,262847059,PUBLIC,2,F200W
262822059,JWST,image,jw05893002006_02101_00002_nrca4,exposure (L2b): 2D calibrated exposure average over integrations,S,mast:JWST/product/jw05893002006_02101_00002_nrca4_cal.fits,SCIENCE,,CAL,,CALJWST,2.0.0,5893,jw05893002006_02101_00002_nrca4_cal.fits,117573120,262847059,PUBLIC,2,F200W
262822060,JWST,image,jw05893002006_02101_00004_nrca4,exposure (L2b): 2D calibrated exposure average over integrations,S,mast:JWST/product/jw05893002006_02101_00004_nrca4_cal.fits,SCIENCE,,CAL,,CALJWST,2.0.0,5893,jw05893002006_02101_00004_nrca4_cal.fits,117573120,262847059,PUBLIC,2,F200W
262822061,JWST,image,jw05893002006_02101_00003_nrca2,exposure (L2b): 2D calibrated exposure average over integrations,S,mast:JWST/product/jw05893002006_02101_00003_nrca2_cal.fits,SCIENCE,,CAL,,CALJWST,2.0.0,5893,jw05893002006_02101_00003_nrca2_cal.fits,117570240,262847059,PUBLIC,2,F200W
262822062,JWST,image,jw05893002006_02101_00005_nrca1,exposure (L2b): 2D calibrated exposure average over integrations,S,mast:JWST/product/jw05893002006_02101_00005_nrca1_cal.fits,SCIENCE,,CAL,,CALJWST,2.0.0,5893,jw05893002006_02101_00005_nrca1_cal.fits,117570240,262847059,PUBLIC,2,F200W
262822063,JWST,image,jw05893002006_02101_00004_nrca1,exposure (L2b): 2D calibrated exposure average over integrations,S,mast:JWST/product/jw05893002006_02101_00004_nrca1_cal.fits,SCIENCE,,CAL,,CALJWST,2.0.0,5893,jw05893002006_02101_00004_nrca1_cal.fits,117570240,262847059,PUBLIC,2,F200W
262822064,JWST,image,jw05893002006_02101_00006_nrcb3,exposure (L2b): 2D calibrated exposure average over integrations,S,mast:JWST/product/jw05893002006_02101_00006_nrcb3_cal.fits,SCIENCE,,CAL,,CALJWST,2.0.0,5893,jw05893002006_02101_00006_nrcb3_cal.fits,117573120,262847059,PUBLIC,2,F200W
262822065,JWST,image,jw05893002006_02101_00005_nrcb1,exposure (L2b): 2D calibrated exposure average over integrations,S,mast:JWST/product/jw05893002006_02101_00005_nrcb1_cal.fits,SCIENCE,,CAL,,CALJWST,2.0.0,5893,jw05893002006_02101_00005_nrcb1_cal.fits,117573120,262847059,PUBLIC,2,F200W
262822066,JWST,image,jw05893002006_02101_00003_nrca3,exposure (L2b): 2D calibrated exposure average over integrations,S,mast:JWST/product/jw05893002006_02101_00003_nrca3_cal.fits,SCIENCE,,CAL,,CALJWST,2.0.0,5893,jw05893002006_02101_00003_nrca3_cal.fits,117573120,262847059,PUBLIC,2,F200W
262822068,JWST,image,jw05893002006_02101_00002_nrcb2,exposure (L2b): 2D calibrated exposure average over integrations,S,mast:JWST/product/jw05893002006_02101_00002_nrcb2_cal.fits,SCIENCE,,CAL,,CALJWST,2.0.0,5893,jw05893002006_02101_00002_nrcb2_cal.fits,117573120,262847059,PUBLIC,2,F200W
262822069,JWST,image,jw05893002006_02101_00006_nrcb1,exposure (L2b): 2D calibrated exposure average over integrations,S,mast:JWST/product/jw05893002006_02101_00006_nrcb1_cal.fits,SCIENCE,,CAL,,CALJWST,2.0.0,5893,jw05893002006_02101_00006_nrcb1_cal.fits,117573120,262847059,PUBLIC,2,F200W
262822070,JWST,image,jw05893002006_02101_00002_nrcb4,exposure (L2b): 2D calibrated exposure average over integrations,S,mast:JWST/product/jw05893002006_02101_00002_nrcb4_cal.fits,SCIENCE,,CAL,,CALJWST,2.0.0,5893,jw05893002006_02101_00002_nrcb4_cal.fits,117573120,262847059,PUBLIC,2,F200W
262822071,JWST,image,jw05893002006_02101_00005_nrcb4,exposure (L2b): 2D calibrated exposure average over integrations,S,mast:JWST/product/jw05893002006_02101_00005_nrcb4_cal.fits,SCIENCE,,CAL,,CALJWST,2.0.0,5893,jw05893002006_02101_00005_nrcb4_cal.fits,117573120,262847059,PUBLIC,2,F200W
262822072,JWST,image,jw05893002006_02101_00004_nrcb1,exposure (L2b): 2D calibrated exposure average over integrations,S,mast:JWST/product/jw05893002006_02101_00004_nrcb1_cal.fits,SCIENCE,,CAL,,CALJWST,2.0.0,5893,jw05893002006_02101_00004_nrcb1_cal.fits,117573120,262847059,PUBLIC,2,F200W
262822073,JWST,image,jw05893002006_02101_00004_nrca3,exposure (L2b): 2D calibrated exposure average over integrations,S,mast:JWST/product/jw05893002006_02101_00004_nrca3_cal.fits,SCIENCE,,CAL,,CALJWST,2.0.0,5893,jw05893002006_02101_00004_nrca3_cal.fits,117573120,262847059,PUBLIC,2,F200W
262822075,JWST,image,jw05893002006_02101_00005_nrcb3,exposure (L2b): 2D calibrated exposure average over integrations,S,mast:JWST/product/jw05893002006_02101_00005_nrcb3_cal.fits,SCIENCE,,CAL,,CALJWST,2.0.0,5893,jw05893002006_02101_00005_nrcb3_cal.fits,117573120,262847059,PUBLIC,2,F200W
262822076,JWST,image,jw05893002006_02101_00002_nrca2,exposure (L2b): 2D calibrated exposure average over integrations,S,mast:JWST/product/jw05893002006_02101_00002_nrca2_cal.fits,SCIENCE,,CAL,,CALJWST,2.0.0,5893,jw05893002006_02101_00002_nrca2_cal.fits,117570240,262847059,PUBLIC,2,F200W
262822080,JWST,image,jw05893002006_02101_00005_nrcb2,exposure (L2b): 2D calibrated exposure average over integrations,S,mast:JWST/product/jw05893002006_02101_00005_nrcb2_cal.fits,SCIENCE,,CAL,,CALJWST,2.0.0,5893,jw05893002006_02101_00005_nrcb2_cal.fits,117573120,262847059,PUBLIC,2,F200W
262822081,JWST,image,jw05893002006_02101_00002_nrcb3,exposure (L2b): 2D calibrated exposure average over integrations,S,mast:JWST/product/jw05893002006_02101_00002_nrcb3_cal.fits,SCIENCE,,CAL,,CALJWST,2.0.0,5893,jw05893002006_02101_00002_nrcb3_cal.fits,117573120,262847059,PUBLIC,2,F200W
262822083,JWST,image,jw05893002006_02101_00006_nrca3,exposure (L2b): 2D calibrated exposure average over integrations,S,mast:JWST/product/jw05893002006_02101_00006_nrca3_cal.fits,SCIENCE,,CAL,,CALJWST,2.0.0,5893,jw05893002006_02101_00006_nrca3_cal.fits,117573120,262847059,PUBLIC,2,F200W
262822084,JWST,image,jw05893002006_02101_00005_nrca2,exposure (L2b): 2D calibrated exposure average over integrations,S,mast:JWST/product/jw05893002006_02101_00005_nrca2_cal.fits,SCIENCE,,CAL,,CALJWST,2.0.0,5893,jw05893002006_02101_00005_nrca2_cal.fits,117570240,262847059,PUBLIC,2,F200W
262822085,JWST,image,jw05893002006_02101_00004_nrcb3,exposure (L2b): 2D calibrated exposure average over integrations,S,mast:JWST/product/jw05893002006_02101_00004_nrcb3_cal.fits,SCIENCE,,CAL,,CALJWST,2.0.0,5893,jw05893002006_02101_00004_nrcb3_cal.fits,117573120,262847059,PUBLIC,2,F200W
262822086,JWST,image,jw05893002006_02101_00006_nrca4,exposure (L2b): 2D calibrated exposure average over integrations,S,mast:JWST/product/jw05893002006_02101_00006_nrca4_cal.fits,SCIENCE,,CAL,,CALJWST,2.0.0,5893,jw05893002006_02101_00006_nrca4_cal.fits,117573120,262847059,PUBLIC,2,F200W
262822087,JWST,image,jw05893002006_02101_00005_nrca3,exposure (L2b): 2D calibrated exposure average over integrations,S,mast:JWST/product/jw05893002006_02101_00005_nrca3_cal.fits,SCIENCE,,CAL,,CALJWST,2.0.0,5893,jw05893002006_02101_00005_nrca3_cal.fits,117573120,262847059,PUBLIC,2,F200W
262822088,JWST,image,jw05893002006_02101_00003_nrca1,exposure (L2b): 2D calibrated exposure average over integrations,S,mast:JWST/product/jw05893002006_02101_00003_nrca1_cal.fits,SCIENCE,,CAL,,CALJWST,2.0.0,5893,jw05893002006_02101_00003_nrca1_cal.fits,117570240,262847059,PUBLIC,2,F200W
262822089,JWST,image,jw05893002006_02101_00003_nrcb3,exposure (L2b): 2D calibrated exposure average over integrations,S,mast:JWST/product/jw05893002006_02101_00003_nrcb3_cal.fits,SCIENCE,,CAL,,CALJWST,2.0.0,5893,jw05893002006_02101_00003_nrcb3_cal.fits,117573120,262847059,PUBLIC,2,F200W
262822109,JWST,image,jw05893002006_02101_00006_nrcb2,exposure (L2b): 2D calibrated exposure average over integrations,S,mast:JWST/product/jw05893002006_02101_00006_nrcb2_cal.fits,SCIENCE,,CAL,,CALJWST,2.0.0,5893,jw05893002006_02101_00006_nrcb2_cal.fits,117573120,262847059,PUBLIC,2,F200W
262822120,JWST,image,jw05893002006_02101_00006_nrca2,exposure (L2b): 2D calibrated exposure average over integrations,S,mast:JWST/product/jw05893002006_02101_00006_nrca2_cal.fits,SCIENCE,,CAL,,CALJWST,2.0.0,5893,jw05893002006_02101_00006_nrca2_cal.fits,117570240,262847059,PUBLIC,2,F200W
262822457,JWST,image,jw05893002007_02101_00001_nrca2,exposure (L2b): 2D calibrated exposure average over integrations,S,mast:JWST/product/jw05893002007_02101_00001_nrca2_cal.fits,SCIENCE,,CAL,,CALJWST,2.0.0,5893,jw05893002007_02101_00001_nrca2_cal.fits,117570240,262847059,PUBLIC,2,F200W
262822458,JWST,image,jw05893002007_02101_00002_nrcb2,exposure (L2b): 2D calibrated exposure average over integrations,S,mast:JWST/product/jw05893002007_02101_00002_nrcb2_cal.fits,SCIENCE,,CAL,,CALJWST,2.0.0,5893,jw05893002007_02101_00002_nrcb2_cal.fits,117573120,262847059,PUBLIC,2,F200W
262822460,JWST,image,jw05893002007_02101_00002_nrcb4,exposure (L2b): 2D calibrated exposure average over integrations,S,mast:JWST/product/jw05893002007_02101_00002_nrcb4_cal.fits,SCIENCE,,CAL,,CALJWST,2.0.0,5893,jw05893002007_02101_00002_nrcb4_cal.fits,117573120,262847059,PUBLIC,2,F200W
262822461,JWST,image,jw05893002007_02101_00001_nrcb1,exposure (L2b): 2D calibrated exposure average over integrations,S,mast:JWST/product/jw05893002007_02101_00001_nrcb1_cal.fits,SCIENCE,,CAL,,CALJWST,2.0.0,5893,jw05893002007_02101_00001_nrcb1_cal.fits,117573120,262847059,PUBLIC,2,F200W
262822463,JWST,image,jw05893002007_02101_00001_nrca1,exposure (L2b): 2D calibrated exposure average over integrations,S,mast:JWST/product/jw05893002007_02101_00001_nrca1_cal.fits,SCIENCE,,CAL,,CALJWST,2.0.0,5893,jw05893002007_02101_00001_nrca1_cal.fits,117570240,262847059,PUBLIC,2,F200W
262822464,JWST,image,jw05893002007_02101_00001_nrcb2,exposure (L2b): 2D calibrated exposure average over integrations,S,mast:JWST/product/jw05893002007_02101_00001_nrcb2_cal.fits,SCIENCE,,CAL,,CALJWST,2.0.0,5893,jw05893002007_02101_00001_nrcb2_cal.fits,117573120,262847059,PUBLIC,2,F200W
262822465,JWST,image,jw05893002007_02101_00002_nrca1,exposure (L2b): 2D calibrated exposure average over integrations,S,mast:JWST/product/jw05893002007_02101_00002_nrca1_cal.fits,SCIENCE,,CAL,,CALJWST,2.0.0,5893,jw05893002007_02101_00002_nrca1_cal.fits,117570240,262847059,PUBLIC,2,F200W
262822467,JWST,image,jw05893002007_02101_00002_nrcb1,exposure (L2b): 2D calibrated exposure average over integrations,S,mast:JWST/product/jw05893002007_02101_00002_nrcb1_cal.fits,SCIENCE,,CAL,,CALJWST,2.0.0,5893,jw05893002007_02101_00002_nrcb1_cal.fits,117573120,262847059,PUBLIC,2,F200W
262822468,JWST,image,jw05893002007_02101_00001_nrcb4,exposure (L2b): 2D calibrated exposure average over integrations,S,mast:JWST/product/jw05893002007_02101_00001_nrcb4_cal.fits,SCIENCE,,CAL,,CALJWST,2.0.0,5893,jw05893002007_02101_00001_nrcb4_cal.fits,117573120,262847059,PUBLIC,2,F200W
262822470,JWST,image,jw05893002007_02101_00002_nrcb3,exposure (L2b): 2D calibrated exposure average over integrations,S,mast:JWST/product/jw05893002007_02101_00002_nrcb3_cal.fits,SCIENCE,,CAL,,CALJWST,2.0.0,5893,jw05893002007_02101_00002_nrcb3_cal.fits,117573120,262847059,PUBLIC,2,F200W
262822472,JWST,image,jw05893002007_02101_00001_nrca4,exposure (L2b): 2D calibrated exposure average over integrations,S,mast:JWST/product/jw05893002007_02101_00001_nrca4_cal.fits,SCIENCE,,CAL,,CALJWST,2.0.0,5893,jw05893002007_02101_00001_nrca4_cal.fits,117573120,262847059,PUBLIC,2,F200W
262822473,JWST,image,jw05893002007_02101_00001_nrca3,exposure (L2b): 2D calibrated exposure average over integrations,S,mast:JWST/product/jw05893002007_02101_00001_nrca3_cal.fits,SCIENCE,,CAL,,CALJWST,2.0.0,5893,jw05893002007_02101_00001_nrca3_cal.fits,117573120,262847059,PUBLIC,2,F200W
262822475,JWST,image,jw05893002007_02101_00001_nrcb3,exposure (L2b): 2D calibrated exposure average over integrations,S,mast:JWST/product/jw05893002007_02101_00001_nrcb3_cal.fits,SCIENCE,,CAL,,CALJWST,2.0.0,5893,jw05893002007_02101_00001_nrcb3_cal.fits,117573120,262847059,PUBLIC,2,F200W
262822476,JWST,image,jw05893002007_02101_00002_nrca4,exposure (L2b): 2D calibrated exposure average over integrations,S,mast:JWST/product/jw05893002007_02101_00002_nrca4_cal.fits,SCIENCE,,CAL,,CALJWST,2.0.0,5893,jw05893002007_02101_00002_nrca4_cal.fits,117573120,262847059,PUBLIC,2,F200W
262822478,JWST,image,jw05893002007_02101_00002_nrca3,exposure (L2b): 2D calibrated exposure average over integrations,S,mast:JWST/product/jw05893002007_02101_00002_nrca3_cal.fits,SCIENCE,,CAL,,CALJWST,2.0.0,5893,jw05893002007_02101_00002_nrca3_cal.fits,117573120,262847059,PUBLIC,2,F200W
262822479,JWST,image,jw05893002007_02101_00003_nrcb3,exposure (L2b): 2D calibrated exposure average over integrations,S,mast:JWST/product/jw05893002007_02101_00003_nrcb3_cal.fits,SCIENCE,,CAL,,CALJWST,2.0.0,5893,jw05893002007_02101_00003_nrcb3_cal.fits,117573120,262847059,PUBLIC,2,F200W
262822480,JWST,image,jw05893002007_02101_00003_nrcb2,exposure (L2b): 2D calibrated exposure average over integrations,S,mast:JWST/product/jw05893002007_02101_00003_nrcb2_cal.fits,SCIENCE,,CAL,,CALJWST,2.0.0,5893,jw05893002007_02101_00003_nrcb2_cal.fits,117573120,262847059,PUBLIC,2,F200W
262822481,JWST,image,jw05893002007_02101_00003_nrcb1,exposure (L2b): 2D calibrated exposure average over integrations,S,mast:JWST/product/jw05893002007_02101_00003_nrcb1_cal.fits,SCIENCE,,CAL,,CALJWST,2.0.0,5893,jw05893002007_02101_00003_nrcb1_cal.fits,117573120,262847059,PUBLIC,2,F200W
262822482,JWST,image,jw05893002007_02101_00003_nrca1,exposure (L2b): 2D calibrated exposure average over integrations,S,mast:JWST/product/jw05893002007_02101_00003_nrca1_cal.fits,SCIENCE,,CAL,,CALJWST,2.0.0,5893,jw05893002007_02101_00003_nrca1_cal.fits,117570240,262847059,PUBLIC,2,F200W
262822483,JWST,image,jw05893002007_02101_00002_nrca2,exposure (L2b): 2D calibrated exposure average over integrations,S,mast:JWST/product/jw05893002007_02101_00002_nrca2_cal.fits,SCIENCE,,CAL,,CALJWST,2.0.0,5893,jw05893002007_02101_00002_nrca2_cal.fits,117570240,262847059,PUBLIC,2,F200W
262822963,JWST,image,jw05893002007_02101_00004_nrca4,exposure (L2b): 2D calibrated exposure average over integrations,S,mast:JWST/product/jw05893002007_02101_00004_nrca4_cal.fits,SCIENCE,,CAL,,CALJWST,2.0.0,5893,jw05893002007_02101_00004_nrca4_cal.fits,117573120,262847059,PUBLIC,2,F200W
262822964,JWST,image,jw05893002007_02101_00003_nrca2,exposure (L2b): 2D calibrated exposure average over integrations,S,mast:JWST/product/jw05893002007_02101_00003_nrca2_cal.fits,SCIENCE,,CAL,,CALJWST,2.0.0,5893,jw05893002007_02101_00003_nrca2_cal.fits,117570240,262847059,PUBLIC,2,F200W
262822965,JWST,image,jw05893002007_02101_00003_nrcb4,exposure (L2b): 2D calibrated exposure average over integrations,S,mast:JWST/product/jw05893002007_02101_00003_nrcb4_cal.fits,SCIENCE,,CAL,,CALJWST,2.0.0,5893,jw05893002007_02101_00003_nrcb4_cal.fits,117573120,262847059,PUBLIC,2,F200W
262822969,JWST,image,jw05893002007_02101_00004_nrca1,exposure (L2b): 2D calibrated exposure average over integrations,S,mast:JWST/product/jw05893002007_02101_00004_nrca1_cal.fits,SCIENCE,,CAL,,CALJWST,2.0.0,5893,jw05893002007_02101_00004_nrca1_cal.fits,117570240,262847059,PUBLIC,2,F200W
262822970,JWST,image,jw05893002007_02101_00004_nrcb3,exposure (L2b): 2D calibrated exposure average over integrations,S,mast:JWST/product/jw05893002007_02101_00004_nrcb3_cal.fits,SCIENCE,,CAL,,CALJWST,2.0.0,5893,jw05893002007_02101_00004_nrcb3_cal.fits,117573120,262847059,PUBLIC,2,F200W
262822971,JWST,image,jw05893002007_02101_00006_nrca3,exposure (L2b): 2D calibrated exposure average over integrations,S,mast:JWST/product/jw05893002007_02101_00006_nrca3_cal.fits,SCIENCE,,CAL,,CALJWST,2.0.0,5893,jw05893002007_02101_00006_nrca3_cal.fits,117573120,262847059,PUBLIC,2,F200W
262822972,JWST,image,jw05893002007_02101_00006_nrcb1,exposure (L2b): 2D calibrated exposure average over integrations,S,mast:JWST/product/jw05893002007_02101_00006_nrcb1_cal.fits,SCIENCE,,CAL,,CALJWST,2.0.0,5893,jw05893002007_02101_00006_nrcb1_cal.fits,117573120,262847059,PUBLIC,2,F200W
262822973,JWST,image,jw05893002007_02101_00005_nrcb2,exposure (L2b): 2D calibrated exposure average over integrations,S,mast:JWST/product/jw05893002007_02101_00005_nrcb2_cal.fits,SCIENCE,,CAL,,CALJWST,2.0.0,5893,jw05893002007_02101_00005_nrcb2_cal.fits,117573120,262847059,PUBLIC,2,F200W
262822975,JWST,image,jw05893002007_02101_00005_nrcb3,exposure (L2b): 2D calibrated exposure average over integrations,S,mast:JWST/product/jw05893002007_02101_00005_nrcb3_cal.fits,SCIENCE,,CAL,,CALJWST,2.0.0,5893,jw05893002007_02101_00005_nrcb3_cal.fits,117573120,262847059,PUBLIC,2,F200W
262822976,JWST,image,jw05893002007_02101_00004_nrca2,exposure (L2b): 2D calibrated exposure average over integrations,S,mast:JWST/product/jw05893002007_02101_00004_nrca2_cal.fits,SCIENCE,,CAL,,CALJWST,2.0.0,5893,jw05893002007_02101_00004_nrca2_cal.fits,117570240,262847059,PUBLIC,2,F200W
262822977,JWST,image,jw05893002007_02101_00006_nrcb3,exposure (L2b): 2D calibrated exposure average over integrations,S,mast:JWST/product/jw05893002007_02101_00006_nrcb3_cal.fits,SCIENCE,,CAL,,CALJWST,2.0.0,5893,jw05893002007_02101_00006_nrcb3_cal.fits,117573120,262847059,PUBLIC,2,F200W
262822978,JWST,image,jw05893002007_02101_00005_nrca4,exposure (L2b): 2D calibrated exposure average over integrations,S,mast:JWST/product/jw05893002007_02101_00005_nrca4_cal.fits,SCIENCE,,CAL,,CALJWST,2.0.0,5893,jw05893002007_02101_00005_nrca4_cal.fits,117573120,262847059,PUBLIC,2,F200W
262822979,JWST,image,jw05893002007_02101_00003_nrca3,exposure (L2b): 2D calibrated exposure average over integrations,S,mast:JWST/product/jw05893002007_02101_00003_nrca3_cal.fits,SCIENCE,,CAL,,CALJWST,2.0.0,5893,jw05893002007_02101_00003_nrca3_cal.fits,117573120,262847059,PUBLIC,2,F200W
262822981,JWST,image,jw05893002007_02101_00005_nrcb4,exposure (L2b): 2D calibrated exposure average over integrations,S,mast:JWST/product/jw05893002007_02101_00005_nrcb4_cal.fits,SCIENCE,,CAL,,CALJWST,2.0.0,5893,jw05893002007_02101_00005_nrcb4_cal.fits,117573120,262847059,PUBLIC,2,F200W
262822982,JWST,image,jw05893002007_02101_00003_nrca4,exposure (L2b): 2D calibrated exposure average over integrations,S,mast:JWST/product/jw05893002007_02101_00003_nrca4_cal.fits,SCIENCE,,CAL,,CALJWST,2.0.0,5893,jw05893002007_02101_00003_nrca4_cal.fits,117573120,262847059,PUBLIC,2,F200W
262822983,JWST,image,jw05893002007_02101_00004_nrcb2,exposure (L2b): 2D calibrated exposure average over integrations,S,mast:JWST/product/jw05893002007_02101_00004_nrcb2_cal.fits,SCIENCE,,CAL,,CALJWST,2.0.0,5893,jw05893002007_02101_00004_nrcb2_cal.fits,117573120,262847059,PUBLIC,2,F200W
262822984,JWST,image,jw05893002007_02101_00006_nrca4,exposure (L2b): 2D calibrated exposure average over integrations,S,mast:JWST/product/jw05893002007_02101_00006_nrca4_cal.fits,SCIENCE,,CAL,,CALJWST,2.0.0,5893,jw05893002007_02101_00006_nrca4_cal.fits,117573120,262847059,PUBLIC,2,F200W
262822985,JWST,image,jw05893002007_02101_00004_nrca3,exposure (L2b): 2D calibrated exposure average over integrations,S,mast:JWST/product/jw05893002007_02101_00004_nrca3_cal.fits,SCIENCE,,CAL,,CALJWST,2.0.0,5893,jw05893002007_02101_00004_nrca3_cal.fits,117573120,262847059,PUBLIC,2,F200W
262822986,JWST,image,jw05893002007_02101_00004_nrcb4,exposure (L2b): 2D calibrated exposure average over integrations,S,mast:JWST/product/jw05893002007_02101_00004_nrcb4_cal.fits,SCIENCE,,CAL,,CALJWST,2.0.0,5893,jw05893002007_02101_00004_nrcb4_cal.fits,117573120,262847059,PUBLIC,2,F200W
262822988,JWST,image,jw05893002007_02101_00006_nrcb2,exposure (L2b): 2D calibrated exposure average over integrations,S,mast:JWST/product/jw05893002007_02101_00006_nrcb2_cal.fits,SCIENCE,,CAL,,CALJWST,2.0.0,5893,jw05893002007_02101_00006_nrcb2_cal.fits,117573120,262847059,PUBLIC,2,F200W
262822989,JWST,image,jw05893002007_02101_00006_nrca2,exposure (L2b): 2D calibrated exposure average over integrations,S,mast:JWST/product/jw05893002007_02101_00006_nrca2_cal.fits,SCIENCE,,CAL,,CALJWST,2.0.0,5893,jw05893002007_02101_00006_nrca2_cal.fits,117570240,262847059,PUBLIC,2,F200W
262822991,JWST,image,jw05893002007_02101_00005_nrca2,exposure (L2b): 2D calibrated exposure average over integrations,S,mast:JWST/product/jw05893002007_02101_00005_nrca2_cal.fits,SCIENCE,,CAL,,CALJWST,2.0.0,5893,jw05893002007_02101_00005_nrca2_cal.fits,117570240,262847059,PUBLIC,2,F200W
262822992,JWST,image,jw05893002007_02101_00005_nrca3,exposure (L2b): 2D calibrated exposure average over integrations,S,mast:JWST/product/jw05893002007_02101_00005_nrca3_cal.fits,SCIENCE,,CAL,,CALJWST,2.0.0,5893,jw05893002007_02101_00005_nrca3_cal.fits,117573120,262847059,PUBLIC,2,F200W
262822993,JWST,image,jw05893002007_02101_00006_nrca1,exposure (L2b): 2D calibrated exposure average over integrations,S,mast:JWST/product/jw05893002007_02101_00006_nrca1_cal.fits,SCIENCE,,CAL,,CALJWST,2.0.0,5893,jw05893002007_02101_00006_nrca1_cal.fits,117570240,262847059,PUBLIC,2,F200W
262822995,JWST,image,jw05893002007_02101_00004_nrcb1,exposure (L2b): 2D calibrated exposure average over integrations,S,mast:JWST/product/jw05893002007_02101_00004_nrcb1_cal.fits,SCIENCE,,CAL,,CALJWST,2.0.0,5893,jw05893002007_02101_00004_nrcb1_cal.fits,117573120,262847059,PUBLIC,2,F200W
262822996,JWST,image,jw05893002007_02101_00005_nrcb1,exposure (L2b): 2D calibrated exposure average over integrations,S,mast:JWST/product/jw05893002007_02101_00005_nrcb1_cal.fits,SCIENCE,,CAL,,CALJWST,2.0.0,5893,jw05893002007_02101_00005_nrcb1_cal.fits,117573120,262847059,PUBLIC,2,F200W
262822999,JWST,image,jw05893002007_02101_00005_nrca1,exposure (L2b): 2D calibrated exposure average over integrations,S,mast:JWST/product/jw05893002007_02101_00005_nrca1_cal.fits,SCIENCE,,CAL,,CALJWST,2.0.0,5893,jw05893002007_02101_00005_nrca1_cal.fits,117570240,262847059,PUBLIC,2,F200W
262823001,JWST,image,jw05893002007_02101_00006_nrcb4,exposure (L2b): 2D calibrated exposure average over integrations,S,mast:JWST/product/jw05893002007_02101_00006_nrcb4_cal.fits,SCIENCE,,CAL,,CALJWST,2.0.0,5893,jw05893002007_02101_00006_nrcb4_cal.fits,117573120,262847059,PUBLIC,2,F200W
262854364,JWST,image,jw05893022001_02101_00002_nrcb2,exposure (L2b): 2D calibrated exposure average over integrations,S,mast:JWST/product/jw05893022001_02101_00002_nrcb2_cal.fits,SCIENCE,,CAL,,CALJWST,2.0.0,5893,jw05893022001_02101_00002_nrcb2_cal.fits,117573120,262871859,PUBLIC,2,F200W
262854365,JWST,image,jw05893022001_02101_00002_nrca2,exposure (L2b): 2D calibrated exposure average over integrations,S,mast:JWST/product/jw05893022001_02101_00002_nrca2_cal.fits,SCIENCE,,CAL,,CALJWST,2.0.0,5893,jw05893022001_02101_00002_nrca2_cal.fits,117570240,262871859,PUBLIC,2,F200W
262854366,JWST,image,jw05893022001_02101_00001_nrcb4,exposure (L2b): 2D calibrated exposure average over integrations,S,mast:JWST/product/jw05893022001_02101_00001_nrcb4_cal.fits,SCIENCE,,CAL,,CALJWST,2.0.0,5893,jw05893022001_02101_00001_nrcb4_cal.fits,117573120,262871859,PUBLIC,2,F200W
262854368,JWST,image,jw05893022001_02101_00001_nrca4,exposure (L2b): 2D calibrated exposure average over integrations,S,mast:JWST/product/jw05893022001_02101_00001_nrca4_cal.fits,SCIENCE,,CAL,,CALJWST,2.0.0,5893,jw05893022001_02101_00001_nrca4_cal.fits,117573120,262871859,PUBLIC,2,F200W
262854369,JWST,image,jw05893022001_02101_00001_nrcb1,exposure (L2b): 2D calibrated exposure average over integrations,S,mast:JWST/product/jw05893022001_02101_00001_nrcb1_cal.fits,SCIENCE,,CAL,,CALJWST,2.0.0,5893,jw05893022001_02101_00001_nrcb1_cal.fits,117573120,262871859,PUBLIC,2,F200W
262854370,JWST,image,jw05893022001_02101_00002_nrca4,exposure (L2b): 2D calibrated exposure average over integrations,S,mast:JWST/product/jw05893022001_02101_00002_nrca4_cal.fits,SCIENCE,,CAL,,CALJWST,2.0.0,5893,jw05893022001_02101_00002_nrca4_cal.fits,117573120,262871859,PUBLIC,2,F200W
262854371,JWST,image,jw05893022001_02101_00001_nrcb2,exposure (L2b): 2D calibrated exposure average over integrations,S,mast:JWST/product/jw05893022001_02101_00001_nrcb2_cal.fits,SCIENCE,,CAL,,CALJWST,2.0.0,5893,jw05893022001_02101_00001_nrcb2_cal.fits,117573120,262871859,PUBLIC,2,F200W
262854372,JWST,image,jw05893022001_02101_00002_nrcb1,exposure (L2b): 2D calibrated exposure average over integrations,S,mast:JWST/product/jw05893022001_02101_00002_nrcb1_cal.fits,SCIENCE,,CAL,,CALJWST,2.0.0,5893,jw05893022001_02101_00002_nrcb1_cal.fits,117573120,262871859,PUBLIC,2,F200W
262854374,JWST,image,jw05893022001_02101_00001_nrca1,exposure (L2b): 2D calibrated exposure average over integrations,S,mast:JWST/product/jw05893022001_02101_00001_nrca1_cal.fits,SCIENCE,,CAL,,CALJWST,2.0.0,5893,jw05893022001_02101_00001_nrca1_cal.fits,117570240,262871859,PUBLIC,2,F200W
262854375,JWST,image,jw05893022001_02101_00001_nrca3,exposure (L2b): 2D calibrated exposure average over integrations,S,mast:JWST/product/jw05893022001_02101_00001_nrca3_cal.fits,SCIENCE,,CAL,,CALJWST,2.0.0,5893,jw05893022001_02101_00001_nrca3_cal.fits,117573120,262871859,PUBLIC,2,F200W
262854376,JWST,image,jw05893022001_02101_00001_nrcb3,exposure (L2b): 2D calibrated exposure average over integrations,S,mast:JWST/product/jw05893022001_02101_00001_nrcb3_cal.fits,SCIENCE,,CAL,,CALJWST,2.0.0,5893,jw05893022001_02101_00001_nrcb3_cal.fits,117573120,262871859,PUBLIC,2,F200W
262854377,JWST,image,jw05893022001_02101_00001_nrca2,exposure (L2b): 2D calibrated exposure average over integrations,S,mast:JWST/product/jw05893022001_02101_00001_nrca2_cal.fits,SCIENCE,,CAL,,CALJWST,2.0.0,5893,jw05893022001_02101_00001_nrca2_cal.fits,117570240,262871859,PUBLIC,2,F200W
262854378,JWST,image,jw05893022001_02101_00002_nrca1,exposure (L2b): 2D calibrated exposure average over integrations,S,mast:JWST/product/jw05893022001_02101_00002_nrca1_cal.fits,SCIENCE,,CAL,,CALJWST,2.0.0,5893,jw05893022001_02101_00002_nrca1_cal.fits,117570240,262871859,PUBLIC,2,F200W
262854380,JWST,image,jw05893022001_02101_00005_nrca2,exposure (L2b): 2D calibrated exposure average over integrations,S,mast:JWST/product/jw05893022001_02101_00005_nrca2_cal.fits,SCIENCE,,CAL,,CALJWST,2.0.0,5893,jw05893022001_02101_00005_nrca2_cal.fits,117570240,262871859,PUBLIC,2,F200W
262854381,JWST,image,jw05893022001_02101_00002_nrcb3,exposure (L2b): 2D calibrated exposure average over integrations,S,mast:JWST/product/jw05893022001_02101_00002_nrcb3_cal.fits,SCIENCE,,CAL,,CALJWST,2.0.0,5893,jw05893022001_02101_00002_nrcb3_cal.fits,117573120,262871859,PUBLIC,2,F200W
262854382,JWST,image,jw05893022001_02101_00005_nrcb2,exposure (L2b): 2D calibrated exposure average over integrations,S,mast:JWST/product/jw05893022001_02101_00005_nrcb2_cal.fits,SCIENCE,,CAL,,CALJWST,2.0.0,5893,jw05893022001_02101_00005_nrcb2_cal.fits,117573120,262871859,PUBLIC,2,F200W
262854383,JWST,image,jw05893022001_02101_00004_nrcb4,exposure (L2b): 2D calibrated exposure average over integrations,S,mast:JWST/product/jw05893022001_02101_00004_nrcb4_cal.fits,SCIENCE,,CAL,,CALJWST,2.0.0,5893,jw05893022001_02101_00004_nrcb4_cal.fits,117573120,262871859,PUBLIC,2,F200W
262854386,JWST,image,jw05893022001_02101_00006_nrcb3,exposure (L2b): 2D calibrated exposure average over integrations,S,mast:JWST/product/jw05893022001_02101_00006_nrcb3_cal.fits,SCIENCE,,CAL,,CALJWST,2.0.0,5893,jw05893022001_02101_00006_nrcb3_cal.fits,117573120,262871859,PUBLIC,2,F200W
262854388,JWST,image,jw05893022001_02101_00003_nrcb2,exposure (L2b): 2D calibrated exposure average over integrations,S,mast:JWST/product/jw05893022001_02101_00003_nrcb2_cal.fits,SCIENCE,,CAL,,CALJWST,2.0.0,5893,jw05893022001_02101_00003_nrcb2_cal.fits,117573120,262871859,PUBLIC,2,F200W
262854389,JWST,image,jw05893022001_02101_00005_nrcb3,exposure (L2b): 2D calibrated exposure average over integrations,S,mast:JWST/product/jw05893022001_02101_00005_nrcb3_cal.fits,SCIENCE,,CAL,,CALJWST,2.0.0,5893,jw05893022001_02101_00005_nrcb3_cal.fits,117573120,262871859,PUBLIC,2,F200W
262854392,JWST,image,jw05893022001_02101_00006_nrcb4,exposure (L2b): 2D calibrated exposure average over integrations,S,mast:JWST/product/jw05893022001_02101_00006_nrcb4_cal.fits,SCIENCE,,CAL,,CALJWST,2.0.0,5893,jw05893022001_02101_00006_nrcb4_cal.fits,117573120,262871859,PUBLIC,2,F200W
262854393,JWST,image,jw05893022001_02101_00003_nrcb3,exposure (L2b): 2D calibrated exposure average over integrations,S,mast:JWST/product/jw05893022001_02101_00003_nrcb3_cal.fits,SCIENCE,,CAL,,CALJWST,2.0.0,5893,jw05893022001_02101_00003_nrcb3_cal.fits,117573120,262871859,PUBLIC,2,F200W
262854395,JWST,image,jw05893022001_02101_00006_nrca3,exposure (L2b): 2D calibrated exposure average over integrations,S,mast:JWST/product/jw05893022001_02101_00006_nrca3_cal.fits,SCIENCE,,CAL,,CALJWST,2.0.0,5893,jw05893022001_02101_00006_nrca3_cal.fits,117573120,262871859,PUBLIC,2,F200W
262854396,JWST,image,jw05893022001_02101_00003_nrca4,exposure (L2b): 2D calibrated exposure average over integrations,S,mast:JWST/product/jw05893022001_02101_00003_nrca4_cal.fits,SCIENCE,,CAL,,CALJWST,2.0.0,5893,jw05893022001_02101_00003_nrca4_cal.fits,117573120,262871859,PUBLIC,2,F200W
262854397,JWST,image,jw05893022001_02101_00002_nrca3,exposure (L2b): 2D calibrated exposure average over integrations,S,mast:JWST/product/jw05893022001_02101_00002_nrca3_cal.fits,SCIENCE,,CAL,,CALJWST,2.0.0,5893,jw05893022001_02101_00002_nrca3_cal.fits,117573120,262871859,PUBLIC,2,F200W
262854398,JWST,image,jw05893022001_02101_00004_nrca1,exposure (L2b): 2D calibrated exposure average over integrations,S,mast:JWST/product/jw05893022001_02101_00004_nrca1_cal.fits,SCIENCE,,CAL,,CALJWST,2.0.0,5893,jw05893022001_02101_00004_nrca1_cal.fits,117570240,262871859,PUBLIC,2,F200W
262854399,JWST,image,jw05893022001_02101_00005_nrca1,exposure (L2b): 2D calibrated exposure average over integrations,S,mast:JWST/product/jw05893022001_02101_00005_nrca1_cal.fits,SCIENCE,,CAL,,CALJWST,2.0.0,5893,jw05893022001_02101_00005_nrca1_cal.fits,117570240,262871859,PUBLIC,2,F200W
262854400,JWST,image,jw05893022001_02101_00005_nrca3,exposure (L2b): 2D calibrated exposure average over integrations,S,mast:JWST/product/jw05893022001_02101_00005_nrca3_cal.fits,SCIENCE,,CAL,,CALJWST,2.0.0,5893,jw05893022001_02101_00005_nrca3_cal.fits,117573120,262871859,PUBLIC,2,F200W
262854401,JWST,image,jw05893022001_02101_00003_nrcb1,exposure (L2b): 2D calibrated exposure average over integrations,S,mast:JWST/product/jw05893022001_02101_00003_nrcb1_cal.fits,SCIENCE,,CAL,,CALJWST,2.0.0,5893,jw05893022001_02101_00003_nrcb1_cal.fits,117573120,262871859,PUBLIC,2,F200W
262854402,JWST,image,jw05893022001_02101_00006_nrca4,exposure (L2b): 2D calibrated exposure average over integrations,S,mast:JWST/product/jw05893022001_02101_00006_nrca4_cal.fits,SCIENCE,,CAL,,CALJWST,2.0.0,5893,jw05893022001_02101_00006_nrca4_cal.fits,117573120,262871859,PUBLIC,2,F200W
262854403,JWST,image,jw05893022001_02101_00006_nrcb2,exposure (L2b): 2D calibrated exposure average over integrations,S,mast:JWST/product/jw05893022001_02101_00006_nrcb2_cal.fits,SCIENCE,,CAL,,CALJWST,2.0.0,5893,jw05893022001_02101_00006_nrcb2_cal.fits,117573120,262871859,PUBLIC,2,F200W
262854404,JWST,image,jw05893022001_02101_00006_nrca2,exposure (L2b): 2D calibrated exposure average over integrations,S,mast:JWST/product/jw05893022001_02101_00006_nrca2_cal.fits,SCIENCE,,CAL,,CALJWST,2.0.0,5893,jw05893022001_02101_00006_nrca2_cal.fits,117570240,262871859,PUBLIC,2,F200W
262854405,JWST,image,jw05893022001_02101_00003_nrca3,exposure (L2b): 2D calibrated exposure average over integrations,S,mast:JWST/product/jw05893022001_02101_00003_nrca3_cal.fits,SCIENCE,,CAL,,CALJWST,2.0.0,5893,jw05893022001_02101_00003_nrca3_cal.fits,117573120,262871859,PUBLIC,2,F200W
262854406,JWST,image,jw05893022001_02101_00003_nrcb4,exposure (L2b): 2D calibrated exposure average over integrations,S,mast:JWST/product/jw05893022001_02101_00003_nrcb4_cal.fits,SCIENCE,,CAL,,CALJWST,2.0.0,5893,jw05893022001_02101_00003_nrcb4_cal.fits,117573120,262871859,PUBLIC,2,F200W
262854408,JWST,image,jw05893022001_02101_00003_nrca1,exposure (L2b): 2D calibrated exposure average over integrations,S,mast:JWST/product/jw05893022001_02101_00003_nrca1_cal.fits,SCIENCE,,CAL,,CALJWST,2.0.0,5893,jw05893022001_02101_00003_nrca1_cal.fits,117570240,262871859,PUBLIC,2,F200W
262854410,JWST,image,jw05893022001_02101_00002_nrcb4,exposure (L2b): 2D calibrated exposure average over integrations,S,mast:JWST/product/jw05893022001_02101_00002_nrcb4_cal.fits,SCIENCE,,CAL,,CALJWST,2.0.0,5893,jw05893022001_02101_00002_nrcb4_cal.fits,117573120,262871859,PUBLIC,2,F200W
262854411,JWST,image,jw05893022001_02101_00004_nrca4,exposure (L2b): 2D calibrated exposure average over integrations,S,mast:JWST/product/jw05893022001_02101_00004_nrca4_cal.fits,SCIENCE,,CAL,,CALJWST,2.0.0,5893,jw05893022001_02101_00004_nrca4_cal.fits,117573120,262871859,PUBLIC,2,F200W
262854412,JWST,image,jw05893022001_02101_00003_nrca2,exposure (L2b): 2D calibrated exposure average over integrations,S,mast:JWST/product/jw05893022001_02101_00003_nrca2_cal.fits,SCIENCE,,CAL,,CALJWST,2.0.0,5893,jw05893022001_02101_00003_nrca2_cal.fits,117570240,262871859,PUBLIC,2,F200W
262854414,JWST,image,jw05893022001_02101_00004_nrca3,exposure (L2b): 2D calibrated exposure average over integrations,S,mast:JWST/product/jw05893022001_02101_00004_nrca3_cal.fits,SCIENCE,,CAL,,CALJWST,2.0.0,5893,jw05893022001_02101_00004_nrca3_cal.fits,117573120,262871859,PUBLIC,2,F200W
262854416,JWST,image,jw05893022001_02101_00004_nrca2,exposure (L2b): 2D calibrated exposure average over integrations,S,mast:JWST/product/jw05893022001_02101_00004_nrca2_cal.fits,SCIENCE,,CAL,,CALJWST,2.0.0,5893,jw05893022001_02101_00004_nrca2_cal.fits,117570240,262871859,PUBLIC,2,F200W
262854417,JWST,image,jw05893022001_02101_00005_nrcb4,exposure (L2b): 2D calibrated exposure average over integrations,S,mast:JWST/product/jw05893022001_02101_00005_nrcb4_cal.fits,SCIENCE,,CAL,,CALJWST,2.0.0,5893,jw05893022001_02101_00005_nrcb4_cal.fits,117573120,262871859,PUBLIC,2,F200W
262854418,JWST,image,jw05893022001_02101_00004_nrcb2,exposure (L2b): 2D calibrated exposure average over integrations,S,mast:JWST/product/jw05893022001_02101_00004_nrcb2_cal.fits,SCIENCE,,CAL,,CALJWST,2.0.0,5893,jw05893022001_02101_00004_nrcb2_cal.fits,117573120,262871859,PUBLIC,2,F200W
262854420,JWST,image,jw05893022001_02101_00006_nrca1,exposure (L2b): 2D calibrated exposure average over integrations,S,mast:JWST/product/jw05893022001_02101_00006_nrca1_cal.fits,SCIENCE,,CAL,,CALJWST,2.0.0,5893,jw05893022001_02101_00006_nrca1_cal.fits,117570240,262871859,PUBLIC,2,F200W
262854423,JWST,image,jw05893022001_02101_00006_nrcb1,exposure (L2b): 2D calibrated exposure average over integrations,S,mast:JWST/product/jw05893022001_02101_00006_nrcb1_cal.fits,SCIENCE,,CAL,,CALJWST,2.0.0,5893,jw05893022001_02101_00006_nrcb1_cal.fits,117573120,262871859,PUBLIC,2,F200W
262854424,JWST,image,jw05893022001_02101_00005_nrca4,exposure (L2b): 2D calibrated exposure average over integrations,S,mast:JWST/product/jw05893022001_02101_00005_nrca4_cal.fits,SCIENCE,,CAL,,CALJWST,2.0.0,5893,jw05893022001_02101_00005_nrca4_cal.fits,117573120,262871859,PUBLIC,2,F200W
262854425,JWST,image,jw05893022001_02101_00004_nrcb1,exposure (L2b): 2D calibrated exposure average over integrations,S,mast:JWST/product/jw05893022001_02101_00004_nrcb1_cal.fits,SCIENCE,,CAL,,CALJWST,2.0.0,5893,jw05893022001_02101_00004_nrcb1_cal.fits,117573120,262871859,PUBLIC,2,F200W
262854426,JWST,image,jw05893022001_02101_00004_nrcb3,exposure (L2b): 2D calibrated exposure average over integrations,S,mast:JWST/product/jw05893022001_02101_00004_nrcb3_cal.fits,SCIENCE,,CAL,,CALJWST,2.0.0,5893,jw05893022001_02101_00004_nrcb3_cal.fits,117573120,262871859,PUBLIC,2,F200W
262854428,JWST,image,jw05893022001_02101_00005_nrcb1,exposure (L2b): 2D calibrated exposure average over integrations,S,mast:JWST/product/jw05893022001_02101_00005_nrcb1_cal.fits,SCIENCE,,CAL,,CALJWST,2.0.0,5893,jw05893022001_02101_00005_nrcb1_cal.fits,117573120,262871859,PUBLIC,2,F200W
