obsID,obs_collection,dataproduct_type,obs_id,description,type,dataURI,productType,productGroupDescription,productSubGroupDescription,productDocumentationURL,project,prvversion,proposal_id,productFilename,size,parent_obsid,dataRights,calib_level,filters
234359312,JWST,image,jw05893018003_02101_00003_nrca4,exposure (L2b): 2D calibrated exposure average over integrations,S,mast:JWST/product/jw05893018003_02101_00003_nrca4_cal.fits,SCIENCE,,CAL,,CALJWST,2.0.0,5893,jw05893018003_02101_00003_nrca4_cal.fits,117573120,234456129,PUBLIC,2,F200W
234359316,JWST,image,jw05893018002_02101_00005_nrca4,exposure (L2b): 2D calibrated exposure average over integrations,S,mast:JWST/product/jw05893018002_02101_00005_nrca4_cal.fits,SCIENCE,,CAL,,CALJWST,2.0.0,5893,jw05893018002_02101_00005_nrca4_cal.fits,117573120,234456129,PUBLIC,2,F200W
234359320,JWST,image,jw05893018002_02101_00006_nrcb1,exposure (L2b): 2D calibrated exposure average over integrations,S,mast:JWST/product/jw05893018002_02101_00006_nrcb1_cal.fits,SCIENCE,,CAL,,CALJWST,2.0.0,5893,jw05893018002_02101_00006_nrcb1_cal.fits,117573120,234456129,PUBLIC,2,F200W
234359321,JWST,image,jw05893018003_02101_00001_nrca4,exposure (L2b): 2D calibrated exposure average over integrations,S,mast:JWST/product/jw05893018003_02101_00001_nrca4_cal.fits,SCIENCE,,CAL,,CALJWST,2.0.0,5893,jw05893018003_02101_00001_nrca4_cal.fits,117573120,234456129,PUBLIC,2,F200W
234359324,JWST,image,jw05893018002_02101_00002_nrca3,exposure (L2b): 2D calibrated exposure average over integrations,S,mast:JWST/product/jw05893018002_02101_00002_nrca3_cal.fits,SCIENCE,,CAL,,CALJWST,2.0.0,5893,jw05893018002_02101_00002_nrca3_cal.fits,117573120,234456129,PUBLIC,2,F200W
234359325,JWST,image,jw05893018003_02101_00001_nrcb1,exposure (L2b): 2D calibrated exposure average over integrations,S,mast:JWST/product/jw05893018003_02101_00001_nrcb1_cal.fits,SCIENCE,,CAL,,CALJWST,2.0.0,5893,jw05893018003_02101_00001_nrcb1_cal.fits,117573120,234456129,PUBLIC,2,F200W
234359328,JWST,image,jw05893018002_02101_00001_nrcb2,exposure (L2b): 2D calibrated exposure average over integrations,S,mast:JWST/product/jw05893018002_02101_00001_nrcb2_cal.fits,SCIENCE,,CAL,,CALJWST,2.0.0,5893,jw05893018002_02101_00001_nrcb2_cal.fits,117573120,234456129,PUBLIC,2,F200W
234359330,JWST,image,jw05893018003_02101_00001_nrca3,exposure (L2b): 2D calibrated exposure average over integrations,S,mast:JWST/product/jw05893018003_02101_00001_nrca3_cal.fits,SCIENCE,,CAL,,CALJWST,2.0.0,5893,jw05893018003_02101_00001_nrca3_cal.fits,117573120,234456129,PUBLIC,2,F200W
234359331,JWST,image,jw05893018004_02101_00002_nrca3,exposure (L2b): 2D calibrated exposure average over integrations,S,mast:JWST/product/jw05893018004_02101_00002_nrca3_cal.fits,SCIENCE,,CAL,,CALJWST,2.0.0,5893,jw05893018004_02101_00002_nrca3_cal.fits,117573120,234456129,PUBLIC,2,F200W
234359333,JWST,image,jw05893018003_02101_00004_nrca3,exposure (L2b): 2D calibrated exposure average over integrations,S,mast:JWST/product/jw05893018003_02101_00004_nrca3_cal.fits,SCIENCE,,CAL,,CALJWST,2.0.0,5893,jw05893018003_02101_00004_nrca3_cal.fits,117573120,234456129,PUBLIC,2,F200W
234359335,JWST,image,jw05893018002_02101_00006_nrcb2,exposure (L2b): 2D calibrated exposure average over integrations,S,mast:JWST/product/jw05893018002_02101_00006_nrcb2_cal.fits,SCIENCE,,CAL,,CALJWST,2.0.0,5893,jw05893018002_02101_00006_nrcb2_cal.fits,117573120,234456129,PUBLIC,2,F200W
234359337,JWST,image,jw05893018004_02101_00002_nrcb2,exposure (L2b): 2D calibrated exposure average over integrations,S,mast:JWST/product/jw05893018004_02101_00002_nrcb2_cal.fits,SCIENCE,,CAL,,CALJWST,2.0.0,5893,jw05893018004_02101_00002_nrcb2_cal.fits,117573120,234456129,PUBLIC,2,F200W
234359339,JWST,image,jw05893018002_02101_00002_nrcb2,exposure (L2b): 2D calibrated exposure average over integrations,S,mast:JWST/product/jw05893018002_02101_00002_nrcb2_cal.fits,SCIENCE,,CAL,,CALJWST,2.0.0,5893,jw05893018002_02101_00002_nrcb2_cal.fits,117573120,234456129,PUBLIC,2,F200W
234359348,JWST,image,jw05893018003_02101_00002_nrca3,exposure (L2b): 2D calibrated exposure average over integrations,S,mast:JWST/product/jw05893018003_02101_00002_nrca3_cal.fits,SCIENCE,,CAL,,CALJWST,2.0.0,5893,jw05893018003_02101_00002_nrca3_cal.fits,117573120,234456129,PUBLIC,2,F200W
234359349,JWST,image,jw05893018002_02101_00004_nrcb1,exposure (L2b): 2D calibrated exposure average over integrations,S,mast:JWST/product/jw05893018002_02101_00004_nrcb1_cal.fits,SCIENCE,,CAL,,CALJWST,2.0.0,5893,jw05893018002_02101_00004_nrcb1_cal.fits,117573120,234456129,PUBLIC,2,F200W
234359350,JWST,image,jw05893018004_02101_00003_nrcb4,exposure (L2b): 2D calibrated exposure average over integrations,S,mast:JWST/product/jw05893018004_02101_00003_nrcb4_cal.fits,SCIENCE,,CAL,,CALJWST,2.0.0,5893,jw05893018004_02101_00003_nrcb4_cal.fits,117573120,234456129,PUBLIC,2,F200W
234359351,JWST,image,jw05893018003_02101_00004_nrcb1,exposure (L2b): 2D calibrated exposure average over integrations,S,mast:JWST/product/jw05893018003_02101_00004_nrcb1_cal.fits,SCIENCE,,CAL,,CALJWST,2.0.0,5893,jw05893018003_02101_00004_nrcb1_cal.fits,117573120,234456129,PUBLIC,2,F200W
234359355,JWST,image,jw05893018003_02101_00004_nrcb2,exposure (L2b): 2D calibrated exposure average over integrations,S,mast:JWST/product/jw05893018003_02101_00004_nrcb2_cal.fits,SCIENCE,,CAL,,CALJWST,2.0.0,5893,jw05893018003_02101_00004_nrcb2_cal.fits,117573120,234456129,PUBLIC,2,F200W
234359358,JWST,image,jw05893018004_02101_00004_nrca1,exposure (L2b): 2D calibrated exposure average over integrations,S,mast:JWST/product/jw05893018004_02101_00004_nrca1_cal.fits,SCIENCE,,CAL,,CALJWST,2.0.0,5893,jw05893018004_02101_00004_nrca1_cal.fits,117570240,234456129,PUBLIC,2,F200W
234359359,JWST,image,jw05893018002_02101_00004_nrca4,exposure (L2b): 2D calibrated exposure average over integrations,S,mast:JWST/product/jw05893018002_02101_00004_nrca4_cal.fits,SCIENCE,,CAL,,CALJWST,2.0.0,5893,jw05893018002_02101_00004_nrca4_cal.fits,117573120,234456129,PUBLIC,2,F200W
234359360,JWST,image,jw05893018003_02101_00002_nrca4,exposure (L2b): 2D calibrated exposure average over integrations,S,mast:JWST/product/jw05893018003_02101_00002_nrca4_cal.fits,SCIENCE,,CAL,,CALJWST,2.0.0,5893,jw05893018003_02101_00002_nrca4_cal.fits,117573120,234456129,PUBLIC,2,F200W
234359364,JWST,image,jw05893018004_02101_00002_nrcb3,exposure (L2b): 2D calibrated exposure average over integrations,S,mast:JWST/product/jw05893018004_02101_00002_nrcb3_cal.fits,SCIENCE,,CAL,,CALJWST,2.0.0,5893,jw05893018004_02101_00002_nrcb3_cal.fits,117573120,234456129,PUBLIC,2,F200W
234359366,JWST,image,jw05893018002_02101_00002_nrcb1,exposure (L2b): 2D calibrated exposure average over integrations,S,mast:JWST/product/jw05893018002_02101_00002_nrcb1_cal.fits,SCIENCE,,CAL,,CALJWST,2.0.0,5893,jw05893018002_02101_00002_nrcb1_cal.fits,117573120,234456129,PUBLIC,2,F200W
234359367,JWST,image,jw05893018003_02101_00003_nrca3,exposure (L2b): 2D calibrated exposure average over integrations,S,mast:JWST/product/jw05893018003_02101_00003_nrca3_cal.fits,SCIENCE,,CAL,,CALJWST,2.0.0,5893,jw05893018003_02101_00003_nrca3_cal.fits,117573120,234456129,PUBLIC,2,F200W
234359370,JWST,image,jw05893018002_02101_00001_nrca3,exposure (L2b): 2D calibrated exposure average over integrations,S,mast:JWST/product/jw05893018002_02101_00001_nrca3_cal.fits,SCIENCE,,CAL,,CALJWST,2.0.0,5893,jw05893018002_02101_00001_nrca3_cal.fits,117573120,234456129,PUBLIC,2,F200W
234359372,JWST,image,jw05893018002_02101_00004_nrcb2,exposure (L2b): 2D calibrated exposure average over integrations,S,mast:JWST/product/jw05893018002_02101_00004_nrcb2_cal.fits,SCIENCE,,CAL,,CALJWST,2.0.0,5893,jw05893018002_02101_00004_nrcb2_cal.fits,117573120,234456129,PUBLIC,2,F200W
234359373,JWST,image,jw05893018004_02101_00001_nrca1,exposure (L2b): 2D calibrated exposure average over integrations,S,mast:JWST/product/jw05893018004_02101_00001_nrca1_cal.fits,SCIENCE,,CAL,,CALJWST,2.0.0,5893,jw05893018004_02101_00001_nrca1_cal.fits,117570240,234456129,PUBLIC,2,F200W
234359375,JWST,image,jw05893018004_02101_00002_nrca1,exposure (L2b): 2D calibrated exposure average over integrations,S,mast:JWST/product/jw05893018004_02101_00002_nrca1_cal.fits,SCIENCE,,CAL,,CALJWST,2.0.0,5893,jw05893018004_02101_00002_nrca1_cal.fits,117570240,234456129,PUBLIC,2,F200W
234359376,JWST,image,jw05893018003_02101_00003_nrcb1,exposure (L2b): 2D calibrated exposure average over integrations,S,mast:JWST/product/jw05893018003_02101_00003_nrcb1_cal.fits,SCIENCE,,CAL,,CALJWST,2.0.0,5893,jw05893018003_02101_00003_nrcb1_cal.fits,117573120,234456129,PUBLIC,2,F200W
234359378,JWST,image,jw05893018004_02101_00003_nrca3,exposure (L2b): 2D calibrated exposure average over integrations,S,mast:JWST/product/jw05893018004_02101_00003_nrca3_cal.fits,SCIENCE,,CAL,,CALJWST,2.0.0,5893,jw05893018004_02101_00003_nrca3_cal.fits,117573120,234456129,PUBLIC,2,F200W
234359380,JWST,image,jw05893018003_02101_00004_nrca4,exposure (L2b): 2D calibrated exposure average over integrations,S,mast:JWST/product/jw05893018003_02101_00004_nrca4_cal.fits,SCIENCE,,CAL,,CALJWST,2.0.0,5893,jw05893018003_02101_00004_nrca4_cal.fits,117573120,234456129,PUBLIC,2,F200W
234359381,JWST,image,jw05893018004_02101_00003_nrca4,exposure (L2b): 2D calibrated exposure average over integrations,S,mast:JWST/product/jw05893018004_02101_00003_nrca4_cal.fits,SCIENCE,,CAL,,CALJWST,2.0.0,5893,jw05893018004_02101_00003_nrca4_cal.fits,117573120,234456129,PUBLIC,2,F200W
234359382,JWST,image,jw05893018002_02101_00003_nrca4,exposure (L2b): 2D calibrated exposure average over integrations,S,mast:JWST/product/jw05893018002_02101_00003_nrca4_cal.fits,SCIENCE,,CAL,,CALJWST,2.0.0,5893,jw05893018002_02101_00003_nrca4_cal.fits,117573120,234456129,PUBLIC,2,F200W
234359384,JWST,image,jw05893018002_02101_00001_nrcb1,exposure (L2b): 2D calibrated exposure average over integrations,S,mast:JWST/product/jw05893018002_02101_00001_nrcb1_cal.fits,SCIENCE,,CAL,,CALJWST,2.0.0,5893,jw05893018002_02101_00001_nrcb1_cal.fits,117573120,234456129,PUBLIC,2,F200W
234359385,JWST,image,jw05893018004_02101_00003_nrcb2,exposure (L2b): 2D calibrated exposure average over integrations,S,mast:JWST/product/jw05893018004_02101_00003_nrcb2_cal.fits,SCIENCE,,CAL,,CALJWST,2.0.0,5893,jw05893018004_02101_00003_nrcb2_cal.fits,117573120,234456129,PUBLIC,2,F200W
234359386,JWST,image,jw05893018003_02101_00002_nrcb1,exposure (L2b): 2D calibrated exposure average over integrations,S,mast:JWST/product/jw05893018003_02101_00002_nrcb1_cal.fits,SCIENCE,,CAL,,CALJWST,2.0.0,5893,jw05893018003_02101_00002_nrcb1_cal.fits,117573120,234456129,PUBLIC,2,F200W
234359389,JWST,image,jw05893018002_02101_00006_nrca3,exposure (L2b): 2D calibrated exposure average over integrations,S,mast:JWST/product/jw05893018002_02101_00006_nrca3_cal.fits,SCIENCE,,CAL,,CALJWST,2.0.0,5893,jw05893018002_02101_00006_nrca3_cal.fits,117573120,234456129,PUBLIC,2,F200W
234359391,JWST,image,jw05893018004_02101_00002_nrcb4,exposure (L2b): 2D calibrated exposure average over integrations,S,mast:JWST/product/jw05893018004_02101_00002_nrcb4_cal.fits,SCIENCE,,CAL,,CALJWST,2.0.0,5893,jw05893018004_02101_00002_nrcb4_cal.fits,117573120,234456129,PUBLIC,2,F200W
234359393,JWST,image,jw05893018002_02101_00002_nrca4,exposure (L2b): 2D calibrated exposure average over integrations,S,mast:JWST/product/jw05893018002_02101_00002_nrca4_cal.fits,SCIENCE,,CAL,,CALJWST,2.0.0,5893,jw05893018002_02101_00002_nrca4_cal.fits,117573120,234456129,PUBLIC,2,F200W
234359396,JWST,image,jw05893018004_02101_00001_nrcb4,exposure (L2b): 2D calibrated exposure average over integrations,S,mast:JWST/product/jw05893018004_02101_00001_nrcb4_cal.fits,SCIENCE,,CAL,,CALJWST,2.0.0,5893,jw05893018004_02101_00001_nrcb4_cal.fits,117573120,234456129,PUBLIC,2,F200W
234359399,JWST,image,jw05893018002_02101_00003_nrcb1,exposure (L2b): 2D calibrated exposure average over integrations,S,mast:JWST/product/jw05893018002_02101_00003_nrcb1_cal.fits,SCIENCE,,CAL,,CALJWST,2.0.0,5893,jw05893018002_02101_00003_nrcb1_cal.fits,117573120,234456129,PUBLIC,2,F200W
234359407,JWST,image,jw05893018002_02101_00006_nrca4,exposure (L2b): 2D calibrated exposure average over integrations,S,mast:JWST/product/jw05893018002_02101_00006_nrca4_cal.fits,SCIENCE,,CAL,,CALJWST,2.0.0,5893,jw05893018002_02101_00006_nrca4_cal.fits,117573120,234456129,PUBLIC,2,F200W
234359413,JWST,image,jw05893018004_02101_00001_nrcb3,exposure (L2b): 2D calibrated exposure average over integrations,S,mast:JWST/product/jw05893018004_02101_00001_nrcb3_cal.fits,SCIENCE,,CAL,,CALJWST,2.0.0,5893,jw05893018004_02101_00001_nrcb3_cal.fits,117573120,234456129,PUBLIC,2,F200W
234359422,JWST,image,jw05893018004_02101_00001_nrca2,exposure (L2b): 2D calibrated exposure average over integrations,S,mast:JWST/product/jw05893018004_02101_00001_nrca2_cal.fits,SCIENCE,,CAL,,CALJWST,2.0.0,5893,jw05893018004_02101_00001_nrca2_cal.fits,117570240,234456129,PUBLIC,2,F200W
234359424,JWST,image,jw05893018002_02101_00003_nrcb2,exposure (L2b): 2D calibrated exposure average over integrations,S,mast:JWST/product/jw05893018002_02101_00003_nrcb2_cal.fits,SCIENCE,,CAL,,CALJWST,2.0.0,5893,jw05893018002_02101_00003_nrcb2_cal.fits,117573120,234456129,PUBLIC,2,F200W
234359427,JWST,image,jw05893018004_02101_00004_nrcb3,exposure (L2b): 2D calibrated exposure average over integrations,S,mast:JWST/product/jw05893018004_02101_00004_nrcb3_cal.fits,SCIENCE,,CAL,,CALJWST,2.0.0,5893,jw05893018004_02101_00004_nrcb3_cal.fits,117573120,234456129,PUBLIC,2,F200W
234359432,JWST,image,jw05893018004_02101_00003_nrcb3,exposure (L2b): 2D calibrated exposure average over integrations,S,mast:JWST/product/jw05893018004_02101_00003_nrcb3_cal.fits,SCIENCE,,CAL,,CALJWST,2.0.0,5893,jw05893018004_02101_00003_nrcb3_cal.fits,117573120,234456129,PUBLIC,2,F200W
234359436,JWST,image,jw05893018004_02101_00004_nrca3,exposure (L2b): 2D calibrated exposure average over integrations,S,mast:JWST/product/jw05893018004_02101_00004_nrca3_cal.fits,SCIENCE,,CAL,,CALJWST,2.0.0,5893,jw05893018004_02101_00004_nrca3_cal.fits,117573120,234456129,PUBLIC,2,F200W
234359437,JWST,image,jw05893018002_02101_00005_nrcb1,exposure (L2b): 2D calibrated exposure average over integrations,S,mast:JWST/product/jw05893018002_02101_00005_nrcb1_cal.fits,SCIENCE,,CAL,,CALJWST,2.0.0,5893,jw05893018002_02101_00005_nrcb1_cal.fits,117573120,234456129,PUBLIC,2,F200W
234359442,JWST,image,jw05893018002_02101_00001_nrca4,exposure (L2b): 2D calibrated exposure average over integrations,S,mast:JWST/product/jw05893018002_02101_00001_nrca4_cal.fits,SCIENCE,,CAL,,CALJWST,2.0.0,5893,jw05893018002_02101_00001_nrca4_cal.fits,117573120,234456129,PUBLIC,2,F200W
234359445,JWST,image,jw05893018004_02101_00004_nrca4,exposure (L2b): 2D calibrated exposure average over integrations,S,mast:JWST/product/jw05893018004_02101_00004_nrca4_cal.fits,SCIENCE,,CAL,,CALJWST,2.0.0,5893,jw05893018004_02101_00004_nrca4_cal.fits,117573120,234456129,PUBLIC,2,F200W
234359449,JWST,image,jw05893018004_02101_00002_nrcb1,exposure (L2b): 2D calibrated exposure average over integrations,S,mast:JWST/product/jw05893018004_02101_00002_nrcb1_cal.fits,SCIENCE,,CAL,,CALJWST,2.0.0,5893,jw05893018004_02101_00002_nrcb1_cal.fits,117573120,234456129,PUBLIC,2,F200W
234359453,JWST,image,jw05893018002_02101_00005_nrcb2,exposure (L2b): 2D calibrated exposure average over integrations,S,mast:JWST/product/jw05893018002_02101_00005_nrcb2_cal.fits,SCIENCE,,CAL,,CALJWST,2.0.0,5893,jw05893018002_02101_00005_nrcb2_cal.fits,117573120,234456129,PUBLIC,2,F200W
234359455,JWST,image,jw05893018004_02101_00002_nrca4,exposure (L2b): 2D calibrated exposure average over integrations,S,mast:JWST/product/jw05893018004_02101_00002_nrca4_cal.fits,SCIENCE,,CAL,,CALJWST,2.0.0,5893,jw05893018004_02101_00002_nrca4_cal.fits,117573120,234456129,PUBLIC,2,F200W
234359462,JWST,image,jw05893018004_02101_00003_nrca1,exposure (L2b): 2D calibrated exposure average over integrations,S,mast:JWST/product/jw05893018004_02101_00003_nrca1_cal.fits,SCIENCE,,CAL,,CALJWST,2.0.0,5893,jw05893018004_02101_00003_nrca1_cal.fits,117570240,234456129,PUBLIC,2,F200W
234359469,JWST,image,jw05893018004_02101_00003_nrca2,exposure (L2b): 2D calibrated exposure average over integrations,S,mast:JWST/product/jw05893018004_02101_00003_nrca2_cal.fits,SCIENCE,,CAL,,CALJWST,2.0.0,5893,jw05893018004_02101_00003_nrca2_cal.fits,117570240,234456129,PUBLIC,2,F200W
234359471,JWST,image,jw05893018002_02101_00005_nrca3,exposure (L2b): 2D calibrated exposure average over integrations,S,mast:JWST/product/jw05893018002_02101_00005_nrca3_cal.fits,SCIENCE,,CAL,,CALJWST,2.0.0,5893,jw05893018002_02101_00005_nrca3_cal.fits,117573120,234456129,PUBLIC,2,F200W
234359476,JWST,image,jw05893018004_02101_00003_nrcb1,exposure (L2b): 2D calibrated exposure average over integrations,S,mast:JWST/product/jw05893018004_02101_00003_nrcb1_cal.fits,SCIENCE,,CAL,,CALJWST,2.0.0,5893,jw05893018004_02101_00003_nrcb1_cal.fits,117573120,234456129,PUBLIC,2,F200W
234359480,JWST,image,jw05893018004_02101_00002_nrca2,exposure (L2b): 2D calibrated exposure average over integrations,S,mast:JWST/product/jw05893018004_02101_00002_nrca2_cal.fits,SCIENCE,,CAL,,CALJWST,2.0.0,5893,jw05893018004_02101_00002_nrca2_cal.fits,117570240,234456129,PUBLIC,2,F200W
234359484,JWST,image,jw05893018004_02101_00001_nrcb2,exposure (L2b): 2D calibrated exposure average over integrations,S,mast:JWST/product/jw05893018004_02101_00001_nrcb2_cal.fits,SCIENCE,,CAL,,CALJWST,2.0.0,5893,jw05893018004_02101_00001_nrcb2_cal.fits,117573120,234456129,PUBLIC,2,F200W
234359487,JWST,image,jw05893018004_02101_00001_nrca3,exposure (L2b): 2D calibrated exposure average over integrations,S,mast:JWST/product/jw05893018004_02101_00001_nrca3_cal.fits,SCIENCE,,CAL,,CALJWST,2.0.0,5893,jw05893018004_02101_00001_nrca3_cal.fits,117573120,234456129,PUBLIC,2,F200W
234359490,JWST,image,jw05893018004_02101_00001_nrca4,exposure (L2b): 2D calibrated exposure average over integrations,S,mast:JWST/product/jw05893018004_02101_00001_nrca4_cal.fits,SCIENCE,,CAL,,CALJWST,2.0.0,5893,jw05893018004_02101_00001_nrca4_cal.fits,117573120,234456129,PUBLIC,2,F200W
234359495,JWST,image,jw05893018004_02101_00004_nrca2,exposure (L2b): 2D calibrated exposure average over integrations,S,mast:JWST/product/jw05893018004_02101_00004_nrca2_cal.fits,SCIENCE,,CAL,,CALJWST,2.0.0,5893,jw05893018004_02101_00004_nrca2_cal.fits,117570240,234456129,PUBLIC,2,F200W
234379046,JWST,image,jw05893018005_02101_00002_nrca4,exposure (L2b): 2D calibrated exposure average over integrations,S,mast:JWST/product/jw05893018005_02101_00002_nrca4_cal.fits,SCIENCE,,CAL,,CALJWST,2.0.0,5893,jw05893018005_02101_00002_nrca4_cal.fits,117573120,234456129,PUBLIC,2,F200W
234379056,JWST,image,jw05893018005_02101_00002_nrca1,exposure (L2b): 2D calibrated exposure average over integrations,S,mast:JWST/product/jw05893018005_02101_00002_nrca1_cal.fits,SCIENCE,,CAL,,CALJWST,2.0.0,5893,jw05893018005_02101_00002_nrca1_cal.fits,117570240,234456129,PUBLIC,2,F200W
234379061,JWST,image,jw05893018005_02101_00004_nrca2,exposure (L2b): 2D calibrated exposure average over integrations,S,mast:JWST/product/jw05893018005_02101_00004_nrca2_cal.fits,SCIENCE,,CAL,,CALJWST,2.0.0,5893,jw05893018005_02101_00004_nrca2_cal.fits,117570240,234456129,PUBLIC,2,F200W
234379065,JWST,image,jw05893018005_02101_00002_nrcb3,exposure (L2b): 2D calibrated exposure average over integrations,S,mast:JWST/product/jw05893018005_02101_00002_nrcb3_cal.fits,SCIENCE,,CAL,,CALJWST,2.0.0,5893,jw05893018005_02101_00002_nrcb3_cal.fits,117573120,234456129,PUBLIC,2,F200W
234379078,JWST,image,jw05893018005_02101_00003_nrca3,exposure (L2b): 2D calibrated exposure average over integrations,S,mast:JWST/product/jw05893018005_02101_00003_nrca3_cal.fits,SCIENCE,,CAL,,CALJWST,2.0.0,5893,jw05893018005_02101_00003_nrca3_cal.fits,117573120,234456129,PUBLIC,2,F200W
234379083,JWST,image,jw05893018005_02101_00003_nrcb1,exposure (L2b): 2D calibrated exposure average over integrations,S,mast:JWST/product/jw05893018005_02101_00003_nrcb1_cal.fits,SCIENCE,,CAL,,CALJWST,2.0.0,5893,jw05893018005_02101_00003_nrcb1_cal.fits,117573120,234456129,PUBLIC,2,F200W
234379099,JWST,image,jw05893018005_02101_00001_nrca2,exposure (L2b): 2D calibrated exposure average over integrations,S,mast:JWST/product/jw05893018005_02101_00001_nrca2_cal.fits,SCIENCE,,CAL,,CALJWST,2.0.0,5893,jw05893018005_02101_00001_nrca2_cal.fits,117570240,234456129,PUBLIC,2,F200W
234379105,JWST,image,jw05893018005_02101_00001_nrcb2,exposure (L2b): 2D calibrated exposure average over integrations,S,mast:JWST/product/jw05893018005_02101_00001_nrcb2_cal.fits,SCIENCE,,CAL,,CALJWST,2.0.0,5893,jw05893018005_02101_00001_nrcb2_cal.fits,117573120,234456129,PUBLIC,2,F200W
234379111,JWST,image,jw05893018005_02101_00001_nrcb4,exposure (L2b): 2D calibrated exposure average over integrations,S,mast:JWST/product/jw05893018005_02101_00001_nrcb4_cal.fits,SCIENCE,,CAL,,CALJWST,2.0.0,5893,jw05893018005_02101_00001_nrcb4_cal.fits,117573120,234456129,PUBLIC,2,F200W
234379116,JWST,image,jw05893018005_02101_00003_nrca1,exposure (L2b): 2D calibrated exposure average over integrations,S,mast:JWST/product/jw05893018005_02101_00003_nrca1_cal.fits,SCIENCE,,CAL,,CALJWST,2.0.0,5893,jw05893018005_02101_00003_nrca1_cal.fits,117570240,234456129,PUBLIC,2,F200W
234379121,JWST,image,jw05893018005_02101_00002_nrca2,exposure (L2b): 2D calibrated exposure average over integrations,S,mast:JWST/product/jw05893018005_02101_00002_nrca2_cal.fits,SCIENCE,,CAL,,CALJWST,2.0.0,5893,jw05893018005_02101_00002_nrca2_cal.fits,117570240,234456129,PUBLIC,2,F200W
234379127,JWST,image,jw05893018005_02101_00002_nrcb2,exposure (L2b): 2D calibrated exposure average over integrations,S,mast:JWST/product/jw05893018005_02101_00002_nrcb2_cal.fits,SCIENCE,,CAL,,CALJWST,2.0.0,5893,jw05893018005_02101_00002_nrcb2_cal.fits,117573120,234456129,PUBLIC,2,F200W
234379133,JWST,image,jw05893018005_02101_00003_nrcb3,exposure (L2b): 2D calibrated exposure average over integrations,S,mast:JWST/product/jw05893018005_02101_00003_nrcb3_cal.fits,SCIENCE,,CAL,,CALJWST,2.0.0,5893,jw05893018005_02101_00003_nrcb3_cal.fits,117573120,234456129,PUBLIC,2,F200W
234379138,JWST,image,jw05893018005_02101_00003_nrca4,exposure (L2b): 2D calibrated exposure average over integrations,S,mast:JWST/product/jw05893018005_02101_00003_nrca4_cal.fits,SCIENCE,,CAL,,CALJWST,2.0.0,5893,jw05893018005_02101_00003_nrca4_cal.fits,117573120,234456129,PUBLIC,2,F200W
234379142,JWST,image,jw05893018005_02101_00003_nrcb4,exposure (L2b): 2D calibrated exposure average over integrations,S,mast:JWST/product/jw05893018005_02101_00003_nrcb4_cal.fits,SCIENCE,,CAL,,CALJWST,2.0.0,5893,jw05893018005_02101_00003_nrcb4_cal.fits,117573120,234456129,PUBLIC,2,F200W
234379148,JWST,image,jw05893018005_02101_00002_nrcb1,exposure (L2b): 2D calibrated exposure average over integrations,S,mast:JWST/product/jw05893018005_02101_00002_nrcb1_cal.fits,SCIENCE,,CAL,,CALJWST,2.0.0,5893,jw05893018005_02101_00002_nrcb1_cal.fits,117573120,234456129,PUBLIC,2,F200W
234379154,JWST,image,jw05893018005_02101_00001_nrca3,exposure (L2b): 2D calibrated exposure average over integrations,S,mast:JWST/product/jw05893018005_02101_00001_nrca3_cal.fits,SCIENCE,,CAL,,CALJWST,2.0.0,5893,jw05893018005_02101_00001_nrca3_cal.fits,117573120,234456129,PUBLIC,2,F200W
234379171,JWST,image,jw05893018005_02101_00002_nrcb4,exposure (L2b): 2D calibrated exposure average over integrations,S,mast:JWST/product/jw05893018005_02101_00002_nrcb4_cal.fits,SCIENCE,,CAL,,CALJWST,2.0.0,5893,jw05893018005_02101_00002_nrcb4_cal.fits,117573120,234456129,PUBLIC,2,F200W
234379177,JWST,image,jw05893018005_02101_00003_nrcb2,exposure (L2b): 2D calibrated exposure average over integrations,S,mast:JWST/product/jw05893018005_02101_00003_nrcb2_cal.fits,SCIENCE,,CAL,,CALJWST,2.0.0,5893,jw05893018005_02101_00003_nrcb2_cal.fits,117573120,234456129,PUBLIC,2,F200W
234379183,JWST,image,jw05893018005_02101_00001_nrca4,exposure (L2b): 2D calibrated exposure average over integrations,S,mast:JWST/product/jw05893018005_02101_00001_nrca4_cal.fits,SCIENCE,,CAL,,CALJWST,2.0.0,5893,jw05893018005_02101_00001_nrca4_cal.fits,117573120,234456129,PUBLIC,2,F200W
234379191,JWST,image,jw05893018005_02101_00001_nrcb3,exposure (L2b): 2D calibrated exposure average over integrations,S,mast:JWST/product/jw05893018005_02101_00001_nrcb3_cal.fits,SCIENCE,,CAL,,CALJWST,2.0.0,5893,jw05893018005_02101_00001_nrcb3_cal.fits,117573120,234456129,PUBLIC,2,F200W
234379197,JWST,image,jw05893018005_02101_00001_nrcb1,exposure (L2b): 2D calibrated exposure average over integrations,S,mast:JWST/product/jw05893018005_02101_00001_nrcb1_cal.fits,SCIENCE,,CAL,,CALJWST,2.0.0,5893,jw05893018005_02101_00001_nrcb1_cal.fits,117573120,234456129,PUBLIC,2,F200W
234379198,JWST,image,jw05893018005_02101_00001_nrca1,exposure (L2b): 2D calibrated exposure average over integrations,S,mast:JWST/product/jw05893018005_02101_00001_nrca1_cal.fits,SCIENCE,,CAL,,CALJWST,2.0.0,5893,jw05893018005_02101_00001_nrca1_cal.fits,117570240,234456129,PUBLIC,2,F200W
234379203,JWST,image,jw05893018005_02101_00002_nrca3,exposure (L2b): 2D calibrated exposure average over integrations,S,mast:JWST/product/jw05893018005_02101_00002_nrca3_cal.fits,SCIENCE,,CAL,,CALJWST,2.0.0,5893,jw05893018005_02101_00002_nrca3_cal.fits,117573120,234456129,PUBLIC,2,F200W
234379209,JWST,image,jw05893018005_02101_00004_nrca3,exposure (L2b): 2D calibrated exposure average over integrations,S,mast:JWST/product/jw05893018005_02101_00004_nrca3_cal.fits,SCIENCE,,CAL,,CALJWST,2.0.0,5893,jw05893018005_02101_00004_nrca3_cal.fits,117573120,234456129,PUBLIC,2,F200W
234380392,JWST,image,jw05893018003_02101_00005_nrca1,exposure (L2b): 2D calibrated exposure average over integrations,S,mast:JWST/product/jw05893018003_02101_00005_nrca1_cal.fits,SCIENCE,,CAL,,CALJWST,2.0.0,5893,jw05893018003_02101_00005_nrca1_cal.fits,117570240,234456129,PUBLIC,2,F200W
234380404,JWST,image,jw05893018003_02101_00002_nrca1,exposure (L2b): 2D calibrated exposure average over integrations,S,mast:JWST/product/jw05893018003_02101_00002_nrca1_cal.fits,SCIENCE,,CAL,,CALJWST,2.0.0,5893,jw05893018003_02101_00002_nrca1_cal.fits,117570240,234456129,PUBLIC,2,F200W
234380442,JWST,image,jw05893018003_02101_00006_nrcb1,exposure (L2b): 2D calibrated exposure average over integrations,S,mast:JWST/product/jw05893018003_02101_00006_nrcb1_cal.fits,SCIENCE,,CAL,,CALJWST,2.0.0,5893,jw05893018003_02101_00006_nrcb1_cal.fits,117573120,234456129,PUBLIC,2,F200W
234380455,JWST,image,jw05893018003_02101_00005_nrca2,exposure (L2b): 2D calibrated exposure average over integrations,S,mast:JWST/product/jw05893018003_02101_00005_nrca2_cal.fits,SCIENCE,,CAL,,CALJWST,2.0.0,5893,jw05893018003_02101_00005_nrca2_cal.fits,117570240,234456129,PUBLIC,2,F200W
234380467,JWST,image,jw05893018002_02101_00006_nrca2,exposure (L2b): 2D calibrated exposure average over integrations,S,mast:JWST/product/jw05893018002_02101_00006_nrca2_cal.fits,SCIENCE,,CAL,,CALJWST,2.0.0,5893,jw05893018002_02101_00006_nrca2_cal.fits,117570240,234456129,PUBLIC,2,F200W
234380470,JWST,image,jw05893018003_02101_00005_nrcb2,exposure (L2b): 2D calibrated exposure average over integrations,S,mast:JWST/product/jw05893018003_02101_00005_nrcb2_cal.fits,SCIENCE,,CAL,,CALJWST,2.0.0,5893,jw05893018003_02101_00005_nrcb2_cal.fits,117573120,234456129,PUBLIC,2,F200W
234380477,JWST,image,jw05893018003_02101_00002_nrcb2,exposure (L2b): 2D calibrated exposure average over integrations,S,mast:JWST/product/jw05893018003_02101_00002_nrcb2_cal.fits,SCIENCE,,CAL,,CALJWST,2.0.0,5893,jw05893018003_02101_00002_nrcb2_cal.fits,117573120,234456129,PUBLIC,2,F200W
234380485,JWST,image,jw05893018002_02101_00004_nrcb4,exposure (L2b): 2D calibrated exposure average over integrations,S,mast:JWST/product/jw05893018002_02101_00004_nrcb4_cal.fits,SCIENCE,,CAL,,CALJWST,2.0.0,5893,jw05893018002_02101_00004_nrcb4_cal.fits,117573120,234456129,PUBLIC,2,F200W
234380501,JWST,image,jw05893018003_02101_00001_nrca1,exposure (L2b): 2D calibrated exposure average over integrations,S,mast:JWST/product/jw05893018003_02101_00001_nrca1_cal.fits,SCIENCE,,CAL,,CALJWST,2.0.0,5893,jw05893018003_02101_00001_nrca1_cal.fits,117570240,234456129,PUBLIC,2,F200W
234380524,JWST,image,jw05893018002_02101_00005_nrca2,exposure (L2b): 2D calibrated exposure average over integrations,S,mast:JWST/product/jw05893018002_02101_00005_nrca2_cal.fits,SCIENCE,,CAL,,CALJWST,2.0.0,5893,jw05893018002_02101_00005_nrca2_cal.fits,117570240,234456129,PUBLIC,2,F200W
234380544,JWST,image,jw05893018003_02101_00004_nrcb3,exposure (L2b): 2D calibrated exposure average over integrations,S,mast:JWST/product/jw05893018003_02101_00004_nrcb3_cal.fits,SCIENCE,,CAL,,CALJWST,2.0.0,5893,jw05893018003_02101_00004_nrcb3_cal.fits,117573120,234456129,PUBLIC,2,F200W
234380553,JWST,image,jw05893018002_02101_00005_nrcb3,exposure (L2b): 2D calibrated exposure average over integrations,S,mast:JWST/product/jw05893018002_02101_00005_nrcb3_cal.fits,SCIENCE,,CAL,,CALJWST,2.0.0,5893,jw05893018002_02101_00005_nrcb3_cal.fits,117573120,234456129,PUBLIC,2,F200W
234380558,JWST,image,jw05893018003_02101_00005_nrcb1,exposure (L2b): 2D calibrated exposure average over integrations,S,mast:JWST/product/jw05893018003_02101_00005_nrcb1_cal.fits,SCIENCE,,CAL,,CALJWST,2.0.0,5893,jw05893018003_02101_00005_nrcb1_cal.fits,117573120,234456129,PUBLIC,2,F200W
234380565,JWST,image,jw05893018003_02101_00003_nrca1,exposure (L2b): 2D calibrated exposure average over integrations,S,mast:JWST/product/jw05893018003_02101_00003_nrca1_cal.fits,SCIENCE,,CAL,,CALJWST,2.0.0,5893,jw05893018003_02101_00003_nrca1_cal.fits,117570240,234456129,PUBLIC,2,F200W
234380573,JWST,image,jw05893018002_02101_00004_nrca1,exposure (L2b): 2D calibrated exposure average over integrations,S,mast:JWST/product/jw05893018002_02101_00004_nrca1_cal.fits,SCIENCE,,CAL,,CALJWST,2.0.0,5893,jw05893018002_02101_00004_nrca1_cal.fits,117570240,234456129,PUBLIC,2,F200W
234380580,JWST,image,jw05893018003_02101_00004_nrca1,exposure (L2b): 2D calibrated exposure average over integrations,S,mast:JWST/product/jw05893018003_02101_00004_nrca1_cal.fits,SCIENCE,,CAL,,CALJWST,2.0.0,5893,jw05893018003_02101_00004_nrca1_cal.fits,117570240,234456129,PUBLIC,2,F200W
234380606,JWST,image,jw05893018003_02101_00004_nrca2,exposure (L2b): 2D calibrated exposure average over integrations,S,mast:JWST/product/jw05893018003_02101_00004_nrca2_cal.fits,SCIENCE,,CAL,,CALJWST,2.0.0,5893,jw05893018003_02101_00004_nrca2_cal.fits,117570240,234456129,PUBLIC,2,F200W
234380611,JWST,image,jw05893018003_02101_00006_nrca3,exposure (L2b): 2D calibrated exposure average over integrations,S,mast:JWST/product/jw05893018003_02101_00006_nrca3_cal.fits,SCIENCE,,CAL,,CALJWST,2.0.0,5893,jw05893018003_02101_00006_nrca3_cal.fits,117573120,234456129,PUBLIC,2,F200W
234380616,JWST,image,jw05893018002_02101_00005_nrca1,exposure (L2b): 2D calibrated exposure average over integrations,S,mast:JWST/product/jw05893018002_02101_00005_nrca1_cal.fits,SCIENCE,,CAL,,CALJWST,2.0.0,5893,jw05893018002_02101_00005_nrca1_cal.fits,117570240,234456129,PUBLIC,2,F200W
234380629,JWST,image,jw05893018002_02101_00002_nrca1,exposure (L2b): 2D calibrated exposure average over integrations,S,mast:JWST/product/jw05893018002_02101_00002_nrca1_cal.fits,SCIENCE,,CAL,,CALJWST,2.0.0,5893,jw05893018002_02101_00002_nrca1_cal.fits,117570240,234456129,PUBLIC,2,F200W
234380632,JWST,image,jw05893018003_02101_00002_nrcb4,exposure (L2b): 2D calibrated exposure average over integrations,S,mast:JWST/product/jw05893018003_02101_00002_nrcb4_cal.fits,SCIENCE,,CAL,,CALJWST,2.0.0,5893,jw05893018003_02101_00002_nrcb4_cal.fits,117573120,234456129,PUBLIC,2,F200W
234380640,JWST,image,jw05893018003_02101_00006_nrcb4,exposure (L2b): 2D calibrated exposure average over integrations,S,mast:JWST/product/jw05893018003_02101_00006_nrcb4_cal.fits,SCIENCE,,CAL,,CALJWST,2.0.0,5893,jw05893018003_02101_00006_nrcb4_cal.fits,117573120,234456129,PUBLIC,2,F200W
234380648,JWST,image,jw05893018003_02101_00003_nrcb4,exposure (L2b): 2D calibrated exposure average over integrations,S,mast:JWST/product/jw05893018003_02101_00003_nrcb4_cal.fits,SCIENCE,,CAL,,CALJWST,2.0.0,5893,jw05893018003_02101_00003_nrcb4_cal.fits,117573120,234456129,PUBLIC,2,F200W
234380653,JWST,image,jw05893018002_02101_00003_nrca3,exposure (L2b): 2D calibrated exposure average over integrations,S,mast:JWST/product/jw05893018002_02101_00003_nrca3_cal.fits,SCIENCE,,CAL,,CALJWST,2.0.0,5893,jw05893018002_02101_00003_nrca3_cal.fits,117573120,234456129,PUBLIC,2,F200W
234380668,JWST,image,jw05893018002_02101_00003_nrca1,exposure (L2b): 2D calibrated exposure average over integrations,S,mast:JWST/product/jw05893018002_02101_00003_nrca1_cal.fits,SCIENCE,,CAL,,CALJWST,2.0.0,5893,jw05893018002_02101_00003_nrca1_cal.fits,117570240,234456129,PUBLIC,2,F200W
234380675,JWST,image,jw05893018002_02101_00004_nrca2,exposure (L2b): 2D calibrated exposure average over integrations,S,mast:JWST/product/jw05893018002_02101_00004_nrca2_cal.fits,SCIENCE,,CAL,,CALJWST,2.0.0,5893,jw05893018002_02101_00004_nrca2_cal.fits,117570240,234456129,PUBLIC,2,F200W
234380684,JWST,image,jw05893018003_02101_00003_nrcb2,exposure (L2b): 2D calibrated exposure average over integrations,S,mast:JWST/product/jw05893018003_02101_00003_nrcb2_cal.fits,SCIENCE,,CAL,,CALJWST,2.0.0,5893,jw05893018003_02101_00003_nrcb2_cal.fits,117573120,234456129,PUBLIC,2,F200W
234380717,JWST,image,jw05893018002_02101_00001_nrca2,exposure (L2b): 2D calibrated exposure average over integrations,S,mast:JWST/product/jw05893018002_02101_00001_nrca2_cal.fits,SCIENCE,,CAL,,CALJWST,2.0.0,5893,jw05893018002_02101_00001_nrca2_cal.fits,117570240,234456129,PUBLIC,2,F200W
234380726,JWST,image,jw05893018004_02101_00006_nrcb3,exposure (L2b): 2D calibrated exposure average over integrations,S,mast:JWST/product/jw05893018004_02101_00006_nrcb3_cal.fits,SCIENCE,,CAL,,CALJWST,2.0.0,5893,jw05893018004_02101_00006_nrcb3_cal.fits,117573120,234456129,PUBLIC,2,F200W
234380732,JWST,image,jw05893018002_02101_00004_nrcb3,exposure (L2b): 2D calibrated exposure average over integrations,S,mast:JWST/product/jw05893018002_02101_00004_nrcb3_cal.fits,SCIENCE,,CAL,,CALJWST,2.0.0,5893,jw05893018002_02101_00004_nrcb3_cal.fits,117573120,234456129,PUBLIC,2,F200W
234380734,JWST,image,jw05893018004_02101_00005_nrcb4,exposure (L2b): 2D calibrated exposure average over integrations,S,mast:JWST/product/jw05893018004_02101_00005_nrcb4_cal.fits,SCIENCE,,CAL,,CALJWST,2.0.0,5893,jw05893018004_02101_00005_nrcb4_cal.fits,117573120,234456129,PUBLIC,2,F200W
234380747,JWST,image,jw05893018002_02101_00004_nrca3,exposure (L2b): 2D calibrated exposure average over integrations,S,mast:JWST/product/jw05893018002_02101_00004_nrca3_cal.fits,SCIENCE,,CAL,,CALJWST,2.0.0,5893,jw05893018002_02101_00004_nrca3_cal.fits,117573120,234456129,PUBLIC,2,F200W
234380762,JWST,image,jw05893018003_02101_00005_nrca4,exposure (L2b): 2D calibrated exposure average over integrations,S,mast:JWST/product/jw05893018003_02101_00005_nrca4_cal.fits,SCIENCE,,CAL,,CALJWST,2.0.0,5893,jw05893018003_02101_00005_nrca4_cal.fits,117573120,234456129,PUBLIC,2,F200W
234380789,JWST,image,jw05893018003_02101_00001_nrcb4,exposure (L2b): 2D calibrated exposure average over integrations,S,mast:JWST/product/jw05893018003_02101_00001_nrcb4_cal.fits,SCIENCE,,CAL,,CALJWST,2.0.0,5893,jw05893018003_02101_00001_nrcb4_cal.fits,117573120,234456129,PUBLIC,2,F200W
234380800,JWST,image,jw05893018002_02101_00001_nrcb4,exposure (L2b): 2D calibrated exposure average over integrations,S,mast:JWST/product/jw05893018002_02101_00001_nrcb4_cal.fits,SCIENCE,,CAL,,CALJWST,2.0.0,5893,jw05893018002_02101_00001_nrcb4_cal.fits,117573120,234456129,PUBLIC,2,F200W
234380813,JWST,image,jw05893018004_02101_00005_nrca1,exposure (L2b): 2D calibrated exposure average over integrations,S,mast:JWST/product/jw05893018004_02101_00005_nrca1_cal.fits,SCIENCE,,CAL,,CALJWST,2.0.0,5893,jw05893018004_02101_00005_nrca1_cal.fits,117570240,234456129,PUBLIC,2,F200W
234380816,JWST,image,jw05893018003_02101_00004_nrcb4,exposure (L2b): 2D calibrated exposure average over integrations,S,mast:JWST/product/jw05893018003_02101_00004_nrcb4_cal.fits,SCIENCE,,CAL,,CALJWST,2.0.0,5893,jw05893018003_02101_00004_nrcb4_cal.fits,117573120,234456129,PUBLIC,2,F200W
234380822,JWST,image,jw05893018004_02101_00006_nrcb4,exposure (L2b): 2D calibrated exposure average over integrations,S,mast:JWST/product/jw05893018004_02101_00006_nrcb4_cal.fits,SCIENCE,,CAL,,CALJWST,2.0.0,5893,jw05893018004_02101_00006_nrcb4_cal.fits,117573120,234456129,PUBLIC,2,F200W
234380825,JWST,image,jw05893018003_02101_00005_nrca3,exposure (L2b): 2D calibrated exposure average over integrations,S,mast:JWST/product/jw05893018003_02101_00005_nrca3_cal.fits,SCIENCE,,CAL,,CALJWST,2.0.0,5893,jw05893018003_02101_00005_nrca3_cal.fits,117573120,234456129,PUBLIC,2,F200W
234380831,JWST,image,jw05893018003_02101_00006_nrca1,exposure (L2b): 2D calibrated exposure average over integrations,S,mast:JWST/product/jw05893018003_02101_00006_nrca1_cal.fits,SCIENCE,,CAL,,CALJWST,2.0.0,5893,jw05893018003_02101_00006_nrca1_cal.fits,117570240,234456129,PUBLIC,2,F200W
234380836,JWST,image,jw05893018004_02101_00005_nrcb1,exposure (L2b): 2D calibrated exposure average over integrations,S,mast:JWST/product/jw05893018004_02101_00005_nrcb1_cal.fits,SCIENCE,,CAL,,CALJWST,2.0.0,5893,jw05893018004_02101_00005_nrcb1_cal.fits,117573120,234456129,PUBLIC,2,F200W
234380852,JWST,image,jw05893018004_02101_00005_nrcb2,exposure (L2b): 2D calibrated exposure average over integrations,S,mast:JWST/product/jw05893018004_02101_00005_nrcb2_cal.fits,SCIENCE,,CAL,,CALJWST,2.0.0,5893,jw05893018004_02101_00005_nrcb2_cal.fits,117573120,234456129,PUBLIC,2,F200W
234380868,JWST,image,jw05893018004_02101_00004_nrcb4,exposure (L2b): 2D calibrated exposure average over integrations,S,mast:JWST/product/jw05893018004_02101_00004_nrcb4_cal.fits,SCIENCE,,CAL,,CALJWST,2.0.0,5893,jw05893018004_02101_00004_nrcb4_cal.fits,117573120,234456129,PUBLIC,2,F200W
234380875,JWST,image,jw05893018002_02101_00003_nrca2,exposure (L2b): 2D calibrated exposure average over integrations,S,mast:JWST/product/jw05893018002_02101_00003_nrca2_cal.fits,SCIENCE,,CAL,,CALJWST,2.0.0,5893,jw05893018002_02101_00003_nrca2_cal.fits,117570240,234456129,PUBLIC,2,F200W
234380878,JWST,image,jw05893018003_02101_00002_nrca2,exposure (L2b): 2D calibrated exposure average over integrations,S,mast:JWST/product/jw05893018003_02101_00002_nrca2_cal.fits,SCIENCE,,CAL,,CALJWST,2.0.0,5893,jw05893018003_02101_00002_nrca2_cal.fits,117570240,234456129,PUBLIC,2,F200W
234380885,JWST,image,jw05893018003_02101_00001_nrcb3,exposure (L2b): 2D calibrated exposure average over integrations,S,mast:JWST/product/jw05893018003_02101_00001_nrcb3_cal.fits,SCIENCE,,CAL,,CALJWST,2.0.0,5893,jw05893018003_02101_00001_nrcb3_cal.fits,117573120,234456129,PUBLIC,2,F200W
234380899,JWST,image,jw05893018003_02101_00003_nrcb3,exposure (L2b): 2D calibrated exposure average over integrations,S,mast:JWST/product/jw05893018003_02101_00003_nrcb3_cal.fits,SCIENCE,,CAL,,CALJWST,2.0.0,5893,jw05893018003_02101_00003_nrcb3_cal.fits,117573120,234456129,PUBLIC,2,F200W
234380911,JWST,image,jw05893018003_02101_00006_nrca4,exposure (L2b): 2D calibrated exposure average over integrations,S,mast:JWST/product/jw05893018003_02101_00006_nrca4_cal.fits,SCIENCE,,CAL,,CALJWST,2.0.0,5893,jw05893018003_02101_00006_nrca4_cal.fits,117573120,234456129,PUBLIC,2,F200W
234380915,JWST,image,jw05893018002_02101_00002_nrca2,exposure (L2b): 2D calibrated exposure average over integrations,S,mast:JWST/product/jw05893018002_02101_00002_nrca2_cal.fits,SCIENCE,,CAL,,CALJWST,2.0.0,5893,jw05893018002_02101_00002_nrca2_cal.fits,117570240,234456129,PUBLIC,2,F200W
234380923,JWST,image,jw05893018004_02101_00006_nrca2,exposure (L2b): 2D calibrated exposure average over integrations,S,mast:JWST/product/jw05893018004_02101_00006_nrca2_cal.fits,SCIENCE,,CAL,,CALJWST,2.0.0,5893,jw05893018004_02101_00006_nrca2_cal.fits,117570240,234456129,PUBLIC,2,F200W
234380928,JWST,image,jw05893018002_02101_00003_nrcb3,exposure (L2b): 2D calibrated exposure average over integrations,S,mast:JWST/product/jw05893018002_02101_00003_nrcb3_cal.fits,SCIENCE,,CAL,,CALJWST,2.0.0,5893,jw05893018002_02101_00003_nrcb3_cal.fits,117573120,234456129,PUBLIC,2,F200W
234380930,JWST,image,jw05893018004_02101_00005_nrca3,exposure (L2b): 2D calibrated exposure average over integrations,S,mast:JWST/product/jw05893018004_02101_00005_nrca3_cal.fits,SCIENCE,,CAL,,CALJWST,2.0.0,5893,jw05893018004_02101_00005_nrca3_cal.fits,117573120,234456129,PUBLIC,2,F200W
234380940,JWST,image,jw05893018003_02101_00005_nrcb3,exposure (L2b): 2D calibrated exposure average over integrations,S,mast:JWST/product/jw05893018003_02101_00005_nrcb3_cal.fits,SCIENCE,,CAL,,CALJWST,2.0.0,5893,jw05893018003_02101_00005_nrcb3_cal.fits,117573120,234456129,PUBLIC,2,F200W
234380947,JWST,image,jw05893018002_02101_00006_nrcb3,exposure (L2b): 2D calibrated exposure average over integrations,S,mast:JWST/product/jw05893018002_02101_00006_nrcb3_cal.fits,SCIENCE,,CAL,,CALJWST,2.0.0,5893,jw05893018002_02101_00006_nrcb3_cal.fits,117573120,234456129,PUBLIC,2,F200W
234380955,JWST,image,jw05893018003_02101_00005_nrcb4,exposure (L2b): 2D calibrated exposure average over integrations,S,mast:JWST/product/jw05893018003_02101_00005_nrcb4_cal.fits,SCIENCE,,CAL,,CALJWST,2.0.0,5893,jw05893018003_02101_00005_nrcb4_cal.fits,117573120,234456129,PUBLIC,2,F200W
234380969,JWST,image,jw05893018003_02101_00003_nrca2,exposure (L2b): 2D calibrated exposure average over integrations,S,mast:JWST/product/jw05893018003_02101_00003_nrca2_cal.fits,SCIENCE,,CAL,,CALJWST,2.0.0,5893,jw05893018003_02101_00003_nrca2_cal.fits,117570240,234456129,PUBLIC,2,F200W
234380972,JWST,image,jw05893018002_02101_00002_nrcb4,exposure (L2b): 2D calibrated exposure average over integrations,S,mast:JWST/product/jw05893018002_02101_00002_nrcb4_cal.fits,SCIENCE,,CAL,,CALJWST,2.0.0,5893,jw05893018002_02101_00002_nrcb4_cal.fits,117573120,234456129,PUBLIC,2,F200W
234380977,JWST,image,jw05893018003_02101_00002_nrcb3,exposure (L2b): 2D calibrated exposure average over integrations,S,mast:JWST/product/jw05893018003_02101_00002_nrcb3_cal.fits,SCIENCE,,CAL,,CALJWST,2.0.0,5893,jw05893018003_02101_00002_nrcb3_cal.fits,117573120,234456129,PUBLIC,2,F200W
234380981,JWST,image,jw05893018002_02101_00006_nrca1,exposure (L2b): 2D calibrated exposure average over integrations,S,mast:JWST/product/jw05893018002_02101_00006_nrca1_cal.fits,SCIENCE,,CAL,,CALJWST,2.0.0,5893,jw05893018002_02101_00006_nrca1_cal.fits,117570240,234456129,PUBLIC,2,F200W
234380990,JWST,image,jw05893018003_02101_00006_nrca2,exposure (L2b): 2D calibrated exposure average over integrations,S,mast:JWST/product/jw05893018003_02101_00006_nrca2_cal.fits,SCIENCE,,CAL,,CALJWST,2.0.0,5893,jw05893018003_02101_00006_nrca2_cal.fits,117570240,234456129,PUBLIC,2,F200W
234380993,JWST,image,jw05893018004_02101_00006_nrcb2,exposure (L2b): 2D calibrated exposure average over integrations,S,mast:JWST/product/jw05893018004_02101_00006_nrcb2_cal.fits,SCIENCE,,CAL,,CALJWST,2.0.0,5893,jw05893018004_02101_00006_nrcb2_cal.fits,117573120,234456129,PUBLIC,2,F200W
234380998,JWST,image,jw05893018003_02101_00006_nrcb2,exposure (L2b): 2D calibrated exposure average over integrations,S,mast:JWST/product/jw05893018003_02101_00006_nrcb2_cal.fits,SCIENCE,,CAL,,CALJWST,2.0.0,5893,jw05893018003_02101_00006_nrcb2_cal.fits,117573120,234456129,PUBLIC,2,F200W
234381005,JWST,image,jw05893018003_02101_00001_nrcb2,exposure (L2b): 2D calibrated exposure average over integrations,S,mast:JWST/product/jw05893018003_02101_00001_nrcb2_cal.fits,SCIENCE,,CAL,,CALJWST,2.0.0,5893,jw05893018003_02101_00001_nrcb2_cal.fits,117573120,234456129,PUBLIC,2,F200W
234381011,JWST,image,jw05893018002_02101_00005_nrcb4,exposure (L2b): 2D calibrated exposure average over integrations,S,mast:JWST/product/jw05893018002_02101_00005_nrcb4_cal.fits,SCIENCE,,CAL,,CALJWST,2.0.0,5893,jw05893018002_02101_00005_nrcb4_cal.fits,117573120,234456129,PUBLIC,2,F200W
234381015,JWST,image,jw05893018004_02101_00006_nrca4,exposure (L2b): 2D calibrated exposure average over integrations,S,mast:JWST/product/jw05893018004_02101_00006_nrca4_cal.fits,SCIENCE,,CAL,,CALJWST,2.0.0,5893,jw05893018004_02101_00006_nrca4_cal.fits,117573120,234456129,PUBLIC,2,F200W
234381022,JWST,image,jw05893018002_02101_00001_nrcb3,exposure (L2b): 2D calibrated exposure average over integrations,S,mast:JWST/product/jw05893018002_02101_00001_nrcb3_cal.fits,SCIENCE,,CAL,,CALJWST,2.0.0,5893,jw05893018002_02101_00001_nrcb3_cal.fits,117573120,234456129,PUBLIC,2,F200W
234381040,JWST,image,jw05893018002_02101_00006_nrcb4,exposure (L2b): 2D calibrated exposure average over integrations,S,mast:JWST/product/jw05893018002_02101_00006_nrcb4_cal.fits,SCIENCE,,CAL,,CALJWST,2.0.0,5893,jw05893018002_02101_00006_nrcb4_cal.fits,117573120,234456129,PUBLIC,2,F200W
234381042,JWST,image,jw05893018003_02101_00001_nrca2,exposure (L2b): 2D calibrated exposure average over integrations,S,mast:JWST/product/jw05893018003_02101_00001_nrca2_cal.fits,SCIENCE,,CAL,,CALJWST,2.0.0,5893,jw05893018003_02101_00001_nrca2_cal.fits,117570240,234456129,PUBLIC,2,F200W
234381047,JWST,image,jw05893018004_02101_00005_nrcb3,exposure (L2b): 2D calibrated exposure average over integrations,S,mast:JWST/product/jw05893018004_02101_00005_nrcb3_cal.fits,SCIENCE,,CAL,,CALJWST,2.0.0,5893,jw05893018004_02101_00005_nrcb3_cal.fits,117573120,234456129,PUBLIC,2,F200W
234381059,JWST,image,jw05893018003_02101_00006_nrcb3,exposure (L2b): 2D calibrated exposure average over integrations,S,mast:JWST/product/jw05893018003_02101_00006_nrcb3_cal.fits,SCIENCE,,CAL,,CALJWST,2.0.0,5893,jw05893018003_02101_00006_nrcb3_cal.fits,117573120,234456129,PUBLIC,2,F200W
234381091,JWST,image,jw05893018002_02101_00001_nrca1,exposure (L2b): 2D calibrated exposure average over integrations,S,mast:JWST/product/jw05893018002_02101_00001_nrca1_cal.fits,SCIENCE,,CAL,,CALJWST,2.0.0,5893,jw05893018002_02101_00001_nrca1_cal.fits,117570240,234456129,PUBLIC,2,F200W
234381113,JWST,image,jw05893018004_02101_00004_nrcb1,exposure (L2b): 2D calibrated exposure average over integrations,S,mast:JWST/product/jw05893018004_02101_00004_nrcb1_cal.fits,SCIENCE,,CAL,,CALJWST,2.0.0,5893,jw05893018004_02101_00004_nrcb1_cal.fits,117573120,234456129,PUBLIC,2,F200W
234381119,JWST,image,jw05893018002_02101_00002_nrcb3,exposure (L2b): 2D calibrated exposure average over integrations,S,mast:JWST/product/jw05893018002_02101_00002_nrcb3_cal.fits,SCIENCE,,CAL,,CALJWST,2.0.0,5893,jw05893018002_02101_00002_nrcb3_cal.fits,117573120,234456129,PUBLIC,2,F200W
234381126,JWST,image,jw05893018002_02101_00003_nrcb4,exposure (L2b): 2D calibrated exposure average over integrations,S,mast:JWST/product/jw05893018002_02101_00003_nrcb4_cal.fits,SCIENCE,,CAL,,CALJWST,2.0.0,5893,jw05893018002_02101_00003_nrcb4_cal.fits,117573120,234456129,PUBLIC,2,F200W
234381177,JWST,image,jw05893018004_02101_00005_nrca4,exposure (L2b): 2D calibrated exposure average over integrations,S,mast:JWST/product/jw05893018004_02101_00005_nrca4_cal.fits,SCIENCE,,CAL,,CALJWST,2.0.0,5893,jw05893018004_02101_00005_nrca4_cal.fits,117573120,234456129,PUBLIC,2,F200W
234381183,JWST,image,jw05893018004_02101_00006_nrca3,exposure (L2b): 2D calibrated exposure average over integrations,S,mast:JWST/product/jw05893018004_02101_00006_nrca3_cal.fits,SCIENCE,,CAL,,CALJWST,2.0.0,5893,jw05893018004_02101_00006_nrca3_cal.fits,117573120,234456129,PUBLIC,2,F200W
234381243,JWST,image,jw05893018004_02101_00005_nrca2,exposure (L2b): 2D calibrated exposure average over integrations,S,mast:JWST/product/jw05893018004_02101_00005_nrca2_cal.fits,SCIENCE,,CAL,,CALJWST,2.0.0,5893,jw05893018004_02101_00005_nrca2_cal.fits,117570240,234456129,PUBLIC,2,F200W
234381256,JWST,image,jw05893018004_02101_00004_nrcb2,exposure (L2b): 2D calibrated exposure average over integrations,S,mast:JWST/product/jw05893018004_02101_00004_nrcb2_cal.fits,SCIENCE,,CAL,,CALJWST,2.0.0,5893,jw05893018004_02101_00004_nrcb2_cal.fits,117573120,234456129,PUBLIC,2,F200W
234381262,JWST,image,jw05893018004_02101_00006_nrcb1,exposure (L2b): 2D calibrated exposure average over integrations,S,mast:JWST/product/jw05893018004_02101_00006_nrcb1_cal.fits,SCIENCE,,CAL,,CALJWST,2.0.0,5893,jw05893018004_02101_00006_nrcb1_cal.fits,117573120,234456129,PUBLIC,2,F200W
234385761,JWST,image,jw05893018001_02101_00003_nrca2,exposure (L2b): 2D calibrated exposure average over integrations,S,mast:JWST/product/jw05893018001_02101_00003_nrca2_cal.fits,SCIENCE,,CAL,,CALJWST,2.0.0,5893,jw05893018001_02101_00003_nrca2_cal.fits,117570240,234456129,PUBLIC,2,F200W
234385774,JWST,image,jw05893018001_02101_00004_nrcb4,exposure (L2b): 2D calibrated exposure average over integrations,S,mast:JWST/product/jw05893018001_02101_00004_nrcb4_cal.fits,SCIENCE,,CAL,,CALJWST,2.0.0,5893,jw05893018001_02101_00004_nrcb4_cal.fits,117573120,234456129,PUBLIC,2,F200W
234385781,JWST,image,jw05893018001_02101_00005_nrcb3,exposure (L2b): 2D calibrated exposure average over integrations,S,mast:JWST/product/jw05893018001_02101_00005_nrcb3_cal.fits,SCIENCE,,CAL,,CALJWST,2.0.0,5893,jw05893018001_02101_00005_nrcb3_cal.fits,117573120,234456129,PUBLIC,2,F200W
234385795,JWST,image,jw05893018001_02101_00003_nrcb4,exposure (L2b): 2D calibrated exposure average over integrations,S,mast:JWST/product/jw05893018001_02101_00003_nrcb4_cal.fits,SCIENCE,,CAL,,CALJWST,2.0.0,5893,jw05893018001_02101_00003_nrcb4_cal.fits,117573120,234456129,PUBLIC,2,F200W
234385799,JWST,image,jw05893018001_02101_00001_nrca2,exposure (L2b): 2D calibrated exposure average over integrations,S,mast:JWST/product/jw05893018001_02101_00001_nrca2_cal.fits,SCIENCE,,CAL,,CALJWST,2.0.0,5893,jw05893018001_02101_00001_nrca2_cal.fits,117570240,234456129,PUBLIC,2,F200W
234385809,JWST,image,jw05893018001_02101_00002_nrca1,exposure (L2b): 2D calibrated exposure average over integrations,S,mast:JWST/product/jw05893018001_02101_00002_nrca1_cal.fits,SCIENCE,,CAL,,CALJWST,2.0.0,5893,jw05893018001_02101_00002_nrca1_cal.fits,117570240,234456129,PUBLIC,2,F200W
234385813,JWST,image,jw05893018001_02101_00005_nrcb4,exposure (L2b): 2D calibrated exposure average over integrations,S,mast:JWST/product/jw05893018001_02101_00005_nrcb4_cal.fits,SCIENCE,,CAL,,CALJWST,2.0.0,5893,jw05893018001_02101_00005_nrcb4_cal.fits,117573120,234456129,PUBLIC,2,F200W
234385819,JWST,image,jw05893018001_02101_00006_nrca4,exposure (L2b): 2D calibrated exposure average over integrations,S,mast:JWST/product/jw05893018001_02101_00006_nrca4_cal.fits,SCIENCE,,CAL,,CALJWST,2.0.0,5893,jw05893018001_02101_00006_nrca4_cal.fits,117573120,234456129,PUBLIC,2,F200W
234385827,JWST,image,jw05893018001_02101_00002_nrcb4,exposure (L2b): 2D calibrated exposure average over integrations,S,mast:JWST/product/jw05893018001_02101_00002_nrcb4_cal.fits,SCIENCE,,CAL,,CALJWST,2.0.0,5893,jw05893018001_02101_00002_nrcb4_cal.fits,117573120,234456129,PUBLIC,2,F200W
234385837,JWST,image,jw05893018001_02101_00004_nrcb3,exposure (L2b): 2D calibrated exposure average over integrations,S,mast:JWST/product/jw05893018001_02101_00004_nrcb3_cal.fits,SCIENCE,,CAL,,CALJWST,2.0.0,5893,jw05893018001_02101_00004_nrcb3_cal.fits,117573120,234456129,PUBLIC,2,F200W
234385841,JWST,image,jw05893018001_02101_00006_nrcb2,exposure (L2b): 2D calibrated exposure average over integrations,S,mast:JWST/product/jw05893018001_02101_00006_nrcb2_cal.fits,SCIENCE,,CAL,,CALJWST,2.0.0,5893,jw05893018001_02101_00006_nrcb2_cal.fits,117573120,234456129,PUBLIC,2,F200W
234385853,JWST,image,jw05893018001_02101_00003_nrcb1,exposure (L2b): 2D calibrated exposure average over integrations,S,mast:JWST/product/jw05893018001_02101_00003_nrcb1_cal.fits,SCIENCE,,CAL,,CALJWST,2.0.0,5893,jw05893018001_02101_00003_nrcb1_cal.fits,117573120,234456129,PUBLIC,2,F200W
234385858,JWST,image,jw05893018001_02101_00005_nrca3,exposure (L2b): 2D calibrated exposure average over integrations,S,mast:JWST/product/jw05893018001_02101_00005_nrca3_cal.fits,SCIENCE,,CAL,,CALJWST,2.0.0,5893,jw05893018001_02101_00005_nrca3_cal.fits,117573120,234456129,PUBLIC,2,F200W
234385865,JWST,image,jw05893018001_02101_00005_nrcb1,exposure (L2b): 2D calibrated exposure average over integrations,S,mast:JWST/product/jw05893018001_02101_00005_nrcb1_cal.fits,SCIENCE,,CAL,,CALJWST,2.0.0,5893,jw05893018001_02101_00005_nrcb1_cal.fits,117573120,234456129,PUBLIC,2,F200W
234385879,JWST,image,jw05893018001_02101_00002_nrca4,exposure (L2b): 2D calibrated exposure average over integrations,S,mast:JWST/product/jw05893018001_02101_00002_nrca4_cal.fits,SCIENCE,,CAL,,CALJWST,2.0.0,5893,jw05893018001_02101_00002_nrca4_cal.fits,117573120,234456129,PUBLIC,2,F200W
234385896,JWST,image,jw05893018001_02101_00006_nrca3,exposure (L2b): 2D calibrated exposure average over integrations,S,mast:JWST/product/jw05893018001_02101_00006_nrca3_cal.fits,SCIENCE,,CAL,,CALJWST,2.0.0,5893,jw05893018001_02101_00006_nrca3_cal.fits,117573120,234456129,PUBLIC,2,F200W
234385900,JWST,image,jw05893018001_02101_00006_nrca1,exposure (L2b): 2D calibrated exposure average over integrations,S,mast:JWST/product/jw05893018001_02101_00006_nrca1_cal.fits,SCIENCE,,CAL,,CALJWST,2.0.0,5893,jw05893018001_02101_00006_nrca1_cal.fits,117570240,234456129,PUBLIC,2,F200W
234385926,JWST,image,jw05893018001_02101_00006_nrcb1,exposure (L2b): 2D calibrated exposure average over integrations,S,mast:JWST/product/jw05893018001_02101_00006_nrcb1_cal.fits,SCIENCE,,CAL,,CALJWST,2.0.0,5893,jw05893018001_02101_00006_nrcb1_cal.fits,117573120,234456129,PUBLIC,2,F200W
234385943,JWST,image,jw05893018001_02101_00003_nrca1,exposure (L2b): 2D calibrated exposure average over integrations,S,mast:JWST/product/jw05893018001_02101_00003_nrca1_cal.fits,SCIENCE,,CAL,,CALJWST,2.0.0,5893,jw05893018001_02101_00003_nrca1_cal.fits,117570240,234456129,PUBLIC,2,F200W
234385948,JWST,image,jw05893018001_02101_00002_nrca3,exposure (L2b): 2D calibrated exposure average over integrations,S,mast:JWST/product/jw05893018001_02101_00002_nrca3_cal.fits,SCIENCE,,CAL,,CALJWST,2.0.0,5893,jw05893018001_02101_00002_nrca3_cal.fits,117573120,234456129,PUBLIC,2,F200W
234385964,JWST,image,jw05893018001_02101_00003_nrca4,exposure (L2b): 2D calibrated exposure average over integrations,S,mast:JWST/product/jw05893018001_02101_00003_nrca4_cal.fits,SCIENCE,,CAL,,CALJWST,2.0.0,5893,jw05893018001_02101_00003_nrca4_cal.fits,117573120,234456129,PUBLIC,2,F200W
234385975,JWST,image,jw05893018001_02101_00004_nrca3,exposure (L2b): 2D calibrated exposure average over integrations,S,mast:JWST/product/jw05893018001_02101_00004_nrca3_cal.fits,SCIENCE,,CAL,,CALJWST,2.0.0,5893,jw05893018001_02101_00004_nrca3_cal.fits,117573120,234456129,PUBLIC,2,F200W
234385990,JWST,image,jw05893018001_02101_00001_nrcb1,exposure (L2b): 2D calibrated exposure average over integrations,S,mast:JWST/product/jw05893018001_02101_00001_nrcb1_cal.fits,SCIENCE,,CAL,,CALJWST,2.0.0,5893,jw05893018001_02101_00001_nrcb1_cal.fits,117573120,234456129,PUBLIC,2,F200W
234385995,JWST,image,jw05893018001_02101_00001_nrcb3,exposure (L2b): 2D calibrated exposure average over integrations,S,mast:JWST/product/jw05893018001_02101_00001_nrcb3_cal.fits,SCIENCE,,CAL,,CALJWST,2.0.0,5893,jw05893018001_02101_00001_nrcb3_cal.fits,117573120,234456129,PUBLIC,2,F200W
234386003,JWST,image,jw05893018001_02101_00004_nrca2,exposure (L2b): 2D calibrated exposure average over integrations,S,mast:JWST/product/jw05893018001_02101_00004_nrca2_cal.fits,SCIENCE,,CAL,,CALJWST,2.0.0,5893,jw05893018001_02101_00004_nrca2_cal.fits,117570240,234456129,PUBLIC,2,F200W
234386016,JWST,image,jw05893018001_02101_00001_nrca1,exposure (L2b): 2D calibrated exposure average over integrations,S,mast:JWST/product/jw05893018001_02101_00001_nrca1_cal.fits,SCIENCE,,CAL,,CALJWST,2.0.0,5893,jw05893018001_02101_00001_nrca1_cal.fits,117570240,234456129,PUBLIC,2,F200W
234386020,JWST,image,jw05893018001_02101_00002_nrca2,exposure (L2b): 2D calibrated exposure average over integrations,S,mast:JWST/product/jw05893018001_02101_00002_nrca2_cal.fits,SCIENCE,,CAL,,CALJWST,2.0.0,5893,jw05893018001_02101_00002_nrca2_cal.fits,117570240,234456129,PUBLIC,2,F200W
234386025,JWST,image,jw05893018001_02101_00006_nrca2,exposure (L2b): 2D calibrated exposure average over integrations,S,mast:JWST/product/jw05893018001_02101_00006_nrca2_cal.fits,SCIENCE,,CAL,,CALJWST,2.0.0,5893,jw05893018001_02101_00006_nrca2_cal.fits,117570240,234456129,PUBLIC,2,F200W
234386030,JWST,image,jw05893018001_02101_00005_nrcb2,exposure (L2b): 2D calibrated exposure average over integrations,S,mast:JWST/product/jw05893018001_02101_00005_nrcb2_cal.fits,SCIENCE,,CAL,,CALJWST,2.0.0,5893,jw05893018001_02101_00005_nrcb2_cal.fits,117573120,234456129,PUBLIC,2,F200W
234386041,JWST,image,jw05893018001_02101_00003_nrcb3,exposure (L2b): 2D calibrated exposure average over integrations,S,mast:JWST/product/jw05893018001_02101_00003_nrcb3_cal.fits,SCIENCE,,CAL,,CALJWST,2.0.0,5893,jw05893018001_02101_00003_nrcb3_cal.fits,117573120,234456129,PUBLIC,2,F200W
234386045,JWST,image,jw05893018001_02101_00001_nrcb4,exposure (L2b): 2D calibrated exposure average over integrations,S,mast:JWST/product/jw05893018001_02101_00001_nrcb4_cal.fits,SCIENCE,,CAL,,CALJWST,2.0.0,5893,jw05893018001_02101_00001_nrcb4_cal.fits,117573120,234456129,PUBLIC,2,F200W
234386050,JWST,image,jw05893018001_02101_00006_nrcb4,exposure (L2b): 2D calibrated exposure average over integrations,S,mast:JWST/product/jw05893018001_02101_00006_nrcb4_cal.fits,SCIENCE,,CAL,,CALJWST,2.0.0,5893,jw05893018001_02101_00006_nrcb4_cal.fits,117573120,234456129,PUBLIC,2,F200W
234386078,JWST,image,jw05893018001_02101_00002_nrcb2,exposure (L2b): 2D calibrated exposure average over integrations,S,mast:JWST/product/jw05893018001_02101_00002_nrcb2_cal.fits,SCIENCE,,CAL,,CALJWST,2.0.0,5893,jw05893018001_02101_00002_nrcb2_cal.fits,117573120,234456129,PUBLIC,2,F200W
234386083,JWST,image,jw05893018001_02101_00002_nrcb3,exposure (L2b): 2D calibrated exposure average over integrations,S,mast:JWST/product/jw05893018001_02101_00002_nrcb3_cal.fits,SCIENCE,,CAL,,CALJWST,2.0.0,5893,jw05893018001_02101_00002_nrcb3_cal.fits,117573120,234456129,PUBLIC,2,F200W
234386087,JWST,image,jw05893018001_02101_00001_nrca4,exposure (L2b): 2D calibrated exposure average over integrations,S,mast:JWST/product/jw05893018001_02101_00001_nrca4_cal.fits,SCIENCE,,CAL,,CALJWST,2.0.0,5893,jw05893018001_02101_00001_nrca4_cal.fits,117573120,234456129,PUBLIC,2,F200W
234386092,JWST,image,jw05893018001_02101_00004_nrca4,exposure (L2b): 2D calibrated exposure average over integrations,S,mast:JWST/product/jw05893018001_02101_00004_nrca4_cal.fits,SCIENCE,,CAL,,CALJWST,2.0.0,5893,jw05893018001_02101_00004_nrca4_cal.fits,117573120,234456129,PUBLIC,2,F200W
234386096,JWST,image,jw05893018001_02101_00005_nrca2,exposure (L2b): 2D calibrated exposure average over integrations,S,mast:JWST/product/jw05893018001_02101_00005_nrca2_cal.fits,SCIENCE,,CAL,,CALJWST,2.0.0,5893,jw05893018001_02101_00005_nrca2_cal.fits,117570240,234456129,PUBLIC,2,F200W
234386099,JWST,image,jw05893018001_02101_00004_nrca1,exposure (L2b): 2D calibrated exposure average over integrations,S,mast:JWST/product/jw05893018001_02101_00004_nrca1_cal.fits,SCIENCE,,CAL,,CALJWST,2.0.0,5893,jw05893018001_02101_00004_nrca1_cal.fits,117570240,234456129,PUBLIC,2,F200W
234386116,JWST,image,jw05893018001_02101_00004_nrcb2,exposure (L2b): 2D calibrated exposure average over integrations,S,mast:JWST/product/jw05893018001_02101_00004_nrcb2_cal.fits,SCIENCE,,CAL,,CALJWST,2.0.0,5893,jw05893018001_02101_00004_nrcb2_cal.fits,117573120,234456129,PUBLIC,2,F200W
234386121,JWST,image,jw05893018001_02101_00004_nrcb1,exposure (L2b): 2D calibrated exposure average over integrations,S,mast:JWST/product/jw05893018001_02101_00004_nrcb1_cal.fits,SCIENCE,,CAL,,CALJWST,2.0.0,5893,jw05893018001_02101_00004_nrcb1_cal.fits,117573120,234456129,PUBLIC,2,F200W
234386125,JWST,image,jw05893018001_02101_00005_nrca4,exposure (L2b): 2D calibrated exposure average over integrations,S,mast:JWST/product/jw05893018001_02101_00005_nrca4_cal.fits,SCIENCE,,CAL,,CALJWST,2.0.0,5893,jw05893018001_02101_00005_nrca4_cal.fits,117573120,234456129,PUBLIC,2,F200W
234386133,JWST,image,jw05893018001_02101_00003_nrcb2,exposure (L2b): 2D calibrated exposure average over integrations,S,mast:JWST/product/jw05893018001_02101_00003_nrcb2_cal.fits,SCIENCE,,CAL,,CALJWST,2.0.0,5893,jw05893018001_02101_00003_nrcb2_cal.fits,117573120,234456129,PUBLIC,2,F200W
234386137,JWST,image,jw05893018001_02101_00003_nrca3,exposure (L2b): 2D calibrated exposure average over integrations,S,mast:JWST/product/jw05893018001_02101_00003_nrca3_cal.fits,SCIENCE,,CAL,,CALJWST,2.0.0,5893,jw05893018001_02101_00003_nrca3_cal.fits,117573120,234456129,PUBLIC,2,F200W
234386140,JWST,image,jw05893018001_02101_00006_nrcb3,exposure (L2b): 2D calibrated exposure average over integrations,S,mast:JWST/product/jw05893018001_02101_00006_nrcb3_cal.fits,SCIENCE,,CAL,,CALJWST,2.0.0,5893,jw05893018001_02101_00006_nrcb3_cal.fits,117573120,234456129,PUBLIC,2,F200W
234386152,JWST,image,jw05893018001_02101_00001_nrcb2,exposure (L2b): 2D calibrated exposure average over integrations,S,mast:JWST/product/jw05893018001_02101_00001_nrcb2_cal.fits,SCIENCE,,CAL,,CALJWST,2.0.0,5893,jw05893018001_02101_00001_nrcb2_cal.fits,117573120,234456129,PUBLIC,2,F200W
234386157,JWST,image,jw05893018001_02101_00002_nrcb1,exposure (L2b): 2D calibrated exposure average over integrations,S,mast:JWST/product/jw05893018001_02101_00002_nrcb1_cal.fits,SCIENCE,,CAL,,CALJWST,2.0.0,5893,jw05893018001_02101_00002_nrcb1_cal.fits,117573120,234456129,PUBLIC,2,F200W
234386162,JWST,image,jw05893018001_02101_00001_nrca3,exposure (L2b): 2D calibrated exposure average over integrations,S,mast:JWST/product/jw05893018001_02101_00001_nrca3_cal.fits,SCIENCE,,CAL,,CALJWST,2.0.0,5893,jw05893018001_02101_00001_nrca3_cal.fits,117573120,234456129,PUBLIC,2,F200W
234386174,JWST,image,jw05893018001_02101_00005_nrca1,exposure (L2b): 2D calibrated exposure average over integrations,S,mast:JWST/product/jw05893018001_02101_00005_nrca1_cal.fits,SCIENCE,,CAL,,CALJWST,2.0.0,5893,jw05893018001_02101_00005_nrca1_cal.fits,117570240,234456129,PUBLIC,2,F200W
234400927,JWST,image,jw05893018007_02101_00005_nrcb3,exposure (L2b): 2D calibrated exposure average over integrations,S,mast:JWST/product/jw05893018007_02101_00005_nrcb3_cal.fits,SCIENCE,,CAL,,CALJWST,2.0.0,5893,jw05893018007_02101_00005_nrcb3_cal.fits,117573120,234456129,PUBLIC,2,F200W
234400935,JWST,image,jw05893018007_02101_00005_nrca1,exposure (L2b): 2D calibrated exposure average over integrations,S,mast:JWST/product/jw05893018007_02101_00005_nrca1_cal.fits,SCIENCE,,CAL,,CALJWST,2.0.0,5893,jw05893018007_02101_00005_nrca1_cal.fits,117570240,234456129,PUBLIC,2,F200W
234400946,JWST,image,jw05893018008_02101_00005_nrcb2,exposure (L2b): 2D calibrated exposure average over integrations,S,mast:JWST/product/jw05893018008_02101_00005_nrcb2_cal.fits,SCIENCE,,CAL,,CALJWST,2.0.0,5893,jw05893018008_02101_00005_nrcb2_cal.fits,117573120,234456129,PUBLIC,2,F200W
234400949,JWST,image,jw05893018007_02101_00006_nrca3,exposure (L2b): 2D calibrated exposure average over integrations,S,mast:JWST/product/jw05893018007_02101_00006_nrca3_cal.fits,SCIENCE,,CAL,,CALJWST,2.0.0,5893,jw05893018007_02101_00006_nrca3_cal.fits,117573120,234456129,PUBLIC,2,F200W
234400953,JWST,image,jw05893018008_02101_00001_nrca1,exposure (L2b): 2D calibrated exposure average over integrations,S,mast:JWST/product/jw05893018008_02101_00001_nrca1_cal.fits,SCIENCE,,CAL,,CALJWST,2.0.0,5893,jw05893018008_02101_00001_nrca1_cal.fits,117570240,234456129,PUBLIC,2,F200W
234400955,JWST,image,jw05893018007_02101_00006_nrcb4,exposure (L2b): 2D calibrated exposure average over integrations,S,mast:JWST/product/jw05893018007_02101_00006_nrcb4_cal.fits,SCIENCE,,CAL,,CALJWST,2.0.0,5893,jw05893018007_02101_00006_nrcb4_cal.fits,117573120,234456129,PUBLIC,2,F200W
234400959,JWST,image,jw05893018008_02101_00002_nrca3,exposure (L2b): 2D calibrated exposure average over integrations,S,mast:JWST/product/jw05893018008_02101_00002_nrca3_cal.fits,SCIENCE,,CAL,,CALJWST,2.0.0,5893,jw05893018008_02101_00002_nrca3_cal.fits,117573120,234456129,PUBLIC,2,F200W
234400963,JWST,image,jw05893018007_02101_00005_nrcb2,exposure (L2b): 2D calibrated exposure average over integrations,S,mast:JWST/product/jw05893018007_02101_00005_nrcb2_cal.fits,SCIENCE,,CAL,,CALJWST,2.0.0,5893,jw05893018007_02101_00005_nrcb2_cal.fits,117573120,234456129,PUBLIC,2,F200W
234400970,JWST,image,jw05893018008_02101_00005_nrcb4,exposure (L2b): 2D calibrated exposure average over integrations,S,mast:JWST/product/jw05893018008_02101_00005_nrcb4_cal.fits,SCIENCE,,CAL,,CALJWST,2.0.0,5893,jw05893018008_02101_00005_nrcb4_cal.fits,117573120,234456129,PUBLIC,2,F200W
234400975,JWST,image,jw05893018007_02101_00005_nrca4,exposure (L2b): 2D calibrated exposure average over integrations,S,mast:JWST/product/jw05893018007_02101_00005_nrca4_cal.fits,SCIENCE,,CAL,,CALJWST,2.0.0,5893,jw05893018007_02101_00005_nrca4_cal.fits,117573120,234456129,PUBLIC,2,F200W
234400976,JWST,image,jw05893018008_02101_00006_nrca4,exposure (L2b): 2D calibrated exposure average over integrations,S,mast:JWST/product/jw05893018008_02101_00006_nrca4_cal.fits,SCIENCE,,CAL,,CALJWST,2.0.0,5893,jw05893018008_02101_00006_nrca4_cal.fits,117573120,234456129,PUBLIC,2,F200W
234400993,JWST,image,jw05893018008_02101_00002_nrca4,exposure (L2b): 2D calibrated exposure average over integrations,S,mast:JWST/product/jw05893018008_02101_00002_nrca4_cal.fits,SCIENCE,,CAL,,CALJWST,2.0.0,5893,jw05893018008_02101_00002_nrca4_cal.fits,117573120,234456129,PUBLIC,2,F200W
234400998,JWST,image,jw05893018008_02101_00003_nrcb4,exposure (L2b): 2D calibrated exposure average over integrations,S,mast:JWST/product/jw05893018008_02101_00003_nrcb4_cal.fits,SCIENCE,,CAL,,CALJWST,2.0.0,5893,jw05893018008_02101_00003_nrcb4_cal.fits,117573120,234456129,PUBLIC,2,F200W
234401004,JWST,image,jw05893018008_02101_00001_nrcb4,exposure (L2b): 2D calibrated exposure average over integrations,S,mast:JWST/product/jw05893018008_02101_00001_nrcb4_cal.fits,SCIENCE,,CAL,,CALJWST,2.0.0,5893,jw05893018008_02101_00001_nrcb4_cal.fits,117573120,234456129,PUBLIC,2,F200W
234401008,JWST,image,jw05893018008_02101_00005_nrcb1,exposure (L2b): 2D calibrated exposure average over integrations,S,mast:JWST/product/jw05893018008_02101_00005_nrcb1_cal.fits,SCIENCE,,CAL,,CALJWST,2.0.0,5893,jw05893018008_02101_00005_nrcb1_cal.fits,117573120,234456129,PUBLIC,2,F200W
234401009,JWST,image,jw05893018007_02101_00005_nrca2,exposure (L2b): 2D calibrated exposure average over integrations,S,mast:JWST/product/jw05893018007_02101_00005_nrca2_cal.fits,SCIENCE,,CAL,,CALJWST,2.0.0,5893,jw05893018007_02101_00005_nrca2_cal.fits,117570240,234456129,PUBLIC,2,F200W
234401019,JWST,image,jw05893018007_02101_00006_nrcb3,exposure (L2b): 2D calibrated exposure average over integrations,S,mast:JWST/product/jw05893018007_02101_00006_nrcb3_cal.fits,SCIENCE,,CAL,,CALJWST,2.0.0,5893,jw05893018007_02101_00006_nrcb3_cal.fits,117573120,234456129,PUBLIC,2,F200W
234401020,JWST,image,jw05893018008_02101_00003_nrcb3,exposure (L2b): 2D calibrated exposure average over integrations,S,mast:JWST/product/jw05893018008_02101_00003_nrcb3_cal.fits,SCIENCE,,CAL,,CALJWST,2.0.0,5893,jw05893018008_02101_00003_nrcb3_cal.fits,117573120,234456129,PUBLIC,2,F200W
234401025,JWST,image,jw05893018007_02101_00005_nrcb1,exposure (L2b): 2D calibrated exposure average over integrations,S,mast:JWST/product/jw05893018007_02101_00005_nrcb1_cal.fits,SCIENCE,,CAL,,CALJWST,2.0.0,5893,jw05893018007_02101_00005_nrcb1_cal.fits,117573120,234456129,PUBLIC,2,F200W
234401032,JWST,image,jw05893018008_02101_00001_nrca4,exposure (L2b): 2D calibrated exposure average over integrations,S,mast:JWST/product/jw05893018008_02101_00001_nrca4_cal.fits,SCIENCE,,CAL,,CALJWST,2.0.0,5893,jw05893018008_02101_00001_nrca4_cal.fits,117573120,234456129,PUBLIC,2,F200W
234401034,JWST,image,jw05893018007_02101_00005_nrcb4,exposure (L2b): 2D calibrated exposure average over integrations,S,mast:JWST/product/jw05893018007_02101_00005_nrcb4_cal.fits,SCIENCE,,CAL,,CALJWST,2.0.0,5893,jw05893018007_02101_00005_nrcb4_cal.fits,117573120,234456129,PUBLIC,2,F200W
234401041,JWST,image,jw05893018007_02101_00005_nrca3,exposure (L2b): 2D calibrated exposure average over integrations,S,mast:JWST/product/jw05893018007_02101_00005_nrca3_cal.fits,SCIENCE,,CAL,,CALJWST,2.0.0,5893,jw05893018007_02101_00005_nrca3_cal.fits,117573120,234456129,PUBLIC,2,F200W
234401055,JWST,image,jw05893018008_02101_00004_nrcb4,exposure (L2b): 2D calibrated exposure average over integrations,S,mast:JWST/product/jw05893018008_02101_00004_nrcb4_cal.fits,SCIENCE,,CAL,,CALJWST,2.0.0,5893,jw05893018008_02101_00004_nrcb4_cal.fits,117573120,234456129,PUBLIC,2,F200W
234401060,JWST,image,jw05893018008_02101_00001_nrcb2,exposure (L2b): 2D calibrated exposure average over integrations,S,mast:JWST/product/jw05893018008_02101_00001_nrcb2_cal.fits,SCIENCE,,CAL,,CALJWST,2.0.0,5893,jw05893018008_02101_00001_nrcb2_cal.fits,117573120,234456129,PUBLIC,2,F200W
234401066,JWST,image,jw05893018008_02101_00004_nrcb1,exposure (L2b): 2D calibrated exposure average over integrations,S,mast:JWST/product/jw05893018008_02101_00004_nrcb1_cal.fits,SCIENCE,,CAL,,CALJWST,2.0.0,5893,jw05893018008_02101_00004_nrcb1_cal.fits,117573120,234456129,PUBLIC,2,F200W
234401070,JWST,image,jw05893018008_02101_00006_nrca3,exposure (L2b): 2D calibrated exposure average over integrations,S,mast:JWST/product/jw05893018008_02101_00006_nrca3_cal.fits,SCIENCE,,CAL,,CALJWST,2.0.0,5893,jw05893018008_02101_00006_nrca3_cal.fits,117573120,234456129,PUBLIC,2,F200W
234401072,JWST,image,jw05893018007_02101_00006_nrca4,exposure (L2b): 2D calibrated exposure average over integrations,S,mast:JWST/product/jw05893018007_02101_00006_nrca4_cal.fits,SCIENCE,,CAL,,CALJWST,2.0.0,5893,jw05893018007_02101_00006_nrca4_cal.fits,117573120,234456129,PUBLIC,2,F200W
234401078,JWST,image,jw05893018008_02101_00001_nrcb1,exposure (L2b): 2D calibrated exposure average over integrations,S,mast:JWST/product/jw05893018008_02101_00001_nrcb1_cal.fits,SCIENCE,,CAL,,CALJWST,2.0.0,5893,jw05893018008_02101_00001_nrcb1_cal.fits,117573120,234456129,PUBLIC,2,F200W
234401088,JWST,image,jw05893018008_02101_00002_nrca1,exposure (L2b): 2D calibrated exposure average over integrations,S,mast:JWST/product/jw05893018008_02101_00002_nrca1_cal.fits,SCIENCE,,CAL,,CALJWST,2.0.0,5893,jw05893018008_02101_00002_nrca1_cal.fits,117570240,234456129,PUBLIC,2,F200W
234401104,JWST,image,jw05893018008_02101_00001_nrcb3,exposure (L2b): 2D calibrated exposure average over integrations,S,mast:JWST/product/jw05893018008_02101_00001_nrcb3_cal.fits,SCIENCE,,CAL,,CALJWST,2.0.0,5893,jw05893018008_02101_00001_nrcb3_cal.fits,117573120,234456129,PUBLIC,2,F200W
234401117,JWST,image,jw05893018008_02101_00003_nrca1,exposure (L2b): 2D calibrated exposure average over integrations,S,mast:JWST/product/jw05893018008_02101_00003_nrca1_cal.fits,SCIENCE,,CAL,,CALJWST,2.0.0,5893,jw05893018008_02101_00003_nrca1_cal.fits,117570240,234456129,PUBLIC,2,F200W
234401123,JWST,image,jw05893018008_02101_00005_nrcb3,exposure (L2b): 2D calibrated exposure average over integrations,S,mast:JWST/product/jw05893018008_02101_00005_nrcb3_cal.fits,SCIENCE,,CAL,,CALJWST,2.0.0,5893,jw05893018008_02101_00005_nrcb3_cal.fits,117573120,234456129,PUBLIC,2,F200W
234401130,JWST,image,jw05893018008_02101_00002_nrcb4,exposure (L2b): 2D calibrated exposure average over integrations,S,mast:JWST/product/jw05893018008_02101_00002_nrcb4_cal.fits,SCIENCE,,CAL,,CALJWST,2.0.0,5893,jw05893018008_02101_00002_nrcb4_cal.fits,117573120,234456129,PUBLIC,2,F200W
234401135,JWST,image,jw05893018008_02101_00002_nrca2,exposure (L2b): 2D calibrated exposure average over integrations,S,mast:JWST/product/jw05893018008_02101_00002_nrca2_cal.fits,SCIENCE,,CAL,,CALJWST,2.0.0,5893,jw05893018008_02101_00002_nrca2_cal.fits,117570240,234456129,PUBLIC,2,F200W
234401140,JWST,image,jw05893018008_02101_00003_nrca3,exposure (L2b): 2D calibrated exposure average over integrations,S,mast:JWST/product/jw05893018008_02101_00003_nrca3_cal.fits,SCIENCE,,CAL,,CALJWST,2.0.0,5893,jw05893018008_02101_00003_nrca3_cal.fits,117573120,234456129,PUBLIC,2,F200W
234401144,JWST,image,jw05893018008_02101_00001_nrca2,exposure (L2b): 2D calibrated exposure average over integrations,S,mast:JWST/product/jw05893018008_02101_00001_nrca2_cal.fits,SCIENCE,,CAL,,CALJWST,2.0.0,5893,jw05893018008_02101_00001_nrca2_cal.fits,117570240,234456129,PUBLIC,2,F200W
234401149,JWST,image,jw05893018008_02101_00003_nrca2,exposure (L2b): 2D calibrated exposure average over integrations,S,mast:JWST/product/jw05893018008_02101_00003_nrca2_cal.fits,SCIENCE,,CAL,,CALJWST,2.0.0,5893,jw05893018008_02101_00003_nrca2_cal.fits,117570240,234456129,PUBLIC,2,F200W
234401153,JWST,image,jw05893018008_02101_00006_nrcb2,exposure (L2b): 2D calibrated exposure average over integrations,S,mast:JWST/product/jw05893018008_02101_00006_nrcb2_cal.fits,SCIENCE,,CAL,,CALJWST,2.0.0,5893,jw05893018008_02101_00006_nrcb2_cal.fits,117573120,234456129,PUBLIC,2,F200W
234401162,JWST,image,jw05893018008_02101_00003_nrcb2,exposure (L2b): 2D calibrated exposure average over integrations,S,mast:JWST/product/jw05893018008_02101_00003_nrcb2_cal.fits,SCIENCE,,CAL,,CALJWST,2.0.0,5893,jw05893018008_02101_00003_nrcb2_cal.fits,117573120,234456129,PUBLIC,2,F200W
234401166,JWST,image,jw05893018008_02101_00001_nrca3,exposure (L2b): 2D calibrated exposure average over integrations,S,mast:JWST/product/jw05893018008_02101_00001_nrca3_cal.fits,SCIENCE,,CAL,,CALJWST,2.0.0,5893,jw05893018008_02101_00001_nrca3_cal.fits,117573120,234456129,PUBLIC,2,F200W
234401170,JWST,image,jw05893018008_02101_00002_nrcb1,exposure (L2b): 2D calibrated exposure average over integrations,S,mast:JWST/product/jw05893018008_02101_00002_nrcb1_cal.fits,SCIENCE,,CAL,,CALJWST,2.0.0,5893,jw05893018008_02101_00002_nrcb1_cal.fits,117573120,234456129,PUBLIC,2,F200W
234401174,JWST,image,jw05893018008_02101_00002_nrcb2,exposure (L2b): 2D calibrated exposure average over integrations,S,mast:JWST/product/jw05893018008_02101_00002_nrcb2_cal.fits,SCIENCE,,CAL,,CALJWST,2.0.0,5893,jw05893018008_02101_00002_nrcb2_cal.fits,117573120,234456129,PUBLIC,2,F200W
234401178,JWST,image,jw05893018008_02101_00005_nrca1,exposure (L2b): 2D calibrated exposure average over integrations,S,mast:JWST/product/jw05893018008_02101_00005_nrca1_cal.fits,SCIENCE,,CAL,,CALJWST,2.0.0,5893,jw05893018008_02101_00005_nrca1_cal.fits,117570240,234456129,PUBLIC,2,F200W
234401185,JWST,image,jw05893018008_02101_00005_nrca2,exposure (L2b): 2D calibrated exposure average over integrations,S,mast:JWST/product/jw05893018008_02101_00005_nrca2_cal.fits,SCIENCE,,CAL,,CALJWST,2.0.0,5893,jw05893018008_02101_00005_nrca2_cal.fits,117570240,234456129,PUBLIC,2,F200W
234401205,JWST,image,jw05893018008_02101_00004_nrca2,exposure (L2b): 2D calibrated exposure average over integrations,S,mast:JWST/product/jw05893018008_02101_00004_nrca2_cal.fits,SCIENCE,,CAL,,CALJWST,2.0.0,5893,jw05893018008_02101_00004_nrca2_cal.fits,117570240,234456129,PUBLIC,2,F200W
234401209,JWST,image,jw05893018008_02101_00004_nrcb3,exposure (L2b): 2D calibrated exposure average over integrations,S,mast:JWST/product/jw05893018008_02101_00004_nrcb3_cal.fits,SCIENCE,,CAL,,CALJWST,2.0.0,5893,jw05893018008_02101_00004_nrcb3_cal.fits,117573120,234456129,PUBLIC,2,F200W
234401213,JWST,image,jw05893018008_02101_00004_nrca4,exposure (L2b): 2D calibrated exposure average over integrations,S,mast:JWST/product/jw05893018008_02101_00004_nrca4_cal.fits,SCIENCE,,CAL,,CALJWST,2.0.0,5893,jw05893018008_02101_00004_nrca4_cal.fits,117573120,234456129,PUBLIC,2,F200W
234401217,JWST,image,jw05893018008_02101_00004_nrcb2,exposure (L2b): 2D calibrated exposure average over integrations,S,mast:JWST/product/jw05893018008_02101_00004_nrcb2_cal.fits,SCIENCE,,CAL,,CALJWST,2.0.0,5893,jw05893018008_02101_00004_nrcb2_cal.fits,117573120,234456129,PUBLIC,2,F200W
234401221,JWST,image,jw05893018008_02101_00002_nrcb3,exposure (L2b): 2D calibrated exposure average over integrations,S,mast:JWST/product/jw05893018008_02101_00002_nrcb3_cal.fits,SCIENCE,,CAL,,CALJWST,2.0.0,5893,jw05893018008_02101_00002_nrcb3_cal.fits,117573120,234456129,PUBLIC,2,F200W
234401225,JWST,image,jw05893018008_02101_00004_nrca1,exposure (L2b): 2D calibrated exposure average over integrations,S,mast:JWST/product/jw05893018008_02101_00004_nrca1_cal.fits,SCIENCE,,CAL,,CALJWST,2.0.0,5893,jw05893018008_02101_00004_nrca1_cal.fits,117570240,234456129,PUBLIC,2,F200W
234401229,JWST,image,jw05893018008_02101_00005_nrca3,exposure (L2b): 2D calibrated exposure average over integrations,S,mast:JWST/product/jw05893018008_02101_00005_nrca3_cal.fits,SCIENCE,,CAL,,CALJWST,2.0.0,5893,jw05893018008_02101_00005_nrca3_cal.fits,117573120,234456129,PUBLIC,2,F200W
234401243,JWST,image,jw05893018008_02101_00005_nrca4,exposure (L2b): 2D calibrated exposure average over integrations,S,mast:JWST/product/jw05893018008_02101_00005_nrca4_cal.fits,SCIENCE,,CAL,,CALJWST,2.0.0,5893,jw05893018008_02101_00005_nrca4_cal.fits,117573120,234456129,PUBLIC,2,F200W
234401248,JWST,image,jw05893018008_02101_00003_nrca4,exposure (L2b): 2D calibrated exposure average over integrations,S,mast:JWST/product/jw05893018008_02101_00003_nrca4_cal.fits,SCIENCE,,CAL,,CALJWST,2.0.0,5893,jw05893018008_02101_00003_nrca4_cal.fits,117573120,234456129,PUBLIC,2,F200W
234401259,JWST,image,jw05893018008_02101_00004_nrca3,exposure (L2b): 2D calibrated exposure average over integrations,S,mast:JWST/product/jw05893018008_02101_00004_nrca3_cal.fits,SCIENCE,,CAL,,CALJWST,2.0.0,5893,jw05893018008_02101_00004_nrca3_cal.fits,117573120,234456129,PUBLIC,2,F200W
234401269,JWST,image,jw05893018008_02101_00003_nrcb1,exposure (L2b): 2D calibrated exposure average over integrations,S,mast:JWST/product/jw05893018008_02101_00003_nrcb1_cal.fits,SCIENCE,,CAL,,CALJWST,2.0.0,5893,jw05893018008_02101_00003_nrcb1_cal.fits,117573120,234456129,PUBLIC,2,F200W
234402380,JWST,image,jw05893018006_02101_00006_nrcb1,exposure (L2b): 2D calibrated exposure average over integrations,S,mast:JWST/product/jw05893018006_02101_00006_nrcb1_cal.fits,SCIENCE,,CAL,,CALJWST,2.0.0,5893,jw05893018006_02101_00006_nrcb1_cal.fits,117573120,234456129,PUBLIC,2,F200W
234402458,JWST,image,jw05893018006_02101_00005_nrca1,exposure (L2b): 2D calibrated exposure average over integrations,S,mast:JWST/product/jw05893018006_02101_00005_nrca1_cal.fits,SCIENCE,,CAL,,CALJWST,2.0.0,5893,jw05893018006_02101_00005_nrca1_cal.fits,117570240,234456129,PUBLIC,2,F200W
234402577,JWST,image,jw05893018006_02101_00001_nrca4,exposure (L2b): 2D calibrated exposure average over integrations,S,mast:JWST/product/jw05893018006_02101_00001_nrca4_cal.fits,SCIENCE,,CAL,,CALJWST,2.0.0,5893,jw05893018006_02101_00001_nrca4_cal.fits,117573120,234456129,PUBLIC,2,F200W
234402582,JWST,image,jw05893018006_02101_00005_nrcb4,exposure (L2b): 2D calibrated exposure average over integrations,S,mast:JWST/product/jw05893018006_02101_00005_nrcb4_cal.fits,SCIENCE,,CAL,,CALJWST,2.0.0,5893,jw05893018006_02101_00005_nrcb4_cal.fits,117573120,234456129,PUBLIC,2,F200W
234402592,JWST,image,jw05893018006_02101_00005_nrca2,exposure (L2b): 2D calibrated exposure average over integrations,S,mast:JWST/product/jw05893018006_02101_00005_nrca2_cal.fits,SCIENCE,,CAL,,CALJWST,2.0.0,5893,jw05893018006_02101_00005_nrca2_cal.fits,117570240,234456129,PUBLIC,2,F200W
234402613,JWST,image,jw05893018006_02101_00002_nrcb1,exposure (L2b): 2D calibrated exposure average over integrations,S,mast:JWST/product/jw05893018006_02101_00002_nrcb1_cal.fits,SCIENCE,,CAL,,CALJWST,2.0.0,5893,jw05893018006_02101_00002_nrcb1_cal.fits,117573120,234456129,PUBLIC,2,F200W
234402618,JWST,image,jw05893018006_02101_00001_nrca3,exposure (L2b): 2D calibrated exposure average over integrations,S,mast:JWST/product/jw05893018006_02101_00001_nrca3_cal.fits,SCIENCE,,CAL,,CALJWST,2.0.0,5893,jw05893018006_02101_00001_nrca3_cal.fits,117573120,234456129,PUBLIC,2,F200W
234402624,JWST,image,jw05893018006_02101_00001_nrcb4,exposure (L2b): 2D calibrated exposure average over integrations,S,mast:JWST/product/jw05893018006_02101_00001_nrcb4_cal.fits,SCIENCE,,CAL,,CALJWST,2.0.0,5893,jw05893018006_02101_00001_nrcb4_cal.fits,117573120,234456129,PUBLIC,2,F200W
234402647,JWST,image,jw05893018006_02101_00006_nrcb3,exposure (L2b): 2D calibrated exposure average over integrations,S,mast:JWST/product/jw05893018006_02101_00006_nrcb3_cal.fits,SCIENCE,,CAL,,CALJWST,2.0.0,5893,jw05893018006_02101_00006_nrcb3_cal.fits,117573120,234456129,PUBLIC,2,F200W
234402652,JWST,image,jw05893018006_02101_00002_nrca3,exposure (L2b): 2D calibrated exposure average over integrations,S,mast:JWST/product/jw05893018006_02101_00002_nrca3_cal.fits,SCIENCE,,CAL,,CALJWST,2.0.0,5893,jw05893018006_02101_00002_nrca3_cal.fits,117573120,234456129,PUBLIC,2,F200W
234402664,JWST,image,jw05893018006_02101_00003_nrcb3,exposure (L2b): 2D calibrated exposure average over integrations,S,mast:JWST/product/jw05893018006_02101_00003_nrcb3_cal.fits,SCIENCE,,CAL,,CALJWST,2.0.0,5893,jw05893018006_02101_00003_nrcb3_cal.fits,117573120,234456129,PUBLIC,2,F200W
234402676,JWST,image,jw05893018006_02101_00003_nrca1,exposure (L2b): 2D calibrated exposure average over integrations,S,mast:JWST/product/jw05893018006_02101_00003_nrca1_cal.fits,SCIENCE,,CAL,,CALJWST,2.0.0,5893,jw05893018006_02101_00003_nrca1_cal.fits,117570240,234456129,PUBLIC,2,F200W
234402700,JWST,image,jw05893018006_02101_00003_nrcb1,exposure (L2b): 2D calibrated exposure average over integrations,S,mast:JWST/product/jw05893018006_02101_00003_nrcb1_cal.fits,SCIENCE,,CAL,,CALJWST,2.0.0,5893,jw05893018006_02101_00003_nrcb1_cal.fits,117573120,234456129,PUBLIC,2,F200W
234402722,JWST,image,jw05893018006_02101_00004_nrcb4,exposure (L2b): 2D calibrated exposure average over integrations,S,mast:JWST/product/jw05893018006_02101_00004_nrcb4_cal.fits,SCIENCE,,CAL,,CALJWST,2.0.0,5893,jw05893018006_02101_00004_nrcb4_cal.fits,117573120,234456129,PUBLIC,2,F200W
234402742,JWST,image,jw05893018006_02101_00002_nrcb3,exposure (L2b): 2D calibrated exposure average over integrations,S,mast:JWST/product/jw05893018006_02101_00002_nrcb3_cal.fits,SCIENCE,,CAL,,CALJWST,2.0.0,5893,jw05893018006_02101_00002_nrcb3_cal.fits,117573120,234456129,PUBLIC,2,F200W
234402751,JWST,image,jw05893018006_02101_00002_nrca1,exposure (L2b): 2D calibrated exposure average over integrations,S,mast:JWST/product/jw05893018006_02101_00002_nrca1_cal.fits,SCIENCE,,CAL,,CALJWST,2.0.0,5893,jw05893018006_02101_00002_nrca1_cal.fits,117570240,234456129,PUBLIC,2,F200W
234402775,JWST,image,jw05893018006_02101_00005_nrcb2,exposure (L2b): 2D calibrated exposure average over integrations,S,mast:JWST/product/jw05893018006_02101_00005_nrcb2_cal.fits,SCIENCE,,CAL,,CALJWST,2.0.0,5893,jw05893018006_02101_00005_nrcb2_cal.fits,117573120,234456129,PUBLIC,2,F200W
234402792,JWST,image,jw05893018006_02101_00003_nrcb4,exposure (L2b): 2D calibrated exposure average over integrations,S,mast:JWST/product/jw05893018006_02101_00003_nrcb4_cal.fits,SCIENCE,,CAL,,CALJWST,2.0.0,5893,jw05893018006_02101_00003_nrcb4_cal.fits,117573120,234456129,PUBLIC,2,F200W
234402912,JWST,image,jw05893018006_02101_00005_nrca3,exposure (L2b): 2D calibrated exposure average over integrations,S,mast:JWST/product/jw05893018006_02101_00005_nrca3_cal.fits,SCIENCE,,CAL,,CALJWST,2.0.0,5893,jw05893018006_02101_00005_nrca3_cal.fits,117573120,234456129,PUBLIC,2,F200W
234402923,JWST,image,jw05893018006_02101_00005_nrca4,exposure (L2b): 2D calibrated exposure average over integrations,S,mast:JWST/product/jw05893018006_02101_00005_nrca4_cal.fits,SCIENCE,,CAL,,CALJWST,2.0.0,5893,jw05893018006_02101_00005_nrca4_cal.fits,117573120,234456129,PUBLIC,2,F200W
234402929,JWST,image,jw05893018006_02101_00002_nrca4,exposure (L2b): 2D calibrated exposure average over integrations,S,mast:JWST/product/jw05893018006_02101_00002_nrca4_cal.fits,SCIENCE,,CAL,,CALJWST,2.0.0,5893,jw05893018006_02101_00002_nrca4_cal.fits,117573120,234456129,PUBLIC,2,F200W
234402936,JWST,image,jw05893018006_02101_00004_nrcb2,exposure (L2b): 2D calibrated exposure average over integrations,S,mast:JWST/product/jw05893018006_02101_00004_nrcb2_cal.fits,SCIENCE,,CAL,,CALJWST,2.0.0,5893,jw05893018006_02101_00004_nrcb2_cal.fits,117573120,234456129,PUBLIC,2,F200W
234402946,JWST,image,jw05893018006_02101_00006_nrcb4,exposure (L2b): 2D calibrated exposure average over integrations,S,mast:JWST/product/jw05893018006_02101_00006_nrcb4_cal.fits,SCIENCE,,CAL,,CALJWST,2.0.0,5893,jw05893018006_02101_00006_nrcb4_cal.fits,117573120,234456129,PUBLIC,2,F200W
234402952,JWST,image,jw05893018006_02101_00003_nrcb2,exposure (L2b): 2D calibrated exposure average over integrations,S,mast:JWST/product/jw05893018006_02101_00003_nrcb2_cal.fits,SCIENCE,,CAL,,CALJWST,2.0.0,5893,jw05893018006_02101_00003_nrcb2_cal.fits,117573120,234456129,PUBLIC,2,F200W
234402959,JWST,image,jw05893018006_02101_00004_nrcb3,exposure (L2b): 2D calibrated exposure average over integrations,S,mast:JWST/product/jw05893018006_02101_00004_nrcb3_cal.fits,SCIENCE,,CAL,,CALJWST,2.0.0,5893,jw05893018006_02101_00004_nrcb3_cal.fits,117573120,234456129,PUBLIC,2,F200W
234402965,JWST,image,jw05893018006_02101_00001_nrca1,exposure (L2b): 2D calibrated exposure average over integrations,S,mast:JWST/product/jw05893018006_02101_00001_nrca1_cal.fits,SCIENCE,,CAL,,CALJWST,2.0.0,5893,jw05893018006_02101_00001_nrca1_cal.fits,117570240,234456129,PUBLIC,2,F200W
234402970,JWST,image,jw05893018006_02101_00006_nrca3,exposure (L2b): 2D calibrated exposure average over integrations,S,mast:JWST/product/jw05893018006_02101_00006_nrca3_cal.fits,SCIENCE,,CAL,,CALJWST,2.0.0,5893,jw05893018006_02101_00006_nrca3_cal.fits,117573120,234456129,PUBLIC,2,F200W
234402976,JWST,image,jw05893018006_02101_00004_nrcb1,exposure (L2b): 2D calibrated exposure average over integrations,S,mast:JWST/product/jw05893018006_02101_00004_nrcb1_cal.fits,SCIENCE,,CAL,,CALJWST,2.0.0,5893,jw05893018006_02101_00004_nrcb1_cal.fits,117573120,234456129,PUBLIC,2,F200W
234402982,JWST,image,jw05893018006_02101_00006_nrca1,exposure (L2b): 2D calibrated exposure average over integrations,S,mast:JWST/product/jw05893018006_02101_00006_nrca1_cal.fits,SCIENCE,,CAL,,CALJWST,2.0.0,5893,jw05893018006_02101_00006_nrca1_cal.fits,117570240,234456129,PUBLIC,2,F200W
234402987,JWST,image,jw05893018006_02101_00006_nrca4,exposure (L2b): 2D calibrated exposure average over integrations,S,mast:JWST/product/jw05893018006_02101_00006_nrca4_cal.fits,SCIENCE,,CAL,,CALJWST,2.0.0,5893,jw05893018006_02101_00006_nrca4_cal.fits,117573120,234456129,PUBLIC,2,F200W
234403004,JWST,image,jw05893018006_02101_00001_nrca2,exposure (L2b): 2D calibrated exposure average over integrations,S,mast:JWST/product/jw05893018006_02101_00001_nrca2_cal.fits,SCIENCE,,CAL,,CALJWST,2.0.0,5893,jw05893018006_02101_00001_nrca2_cal.fits,117570240,234456129,PUBLIC,2,F200W
234403010,JWST,image,jw05893018006_02101_00002_nrcb2,exposure (L2b): 2D calibrated exposure average over integrations,S,mast:JWST/product/jw05893018006_02101_00002_nrcb2_cal.fits,SCIENCE,,CAL,,CALJWST,2.0.0,5893,jw05893018006_02101_00002_nrcb2_cal.fits,117573120,234456129,PUBLIC,2,F200W
234403016,JWST,image,jw05893018006_02101_00006_nrcb2,exposure (L2b): 2D calibrated exposure average over integrations,S,mast:JWST/product/jw05893018006_02101_00006_nrcb2_cal.fits,SCIENCE,,CAL,,CALJWST,2.0.0,5893,jw05893018006_02101_00006_nrcb2_cal.fits,117573120,234456129,PUBLIC,2,F200W
234403023,JWST,image,jw05893018006_02101_00003_nrca3,exposure (L2b): 2D calibrated exposure average over integrations,S,mast:JWST/product/jw05893018006_02101_00003_nrca3_cal.fits,SCIENCE,,CAL,,CALJWST,2.0.0,5893,jw05893018006_02101_00003_nrca3_cal.fits,117573120,234456129,PUBLIC,2,F200W
234403029,JWST,image,jw05893018006_02101_00001_nrcb1,exposure (L2b): 2D calibrated exposure average over integrations,S,mast:JWST/product/jw05893018006_02101_00001_nrcb1_cal.fits,SCIENCE,,CAL,,CALJWST,2.0.0,5893,jw05893018006_02101_00001_nrcb1_cal.fits,117573120,234456129,PUBLIC,2,F200W
234403047,JWST,image,jw05893018006_02101_00004_nrca1,exposure (L2b): 2D calibrated exposure average over integrations,S,mast:JWST/product/jw05893018006_02101_00004_nrca1_cal.fits,SCIENCE,,CAL,,CALJWST,2.0.0,5893,jw05893018006_02101_00004_nrca1_cal.fits,117570240,234456129,PUBLIC,2,F200W
234403060,JWST,image,jw05893018006_02101_00003_nrca4,exposure (L2b): 2D calibrated exposure average over integrations,S,mast:JWST/product/jw05893018006_02101_00003_nrca4_cal.fits,SCIENCE,,CAL,,CALJWST,2.0.0,5893,jw05893018006_02101_00003_nrca4_cal.fits,117573120,234456129,PUBLIC,2,F200W
234403065,JWST,image,jw05893018006_02101_00001_nrcb2,exposure (L2b): 2D calibrated exposure average over integrations,S,mast:JWST/product/jw05893018006_02101_00001_nrcb2_cal.fits,SCIENCE,,CAL,,CALJWST,2.0.0,5893,jw05893018006_02101_00001_nrcb2_cal.fits,117573120,234456129,PUBLIC,2,F200W
234403070,JWST,image,jw05893018006_02101_00004_nrca3,exposure (L2b): 2D calibrated exposure average over integrations,S,mast:JWST/product/jw05893018006_02101_00004_nrca3_cal.fits,SCIENCE,,CAL,,CALJWST,2.0.0,5893,jw05893018006_02101_00004_nrca3_cal.fits,117573120,234456129,PUBLIC,2,F200W
234403076,JWST,image,jw05893018006_02101_00006_nrca2,exposure (L2b): 2D calibrated exposure average over integrations,S,mast:JWST/product/jw05893018006_02101_00006_nrca2_cal.fits,SCIENCE,,CAL,,CALJWST,2.0.0,5893,jw05893018006_02101_00006_nrca2_cal.fits,117570240,234456129,PUBLIC,2,F200W
234403082,JWST,image,jw05893018006_02101_00005_nrcb3,exposure (L2b): 2D calibrated exposure average over integrations,S,mast:JWST/product/jw05893018006_02101_00005_nrcb3_cal.fits,SCIENCE,,CAL,,CALJWST,2.0.0,5893,jw05893018006_02101_00005_nrcb3_cal.fits,117573120,234456129,PUBLIC,2,F200W
234403091,JWST,image,jw05893018006_02101_00004_nrca4,exposure (L2b): 2D calibrated exposure average over integrations,S,mast:JWST/product/jw05893018006_02101_00004_nrca4_cal.fits,SCIENCE,,CAL,,CALJWST,2.0.0,5893,jw05893018006_02101_00004_nrca4_cal.fits,117573120,234456129,PUBLIC,2,F200W
234403102,JWST,image,jw05893018006_02101_00002_nrcb4,exposure (L2b): 2D calibrated exposure average over integrations,S,mast:JWST/product/jw05893018006_02101_00002_nrcb4_cal.fits,SCIENCE,,CAL,,CALJWST,2.0.0,5893,jw05893018006_02101_00002_nrcb4_cal.fits,117573120,234456129,PUBLIC,2,F200W
234403113,JWST,image,jw05893018006_02101_00002_nrca2,exposure (L2b): 2D calibrated exposure average over integrations,S,mast:JWST/product/jw05893018006_02101_00002_nrca2_cal.fits,SCIENCE,,CAL,,CALJWST,2.0.0,5893,jw05893018006_02101_00002_nrca2_cal.fits,117570240,234456129,PUBLIC,2,F200W
234403134,JWST,image,jw05893018006_02101_00003_nrca2,exposure (L2b): 2D calibrated exposure average over integrations,S,mast:JWST/product/jw05893018006_02101_00003_nrca2_cal.fits,SCIENCE,,CAL,,CALJWST,2.0.0,5893,jw05893018006_02101_00003_nrca2_cal.fits,117570240,234456129,PUBLIC,2,F200W
234403151,JWST,image,jw05893018006_02101_00004_nrca2,exposure (L2b): 2D calibrated exposure average over integrations,S,mast:JWST/product/jw05893018006_02101_00004_nrca2_cal.fits,SCIENCE,,CAL,,CALJWST,2.0.0,5893,jw05893018006_02101_00004_nrca2_cal.fits,117570240,234456129,PUBLIC,2,F200W
234403162,JWST,image,jw05893018006_02101_00001_nrcb3,exposure (L2b): 2D calibrated exposure average over integrations,S,mast:JWST/product/jw05893018006_02101_00001_nrcb3_cal.fits,SCIENCE,,CAL,,CALJWST,2.0.0,5893,jw05893018006_02101_00001_nrcb3_cal.fits,117573120,234456129,PUBLIC,2,F200W
234403178,JWST,image,jw05893018006_02101_00005_nrcb1,exposure (L2b): 2D calibrated exposure average over integrations,S,mast:JWST/product/jw05893018006_02101_00005_nrcb1_cal.fits,SCIENCE,,CAL,,CALJWST,2.0.0,5893,jw05893018006_02101_00005_nrcb1_cal.fits,117573120,234456129,PUBLIC,2,F200W
234404264,JWST,image,jw05893018005_02101_00003_nrca2,exposure (L2b): 2D calibrated exposure average over integrations,S,mast:JWST/product/jw05893018005_02101_00003_nrca2_cal.fits,SCIENCE,,CAL,,CALJWST,2.0.0,5893,jw05893018005_02101_00003_nrca2_cal.fits,117570240,234456129,PUBLIC,2,F200W
234427986,JWST,image,jw05893018007_02101_00001_nrca2,exposure (L2b): 2D calibrated exposure average over integrations,S,mast:JWST/product/jw05893018007_02101_00001_nrca2_cal.fits,SCIENCE,,CAL,,CALJWST,2.0.0,5893,jw05893018007_02101_00001_nrca2_cal.fits,117570240,234456129,PUBLIC,2,F200W
234428011,JWST,image,jw05893018007_02101_00003_nrca1,exposure (L2b): 2D calibrated exposure average over integrations,S,mast:JWST/product/jw05893018007_02101_00003_nrca1_cal.fits,SCIENCE,,CAL,,CALJWST,2.0.0,5893,jw05893018007_02101_00003_nrca1_cal.fits,117570240,234456129,PUBLIC,2,F200W
234428024,JWST,image,jw05893018007_02101_00002_nrcb2,exposure (L2b): 2D calibrated exposure average over integrations,S,mast:JWST/product/jw05893018007_02101_00002_nrcb2_cal.fits,SCIENCE,,CAL,,CALJWST,2.0.0,5893,jw05893018007_02101_00002_nrcb2_cal.fits,117573120,234456129,PUBLIC,2,F200W
234428037,JWST,image,jw05893018007_02101_00002_nrca1,exposure (L2b): 2D calibrated exposure average over integrations,S,mast:JWST/product/jw05893018007_02101_00002_nrca1_cal.fits,SCIENCE,,CAL,,CALJWST,2.0.0,5893,jw05893018007_02101_00002_nrca1_cal.fits,117570240,234456129,PUBLIC,2,F200W
234428047,JWST,image,jw05893018007_02101_00002_nrca3,exposure (L2b): 2D calibrated exposure average over integrations,S,mast:JWST/product/jw05893018007_02101_00002_nrca3_cal.fits,SCIENCE,,CAL,,CALJWST,2.0.0,5893,jw05893018007_02101_00002_nrca3_cal.fits,117573120,234456129,PUBLIC,2,F200W
234428068,JWST,image,jw05893018007_02101_00004_nrca2,exposure (L2b): 2D calibrated exposure average over integrations,S,mast:JWST/product/jw05893018007_02101_00004_nrca2_cal.fits,SCIENCE,,CAL,,CALJWST,2.0.0,5893,jw05893018007_02101_00004_nrca2_cal.fits,117570240,234456129,PUBLIC,2,F200W
234428106,JWST,image,jw05893018007_02101_00003_nrcb2,exposure (L2b): 2D calibrated exposure average over integrations,S,mast:JWST/product/jw05893018007_02101_00003_nrcb2_cal.fits,SCIENCE,,CAL,,CALJWST,2.0.0,5893,jw05893018007_02101_00003_nrcb2_cal.fits,117573120,234456129,PUBLIC,2,F200W
234428161,JWST,image,jw05893018007_02101_00004_nrcb4,exposure (L2b): 2D calibrated exposure average over integrations,S,mast:JWST/product/jw05893018007_02101_00004_nrcb4_cal.fits,SCIENCE,,CAL,,CALJWST,2.0.0,5893,jw05893018007_02101_00004_nrcb4_cal.fits,117573120,234456129,PUBLIC,2,F200W
234428218,JWST,image,jw05893018007_02101_00004_nrcb1,exposure (L2b): 2D calibrated exposure average over integrations,S,mast:JWST/product/jw05893018007_02101_00004_nrcb1_cal.fits,SCIENCE,,CAL,,CALJWST,2.0.0,5893,jw05893018007_02101_00004_nrcb1_cal.fits,117573120,234456129,PUBLIC,2,F200W
234428304,JWST,image,jw05893018007_02101_00002_nrca4,exposure (L2b): 2D calibrated exposure average over integrations,S,mast:JWST/product/jw05893018007_02101_00002_nrca4_cal.fits,SCIENCE,,CAL,,CALJWST,2.0.0,5893,jw05893018007_02101_00002_nrca4_cal.fits,117573120,234456129,PUBLIC,2,F200W
234428315,JWST,image,jw05893018007_02101_00002_nrcb4,exposure (L2b): 2D calibrated exposure average over integrations,S,mast:JWST/product/jw05893018007_02101_00002_nrcb4_cal.fits,SCIENCE,,CAL,,CALJWST,2.0.0,5893,jw05893018007_02101_00002_nrcb4_cal.fits,117573120,234456129,PUBLIC,2,F200W
234428347,JWST,image,jw05893018007_02101_00001_nrcb4,exposure (L2b): 2D calibrated exposure average over integrations,S,mast:JWST/product/jw05893018007_02101_00001_nrcb4_cal.fits,SCIENCE,,CAL,,CALJWST,2.0.0,5893,jw05893018007_02101_00001_nrcb4_cal.fits,117573120,234456129,PUBLIC,2,F200W
234428401,JWST,image,jw05893018007_02101_00003_nrca4,exposure (L2b): 2D calibrated exposure average over integrations,S,mast:JWST/product/jw05893018007_02101_00003_nrca4_cal.fits,SCIENCE,,CAL,,CALJWST,2.0.0,5893,jw05893018007_02101_00003_nrca4_cal.fits,117573120,234456129,PUBLIC,2,F200W
234428454,JWST,image,jw05893018007_02101_00006_nrca1,exposure (L2b): 2D calibrated exposure average over integrations,S,mast:JWST/product/jw05893018007_02101_00006_nrca1_cal.fits,SCIENCE,,CAL,,CALJWST,2.0.0,5893,jw05893018007_02101_00006_nrca1_cal.fits,117570240,234456129,PUBLIC,2,F200W
234428476,JWST,image,jw05893018007_02101_00003_nrcb4,exposure (L2b): 2D calibrated exposure average over integrations,S,mast:JWST/product/jw05893018007_02101_00003_nrcb4_cal.fits,SCIENCE,,CAL,,CALJWST,2.0.0,5893,jw05893018007_02101_00003_nrcb4_cal.fits,117573120,234456129,PUBLIC,2,F200W
234428522,JWST,image,jw05893018007_02101_00001_nrca1,exposure (L2b): 2D calibrated exposure average over integrations,S,mast:JWST/product/jw05893018007_02101_00001_nrca1_cal.fits,SCIENCE,,CAL,,CALJWST,2.0.0,5893,jw05893018007_02101_00001_nrca1_cal.fits,117570240,234456129,PUBLIC,2,F200W
234428529,JWST,image,jw05893018008_02101_00006_nrcb1,exposure (L2b): 2D calibrated exposure average over integrations,S,mast:JWST/product/jw05893018008_02101_00006_nrcb1_cal.fits,SCIENCE,,CAL,,CALJWST,2.0.0,5893,jw05893018008_02101_00006_nrcb1_cal.fits,117573120,234456129,PUBLIC,2,F200W
234428554,JWST,image,jw05893018007_02101_00006_nrcb2,exposure (L2b): 2D calibrated exposure average over integrations,S,mast:JWST/product/jw05893018007_02101_00006_nrcb2_cal.fits,SCIENCE,,CAL,,CALJWST,2.0.0,5893,jw05893018007_02101_00006_nrcb2_cal.fits,117573120,234456129,PUBLIC,2,F200W
234428608,JWST,image,jw05893018007_02101_00006_nrcb1,exposure (L2b): 2D calibrated exposure average over integrations,S,mast:JWST/product/jw05893018007_02101_00006_nrcb1_cal.fits,SCIENCE,,CAL,,CALJWST,2.0.0,5893,jw05893018007_02101_00006_nrcb1_cal.fits,117573120,234456129,PUBLIC,2,F200W
234428617,JWST,image,jw05893018007_02101_00003_nrcb1,exposure (L2b): 2D calibrated exposure average over integrations,S,mast:JWST/product/jw05893018007_02101_00003_nrcb1_cal.fits,SCIENCE,,CAL,,CALJWST,2.0.0,5893,jw05893018007_02101_00003_nrcb1_cal.fits,117573120,234456129,PUBLIC,2,F200W
234428670,JWST,image,jw05893018007_02101_00001_nrca3,exposure (L2b): 2D calibrated exposure average over integrations,S,mast:JWST/product/jw05893018007_02101_00001_nrca3_cal.fits,SCIENCE,,CAL,,CALJWST,2.0.0,5893,jw05893018007_02101_00001_nrca3_cal.fits,117573120,234456129,PUBLIC,2,F200W
234428735,JWST,image,jw05893018007_02101_00002_nrca2,exposure (L2b): 2D calibrated exposure average over integrations,S,mast:JWST/product/jw05893018007_02101_00002_nrca2_cal.fits,SCIENCE,,CAL,,CALJWST,2.0.0,5893,jw05893018007_02101_00002_nrca2_cal.fits,117570240,234456129,PUBLIC,2,F200W
234428737,JWST,image,jw05893018008_02101_00006_nrca2,exposure (L2b): 2D calibrated exposure average over integrations,S,mast:JWST/product/jw05893018008_02101_00006_nrca2_cal.fits,SCIENCE,,CAL,,CALJWST,2.0.0,5893,jw05893018008_02101_00006_nrca2_cal.fits,117570240,234456129,PUBLIC,2,F200W
234428749,JWST,image,jw05893018007_02101_00003_nrca3,exposure (L2b): 2D calibrated exposure average over integrations,S,mast:JWST/product/jw05893018007_02101_00003_nrca3_cal.fits,SCIENCE,,CAL,,CALJWST,2.0.0,5893,jw05893018007_02101_00003_nrca3_cal.fits,117573120,234456129,PUBLIC,2,F200W
234428756,JWST,image,jw05893018007_02101_00001_nrcb3,exposure (L2b): 2D calibrated exposure average over integrations,S,mast:JWST/product/jw05893018007_02101_00001_nrcb3_cal.fits,SCIENCE,,CAL,,CALJWST,2.0.0,5893,jw05893018007_02101_00001_nrcb3_cal.fits,117573120,234456129,PUBLIC,2,F200W
234428758,JWST,image,jw05893018008_02101_00006_nrcb3,exposure (L2b): 2D calibrated exposure average over integrations,S,mast:JWST/product/jw05893018008_02101_00006_nrcb3_cal.fits,SCIENCE,,CAL,,CALJWST,2.0.0,5893,jw05893018008_02101_00006_nrcb3_cal.fits,117573120,234456129,PUBLIC,2,F200W
234428779,JWST,image,jw05893018007_02101_00004_nrca3,exposure (L2b): 2D calibrated exposure average over integrations,S,mast:JWST/product/jw05893018007_02101_00004_nrca3_cal.fits,SCIENCE,,CAL,,CALJWST,2.0.0,5893,jw05893018007_02101_00004_nrca3_cal.fits,117573120,234456129,PUBLIC,2,F200W
234428782,JWST,image,jw05893018008_02101_00006_nrca1,exposure (L2b): 2D calibrated exposure average over integrations,S,mast:JWST/product/jw05893018008_02101_00006_nrca1_cal.fits,SCIENCE,,CAL,,CALJWST,2.0.0,5893,jw05893018008_02101_00006_nrca1_cal.fits,117570240,234456129,PUBLIC,2,F200W
234428834,JWST,image,jw05893018007_02101_00004_nrca1,exposure (L2b): 2D calibrated exposure average over integrations,S,mast:JWST/product/jw05893018007_02101_00004_nrca1_cal.fits,SCIENCE,,CAL,,CALJWST,2.0.0,5893,jw05893018007_02101_00004_nrca1_cal.fits,117570240,234456129,PUBLIC,2,F200W
234428942,JWST,image,jw05893018007_02101_00002_nrcb3,exposure (L2b): 2D calibrated exposure average over integrations,S,mast:JWST/product/jw05893018007_02101_00002_nrcb3_cal.fits,SCIENCE,,CAL,,CALJWST,2.0.0,5893,jw05893018007_02101_00002_nrcb3_cal.fits,117573120,234456129,PUBLIC,2,F200W
234428961,JWST,image,jw05893018007_02101_00004_nrcb2,exposure (L2b): 2D calibrated exposure average over integrations,S,mast:JWST/product/jw05893018007_02101_00004_nrcb2_cal.fits,SCIENCE,,CAL,,CALJWST,2.0.0,5893,jw05893018007_02101_00004_nrcb2_cal.fits,117573120,234456129,PUBLIC,2,F200W
234429004,JWST,image,jw05893018007_02101_00003_nrca2,exposure (L2b): 2D calibrated exposure average over integrations,S,mast:JWST/product/jw05893018007_02101_00003_nrca2_cal.fits,SCIENCE,,CAL,,CALJWST,2.0.0,5893,jw05893018007_02101_00003_nrca2_cal.fits,117570240,234456129,PUBLIC,2,F200W
234429017,JWST,image,jw05893018007_02101_00001_nrcb1,exposure (L2b): 2D calibrated exposure average over integrations,S,mast:JWST/product/jw05893018007_02101_00001_nrcb1_cal.fits,SCIENCE,,CAL,,CALJWST,2.0.0,5893,jw05893018007_02101_00001_nrcb1_cal.fits,117573120,234456129,PUBLIC,2,F200W
234429034,JWST,image,jw05893018007_02101_00003_nrcb3,exposure (L2b): 2D calibrated exposure average over integrations,S,mast:JWST/product/jw05893018007_02101_00003_nrcb3_cal.fits,SCIENCE,,CAL,,CALJWST,2.0.0,5893,jw05893018007_02101_00003_nrcb3_cal.fits,117573120,234456129,PUBLIC,2,F200W
234429043,JWST,image,jw05893018007_02101_00004_nrca4,exposure (L2b): 2D calibrated exposure average over integrations,S,mast:JWST/product/jw05893018007_02101_00004_nrca4_cal.fits,SCIENCE,,CAL,,CALJWST,2.0.0,5893,jw05893018007_02101_00004_nrca4_cal.fits,117573120,234456129,PUBLIC,2,F200W
234429065,JWST,image,jw05893018008_02101_00006_nrcb4,exposure (L2b): 2D calibrated exposure average over integrations,S,mast:JWST/product/jw05893018008_02101_00006_nrcb4_cal.fits,SCIENCE,,CAL,,CALJWST,2.0.0,5893,jw05893018008_02101_00006_nrcb4_cal.fits,117573120,234456129,PUBLIC,2,F200W
234429068,JWST,image,jw05893018007_02101_00004_nrcb3,exposure (L2b): 2D calibrated exposure average over integrations,S,mast:JWST/product/jw05893018007_02101_00004_nrcb3_cal.fits,SCIENCE,,CAL,,CALJWST,2.0.0,5893,jw05893018007_02101_00004_nrcb3_cal.fits,117573120,234456129,PUBLIC,2,F200W
234429138,JWST,image,jw05893018007_02101_00001_nrca4,exposure (L2b): 2D calibrated exposure average over integrations,S,mast:JWST/product/jw05893018007_02101_00001_nrca4_cal.fits,SCIENCE,,CAL,,CALJWST,2.0.0,5893,jw05893018007_02101_00001_nrca4_cal.fits,117573120,234456129,PUBLIC,2,F200W
234429153,JWST,image,jw05893018007_02101_00001_nrcb2,exposure (L2b): 2D calibrated exposure average over integrations,S,mast:JWST/product/jw05893018007_02101_00001_nrcb2_cal.fits,SCIENCE,,CAL,,CALJWST,2.0.0,5893,jw05893018007_02101_00001_nrcb2_cal.fits,117573120,234456129,PUBLIC,2,F200W
234429178,JWST,image,jw05893018007_02101_00002_nrcb1,exposure (L2b): 2D calibrated exposure average over integrations,S,mast:JWST/product/jw05893018007_02101_00002_nrcb1_cal.fits,SCIENCE,,CAL,,CALJWST,2.0.0,5893,jw05893018007_02101_00002_nrcb1_cal.fits,117573120,234456129,PUBLIC,2,F200W
234436382,JWST,image,jw05893018005_02101_00005_nrca1,exposure (L2b): 2D calibrated exposure average over integrations,S,mast:JWST/product/jw05893018005_02101_00005_nrca1_cal.fits,SCIENCE,,CAL,,CALJWST,2.0.0,5893,jw05893018005_02101_00005_nrca1_cal.fits,117570240,234456129,PUBLIC,2,F200W
234436474,JWST,image,jw05893018005_02101_00004_nrcb3,exposure (L2b): 2D calibrated exposure average over integrations,S,mast:JWST/product/jw05893018005_02101_00004_nrcb3_cal.fits,SCIENCE,,CAL,,CALJWST,2.0.0,5893,jw05893018005_02101_00004_nrcb3_cal.fits,117573120,234456129,PUBLIC,2,F200W
234436486,JWST,image,jw05893018005_02101_00004_nrca4,exposure (L2b): 2D calibrated exposure average over integrations,S,mast:JWST/product/jw05893018005_02101_00004_nrca4_cal.fits,SCIENCE,,CAL,,CALJWST,2.0.0,5893,jw05893018005_02101_00004_nrca4_cal.fits,117573120,234456129,PUBLIC,2,F200W
234436510,JWST,image,jw05893018005_02101_00005_nrcb2,exposure (L2b): 2D calibrated exposure average over integrations,S,mast:JWST/product/jw05893018005_02101_00005_nrcb2_cal.fits,SCIENCE,,CAL,,CALJWST,2.0.0,5893,jw05893018005_02101_00005_nrcb2_cal.fits,117573120,234456129,PUBLIC,2,F200W
234436609,JWST,image,jw05893018005_02101_00005_nrca4,exposure (L2b): 2D calibrated exposure average over integrations,S,mast:JWST/product/jw05893018005_02101_00005_nrca4_cal.fits,SCIENCE,,CAL,,CALJWST,2.0.0,5893,jw05893018005_02101_00005_nrca4_cal.fits,117573120,234456129,PUBLIC,2,F200W
234436655,JWST,image,jw05893018005_02101_00006_nrca1,exposure (L2b): 2D calibrated exposure average over integrations,S,mast:JWST/product/jw05893018005_02101_00006_nrca1_cal.fits,SCIENCE,,CAL,,CALJWST,2.0.0,5893,jw05893018005_02101_00006_nrca1_cal.fits,117570240,234456129,PUBLIC,2,F200W
234436687,JWST,image,jw05893018005_02101_00004_nrcb1,exposure (L2b): 2D calibrated exposure average over integrations,S,mast:JWST/product/jw05893018005_02101_00004_nrcb1_cal.fits,SCIENCE,,CAL,,CALJWST,2.0.0,5893,jw05893018005_02101_00004_nrcb1_cal.fits,117573120,234456129,PUBLIC,2,F200W
234436702,JWST,image,jw05893018005_02101_00006_nrca4,exposure (L2b): 2D calibrated exposure average over integrations,S,mast:JWST/product/jw05893018005_02101_00006_nrca4_cal.fits,SCIENCE,,CAL,,CALJWST,2.0.0,5893,jw05893018005_02101_00006_nrca4_cal.fits,117573120,234456129,PUBLIC,2,F200W
234436716,JWST,image,jw05893018005_02101_00006_nrcb3,exposure (L2b): 2D calibrated exposure average over integrations,S,mast:JWST/product/jw05893018005_02101_00006_nrcb3_cal.fits,SCIENCE,,CAL,,CALJWST,2.0.0,5893,jw05893018005_02101_00006_nrcb3_cal.fits,117573120,234456129,PUBLIC,2,F200W
234436727,JWST,image,jw05893018005_02101_00005_nrca3,exposure (L2b): 2D calibrated exposure average over integrations,S,mast:JWST/product/jw05893018005_02101_00005_nrca3_cal.fits,SCIENCE,,CAL,,CALJWST,2.0.0,5893,jw05893018005_02101_00005_nrca3_cal.fits,117573120,234456129,PUBLIC,2,F200W
234436751,JWST,image,jw05893018005_02101_00006_nrca2,exposure (L2b): 2D calibrated exposure average over integrations,S,mast:JWST/product/jw05893018005_02101_00006_nrca2_cal.fits,SCIENCE,,CAL,,CALJWST,2.0.0,5893,jw05893018005_02101_00006_nrca2_cal.fits,117570240,234456129,PUBLIC,2,F200W
234436758,JWST,image,jw05893018005_02101_00004_nrcb2,exposure (L2b): 2D calibrated exposure average over integrations,S,mast:JWST/product/jw05893018005_02101_00004_nrcb2_cal.fits,SCIENCE,,CAL,,CALJWST,2.0.0,5893,jw05893018005_02101_00004_nrcb2_cal.fits,117573120,234456129,PUBLIC,2,F200W
234436790,JWST,image,jw05893018005_02101_00005_nrca2,exposure (L2b): 2D calibrated exposure average over integrations,S,mast:JWST/product/jw05893018005_02101_00005_nrca2_cal.fits,SCIENCE,,CAL,,CALJWST,2.0.0,5893,jw05893018005_02101_00005_nrca2_cal.fits,117570240,234456129,PUBLIC,2,F200W
234436814,JWST,image,jw05893018005_02101_00005_nrcb3,exposure (L2b): 2D calibrated exposure average over integrations,S,mast:JWST/product/jw05893018005_02101_00005_nrcb3_cal.fits,SCIENCE,,CAL,,CALJWST,2.0.0,5893,jw05893018005_02101_00005_nrcb3_cal.fits,117573120,234456129,PUBLIC,2,F200W
234436902,JWST,image,jw05893018005_02101_00004_nrca1,exposure (L2b): 2D calibrated exposure average over integrations,S,mast:JWST/product/jw05893018005_02101_00004_nrca1_cal.fits,SCIENCE,,CAL,,CALJWST,2.0.0,5893,jw05893018005_02101_00004_nrca1_cal.fits,117570240,234456129,PUBLIC,2,F200W
234436977,JWST,image,jw05893018005_02101_00005_nrcb1,exposure (L2b): 2D calibrated exposure average over integrations,S,mast:JWST/product/jw05893018005_02101_00005_nrcb1_cal.fits,SCIENCE,,CAL,,CALJWST,2.0.0,5893,jw05893018005_02101_00005_nrcb1_cal.fits,117573120,234456129,PUBLIC,2,F200W
234436992,JWST,image,jw05893018005_02101_00006_nrcb1,exposure (L2b): 2D calibrated exposure average over integrations,S,mast:JWST/product/jw05893018005_02101_00006_nrcb1_cal.fits,SCIENCE,,CAL,,CALJWST,2.0.0,5893,jw05893018005_02101_00006_nrcb1_cal.fits,117573120,234456129,PUBLIC,2,F200W
234437057,JWST,image,jw05893018005_02101_00006_nrcb4,exposure (L2b): 2D calibrated exposure average over integrations,S,mast:JWST/product/jw05893018005_02101_00006_nrcb4_cal.fits,SCIENCE,,CAL,,CALJWST,2.0.0,5893,jw05893018005_02101_00006_nrcb4_cal.fits,117573120,234456129,PUBLIC,2,F200W
234437320,JWST,image,jw05893018005_02101_00006_nrca3,exposure (L2b): 2D calibrated exposure average over integrations,S,mast:JWST/product/jw05893018005_02101_00006_nrca3_cal.fits,SCIENCE,,CAL,,CALJWST,2.0.0,5893,jw05893018005_02101_00006_nrca3_cal.fits,117573120,234456129,PUBLIC,2,F200W
234437410,JWST,image,jw05893018005_02101_00005_nrcb4,exposure (L2b): 2D calibrated exposure average over integrations,S,mast:JWST/product/jw05893018005_02101_00005_nrcb4_cal.fits,SCIENCE,,CAL,,CALJWST,2.0.0,5893,jw05893018005_02101_00005_nrcb4_cal.fits,117573120,234456129,PUBLIC,2,F200W
234437443,JWST,image,jw05893018005_02101_00004_nrcb4,exposure (L2b): 2D calibrated exposure average over integrations,S,mast:JWST/product/jw05893018005_02101_00004_nrcb4_cal.fits,SCIENCE,,CAL,,CALJWST,2.0.0,5893,jw05893018005_02101_00004_nrcb4_cal.fits,117573120,234456129,PUBLIC,2,F200W
234437470,JWST,image,jw05893018005_02101_00006_nrcb2,exposure (L2b): 2D calibrated exposure average over integrations,S,mast:JWST/product/jw05893018005_02101_00006_nrcb2_cal.fits,SCIENCE,,CAL,,CALJWST,2.0.0,5893,jw05893018005_02101_00006_nrcb2_cal.fits,117573120,234456129,PUBLIC,2,F200W
234725891,JWST,image,jw05893018004_02101_00001_nrcb1,exposure (L2b): 2D calibrated exposure average over integrations,S,mast:JWST/product/jw05893018004_02101_00001_nrcb1_cal.fits,SCIENCE,,CAL,,CALJWST,2.0.0,5893,jw05893018004_02101_00001_nrcb1_cal.fits,117573120,234456129,PUBLIC,2,F200W
234725913,JWST,image,jw05893018007_02101_00006_nrca2,exposure (L2b): 2D calibrated exposure average over integrations,S,mast:JWST/product/jw05893018007_02101_00006_nrca2_cal.fits,SCIENCE,,CAL,,CALJWST,2.0.0,5893,jw05893018007_02101_00006_nrca2_cal.fits,117570240,234456129,PUBLIC,2,F200W
234725921,JWST,image,jw05893018004_02101_00006_nrca1,exposure (L2b): 2D calibrated exposure average over integrations,S,mast:JWST/product/jw05893018004_02101_00006_nrca1_cal.fits,SCIENCE,,CAL,,CALJWST,2.0.0,5893,jw05893018004_02101_00006_nrca1_cal.fits,117570240,234456129,PUBLIC,2,F200W
