obsID,obs_collection,dataproduct_type,obs_id,description,type,dataURI,productType,productGroupDescription,productSubGroupDescription,productDocumentationURL,project,prvversion,proposal_id,productFilename,size,parent_obsid,dataRights,calib_level,filters
362242199,JWST,image,jw05893020001_02101_00005_nrca3,exposure (L2b): 2D calibrated exposure average over integrations,S,mast:JWST/product/jw05893020001_02101_00005_nrca3_cal.fits,SCIENCE,,CAL,,CALJWST,2.0.0,5893,jw05893020001_02101_00005_nrca3_cal.fits,117573120,368595162,PUBLIC,2,F200W
362242200,JWST,image,jw05893020001_02101_00002_nrcb1,exposure (L2b): 2D calibrated exposure average over integrations,S,mast:JWST/product/jw05893020001_02101_00002_nrcb1_cal.fits,SCIENCE,,CAL,,CALJWST,2.0.0,5893,jw05893020001_02101_00002_nrcb1_cal.fits,117573120,368595162,PUBLIC,2,F200W
362242203,JWST,image,jw05893020001_02101_00005_nrcb4,exposure (L2b): 2D calibrated exposure average over integrations,S,mast:JWST/product/jw05893020001_02101_00005_nrcb4_cal.fits,SCIENCE,,CAL,,CALJWST,2.0.0,5893,jw05893020001_02101_00005_nrcb4_cal.fits,117573120,368595162,PUBLIC,2,F200W
362242205,JWST,image,jw05893020001_02101_00002_nrca2,exposure (L2b): 2D calibrated exposure average over integrations,S,mast:JWST/product/jw05893020001_02101_00002_nrca2_cal.fits,SCIENCE,,CAL,,CALJWST,2.0.0,5893,jw05893020001_02101_00002_nrca2_cal.fits,117570240,368595162,PUBLIC,2,F200W
362242207,JWST,image,jw05893020001_02101_00003_nrcb1,exposure (L2b): 2D calibrated exposure average over integrations,S,mast:JWST/product/jw05893020001_02101_00003_nrcb1_cal.fits,SCIENCE,,CAL,,CALJWST,2.0.0,5893,jw05893020001_02101_00003_nrcb1_cal.fits,117573120,368595162,PUBLIC,2,F200W
362242208,JWST,image,jw05893020001_02101_00003_nrcb3,exposure (L2b): 2D calibrated exposure average over integrations,S,mast:JWST/product/jw05893020001_02101_00003_nrcb3_cal.fits,SCIENCE,,CAL,,CALJWST,2.0.0,5893,jw05893020001_02101_00003_nrcb3_cal.fits,117573120,368595162,PUBLIC,2,F200W
362242209,JWST,image,jw05893020001_02101_00006_nrca4,exposure (L2b): 2D calibrated exposure average over integrations,S,mast:JWST/product/jw05893020001_02101_00006_nrca4_cal.fits,SCIENCE,,CAL,,CALJWST,2.0.0,5893,jw05893020001_02101_00006_nrca4_cal.fits,117573120,368595162,PUBLIC,2,F200W
362242210,JWST,image,jw05893020001_02101_00003_nrca2,exposure (L2b): 2D calibrated exposure average over integrations,S,mast:JWST/product/jw05893020001_02101_00003_nrca2_cal.fits,SCIENCE,,CAL,,CALJWST,2.0.0,5893,jw05893020001_02101_00003_nrca2_cal.fits,117570240,368595162,PUBLIC,2,F200W
362242215,JWST,image,jw05893020001_02101_00004_nrcb1,exposure (L2b): 2D calibrated exposure average over integrations,S,mast:JWST/product/jw05893020001_02101_00004_nrcb1_cal.fits,SCIENCE,,CAL,,CALJWST,2.0.0,5893,jw05893020001_02101_00004_nrcb1_cal.fits,117573120,368595162,PUBLIC,2,F200W
362242216,JWST,image,jw05893020001_02101_00002_nrca4,exposure (L2b): 2D calibrated exposure average over integrations,S,mast:JWST/product/jw05893020001_02101_00002_nrca4_cal.fits,SCIENCE,,CAL,,CALJWST,2.0.0,5893,jw05893020001_02101_00002_nrca4_cal.fits,117573120,368595162,PUBLIC,2,F200W
362242218,JWST,image,jw05893020001_02101_00005_nrca2,exposure (L2b): 2D calibrated exposure average over integrations,S,mast:JWST/product/jw05893020001_02101_00005_nrca2_cal.fits,SCIENCE,,CAL,,CALJWST,2.0.0,5893,jw05893020001_02101_00005_nrca2_cal.fits,117570240,368595162,PUBLIC,2,F200W
362242219,JWST,image,jw05893020001_02101_00006_nrcb1,exposure (L2b): 2D calibrated exposure average over integrations,S,mast:JWST/product/jw05893020001_02101_00006_nrcb1_cal.fits,SCIENCE,,CAL,,CALJWST,2.0.0,5893,jw05893020001_02101_00006_nrcb1_cal.fits,117573120,368595162,PUBLIC,2,F200W
362242221,JWST,image,jw05893020001_02101_00006_nrca2,exposure (L2b): 2D calibrated exposure average over integrations,S,mast:JWST/product/jw05893020001_02101_00006_nrca2_cal.fits,SCIENCE,,CAL,,CALJWST,2.0.0,5893,jw05893020001_02101_00006_nrca2_cal.fits,117570240,368595162,PUBLIC,2,F200W
362242222,JWST,image,jw05893020001_02101_00005_nrcb1,exposure (L2b): 2D calibrated exposure average over integrations,S,mast:JWST/product/jw05893020001_02101_00005_nrcb1_cal.fits,SCIENCE,,CAL,,CALJWST,2.0.0,5893,jw05893020001_02101_00005_nrcb1_cal.fits,117573120,368595162,PUBLIC,2,F200W
362242224,JWST,image,jw05893020001_02101_00004_nrcb2,exposure (L2b): 2D calibrated exposure average over integrations,S,mast:JWST/product/jw05893020001_02101_00004_nrcb2_cal.fits,SCIENCE,,CAL,,CALJWST,2.0.0,5893,jw05893020001_02101_00004_nrcb2_cal.fits,117573120,368595162,PUBLIC,2,F200W
362242231,JWST,image,jw05893020001_02101_00005_nrca1,exposure (L2b): 2D calibrated exposure average over integrations,S,mast:JWST/product/jw05893020001_02101_00005_nrca1_cal.fits,SCIENCE,,CAL,,CALJWST,2.0.0,5893,jw05893020001_02101_00005_nrca1_cal.fits,117570240,368595162,PUBLIC,2,F200W
362242238,JWST,image,jw05893020001_02101_00002_nrcb2,exposure (L2b): 2D calibrated exposure average over integrations,S,mast:JWST/product/jw05893020001_02101_00002_nrcb2_cal.fits,SCIENCE,,CAL,,CALJWST,2.0.0,5893,jw05893020001_02101_00002_nrcb2_cal.fits,117573120,368595162,PUBLIC,2,F200W
362242239,JWST,image,jw05893020001_02101_00006_nrcb2,exposure (L2b): 2D calibrated exposure average over integrations,S,mast:JWST/product/jw05893020001_02101_00006_nrcb2_cal.fits,SCIENCE,,CAL,,CALJWST,2.0.0,5893,jw05893020001_02101_00006_nrcb2_cal.fits,117573120,368595162,PUBLIC,2,F200W
362242240,JWST,image,jw05893020001_02101_00003_nrcb4,exposure (L2b): 2D calibrated exposure average over integrations,S,mast:JWST/product/jw05893020001_02101_00003_nrcb4_cal.fits,SCIENCE,,CAL,,CALJWST,2.0.0,5893,jw05893020001_02101_00003_nrcb4_cal.fits,117573120,368595162,PUBLIC,2,F200W
362242244,JWST,image,jw05893020001_02101_00005_nrcb2,exposure (L2b): 2D calibrated exposure average over integrations,S,mast:JWST/product/jw05893020001_02101_00005_nrcb2_cal.fits,SCIENCE,,CAL,,CALJWST,2.0.0,5893,jw05893020001_02101_00005_nrcb2_cal.fits,117573120,368595162,PUBLIC,2,F200W
362242247,JWST,image,jw05893020001_02101_00005_nrcb3,exposure (L2b): 2D calibrated exposure average over integrations,S,mast:JWST/product/jw05893020001_02101_00005_nrcb3_cal.fits,SCIENCE,,CAL,,CALJWST,2.0.0,5893,jw05893020001_02101_00005_nrcb3_cal.fits,117573120,368595162,PUBLIC,2,F200W
362242248,JWST,image,jw05893020001_02101_00002_nrca3,exposure (L2b): 2D calibrated exposure average over integrations,S,mast:JWST/product/jw05893020001_02101_00002_nrca3_cal.fits,SCIENCE,,CAL,,CALJWST,2.0.0,5893,jw05893020001_02101_00002_nrca3_cal.fits,117573120,368595162,PUBLIC,2,F200W
362242250,JWST,image,jw05893020001_02101_00006_nrcb4,exposure (L2b): 2D calibrated exposure average over integrations,S,mast:JWST/product/jw05893020001_02101_00006_nrcb4_cal.fits,SCIENCE,,CAL,,CALJWST,2.0.0,5893,jw05893020001_02101_00006_nrcb4_cal.fits,117573120,368595162,PUBLIC,2,F200W
362242252,JWST,image,jw05893020001_02101_00003_nrca1,exposure (L2b): 2D calibrated exposure average over integrations,S,mast:JWST/product/jw05893020001_02101_00003_nrca1_cal.fits,SCIENCE,,CAL,,CALJWST,2.0.0,5893,jw05893020001_02101_00003_nrca1_cal.fits,117570240,368595162,PUBLIC,2,F200W
362242253,JWST,image,jw05893020001_02101_00002_nrca1,exposure (L2b): 2D calibrated exposure average over integrations,S,mast:JWST/product/jw05893020001_02101_00002_nrca1_cal.fits,SCIENCE,,CAL,,CALJWST,2.0.0,5893,jw05893020001_02101_00002_nrca1_cal.fits,117570240,368595162,PUBLIC,2,F200W
362242257,JWST,image,jw05893020001_02101_00002_nrcb4,exposure (L2b): 2D calibrated exposure average over integrations,S,mast:JWST/product/jw05893020001_02101_00002_nrcb4_cal.fits,SCIENCE,,CAL,,CALJWST,2.0.0,5893,jw05893020001_02101_00002_nrcb4_cal.fits,117573120,368595162,PUBLIC,2,F200W
362242260,JWST,image,jw05893020001_02101_00006_nrca3,exposure (L2b): 2D calibrated exposure average over integrations,S,mast:JWST/product/jw05893020001_02101_00006_nrca3_cal.fits,SCIENCE,,CAL,,CALJWST,2.0.0,5893,jw05893020001_02101_00006_nrca3_cal.fits,117573120,368595162,PUBLIC,2,F200W
362242261,JWST,image,jw05893020001_02101_00004_nrca1,exposure (L2b): 2D calibrated exposure average over integrations,S,mast:JWST/product/jw05893020001_02101_00004_nrca1_cal.fits,SCIENCE,,CAL,,CALJWST,2.0.0,5893,jw05893020001_02101_00004_nrca1_cal.fits,117570240,368595162,PUBLIC,2,F200W
362242265,JWST,image,jw05893020001_02101_00003_nrca3,exposure (L2b): 2D calibrated exposure average over integrations,S,mast:JWST/product/jw05893020001_02101_00003_nrca3_cal.fits,SCIENCE,,CAL,,CALJWST,2.0.0,5893,jw05893020001_02101_00003_nrca3_cal.fits,117573120,368595162,PUBLIC,2,F200W
362242268,JWST,image,jw05893020001_02101_00004_nrcb3,exposure (L2b): 2D calibrated exposure average over integrations,S,mast:JWST/product/jw05893020001_02101_00004_nrcb3_cal.fits,SCIENCE,,CAL,,CALJWST,2.0.0,5893,jw05893020001_02101_00004_nrcb3_cal.fits,117573120,368595162,PUBLIC,2,F200W
362242270,JWST,image,jw05893020001_02101_00006_nrca1,exposure (L2b): 2D calibrated exposure average over integrations,S,mast:JWST/product/jw05893020001_02101_00006_nrca1_cal.fits,SCIENCE,,CAL,,CALJWST,2.0.0,5893,jw05893020001_02101_00006_nrca1_cal.fits,117570240,368595162,PUBLIC,2,F200W
362242271,JWST,image,jw05893020001_02101_00006_nrcb3,exposure (L2b): 2D calibrated exposure average over integrations,S,mast:JWST/product/jw05893020001_02101_00006_nrcb3_cal.fits,SCIENCE,,CAL,,CALJWST,2.0.0,5893,jw05893020001_02101_00006_nrcb3_cal.fits,117573120,368595162,PUBLIC,2,F200W
362242272,JWST,image,jw05893020001_02101_00004_nrca3,exposure (L2b): 2D calibrated exposure average over integrations,S,mast:JWST/product/jw05893020001_02101_00004_nrca3_cal.fits,SCIENCE,,CAL,,CALJWST,2.0.0,5893,jw05893020001_02101_00004_nrca3_cal.fits,117573120,368595162,PUBLIC,2,F200W
362242273,JWST,image,jw05893020001_02101_00003_nrcb2,exposure (L2b): 2D calibrated exposure average over integrations,S,mast:JWST/product/jw05893020001_02101_00003_nrcb2_cal.fits,SCIENCE,,CAL,,CALJWST,2.0.0,5893,jw05893020001_02101_00003_nrcb2_cal.fits,117573120,368595162,PUBLIC,2,F200W
362242274,JWST,image,jw05893020001_02101_00004_nrcb4,exposure (L2b): 2D calibrated exposure average over integrations,S,mast:JWST/product/jw05893020001_02101_00004_nrcb4_cal.fits,SCIENCE,,CAL,,CALJWST,2.0.0,5893,jw05893020001_02101_00004_nrcb4_cal.fits,117573120,368595162,PUBLIC,2,F200W
362242275,JWST,image,jw05893020001_02101_00002_nrcb3,exposure (L2b): 2D calibrated exposure average over integrations,S,mast:JWST/product/jw05893020001_02101_00002_nrcb3_cal.fits,SCIENCE,,CAL,,CALJWST,2.0.0,5893,jw05893020001_02101_00002_nrcb3_cal.fits,117573120,368595162,PUBLIC,2,F200W
362242278,JWST,image,jw05893020001_02101_00004_nrca4,exposure (L2b): 2D calibrated exposure average over integrations,S,mast:JWST/product/jw05893020001_02101_00004_nrca4_cal.fits,SCIENCE,,CAL,,CALJWST,2.0.0,5893,jw05893020001_02101_00004_nrca4_cal.fits,117573120,368595162,PUBLIC,2,F200W
362242279,JWST,image,jw05893020001_02101_00005_nrca4,exposure (L2b): 2D calibrated exposure average over integrations,S,mast:JWST/product/jw05893020001_02101_00005_nrca4_cal.fits,SCIENCE,,CAL,,CALJWST,2.0.0,5893,jw05893020001_02101_00005_nrca4_cal.fits,117573120,368595162,PUBLIC,2,F200W
362242280,JWST,image,jw05893020001_02101_00003_nrca4,exposure (L2b): 2D calibrated exposure average over integrations,S,mast:JWST/product/jw05893020001_02101_00003_nrca4_cal.fits,SCIENCE,,CAL,,CALJWST,2.0.0,5893,jw05893020001_02101_00003_nrca4_cal.fits,117573120,368595162,PUBLIC,2,F200W
362242281,JWST,image,jw05893020001_02101_00004_nrca2,exposure (L2b): 2D calibrated exposure average over integrations,S,mast:JWST/product/jw05893020001_02101_00004_nrca2_cal.fits,SCIENCE,,CAL,,CALJWST,2.0.0,5893,jw05893020001_02101_00004_nrca2_cal.fits,117570240,368595162,PUBLIC,2,F200W
363057768,JWST,image,jw05893020002_02101_00001_nrca3,exposure (L2b): 2D calibrated exposure average over integrations,S,mast:JWST/product/jw05893020002_02101_00001_nrca3_cal.fits,SCIENCE,,CAL,,CALJWST,2.0.0,5893,jw05893020002_02101_00001_nrca3_cal.fits,117573120,368595162,PUBLIC,2,F200W
363057775,JWST,image,jw05893020002_02101_00005_nrcb4,exposure (L2b): 2D calibrated exposure average over integrations,S,mast:JWST/product/jw05893020002_02101_00005_nrcb4_cal.fits,SCIENCE,,CAL,,CALJWST,2.0.0,5893,jw05893020002_02101_00005_nrcb4_cal.fits,117573120,368595162,PUBLIC,2,F200W
363057781,JWST,image,jw05893020002_02101_00004_nrcb3,exposure (L2b): 2D calibrated exposure average over integrations,S,mast:JWST/product/jw05893020002_02101_00004_nrcb3_cal.fits,SCIENCE,,CAL,,CALJWST,2.0.0,5893,jw05893020002_02101_00004_nrcb3_cal.fits,117573120,368595162,PUBLIC,2,F200W
363057788,JWST,image,jw05893020002_02101_00005_nrcb1,exposure (L2b): 2D calibrated exposure average over integrations,S,mast:JWST/product/jw05893020002_02101_00005_nrcb1_cal.fits,SCIENCE,,CAL,,CALJWST,2.0.0,5893,jw05893020002_02101_00005_nrcb1_cal.fits,117573120,368595162,PUBLIC,2,F200W
363057794,JWST,image,jw05893020002_02101_00006_nrcb2,exposure (L2b): 2D calibrated exposure average over integrations,S,mast:JWST/product/jw05893020002_02101_00006_nrcb2_cal.fits,SCIENCE,,CAL,,CALJWST,2.0.0,5893,jw05893020002_02101_00006_nrcb2_cal.fits,117573120,368595162,PUBLIC,2,F200W
363057801,JWST,image,jw05893020002_02101_00004_nrca1,exposure (L2b): 2D calibrated exposure average over integrations,S,mast:JWST/product/jw05893020002_02101_00004_nrca1_cal.fits,SCIENCE,,CAL,,CALJWST,2.0.0,5893,jw05893020002_02101_00004_nrca1_cal.fits,117570240,368595162,PUBLIC,2,F200W
363057808,JWST,image,jw05893020002_02101_00004_nrca3,exposure (L2b): 2D calibrated exposure average over integrations,S,mast:JWST/product/jw05893020002_02101_00004_nrca3_cal.fits,SCIENCE,,CAL,,CALJWST,2.0.0,5893,jw05893020002_02101_00004_nrca3_cal.fits,117573120,368595162,PUBLIC,2,F200W
363057813,JWST,image,jw05893020002_02101_00003_nrcb3,exposure (L2b): 2D calibrated exposure average over integrations,S,mast:JWST/product/jw05893020002_02101_00003_nrcb3_cal.fits,SCIENCE,,CAL,,CALJWST,2.0.0,5893,jw05893020002_02101_00003_nrcb3_cal.fits,117573120,368595162,PUBLIC,2,F200W
363057826,JWST,image,jw05893020002_02101_00004_nrca2,exposure (L2b): 2D calibrated exposure average over integrations,S,mast:JWST/product/jw05893020002_02101_00004_nrca2_cal.fits,SCIENCE,,CAL,,CALJWST,2.0.0,5893,jw05893020002_02101_00004_nrca2_cal.fits,117570240,368595162,PUBLIC,2,F200W
363057835,JWST,image,jw05893020002_02101_00003_nrca1,exposure (L2b): 2D calibrated exposure average over integrations,S,mast:JWST/product/jw05893020002_02101_00003_nrca1_cal.fits,SCIENCE,,CAL,,CALJWST,2.0.0,5893,jw05893020002_02101_00003_nrca1_cal.fits,117570240,368595162,PUBLIC,2,F200W
363057840,JWST,image,jw05893020002_02101_00002_nrca3,exposure (L2b): 2D calibrated exposure average over integrations,S,mast:JWST/product/jw05893020002_02101_00002_nrca3_cal.fits,SCIENCE,,CAL,,CALJWST,2.0.0,5893,jw05893020002_02101_00002_nrca3_cal.fits,117573120,368595162,PUBLIC,2,F200W
363057846,JWST,image,jw05893020002_02101_00003_nrca4,exposure (L2b): 2D calibrated exposure average over integrations,S,mast:JWST/product/jw05893020002_02101_00003_nrca4_cal.fits,SCIENCE,,CAL,,CALJWST,2.0.0,5893,jw05893020002_02101_00003_nrca4_cal.fits,117573120,368595162,PUBLIC,2,F200W
363057855,JWST,image,jw05893020002_02101_00002_nrca4,exposure (L2b): 2D calibrated exposure average over integrations,S,mast:JWST/product/jw05893020002_02101_00002_nrca4_cal.fits,SCIENCE,,CAL,,CALJWST,2.0.0,5893,jw05893020002_02101_00002_nrca4_cal.fits,117573120,368595162,PUBLIC,2,F200W
363057867,JWST,image,jw05893020002_02101_00002_nrca1,exposure (L2b): 2D calibrated exposure average over integrations,S,mast:JWST/product/jw05893020002_02101_00002_nrca1_cal.fits,SCIENCE,,CAL,,CALJWST,2.0.0,5893,jw05893020002_02101_00002_nrca1_cal.fits,117570240,368595162,PUBLIC,2,F200W
363057874,JWST,image,jw05893020002_02101_00001_nrcb4,exposure (L2b): 2D calibrated exposure average over integrations,S,mast:JWST/product/jw05893020002_02101_00001_nrcb4_cal.fits,SCIENCE,,CAL,,CALJWST,2.0.0,5893,jw05893020002_02101_00001_nrcb4_cal.fits,117573120,368595162,PUBLIC,2,F200W
363057887,JWST,image,jw05893020002_02101_00004_nrcb2,exposure (L2b): 2D calibrated exposure average over integrations,S,mast:JWST/product/jw05893020002_02101_00004_nrcb2_cal.fits,SCIENCE,,CAL,,CALJWST,2.0.0,5893,jw05893020002_02101_00004_nrcb2_cal.fits,117573120,368595162,PUBLIC,2,F200W
363057894,JWST,image,jw05893020002_02101_00003_nrcb4,exposure (L2b): 2D calibrated exposure average over integrations,S,mast:JWST/product/jw05893020002_02101_00003_nrcb4_cal.fits,SCIENCE,,CAL,,CALJWST,2.0.0,5893,jw05893020002_02101_00003_nrcb4_cal.fits,117573120,368595162,PUBLIC,2,F200W
363057902,JWST,image,jw05893020002_02101_00003_nrcb2,exposure (L2b): 2D calibrated exposure average over integrations,S,mast:JWST/product/jw05893020002_02101_00003_nrcb2_cal.fits,SCIENCE,,CAL,,CALJWST,2.0.0,5893,jw05893020002_02101_00003_nrcb2_cal.fits,117573120,368595162,PUBLIC,2,F200W
363057905,JWST,image,jw05893020002_02101_00006_nrca4,exposure (L2b): 2D calibrated exposure average over integrations,S,mast:JWST/product/jw05893020002_02101_00006_nrca4_cal.fits,SCIENCE,,CAL,,CALJWST,2.0.0,5893,jw05893020002_02101_00006_nrca4_cal.fits,117573120,368595162,PUBLIC,2,F200W
363057913,JWST,image,jw05893020002_02101_00002_nrcb3,exposure (L2b): 2D calibrated exposure average over integrations,S,mast:JWST/product/jw05893020002_02101_00002_nrcb3_cal.fits,SCIENCE,,CAL,,CALJWST,2.0.0,5893,jw05893020002_02101_00002_nrcb3_cal.fits,117573120,368595162,PUBLIC,2,F200W
363057919,JWST,image,jw05893020002_02101_00006_nrca3,exposure (L2b): 2D calibrated exposure average over integrations,S,mast:JWST/product/jw05893020002_02101_00006_nrca3_cal.fits,SCIENCE,,CAL,,CALJWST,2.0.0,5893,jw05893020002_02101_00006_nrca3_cal.fits,117573120,368595162,PUBLIC,2,F200W
363057939,JWST,image,jw05893020002_02101_00003_nrca2,exposure (L2b): 2D calibrated exposure average over integrations,S,mast:JWST/product/jw05893020002_02101_00003_nrca2_cal.fits,SCIENCE,,CAL,,CALJWST,2.0.0,5893,jw05893020002_02101_00003_nrca2_cal.fits,117570240,368595162,PUBLIC,2,F200W
363057943,JWST,image,jw05893020002_02101_00006_nrcb3,exposure (L2b): 2D calibrated exposure average over integrations,S,mast:JWST/product/jw05893020002_02101_00006_nrcb3_cal.fits,SCIENCE,,CAL,,CALJWST,2.0.0,5893,jw05893020002_02101_00006_nrcb3_cal.fits,117573120,368595162,PUBLIC,2,F200W
363057951,JWST,image,jw05893020002_02101_00001_nrca4,exposure (L2b): 2D calibrated exposure average over integrations,S,mast:JWST/product/jw05893020002_02101_00001_nrca4_cal.fits,SCIENCE,,CAL,,CALJWST,2.0.0,5893,jw05893020002_02101_00001_nrca4_cal.fits,117573120,368595162,PUBLIC,2,F200W
363057958,JWST,image,jw05893020002_02101_00002_nrcb4,exposure (L2b): 2D calibrated exposure average over integrations,S,mast:JWST/product/jw05893020002_02101_00002_nrcb4_cal.fits,SCIENCE,,CAL,,CALJWST,2.0.0,5893,jw05893020002_02101_00002_nrcb4_cal.fits,117573120,368595162,PUBLIC,2,F200W
363057969,JWST,image,jw05893020002_02101_00006_nrcb1,exposure (L2b): 2D calibrated exposure average over integrations,S,mast:JWST/product/jw05893020002_02101_00006_nrcb1_cal.fits,SCIENCE,,CAL,,CALJWST,2.0.0,5893,jw05893020002_02101_00006_nrcb1_cal.fits,117573120,368595162,PUBLIC,2,F200W
363057977,JWST,image,jw05893020002_02101_00004_nrca4,exposure (L2b): 2D calibrated exposure average over integrations,S,mast:JWST/product/jw05893020002_02101_00004_nrca4_cal.fits,SCIENCE,,CAL,,CALJWST,2.0.0,5893,jw05893020002_02101_00004_nrca4_cal.fits,117573120,368595162,PUBLIC,2,F200W
363057982,JWST,image,jw05893020002_02101_00005_nrca1,exposure (L2b): 2D calibrated exposure average over integrations,S,mast:JWST/product/jw05893020002_02101_00005_nrca1_cal.fits,SCIENCE,,CAL,,CALJWST,2.0.0,5893,jw05893020002_02101_00005_nrca1_cal.fits,117570240,368595162,PUBLIC,2,F200W
363057996,JWST,image,jw05893020002_02101_00001_nrca2,exposure (L2b): 2D calibrated exposure average over integrations,S,mast:JWST/product/jw05893020002_02101_00001_nrca2_cal.fits,SCIENCE,,CAL,,CALJWST,2.0.0,5893,jw05893020002_02101_00001_nrca2_cal.fits,117570240,368595162,PUBLIC,2,F200W
363058003,JWST,image,jw05893020002_02101_00001_nrcb2,exposure (L2b): 2D calibrated exposure average over integrations,S,mast:JWST/product/jw05893020002_02101_00001_nrcb2_cal.fits,SCIENCE,,CAL,,CALJWST,2.0.0,5893,jw05893020002_02101_00001_nrcb2_cal.fits,117573120,368595162,PUBLIC,2,F200W
363058016,JWST,image,jw05893020002_02101_00004_nrcb4,exposure (L2b): 2D calibrated exposure average over integrations,S,mast:JWST/product/jw05893020002_02101_00004_nrcb4_cal.fits,SCIENCE,,CAL,,CALJWST,2.0.0,5893,jw05893020002_02101_00004_nrcb4_cal.fits,117573120,368595162,PUBLIC,2,F200W
363058026,JWST,image,jw05893020002_02101_00006_nrcb4,exposure (L2b): 2D calibrated exposure average over integrations,S,mast:JWST/product/jw05893020002_02101_00006_nrcb4_cal.fits,SCIENCE,,CAL,,CALJWST,2.0.0,5893,jw05893020002_02101_00006_nrcb4_cal.fits,117573120,368595162,PUBLIC,2,F200W
363058032,JWST,image,jw05893020002_02101_00003_nrcb1,exposure (L2b): 2D calibrated exposure average over integrations,S,mast:JWST/product/jw05893020002_02101_00003_nrcb1_cal.fits,SCIENCE,,CAL,,CALJWST,2.0.0,5893,jw05893020002_02101_00003_nrcb1_cal.fits,117573120,368595162,PUBLIC,2,F200W
363058039,JWST,image,jw05893020002_02101_00005_nrca3,exposure (L2b): 2D calibrated exposure average over integrations,S,mast:JWST/product/jw05893020002_02101_00005_nrca3_cal.fits,SCIENCE,,CAL,,CALJWST,2.0.0,5893,jw05893020002_02101_00005_nrca3_cal.fits,117573120,368595162,PUBLIC,2,F200W
363058051,JWST,image,jw05893020002_02101_00005_nrca2,exposure (L2b): 2D calibrated exposure average over integrations,S,mast:JWST/product/jw05893020002_02101_00005_nrca2_cal.fits,SCIENCE,,CAL,,CALJWST,2.0.0,5893,jw05893020002_02101_00005_nrca2_cal.fits,117570240,368595162,PUBLIC,2,F200W
363058052,JWST,image,jw05893020002_02101_00001_nrca1,exposure (L2b): 2D calibrated exposure average over integrations,S,mast:JWST/product/jw05893020002_02101_00001_nrca1_cal.fits,SCIENCE,,CAL,,CALJWST,2.0.0,5893,jw05893020002_02101_00001_nrca1_cal.fits,117570240,368595162,PUBLIC,2,F200W
363058054,JWST,image,jw05893020002_02101_00001_nrcb1,exposure (L2b): 2D calibrated exposure average over integrations,S,mast:JWST/product/jw05893020002_02101_00001_nrcb1_cal.fits,SCIENCE,,CAL,,CALJWST,2.0.0,5893,jw05893020002_02101_00001_nrcb1_cal.fits,117573120,368595162,PUBLIC,2,F200W
363058056,JWST,image,jw05893020002_02101_00005_nrca4,exposure (L2b): 2D calibrated exposure average over integrations,S,mast:JWST/product/jw05893020002_02101_00005_nrca4_cal.fits,SCIENCE,,CAL,,CALJWST,2.0.0,5893,jw05893020002_02101_00005_nrca4_cal.fits,117573120,368595162,PUBLIC,2,F200W
363058057,JWST,image,jw05893020002_02101_00005_nrcb3,exposure (L2b): 2D calibrated exposure average over integrations,S,mast:JWST/product/jw05893020002_02101_00005_nrcb3_cal.fits,SCIENCE,,CAL,,CALJWST,2.0.0,5893,jw05893020002_02101_00005_nrcb3_cal.fits,117573120,368595162,PUBLIC,2,F200W
363058058,JWST,image,jw05893020002_02101_00005_nrcb2,exposure (L2b): 2D calibrated exposure average over integrations,S,mast:JWST/product/jw05893020002_02101_00005_nrcb2_cal.fits,SCIENCE,,CAL,,CALJWST,2.0.0,5893,jw05893020002_02101_00005_nrcb2_cal.fits,117573120,368595162,PUBLIC,2,F200W
363058060,JWST,image,jw05893020002_02101_00006_nrca1,exposure (L2b): 2D calibrated exposure average over integrations,S,mast:JWST/product/jw05893020002_02101_00006_nrca1_cal.fits,SCIENCE,,CAL,,CALJWST,2.0.0,5893,jw05893020002_02101_00006_nrca1_cal.fits,117570240,368595162,PUBLIC,2,F200W
363058063,JWST,image,jw05893020002_02101_00003_nrca3,exposure (L2b): 2D calibrated exposure average over integrations,S,mast:JWST/product/jw05893020002_02101_00003_nrca3_cal.fits,SCIENCE,,CAL,,CALJWST,2.0.0,5893,jw05893020002_02101_00003_nrca3_cal.fits,117573120,368595162,PUBLIC,2,F200W
363058064,JWST,image,jw05893020002_02101_00002_nrcb2,exposure (L2b): 2D calibrated exposure average over integrations,S,mast:JWST/product/jw05893020002_02101_00002_nrcb2_cal.fits,SCIENCE,,CAL,,CALJWST,2.0.0,5893,jw05893020002_02101_00002_nrcb2_cal.fits,117573120,368595162,PUBLIC,2,F200W
363058065,JWST,image,jw05893020002_02101_00004_nrcb1,exposure (L2b): 2D calibrated exposure average over integrations,S,mast:JWST/product/jw05893020002_02101_00004_nrcb1_cal.fits,SCIENCE,,CAL,,CALJWST,2.0.0,5893,jw05893020002_02101_00004_nrcb1_cal.fits,117573120,368595162,PUBLIC,2,F200W
363058078,JWST,image,jw05893020002_02101_00006_nrca2,exposure (L2b): 2D calibrated exposure average over integrations,S,mast:JWST/product/jw05893020002_02101_00006_nrca2_cal.fits,SCIENCE,,CAL,,CALJWST,2.0.0,5893,jw05893020002_02101_00006_nrca2_cal.fits,117570240,368595162,PUBLIC,2,F200W
363058085,JWST,image,jw05893020002_02101_00001_nrcb3,exposure (L2b): 2D calibrated exposure average over integrations,S,mast:JWST/product/jw05893020002_02101_00001_nrcb3_cal.fits,SCIENCE,,CAL,,CALJWST,2.0.0,5893,jw05893020002_02101_00001_nrcb3_cal.fits,117573120,368595162,PUBLIC,2,F200W
363058093,JWST,image,jw05893020002_02101_00002_nrcb1,exposure (L2b): 2D calibrated exposure average over integrations,S,mast:JWST/product/jw05893020002_02101_00002_nrcb1_cal.fits,SCIENCE,,CAL,,CALJWST,2.0.0,5893,jw05893020002_02101_00002_nrcb1_cal.fits,117573120,368595162,PUBLIC,2,F200W
363058099,JWST,image,jw05893020002_02101_00002_nrca2,exposure (L2b): 2D calibrated exposure average over integrations,S,mast:JWST/product/jw05893020002_02101_00002_nrca2_cal.fits,SCIENCE,,CAL,,CALJWST,2.0.0,5893,jw05893020002_02101_00002_nrca2_cal.fits,117570240,368595162,PUBLIC,2,F200W
363167605,JWST,image,jw05893020003_02101_00005_nrcb3,exposure (L2b): 2D calibrated exposure average over integrations,S,mast:JWST/product/jw05893020003_02101_00005_nrcb3_cal.fits,SCIENCE,,CAL,,CALJWST,2.0.0,5893,jw05893020003_02101_00005_nrcb3_cal.fits,117573120,368595162,PUBLIC,2,F200W
363167606,JWST,image,jw05893020003_02101_00005_nrca1,exposure (L2b): 2D calibrated exposure average over integrations,S,mast:JWST/product/jw05893020003_02101_00005_nrca1_cal.fits,SCIENCE,,CAL,,CALJWST,2.0.0,5893,jw05893020003_02101_00005_nrca1_cal.fits,117570240,368595162,PUBLIC,2,F200W
363167607,JWST,image,jw05893020003_02101_00006_nrca3,exposure (L2b): 2D calibrated exposure average over integrations,S,mast:JWST/product/jw05893020003_02101_00006_nrca3_cal.fits,SCIENCE,,CAL,,CALJWST,2.0.0,5893,jw05893020003_02101_00006_nrca3_cal.fits,117573120,368595162,PUBLIC,2,F200W
363167608,JWST,image,jw05893020003_02101_00004_nrcb2,exposure (L2b): 2D calibrated exposure average over integrations,S,mast:JWST/product/jw05893020003_02101_00004_nrcb2_cal.fits,SCIENCE,,CAL,,CALJWST,2.0.0,5893,jw05893020003_02101_00004_nrcb2_cal.fits,117573120,368595162,PUBLIC,2,F200W
363167609,JWST,image,jw05893020003_02101_00005_nrcb1,exposure (L2b): 2D calibrated exposure average over integrations,S,mast:JWST/product/jw05893020003_02101_00005_nrcb1_cal.fits,SCIENCE,,CAL,,CALJWST,2.0.0,5893,jw05893020003_02101_00005_nrcb1_cal.fits,117573120,368595162,PUBLIC,2,F200W
363167612,JWST,image,jw05893020003_02101_00002_nrcb4,exposure (L2b): 2D calibrated exposure average over integrations,S,mast:JWST/product/jw05893020003_02101_00002_nrcb4_cal.fits,SCIENCE,,CAL,,CALJWST,2.0.0,5893,jw05893020003_02101_00002_nrcb4_cal.fits,117573120,368595162,PUBLIC,2,F200W
363167613,JWST,image,jw05893020003_02101_00002_nrca1,exposure (L2b): 2D calibrated exposure average over integrations,S,mast:JWST/product/jw05893020003_02101_00002_nrca1_cal.fits,SCIENCE,,CAL,,CALJWST,2.0.0,5893,jw05893020003_02101_00002_nrca1_cal.fits,117570240,368595162,PUBLIC,2,F200W
363167614,JWST,image,jw05893020003_02101_00005_nrca2,exposure (L2b): 2D calibrated exposure average over integrations,S,mast:JWST/product/jw05893020003_02101_00005_nrca2_cal.fits,SCIENCE,,CAL,,CALJWST,2.0.0,5893,jw05893020003_02101_00005_nrca2_cal.fits,117570240,368595162,PUBLIC,2,F200W
363167615,JWST,image,jw05893020003_02101_00005_nrcb4,exposure (L2b): 2D calibrated exposure average over integrations,S,mast:JWST/product/jw05893020003_02101_00005_nrcb4_cal.fits,SCIENCE,,CAL,,CALJWST,2.0.0,5893,jw05893020003_02101_00005_nrcb4_cal.fits,117573120,368595162,PUBLIC,2,F200W
363167618,JWST,image,jw05893020003_02101_00003_nrcb2,exposure (L2b): 2D calibrated exposure average over integrations,S,mast:JWST/product/jw05893020003_02101_00003_nrcb2_cal.fits,SCIENCE,,CAL,,CALJWST,2.0.0,5893,jw05893020003_02101_00003_nrcb2_cal.fits,117573120,368595162,PUBLIC,2,F200W
363167619,JWST,image,jw05893020003_02101_00002_nrca2,exposure (L2b): 2D calibrated exposure average over integrations,S,mast:JWST/product/jw05893020003_02101_00002_nrca2_cal.fits,SCIENCE,,CAL,,CALJWST,2.0.0,5893,jw05893020003_02101_00002_nrca2_cal.fits,117570240,368595162,PUBLIC,2,F200W
363167620,JWST,image,jw05893020003_02101_00002_nrca3,exposure (L2b): 2D calibrated exposure average over integrations,S,mast:JWST/product/jw05893020003_02101_00002_nrca3_cal.fits,SCIENCE,,CAL,,CALJWST,2.0.0,5893,jw05893020003_02101_00002_nrca3_cal.fits,117573120,368595162,PUBLIC,2,F200W
363167622,JWST,image,jw05893020003_02101_00001_nrca1,exposure (L2b): 2D calibrated exposure average over integrations,S,mast:JWST/product/jw05893020003_02101_00001_nrca1_cal.fits,SCIENCE,,CAL,,CALJWST,2.0.0,5893,jw05893020003_02101_00001_nrca1_cal.fits,117570240,368595162,PUBLIC,2,F200W
363167638,JWST,image,jw05893020003_02101_00006_nrcb1,exposure (L2b): 2D calibrated exposure average over integrations,S,mast:JWST/product/jw05893020003_02101_00006_nrcb1_cal.fits,SCIENCE,,CAL,,CALJWST,2.0.0,5893,jw05893020003_02101_00006_nrcb1_cal.fits,117573120,368595162,PUBLIC,2,F200W
363167648,JWST,image,jw05893020003_02101_00002_nrca4,exposure (L2b): 2D calibrated exposure average over integrations,S,mast:JWST/product/jw05893020003_02101_00002_nrca4_cal.fits,SCIENCE,,CAL,,CALJWST,2.0.0,5893,jw05893020003_02101_00002_nrca4_cal.fits,117573120,368595162,PUBLIC,2,F200W
363167649,JWST,image,jw05893020003_02101_00006_nrca2,exposure (L2b): 2D calibrated exposure average over integrations,S,mast:JWST/product/jw05893020003_02101_00006_nrca2_cal.fits,SCIENCE,,CAL,,CALJWST,2.0.0,5893,jw05893020003_02101_00006_nrca2_cal.fits,117570240,368595162,PUBLIC,2,F200W
363167650,JWST,image,jw05893020003_02101_00003_nrca4,exposure (L2b): 2D calibrated exposure average over integrations,S,mast:JWST/product/jw05893020003_02101_00003_nrca4_cal.fits,SCIENCE,,CAL,,CALJWST,2.0.0,5893,jw05893020003_02101_00003_nrca4_cal.fits,117573120,368595162,PUBLIC,2,F200W
363167657,JWST,image,jw05893020003_02101_00004_nrcb1,exposure (L2b): 2D calibrated exposure average over integrations,S,mast:JWST/product/jw05893020003_02101_00004_nrcb1_cal.fits,SCIENCE,,CAL,,CALJWST,2.0.0,5893,jw05893020003_02101_00004_nrcb1_cal.fits,117573120,368595162,PUBLIC,2,F200W
363167658,JWST,image,jw05893020003_02101_00002_nrcb3,exposure (L2b): 2D calibrated exposure average over integrations,S,mast:JWST/product/jw05893020003_02101_00002_nrcb3_cal.fits,SCIENCE,,CAL,,CALJWST,2.0.0,5893,jw05893020003_02101_00002_nrcb3_cal.fits,117573120,368595162,PUBLIC,2,F200W
363167659,JWST,image,jw05893020003_02101_00006_nrcb2,exposure (L2b): 2D calibrated exposure average over integrations,S,mast:JWST/product/jw05893020003_02101_00006_nrcb2_cal.fits,SCIENCE,,CAL,,CALJWST,2.0.0,5893,jw05893020003_02101_00006_nrcb2_cal.fits,117573120,368595162,PUBLIC,2,F200W
363167660,JWST,image,jw05893020003_02101_00002_nrcb2,exposure (L2b): 2D calibrated exposure average over integrations,S,mast:JWST/product/jw05893020003_02101_00002_nrcb2_cal.fits,SCIENCE,,CAL,,CALJWST,2.0.0,5893,jw05893020003_02101_00002_nrcb2_cal.fits,117573120,368595162,PUBLIC,2,F200W
363167661,JWST,image,jw05893020003_02101_00001_nrcb3,exposure (L2b): 2D calibrated exposure average over integrations,S,mast:JWST/product/jw05893020003_02101_00001_nrcb3_cal.fits,SCIENCE,,CAL,,CALJWST,2.0.0,5893,jw05893020003_02101_00001_nrcb3_cal.fits,117573120,368595162,PUBLIC,2,F200W
363167662,JWST,image,jw05893020003_02101_00001_nrca4,exposure (L2b): 2D calibrated exposure average over integrations,S,mast:JWST/product/jw05893020003_02101_00001_nrca4_cal.fits,SCIENCE,,CAL,,CALJWST,2.0.0,5893,jw05893020003_02101_00001_nrca4_cal.fits,117573120,368595162,PUBLIC,2,F200W
363167663,JWST,image,jw05893020003_02101_00003_nrcb1,exposure (L2b): 2D calibrated exposure average over integrations,S,mast:JWST/product/jw05893020003_02101_00003_nrcb1_cal.fits,SCIENCE,,CAL,,CALJWST,2.0.0,5893,jw05893020003_02101_00003_nrcb1_cal.fits,117573120,368595162,PUBLIC,2,F200W
363167664,JWST,image,jw05893020003_02101_00001_nrcb4,exposure (L2b): 2D calibrated exposure average over integrations,S,mast:JWST/product/jw05893020003_02101_00001_nrcb4_cal.fits,SCIENCE,,CAL,,CALJWST,2.0.0,5893,jw05893020003_02101_00001_nrcb4_cal.fits,117573120,368595162,PUBLIC,2,F200W
363167665,JWST,image,jw05893020003_02101_00003_nrcb3,exposure (L2b): 2D calibrated exposure average over integrations,S,mast:JWST/product/jw05893020003_02101_00003_nrcb3_cal.fits,SCIENCE,,CAL,,CALJWST,2.0.0,5893,jw05893020003_02101_00003_nrcb3_cal.fits,117573120,368595162,PUBLIC,2,F200W
363167684,JWST,image,jw05893020003_02101_00005_nrca3,exposure (L2b): 2D calibrated exposure average over integrations,S,mast:JWST/product/jw05893020003_02101_00005_nrca3_cal.fits,SCIENCE,,CAL,,CALJWST,2.0.0,5893,jw05893020003_02101_00005_nrca3_cal.fits,117573120,368595162,PUBLIC,2,F200W
363167702,JWST,image,jw05893020003_02101_00006_nrca4,exposure (L2b): 2D calibrated exposure average over integrations,S,mast:JWST/product/jw05893020003_02101_00006_nrca4_cal.fits,SCIENCE,,CAL,,CALJWST,2.0.0,5893,jw05893020003_02101_00006_nrca4_cal.fits,117573120,368595162,PUBLIC,2,F200W
363167713,JWST,image,jw05893020003_02101_00006_nrcb3,exposure (L2b): 2D calibrated exposure average over integrations,S,mast:JWST/product/jw05893020003_02101_00006_nrcb3_cal.fits,SCIENCE,,CAL,,CALJWST,2.0.0,5893,jw05893020003_02101_00006_nrcb3_cal.fits,117573120,368595162,PUBLIC,2,F200W
363167720,JWST,image,jw05893020003_02101_00004_nrcb3,exposure (L2b): 2D calibrated exposure average over integrations,S,mast:JWST/product/jw05893020003_02101_00004_nrcb3_cal.fits,SCIENCE,,CAL,,CALJWST,2.0.0,5893,jw05893020003_02101_00004_nrcb3_cal.fits,117573120,368595162,PUBLIC,2,F200W
363167744,JWST,image,jw05893020003_02101_00005_nrcb2,exposure (L2b): 2D calibrated exposure average over integrations,S,mast:JWST/product/jw05893020003_02101_00005_nrcb2_cal.fits,SCIENCE,,CAL,,CALJWST,2.0.0,5893,jw05893020003_02101_00005_nrcb2_cal.fits,117573120,368595162,PUBLIC,2,F200W
363167750,JWST,image,jw05893020003_02101_00003_nrca1,exposure (L2b): 2D calibrated exposure average over integrations,S,mast:JWST/product/jw05893020003_02101_00003_nrca1_cal.fits,SCIENCE,,CAL,,CALJWST,2.0.0,5893,jw05893020003_02101_00003_nrca1_cal.fits,117570240,368595162,PUBLIC,2,F200W
363167763,JWST,image,jw05893020003_02101_00004_nrca3,exposure (L2b): 2D calibrated exposure average over integrations,S,mast:JWST/product/jw05893020003_02101_00004_nrca3_cal.fits,SCIENCE,,CAL,,CALJWST,2.0.0,5893,jw05893020003_02101_00004_nrca3_cal.fits,117573120,368595162,PUBLIC,2,F200W
363167772,JWST,image,jw05893020003_02101_00006_nrca1,exposure (L2b): 2D calibrated exposure average over integrations,S,mast:JWST/product/jw05893020003_02101_00006_nrca1_cal.fits,SCIENCE,,CAL,,CALJWST,2.0.0,5893,jw05893020003_02101_00006_nrca1_cal.fits,117570240,368595162,PUBLIC,2,F200W
363167814,JWST,image,jw05893020003_02101_00006_nrcb4,exposure (L2b): 2D calibrated exposure average over integrations,S,mast:JWST/product/jw05893020003_02101_00006_nrcb4_cal.fits,SCIENCE,,CAL,,CALJWST,2.0.0,5893,jw05893020003_02101_00006_nrcb4_cal.fits,117573120,368595162,PUBLIC,2,F200W
363167823,JWST,image,jw05893020003_02101_00001_nrcb2,exposure (L2b): 2D calibrated exposure average over integrations,S,mast:JWST/product/jw05893020003_02101_00001_nrcb2_cal.fits,SCIENCE,,CAL,,CALJWST,2.0.0,5893,jw05893020003_02101_00001_nrcb2_cal.fits,117573120,368595162,PUBLIC,2,F200W
363167833,JWST,image,jw05893020003_02101_00003_nrca3,exposure (L2b): 2D calibrated exposure average over integrations,S,mast:JWST/product/jw05893020003_02101_00003_nrca3_cal.fits,SCIENCE,,CAL,,CALJWST,2.0.0,5893,jw05893020003_02101_00003_nrca3_cal.fits,117573120,368595162,PUBLIC,2,F200W
363167841,JWST,image,jw05893020003_02101_00004_nrca2,exposure (L2b): 2D calibrated exposure average over integrations,S,mast:JWST/product/jw05893020003_02101_00004_nrca2_cal.fits,SCIENCE,,CAL,,CALJWST,2.0.0,5893,jw05893020003_02101_00004_nrca2_cal.fits,117570240,368595162,PUBLIC,2,F200W
363167848,JWST,image,jw05893020003_02101_00002_nrcb1,exposure (L2b): 2D calibrated exposure average over integrations,S,mast:JWST/product/jw05893020003_02101_00002_nrcb1_cal.fits,SCIENCE,,CAL,,CALJWST,2.0.0,5893,jw05893020003_02101_00002_nrcb1_cal.fits,117573120,368595162,PUBLIC,2,F200W
363167854,JWST,image,jw05893020003_02101_00001_nrcb1,exposure (L2b): 2D calibrated exposure average over integrations,S,mast:JWST/product/jw05893020003_02101_00001_nrcb1_cal.fits,SCIENCE,,CAL,,CALJWST,2.0.0,5893,jw05893020003_02101_00001_nrcb1_cal.fits,117573120,368595162,PUBLIC,2,F200W
363167860,JWST,image,jw05893020003_02101_00001_nrca2,exposure (L2b): 2D calibrated exposure average over integrations,S,mast:JWST/product/jw05893020003_02101_00001_nrca2_cal.fits,SCIENCE,,CAL,,CALJWST,2.0.0,5893,jw05893020003_02101_00001_nrca2_cal.fits,117570240,368595162,PUBLIC,2,F200W
363167866,JWST,image,jw05893020003_02101_00004_nrca1,exposure (L2b): 2D calibrated exposure average over integrations,S,mast:JWST/product/jw05893020003_02101_00004_nrca1_cal.fits,SCIENCE,,CAL,,CALJWST,2.0.0,5893,jw05893020003_02101_00004_nrca1_cal.fits,117570240,368595162,PUBLIC,2,F200W
363167875,JWST,image,jw05893020003_02101_00001_nrca3,exposure (L2b): 2D calibrated exposure average over integrations,S,mast:JWST/product/jw05893020003_02101_00001_nrca3_cal.fits,SCIENCE,,CAL,,CALJWST,2.0.0,5893,jw05893020003_02101_00001_nrca3_cal.fits,117573120,368595162,PUBLIC,2,F200W
363167882,JWST,image,jw05893020003_02101_00005_nrca4,exposure (L2b): 2D calibrated exposure average over integrations,S,mast:JWST/product/jw05893020003_02101_00005_nrca4_cal.fits,SCIENCE,,CAL,,CALJWST,2.0.0,5893,jw05893020003_02101_00005_nrca4_cal.fits,117573120,368595162,PUBLIC,2,F200W
363167890,JWST,image,jw05893020003_02101_00003_nrcb4,exposure (L2b): 2D calibrated exposure average over integrations,S,mast:JWST/product/jw05893020003_02101_00003_nrcb4_cal.fits,SCIENCE,,CAL,,CALJWST,2.0.0,5893,jw05893020003_02101_00003_nrcb4_cal.fits,117573120,368595162,PUBLIC,2,F200W
363167895,JWST,image,jw05893020003_02101_00004_nrcb4,exposure (L2b): 2D calibrated exposure average over integrations,S,mast:JWST/product/jw05893020003_02101_00004_nrcb4_cal.fits,SCIENCE,,CAL,,CALJWST,2.0.0,5893,jw05893020003_02101_00004_nrcb4_cal.fits,117573120,368595162,PUBLIC,2,F200W
363167901,JWST,image,jw05893020003_02101_00003_nrca2,exposure (L2b): 2D calibrated exposure average over integrations,S,mast:JWST/product/jw05893020003_02101_00003_nrca2_cal.fits,SCIENCE,,CAL,,CALJWST,2.0.0,5893,jw05893020003_02101_00003_nrca2_cal.fits,117570240,368595162,PUBLIC,2,F200W
363167918,JWST,image,jw05893020003_02101_00004_nrca4,exposure (L2b): 2D calibrated exposure average over integrations,S,mast:JWST/product/jw05893020003_02101_00004_nrca4_cal.fits,SCIENCE,,CAL,,CALJWST,2.0.0,5893,jw05893020003_02101_00004_nrca4_cal.fits,117573120,368595162,PUBLIC,2,F200W
363248434,JWST,image,jw05893020001_02101_00001_nrcb4,exposure (L2b): 2D calibrated exposure average over integrations,S,mast:JWST/product/jw05893020001_02101_00001_nrcb4_cal.fits,SCIENCE,,CAL,,CALJWST,2.0.0,5893,jw05893020001_02101_00001_nrcb4_cal.fits,117573120,368595162,PUBLIC,2,F200W
363248530,JWST,image,jw05893020001_02101_00001_nrcb2,exposure (L2b): 2D calibrated exposure average over integrations,S,mast:JWST/product/jw05893020001_02101_00001_nrcb2_cal.fits,SCIENCE,,CAL,,CALJWST,2.0.0,5893,jw05893020001_02101_00001_nrcb2_cal.fits,117573120,368595162,PUBLIC,2,F200W
363248672,JWST,image,jw05893020001_02101_00001_nrca1,exposure (L2b): 2D calibrated exposure average over integrations,S,mast:JWST/product/jw05893020001_02101_00001_nrca1_cal.fits,SCIENCE,,CAL,,CALJWST,2.0.0,5893,jw05893020001_02101_00001_nrca1_cal.fits,117570240,368595162,PUBLIC,2,F200W
363248722,JWST,image,jw05893020001_02101_00001_nrca3,exposure (L2b): 2D calibrated exposure average over integrations,S,mast:JWST/product/jw05893020001_02101_00001_nrca3_cal.fits,SCIENCE,,CAL,,CALJWST,2.0.0,5893,jw05893020001_02101_00001_nrca3_cal.fits,117573120,368595162,PUBLIC,2,F200W
363248754,JWST,image,jw05893020001_02101_00001_nrcb1,exposure (L2b): 2D calibrated exposure average over integrations,S,mast:JWST/product/jw05893020001_02101_00001_nrcb1_cal.fits,SCIENCE,,CAL,,CALJWST,2.0.0,5893,jw05893020001_02101_00001_nrcb1_cal.fits,117573120,368595162,PUBLIC,2,F200W
363248819,JWST,image,jw05893020001_02101_00001_nrca4,exposure (L2b): 2D calibrated exposure average over integrations,S,mast:JWST/product/jw05893020001_02101_00001_nrca4_cal.fits,SCIENCE,,CAL,,CALJWST,2.0.0,5893,jw05893020001_02101_00001_nrca4_cal.fits,117573120,368595162,PUBLIC,2,F200W
363248892,JWST,image,jw05893020001_02101_00001_nrcb3,exposure (L2b): 2D calibrated exposure average over integrations,S,mast:JWST/product/jw05893020001_02101_00001_nrcb3_cal.fits,SCIENCE,,CAL,,CALJWST,2.0.0,5893,jw05893020001_02101_00001_nrcb3_cal.fits,117573120,368595162,PUBLIC,2,F200W
363249101,JWST,image,jw05893020001_02101_00001_nrca2,exposure (L2b): 2D calibrated exposure average over integrations,S,mast:JWST/product/jw05893020001_02101_00001_nrca2_cal.fits,SCIENCE,,CAL,,CALJWST,2.0.0,5893,jw05893020001_02101_00001_nrca2_cal.fits,117570240,368595162,PUBLIC,2,F200W
363289742,JWST,image,jw05893020004_02101_00004_nrca1,exposure (L2b): 2D calibrated exposure average over integrations,S,mast:JWST/product/jw05893020004_02101_00004_nrca1_cal.fits,SCIENCE,,CAL,,CALJWST,2.0.0,5893,jw05893020004_02101_00004_nrca1_cal.fits,117570240,368595162,PUBLIC,2,F200W
363289748,JWST,image,jw05893020004_02101_00001_nrcb1,exposure (L2b): 2D calibrated exposure average over integrations,S,mast:JWST/product/jw05893020004_02101_00001_nrcb1_cal.fits,SCIENCE,,CAL,,CALJWST,2.0.0,5893,jw05893020004_02101_00001_nrcb1_cal.fits,117573120,368595162,PUBLIC,2,F200W
363289762,JWST,image,jw05893020004_02101_00002_nrcb1,exposure (L2b): 2D calibrated exposure average over integrations,S,mast:JWST/product/jw05893020004_02101_00002_nrcb1_cal.fits,SCIENCE,,CAL,,CALJWST,2.0.0,5893,jw05893020004_02101_00002_nrcb1_cal.fits,117573120,368595162,PUBLIC,2,F200W
363289769,JWST,image,jw05893020004_02101_00002_nrcb2,exposure (L2b): 2D calibrated exposure average over integrations,S,mast:JWST/product/jw05893020004_02101_00002_nrcb2_cal.fits,SCIENCE,,CAL,,CALJWST,2.0.0,5893,jw05893020004_02101_00002_nrcb2_cal.fits,117573120,368595162,PUBLIC,2,F200W
363289796,JWST,image,jw05893020004_02101_00001_nrca1,exposure (L2b): 2D calibrated exposure average over integrations,S,mast:JWST/product/jw05893020004_02101_00001_nrca1_cal.fits,SCIENCE,,CAL,,CALJWST,2.0.0,5893,jw05893020004_02101_00001_nrca1_cal.fits,117570240,368595162,PUBLIC,2,F200W
363289800,JWST,image,jw05893020004_02101_00002_nrcb3,exposure (L2b): 2D calibrated exposure average over integrations,S,mast:JWST/product/jw05893020004_02101_00002_nrcb3_cal.fits,SCIENCE,,CAL,,CALJWST,2.0.0,5893,jw05893020004_02101_00002_nrcb3_cal.fits,117573120,368595162,PUBLIC,2,F200W
363289817,JWST,image,jw05893020004_02101_00001_nrca3,exposure (L2b): 2D calibrated exposure average over integrations,S,mast:JWST/product/jw05893020004_02101_00001_nrca3_cal.fits,SCIENCE,,CAL,,CALJWST,2.0.0,5893,jw05893020004_02101_00001_nrca3_cal.fits,117573120,368595162,PUBLIC,2,F200W
363289833,JWST,image,jw05893020004_02101_00001_nrca2,exposure (L2b): 2D calibrated exposure average over integrations,S,mast:JWST/product/jw05893020004_02101_00001_nrca2_cal.fits,SCIENCE,,CAL,,CALJWST,2.0.0,5893,jw05893020004_02101_00001_nrca2_cal.fits,117570240,368595162,PUBLIC,2,F200W
363289838,JWST,image,jw05893020004_02101_00001_nrcb3,exposure (L2b): 2D calibrated exposure average over integrations,S,mast:JWST/product/jw05893020004_02101_00001_nrcb3_cal.fits,SCIENCE,,CAL,,CALJWST,2.0.0,5893,jw05893020004_02101_00001_nrcb3_cal.fits,117573120,368595162,PUBLIC,2,F200W
363289845,JWST,image,jw05893020004_02101_00002_nrca2,exposure (L2b): 2D calibrated exposure average over integrations,S,mast:JWST/product/jw05893020004_02101_00002_nrca2_cal.fits,SCIENCE,,CAL,,CALJWST,2.0.0,5893,jw05893020004_02101_00002_nrca2_cal.fits,117570240,368595162,PUBLIC,2,F200W
363289852,JWST,image,jw05893020004_02101_00003_nrca3,exposure (L2b): 2D calibrated exposure average over integrations,S,mast:JWST/product/jw05893020004_02101_00003_nrca3_cal.fits,SCIENCE,,CAL,,CALJWST,2.0.0,5893,jw05893020004_02101_00003_nrca3_cal.fits,117573120,368595162,PUBLIC,2,F200W
363289858,JWST,image,jw05893020004_02101_00002_nrca3,exposure (L2b): 2D calibrated exposure average over integrations,S,mast:JWST/product/jw05893020004_02101_00002_nrca3_cal.fits,SCIENCE,,CAL,,CALJWST,2.0.0,5893,jw05893020004_02101_00002_nrca3_cal.fits,117573120,368595162,PUBLIC,2,F200W
363289862,JWST,image,jw05893020004_02101_00004_nrca4,exposure (L2b): 2D calibrated exposure average over integrations,S,mast:JWST/product/jw05893020004_02101_00004_nrca4_cal.fits,SCIENCE,,CAL,,CALJWST,2.0.0,5893,jw05893020004_02101_00004_nrca4_cal.fits,117573120,368595162,PUBLIC,2,F200W
363289871,JWST,image,jw05893020004_02101_00001_nrcb2,exposure (L2b): 2D calibrated exposure average over integrations,S,mast:JWST/product/jw05893020004_02101_00001_nrcb2_cal.fits,SCIENCE,,CAL,,CALJWST,2.0.0,5893,jw05893020004_02101_00001_nrcb2_cal.fits,117573120,368595162,PUBLIC,2,F200W
363289876,JWST,image,jw05893020004_02101_00003_nrcb3,exposure (L2b): 2D calibrated exposure average over integrations,S,mast:JWST/product/jw05893020004_02101_00003_nrcb3_cal.fits,SCIENCE,,CAL,,CALJWST,2.0.0,5893,jw05893020004_02101_00003_nrcb3_cal.fits,117573120,368595162,PUBLIC,2,F200W
363289906,JWST,image,jw05893020004_02101_00003_nrca1,exposure (L2b): 2D calibrated exposure average over integrations,S,mast:JWST/product/jw05893020004_02101_00003_nrca1_cal.fits,SCIENCE,,CAL,,CALJWST,2.0.0,5893,jw05893020004_02101_00003_nrca1_cal.fits,117570240,368595162,PUBLIC,2,F200W
363289914,JWST,image,jw05893020004_02101_00003_nrca2,exposure (L2b): 2D calibrated exposure average over integrations,S,mast:JWST/product/jw05893020004_02101_00003_nrca2_cal.fits,SCIENCE,,CAL,,CALJWST,2.0.0,5893,jw05893020004_02101_00003_nrca2_cal.fits,117570240,368595162,PUBLIC,2,F200W
363289920,JWST,image,jw05893020004_02101_00001_nrcb4,exposure (L2b): 2D calibrated exposure average over integrations,S,mast:JWST/product/jw05893020004_02101_00001_nrcb4_cal.fits,SCIENCE,,CAL,,CALJWST,2.0.0,5893,jw05893020004_02101_00001_nrcb4_cal.fits,117573120,368595162,PUBLIC,2,F200W
363289924,JWST,image,jw05893020004_02101_00002_nrca4,exposure (L2b): 2D calibrated exposure average over integrations,S,mast:JWST/product/jw05893020004_02101_00002_nrca4_cal.fits,SCIENCE,,CAL,,CALJWST,2.0.0,5893,jw05893020004_02101_00002_nrca4_cal.fits,117573120,368595162,PUBLIC,2,F200W
363289938,JWST,image,jw05893020004_02101_00003_nrcb2,exposure (L2b): 2D calibrated exposure average over integrations,S,mast:JWST/product/jw05893020004_02101_00003_nrcb2_cal.fits,SCIENCE,,CAL,,CALJWST,2.0.0,5893,jw05893020004_02101_00003_nrcb2_cal.fits,117573120,368595162,PUBLIC,2,F200W
363289973,JWST,image,jw05893020004_02101_00003_nrcb1,exposure (L2b): 2D calibrated exposure average over integrations,S,mast:JWST/product/jw05893020004_02101_00003_nrcb1_cal.fits,SCIENCE,,CAL,,CALJWST,2.0.0,5893,jw05893020004_02101_00003_nrcb1_cal.fits,117573120,368595162,PUBLIC,2,F200W
363289977,JWST,image,jw05893020004_02101_00002_nrca1,exposure (L2b): 2D calibrated exposure average over integrations,S,mast:JWST/product/jw05893020004_02101_00002_nrca1_cal.fits,SCIENCE,,CAL,,CALJWST,2.0.0,5893,jw05893020004_02101_00002_nrca1_cal.fits,117570240,368595162,PUBLIC,2,F200W
363289989,JWST,image,jw05893020004_02101_00003_nrca4,exposure (L2b): 2D calibrated exposure average over integrations,S,mast:JWST/product/jw05893020004_02101_00003_nrca4_cal.fits,SCIENCE,,CAL,,CALJWST,2.0.0,5893,jw05893020004_02101_00003_nrca4_cal.fits,117573120,368595162,PUBLIC,2,F200W
363289996,JWST,image,jw05893020004_02101_00002_nrcb4,exposure (L2b): 2D calibrated exposure average over integrations,S,mast:JWST/product/jw05893020004_02101_00002_nrcb4_cal.fits,SCIENCE,,CAL,,CALJWST,2.0.0,5893,jw05893020004_02101_00002_nrcb4_cal.fits,117573120,368595162,PUBLIC,2,F200W
363290002,JWST,image,jw05893020004_02101_00001_nrca4,exposure (L2b): 2D calibrated exposure average over integrations,S,mast:JWST/product/jw05893020004_02101_00001_nrca4_cal.fits,SCIENCE,,CAL,,CALJWST,2.0.0,5893,jw05893020004_02101_00001_nrca4_cal.fits,117573120,368595162,PUBLIC,2,F200W
363385177,JWST,image,jw05893020004_02101_00006_nrca4,exposure (L2b): 2D calibrated exposure average over integrations,S,mast:JWST/product/jw05893020004_02101_00006_nrca4_cal.fits,SCIENCE,,CAL,,CALJWST,2.0.0,5893,jw05893020004_02101_00006_nrca4_cal.fits,117573120,368595162,PUBLIC,2,F200W
363385192,JWST,image,jw05893020004_02101_00005_nrcb1,exposure (L2b): 2D calibrated exposure average over integrations,S,mast:JWST/product/jw05893020004_02101_00005_nrcb1_cal.fits,SCIENCE,,CAL,,CALJWST,2.0.0,5893,jw05893020004_02101_00005_nrcb1_cal.fits,117573120,368595162,PUBLIC,2,F200W
363385211,JWST,image,jw05893020004_02101_00005_nrca2,exposure (L2b): 2D calibrated exposure average over integrations,S,mast:JWST/product/jw05893020004_02101_00005_nrca2_cal.fits,SCIENCE,,CAL,,CALJWST,2.0.0,5893,jw05893020004_02101_00005_nrca2_cal.fits,117570240,368595162,PUBLIC,2,F200W
363385261,JWST,image,jw05893020004_02101_00003_nrcb4,exposure (L2b): 2D calibrated exposure average over integrations,S,mast:JWST/product/jw05893020004_02101_00003_nrcb4_cal.fits,SCIENCE,,CAL,,CALJWST,2.0.0,5893,jw05893020004_02101_00003_nrcb4_cal.fits,117573120,368595162,PUBLIC,2,F200W
363385293,JWST,image,jw05893020004_02101_00006_nrca2,exposure (L2b): 2D calibrated exposure average over integrations,S,mast:JWST/product/jw05893020004_02101_00006_nrca2_cal.fits,SCIENCE,,CAL,,CALJWST,2.0.0,5893,jw05893020004_02101_00006_nrca2_cal.fits,117570240,368595162,PUBLIC,2,F200W
363385345,JWST,image,jw05893020004_02101_00006_nrcb3,exposure (L2b): 2D calibrated exposure average over integrations,S,mast:JWST/product/jw05893020004_02101_00006_nrcb3_cal.fits,SCIENCE,,CAL,,CALJWST,2.0.0,5893,jw05893020004_02101_00006_nrcb3_cal.fits,117573120,368595162,PUBLIC,2,F200W
363385395,JWST,image,jw05893020004_02101_00004_nrca3,exposure (L2b): 2D calibrated exposure average over integrations,S,mast:JWST/product/jw05893020004_02101_00004_nrca3_cal.fits,SCIENCE,,CAL,,CALJWST,2.0.0,5893,jw05893020004_02101_00004_nrca3_cal.fits,117573120,368595162,PUBLIC,2,F200W
363385470,JWST,image,jw05893020004_02101_00006_nrcb4,exposure (L2b): 2D calibrated exposure average over integrations,S,mast:JWST/product/jw05893020004_02101_00006_nrcb4_cal.fits,SCIENCE,,CAL,,CALJWST,2.0.0,5893,jw05893020004_02101_00006_nrcb4_cal.fits,117573120,368595162,PUBLIC,2,F200W
363385522,JWST,image,jw05893020004_02101_00006_nrca1,exposure (L2b): 2D calibrated exposure average over integrations,S,mast:JWST/product/jw05893020004_02101_00006_nrca1_cal.fits,SCIENCE,,CAL,,CALJWST,2.0.0,5893,jw05893020004_02101_00006_nrca1_cal.fits,117570240,368595162,PUBLIC,2,F200W
363385553,JWST,image,jw05893020004_02101_00004_nrcb2,exposure (L2b): 2D calibrated exposure average over integrations,S,mast:JWST/product/jw05893020004_02101_00004_nrcb2_cal.fits,SCIENCE,,CAL,,CALJWST,2.0.0,5893,jw05893020004_02101_00004_nrcb2_cal.fits,117573120,368595162,PUBLIC,2,F200W
363385728,JWST,image,jw05893020004_02101_00005_nrcb4,exposure (L2b): 2D calibrated exposure average over integrations,S,mast:JWST/product/jw05893020004_02101_00005_nrcb4_cal.fits,SCIENCE,,CAL,,CALJWST,2.0.0,5893,jw05893020004_02101_00005_nrcb4_cal.fits,117573120,368595162,PUBLIC,2,F200W
363385753,JWST,image,jw05893020004_02101_00004_nrcb3,exposure (L2b): 2D calibrated exposure average over integrations,S,mast:JWST/product/jw05893020004_02101_00004_nrcb3_cal.fits,SCIENCE,,CAL,,CALJWST,2.0.0,5893,jw05893020004_02101_00004_nrcb3_cal.fits,117573120,368595162,PUBLIC,2,F200W
363385770,JWST,image,jw05893020004_02101_00004_nrcb4,exposure (L2b): 2D calibrated exposure average over integrations,S,mast:JWST/product/jw05893020004_02101_00004_nrcb4_cal.fits,SCIENCE,,CAL,,CALJWST,2.0.0,5893,jw05893020004_02101_00004_nrcb4_cal.fits,117573120,368595162,PUBLIC,2,F200W
363385799,JWST,image,jw05893020004_02101_00005_nrcb2,exposure (L2b): 2D calibrated exposure average over integrations,S,mast:JWST/product/jw05893020004_02101_00005_nrcb2_cal.fits,SCIENCE,,CAL,,CALJWST,2.0.0,5893,jw05893020004_02101_00005_nrcb2_cal.fits,117573120,368595162,PUBLIC,2,F200W
363385873,JWST,image,jw05893020004_02101_00006_nrca3,exposure (L2b): 2D calibrated exposure average over integrations,S,mast:JWST/product/jw05893020004_02101_00006_nrca3_cal.fits,SCIENCE,,CAL,,CALJWST,2.0.0,5893,jw05893020004_02101_00006_nrca3_cal.fits,117573120,368595162,PUBLIC,2,F200W
363385906,JWST,image,jw05893020004_02101_00006_nrcb1,exposure (L2b): 2D calibrated exposure average over integrations,S,mast:JWST/product/jw05893020004_02101_00006_nrcb1_cal.fits,SCIENCE,,CAL,,CALJWST,2.0.0,5893,jw05893020004_02101_00006_nrcb1_cal.fits,117573120,368595162,PUBLIC,2,F200W
363385981,JWST,image,jw05893020004_02101_00005_nrcb3,exposure (L2b): 2D calibrated exposure average over integrations,S,mast:JWST/product/jw05893020004_02101_00005_nrcb3_cal.fits,SCIENCE,,CAL,,CALJWST,2.0.0,5893,jw05893020004_02101_00005_nrcb3_cal.fits,117573120,368595162,PUBLIC,2,F200W
363386040,JWST,image,jw05893020004_02101_00004_nrca2,exposure (L2b): 2D calibrated exposure average over integrations,S,mast:JWST/product/jw05893020004_02101_00004_nrca2_cal.fits,SCIENCE,,CAL,,CALJWST,2.0.0,5893,jw05893020004_02101_00004_nrca2_cal.fits,117570240,368595162,PUBLIC,2,F200W
363386062,JWST,image,jw05893020004_02101_00004_nrcb1,exposure (L2b): 2D calibrated exposure average over integrations,S,mast:JWST/product/jw05893020004_02101_00004_nrcb1_cal.fits,SCIENCE,,CAL,,CALJWST,2.0.0,5893,jw05893020004_02101_00004_nrcb1_cal.fits,117573120,368595162,PUBLIC,2,F200W
363386239,JWST,image,jw05893020004_02101_00006_nrcb2,exposure (L2b): 2D calibrated exposure average over integrations,S,mast:JWST/product/jw05893020004_02101_00006_nrcb2_cal.fits,SCIENCE,,CAL,,CALJWST,2.0.0,5893,jw05893020004_02101_00006_nrcb2_cal.fits,117573120,368595162,PUBLIC,2,F200W
363386267,JWST,image,jw05893020004_02101_00005_nrca4,exposure (L2b): 2D calibrated exposure average over integrations,S,mast:JWST/product/jw05893020004_02101_00005_nrca4_cal.fits,SCIENCE,,CAL,,CALJWST,2.0.0,5893,jw05893020004_02101_00005_nrca4_cal.fits,117573120,368595162,PUBLIC,2,F200W
363386365,JWST,image,jw05893020004_02101_00005_nrca3,exposure (L2b): 2D calibrated exposure average over integrations,S,mast:JWST/product/jw05893020004_02101_00005_nrca3_cal.fits,SCIENCE,,CAL,,CALJWST,2.0.0,5893,jw05893020004_02101_00005_nrca3_cal.fits,117573120,368595162,PUBLIC,2,F200W
363386409,JWST,image,jw05893020004_02101_00005_nrca1,exposure (L2b): 2D calibrated exposure average over integrations,S,mast:JWST/product/jw05893020004_02101_00005_nrca1_cal.fits,SCIENCE,,CAL,,CALJWST,2.0.0,5893,jw05893020004_02101_00005_nrca1_cal.fits,117570240,368595162,PUBLIC,2,F200W
365740131,JWST,image,jw05893020007_02101_00006_nrca3,exposure (L2b): 2D calibrated exposure average over integrations,S,mast:JWST/product/jw05893020007_02101_00006_nrca3_cal.fits,SCIENCE,,CAL,,CALJWST,2.0.0,5893,jw05893020007_02101_00006_nrca3_cal.fits,117573120,368595162,PUBLIC,2,F200W
365740145,JWST,image,jw05893020007_02101_00006_nrcb1,exposure (L2b): 2D calibrated exposure average over integrations,S,mast:JWST/product/jw05893020007_02101_00006_nrcb1_cal.fits,SCIENCE,,CAL,,CALJWST,2.0.0,5893,jw05893020007_02101_00006_nrcb1_cal.fits,117573120,368595162,PUBLIC,2,F200W
365741663,JWST,image,jw05893020007_02101_00006_nrca4,exposure (L2b): 2D calibrated exposure average over integrations,S,mast:JWST/product/jw05893020007_02101_00006_nrca4_cal.fits,SCIENCE,,CAL,,CALJWST,2.0.0,5893,jw05893020007_02101_00006_nrca4_cal.fits,117573120,368595162,PUBLIC,2,F200W
365751966,JWST,image,jw05893020007_02101_00006_nrcb2,exposure (L2b): 2D calibrated exposure average over integrations,S,mast:JWST/product/jw05893020007_02101_00006_nrcb2_cal.fits,SCIENCE,,CAL,,CALJWST,2.0.0,5893,jw05893020007_02101_00006_nrcb2_cal.fits,117573120,368595162,PUBLIC,2,F200W
365751988,JWST,image,jw05893020007_02101_00006_nrca2,exposure (L2b): 2D calibrated exposure average over integrations,S,mast:JWST/product/jw05893020007_02101_00006_nrca2_cal.fits,SCIENCE,,CAL,,CALJWST,2.0.0,5893,jw05893020007_02101_00006_nrca2_cal.fits,117570240,368595162,PUBLIC,2,F200W
365764204,JWST,image,jw05893020007_02101_00006_nrcb4,exposure (L2b): 2D calibrated exposure average over integrations,S,mast:JWST/product/jw05893020007_02101_00006_nrcb4_cal.fits,SCIENCE,,CAL,,CALJWST,2.0.0,5893,jw05893020007_02101_00006_nrcb4_cal.fits,117573120,368595162,PUBLIC,2,F200W
365764211,JWST,image,jw05893020007_02101_00006_nrca1,exposure (L2b): 2D calibrated exposure average over integrations,S,mast:JWST/product/jw05893020007_02101_00006_nrca1_cal.fits,SCIENCE,,CAL,,CALJWST,2.0.0,5893,jw05893020007_02101_00006_nrca1_cal.fits,117570240,368595162,PUBLIC,2,F200W
365789073,JWST,image,jw05893020007_02101_00003_nrca2,exposure (L2b): 2D calibrated exposure average over integrations,S,mast:JWST/product/jw05893020007_02101_00003_nrca2_cal.fits,SCIENCE,,CAL,,CALJWST,2.0.0,5893,jw05893020007_02101_00003_nrca2_cal.fits,117570240,368595162,PUBLIC,2,F200W
365789080,JWST,image,jw05893020007_02101_00003_nrca3,exposure (L2b): 2D calibrated exposure average over integrations,S,mast:JWST/product/jw05893020007_02101_00003_nrca3_cal.fits,SCIENCE,,CAL,,CALJWST,2.0.0,5893,jw05893020007_02101_00003_nrca3_cal.fits,117573120,368595162,PUBLIC,2,F200W
365789090,JWST,image,jw05893020007_02101_00003_nrcb1,exposure (L2b): 2D calibrated exposure average over integrations,S,mast:JWST/product/jw05893020007_02101_00003_nrcb1_cal.fits,SCIENCE,,CAL,,CALJWST,2.0.0,5893,jw05893020007_02101_00003_nrcb1_cal.fits,117573120,368595162,PUBLIC,2,F200W
365789091,JWST,image,jw05893020007_02101_00003_nrca4,exposure (L2b): 2D calibrated exposure average over integrations,S,mast:JWST/product/jw05893020007_02101_00003_nrca4_cal.fits,SCIENCE,,CAL,,CALJWST,2.0.0,5893,jw05893020007_02101_00003_nrca4_cal.fits,117573120,368595162,PUBLIC,2,F200W
365789092,JWST,image,jw05893020007_02101_00003_nrcb2,exposure (L2b): 2D calibrated exposure average over integrations,S,mast:JWST/product/jw05893020007_02101_00003_nrcb2_cal.fits,SCIENCE,,CAL,,CALJWST,2.0.0,5893,jw05893020007_02101_00003_nrcb2_cal.fits,117573120,368595162,PUBLIC,2,F200W
365789093,JWST,image,jw05893020007_02101_00003_nrcb3,exposure (L2b): 2D calibrated exposure average over integrations,S,mast:JWST/product/jw05893020007_02101_00003_nrcb3_cal.fits,SCIENCE,,CAL,,CALJWST,2.0.0,5893,jw05893020007_02101_00003_nrcb3_cal.fits,117573120,368595162,PUBLIC,2,F200W
365789097,JWST,image,jw05893020007_02101_00004_nrcb2,exposure (L2b): 2D calibrated exposure average over integrations,S,mast:JWST/product/jw05893020007_02101_00004_nrcb2_cal.fits,SCIENCE,,CAL,,CALJWST,2.0.0,5893,jw05893020007_02101_00004_nrcb2_cal.fits,117573120,368595162,PUBLIC,2,F200W
367745330,JWST,image,jw05893020007_02101_00005_nrca3,exposure (L2b): 2D calibrated exposure average over integrations,S,mast:JWST/product/jw05893020007_02101_00005_nrca3_cal.fits,SCIENCE,,CAL,,CALJWST,2.0.0,5893,jw05893020007_02101_00005_nrca3_cal.fits,117573120,368595162,PUBLIC,2,F200W
367745351,JWST,image,jw05893020007_02101_00004_nrca3,exposure (L2b): 2D calibrated exposure average over integrations,S,mast:JWST/product/jw05893020007_02101_00004_nrca3_cal.fits,SCIENCE,,CAL,,CALJWST,2.0.0,5893,jw05893020007_02101_00004_nrca3_cal.fits,117573120,368595162,PUBLIC,2,F200W
367745522,JWST,image,jw05893020007_02101_00005_nrcb2,exposure (L2b): 2D calibrated exposure average over integrations,S,mast:JWST/product/jw05893020007_02101_00005_nrcb2_cal.fits,SCIENCE,,CAL,,CALJWST,2.0.0,5893,jw05893020007_02101_00005_nrcb2_cal.fits,117573120,368595162,PUBLIC,2,F200W
367745591,JWST,image,jw05893020007_02101_00001_nrcb2,exposure (L2b): 2D calibrated exposure average over integrations,S,mast:JWST/product/jw05893020007_02101_00001_nrcb2_cal.fits,SCIENCE,,CAL,,CALJWST,2.0.0,5893,jw05893020007_02101_00001_nrcb2_cal.fits,117573120,368595162,PUBLIC,2,F200W
367745683,JWST,image,jw05893020007_02101_00002_nrca3,exposure (L2b): 2D calibrated exposure average over integrations,S,mast:JWST/product/jw05893020007_02101_00002_nrca3_cal.fits,SCIENCE,,CAL,,CALJWST,2.0.0,5893,jw05893020007_02101_00002_nrca3_cal.fits,117573120,368595162,PUBLIC,2,F200W
367745794,JWST,image,jw05893020007_02101_00005_nrca4,exposure (L2b): 2D calibrated exposure average over integrations,S,mast:JWST/product/jw05893020007_02101_00005_nrca4_cal.fits,SCIENCE,,CAL,,CALJWST,2.0.0,5893,jw05893020007_02101_00005_nrca4_cal.fits,117573120,368595162,PUBLIC,2,F200W
367745812,JWST,image,jw05893020007_02101_00001_nrcb3,exposure (L2b): 2D calibrated exposure average over integrations,S,mast:JWST/product/jw05893020007_02101_00001_nrcb3_cal.fits,SCIENCE,,CAL,,CALJWST,2.0.0,5893,jw05893020007_02101_00001_nrcb3_cal.fits,117573120,368595162,PUBLIC,2,F200W
367745831,JWST,image,jw05893020007_02101_00004_nrcb3,exposure (L2b): 2D calibrated exposure average over integrations,S,mast:JWST/product/jw05893020007_02101_00004_nrcb3_cal.fits,SCIENCE,,CAL,,CALJWST,2.0.0,5893,jw05893020007_02101_00004_nrcb3_cal.fits,117573120,368595162,PUBLIC,2,F200W
367745877,JWST,image,jw05893020007_02101_00001_nrca1,exposure (L2b): 2D calibrated exposure average over integrations,S,mast:JWST/product/jw05893020007_02101_00001_nrca1_cal.fits,SCIENCE,,CAL,,CALJWST,2.0.0,5893,jw05893020007_02101_00001_nrca1_cal.fits,117570240,368595162,PUBLIC,2,F200W
368185170,JWST,image,jw05893020007_02101_00006_nrcb3,exposure (L2b): 2D calibrated exposure average over integrations,S,mast:JWST/product/jw05893020007_02101_00006_nrcb3_cal.fits,SCIENCE,,CAL,,CALJWST,2.0.0,5893,jw05893020007_02101_00006_nrcb3_cal.fits,117573120,368595162,PUBLIC,2,F200W
368185203,JWST,image,jw05893020007_02101_00002_nrcb4,exposure (L2b): 2D calibrated exposure average over integrations,S,mast:JWST/product/jw05893020007_02101_00002_nrcb4_cal.fits,SCIENCE,,CAL,,CALJWST,2.0.0,5893,jw05893020007_02101_00002_nrcb4_cal.fits,117573120,368595162,PUBLIC,2,F200W
368185219,JWST,image,jw05893020007_02101_00004_nrca4,exposure (L2b): 2D calibrated exposure average over integrations,S,mast:JWST/product/jw05893020007_02101_00004_nrca4_cal.fits,SCIENCE,,CAL,,CALJWST,2.0.0,5893,jw05893020007_02101_00004_nrca4_cal.fits,117573120,368595162,PUBLIC,2,F200W
368185248,JWST,image,jw05893020007_02101_00005_nrcb1,exposure (L2b): 2D calibrated exposure average over integrations,S,mast:JWST/product/jw05893020007_02101_00005_nrcb1_cal.fits,SCIENCE,,CAL,,CALJWST,2.0.0,5893,jw05893020007_02101_00005_nrcb1_cal.fits,117573120,368595162,PUBLIC,2,F200W
368185332,JWST,image,jw05893020007_02101_00003_nrca1,exposure (L2b): 2D calibrated exposure average over integrations,S,mast:JWST/product/jw05893020007_02101_00003_nrca1_cal.fits,SCIENCE,,CAL,,CALJWST,2.0.0,5893,jw05893020007_02101_00003_nrca1_cal.fits,117570240,368595162,PUBLIC,2,F200W
368185377,JWST,image,jw05893020007_02101_00004_nrca2,exposure (L2b): 2D calibrated exposure average over integrations,S,mast:JWST/product/jw05893020007_02101_00004_nrca2_cal.fits,SCIENCE,,CAL,,CALJWST,2.0.0,5893,jw05893020007_02101_00004_nrca2_cal.fits,117570240,368595162,PUBLIC,2,F200W
368185411,JWST,image,jw05893020007_02101_00004_nrca1,exposure (L2b): 2D calibrated exposure average over integrations,S,mast:JWST/product/jw05893020007_02101_00004_nrca1_cal.fits,SCIENCE,,CAL,,CALJWST,2.0.0,5893,jw05893020007_02101_00004_nrca1_cal.fits,117570240,368595162,PUBLIC,2,F200W
368185444,JWST,image,jw05893020007_02101_00001_nrca4,exposure (L2b): 2D calibrated exposure average over integrations,S,mast:JWST/product/jw05893020007_02101_00001_nrca4_cal.fits,SCIENCE,,CAL,,CALJWST,2.0.0,5893,jw05893020007_02101_00001_nrca4_cal.fits,117573120,368595162,PUBLIC,2,F200W
368185461,JWST,image,jw05893020007_02101_00005_nrcb4,exposure (L2b): 2D calibrated exposure average over integrations,S,mast:JWST/product/jw05893020007_02101_00005_nrcb4_cal.fits,SCIENCE,,CAL,,CALJWST,2.0.0,5893,jw05893020007_02101_00005_nrcb4_cal.fits,117573120,368595162,PUBLIC,2,F200W
368185523,JWST,image,jw05893020007_02101_00002_nrcb2,exposure (L2b): 2D calibrated exposure average over integrations,S,mast:JWST/product/jw05893020007_02101_00002_nrcb2_cal.fits,SCIENCE,,CAL,,CALJWST,2.0.0,5893,jw05893020007_02101_00002_nrcb2_cal.fits,117573120,368595162,PUBLIC,2,F200W
368185562,JWST,image,jw05893020007_02101_00002_nrca1,exposure (L2b): 2D calibrated exposure average over integrations,S,mast:JWST/product/jw05893020007_02101_00002_nrca1_cal.fits,SCIENCE,,CAL,,CALJWST,2.0.0,5893,jw05893020007_02101_00002_nrca1_cal.fits,117570240,368595162,PUBLIC,2,F200W
368185595,JWST,image,jw05893020007_02101_00001_nrca3,exposure (L2b): 2D calibrated exposure average over integrations,S,mast:JWST/product/jw05893020007_02101_00001_nrca3_cal.fits,SCIENCE,,CAL,,CALJWST,2.0.0,5893,jw05893020007_02101_00001_nrca3_cal.fits,117573120,368595162,PUBLIC,2,F200W
368185640,JWST,image,jw05893020007_02101_00002_nrca4,exposure (L2b): 2D calibrated exposure average over integrations,S,mast:JWST/product/jw05893020007_02101_00002_nrca4_cal.fits,SCIENCE,,CAL,,CALJWST,2.0.0,5893,jw05893020007_02101_00002_nrca4_cal.fits,117573120,368595162,PUBLIC,2,F200W
368185644,JWST,image,jw05893020007_02101_00005_nrcb3,exposure (L2b): 2D calibrated exposure average over integrations,S,mast:JWST/product/jw05893020007_02101_00005_nrcb3_cal.fits,SCIENCE,,CAL,,CALJWST,2.0.0,5893,jw05893020007_02101_00005_nrcb3_cal.fits,117573120,368595162,PUBLIC,2,F200W
368185647,JWST,image,jw05893020007_02101_00002_nrcb1,exposure (L2b): 2D calibrated exposure average over integrations,S,mast:JWST/product/jw05893020007_02101_00002_nrcb1_cal.fits,SCIENCE,,CAL,,CALJWST,2.0.0,5893,jw05893020007_02101_00002_nrcb1_cal.fits,117573120,368595162,PUBLIC,2,F200W
368185648,JWST,image,jw05893020007_02101_00005_nrca1,exposure (L2b): 2D calibrated exposure average over integrations,S,mast:JWST/product/jw05893020007_02101_00005_nrca1_cal.fits,SCIENCE,,CAL,,CALJWST,2.0.0,5893,jw05893020007_02101_00005_nrca1_cal.fits,117570240,368595162,PUBLIC,2,F200W
368185649,JWST,image,jw05893020007_02101_00005_nrca2,exposure (L2b): 2D calibrated exposure average over integrations,S,mast:JWST/product/jw05893020007_02101_00005_nrca2_cal.fits,SCIENCE,,CAL,,CALJWST,2.0.0,5893,jw05893020007_02101_00005_nrca2_cal.fits,117570240,368595162,PUBLIC,2,F200W
368185650,JWST,image,jw05893020007_02101_00004_nrcb1,exposure (L2b): 2D calibrated exposure average over integrations,S,mast:JWST/product/jw05893020007_02101_00004_nrcb1_cal.fits,SCIENCE,,CAL,,CALJWST,2.0.0,5893,jw05893020007_02101_00004_nrcb1_cal.fits,117573120,368595162,PUBLIC,2,F200W
368185652,JWST,image,jw05893020007_02101_00001_nrca2,exposure (L2b): 2D calibrated exposure average over integrations,S,mast:JWST/product/jw05893020007_02101_00001_nrca2_cal.fits,SCIENCE,,CAL,,CALJWST,2.0.0,5893,jw05893020007_02101_00001_nrca2_cal.fits,117570240,368595162,PUBLIC,2,F200W
368185809,JWST,image,jw05893020007_02101_00002_nrcb3,exposure (L2b): 2D calibrated exposure average over integrations,S,mast:JWST/product/jw05893020007_02101_00002_nrcb3_cal.fits,SCIENCE,,CAL,,CALJWST,2.0.0,5893,jw05893020007_02101_00002_nrcb3_cal.fits,117573120,368595162,PUBLIC,2,F200W
368185845,JWST,image,jw05893020007_02101_00002_nrca2,exposure (L2b): 2D calibrated exposure average over integrations,S,mast:JWST/product/jw05893020007_02101_00002_nrca2_cal.fits,SCIENCE,,CAL,,CALJWST,2.0.0,5893,jw05893020007_02101_00002_nrca2_cal.fits,117570240,368595162,PUBLIC,2,F200W
368594169,JWST,image,jw05893020007_02101_00004_nrcb4,exposure (L2b): 2D calibrated exposure average over integrations,S,mast:JWST/product/jw05893020007_02101_00004_nrcb4_cal.fits,SCIENCE,,CAL,,CALJWST,2.0.0,5893,jw05893020007_02101_00004_nrcb4_cal.fits,117573120,368595162,PUBLIC,2,F200W
368594170,JWST,image,jw05893020007_02101_00001_nrcb1,exposure (L2b): 2D calibrated exposure average over integrations,S,mast:JWST/product/jw05893020007_02101_00001_nrcb1_cal.fits,SCIENCE,,CAL,,CALJWST,2.0.0,5893,jw05893020007_02101_00001_nrcb1_cal.fits,117573120,368595162,PUBLIC,2,F200W
368594171,JWST,image,jw05893020007_02101_00001_nrcb4,exposure (L2b): 2D calibrated exposure average over integrations,S,mast:JWST/product/jw05893020007_02101_00001_nrcb4_cal.fits,SCIENCE,,CAL,,CALJWST,2.0.0,5893,jw05893020007_02101_00001_nrcb4_cal.fits,117573120,368595162,PUBLIC,2,F200W
368594172,JWST,image,jw05893020007_02101_00003_nrcb4,exposure (L2b): 2D calibrated exposure average over integrations,S,mast:JWST/product/jw05893020007_02101_00003_nrcb4_cal.fits,SCIENCE,,CAL,,CALJWST,2.0.0,5893,jw05893020007_02101_00003_nrcb4_cal.fits,117573120,368595162,PUBLIC,2,F200W
368595043,JWST,image,jw05893020005_02101_00002_nrcb2,exposure (L2b): 2D calibrated exposure average over integrations,S,mast:JWST/product/jw05893020005_02101_00002_nrcb2_cal.fits,SCIENCE,,CAL,,CALJWST,2.0.0,5893,jw05893020005_02101_00002_nrcb2_cal.fits,117573120,368595162,PUBLIC,2,F200W
368595045,JWST,image,jw05893020005_02101_00001_nrcb3,exposure (L2b): 2D calibrated exposure average over integrations,S,mast:JWST/product/jw05893020005_02101_00001_nrcb3_cal.fits,SCIENCE,,CAL,,CALJWST,2.0.0,5893,jw05893020005_02101_00001_nrcb3_cal.fits,117573120,368595162,PUBLIC,2,F200W
368595047,JWST,image,jw05893020005_02101_00002_nrca2,exposure (L2b): 2D calibrated exposure average over integrations,S,mast:JWST/product/jw05893020005_02101_00002_nrca2_cal.fits,SCIENCE,,CAL,,CALJWST,2.0.0,5893,jw05893020005_02101_00002_nrca2_cal.fits,117570240,368595162,PUBLIC,2,F200W
368595048,JWST,image,jw05893020005_02101_00004_nrca1,exposure (L2b): 2D calibrated exposure average over integrations,S,mast:JWST/product/jw05893020005_02101_00004_nrca1_cal.fits,SCIENCE,,CAL,,CALJWST,2.0.0,5893,jw05893020005_02101_00004_nrca1_cal.fits,117570240,368595162,PUBLIC,2,F200W
368595049,JWST,image,jw05893020005_02101_00003_nrca3,exposure (L2b): 2D calibrated exposure average over integrations,S,mast:JWST/product/jw05893020005_02101_00003_nrca3_cal.fits,SCIENCE,,CAL,,CALJWST,2.0.0,5893,jw05893020005_02101_00003_nrca3_cal.fits,117573120,368595162,PUBLIC,2,F200W
368595051,JWST,image,jw05893020005_02101_00002_nrcb1,exposure (L2b): 2D calibrated exposure average over integrations,S,mast:JWST/product/jw05893020005_02101_00002_nrcb1_cal.fits,SCIENCE,,CAL,,CALJWST,2.0.0,5893,jw05893020005_02101_00002_nrcb1_cal.fits,117573120,368595162,PUBLIC,2,F200W
368595053,JWST,image,jw05893020005_02101_00001_nrca4,exposure (L2b): 2D calibrated exposure average over integrations,S,mast:JWST/product/jw05893020005_02101_00001_nrca4_cal.fits,SCIENCE,,CAL,,CALJWST,2.0.0,5893,jw05893020005_02101_00001_nrca4_cal.fits,117573120,368595162,PUBLIC,2,F200W
368595055,JWST,image,jw05893020005_02101_00003_nrca2,exposure (L2b): 2D calibrated exposure average over integrations,S,mast:JWST/product/jw05893020005_02101_00003_nrca2_cal.fits,SCIENCE,,CAL,,CALJWST,2.0.0,5893,jw05893020005_02101_00003_nrca2_cal.fits,117570240,368595162,PUBLIC,2,F200W
368595056,JWST,image,jw05893020005_02101_00003_nrcb2,exposure (L2b): 2D calibrated exposure average over integrations,S,mast:JWST/product/jw05893020005_02101_00003_nrcb2_cal.fits,SCIENCE,,CAL,,CALJWST,2.0.0,5893,jw05893020005_02101_00003_nrcb2_cal.fits,117573120,368595162,PUBLIC,2,F200W
368595057,JWST,image,jw05893020005_02101_00001_nrcb4,exposure (L2b): 2D calibrated exposure average over integrations,S,mast:JWST/product/jw05893020005_02101_00001_nrcb4_cal.fits,SCIENCE,,CAL,,CALJWST,2.0.0,5893,jw05893020005_02101_00001_nrcb4_cal.fits,117573120,368595162,PUBLIC,2,F200W
368595059,JWST,image,jw05893020005_02101_00003_nrca4,exposure (L2b): 2D calibrated exposure average over integrations,S,mast:JWST/product/jw05893020005_02101_00003_nrca4_cal.fits,SCIENCE,,CAL,,CALJWST,2.0.0,5893,jw05893020005_02101_00003_nrca4_cal.fits,117573120,368595162,PUBLIC,2,F200W
368595061,JWST,image,jw05893020005_02101_00001_nrca1,exposure (L2b): 2D calibrated exposure average over integrations,S,mast:JWST/product/jw05893020005_02101_00001_nrca1_cal.fits,SCIENCE,,CAL,,CALJWST,2.0.0,5893,jw05893020005_02101_00001_nrca1_cal.fits,117570240,368595162,PUBLIC,2,F200W
368595062,JWST,image,jw05893020005_02101_00002_nrcb3,exposure (L2b): 2D calibrated exposure average over integrations,S,mast:JWST/product/jw05893020005_02101_00002_nrcb3_cal.fits,SCIENCE,,CAL,,CALJWST,2.0.0,5893,jw05893020005_02101_00002_nrcb3_cal.fits,117573120,368595162,PUBLIC,2,F200W
368595063,JWST,image,jw05893020005_02101_00004_nrca3,exposure (L2b): 2D calibrated exposure average over integrations,S,mast:JWST/product/jw05893020005_02101_00004_nrca3_cal.fits,SCIENCE,,CAL,,CALJWST,2.0.0,5893,jw05893020005_02101_00004_nrca3_cal.fits,117573120,368595162,PUBLIC,2,F200W
368595066,JWST,image,jw05893020005_02101_00001_nrca2,exposure (L2b): 2D calibrated exposure average over integrations,S,mast:JWST/product/jw05893020005_02101_00001_nrca2_cal.fits,SCIENCE,,CAL,,CALJWST,2.0.0,5893,jw05893020005_02101_00001_nrca2_cal.fits,117570240,368595162,PUBLIC,2,F200W
368595067,JWST,image,jw05893020005_02101_00002_nrcb4,exposure (L2b): 2D calibrated exposure average over integrations,S,mast:JWST/product/jw05893020005_02101_00002_nrcb4_cal.fits,SCIENCE,,CAL,,CALJWST,2.0.0,5893,jw05893020005_02101_00002_nrcb4_cal.fits,117573120,368595162,PUBLIC,2,F200W
368595068,JWST,image,jw05893020005_02101_00001_nrcb2,exposure (L2b): 2D calibrated exposure average over integrations,S,mast:JWST/product/jw05893020005_02101_00001_nrcb2_cal.fits,SCIENCE,,CAL,,CALJWST,2.0.0,5893,jw05893020005_02101_00001_nrcb2_cal.fits,117573120,368595162,PUBLIC,2,F200W
368595069,JWST,image,jw05893020005_02101_00004_nrca2,exposure (L2b): 2D calibrated exposure average over integrations,S,mast:JWST/product/jw05893020005_02101_00004_nrca2_cal.fits,SCIENCE,,CAL,,CALJWST,2.0.0,5893,jw05893020005_02101_00004_nrca2_cal.fits,117570240,368595162,PUBLIC,2,F200W
368595070,JWST,image,jw05893020005_02101_00004_nrcb1,exposure (L2b): 2D calibrated exposure average over integrations,S,mast:JWST/product/jw05893020005_02101_00004_nrcb1_cal.fits,SCIENCE,,CAL,,CALJWST,2.0.0,5893,jw05893020005_02101_00004_nrcb1_cal.fits,117573120,368595162,PUBLIC,2,F200W
368595071,JWST,image,jw05893020005_02101_00002_nrca4,exposure (L2b): 2D calibrated exposure average over integrations,S,mast:JWST/product/jw05893020005_02101_00002_nrca4_cal.fits,SCIENCE,,CAL,,CALJWST,2.0.0,5893,jw05893020005_02101_00002_nrca4_cal.fits,117573120,368595162,PUBLIC,2,F200W
368595072,JWST,image,jw05893020005_02101_00003_nrcb1,exposure (L2b): 2D calibrated exposure average over integrations,S,mast:JWST/product/jw05893020005_02101_00003_nrcb1_cal.fits,SCIENCE,,CAL,,CALJWST,2.0.0,5893,jw05893020005_02101_00003_nrcb1_cal.fits,117573120,368595162,PUBLIC,2,F200W
368595073,JWST,image,jw05893020005_02101_00003_nrca1,exposure (L2b): 2D calibrated exposure average over integrations,S,mast:JWST/product/jw05893020005_02101_00003_nrca1_cal.fits,SCIENCE,,CAL,,CALJWST,2.0.0,5893,jw05893020005_02101_00003_nrca1_cal.fits,117570240,368595162,PUBLIC,2,F200W
368595074,JWST,image,jw05893020005_02101_00001_nrcb1,exposure (L2b): 2D calibrated exposure average over integrations,S,mast:JWST/product/jw05893020005_02101_00001_nrcb1_cal.fits,SCIENCE,,CAL,,CALJWST,2.0.0,5893,jw05893020005_02101_00001_nrcb1_cal.fits,117573120,368595162,PUBLIC,2,F200W
368595075,JWST,image,jw05893020005_02101_00003_nrcb4,exposure (L2b): 2D calibrated exposure average over integrations,S,mast:JWST/product/jw05893020005_02101_00003_nrcb4_cal.fits,SCIENCE,,CAL,,CALJWST,2.0.0,5893,jw05893020005_02101_00003_nrcb4_cal.fits,117573120,368595162,PUBLIC,2,F200W
368595076,JWST,image,jw05893020005_02101_00003_nrcb3,exposure (L2b): 2D calibrated exposure average over integrations,S,mast:JWST/product/jw05893020005_02101_00003_nrcb3_cal.fits,SCIENCE,,CAL,,CALJWST,2.0.0,5893,jw05893020005_02101_00003_nrcb3_cal.fits,117573120,368595162,PUBLIC,2,F200W
368595077,JWST,image,jw05893020005_02101_00005_nrca3,exposure (L2b): 2D calibrated exposure average over integrations,S,mast:JWST/product/jw05893020005_02101_00005_nrca3_cal.fits,SCIENCE,,CAL,,CALJWST,2.0.0,5893,jw05893020005_02101_00005_nrca3_cal.fits,117573120,368595162,PUBLIC,2,F200W
368595079,JWST,image,jw05893020005_02101_00002_nrca1,exposure (L2b): 2D calibrated exposure average over integrations,S,mast:JWST/product/jw05893020005_02101_00002_nrca1_cal.fits,SCIENCE,,CAL,,CALJWST,2.0.0,5893,jw05893020005_02101_00002_nrca1_cal.fits,117570240,368595162,PUBLIC,2,F200W
368595080,JWST,image,jw05893020005_02101_00001_nrca3,exposure (L2b): 2D calibrated exposure average over integrations,S,mast:JWST/product/jw05893020005_02101_00001_nrca3_cal.fits,SCIENCE,,CAL,,CALJWST,2.0.0,5893,jw05893020005_02101_00001_nrca3_cal.fits,117573120,368595162,PUBLIC,2,F200W
368595081,JWST,image,jw05893020005_02101_00002_nrca3,exposure (L2b): 2D calibrated exposure average over integrations,S,mast:JWST/product/jw05893020005_02101_00002_nrca3_cal.fits,SCIENCE,,CAL,,CALJWST,2.0.0,5893,jw05893020005_02101_00002_nrca3_cal.fits,117573120,368595162,PUBLIC,2,F200W
368595082,JWST,image,jw05893020005_02101_00005_nrcb1,exposure (L2b): 2D calibrated exposure average over integrations,S,mast:JWST/product/jw05893020005_02101_00005_nrcb1_cal.fits,SCIENCE,,CAL,,CALJWST,2.0.0,5893,jw05893020005_02101_00005_nrcb1_cal.fits,117573120,368595162,PUBLIC,2,F200W
368595085,JWST,image,jw05893020006_02101_00003_nrca2,exposure (L2b): 2D calibrated exposure average over integrations,S,mast:JWST/product/jw05893020006_02101_00003_nrca2_cal.fits,SCIENCE,,CAL,,CALJWST,2.0.0,5893,jw05893020006_02101_00003_nrca2_cal.fits,117570240,368595162,PUBLIC,2,F200W
368595086,JWST,image,jw05893020006_02101_00003_nrcb2,exposure (L2b): 2D calibrated exposure average over integrations,S,mast:JWST/product/jw05893020006_02101_00003_nrcb2_cal.fits,SCIENCE,,CAL,,CALJWST,2.0.0,5893,jw05893020006_02101_00003_nrcb2_cal.fits,117573120,368595162,PUBLIC,2,F200W
368595088,JWST,image,jw05893020006_02101_00002_nrca1,exposure (L2b): 2D calibrated exposure average over integrations,S,mast:JWST/product/jw05893020006_02101_00002_nrca1_cal.fits,SCIENCE,,CAL,,CALJWST,2.0.0,5893,jw05893020006_02101_00002_nrca1_cal.fits,117570240,368595162,PUBLIC,2,F200W
368595089,JWST,image,jw05893020006_02101_00002_nrca4,exposure (L2b): 2D calibrated exposure average over integrations,S,mast:JWST/product/jw05893020006_02101_00002_nrca4_cal.fits,SCIENCE,,CAL,,CALJWST,2.0.0,5893,jw05893020006_02101_00002_nrca4_cal.fits,117573120,368595162,PUBLIC,2,F200W
368595091,JWST,image,jw05893020006_02101_00001_nrcb2,exposure (L2b): 2D calibrated exposure average over integrations,S,mast:JWST/product/jw05893020006_02101_00001_nrcb2_cal.fits,SCIENCE,,CAL,,CALJWST,2.0.0,5893,jw05893020006_02101_00001_nrcb2_cal.fits,117573120,368595162,PUBLIC,2,F200W
368595093,JWST,image,jw05893020006_02101_00002_nrcb1,exposure (L2b): 2D calibrated exposure average over integrations,S,mast:JWST/product/jw05893020006_02101_00002_nrcb1_cal.fits,SCIENCE,,CAL,,CALJWST,2.0.0,5893,jw05893020006_02101_00002_nrcb1_cal.fits,117573120,368595162,PUBLIC,2,F200W
368595094,JWST,image,jw05893020006_02101_00003_nrcb4,exposure (L2b): 2D calibrated exposure average over integrations,S,mast:JWST/product/jw05893020006_02101_00003_nrcb4_cal.fits,SCIENCE,,CAL,,CALJWST,2.0.0,5893,jw05893020006_02101_00003_nrcb4_cal.fits,117573120,368595162,PUBLIC,2,F200W
368595098,JWST,image,jw05893020006_02101_00003_nrca1,exposure (L2b): 2D calibrated exposure average over integrations,S,mast:JWST/product/jw05893020006_02101_00003_nrca1_cal.fits,SCIENCE,,CAL,,CALJWST,2.0.0,5893,jw05893020006_02101_00003_nrca1_cal.fits,117570240,368595162,PUBLIC,2,F200W
368595099,JWST,image,jw05893020006_02101_00003_nrca4,exposure (L2b): 2D calibrated exposure average over integrations,S,mast:JWST/product/jw05893020006_02101_00003_nrca4_cal.fits,SCIENCE,,CAL,,CALJWST,2.0.0,5893,jw05893020006_02101_00003_nrca4_cal.fits,117573120,368595162,PUBLIC,2,F200W
368595100,JWST,image,jw05893020006_02101_00001_nrca4,exposure (L2b): 2D calibrated exposure average over integrations,S,mast:JWST/product/jw05893020006_02101_00001_nrca4_cal.fits,SCIENCE,,CAL,,CALJWST,2.0.0,5893,jw05893020006_02101_00001_nrca4_cal.fits,117573120,368595162,PUBLIC,2,F200W
368595101,JWST,image,jw05893020006_02101_00002_nrcb2,exposure (L2b): 2D calibrated exposure average over integrations,S,mast:JWST/product/jw05893020006_02101_00002_nrcb2_cal.fits,SCIENCE,,CAL,,CALJWST,2.0.0,5893,jw05893020006_02101_00002_nrcb2_cal.fits,117573120,368595162,PUBLIC,2,F200W
368595102,JWST,image,jw05893020006_02101_00002_nrca2,exposure (L2b): 2D calibrated exposure average over integrations,S,mast:JWST/product/jw05893020006_02101_00002_nrca2_cal.fits,SCIENCE,,CAL,,CALJWST,2.0.0,5893,jw05893020006_02101_00002_nrca2_cal.fits,117570240,368595162,PUBLIC,2,F200W
368595103,JWST,image,jw05893020006_02101_00002_nrca3,exposure (L2b): 2D calibrated exposure average over integrations,S,mast:JWST/product/jw05893020006_02101_00002_nrca3_cal.fits,SCIENCE,,CAL,,CALJWST,2.0.0,5893,jw05893020006_02101_00002_nrca3_cal.fits,117573120,368595162,PUBLIC,2,F200W
368595104,JWST,image,jw05893020006_02101_00004_nrca1,exposure (L2b): 2D calibrated exposure average over integrations,S,mast:JWST/product/jw05893020006_02101_00004_nrca1_cal.fits,SCIENCE,,CAL,,CALJWST,2.0.0,5893,jw05893020006_02101_00004_nrca1_cal.fits,117570240,368595162,PUBLIC,2,F200W
368595105,JWST,image,jw05893020006_02101_00003_nrca3,exposure (L2b): 2D calibrated exposure average over integrations,S,mast:JWST/product/jw05893020006_02101_00003_nrca3_cal.fits,SCIENCE,,CAL,,CALJWST,2.0.0,5893,jw05893020006_02101_00003_nrca3_cal.fits,117573120,368595162,PUBLIC,2,F200W
368595106,JWST,image,jw05893020006_02101_00001_nrca3,exposure (L2b): 2D calibrated exposure average over integrations,S,mast:JWST/product/jw05893020006_02101_00001_nrca3_cal.fits,SCIENCE,,CAL,,CALJWST,2.0.0,5893,jw05893020006_02101_00001_nrca3_cal.fits,117573120,368595162,PUBLIC,2,F200W
368595107,JWST,image,jw05893020006_02101_00004_nrcb1,exposure (L2b): 2D calibrated exposure average over integrations,S,mast:JWST/product/jw05893020006_02101_00004_nrcb1_cal.fits,SCIENCE,,CAL,,CALJWST,2.0.0,5893,jw05893020006_02101_00004_nrcb1_cal.fits,117573120,368595162,PUBLIC,2,F200W
368595108,JWST,image,jw05893020006_02101_00001_nrcb3,exposure (L2b): 2D calibrated exposure average over integrations,S,mast:JWST/product/jw05893020006_02101_00001_nrcb3_cal.fits,SCIENCE,,CAL,,CALJWST,2.0.0,5893,jw05893020006_02101_00001_nrcb3_cal.fits,117573120,368595162,PUBLIC,2,F200W
368595109,JWST,image,jw05893020006_02101_00004_nrca3,exposure (L2b): 2D calibrated exposure average over integrations,S,mast:JWST/product/jw05893020006_02101_00004_nrca3_cal.fits,SCIENCE,,CAL,,CALJWST,2.0.0,5893,jw05893020006_02101_00004_nrca3_cal.fits,117573120,368595162,PUBLIC,2,F200W
368595110,JWST,image,jw05893020006_02101_00001_nrcb1,exposure (L2b): 2D calibrated exposure average over integrations,S,mast:JWST/product/jw05893020006_02101_00001_nrcb1_cal.fits,SCIENCE,,CAL,,CALJWST,2.0.0,5893,jw05893020006_02101_00001_nrcb1_cal.fits,117573120,368595162,PUBLIC,2,F200W
368595111,JWST,image,jw05893020006_02101_00001_nrca2,exposure (L2b): 2D calibrated exposure average over integrations,S,mast:JWST/product/jw05893020006_02101_00001_nrca2_cal.fits,SCIENCE,,CAL,,CALJWST,2.0.0,5893,jw05893020006_02101_00001_nrca2_cal.fits,117570240,368595162,PUBLIC,2,F200W
368595112,JWST,image,jw05893020006_02101_00002_nrcb3,exposure (L2b): 2D calibrated exposure average over integrations,S,mast:JWST/product/jw05893020006_02101_00002_nrcb3_cal.fits,SCIENCE,,CAL,,CALJWST,2.0.0,5893,jw05893020006_02101_00002_nrcb3_cal.fits,117573120,368595162,PUBLIC,2,F200W
368595113,JWST,image,jw05893020006_02101_00001_nrcb4,exposure (L2b): 2D calibrated exposure average over integrations,S,mast:JWST/product/jw05893020006_02101_00001_nrcb4_cal.fits,SCIENCE,,CAL,,CALJWST,2.0.0,5893,jw05893020006_02101_00001_nrcb4_cal.fits,117573120,368595162,PUBLIC,2,F200W
368595114,JWST,image,jw05893020006_02101_00002_nrcb4,exposure (L2b): 2D calibrated exposure average over integrations,S,mast:JWST/product/jw05893020006_02101_00002_nrcb4_cal.fits,SCIENCE,,CAL,,CALJWST,2.0.0,5893,jw05893020006_02101_00002_nrcb4_cal.fits,117573120,368595162,PUBLIC,2,F200W
368595115,JWST,image,jw05893020006_02101_00003_nrcb1,exposure (L2b): 2D calibrated exposure average over integrations,S,mast:JWST/product/jw05893020006_02101_00003_nrcb1_cal.fits,SCIENCE,,CAL,,CALJWST,2.0.0,5893,jw05893020006_02101_00003_nrcb1_cal.fits,117573120,368595162,PUBLIC,2,F200W
368595116,JWST,image,jw05893020006_02101_00001_nrca1,exposure (L2b): 2D calibrated exposure average over integrations,S,mast:JWST/product/jw05893020006_02101_00001_nrca1_cal.fits,SCIENCE,,CAL,,CALJWST,2.0.0,5893,jw05893020006_02101_00001_nrca1_cal.fits,117570240,368595162,PUBLIC,2,F200W
368595156,JWST,image,jw05893020008_02101_00006_nrca1,exposure (L2b): 2D calibrated exposure average over integrations,S,mast:JWST/product/jw05893020008_02101_00006_nrca1_cal.fits,SCIENCE,,CAL,,CALJWST,2.0.0,5893,jw05893020008_02101_00006_nrca1_cal.fits,117570240,368595162,PUBLIC,2,F200W
368595157,JWST,image,jw05893020008_02101_00006_nrcb2,exposure (L2b): 2D calibrated exposure average over integrations,S,mast:JWST/product/jw05893020008_02101_00006_nrcb2_cal.fits,SCIENCE,,CAL,,CALJWST,2.0.0,5893,jw05893020008_02101_00006_nrcb2_cal.fits,117573120,368595162,PUBLIC,2,F200W
368595177,JWST,image,jw05893020006_02101_00005_nrcb4,exposure (L2b): 2D calibrated exposure average over integrations,S,mast:JWST/product/jw05893020006_02101_00005_nrcb4_cal.fits,SCIENCE,,CAL,,CALJWST,2.0.0,5893,jw05893020006_02101_00005_nrcb4_cal.fits,117573120,368595162,PUBLIC,2,F200W
368595178,JWST,image,jw05893020006_02101_00005_nrca1,exposure (L2b): 2D calibrated exposure average over integrations,S,mast:JWST/product/jw05893020006_02101_00005_nrca1_cal.fits,SCIENCE,,CAL,,CALJWST,2.0.0,5893,jw05893020006_02101_00005_nrca1_cal.fits,117570240,368595162,PUBLIC,2,F200W
368595179,JWST,image,jw05893020006_02101_00005_nrca2,exposure (L2b): 2D calibrated exposure average over integrations,S,mast:JWST/product/jw05893020006_02101_00005_nrca2_cal.fits,SCIENCE,,CAL,,CALJWST,2.0.0,5893,jw05893020006_02101_00005_nrca2_cal.fits,117570240,368595162,PUBLIC,2,F200W
368595180,JWST,image,jw05893020006_02101_00005_nrca3,exposure (L2b): 2D calibrated exposure average over integrations,S,mast:JWST/product/jw05893020006_02101_00005_nrca3_cal.fits,SCIENCE,,CAL,,CALJWST,2.0.0,5893,jw05893020006_02101_00005_nrca3_cal.fits,117573120,368595162,PUBLIC,2,F200W
368595185,JWST,image,jw05893020005_02101_00004_nrcb2,exposure (L2b): 2D calibrated exposure average over integrations,S,mast:JWST/product/jw05893020005_02101_00004_nrcb2_cal.fits,SCIENCE,,CAL,,CALJWST,2.0.0,5893,jw05893020005_02101_00004_nrcb2_cal.fits,117573120,368595162,PUBLIC,2,F200W
368595186,JWST,image,jw05893020005_02101_00004_nrca4,exposure (L2b): 2D calibrated exposure average over integrations,S,mast:JWST/product/jw05893020005_02101_00004_nrca4_cal.fits,SCIENCE,,CAL,,CALJWST,2.0.0,5893,jw05893020005_02101_00004_nrca4_cal.fits,117573120,368595162,PUBLIC,2,F200W
368595189,JWST,image,jw05893020005_02101_00004_nrcb3,exposure (L2b): 2D calibrated exposure average over integrations,S,mast:JWST/product/jw05893020005_02101_00004_nrcb3_cal.fits,SCIENCE,,CAL,,CALJWST,2.0.0,5893,jw05893020005_02101_00004_nrcb3_cal.fits,117573120,368595162,PUBLIC,2,F200W
368595190,JWST,image,jw05893020005_02101_00004_nrcb4,exposure (L2b): 2D calibrated exposure average over integrations,S,mast:JWST/product/jw05893020005_02101_00004_nrcb4_cal.fits,SCIENCE,,CAL,,CALJWST,2.0.0,5893,jw05893020005_02101_00004_nrcb4_cal.fits,117573120,368595162,PUBLIC,2,F200W
368832732,JWST,image,jw05893020005_02101_00005_nrcb3,exposure (L2b): 2D calibrated exposure average over integrations,S,mast:JWST/product/jw05893020005_02101_00005_nrcb3_cal.fits,SCIENCE,,CAL,,CALJWST,2.0.0,5893,jw05893020005_02101_00005_nrcb3_cal.fits,117573120,368595162,PUBLIC,2,F200W
368832733,JWST,image,jw05893020005_02101_00005_nrcb4,exposure (L2b): 2D calibrated exposure average over integrations,S,mast:JWST/product/jw05893020005_02101_00005_nrcb4_cal.fits,SCIENCE,,CAL,,CALJWST,2.0.0,5893,jw05893020005_02101_00005_nrcb4_cal.fits,117573120,368595162,PUBLIC,2,F200W
368832764,JWST,image,jw05893020005_02101_00005_nrca2,exposure (L2b): 2D calibrated exposure average over integrations,S,mast:JWST/product/jw05893020005_02101_00005_nrca2_cal.fits,SCIENCE,,CAL,,CALJWST,2.0.0,5893,jw05893020005_02101_00005_nrca2_cal.fits,117570240,368595162,PUBLIC,2,F200W
368832767,JWST,image,jw05893020005_02101_00005_nrcb2,exposure (L2b): 2D calibrated exposure average over integrations,S,mast:JWST/product/jw05893020005_02101_00005_nrcb2_cal.fits,SCIENCE,,CAL,,CALJWST,2.0.0,5893,jw05893020005_02101_00005_nrcb2_cal.fits,117573120,368595162,PUBLIC,2,F200W
368832769,JWST,image,jw05893020005_02101_00005_nrca1,exposure (L2b): 2D calibrated exposure average over integrations,S,mast:JWST/product/jw05893020005_02101_00005_nrca1_cal.fits,SCIENCE,,CAL,,CALJWST,2.0.0,5893,jw05893020005_02101_00005_nrca1_cal.fits,117570240,368595162,PUBLIC,2,F200W
368834453,JWST,image,jw05893020008_02101_00001_nrca1,exposure (L2b): 2D calibrated exposure average over integrations,S,mast:JWST/product/jw05893020008_02101_00001_nrca1_cal.fits,SCIENCE,,CAL,,CALJWST,2.0.0,5893,jw05893020008_02101_00001_nrca1_cal.fits,117570240,368595162,PUBLIC,2,F200W
368834457,JWST,image,jw05893020008_02101_00001_nrcb4,exposure (L2b): 2D calibrated exposure average over integrations,S,mast:JWST/product/jw05893020008_02101_00001_nrcb4_cal.fits,SCIENCE,,CAL,,CALJWST,2.0.0,5893,jw05893020008_02101_00001_nrcb4_cal.fits,117573120,368595162,PUBLIC,2,F200W
368834458,JWST,image,jw05893020008_02101_00005_nrca1,exposure (L2b): 2D calibrated exposure average over integrations,S,mast:JWST/product/jw05893020008_02101_00005_nrca1_cal.fits,SCIENCE,,CAL,,CALJWST,2.0.0,5893,jw05893020008_02101_00005_nrca1_cal.fits,117570240,368595162,PUBLIC,2,F200W
368834462,JWST,image,jw05893020008_02101_00002_nrcb4,exposure (L2b): 2D calibrated exposure average over integrations,S,mast:JWST/product/jw05893020008_02101_00002_nrcb4_cal.fits,SCIENCE,,CAL,,CALJWST,2.0.0,5893,jw05893020008_02101_00002_nrcb4_cal.fits,117573120,368595162,PUBLIC,2,F200W
368834464,JWST,image,jw05893020008_02101_00001_nrcb3,exposure (L2b): 2D calibrated exposure average over integrations,S,mast:JWST/product/jw05893020008_02101_00001_nrcb3_cal.fits,SCIENCE,,CAL,,CALJWST,2.0.0,5893,jw05893020008_02101_00001_nrcb3_cal.fits,117573120,368595162,PUBLIC,2,F200W
368834466,JWST,image,jw05893020008_02101_00002_nrca3,exposure (L2b): 2D calibrated exposure average over integrations,S,mast:JWST/product/jw05893020008_02101_00002_nrca3_cal.fits,SCIENCE,,CAL,,CALJWST,2.0.0,5893,jw05893020008_02101_00002_nrca3_cal.fits,117573120,368595162,PUBLIC,2,F200W
368834467,JWST,image,jw05893020008_02101_00001_nrca4,exposure (L2b): 2D calibrated exposure average over integrations,S,mast:JWST/product/jw05893020008_02101_00001_nrca4_cal.fits,SCIENCE,,CAL,,CALJWST,2.0.0,5893,jw05893020008_02101_00001_nrca4_cal.fits,117573120,368595162,PUBLIC,2,F200W
368834468,JWST,image,jw05893020008_02101_00005_nrcb4,exposure (L2b): 2D calibrated exposure average over integrations,S,mast:JWST/product/jw05893020008_02101_00005_nrcb4_cal.fits,SCIENCE,,CAL,,CALJWST,2.0.0,5893,jw05893020008_02101_00005_nrcb4_cal.fits,117573120,368595162,PUBLIC,2,F200W
368834469,JWST,image,jw05893020008_02101_00001_nrcb2,exposure (L2b): 2D calibrated exposure average over integrations,S,mast:JWST/product/jw05893020008_02101_00001_nrcb2_cal.fits,SCIENCE,,CAL,,CALJWST,2.0.0,5893,jw05893020008_02101_00001_nrcb2_cal.fits,117573120,368595162,PUBLIC,2,F200W
368834470,JWST,image,jw05893020008_02101_00002_nrcb3,exposure (L2b): 2D calibrated exposure average over integrations,S,mast:JWST/product/jw05893020008_02101_00002_nrcb3_cal.fits,SCIENCE,,CAL,,CALJWST,2.0.0,5893,jw05893020008_02101_00002_nrcb3_cal.fits,117573120,368595162,PUBLIC,2,F200W
368903323,JWST,image,jw05893020008_02101_00001_nrca3,exposure (L2b): 2D calibrated exposure average over integrations,S,mast:JWST/product/jw05893020008_02101_00001_nrca3_cal.fits,SCIENCE,,CAL,,CALJWST,2.0.0,5893,jw05893020008_02101_00001_nrca3_cal.fits,117573120,368595162,PUBLIC,2,F200W
368903327,JWST,image,jw05893020008_02101_00004_nrcb1,exposure (L2b): 2D calibrated exposure average over integrations,S,mast:JWST/product/jw05893020008_02101_00004_nrcb1_cal.fits,SCIENCE,,CAL,,CALJWST,2.0.0,5893,jw05893020008_02101_00004_nrcb1_cal.fits,117573120,368595162,PUBLIC,2,F200W
368903328,JWST,image,jw05893020008_02101_00006_nrcb3,exposure (L2b): 2D calibrated exposure average over integrations,S,mast:JWST/product/jw05893020008_02101_00006_nrcb3_cal.fits,SCIENCE,,CAL,,CALJWST,2.0.0,5893,jw05893020008_02101_00006_nrcb3_cal.fits,117573120,368595162,PUBLIC,2,F200W
368903329,JWST,image,jw05893020008_02101_00003_nrcb4,exposure (L2b): 2D calibrated exposure average over integrations,S,mast:JWST/product/jw05893020008_02101_00003_nrcb4_cal.fits,SCIENCE,,CAL,,CALJWST,2.0.0,5893,jw05893020008_02101_00003_nrcb4_cal.fits,117573120,368595162,PUBLIC,2,F200W
368903330,JWST,image,jw05893020008_02101_00002_nrca1,exposure (L2b): 2D calibrated exposure average over integrations,S,mast:JWST/product/jw05893020008_02101_00002_nrca1_cal.fits,SCIENCE,,CAL,,CALJWST,2.0.0,5893,jw05893020008_02101_00002_nrca1_cal.fits,117570240,368595162,PUBLIC,2,F200W
368903333,JWST,image,jw05893020008_02101_00006_nrcb1,exposure (L2b): 2D calibrated exposure average over integrations,S,mast:JWST/product/jw05893020008_02101_00006_nrcb1_cal.fits,SCIENCE,,CAL,,CALJWST,2.0.0,5893,jw05893020008_02101_00006_nrcb1_cal.fits,117573120,368595162,PUBLIC,2,F200W
368903334,JWST,image,jw05893020008_02101_00005_nrcb2,exposure (L2b): 2D calibrated exposure average over integrations,S,mast:JWST/product/jw05893020008_02101_00005_nrcb2_cal.fits,SCIENCE,,CAL,,CALJWST,2.0.0,5893,jw05893020008_02101_00005_nrcb2_cal.fits,117573120,368595162,PUBLIC,2,F200W
368903336,JWST,image,jw05893020008_02101_00006_nrca3,exposure (L2b): 2D calibrated exposure average over integrations,S,mast:JWST/product/jw05893020008_02101_00006_nrca3_cal.fits,SCIENCE,,CAL,,CALJWST,2.0.0,5893,jw05893020008_02101_00006_nrca3_cal.fits,117573120,368595162,PUBLIC,2,F200W
368903338,JWST,image,jw05893020008_02101_00002_nrca4,exposure (L2b): 2D calibrated exposure average over integrations,S,mast:JWST/product/jw05893020008_02101_00002_nrca4_cal.fits,SCIENCE,,CAL,,CALJWST,2.0.0,5893,jw05893020008_02101_00002_nrca4_cal.fits,117573120,368595162,PUBLIC,2,F200W
368903342,JWST,image,jw05893020008_02101_00005_nrca3,exposure (L2b): 2D calibrated exposure average over integrations,S,mast:JWST/product/jw05893020008_02101_00005_nrca3_cal.fits,SCIENCE,,CAL,,CALJWST,2.0.0,5893,jw05893020008_02101_00005_nrca3_cal.fits,117573120,368595162,PUBLIC,2,F200W
368903343,JWST,image,jw05893020008_02101_00003_nrca3,exposure (L2b): 2D calibrated exposure average over integrations,S,mast:JWST/product/jw05893020008_02101_00003_nrca3_cal.fits,SCIENCE,,CAL,,CALJWST,2.0.0,5893,jw05893020008_02101_00003_nrca3_cal.fits,117573120,368595162,PUBLIC,2,F200W
368903344,JWST,image,jw05893020008_02101_00004_nrcb4,exposure (L2b): 2D calibrated exposure average over integrations,S,mast:JWST/product/jw05893020008_02101_00004_nrcb4_cal.fits,SCIENCE,,CAL,,CALJWST,2.0.0,5893,jw05893020008_02101_00004_nrcb4_cal.fits,117573120,368595162,PUBLIC,2,F200W
368903347,JWST,image,jw05893020008_02101_00006_nrcb4,exposure (L2b): 2D calibrated exposure average over integrations,S,mast:JWST/product/jw05893020008_02101_00006_nrcb4_cal.fits,SCIENCE,,CAL,,CALJWST,2.0.0,5893,jw05893020008_02101_00006_nrcb4_cal.fits,117573120,368595162,PUBLIC,2,F200W
368903349,JWST,image,jw05893020008_02101_00001_nrcb1,exposure (L2b): 2D calibrated exposure average over integrations,S,mast:JWST/product/jw05893020008_02101_00001_nrcb1_cal.fits,SCIENCE,,CAL,,CALJWST,2.0.0,5893,jw05893020008_02101_00001_nrcb1_cal.fits,117573120,368595162,PUBLIC,2,F200W
368903350,JWST,image,jw05893020008_02101_00003_nrca4,exposure (L2b): 2D calibrated exposure average over integrations,S,mast:JWST/product/jw05893020008_02101_00003_nrca4_cal.fits,SCIENCE,,CAL,,CALJWST,2.0.0,5893,jw05893020008_02101_00003_nrca4_cal.fits,117573120,368595162,PUBLIC,2,F200W
368903351,JWST,image,jw05893020008_02101_00004_nrca3,exposure (L2b): 2D calibrated exposure average over integrations,S,mast:JWST/product/jw05893020008_02101_00004_nrca3_cal.fits,SCIENCE,,CAL,,CALJWST,2.0.0,5893,jw05893020008_02101_00004_nrca3_cal.fits,117573120,368595162,PUBLIC,2,F200W
368903352,JWST,image,jw05893020008_02101_00005_nrca4,exposure (L2b): 2D calibrated exposure average over integrations,S,mast:JWST/product/jw05893020008_02101_00005_nrca4_cal.fits,SCIENCE,,CAL,,CALJWST,2.0.0,5893,jw05893020008_02101_00005_nrca4_cal.fits,117573120,368595162,PUBLIC,2,F200W
368903353,JWST,image,jw05893020008_02101_00005_nrca2,exposure (L2b): 2D calibrated exposure average over integrations,S,mast:JWST/product/jw05893020008_02101_00005_nrca2_cal.fits,SCIENCE,,CAL,,CALJWST,2.0.0,5893,jw05893020008_02101_00005_nrca2_cal.fits,117570240,368595162,PUBLIC,2,F200W
368903356,JWST,image,jw05893020008_02101_00004_nrcb3,exposure (L2b): 2D calibrated exposure average over integrations,S,mast:JWST/product/jw05893020008_02101_00004_nrcb3_cal.fits,SCIENCE,,CAL,,CALJWST,2.0.0,5893,jw05893020008_02101_00004_nrcb3_cal.fits,117573120,368595162,PUBLIC,2,F200W
368903357,JWST,image,jw05893020008_02101_00004_nrcb2,exposure (L2b): 2D calibrated exposure average over integrations,S,mast:JWST/product/jw05893020008_02101_00004_nrcb2_cal.fits,SCIENCE,,CAL,,CALJWST,2.0.0,5893,jw05893020008_02101_00004_nrcb2_cal.fits,117573120,368595162,PUBLIC,2,F200W
368903360,JWST,image,jw05893020008_02101_00001_nrca2,exposure (L2b): 2D calibrated exposure average over integrations,S,mast:JWST/product/jw05893020008_02101_00001_nrca2_cal.fits,SCIENCE,,CAL,,CALJWST,2.0.0,5893,jw05893020008_02101_00001_nrca2_cal.fits,117570240,368595162,PUBLIC,2,F200W
368903361,JWST,image,jw05893020008_02101_00006_nrca4,exposure (L2b): 2D calibrated exposure average over integrations,S,mast:JWST/product/jw05893020008_02101_00006_nrca4_cal.fits,SCIENCE,,CAL,,CALJWST,2.0.0,5893,jw05893020008_02101_00006_nrca4_cal.fits,117573120,368595162,PUBLIC,2,F200W
368903364,JWST,image,jw05893020008_02101_00006_nrca2,exposure (L2b): 2D calibrated exposure average over integrations,S,mast:JWST/product/jw05893020008_02101_00006_nrca2_cal.fits,SCIENCE,,CAL,,CALJWST,2.0.0,5893,jw05893020008_02101_00006_nrca2_cal.fits,117570240,368595162,PUBLIC,2,F200W
368903366,JWST,image,jw05893020008_02101_00002_nrcb1,exposure (L2b): 2D calibrated exposure average over integrations,S,mast:JWST/product/jw05893020008_02101_00002_nrcb1_cal.fits,SCIENCE,,CAL,,CALJWST,2.0.0,5893,jw05893020008_02101_00002_nrcb1_cal.fits,117573120,368595162,PUBLIC,2,F200W
368903368,JWST,image,jw05893020008_02101_00005_nrcb3,exposure (L2b): 2D calibrated exposure average over integrations,S,mast:JWST/product/jw05893020008_02101_00005_nrcb3_cal.fits,SCIENCE,,CAL,,CALJWST,2.0.0,5893,jw05893020008_02101_00005_nrcb3_cal.fits,117573120,368595162,PUBLIC,2,F200W
368903369,JWST,image,jw05893020008_02101_00003_nrca2,exposure (L2b): 2D calibrated exposure average over integrations,S,mast:JWST/product/jw05893020008_02101_00003_nrca2_cal.fits,SCIENCE,,CAL,,CALJWST,2.0.0,5893,jw05893020008_02101_00003_nrca2_cal.fits,117570240,368595162,PUBLIC,2,F200W
368903370,JWST,image,jw05893020008_02101_00003_nrca1,exposure (L2b): 2D calibrated exposure average over integrations,S,mast:JWST/product/jw05893020008_02101_00003_nrca1_cal.fits,SCIENCE,,CAL,,CALJWST,2.0.0,5893,jw05893020008_02101_00003_nrca1_cal.fits,117570240,368595162,PUBLIC,2,F200W
368903372,JWST,image,jw05893020008_02101_00005_nrcb1,exposure (L2b): 2D calibrated exposure average over integrations,S,mast:JWST/product/jw05893020008_02101_00005_nrcb1_cal.fits,SCIENCE,,CAL,,CALJWST,2.0.0,5893,jw05893020008_02101_00005_nrcb1_cal.fits,117573120,368595162,PUBLIC,2,F200W
368903373,JWST,image,jw05893020008_02101_00002_nrcb2,exposure (L2b): 2D calibrated exposure average over integrations,S,mast:JWST/product/jw05893020008_02101_00002_nrcb2_cal.fits,SCIENCE,,CAL,,CALJWST,2.0.0,5893,jw05893020008_02101_00002_nrcb2_cal.fits,117573120,368595162,PUBLIC,2,F200W
368903376,JWST,image,jw05893020008_02101_00003_nrcb3,exposure (L2b): 2D calibrated exposure average over integrations,S,mast:JWST/product/jw05893020008_02101_00003_nrcb3_cal.fits,SCIENCE,,CAL,,CALJWST,2.0.0,5893,jw05893020008_02101_00003_nrcb3_cal.fits,117573120,368595162,PUBLIC,2,F200W
368903379,JWST,image,jw05893020008_02101_00002_nrca2,exposure (L2b): 2D calibrated exposure average over integrations,S,mast:JWST/product/jw05893020008_02101_00002_nrca2_cal.fits,SCIENCE,,CAL,,CALJWST,2.0.0,5893,jw05893020008_02101_00002_nrca2_cal.fits,117570240,368595162,PUBLIC,2,F200W
368903380,JWST,image,jw05893020008_02101_00004_nrca4,exposure (L2b): 2D calibrated exposure average over integrations,S,mast:JWST/product/jw05893020008_02101_00004_nrca4_cal.fits,SCIENCE,,CAL,,CALJWST,2.0.0,5893,jw05893020008_02101_00004_nrca4_cal.fits,117573120,368595162,PUBLIC,2,F200W
368903381,JWST,image,jw05893020008_02101_00003_nrcb1,exposure (L2b): 2D calibrated exposure average over integrations,S,mast:JWST/product/jw05893020008_02101_00003_nrcb1_cal.fits,SCIENCE,,CAL,,CALJWST,2.0.0,5893,jw05893020008_02101_00003_nrcb1_cal.fits,117573120,368595162,PUBLIC,2,F200W
368903382,JWST,image,jw05893020008_02101_00004_nrca1,exposure (L2b): 2D calibrated exposure average over integrations,S,mast:JWST/product/jw05893020008_02101_00004_nrca1_cal.fits,SCIENCE,,CAL,,CALJWST,2.0.0,5893,jw05893020008_02101_00004_nrca1_cal.fits,117570240,368595162,PUBLIC,2,F200W
368903384,JWST,image,jw05893020008_02101_00004_nrca2,exposure (L2b): 2D calibrated exposure average over integrations,S,mast:JWST/product/jw05893020008_02101_00004_nrca2_cal.fits,SCIENCE,,CAL,,CALJWST,2.0.0,5893,jw05893020008_02101_00004_nrca2_cal.fits,117570240,368595162,PUBLIC,2,F200W
368903385,JWST,image,jw05893020008_02101_00003_nrcb2,exposure (L2b): 2D calibrated exposure average over integrations,S,mast:JWST/product/jw05893020008_02101_00003_nrcb2_cal.fits,SCIENCE,,CAL,,CALJWST,2.0.0,5893,jw05893020008_02101_00003_nrcb2_cal.fits,117573120,368595162,PUBLIC,2,F200W
369173567,JWST,image,jw05893020005_02101_00005_nrca4,exposure (L2b): 2D calibrated exposure average over integrations,S,mast:JWST/product/jw05893020005_02101_00005_nrca4_cal.fits,SCIENCE,,CAL,,CALJWST,2.0.0,5893,jw05893020005_02101_00005_nrca4_cal.fits,117573120,368595162,PUBLIC,2,F200W
369173713,JWST,image,jw05893020005_02101_00006_nrca3,exposure (L2b): 2D calibrated exposure average over integrations,S,mast:JWST/product/jw05893020005_02101_00006_nrca3_cal.fits,SCIENCE,,CAL,,CALJWST,2.0.0,5893,jw05893020005_02101_00006_nrca3_cal.fits,117573120,368595162,PUBLIC,2,F200W
369173997,JWST,image,jw05893020005_02101_00006_nrca2,exposure (L2b): 2D calibrated exposure average over integrations,S,mast:JWST/product/jw05893020005_02101_00006_nrca2_cal.fits,SCIENCE,,CAL,,CALJWST,2.0.0,5893,jw05893020005_02101_00006_nrca2_cal.fits,117570240,368595162,PUBLIC,2,F200W
369174420,JWST,image,jw05893020005_02101_00006_nrca1,exposure (L2b): 2D calibrated exposure average over integrations,S,mast:JWST/product/jw05893020005_02101_00006_nrca1_cal.fits,SCIENCE,,CAL,,CALJWST,2.0.0,5893,jw05893020005_02101_00006_nrca1_cal.fits,117570240,368595162,PUBLIC,2,F200W
369175453,JWST,image,jw05893020005_02101_00006_nrcb2,exposure (L2b): 2D calibrated exposure average over integrations,S,mast:JWST/product/jw05893020005_02101_00006_nrcb2_cal.fits,SCIENCE,,CAL,,CALJWST,2.0.0,5893,jw05893020005_02101_00006_nrcb2_cal.fits,117573120,368595162,PUBLIC,2,F200W
369175723,JWST,image,jw05893020005_02101_00006_nrcb4,exposure (L2b): 2D calibrated exposure average over integrations,S,mast:JWST/product/jw05893020005_02101_00006_nrcb4_cal.fits,SCIENCE,,CAL,,CALJWST,2.0.0,5893,jw05893020005_02101_00006_nrcb4_cal.fits,117573120,368595162,PUBLIC,2,F200W
369176011,JWST,image,jw05893020005_02101_00006_nrcb3,exposure (L2b): 2D calibrated exposure average over integrations,S,mast:JWST/product/jw05893020005_02101_00006_nrcb3_cal.fits,SCIENCE,,CAL,,CALJWST,2.0.0,5893,jw05893020005_02101_00006_nrcb3_cal.fits,117573120,368595162,PUBLIC,2,F200W
369176895,JWST,image,jw05893020005_02101_00006_nrca4,exposure (L2b): 2D calibrated exposure average over integrations,S,mast:JWST/product/jw05893020005_02101_00006_nrca4_cal.fits,SCIENCE,,CAL,,CALJWST,2.0.0,5893,jw05893020005_02101_00006_nrca4_cal.fits,117573120,368595162,PUBLIC,2,F200W
369177020,JWST,image,jw05893020005_02101_00006_nrcb1,exposure (L2b): 2D calibrated exposure average over integrations,S,mast:JWST/product/jw05893020005_02101_00006_nrcb1_cal.fits,SCIENCE,,CAL,,CALJWST,2.0.0,5893,jw05893020005_02101_00006_nrcb1_cal.fits,117573120,368595162,PUBLIC,2,F200W
369184902,JWST,image,jw05893020006_02101_00003_nrcb3,exposure (L2b): 2D calibrated exposure average over integrations,S,mast:JWST/product/jw05893020006_02101_00003_nrcb3_cal.fits,SCIENCE,,CAL,,CALJWST,2.0.0,5893,jw05893020006_02101_00003_nrcb3_cal.fits,117573120,368595162,PUBLIC,2,F200W
369185292,JWST,image,jw05893020006_02101_00004_nrcb3,exposure (L2b): 2D calibrated exposure average over integrations,S,mast:JWST/product/jw05893020006_02101_00004_nrcb3_cal.fits,SCIENCE,,CAL,,CALJWST,2.0.0,5893,jw05893020006_02101_00004_nrcb3_cal.fits,117573120,368595162,PUBLIC,2,F200W
369185295,JWST,image,jw05893020006_02101_00006_nrcb2,exposure (L2b): 2D calibrated exposure average over integrations,S,mast:JWST/product/jw05893020006_02101_00006_nrcb2_cal.fits,SCIENCE,,CAL,,CALJWST,2.0.0,5893,jw05893020006_02101_00006_nrcb2_cal.fits,117573120,368595162,PUBLIC,2,F200W
369185633,JWST,image,jw05893020006_02101_00006_nrcb1,exposure (L2b): 2D calibrated exposure average over integrations,S,mast:JWST/product/jw05893020006_02101_00006_nrcb1_cal.fits,SCIENCE,,CAL,,CALJWST,2.0.0,5893,jw05893020006_02101_00006_nrcb1_cal.fits,117573120,368595162,PUBLIC,2,F200W
369185858,JWST,image,jw05893020006_02101_00006_nrca4,exposure (L2b): 2D calibrated exposure average over integrations,S,mast:JWST/product/jw05893020006_02101_00006_nrca4_cal.fits,SCIENCE,,CAL,,CALJWST,2.0.0,5893,jw05893020006_02101_00006_nrca4_cal.fits,117573120,368595162,PUBLIC,2,F200W
369185964,JWST,image,jw05893020006_02101_00005_nrcb3,exposure (L2b): 2D calibrated exposure average over integrations,S,mast:JWST/product/jw05893020006_02101_00005_nrcb3_cal.fits,SCIENCE,,CAL,,CALJWST,2.0.0,5893,jw05893020006_02101_00005_nrcb3_cal.fits,117573120,368595162,PUBLIC,2,F200W
369186310,JWST,image,jw05893020006_02101_00005_nrca4,exposure (L2b): 2D calibrated exposure average over integrations,S,mast:JWST/product/jw05893020006_02101_00005_nrca4_cal.fits,SCIENCE,,CAL,,CALJWST,2.0.0,5893,jw05893020006_02101_00005_nrca4_cal.fits,117573120,368595162,PUBLIC,2,F200W
369186317,JWST,image,jw05893020006_02101_00004_nrcb4,exposure (L2b): 2D calibrated exposure average over integrations,S,mast:JWST/product/jw05893020006_02101_00004_nrcb4_cal.fits,SCIENCE,,CAL,,CALJWST,2.0.0,5893,jw05893020006_02101_00004_nrcb4_cal.fits,117573120,368595162,PUBLIC,2,F200W
369186433,JWST,image,jw05893020006_02101_00004_nrca4,exposure (L2b): 2D calibrated exposure average over integrations,S,mast:JWST/product/jw05893020006_02101_00004_nrca4_cal.fits,SCIENCE,,CAL,,CALJWST,2.0.0,5893,jw05893020006_02101_00004_nrca4_cal.fits,117573120,368595162,PUBLIC,2,F200W
369186683,JWST,image,jw05893020006_02101_00006_nrca2,exposure (L2b): 2D calibrated exposure average over integrations,S,mast:JWST/product/jw05893020006_02101_00006_nrca2_cal.fits,SCIENCE,,CAL,,CALJWST,2.0.0,5893,jw05893020006_02101_00006_nrca2_cal.fits,117570240,368595162,PUBLIC,2,F200W
369186736,JWST,image,jw05893020006_02101_00006_nrcb4,exposure (L2b): 2D calibrated exposure average over integrations,S,mast:JWST/product/jw05893020006_02101_00006_nrcb4_cal.fits,SCIENCE,,CAL,,CALJWST,2.0.0,5893,jw05893020006_02101_00006_nrcb4_cal.fits,117573120,368595162,PUBLIC,2,F200W
369186790,JWST,image,jw05893020006_02101_00006_nrca3,exposure (L2b): 2D calibrated exposure average over integrations,S,mast:JWST/product/jw05893020006_02101_00006_nrca3_cal.fits,SCIENCE,,CAL,,CALJWST,2.0.0,5893,jw05893020006_02101_00006_nrca3_cal.fits,117573120,368595162,PUBLIC,2,F200W
369186833,JWST,image,jw05893020006_02101_00006_nrcb3,exposure (L2b): 2D calibrated exposure average over integrations,S,mast:JWST/product/jw05893020006_02101_00006_nrcb3_cal.fits,SCIENCE,,CAL,,CALJWST,2.0.0,5893,jw05893020006_02101_00006_nrcb3_cal.fits,117573120,368595162,PUBLIC,2,F200W
369187029,JWST,image,jw05893020006_02101_00006_nrca1,exposure (L2b): 2D calibrated exposure average over integrations,S,mast:JWST/product/jw05893020006_02101_00006_nrca1_cal.fits,SCIENCE,,CAL,,CALJWST,2.0.0,5893,jw05893020006_02101_00006_nrca1_cal.fits,117570240,368595162,PUBLIC,2,F200W
369187143,JWST,image,jw05893020006_02101_00005_nrcb2,exposure (L2b): 2D calibrated exposure average over integrations,S,mast:JWST/product/jw05893020006_02101_00005_nrcb2_cal.fits,SCIENCE,,CAL,,CALJWST,2.0.0,5893,jw05893020006_02101_00005_nrcb2_cal.fits,117573120,368595162,PUBLIC,2,F200W
369187247,JWST,image,jw05893020006_02101_00005_nrcb1,exposure (L2b): 2D calibrated exposure average over integrations,S,mast:JWST/product/jw05893020006_02101_00005_nrcb1_cal.fits,SCIENCE,,CAL,,CALJWST,2.0.0,5893,jw05893020006_02101_00005_nrcb1_cal.fits,117573120,368595162,PUBLIC,2,F200W
369187281,JWST,image,jw05893020006_02101_00004_nrca2,exposure (L2b): 2D calibrated exposure average over integrations,S,mast:JWST/product/jw05893020006_02101_00004_nrca2_cal.fits,SCIENCE,,CAL,,CALJWST,2.0.0,5893,jw05893020006_02101_00004_nrca2_cal.fits,117570240,368595162,PUBLIC,2,F200W
369187684,JWST,image,jw05893020006_02101_00004_nrcb2,exposure (L2b): 2D calibrated exposure average over integrations,S,mast:JWST/product/jw05893020006_02101_00004_nrcb2_cal.fits,SCIENCE,,CAL,,CALJWST,2.0.0,5893,jw05893020006_02101_00004_nrcb2_cal.fits,117573120,368595162,PUBLIC,2,F200W
