obsID,obs_collection,dataproduct_type,obs_id,description,type,dataURI,productType,productGroupDescription,productSubGroupDescription,productDocumentationURL,project,prvversion,proposal_id,productFilename,size,parent_obsid,dataRights,calib_level,filters
262848431,JWST,image,jw05893003001_02101_00003_nrca3,exposure (L2b): 2D calibrated exposure average over integrations,S,mast:JWST/product/jw05893003001_02101_00003_nrca3_cal.fits,SCIENCE,,CAL,,CALJWST,2.0.0,5893,jw05893003001_02101_00003_nrca3_cal.fits,117573120,262851365,PUBLIC,2,F200W
262848432,JWST,image,jw05893003001_02101_00006_nrca3,exposure (L2b): 2D calibrated exposure average over integrations,S,mast:JWST/product/jw05893003001_02101_00006_nrca3_cal.fits,SCIENCE,,CAL,,CALJWST,2.0.0,5893,jw05893003001_02101_00006_nrca3_cal.fits,117573120,262851365,PUBLIC,2,F200W
262848433,JWST,image,jw05893003001_02101_00005_nrca4,exposure (L2b): 2D calibrated exposure average over integrations,S,mast:JWST/product/jw05893003001_02101_00005_nrca4_cal.fits,SCIENCE,,CAL,,CALJWST,2.0.0,5893,jw05893003001_02101_00005_nrca4_cal.fits,117573120,262851365,PUBLIC,2,F200W
262848434,JWST,image,jw05893003001_02101_00002_nrca3,exposure (L2b): 2D calibrated exposure average over integrations,S,mast:JWST/product/jw05893003001_02101_00002_nrca3_cal.fits,SCIENCE,,CAL,,CALJWST,2.0.0,5893,jw05893003001_02101_00002_nrca3_cal.fits,117573120,262851365,PUBLIC,2,F200W
262848436,JWST,image,jw05893003001_02101_00001_nrca3,exposure (L2b): 2D calibrated exposure average over integrations,S,mast:JWST/product/jw05893003001_02101_00001_nrca3_cal.fits,SCIENCE,,CAL,,CALJWST,2.0.0,5893,jw05893003001_02101_00001_nrca3_cal.fits,117573120,262851365,PUBLIC,2,F200W
262848437,JWST,image,jw05893003001_02101_00003_nrca4,exposure (L2b): 2D calibrated exposure average over integrations,S,mast:JWST/product/jw05893003001_02101_00003_nrca4_cal.fits,SCIENCE,,CAL,,CALJWST,2.0.0,5893,jw05893003001_02101_00003_nrca4_cal.fits,117573120,262851365,PUBLIC,2,F200W
262848438,JWST,image,jw05893003001_02101_00004_nrca3,exposure (L2b): 2D calibrated exposure average over integrations,S,mast:JWST/product/jw05893003001_02101_00004_nrca3_cal.fits,SCIENCE,,CAL,,CALJWST,2.0.0,5893,jw05893003001_02101_00004_nrca3_cal.fits,117573120,262851365,PUBLIC,2,F200W
262848439,JWST,image,jw05893003001_02101_00006_nrca2,exposure (L2b): 2D calibrated exposure average over integrations,S,mast:JWST/product/jw05893003001_02101_00006_nrca2_cal.fits,SCIENCE,,CAL,,CALJWST,2.0.0,5893,jw05893003001_02101_00006_nrca2_cal.fits,117570240,262851365,PUBLIC,2,F200W
262848440,JWST,image,jw05893003001_02101_00005_nrca3,exposure (L2b): 2D calibrated exposure average over integrations,S,mast:JWST/product/jw05893003001_02101_00005_nrca3_cal.fits,SCIENCE,,CAL,,CALJWST,2.0.0,5893,jw05893003001_02101_00005_nrca3_cal.fits,117573120,262851365,PUBLIC,2,F200W
262848441,JWST,image,jw05893003001_02101_00004_nrca4,exposure (L2b): 2D calibrated exposure average over integrations,S,mast:JWST/product/jw05893003001_02101_00004_nrca4_cal.fits,SCIENCE,,CAL,,CALJWST,2.0.0,5893,jw05893003001_02101_00004_nrca4_cal.fits,117573120,262851365,PUBLIC,2,F200W
262848443,JWST,image,jw05893003001_02101_00006_nrca4,exposure (L2b): 2D calibrated exposure average over integrations,S,mast:JWST/product/jw05893003001_02101_00006_nrca4_cal.fits,SCIENCE,,CAL,,CALJWST,2.0.0,5893,jw05893003001_02101_00006_nrca4_cal.fits,117573120,262851365,PUBLIC,2,F200W
262848444,JWST,image,jw05893003001_02101_00001_nrca4,exposure (L2b): 2D calibrated exposure average over integrations,S,mast:JWST/product/jw05893003001_02101_00001_nrca4_cal.fits,SCIENCE,,CAL,,CALJWST,2.0.0,5893,jw05893003001_02101_00001_nrca4_cal.fits,117573120,262851365,PUBLIC,2,F200W
262848445,JWST,image,jw05893003001_02101_00002_nrca4,exposure (L2b): 2D calibrated exposure average over integrations,S,mast:JWST/product/jw05893003001_02101_00002_nrca4_cal.fits,SCIENCE,,CAL,,CALJWST,2.0.0,5893,jw05893003001_02101_00002_nrca4_cal.fits,117573120,262851365,PUBLIC,2,F200W
262848474,JWST,image,jw05893003001_02101_00003_nrcb3,exposure (L2b): 2D calibrated exposure average over integrations,S,mast:JWST/product/jw05893003001_02101_00003_nrcb3_cal.fits,SCIENCE,,CAL,,CALJWST,2.0.0,5893,jw05893003001_02101_00003_nrcb3_cal.fits,117573120,262851365,PUBLIC,2,F200W
262848478,JWST,image,jw05893003001_02101_00004_nrcb2,exposure (L2b): 2D calibrated exposure average over integrations,S,mast:JWST/product/jw05893003001_02101_00004_nrcb2_cal.fits,SCIENCE,,CAL,,CALJWST,2.0.0,5893,jw05893003001_02101_00004_nrcb2_cal.fits,117573120,262851365,PUBLIC,2,F200W
262848480,JWST,image,jw05893003001_02101_00002_nrca2,exposure (L2b): 2D calibrated exposure average over integrations,S,mast:JWST/product/jw05893003001_02101_00002_nrca2_cal.fits,SCIENCE,,CAL,,CALJWST,2.0.0,5893,jw05893003001_02101_00002_nrca2_cal.fits,117570240,262851365,PUBLIC,2,F200W
262848481,JWST,image,jw05893003001_02101_00004_nrca2,exposure (L2b): 2D calibrated exposure average over integrations,S,mast:JWST/product/jw05893003001_02101_00004_nrca2_cal.fits,SCIENCE,,CAL,,CALJWST,2.0.0,5893,jw05893003001_02101_00004_nrca2_cal.fits,117570240,262851365,PUBLIC,2,F200W
262848482,JWST,image,jw05893003001_02101_00005_nrcb1,exposure (L2b): 2D calibrated exposure average over integrations,S,mast:JWST/product/jw05893003001_02101_00005_nrcb1_cal.fits,SCIENCE,,CAL,,CALJWST,2.0.0,5893,jw05893003001_02101_00005_nrcb1_cal.fits,117573120,262851365,PUBLIC,2,F200W
262848483,JWST,image,jw05893003001_02101_00004_nrca1,exposure (L2b): 2D calibrated exposure average over integrations,S,mast:JWST/product/jw05893003001_02101_00004_nrca1_cal.fits,SCIENCE,,CAL,,CALJWST,2.0.0,5893,jw05893003001_02101_00004_nrca1_cal.fits,117570240,262851365,PUBLIC,2,F200W
262848484,JWST,image,jw05893003001_02101_00006_nrcb2,exposure (L2b): 2D calibrated exposure average over integrations,S,mast:JWST/product/jw05893003001_02101_00006_nrcb2_cal.fits,SCIENCE,,CAL,,CALJWST,2.0.0,5893,jw05893003001_02101_00006_nrcb2_cal.fits,117573120,262851365,PUBLIC,2,F200W
262848485,JWST,image,jw05893003001_02101_00001_nrca1,exposure (L2b): 2D calibrated exposure average over integrations,S,mast:JWST/product/jw05893003001_02101_00001_nrca1_cal.fits,SCIENCE,,CAL,,CALJWST,2.0.0,5893,jw05893003001_02101_00001_nrca1_cal.fits,117570240,262851365,PUBLIC,2,F200W
262848486,JWST,image,jw05893003001_02101_00001_nrcb1,exposure (L2b): 2D calibrated exposure average over integrations,S,mast:JWST/product/jw05893003001_02101_00001_nrcb1_cal.fits,SCIENCE,,CAL,,CALJWST,2.0.0,5893,jw05893003001_02101_00001_nrcb1_cal.fits,117573120,262851365,PUBLIC,2,F200W
262848488,JWST,image,jw05893003001_02101_00001_nrcb3,exposure (L2b): 2D calibrated exposure average over integrations,S,mast:JWST/product/jw05893003001_02101_00001_nrcb3_cal.fits,SCIENCE,,CAL,,CALJWST,2.0.0,5893,jw05893003001_02101_00001_nrcb3_cal.fits,117573120,262851365,PUBLIC,2,F200W
262848490,JWST,image,jw05893003001_02101_00006_nrcb4,exposure (L2b): 2D calibrated exposure average over integrations,S,mast:JWST/product/jw05893003001_02101_00006_nrcb4_cal.fits,SCIENCE,,CAL,,CALJWST,2.0.0,5893,jw05893003001_02101_00006_nrcb4_cal.fits,117573120,262851365,PUBLIC,2,F200W
262848493,JWST,image,jw05893003001_02101_00002_nrcb2,exposure (L2b): 2D calibrated exposure average over integrations,S,mast:JWST/product/jw05893003001_02101_00002_nrcb2_cal.fits,SCIENCE,,CAL,,CALJWST,2.0.0,5893,jw05893003001_02101_00002_nrcb2_cal.fits,117573120,262851365,PUBLIC,2,F200W
262848494,JWST,image,jw05893003001_02101_00003_nrcb1,exposure (L2b): 2D calibrated exposure average over integrations,S,mast:JWST/product/jw05893003001_02101_00003_nrcb1_cal.fits,SCIENCE,,CAL,,CALJWST,2.0.0,5893,jw05893003001_02101_00003_nrcb1_cal.fits,117573120,262851365,PUBLIC,2,F200W
262848495,JWST,image,jw05893003001_02101_00002_nrcb1,exposure (L2b): 2D calibrated exposure average over integrations,S,mast:JWST/product/jw05893003001_02101_00002_nrcb1_cal.fits,SCIENCE,,CAL,,CALJWST,2.0.0,5893,jw05893003001_02101_00002_nrcb1_cal.fits,117573120,262851365,PUBLIC,2,F200W
262848497,JWST,image,jw05893003001_02101_00005_nrcb4,exposure (L2b): 2D calibrated exposure average over integrations,S,mast:JWST/product/jw05893003001_02101_00005_nrcb4_cal.fits,SCIENCE,,CAL,,CALJWST,2.0.0,5893,jw05893003001_02101_00005_nrcb4_cal.fits,117573120,262851365,PUBLIC,2,F200W
262848499,JWST,image,jw05893003001_02101_00005_nrca1,exposure (L2b): 2D calibrated exposure average over integrations,S,mast:JWST/product/jw05893003001_02101_00005_nrca1_cal.fits,SCIENCE,,CAL,,CALJWST,2.0.0,5893,jw05893003001_02101_00005_nrca1_cal.fits,117570240,262851365,PUBLIC,2,F200W
262848501,JWST,image,jw05893003001_02101_00002_nrca1,exposure (L2b): 2D calibrated exposure average over integrations,S,mast:JWST/product/jw05893003001_02101_00002_nrca1_cal.fits,SCIENCE,,CAL,,CALJWST,2.0.0,5893,jw05893003001_02101_00002_nrca1_cal.fits,117570240,262851365,PUBLIC,2,F200W
262848503,JWST,image,jw05893003001_02101_00006_nrcb1,exposure (L2b): 2D calibrated exposure average over integrations,S,mast:JWST/product/jw05893003001_02101_00006_nrcb1_cal.fits,SCIENCE,,CAL,,CALJWST,2.0.0,5893,jw05893003001_02101_00006_nrcb1_cal.fits,117573120,262851365,PUBLIC,2,F200W
262848505,JWST,image,jw05893003001_02101_00003_nrcb4,exposure (L2b): 2D calibrated exposure average over integrations,S,mast:JWST/product/jw05893003001_02101_00003_nrcb4_cal.fits,SCIENCE,,CAL,,CALJWST,2.0.0,5893,jw05893003001_02101_00003_nrcb4_cal.fits,117573120,262851365,PUBLIC,2,F200W
262848508,JWST,image,jw05893003001_02101_00002_nrcb3,exposure (L2b): 2D calibrated exposure average over integrations,S,mast:JWST/product/jw05893003001_02101_00002_nrcb3_cal.fits,SCIENCE,,CAL,,CALJWST,2.0.0,5893,jw05893003001_02101_00002_nrcb3_cal.fits,117573120,262851365,PUBLIC,2,F200W
262848509,JWST,image,jw05893003001_02101_00004_nrcb1,exposure (L2b): 2D calibrated exposure average over integrations,S,mast:JWST/product/jw05893003001_02101_00004_nrcb1_cal.fits,SCIENCE,,CAL,,CALJWST,2.0.0,5893,jw05893003001_02101_00004_nrcb1_cal.fits,117573120,262851365,PUBLIC,2,F200W
262848512,JWST,image,jw05893003001_02101_00001_nrca2,exposure (L2b): 2D calibrated exposure average over integrations,S,mast:JWST/product/jw05893003001_02101_00001_nrca2_cal.fits,SCIENCE,,CAL,,CALJWST,2.0.0,5893,jw05893003001_02101_00001_nrca2_cal.fits,117570240,262851365,PUBLIC,2,F200W
262848513,JWST,image,jw05893003001_02101_00004_nrcb3,exposure (L2b): 2D calibrated exposure average over integrations,S,mast:JWST/product/jw05893003001_02101_00004_nrcb3_cal.fits,SCIENCE,,CAL,,CALJWST,2.0.0,5893,jw05893003001_02101_00004_nrcb3_cal.fits,117573120,262851365,PUBLIC,2,F200W
262848514,JWST,image,jw05893003001_02101_00003_nrcb2,exposure (L2b): 2D calibrated exposure average over integrations,S,mast:JWST/product/jw05893003001_02101_00003_nrcb2_cal.fits,SCIENCE,,CAL,,CALJWST,2.0.0,5893,jw05893003001_02101_00003_nrcb2_cal.fits,117573120,262851365,PUBLIC,2,F200W
262848516,JWST,image,jw05893003001_02101_00004_nrcb4,exposure (L2b): 2D calibrated exposure average over integrations,S,mast:JWST/product/jw05893003001_02101_00004_nrcb4_cal.fits,SCIENCE,,CAL,,CALJWST,2.0.0,5893,jw05893003001_02101_00004_nrcb4_cal.fits,117573120,262851365,PUBLIC,2,F200W
262848517,JWST,image,jw05893003001_02101_00006_nrca1,exposure (L2b): 2D calibrated exposure average over integrations,S,mast:JWST/product/jw05893003001_02101_00006_nrca1_cal.fits,SCIENCE,,CAL,,CALJWST,2.0.0,5893,jw05893003001_02101_00006_nrca1_cal.fits,117570240,262851365,PUBLIC,2,F200W
262848519,JWST,image,jw05893003001_02101_00005_nrcb2,exposure (L2b): 2D calibrated exposure average over integrations,S,mast:JWST/product/jw05893003001_02101_00005_nrcb2_cal.fits,SCIENCE,,CAL,,CALJWST,2.0.0,5893,jw05893003001_02101_00005_nrcb2_cal.fits,117573120,262851365,PUBLIC,2,F200W
262848520,JWST,image,jw05893003001_02101_00001_nrcb4,exposure (L2b): 2D calibrated exposure average over integrations,S,mast:JWST/product/jw05893003001_02101_00001_nrcb4_cal.fits,SCIENCE,,CAL,,CALJWST,2.0.0,5893,jw05893003001_02101_00001_nrcb4_cal.fits,117573120,262851365,PUBLIC,2,F200W
262848521,JWST,image,jw05893003001_02101_00003_nrca1,exposure (L2b): 2D calibrated exposure average over integrations,S,mast:JWST/product/jw05893003001_02101_00003_nrca1_cal.fits,SCIENCE,,CAL,,CALJWST,2.0.0,5893,jw05893003001_02101_00003_nrca1_cal.fits,117570240,262851365,PUBLIC,2,F200W
262848522,JWST,image,jw05893003001_02101_00005_nrca2,exposure (L2b): 2D calibrated exposure average over integrations,S,mast:JWST/product/jw05893003001_02101_00005_nrca2_cal.fits,SCIENCE,,CAL,,CALJWST,2.0.0,5893,jw05893003001_02101_00005_nrca2_cal.fits,117570240,262851365,PUBLIC,2,F200W
262848523,JWST,image,jw05893003001_02101_00002_nrcb4,exposure (L2b): 2D calibrated exposure average over integrations,S,mast:JWST/product/jw05893003001_02101_00002_nrcb4_cal.fits,SCIENCE,,CAL,,CALJWST,2.0.0,5893,jw05893003001_02101_00002_nrcb4_cal.fits,117573120,262851365,PUBLIC,2,F200W
262848525,JWST,image,jw05893003001_02101_00005_nrcb3,exposure (L2b): 2D calibrated exposure average over integrations,S,mast:JWST/product/jw05893003001_02101_00005_nrcb3_cal.fits,SCIENCE,,CAL,,CALJWST,2.0.0,5893,jw05893003001_02101_00005_nrcb3_cal.fits,117573120,262851365,PUBLIC,2,F200W
262848526,JWST,image,jw05893003001_02101_00006_nrcb3,exposure (L2b): 2D calibrated exposure average over integrations,S,mast:JWST/product/jw05893003001_02101_00006_nrcb3_cal.fits,SCIENCE,,CAL,,CALJWST,2.0.0,5893,jw05893003001_02101_00006_nrcb3_cal.fits,117573120,262851365,PUBLIC,2,F200W
262848527,JWST,image,jw05893003001_02101_00001_nrcb2,exposure (L2b): 2D calibrated exposure average over integrations,S,mast:JWST/product/jw05893003001_02101_00001_nrcb2_cal.fits,SCIENCE,,CAL,,CALJWST,2.0.0,5893,jw05893003001_02101_00001_nrcb2_cal.fits,117573120,262851365,PUBLIC,2,F200W
262848528,JWST,image,jw05893003001_02101_00003_nrca2,exposure (L2b): 2D calibrated exposure average over integrations,S,mast:JWST/product/jw05893003001_02101_00003_nrca2_cal.fits,SCIENCE,,CAL,,CALJWST,2.0.0,5893,jw05893003001_02101_00003_nrca2_cal.fits,117570240,262851365,PUBLIC,2,F200W
262848529,JWST,image,jw05893003002_02101_00002_nrcb2,exposure (L2b): 2D calibrated exposure average over integrations,S,mast:JWST/product/jw05893003002_02101_00002_nrcb2_cal.fits,SCIENCE,,CAL,,CALJWST,2.0.0,5893,jw05893003002_02101_00002_nrcb2_cal.fits,117573120,262851365,PUBLIC,2,F200W
262848530,JWST,image,jw05893003002_02101_00002_nrcb4,exposure (L2b): 2D calibrated exposure average over integrations,S,mast:JWST/product/jw05893003002_02101_00002_nrcb4_cal.fits,SCIENCE,,CAL,,CALJWST,2.0.0,5893,jw05893003002_02101_00002_nrcb4_cal.fits,117573120,262851365,PUBLIC,2,F200W
262848532,JWST,image,jw05893003002_02101_00002_nrcb1,exposure (L2b): 2D calibrated exposure average over integrations,S,mast:JWST/product/jw05893003002_02101_00002_nrcb1_cal.fits,SCIENCE,,CAL,,CALJWST,2.0.0,5893,jw05893003002_02101_00002_nrcb1_cal.fits,117573120,262851365,PUBLIC,2,F200W
262848572,JWST,image,jw05893003002_02101_00001_nrcb4,exposure (L2b): 2D calibrated exposure average over integrations,S,mast:JWST/product/jw05893003002_02101_00001_nrcb4_cal.fits,SCIENCE,,CAL,,CALJWST,2.0.0,5893,jw05893003002_02101_00001_nrcb4_cal.fits,117573120,262851365,PUBLIC,2,F200W
262848573,JWST,image,jw05893003002_02101_00001_nrca3,exposure (L2b): 2D calibrated exposure average over integrations,S,mast:JWST/product/jw05893003002_02101_00001_nrca3_cal.fits,SCIENCE,,CAL,,CALJWST,2.0.0,5893,jw05893003002_02101_00001_nrca3_cal.fits,117573120,262851365,PUBLIC,2,F200W
262848574,JWST,image,jw05893003002_02101_00002_nrca3,exposure (L2b): 2D calibrated exposure average over integrations,S,mast:JWST/product/jw05893003002_02101_00002_nrca3_cal.fits,SCIENCE,,CAL,,CALJWST,2.0.0,5893,jw05893003002_02101_00002_nrca3_cal.fits,117573120,262851365,PUBLIC,2,F200W
262848575,JWST,image,jw05893003002_02101_00001_nrca2,exposure (L2b): 2D calibrated exposure average over integrations,S,mast:JWST/product/jw05893003002_02101_00001_nrca2_cal.fits,SCIENCE,,CAL,,CALJWST,2.0.0,5893,jw05893003002_02101_00001_nrca2_cal.fits,117570240,262851365,PUBLIC,2,F200W
262848576,JWST,image,jw05893003002_02101_00003_nrcb3,exposure (L2b): 2D calibrated exposure average over integrations,S,mast:JWST/product/jw05893003002_02101_00003_nrcb3_cal.fits,SCIENCE,,CAL,,CALJWST,2.0.0,5893,jw05893003002_02101_00003_nrcb3_cal.fits,117573120,262851365,PUBLIC,2,F200W
262848577,JWST,image,jw05893003002_02101_00003_nrcb2,exposure (L2b): 2D calibrated exposure average over integrations,S,mast:JWST/product/jw05893003002_02101_00003_nrcb2_cal.fits,SCIENCE,,CAL,,CALJWST,2.0.0,5893,jw05893003002_02101_00003_nrcb2_cal.fits,117573120,262851365,PUBLIC,2,F200W
262848578,JWST,image,jw05893003002_02101_00002_nrcb3,exposure (L2b): 2D calibrated exposure average over integrations,S,mast:JWST/product/jw05893003002_02101_00002_nrcb3_cal.fits,SCIENCE,,CAL,,CALJWST,2.0.0,5893,jw05893003002_02101_00002_nrcb3_cal.fits,117573120,262851365,PUBLIC,2,F200W
262848579,JWST,image,jw05893003002_02101_00002_nrca4,exposure (L2b): 2D calibrated exposure average over integrations,S,mast:JWST/product/jw05893003002_02101_00002_nrca4_cal.fits,SCIENCE,,CAL,,CALJWST,2.0.0,5893,jw05893003002_02101_00002_nrca4_cal.fits,117573120,262851365,PUBLIC,2,F200W
262848581,JWST,image,jw05893003002_02101_00003_nrcb1,exposure (L2b): 2D calibrated exposure average over integrations,S,mast:JWST/product/jw05893003002_02101_00003_nrcb1_cal.fits,SCIENCE,,CAL,,CALJWST,2.0.0,5893,jw05893003002_02101_00003_nrcb1_cal.fits,117573120,262851365,PUBLIC,2,F200W
262848582,JWST,image,jw05893003002_02101_00003_nrca3,exposure (L2b): 2D calibrated exposure average over integrations,S,mast:JWST/product/jw05893003002_02101_00003_nrca3_cal.fits,SCIENCE,,CAL,,CALJWST,2.0.0,5893,jw05893003002_02101_00003_nrca3_cal.fits,117573120,262851365,PUBLIC,2,F200W
262848583,JWST,image,jw05893003002_02101_00003_nrcb4,exposure (L2b): 2D calibrated exposure average over integrations,S,mast:JWST/product/jw05893003002_02101_00003_nrcb4_cal.fits,SCIENCE,,CAL,,CALJWST,2.0.0,5893,jw05893003002_02101_00003_nrcb4_cal.fits,117573120,262851365,PUBLIC,2,F200W
262848584,JWST,image,jw05893003002_02101_00002_nrca2,exposure (L2b): 2D calibrated exposure average over integrations,S,mast:JWST/product/jw05893003002_02101_00002_nrca2_cal.fits,SCIENCE,,CAL,,CALJWST,2.0.0,5893,jw05893003002_02101_00002_nrca2_cal.fits,117570240,262851365,PUBLIC,2,F200W
262848587,JWST,image,jw05893003002_02101_00001_nrcb3,exposure (L2b): 2D calibrated exposure average over integrations,S,mast:JWST/product/jw05893003002_02101_00001_nrcb3_cal.fits,SCIENCE,,CAL,,CALJWST,2.0.0,5893,jw05893003002_02101_00001_nrcb3_cal.fits,117573120,262851365,PUBLIC,2,F200W
262848588,JWST,image,jw05893003002_02101_00003_nrca2,exposure (L2b): 2D calibrated exposure average over integrations,S,mast:JWST/product/jw05893003002_02101_00003_nrca2_cal.fits,SCIENCE,,CAL,,CALJWST,2.0.0,5893,jw05893003002_02101_00003_nrca2_cal.fits,117570240,262851365,PUBLIC,2,F200W
262848589,JWST,image,jw05893003002_02101_00003_nrca4,exposure (L2b): 2D calibrated exposure average over integrations,S,mast:JWST/product/jw05893003002_02101_00003_nrca4_cal.fits,SCIENCE,,CAL,,CALJWST,2.0.0,5893,jw05893003002_02101_00003_nrca4_cal.fits,117573120,262851365,PUBLIC,2,F200W
262848591,JWST,image,jw05893003002_02101_00001_nrcb2,exposure (L2b): 2D calibrated exposure average over integrations,S,mast:JWST/product/jw05893003002_02101_00001_nrcb2_cal.fits,SCIENCE,,CAL,,CALJWST,2.0.0,5893,jw05893003002_02101_00001_nrcb2_cal.fits,117573120,262851365,PUBLIC,2,F200W
262848593,JWST,image,jw05893003002_02101_00001_nrca4,exposure (L2b): 2D calibrated exposure average over integrations,S,mast:JWST/product/jw05893003002_02101_00001_nrca4_cal.fits,SCIENCE,,CAL,,CALJWST,2.0.0,5893,jw05893003002_02101_00001_nrca4_cal.fits,117573120,262851365,PUBLIC,2,F200W
262848594,JWST,image,jw05893003002_02101_00003_nrca1,exposure (L2b): 2D calibrated exposure average over integrations,S,mast:JWST/product/jw05893003002_02101_00003_nrca1_cal.fits,SCIENCE,,CAL,,CALJWST,2.0.0,5893,jw05893003002_02101_00003_nrca1_cal.fits,117570240,262851365,PUBLIC,2,F200W
262848595,JWST,image,jw05893003002_02101_00001_nrcb1,exposure (L2b): 2D calibrated exposure average over integrations,S,mast:JWST/product/jw05893003002_02101_00001_nrcb1_cal.fits,SCIENCE,,CAL,,CALJWST,2.0.0,5893,jw05893003002_02101_00001_nrcb1_cal.fits,117573120,262851365,PUBLIC,2,F200W
262848596,JWST,image,jw05893003002_02101_00002_nrca1,exposure (L2b): 2D calibrated exposure average over integrations,S,mast:JWST/product/jw05893003002_02101_00002_nrca1_cal.fits,SCIENCE,,CAL,,CALJWST,2.0.0,5893,jw05893003002_02101_00002_nrca1_cal.fits,117570240,262851365,PUBLIC,2,F200W
262848599,JWST,image,jw05893003002_02101_00001_nrca1,exposure (L2b): 2D calibrated exposure average over integrations,S,mast:JWST/product/jw05893003002_02101_00001_nrca1_cal.fits,SCIENCE,,CAL,,CALJWST,2.0.0,5893,jw05893003002_02101_00001_nrca1_cal.fits,117570240,262851365,PUBLIC,2,F200W
262848667,JWST,image,jw05893003002_02101_00006_nrca4,exposure (L2b): 2D calibrated exposure average over integrations,S,mast:JWST/product/jw05893003002_02101_00006_nrca4_cal.fits,SCIENCE,,CAL,,CALJWST,2.0.0,5893,jw05893003002_02101_00006_nrca4_cal.fits,117573120,262851365,PUBLIC,2,F200W
262848668,JWST,image,jw05893003002_02101_00006_nrca1,exposure (L2b): 2D calibrated exposure average over integrations,S,mast:JWST/product/jw05893003002_02101_00006_nrca1_cal.fits,SCIENCE,,CAL,,CALJWST,2.0.0,5893,jw05893003002_02101_00006_nrca1_cal.fits,117570240,262851365,PUBLIC,2,F200W
262848669,JWST,image,jw05893003002_02101_00006_nrcb2,exposure (L2b): 2D calibrated exposure average over integrations,S,mast:JWST/product/jw05893003002_02101_00006_nrcb2_cal.fits,SCIENCE,,CAL,,CALJWST,2.0.0,5893,jw05893003002_02101_00006_nrcb2_cal.fits,117573120,262851365,PUBLIC,2,F200W
262848670,JWST,image,jw05893003002_02101_00006_nrca3,exposure (L2b): 2D calibrated exposure average over integrations,S,mast:JWST/product/jw05893003002_02101_00006_nrca3_cal.fits,SCIENCE,,CAL,,CALJWST,2.0.0,5893,jw05893003002_02101_00006_nrca3_cal.fits,117573120,262851365,PUBLIC,2,F200W
262848671,JWST,image,jw05893003002_02101_00006_nrca2,exposure (L2b): 2D calibrated exposure average over integrations,S,mast:JWST/product/jw05893003002_02101_00006_nrca2_cal.fits,SCIENCE,,CAL,,CALJWST,2.0.0,5893,jw05893003002_02101_00006_nrca2_cal.fits,117570240,262851365,PUBLIC,2,F200W
262848680,JWST,image,jw05893003002_02101_00006_nrcb3,exposure (L2b): 2D calibrated exposure average over integrations,S,mast:JWST/product/jw05893003002_02101_00006_nrcb3_cal.fits,SCIENCE,,CAL,,CALJWST,2.0.0,5893,jw05893003002_02101_00006_nrcb3_cal.fits,117573120,262851365,PUBLIC,2,F200W
262848794,JWST,image,jw05893003003_02101_00001_nrca1,exposure (L2b): 2D calibrated exposure average over integrations,S,mast:JWST/product/jw05893003003_02101_00001_nrca1_cal.fits,SCIENCE,,CAL,,CALJWST,2.0.0,5893,jw05893003003_02101_00001_nrca1_cal.fits,117570240,262851365,PUBLIC,2,F200W
262848795,JWST,image,jw05893003003_02101_00002_nrcb1,exposure (L2b): 2D calibrated exposure average over integrations,S,mast:JWST/product/jw05893003003_02101_00002_nrcb1_cal.fits,SCIENCE,,CAL,,CALJWST,2.0.0,5893,jw05893003003_02101_00002_nrcb1_cal.fits,117573120,262851365,PUBLIC,2,F200W
262848797,JWST,image,jw05893003003_02101_00002_nrca3,exposure (L2b): 2D calibrated exposure average over integrations,S,mast:JWST/product/jw05893003003_02101_00002_nrca3_cal.fits,SCIENCE,,CAL,,CALJWST,2.0.0,5893,jw05893003003_02101_00002_nrca3_cal.fits,117573120,262851365,PUBLIC,2,F200W
262848799,JWST,image,jw05893003003_02101_00002_nrcb3,exposure (L2b): 2D calibrated exposure average over integrations,S,mast:JWST/product/jw05893003003_02101_00002_nrcb3_cal.fits,SCIENCE,,CAL,,CALJWST,2.0.0,5893,jw05893003003_02101_00002_nrcb3_cal.fits,117573120,262851365,PUBLIC,2,F200W
262848800,JWST,image,jw05893003003_02101_00001_nrca4,exposure (L2b): 2D calibrated exposure average over integrations,S,mast:JWST/product/jw05893003003_02101_00001_nrca4_cal.fits,SCIENCE,,CAL,,CALJWST,2.0.0,5893,jw05893003003_02101_00001_nrca4_cal.fits,117573120,262851365,PUBLIC,2,F200W
262848801,JWST,image,jw05893003003_02101_00002_nrca1,exposure (L2b): 2D calibrated exposure average over integrations,S,mast:JWST/product/jw05893003003_02101_00002_nrca1_cal.fits,SCIENCE,,CAL,,CALJWST,2.0.0,5893,jw05893003003_02101_00002_nrca1_cal.fits,117570240,262851365,PUBLIC,2,F200W
262848802,JWST,image,jw05893003003_02101_00001_nrcb3,exposure (L2b): 2D calibrated exposure average over integrations,S,mast:JWST/product/jw05893003003_02101_00001_nrcb3_cal.fits,SCIENCE,,CAL,,CALJWST,2.0.0,5893,jw05893003003_02101_00001_nrcb3_cal.fits,117573120,262851365,PUBLIC,2,F200W
262848804,JWST,image,jw05893003003_02101_00002_nrcb4,exposure (L2b): 2D calibrated exposure average over integrations,S,mast:JWST/product/jw05893003003_02101_00002_nrcb4_cal.fits,SCIENCE,,CAL,,CALJWST,2.0.0,5893,jw05893003003_02101_00002_nrcb4_cal.fits,117573120,262851365,PUBLIC,2,F200W
262848805,JWST,image,jw05893003003_02101_00001_nrca3,exposure (L2b): 2D calibrated exposure average over integrations,S,mast:JWST/product/jw05893003003_02101_00001_nrca3_cal.fits,SCIENCE,,CAL,,CALJWST,2.0.0,5893,jw05893003003_02101_00001_nrca3_cal.fits,117573120,262851365,PUBLIC,2,F200W
262848812,JWST,image,jw05893003002_02101_00005_nrca4,exposure (L2b): 2D calibrated exposure average over integrations,S,mast:JWST/product/jw05893003002_02101_00005_nrca4_cal.fits,SCIENCE,,CAL,,CALJWST,2.0.0,5893,jw05893003002_02101_00005_nrca4_cal.fits,117573120,262851365,PUBLIC,2,F200W
262848819,JWST,image,jw05893003002_02101_00004_nrca1,exposure (L2b): 2D calibrated exposure average over integrations,S,mast:JWST/product/jw05893003002_02101_00004_nrca1_cal.fits,SCIENCE,,CAL,,CALJWST,2.0.0,5893,jw05893003002_02101_00004_nrca1_cal.fits,117570240,262851365,PUBLIC,2,F200W
262848823,JWST,image,jw05893003002_02101_00005_nrcb4,exposure (L2b): 2D calibrated exposure average over integrations,S,mast:JWST/product/jw05893003002_02101_00005_nrcb4_cal.fits,SCIENCE,,CAL,,CALJWST,2.0.0,5893,jw05893003002_02101_00005_nrcb4_cal.fits,117573120,262851365,PUBLIC,2,F200W
262848826,JWST,image,jw05893003002_02101_00004_nrcb2,exposure (L2b): 2D calibrated exposure average over integrations,S,mast:JWST/product/jw05893003002_02101_00004_nrcb2_cal.fits,SCIENCE,,CAL,,CALJWST,2.0.0,5893,jw05893003002_02101_00004_nrcb2_cal.fits,117573120,262851365,PUBLIC,2,F200W
262848829,JWST,image,jw05893003002_02101_00005_nrcb2,exposure (L2b): 2D calibrated exposure average over integrations,S,mast:JWST/product/jw05893003002_02101_00005_nrcb2_cal.fits,SCIENCE,,CAL,,CALJWST,2.0.0,5893,jw05893003002_02101_00005_nrcb2_cal.fits,117573120,262851365,PUBLIC,2,F200W
262848830,JWST,image,jw05893003002_02101_00004_nrcb3,exposure (L2b): 2D calibrated exposure average over integrations,S,mast:JWST/product/jw05893003002_02101_00004_nrcb3_cal.fits,SCIENCE,,CAL,,CALJWST,2.0.0,5893,jw05893003002_02101_00004_nrcb3_cal.fits,117573120,262851365,PUBLIC,2,F200W
262848837,JWST,image,jw05893003002_02101_00005_nrca1,exposure (L2b): 2D calibrated exposure average over integrations,S,mast:JWST/product/jw05893003002_02101_00005_nrca1_cal.fits,SCIENCE,,CAL,,CALJWST,2.0.0,5893,jw05893003002_02101_00005_nrca1_cal.fits,117570240,262851365,PUBLIC,2,F200W
262848846,JWST,image,jw05893003002_02101_00004_nrcb4,exposure (L2b): 2D calibrated exposure average over integrations,S,mast:JWST/product/jw05893003002_02101_00004_nrcb4_cal.fits,SCIENCE,,CAL,,CALJWST,2.0.0,5893,jw05893003002_02101_00004_nrcb4_cal.fits,117573120,262851365,PUBLIC,2,F200W
262848850,JWST,image,jw05893003002_02101_00005_nrcb3,exposure (L2b): 2D calibrated exposure average over integrations,S,mast:JWST/product/jw05893003002_02101_00005_nrcb3_cal.fits,SCIENCE,,CAL,,CALJWST,2.0.0,5893,jw05893003002_02101_00005_nrcb3_cal.fits,117573120,262851365,PUBLIC,2,F200W
262848852,JWST,image,jw05893003002_02101_00004_nrca4,exposure (L2b): 2D calibrated exposure average over integrations,S,mast:JWST/product/jw05893003002_02101_00004_nrca4_cal.fits,SCIENCE,,CAL,,CALJWST,2.0.0,5893,jw05893003002_02101_00004_nrca4_cal.fits,117573120,262851365,PUBLIC,2,F200W
262848853,JWST,image,jw05893003002_02101_00004_nrcb1,exposure (L2b): 2D calibrated exposure average over integrations,S,mast:JWST/product/jw05893003002_02101_00004_nrcb1_cal.fits,SCIENCE,,CAL,,CALJWST,2.0.0,5893,jw05893003002_02101_00004_nrcb1_cal.fits,117573120,262851365,PUBLIC,2,F200W
262848855,JWST,image,jw05893003002_02101_00004_nrca2,exposure (L2b): 2D calibrated exposure average over integrations,S,mast:JWST/product/jw05893003002_02101_00004_nrca2_cal.fits,SCIENCE,,CAL,,CALJWST,2.0.0,5893,jw05893003002_02101_00004_nrca2_cal.fits,117570240,262851365,PUBLIC,2,F200W
262848857,JWST,image,jw05893003002_02101_00004_nrca3,exposure (L2b): 2D calibrated exposure average over integrations,S,mast:JWST/product/jw05893003002_02101_00004_nrca3_cal.fits,SCIENCE,,CAL,,CALJWST,2.0.0,5893,jw05893003002_02101_00004_nrca3_cal.fits,117573120,262851365,PUBLIC,2,F200W
262848858,JWST,image,jw05893003002_02101_00006_nrcb1,exposure (L2b): 2D calibrated exposure average over integrations,S,mast:JWST/product/jw05893003002_02101_00006_nrcb1_cal.fits,SCIENCE,,CAL,,CALJWST,2.0.0,5893,jw05893003002_02101_00006_nrcb1_cal.fits,117573120,262851365,PUBLIC,2,F200W
262848859,JWST,image,jw05893003002_02101_00005_nrca3,exposure (L2b): 2D calibrated exposure average over integrations,S,mast:JWST/product/jw05893003002_02101_00005_nrca3_cal.fits,SCIENCE,,CAL,,CALJWST,2.0.0,5893,jw05893003002_02101_00005_nrca3_cal.fits,117573120,262851365,PUBLIC,2,F200W
262848862,JWST,image,jw05893003002_02101_00006_nrcb4,exposure (L2b): 2D calibrated exposure average over integrations,S,mast:JWST/product/jw05893003002_02101_00006_nrcb4_cal.fits,SCIENCE,,CAL,,CALJWST,2.0.0,5893,jw05893003002_02101_00006_nrcb4_cal.fits,117573120,262851365,PUBLIC,2,F200W
262848864,JWST,image,jw05893003002_02101_00005_nrcb1,exposure (L2b): 2D calibrated exposure average over integrations,S,mast:JWST/product/jw05893003002_02101_00005_nrcb1_cal.fits,SCIENCE,,CAL,,CALJWST,2.0.0,5893,jw05893003002_02101_00005_nrcb1_cal.fits,117573120,262851365,PUBLIC,2,F200W
262848867,JWST,image,jw05893003002_02101_00005_nrca2,exposure (L2b): 2D calibrated exposure average over integrations,S,mast:JWST/product/jw05893003002_02101_00005_nrca2_cal.fits,SCIENCE,,CAL,,CALJWST,2.0.0,5893,jw05893003002_02101_00005_nrca2_cal.fits,117570240,262851365,PUBLIC,2,F200W
262848928,JWST,image,jw05893003003_02101_00006_nrcb4,exposure (L2b): 2D calibrated exposure average over integrations,S,mast:JWST/product/jw05893003003_02101_00006_nrcb4_cal.fits,SCIENCE,,CAL,,CALJWST,2.0.0,5893,jw05893003003_02101_00006_nrcb4_cal.fits,117573120,262851365,PUBLIC,2,F200W
262848929,JWST,image,jw05893003003_02101_00002_nrca2,exposure (L2b): 2D calibrated exposure average over integrations,S,mast:JWST/product/jw05893003003_02101_00002_nrca2_cal.fits,SCIENCE,,CAL,,CALJWST,2.0.0,5893,jw05893003003_02101_00002_nrca2_cal.fits,117570240,262851365,PUBLIC,2,F200W
262848930,JWST,image,jw05893003003_02101_00005_nrcb4,exposure (L2b): 2D calibrated exposure average over integrations,S,mast:JWST/product/jw05893003003_02101_00005_nrcb4_cal.fits,SCIENCE,,CAL,,CALJWST,2.0.0,5893,jw05893003003_02101_00005_nrcb4_cal.fits,117573120,262851365,PUBLIC,2,F200W
262848931,JWST,image,jw05893003003_02101_00001_nrcb1,exposure (L2b): 2D calibrated exposure average over integrations,S,mast:JWST/product/jw05893003003_02101_00001_nrcb1_cal.fits,SCIENCE,,CAL,,CALJWST,2.0.0,5893,jw05893003003_02101_00001_nrcb1_cal.fits,117573120,262851365,PUBLIC,2,F200W
262848935,JWST,image,jw05893003003_02101_00006_nrca1,exposure (L2b): 2D calibrated exposure average over integrations,S,mast:JWST/product/jw05893003003_02101_00006_nrca1_cal.fits,SCIENCE,,CAL,,CALJWST,2.0.0,5893,jw05893003003_02101_00006_nrca1_cal.fits,117570240,262851365,PUBLIC,2,F200W
262848936,JWST,image,jw05893003003_02101_00006_nrcb1,exposure (L2b): 2D calibrated exposure average over integrations,S,mast:JWST/product/jw05893003003_02101_00006_nrcb1_cal.fits,SCIENCE,,CAL,,CALJWST,2.0.0,5893,jw05893003003_02101_00006_nrcb1_cal.fits,117573120,262851365,PUBLIC,2,F200W
262848937,JWST,image,jw05893003003_02101_00006_nrca2,exposure (L2b): 2D calibrated exposure average over integrations,S,mast:JWST/product/jw05893003003_02101_00006_nrca2_cal.fits,SCIENCE,,CAL,,CALJWST,2.0.0,5893,jw05893003003_02101_00006_nrca2_cal.fits,117570240,262851365,PUBLIC,2,F200W
262848939,JWST,image,jw05893003003_02101_00005_nrca3,exposure (L2b): 2D calibrated exposure average over integrations,S,mast:JWST/product/jw05893003003_02101_00005_nrca3_cal.fits,SCIENCE,,CAL,,CALJWST,2.0.0,5893,jw05893003003_02101_00005_nrca3_cal.fits,117573120,262851365,PUBLIC,2,F200W
262848940,JWST,image,jw05893003003_02101_00005_nrca2,exposure (L2b): 2D calibrated exposure average over integrations,S,mast:JWST/product/jw05893003003_02101_00005_nrca2_cal.fits,SCIENCE,,CAL,,CALJWST,2.0.0,5893,jw05893003003_02101_00005_nrca2_cal.fits,117570240,262851365,PUBLIC,2,F200W
262848944,JWST,image,jw05893003003_02101_00006_nrca3,exposure (L2b): 2D calibrated exposure average over integrations,S,mast:JWST/product/jw05893003003_02101_00006_nrca3_cal.fits,SCIENCE,,CAL,,CALJWST,2.0.0,5893,jw05893003003_02101_00006_nrca3_cal.fits,117573120,262851365,PUBLIC,2,F200W
262848946,JWST,image,jw05893003003_02101_00001_nrcb4,exposure (L2b): 2D calibrated exposure average over integrations,S,mast:JWST/product/jw05893003003_02101_00001_nrcb4_cal.fits,SCIENCE,,CAL,,CALJWST,2.0.0,5893,jw05893003003_02101_00001_nrcb4_cal.fits,117573120,262851365,PUBLIC,2,F200W
262848949,JWST,image,jw05893003003_02101_00006_nrcb3,exposure (L2b): 2D calibrated exposure average over integrations,S,mast:JWST/product/jw05893003003_02101_00006_nrcb3_cal.fits,SCIENCE,,CAL,,CALJWST,2.0.0,5893,jw05893003003_02101_00006_nrcb3_cal.fits,117573120,262851365,PUBLIC,2,F200W
262848950,JWST,image,jw05893003003_02101_00005_nrca1,exposure (L2b): 2D calibrated exposure average over integrations,S,mast:JWST/product/jw05893003003_02101_00005_nrca1_cal.fits,SCIENCE,,CAL,,CALJWST,2.0.0,5893,jw05893003003_02101_00005_nrca1_cal.fits,117570240,262851365,PUBLIC,2,F200W
262848951,JWST,image,jw05893003003_02101_00005_nrcb1,exposure (L2b): 2D calibrated exposure average over integrations,S,mast:JWST/product/jw05893003003_02101_00005_nrcb1_cal.fits,SCIENCE,,CAL,,CALJWST,2.0.0,5893,jw05893003003_02101_00005_nrcb1_cal.fits,117573120,262851365,PUBLIC,2,F200W
262848952,JWST,image,jw05893003003_02101_00005_nrcb2,exposure (L2b): 2D calibrated exposure average over integrations,S,mast:JWST/product/jw05893003003_02101_00005_nrcb2_cal.fits,SCIENCE,,CAL,,CALJWST,2.0.0,5893,jw05893003003_02101_00005_nrcb2_cal.fits,117573120,262851365,PUBLIC,2,F200W
262848953,JWST,image,jw05893003003_02101_00001_nrcb2,exposure (L2b): 2D calibrated exposure average over integrations,S,mast:JWST/product/jw05893003003_02101_00001_nrcb2_cal.fits,SCIENCE,,CAL,,CALJWST,2.0.0,5893,jw05893003003_02101_00001_nrcb2_cal.fits,117573120,262851365,PUBLIC,2,F200W
262848954,JWST,image,jw05893003003_02101_00005_nrcb3,exposure (L2b): 2D calibrated exposure average over integrations,S,mast:JWST/product/jw05893003003_02101_00005_nrcb3_cal.fits,SCIENCE,,CAL,,CALJWST,2.0.0,5893,jw05893003003_02101_00005_nrcb3_cal.fits,117573120,262851365,PUBLIC,2,F200W
262848955,JWST,image,jw05893003003_02101_00006_nrcb2,exposure (L2b): 2D calibrated exposure average over integrations,S,mast:JWST/product/jw05893003003_02101_00006_nrcb2_cal.fits,SCIENCE,,CAL,,CALJWST,2.0.0,5893,jw05893003003_02101_00006_nrcb2_cal.fits,117573120,262851365,PUBLIC,2,F200W
262848957,JWST,image,jw05893003003_02101_00001_nrca2,exposure (L2b): 2D calibrated exposure average over integrations,S,mast:JWST/product/jw05893003003_02101_00001_nrca2_cal.fits,SCIENCE,,CAL,,CALJWST,2.0.0,5893,jw05893003003_02101_00001_nrca2_cal.fits,117570240,262851365,PUBLIC,2,F200W
262848958,JWST,image,jw05893003003_02101_00002_nrca4,exposure (L2b): 2D calibrated exposure average over integrations,S,mast:JWST/product/jw05893003003_02101_00002_nrca4_cal.fits,SCIENCE,,CAL,,CALJWST,2.0.0,5893,jw05893003003_02101_00002_nrca4_cal.fits,117573120,262851365,PUBLIC,2,F200W
262848960,JWST,image,jw05893003003_02101_00005_nrca4,exposure (L2b): 2D calibrated exposure average over integrations,S,mast:JWST/product/jw05893003003_02101_00005_nrca4_cal.fits,SCIENCE,,CAL,,CALJWST,2.0.0,5893,jw05893003003_02101_00005_nrca4_cal.fits,117573120,262851365,PUBLIC,2,F200W
262848961,JWST,image,jw05893003003_02101_00002_nrcb2,exposure (L2b): 2D calibrated exposure average over integrations,S,mast:JWST/product/jw05893003003_02101_00002_nrcb2_cal.fits,SCIENCE,,CAL,,CALJWST,2.0.0,5893,jw05893003003_02101_00002_nrcb2_cal.fits,117573120,262851365,PUBLIC,2,F200W
262848962,JWST,image,jw05893003003_02101_00006_nrca4,exposure (L2b): 2D calibrated exposure average over integrations,S,mast:JWST/product/jw05893003003_02101_00006_nrca4_cal.fits,SCIENCE,,CAL,,CALJWST,2.0.0,5893,jw05893003003_02101_00006_nrca4_cal.fits,117573120,262851365,PUBLIC,2,F200W
262849038,JWST,image,jw05893003003_02101_00003_nrcb4,exposure (L2b): 2D calibrated exposure average over integrations,S,mast:JWST/product/jw05893003003_02101_00003_nrcb4_cal.fits,SCIENCE,,CAL,,CALJWST,2.0.0,5893,jw05893003003_02101_00003_nrcb4_cal.fits,117573120,262851365,PUBLIC,2,F200W
262849044,JWST,image,jw05893003003_02101_00004_nrca2,exposure (L2b): 2D calibrated exposure average over integrations,S,mast:JWST/product/jw05893003003_02101_00004_nrca2_cal.fits,SCIENCE,,CAL,,CALJWST,2.0.0,5893,jw05893003003_02101_00004_nrca2_cal.fits,117570240,262851365,PUBLIC,2,F200W
262849045,JWST,image,jw05893003003_02101_00003_nrcb3,exposure (L2b): 2D calibrated exposure average over integrations,S,mast:JWST/product/jw05893003003_02101_00003_nrcb3_cal.fits,SCIENCE,,CAL,,CALJWST,2.0.0,5893,jw05893003003_02101_00003_nrcb3_cal.fits,117573120,262851365,PUBLIC,2,F200W
262849046,JWST,image,jw05893003003_02101_00004_nrca3,exposure (L2b): 2D calibrated exposure average over integrations,S,mast:JWST/product/jw05893003003_02101_00004_nrca3_cal.fits,SCIENCE,,CAL,,CALJWST,2.0.0,5893,jw05893003003_02101_00004_nrca3_cal.fits,117573120,262851365,PUBLIC,2,F200W
262849050,JWST,image,jw05893003003_02101_00004_nrcb1,exposure (L2b): 2D calibrated exposure average over integrations,S,mast:JWST/product/jw05893003003_02101_00004_nrcb1_cal.fits,SCIENCE,,CAL,,CALJWST,2.0.0,5893,jw05893003003_02101_00004_nrcb1_cal.fits,117573120,262851365,PUBLIC,2,F200W
262849054,JWST,image,jw05893003003_02101_00003_nrca3,exposure (L2b): 2D calibrated exposure average over integrations,S,mast:JWST/product/jw05893003003_02101_00003_nrca3_cal.fits,SCIENCE,,CAL,,CALJWST,2.0.0,5893,jw05893003003_02101_00003_nrca3_cal.fits,117573120,262851365,PUBLIC,2,F200W
262849062,JWST,image,jw05893003003_02101_00003_nrca1,exposure (L2b): 2D calibrated exposure average over integrations,S,mast:JWST/product/jw05893003003_02101_00003_nrca1_cal.fits,SCIENCE,,CAL,,CALJWST,2.0.0,5893,jw05893003003_02101_00003_nrca1_cal.fits,117570240,262851365,PUBLIC,2,F200W
262849063,JWST,image,jw05893003003_02101_00003_nrca4,exposure (L2b): 2D calibrated exposure average over integrations,S,mast:JWST/product/jw05893003003_02101_00003_nrca4_cal.fits,SCIENCE,,CAL,,CALJWST,2.0.0,5893,jw05893003003_02101_00003_nrca4_cal.fits,117573120,262851365,PUBLIC,2,F200W
262849064,JWST,image,jw05893003003_02101_00004_nrcb4,exposure (L2b): 2D calibrated exposure average over integrations,S,mast:JWST/product/jw05893003003_02101_00004_nrcb4_cal.fits,SCIENCE,,CAL,,CALJWST,2.0.0,5893,jw05893003003_02101_00004_nrcb4_cal.fits,117573120,262851365,PUBLIC,2,F200W
262849065,JWST,image,jw05893003003_02101_00003_nrca2,exposure (L2b): 2D calibrated exposure average over integrations,S,mast:JWST/product/jw05893003003_02101_00003_nrca2_cal.fits,SCIENCE,,CAL,,CALJWST,2.0.0,5893,jw05893003003_02101_00003_nrca2_cal.fits,117570240,262851365,PUBLIC,2,F200W
262849067,JWST,image,jw05893003003_02101_00004_nrcb2,exposure (L2b): 2D calibrated exposure average over integrations,S,mast:JWST/product/jw05893003003_02101_00004_nrcb2_cal.fits,SCIENCE,,CAL,,CALJWST,2.0.0,5893,jw05893003003_02101_00004_nrcb2_cal.fits,117573120,262851365,PUBLIC,2,F200W
262849068,JWST,image,jw05893003003_02101_00004_nrca4,exposure (L2b): 2D calibrated exposure average over integrations,S,mast:JWST/product/jw05893003003_02101_00004_nrca4_cal.fits,SCIENCE,,CAL,,CALJWST,2.0.0,5893,jw05893003003_02101_00004_nrca4_cal.fits,117573120,262851365,PUBLIC,2,F200W
262849072,JWST,image,jw05893003003_02101_00003_nrcb2,exposure (L2b): 2D calibrated exposure average over integrations,S,mast:JWST/product/jw05893003003_02101_00003_nrcb2_cal.fits,SCIENCE,,CAL,,CALJWST,2.0.0,5893,jw05893003003_02101_00003_nrcb2_cal.fits,117573120,262851365,PUBLIC,2,F200W
262849074,JWST,image,jw05893003003_02101_00004_nrca1,exposure (L2b): 2D calibrated exposure average over integrations,S,mast:JWST/product/jw05893003003_02101_00004_nrca1_cal.fits,SCIENCE,,CAL,,CALJWST,2.0.0,5893,jw05893003003_02101_00004_nrca1_cal.fits,117570240,262851365,PUBLIC,2,F200W
262849076,JWST,image,jw05893003003_02101_00004_nrcb3,exposure (L2b): 2D calibrated exposure average over integrations,S,mast:JWST/product/jw05893003003_02101_00004_nrcb3_cal.fits,SCIENCE,,CAL,,CALJWST,2.0.0,5893,jw05893003003_02101_00004_nrcb3_cal.fits,117573120,262851365,PUBLIC,2,F200W
262849079,JWST,image,jw05893003003_02101_00003_nrcb1,exposure (L2b): 2D calibrated exposure average over integrations,S,mast:JWST/product/jw05893003003_02101_00003_nrcb1_cal.fits,SCIENCE,,CAL,,CALJWST,2.0.0,5893,jw05893003003_02101_00003_nrcb1_cal.fits,117573120,262851365,PUBLIC,2,F200W
262849222,JWST,image,jw05893003004_02101_00001_nrca2,exposure (L2b): 2D calibrated exposure average over integrations,S,mast:JWST/product/jw05893003004_02101_00001_nrca2_cal.fits,SCIENCE,,CAL,,CALJWST,2.0.0,5893,jw05893003004_02101_00001_nrca2_cal.fits,117570240,262851365,PUBLIC,2,F200W
262849223,JWST,image,jw05893003004_02101_00001_nrcb1,exposure (L2b): 2D calibrated exposure average over integrations,S,mast:JWST/product/jw05893003004_02101_00001_nrcb1_cal.fits,SCIENCE,,CAL,,CALJWST,2.0.0,5893,jw05893003004_02101_00001_nrcb1_cal.fits,117573120,262851365,PUBLIC,2,F200W
262849224,JWST,image,jw05893003004_02101_00001_nrcb3,exposure (L2b): 2D calibrated exposure average over integrations,S,mast:JWST/product/jw05893003004_02101_00001_nrcb3_cal.fits,SCIENCE,,CAL,,CALJWST,2.0.0,5893,jw05893003004_02101_00001_nrcb3_cal.fits,117573120,262851365,PUBLIC,2,F200W
262849225,JWST,image,jw05893003004_02101_00001_nrca3,exposure (L2b): 2D calibrated exposure average over integrations,S,mast:JWST/product/jw05893003004_02101_00001_nrca3_cal.fits,SCIENCE,,CAL,,CALJWST,2.0.0,5893,jw05893003004_02101_00001_nrca3_cal.fits,117573120,262851365,PUBLIC,2,F200W
262849227,JWST,image,jw05893003004_02101_00001_nrca1,exposure (L2b): 2D calibrated exposure average over integrations,S,mast:JWST/product/jw05893003004_02101_00001_nrca1_cal.fits,SCIENCE,,CAL,,CALJWST,2.0.0,5893,jw05893003004_02101_00001_nrca1_cal.fits,117570240,262851365,PUBLIC,2,F200W
262849229,JWST,image,jw05893003004_02101_00001_nrcb4,exposure (L2b): 2D calibrated exposure average over integrations,S,mast:JWST/product/jw05893003004_02101_00001_nrcb4_cal.fits,SCIENCE,,CAL,,CALJWST,2.0.0,5893,jw05893003004_02101_00001_nrcb4_cal.fits,117573120,262851365,PUBLIC,2,F200W
262849230,JWST,image,jw05893003004_02101_00001_nrcb2,exposure (L2b): 2D calibrated exposure average over integrations,S,mast:JWST/product/jw05893003004_02101_00001_nrcb2_cal.fits,SCIENCE,,CAL,,CALJWST,2.0.0,5893,jw05893003004_02101_00001_nrcb2_cal.fits,117573120,262851365,PUBLIC,2,F200W
262849231,JWST,image,jw05893003004_02101_00001_nrca4,exposure (L2b): 2D calibrated exposure average over integrations,S,mast:JWST/product/jw05893003004_02101_00001_nrca4_cal.fits,SCIENCE,,CAL,,CALJWST,2.0.0,5893,jw05893003004_02101_00001_nrca4_cal.fits,117573120,262851365,PUBLIC,2,F200W
262849280,JWST,image,jw05893003004_02101_00005_nrcb4,exposure (L2b): 2D calibrated exposure average over integrations,S,mast:JWST/product/jw05893003004_02101_00005_nrcb4_cal.fits,SCIENCE,,CAL,,CALJWST,2.0.0,5893,jw05893003004_02101_00005_nrcb4_cal.fits,117573120,262851365,PUBLIC,2,F200W
262849284,JWST,image,jw05893003004_02101_00005_nrca4,exposure (L2b): 2D calibrated exposure average over integrations,S,mast:JWST/product/jw05893003004_02101_00005_nrca4_cal.fits,SCIENCE,,CAL,,CALJWST,2.0.0,5893,jw05893003004_02101_00005_nrca4_cal.fits,117573120,262851365,PUBLIC,2,F200W
262849287,JWST,image,jw05893003004_02101_00004_nrcb3,exposure (L2b): 2D calibrated exposure average over integrations,S,mast:JWST/product/jw05893003004_02101_00004_nrcb3_cal.fits,SCIENCE,,CAL,,CALJWST,2.0.0,5893,jw05893003004_02101_00004_nrcb3_cal.fits,117573120,262851365,PUBLIC,2,F200W
262849288,JWST,image,jw05893003004_02101_00004_nrca4,exposure (L2b): 2D calibrated exposure average over integrations,S,mast:JWST/product/jw05893003004_02101_00004_nrca4_cal.fits,SCIENCE,,CAL,,CALJWST,2.0.0,5893,jw05893003004_02101_00004_nrca4_cal.fits,117573120,262851365,PUBLIC,2,F200W
262849289,JWST,image,jw05893003004_02101_00005_nrca2,exposure (L2b): 2D calibrated exposure average over integrations,S,mast:JWST/product/jw05893003004_02101_00005_nrca2_cal.fits,SCIENCE,,CAL,,CALJWST,2.0.0,5893,jw05893003004_02101_00005_nrca2_cal.fits,117570240,262851365,PUBLIC,2,F200W
262849290,JWST,image,jw05893003004_02101_00005_nrcb3,exposure (L2b): 2D calibrated exposure average over integrations,S,mast:JWST/product/jw05893003004_02101_00005_nrcb3_cal.fits,SCIENCE,,CAL,,CALJWST,2.0.0,5893,jw05893003004_02101_00005_nrcb3_cal.fits,117573120,262851365,PUBLIC,2,F200W
262849291,JWST,image,jw05893003004_02101_00004_nrca1,exposure (L2b): 2D calibrated exposure average over integrations,S,mast:JWST/product/jw05893003004_02101_00004_nrca1_cal.fits,SCIENCE,,CAL,,CALJWST,2.0.0,5893,jw05893003004_02101_00004_nrca1_cal.fits,117570240,262851365,PUBLIC,2,F200W
262849292,JWST,image,jw05893003004_02101_00005_nrcb1,exposure (L2b): 2D calibrated exposure average over integrations,S,mast:JWST/product/jw05893003004_02101_00005_nrcb1_cal.fits,SCIENCE,,CAL,,CALJWST,2.0.0,5893,jw05893003004_02101_00005_nrcb1_cal.fits,117573120,262851365,PUBLIC,2,F200W
262849293,JWST,image,jw05893003004_02101_00005_nrca1,exposure (L2b): 2D calibrated exposure average over integrations,S,mast:JWST/product/jw05893003004_02101_00005_nrca1_cal.fits,SCIENCE,,CAL,,CALJWST,2.0.0,5893,jw05893003004_02101_00005_nrca1_cal.fits,117570240,262851365,PUBLIC,2,F200W
262849294,JWST,image,jw05893003004_02101_00004_nrcb4,exposure (L2b): 2D calibrated exposure average over integrations,S,mast:JWST/product/jw05893003004_02101_00004_nrcb4_cal.fits,SCIENCE,,CAL,,CALJWST,2.0.0,5893,jw05893003004_02101_00004_nrcb4_cal.fits,117573120,262851365,PUBLIC,2,F200W
262849296,JWST,image,jw05893003004_02101_00005_nrcb2,exposure (L2b): 2D calibrated exposure average over integrations,S,mast:JWST/product/jw05893003004_02101_00005_nrcb2_cal.fits,SCIENCE,,CAL,,CALJWST,2.0.0,5893,jw05893003004_02101_00005_nrcb2_cal.fits,117573120,262851365,PUBLIC,2,F200W
262849297,JWST,image,jw05893003004_02101_00005_nrca3,exposure (L2b): 2D calibrated exposure average over integrations,S,mast:JWST/product/jw05893003004_02101_00005_nrca3_cal.fits,SCIENCE,,CAL,,CALJWST,2.0.0,5893,jw05893003004_02101_00005_nrca3_cal.fits,117573120,262851365,PUBLIC,2,F200W
262849302,JWST,image,jw05893003004_02101_00002_nrca3,exposure (L2b): 2D calibrated exposure average over integrations,S,mast:JWST/product/jw05893003004_02101_00002_nrca3_cal.fits,SCIENCE,,CAL,,CALJWST,2.0.0,5893,jw05893003004_02101_00002_nrca3_cal.fits,117573120,262851365,PUBLIC,2,F200W
262849303,JWST,image,jw05893003004_02101_00003_nrcb1,exposure (L2b): 2D calibrated exposure average over integrations,S,mast:JWST/product/jw05893003004_02101_00003_nrcb1_cal.fits,SCIENCE,,CAL,,CALJWST,2.0.0,5893,jw05893003004_02101_00003_nrcb1_cal.fits,117573120,262851365,PUBLIC,2,F200W
262849309,JWST,image,jw05893003004_02101_00004_nrcb1,exposure (L2b): 2D calibrated exposure average over integrations,S,mast:JWST/product/jw05893003004_02101_00004_nrcb1_cal.fits,SCIENCE,,CAL,,CALJWST,2.0.0,5893,jw05893003004_02101_00004_nrcb1_cal.fits,117573120,262851365,PUBLIC,2,F200W
262849311,JWST,image,jw05893003004_02101_00002_nrcb3,exposure (L2b): 2D calibrated exposure average over integrations,S,mast:JWST/product/jw05893003004_02101_00002_nrcb3_cal.fits,SCIENCE,,CAL,,CALJWST,2.0.0,5893,jw05893003004_02101_00002_nrcb3_cal.fits,117573120,262851365,PUBLIC,2,F200W
262849315,JWST,image,jw05893003004_02101_00003_nrcb4,exposure (L2b): 2D calibrated exposure average over integrations,S,mast:JWST/product/jw05893003004_02101_00003_nrcb4_cal.fits,SCIENCE,,CAL,,CALJWST,2.0.0,5893,jw05893003004_02101_00003_nrcb4_cal.fits,117573120,262851365,PUBLIC,2,F200W
262849317,JWST,image,jw05893003004_02101_00004_nrca2,exposure (L2b): 2D calibrated exposure average over integrations,S,mast:JWST/product/jw05893003004_02101_00004_nrca2_cal.fits,SCIENCE,,CAL,,CALJWST,2.0.0,5893,jw05893003004_02101_00004_nrca2_cal.fits,117570240,262851365,PUBLIC,2,F200W
262849325,JWST,image,jw05893003004_02101_00002_nrcb2,exposure (L2b): 2D calibrated exposure average over integrations,S,mast:JWST/product/jw05893003004_02101_00002_nrcb2_cal.fits,SCIENCE,,CAL,,CALJWST,2.0.0,5893,jw05893003004_02101_00002_nrcb2_cal.fits,117573120,262851365,PUBLIC,2,F200W
262849328,JWST,image,jw05893003004_02101_00003_nrca3,exposure (L2b): 2D calibrated exposure average over integrations,S,mast:JWST/product/jw05893003004_02101_00003_nrca3_cal.fits,SCIENCE,,CAL,,CALJWST,2.0.0,5893,jw05893003004_02101_00003_nrca3_cal.fits,117573120,262851365,PUBLIC,2,F200W
262849333,JWST,image,jw05893003004_02101_00002_nrca4,exposure (L2b): 2D calibrated exposure average over integrations,S,mast:JWST/product/jw05893003004_02101_00002_nrca4_cal.fits,SCIENCE,,CAL,,CALJWST,2.0.0,5893,jw05893003004_02101_00002_nrca4_cal.fits,117573120,262851365,PUBLIC,2,F200W
262849334,JWST,image,jw05893003004_02101_00004_nrca3,exposure (L2b): 2D calibrated exposure average over integrations,S,mast:JWST/product/jw05893003004_02101_00004_nrca3_cal.fits,SCIENCE,,CAL,,CALJWST,2.0.0,5893,jw05893003004_02101_00004_nrca3_cal.fits,117573120,262851365,PUBLIC,2,F200W
262849335,JWST,image,jw05893003004_02101_00002_nrca1,exposure (L2b): 2D calibrated exposure average over integrations,S,mast:JWST/product/jw05893003004_02101_00002_nrca1_cal.fits,SCIENCE,,CAL,,CALJWST,2.0.0,5893,jw05893003004_02101_00002_nrca1_cal.fits,117570240,262851365,PUBLIC,2,F200W
262849340,JWST,image,jw05893003004_02101_00003_nrca2,exposure (L2b): 2D calibrated exposure average over integrations,S,mast:JWST/product/jw05893003004_02101_00003_nrca2_cal.fits,SCIENCE,,CAL,,CALJWST,2.0.0,5893,jw05893003004_02101_00003_nrca2_cal.fits,117570240,262851365,PUBLIC,2,F200W
262849344,JWST,image,jw05893003004_02101_00002_nrca2,exposure (L2b): 2D calibrated exposure average over integrations,S,mast:JWST/product/jw05893003004_02101_00002_nrca2_cal.fits,SCIENCE,,CAL,,CALJWST,2.0.0,5893,jw05893003004_02101_00002_nrca2_cal.fits,117570240,262851365,PUBLIC,2,F200W
262849345,JWST,image,jw05893003004_02101_00003_nrca1,exposure (L2b): 2D calibrated exposure average over integrations,S,mast:JWST/product/jw05893003004_02101_00003_nrca1_cal.fits,SCIENCE,,CAL,,CALJWST,2.0.0,5893,jw05893003004_02101_00003_nrca1_cal.fits,117570240,262851365,PUBLIC,2,F200W
262849346,JWST,image,jw05893003004_02101_00002_nrcb1,exposure (L2b): 2D calibrated exposure average over integrations,S,mast:JWST/product/jw05893003004_02101_00002_nrcb1_cal.fits,SCIENCE,,CAL,,CALJWST,2.0.0,5893,jw05893003004_02101_00002_nrcb1_cal.fits,117573120,262851365,PUBLIC,2,F200W
262849350,JWST,image,jw05893003004_02101_00003_nrca4,exposure (L2b): 2D calibrated exposure average over integrations,S,mast:JWST/product/jw05893003004_02101_00003_nrca4_cal.fits,SCIENCE,,CAL,,CALJWST,2.0.0,5893,jw05893003004_02101_00003_nrca4_cal.fits,117573120,262851365,PUBLIC,2,F200W
262849351,JWST,image,jw05893003004_02101_00002_nrcb4,exposure (L2b): 2D calibrated exposure average over integrations,S,mast:JWST/product/jw05893003004_02101_00002_nrcb4_cal.fits,SCIENCE,,CAL,,CALJWST,2.0.0,5893,jw05893003004_02101_00002_nrcb4_cal.fits,117573120,262851365,PUBLIC,2,F200W
262849355,JWST,image,jw05893003004_02101_00003_nrcb2,exposure (L2b): 2D calibrated exposure average over integrations,S,mast:JWST/product/jw05893003004_02101_00003_nrcb2_cal.fits,SCIENCE,,CAL,,CALJWST,2.0.0,5893,jw05893003004_02101_00003_nrcb2_cal.fits,117573120,262851365,PUBLIC,2,F200W
262849356,JWST,image,jw05893003004_02101_00004_nrcb2,exposure (L2b): 2D calibrated exposure average over integrations,S,mast:JWST/product/jw05893003004_02101_00004_nrcb2_cal.fits,SCIENCE,,CAL,,CALJWST,2.0.0,5893,jw05893003004_02101_00004_nrcb2_cal.fits,117573120,262851365,PUBLIC,2,F200W
262849357,JWST,image,jw05893003004_02101_00003_nrcb3,exposure (L2b): 2D calibrated exposure average over integrations,S,mast:JWST/product/jw05893003004_02101_00003_nrcb3_cal.fits,SCIENCE,,CAL,,CALJWST,2.0.0,5893,jw05893003004_02101_00003_nrcb3_cal.fits,117573120,262851365,PUBLIC,2,F200W
262849371,JWST,image,jw05893003005_02101_00002_nrca2,exposure (L2b): 2D calibrated exposure average over integrations,S,mast:JWST/product/jw05893003005_02101_00002_nrca2_cal.fits,SCIENCE,,CAL,,CALJWST,2.0.0,5893,jw05893003005_02101_00002_nrca2_cal.fits,117570240,262851365,PUBLIC,2,F200W
262849372,JWST,image,jw05893003005_02101_00002_nrcb4,exposure (L2b): 2D calibrated exposure average over integrations,S,mast:JWST/product/jw05893003005_02101_00002_nrcb4_cal.fits,SCIENCE,,CAL,,CALJWST,2.0.0,5893,jw05893003005_02101_00002_nrcb4_cal.fits,117573120,262851365,PUBLIC,2,F200W
262849373,JWST,image,jw05893003005_02101_00002_nrcb2,exposure (L2b): 2D calibrated exposure average over integrations,S,mast:JWST/product/jw05893003005_02101_00002_nrcb2_cal.fits,SCIENCE,,CAL,,CALJWST,2.0.0,5893,jw05893003005_02101_00002_nrcb2_cal.fits,117573120,262851365,PUBLIC,2,F200W
262849374,JWST,image,jw05893003005_02101_00003_nrcb3,exposure (L2b): 2D calibrated exposure average over integrations,S,mast:JWST/product/jw05893003005_02101_00003_nrcb3_cal.fits,SCIENCE,,CAL,,CALJWST,2.0.0,5893,jw05893003005_02101_00003_nrcb3_cal.fits,117573120,262851365,PUBLIC,2,F200W
262849375,JWST,image,jw05893003005_02101_00004_nrcb1,exposure (L2b): 2D calibrated exposure average over integrations,S,mast:JWST/product/jw05893003005_02101_00004_nrcb1_cal.fits,SCIENCE,,CAL,,CALJWST,2.0.0,5893,jw05893003005_02101_00004_nrcb1_cal.fits,117573120,262851365,PUBLIC,2,F200W
262849376,JWST,image,jw05893003005_02101_00003_nrcb1,exposure (L2b): 2D calibrated exposure average over integrations,S,mast:JWST/product/jw05893003005_02101_00003_nrcb1_cal.fits,SCIENCE,,CAL,,CALJWST,2.0.0,5893,jw05893003005_02101_00003_nrcb1_cal.fits,117573120,262851365,PUBLIC,2,F200W
262849377,JWST,image,jw05893003005_02101_00003_nrca1,exposure (L2b): 2D calibrated exposure average over integrations,S,mast:JWST/product/jw05893003005_02101_00003_nrca1_cal.fits,SCIENCE,,CAL,,CALJWST,2.0.0,5893,jw05893003005_02101_00003_nrca1_cal.fits,117570240,262851365,PUBLIC,2,F200W
262849378,JWST,image,jw05893003005_02101_00002_nrca3,exposure (L2b): 2D calibrated exposure average over integrations,S,mast:JWST/product/jw05893003005_02101_00002_nrca3_cal.fits,SCIENCE,,CAL,,CALJWST,2.0.0,5893,jw05893003005_02101_00002_nrca3_cal.fits,117573120,262851365,PUBLIC,2,F200W
262849379,JWST,image,jw05893003005_02101_00003_nrca2,exposure (L2b): 2D calibrated exposure average over integrations,S,mast:JWST/product/jw05893003005_02101_00003_nrca2_cal.fits,SCIENCE,,CAL,,CALJWST,2.0.0,5893,jw05893003005_02101_00003_nrca2_cal.fits,117570240,262851365,PUBLIC,2,F200W
262849380,JWST,image,jw05893003005_02101_00002_nrca1,exposure (L2b): 2D calibrated exposure average over integrations,S,mast:JWST/product/jw05893003005_02101_00002_nrca1_cal.fits,SCIENCE,,CAL,,CALJWST,2.0.0,5893,jw05893003005_02101_00002_nrca1_cal.fits,117570240,262851365,PUBLIC,2,F200W
262849381,JWST,image,jw05893003005_02101_00004_nrca1,exposure (L2b): 2D calibrated exposure average over integrations,S,mast:JWST/product/jw05893003005_02101_00004_nrca1_cal.fits,SCIENCE,,CAL,,CALJWST,2.0.0,5893,jw05893003005_02101_00004_nrca1_cal.fits,117570240,262851365,PUBLIC,2,F200W
262849382,JWST,image,jw05893003005_02101_00001_nrcb4,exposure (L2b): 2D calibrated exposure average over integrations,S,mast:JWST/product/jw05893003005_02101_00001_nrcb4_cal.fits,SCIENCE,,CAL,,CALJWST,2.0.0,5893,jw05893003005_02101_00001_nrcb4_cal.fits,117573120,262851365,PUBLIC,2,F200W
262849383,JWST,image,jw05893003005_02101_00004_nrcb4,exposure (L2b): 2D calibrated exposure average over integrations,S,mast:JWST/product/jw05893003005_02101_00004_nrcb4_cal.fits,SCIENCE,,CAL,,CALJWST,2.0.0,5893,jw05893003005_02101_00004_nrcb4_cal.fits,117573120,262851365,PUBLIC,2,F200W
262849384,JWST,image,jw05893003005_02101_00002_nrcb3,exposure (L2b): 2D calibrated exposure average over integrations,S,mast:JWST/product/jw05893003005_02101_00002_nrcb3_cal.fits,SCIENCE,,CAL,,CALJWST,2.0.0,5893,jw05893003005_02101_00002_nrcb3_cal.fits,117573120,262851365,PUBLIC,2,F200W
262849385,JWST,image,jw05893003005_02101_00003_nrcb2,exposure (L2b): 2D calibrated exposure average over integrations,S,mast:JWST/product/jw05893003005_02101_00003_nrcb2_cal.fits,SCIENCE,,CAL,,CALJWST,2.0.0,5893,jw05893003005_02101_00003_nrcb2_cal.fits,117573120,262851365,PUBLIC,2,F200W
262849386,JWST,image,jw05893003005_02101_00001_nrca3,exposure (L2b): 2D calibrated exposure average over integrations,S,mast:JWST/product/jw05893003005_02101_00001_nrca3_cal.fits,SCIENCE,,CAL,,CALJWST,2.0.0,5893,jw05893003005_02101_00001_nrca3_cal.fits,117573120,262851365,PUBLIC,2,F200W
262849389,JWST,image,jw05893003005_02101_00003_nrca3,exposure (L2b): 2D calibrated exposure average over integrations,S,mast:JWST/product/jw05893003005_02101_00003_nrca3_cal.fits,SCIENCE,,CAL,,CALJWST,2.0.0,5893,jw05893003005_02101_00003_nrca3_cal.fits,117573120,262851365,PUBLIC,2,F200W
262849390,JWST,image,jw05893003005_02101_00004_nrcb3,exposure (L2b): 2D calibrated exposure average over integrations,S,mast:JWST/product/jw05893003005_02101_00004_nrcb3_cal.fits,SCIENCE,,CAL,,CALJWST,2.0.0,5893,jw05893003005_02101_00004_nrcb3_cal.fits,117573120,262851365,PUBLIC,2,F200W
262849391,JWST,image,jw05893003005_02101_00004_nrca2,exposure (L2b): 2D calibrated exposure average over integrations,S,mast:JWST/product/jw05893003005_02101_00004_nrca2_cal.fits,SCIENCE,,CAL,,CALJWST,2.0.0,5893,jw05893003005_02101_00004_nrca2_cal.fits,117570240,262851365,PUBLIC,2,F200W
262849396,JWST,image,jw05893003005_02101_00004_nrcb2,exposure (L2b): 2D calibrated exposure average over integrations,S,mast:JWST/product/jw05893003005_02101_00004_nrcb2_cal.fits,SCIENCE,,CAL,,CALJWST,2.0.0,5893,jw05893003005_02101_00004_nrcb2_cal.fits,117573120,262851365,PUBLIC,2,F200W
262849397,JWST,image,jw05893003005_02101_00003_nrca4,exposure (L2b): 2D calibrated exposure average over integrations,S,mast:JWST/product/jw05893003005_02101_00003_nrca4_cal.fits,SCIENCE,,CAL,,CALJWST,2.0.0,5893,jw05893003005_02101_00003_nrca4_cal.fits,117573120,262851365,PUBLIC,2,F200W
262849398,JWST,image,jw05893003005_02101_00001_nrca2,exposure (L2b): 2D calibrated exposure average over integrations,S,mast:JWST/product/jw05893003005_02101_00001_nrca2_cal.fits,SCIENCE,,CAL,,CALJWST,2.0.0,5893,jw05893003005_02101_00001_nrca2_cal.fits,117570240,262851365,PUBLIC,2,F200W
262849399,JWST,image,jw05893003005_02101_00004_nrca4,exposure (L2b): 2D calibrated exposure average over integrations,S,mast:JWST/product/jw05893003005_02101_00004_nrca4_cal.fits,SCIENCE,,CAL,,CALJWST,2.0.0,5893,jw05893003005_02101_00004_nrca4_cal.fits,117573120,262851365,PUBLIC,2,F200W
262849400,JWST,image,jw05893003005_02101_00002_nrca4,exposure (L2b): 2D calibrated exposure average over integrations,S,mast:JWST/product/jw05893003005_02101_00002_nrca4_cal.fits,SCIENCE,,CAL,,CALJWST,2.0.0,5893,jw05893003005_02101_00002_nrca4_cal.fits,117573120,262851365,PUBLIC,2,F200W
262849403,JWST,image,jw05893003005_02101_00003_nrcb4,exposure (L2b): 2D calibrated exposure average over integrations,S,mast:JWST/product/jw05893003005_02101_00003_nrcb4_cal.fits,SCIENCE,,CAL,,CALJWST,2.0.0,5893,jw05893003005_02101_00003_nrcb4_cal.fits,117573120,262851365,PUBLIC,2,F200W
262849404,JWST,image,jw05893003005_02101_00004_nrca3,exposure (L2b): 2D calibrated exposure average over integrations,S,mast:JWST/product/jw05893003005_02101_00004_nrca3_cal.fits,SCIENCE,,CAL,,CALJWST,2.0.0,5893,jw05893003005_02101_00004_nrca3_cal.fits,117573120,262851365,PUBLIC,2,F200W
262849407,JWST,image,jw05893003005_02101_00002_nrcb1,exposure (L2b): 2D calibrated exposure average over integrations,S,mast:JWST/product/jw05893003005_02101_00002_nrcb1_cal.fits,SCIENCE,,CAL,,CALJWST,2.0.0,5893,jw05893003005_02101_00002_nrcb1_cal.fits,117573120,262851365,PUBLIC,2,F200W
262849411,JWST,image,jw05893003005_02101_00005_nrcb4,exposure (L2b): 2D calibrated exposure average over integrations,S,mast:JWST/product/jw05893003005_02101_00005_nrcb4_cal.fits,SCIENCE,,CAL,,CALJWST,2.0.0,5893,jw05893003005_02101_00005_nrcb4_cal.fits,117573120,262851365,PUBLIC,2,F200W
262849412,JWST,image,jw05893003005_02101_00001_nrcb3,exposure (L2b): 2D calibrated exposure average over integrations,S,mast:JWST/product/jw05893003005_02101_00001_nrcb3_cal.fits,SCIENCE,,CAL,,CALJWST,2.0.0,5893,jw05893003005_02101_00001_nrcb3_cal.fits,117573120,262851365,PUBLIC,2,F200W
262849416,JWST,image,jw05893003005_02101_00006_nrca4,exposure (L2b): 2D calibrated exposure average over integrations,S,mast:JWST/product/jw05893003005_02101_00006_nrca4_cal.fits,SCIENCE,,CAL,,CALJWST,2.0.0,5893,jw05893003005_02101_00006_nrca4_cal.fits,117573120,262851365,PUBLIC,2,F200W
262849417,JWST,image,jw05893003005_02101_00005_nrca3,exposure (L2b): 2D calibrated exposure average over integrations,S,mast:JWST/product/jw05893003005_02101_00005_nrca3_cal.fits,SCIENCE,,CAL,,CALJWST,2.0.0,5893,jw05893003005_02101_00005_nrca3_cal.fits,117573120,262851365,PUBLIC,2,F200W
262849418,JWST,image,jw05893003005_02101_00005_nrcb3,exposure (L2b): 2D calibrated exposure average over integrations,S,mast:JWST/product/jw05893003005_02101_00005_nrcb3_cal.fits,SCIENCE,,CAL,,CALJWST,2.0.0,5893,jw05893003005_02101_00005_nrcb3_cal.fits,117573120,262851365,PUBLIC,2,F200W
262849419,JWST,image,jw05893003005_02101_00005_nrca2,exposure (L2b): 2D calibrated exposure average over integrations,S,mast:JWST/product/jw05893003005_02101_00005_nrca2_cal.fits,SCIENCE,,CAL,,CALJWST,2.0.0,5893,jw05893003005_02101_00005_nrca2_cal.fits,117570240,262851365,PUBLIC,2,F200W
262849422,JWST,image,jw05893003005_02101_00001_nrcb2,exposure (L2b): 2D calibrated exposure average over integrations,S,mast:JWST/product/jw05893003005_02101_00001_nrcb2_cal.fits,SCIENCE,,CAL,,CALJWST,2.0.0,5893,jw05893003005_02101_00001_nrcb2_cal.fits,117573120,262851365,PUBLIC,2,F200W
262849427,JWST,image,jw05893003005_02101_00005_nrcb1,exposure (L2b): 2D calibrated exposure average over integrations,S,mast:JWST/product/jw05893003005_02101_00005_nrcb1_cal.fits,SCIENCE,,CAL,,CALJWST,2.0.0,5893,jw05893003005_02101_00005_nrcb1_cal.fits,117573120,262851365,PUBLIC,2,F200W
262849429,JWST,image,jw05893003005_02101_00001_nrca1,exposure (L2b): 2D calibrated exposure average over integrations,S,mast:JWST/product/jw05893003005_02101_00001_nrca1_cal.fits,SCIENCE,,CAL,,CALJWST,2.0.0,5893,jw05893003005_02101_00001_nrca1_cal.fits,117570240,262851365,PUBLIC,2,F200W
262849430,JWST,image,jw05893003005_02101_00005_nrca4,exposure (L2b): 2D calibrated exposure average over integrations,S,mast:JWST/product/jw05893003005_02101_00005_nrca4_cal.fits,SCIENCE,,CAL,,CALJWST,2.0.0,5893,jw05893003005_02101_00005_nrca4_cal.fits,117573120,262851365,PUBLIC,2,F200W
262849433,JWST,image,jw05893003005_02101_00006_nrcb2,exposure (L2b): 2D calibrated exposure average over integrations,S,mast:JWST/product/jw05893003005_02101_00006_nrcb2_cal.fits,SCIENCE,,CAL,,CALJWST,2.0.0,5893,jw05893003005_02101_00006_nrcb2_cal.fits,117573120,262851365,PUBLIC,2,F200W
262849436,JWST,image,jw05893003005_02101_00006_nrca3,exposure (L2b): 2D calibrated exposure average over integrations,S,mast:JWST/product/jw05893003005_02101_00006_nrca3_cal.fits,SCIENCE,,CAL,,CALJWST,2.0.0,5893,jw05893003005_02101_00006_nrca3_cal.fits,117573120,262851365,PUBLIC,2,F200W
262849437,JWST,image,jw05893003005_02101_00006_nrca1,exposure (L2b): 2D calibrated exposure average over integrations,S,mast:JWST/product/jw05893003005_02101_00006_nrca1_cal.fits,SCIENCE,,CAL,,CALJWST,2.0.0,5893,jw05893003005_02101_00006_nrca1_cal.fits,117570240,262851365,PUBLIC,2,F200W
262849438,JWST,image,jw05893003005_02101_00005_nrca1,exposure (L2b): 2D calibrated exposure average over integrations,S,mast:JWST/product/jw05893003005_02101_00005_nrca1_cal.fits,SCIENCE,,CAL,,CALJWST,2.0.0,5893,jw05893003005_02101_00005_nrca1_cal.fits,117570240,262851365,PUBLIC,2,F200W
262849440,JWST,image,jw05893003005_02101_00001_nrca4,exposure (L2b): 2D calibrated exposure average over integrations,S,mast:JWST/product/jw05893003005_02101_00001_nrca4_cal.fits,SCIENCE,,CAL,,CALJWST,2.0.0,5893,jw05893003005_02101_00001_nrca4_cal.fits,117573120,262851365,PUBLIC,2,F200W
262849444,JWST,image,jw05893003005_02101_00006_nrcb1,exposure (L2b): 2D calibrated exposure average over integrations,S,mast:JWST/product/jw05893003005_02101_00006_nrcb1_cal.fits,SCIENCE,,CAL,,CALJWST,2.0.0,5893,jw05893003005_02101_00006_nrcb1_cal.fits,117573120,262851365,PUBLIC,2,F200W
262849445,JWST,image,jw05893003005_02101_00006_nrcb3,exposure (L2b): 2D calibrated exposure average over integrations,S,mast:JWST/product/jw05893003005_02101_00006_nrcb3_cal.fits,SCIENCE,,CAL,,CALJWST,2.0.0,5893,jw05893003005_02101_00006_nrcb3_cal.fits,117573120,262851365,PUBLIC,2,F200W
262849446,JWST,image,jw05893003005_02101_00006_nrca2,exposure (L2b): 2D calibrated exposure average over integrations,S,mast:JWST/product/jw05893003005_02101_00006_nrca2_cal.fits,SCIENCE,,CAL,,CALJWST,2.0.0,5893,jw05893003005_02101_00006_nrca2_cal.fits,117570240,262851365,PUBLIC,2,F200W
262849451,JWST,image,jw05893003005_02101_00005_nrcb2,exposure (L2b): 2D calibrated exposure average over integrations,S,mast:JWST/product/jw05893003005_02101_00005_nrcb2_cal.fits,SCIENCE,,CAL,,CALJWST,2.0.0,5893,jw05893003005_02101_00005_nrcb2_cal.fits,117573120,262851365,PUBLIC,2,F200W
262849454,JWST,image,jw05893003005_02101_00006_nrcb4,exposure (L2b): 2D calibrated exposure average over integrations,S,mast:JWST/product/jw05893003005_02101_00006_nrcb4_cal.fits,SCIENCE,,CAL,,CALJWST,2.0.0,5893,jw05893003005_02101_00006_nrcb4_cal.fits,117573120,262851365,PUBLIC,2,F200W
262849457,JWST,image,jw05893003005_02101_00001_nrcb1,exposure (L2b): 2D calibrated exposure average over integrations,S,mast:JWST/product/jw05893003005_02101_00001_nrcb1_cal.fits,SCIENCE,,CAL,,CALJWST,2.0.0,5893,jw05893003005_02101_00001_nrcb1_cal.fits,117573120,262851365,PUBLIC,2,F200W
262849491,JWST,image,jw05893003006_02101_00002_nrcb3,exposure (L2b): 2D calibrated exposure average over integrations,S,mast:JWST/product/jw05893003006_02101_00002_nrcb3_cal.fits,SCIENCE,,CAL,,CALJWST,2.0.0,5893,jw05893003006_02101_00002_nrcb3_cal.fits,117573120,262851365,PUBLIC,2,F200W
262849492,JWST,image,jw05893003006_02101_00003_nrcb1,exposure (L2b): 2D calibrated exposure average over integrations,S,mast:JWST/product/jw05893003006_02101_00003_nrcb1_cal.fits,SCIENCE,,CAL,,CALJWST,2.0.0,5893,jw05893003006_02101_00003_nrcb1_cal.fits,117573120,262851365,PUBLIC,2,F200W
262849494,JWST,image,jw05893003006_02101_00002_nrca2,exposure (L2b): 2D calibrated exposure average over integrations,S,mast:JWST/product/jw05893003006_02101_00002_nrca2_cal.fits,SCIENCE,,CAL,,CALJWST,2.0.0,5893,jw05893003006_02101_00002_nrca2_cal.fits,117570240,262851365,PUBLIC,2,F200W
262849495,JWST,image,jw05893003006_02101_00003_nrca2,exposure (L2b): 2D calibrated exposure average over integrations,S,mast:JWST/product/jw05893003006_02101_00003_nrca2_cal.fits,SCIENCE,,CAL,,CALJWST,2.0.0,5893,jw05893003006_02101_00003_nrca2_cal.fits,117570240,262851365,PUBLIC,2,F200W
262849497,JWST,image,jw05893003006_02101_00002_nrca4,exposure (L2b): 2D calibrated exposure average over integrations,S,mast:JWST/product/jw05893003006_02101_00002_nrca4_cal.fits,SCIENCE,,CAL,,CALJWST,2.0.0,5893,jw05893003006_02101_00002_nrca4_cal.fits,117573120,262851365,PUBLIC,2,F200W
262849499,JWST,image,jw05893003006_02101_00002_nrcb4,exposure (L2b): 2D calibrated exposure average over integrations,S,mast:JWST/product/jw05893003006_02101_00002_nrcb4_cal.fits,SCIENCE,,CAL,,CALJWST,2.0.0,5893,jw05893003006_02101_00002_nrcb4_cal.fits,117573120,262851365,PUBLIC,2,F200W
262849500,JWST,image,jw05893003006_02101_00003_nrca4,exposure (L2b): 2D calibrated exposure average over integrations,S,mast:JWST/product/jw05893003006_02101_00003_nrca4_cal.fits,SCIENCE,,CAL,,CALJWST,2.0.0,5893,jw05893003006_02101_00003_nrca4_cal.fits,117573120,262851365,PUBLIC,2,F200W
262849503,JWST,image,jw05893003006_02101_00003_nrcb3,exposure (L2b): 2D calibrated exposure average over integrations,S,mast:JWST/product/jw05893003006_02101_00003_nrcb3_cal.fits,SCIENCE,,CAL,,CALJWST,2.0.0,5893,jw05893003006_02101_00003_nrcb3_cal.fits,117573120,262851365,PUBLIC,2,F200W
262849504,JWST,image,jw05893003006_02101_00002_nrca3,exposure (L2b): 2D calibrated exposure average over integrations,S,mast:JWST/product/jw05893003006_02101_00002_nrca3_cal.fits,SCIENCE,,CAL,,CALJWST,2.0.0,5893,jw05893003006_02101_00002_nrca3_cal.fits,117573120,262851365,PUBLIC,2,F200W
262849506,JWST,image,jw05893003006_02101_00001_nrcb4,exposure (L2b): 2D calibrated exposure average over integrations,S,mast:JWST/product/jw05893003006_02101_00001_nrcb4_cal.fits,SCIENCE,,CAL,,CALJWST,2.0.0,5893,jw05893003006_02101_00001_nrcb4_cal.fits,117573120,262851365,PUBLIC,2,F200W
262849507,JWST,image,jw05893003006_02101_00003_nrca1,exposure (L2b): 2D calibrated exposure average over integrations,S,mast:JWST/product/jw05893003006_02101_00003_nrca1_cal.fits,SCIENCE,,CAL,,CALJWST,2.0.0,5893,jw05893003006_02101_00003_nrca1_cal.fits,117570240,262851365,PUBLIC,2,F200W
262849509,JWST,image,jw05893003006_02101_00002_nrca1,exposure (L2b): 2D calibrated exposure average over integrations,S,mast:JWST/product/jw05893003006_02101_00002_nrca1_cal.fits,SCIENCE,,CAL,,CALJWST,2.0.0,5893,jw05893003006_02101_00002_nrca1_cal.fits,117570240,262851365,PUBLIC,2,F200W
262849510,JWST,image,jw05893003006_02101_00003_nrcb4,exposure (L2b): 2D calibrated exposure average over integrations,S,mast:JWST/product/jw05893003006_02101_00003_nrcb4_cal.fits,SCIENCE,,CAL,,CALJWST,2.0.0,5893,jw05893003006_02101_00003_nrcb4_cal.fits,117573120,262851365,PUBLIC,2,F200W
262849511,JWST,image,jw05893003006_02101_00002_nrcb1,exposure (L2b): 2D calibrated exposure average over integrations,S,mast:JWST/product/jw05893003006_02101_00002_nrcb1_cal.fits,SCIENCE,,CAL,,CALJWST,2.0.0,5893,jw05893003006_02101_00002_nrcb1_cal.fits,117573120,262851365,PUBLIC,2,F200W
262849512,JWST,image,jw05893003006_02101_00003_nrcb2,exposure (L2b): 2D calibrated exposure average over integrations,S,mast:JWST/product/jw05893003006_02101_00003_nrcb2_cal.fits,SCIENCE,,CAL,,CALJWST,2.0.0,5893,jw05893003006_02101_00003_nrcb2_cal.fits,117573120,262851365,PUBLIC,2,F200W
262849513,JWST,image,jw05893003006_02101_00001_nrca1,exposure (L2b): 2D calibrated exposure average over integrations,S,mast:JWST/product/jw05893003006_02101_00001_nrca1_cal.fits,SCIENCE,,CAL,,CALJWST,2.0.0,5893,jw05893003006_02101_00001_nrca1_cal.fits,117570240,262851365,PUBLIC,2,F200W
262849514,JWST,image,jw05893003006_02101_00003_nrca3,exposure (L2b): 2D calibrated exposure average over integrations,S,mast:JWST/product/jw05893003006_02101_00003_nrca3_cal.fits,SCIENCE,,CAL,,CALJWST,2.0.0,5893,jw05893003006_02101_00003_nrca3_cal.fits,117573120,262851365,PUBLIC,2,F200W
262849515,JWST,image,jw05893003006_02101_00001_nrcb1,exposure (L2b): 2D calibrated exposure average over integrations,S,mast:JWST/product/jw05893003006_02101_00001_nrcb1_cal.fits,SCIENCE,,CAL,,CALJWST,2.0.0,5893,jw05893003006_02101_00001_nrcb1_cal.fits,117573120,262851365,PUBLIC,2,F200W
262849516,JWST,image,jw05893003006_02101_00001_nrcb3,exposure (L2b): 2D calibrated exposure average over integrations,S,mast:JWST/product/jw05893003006_02101_00001_nrcb3_cal.fits,SCIENCE,,CAL,,CALJWST,2.0.0,5893,jw05893003006_02101_00001_nrcb3_cal.fits,117573120,262851365,PUBLIC,2,F200W
262849517,JWST,image,jw05893003006_02101_00002_nrcb2,exposure (L2b): 2D calibrated exposure average over integrations,S,mast:JWST/product/jw05893003006_02101_00002_nrcb2_cal.fits,SCIENCE,,CAL,,CALJWST,2.0.0,5893,jw05893003006_02101_00002_nrcb2_cal.fits,117573120,262851365,PUBLIC,2,F200W
262849520,JWST,image,jw05893003006_02101_00001_nrcb2,exposure (L2b): 2D calibrated exposure average over integrations,S,mast:JWST/product/jw05893003006_02101_00001_nrcb2_cal.fits,SCIENCE,,CAL,,CALJWST,2.0.0,5893,jw05893003006_02101_00001_nrcb2_cal.fits,117573120,262851365,PUBLIC,2,F200W
262849521,JWST,image,jw05893003006_02101_00001_nrca4,exposure (L2b): 2D calibrated exposure average over integrations,S,mast:JWST/product/jw05893003006_02101_00001_nrca4_cal.fits,SCIENCE,,CAL,,CALJWST,2.0.0,5893,jw05893003006_02101_00001_nrca4_cal.fits,117573120,262851365,PUBLIC,2,F200W
262849534,JWST,image,jw05893003006_02101_00006_nrcb2,exposure (L2b): 2D calibrated exposure average over integrations,S,mast:JWST/product/jw05893003006_02101_00006_nrcb2_cal.fits,SCIENCE,,CAL,,CALJWST,2.0.0,5893,jw05893003006_02101_00006_nrcb2_cal.fits,117573120,262851365,PUBLIC,2,F200W
262849536,JWST,image,jw05893003006_02101_00006_nrca2,exposure (L2b): 2D calibrated exposure average over integrations,S,mast:JWST/product/jw05893003006_02101_00006_nrca2_cal.fits,SCIENCE,,CAL,,CALJWST,2.0.0,5893,jw05893003006_02101_00006_nrca2_cal.fits,117570240,262851365,PUBLIC,2,F200W
262849537,JWST,image,jw05893003006_02101_00005_nrca3,exposure (L2b): 2D calibrated exposure average over integrations,S,mast:JWST/product/jw05893003006_02101_00005_nrca3_cal.fits,SCIENCE,,CAL,,CALJWST,2.0.0,5893,jw05893003006_02101_00005_nrca3_cal.fits,117573120,262851365,PUBLIC,2,F200W
262849538,JWST,image,jw05893003006_02101_00006_nrcb4,exposure (L2b): 2D calibrated exposure average over integrations,S,mast:JWST/product/jw05893003006_02101_00006_nrcb4_cal.fits,SCIENCE,,CAL,,CALJWST,2.0.0,5893,jw05893003006_02101_00006_nrcb4_cal.fits,117573120,262851365,PUBLIC,2,F200W
262849540,JWST,image,jw05893003006_02101_00005_nrca4,exposure (L2b): 2D calibrated exposure average over integrations,S,mast:JWST/product/jw05893003006_02101_00005_nrca4_cal.fits,SCIENCE,,CAL,,CALJWST,2.0.0,5893,jw05893003006_02101_00005_nrca4_cal.fits,117573120,262851365,PUBLIC,2,F200W
262849543,JWST,image,jw05893003006_02101_00004_nrcb1,exposure (L2b): 2D calibrated exposure average over integrations,S,mast:JWST/product/jw05893003006_02101_00004_nrcb1_cal.fits,SCIENCE,,CAL,,CALJWST,2.0.0,5893,jw05893003006_02101_00004_nrcb1_cal.fits,117573120,262851365,PUBLIC,2,F200W
262849544,JWST,image,jw05893003006_02101_00006_nrca3,exposure (L2b): 2D calibrated exposure average over integrations,S,mast:JWST/product/jw05893003006_02101_00006_nrca3_cal.fits,SCIENCE,,CAL,,CALJWST,2.0.0,5893,jw05893003006_02101_00006_nrca3_cal.fits,117573120,262851365,PUBLIC,2,F200W
262849546,JWST,image,jw05893003006_02101_00004_nrcb3,exposure (L2b): 2D calibrated exposure average over integrations,S,mast:JWST/product/jw05893003006_02101_00004_nrcb3_cal.fits,SCIENCE,,CAL,,CALJWST,2.0.0,5893,jw05893003006_02101_00004_nrcb3_cal.fits,117573120,262851365,PUBLIC,2,F200W
262849547,JWST,image,jw05893003006_02101_00005_nrcb1,exposure (L2b): 2D calibrated exposure average over integrations,S,mast:JWST/product/jw05893003006_02101_00005_nrcb1_cal.fits,SCIENCE,,CAL,,CALJWST,2.0.0,5893,jw05893003006_02101_00005_nrcb1_cal.fits,117573120,262851365,PUBLIC,2,F200W
262849548,JWST,image,jw05893003006_02101_00006_nrcb1,exposure (L2b): 2D calibrated exposure average over integrations,S,mast:JWST/product/jw05893003006_02101_00006_nrcb1_cal.fits,SCIENCE,,CAL,,CALJWST,2.0.0,5893,jw05893003006_02101_00006_nrcb1_cal.fits,117573120,262851365,PUBLIC,2,F200W
262849552,JWST,image,jw05893003006_02101_00004_nrca4,exposure (L2b): 2D calibrated exposure average over integrations,S,mast:JWST/product/jw05893003006_02101_00004_nrca4_cal.fits,SCIENCE,,CAL,,CALJWST,2.0.0,5893,jw05893003006_02101_00004_nrca4_cal.fits,117573120,262851365,PUBLIC,2,F200W
262849554,JWST,image,jw05893003006_02101_00005_nrca1,exposure (L2b): 2D calibrated exposure average over integrations,S,mast:JWST/product/jw05893003006_02101_00005_nrca1_cal.fits,SCIENCE,,CAL,,CALJWST,2.0.0,5893,jw05893003006_02101_00005_nrca1_cal.fits,117570240,262851365,PUBLIC,2,F200W
262849557,JWST,image,jw05893003006_02101_00001_nrca3,exposure (L2b): 2D calibrated exposure average over integrations,S,mast:JWST/product/jw05893003006_02101_00001_nrca3_cal.fits,SCIENCE,,CAL,,CALJWST,2.0.0,5893,jw05893003006_02101_00001_nrca3_cal.fits,117573120,262851365,PUBLIC,2,F200W
262849561,JWST,image,jw05893003006_02101_00004_nrca1,exposure (L2b): 2D calibrated exposure average over integrations,S,mast:JWST/product/jw05893003006_02101_00004_nrca1_cal.fits,SCIENCE,,CAL,,CALJWST,2.0.0,5893,jw05893003006_02101_00004_nrca1_cal.fits,117570240,262851365,PUBLIC,2,F200W
262849564,JWST,image,jw05893003006_02101_00005_nrcb3,exposure (L2b): 2D calibrated exposure average over integrations,S,mast:JWST/product/jw05893003006_02101_00005_nrcb3_cal.fits,SCIENCE,,CAL,,CALJWST,2.0.0,5893,jw05893003006_02101_00005_nrcb3_cal.fits,117573120,262851365,PUBLIC,2,F200W
262849565,JWST,image,jw05893003006_02101_00006_nrca1,exposure (L2b): 2D calibrated exposure average over integrations,S,mast:JWST/product/jw05893003006_02101_00006_nrca1_cal.fits,SCIENCE,,CAL,,CALJWST,2.0.0,5893,jw05893003006_02101_00006_nrca1_cal.fits,117570240,262851365,PUBLIC,2,F200W
262849569,JWST,image,jw05893003006_02101_00006_nrcb3,exposure (L2b): 2D calibrated exposure average over integrations,S,mast:JWST/product/jw05893003006_02101_00006_nrcb3_cal.fits,SCIENCE,,CAL,,CALJWST,2.0.0,5893,jw05893003006_02101_00006_nrcb3_cal.fits,117573120,262851365,PUBLIC,2,F200W
262849571,JWST,image,jw05893003006_02101_00001_nrca2,exposure (L2b): 2D calibrated exposure average over integrations,S,mast:JWST/product/jw05893003006_02101_00001_nrca2_cal.fits,SCIENCE,,CAL,,CALJWST,2.0.0,5893,jw05893003006_02101_00001_nrca2_cal.fits,117570240,262851365,PUBLIC,2,F200W
262849572,JWST,image,jw05893003006_02101_00005_nrca2,exposure (L2b): 2D calibrated exposure average over integrations,S,mast:JWST/product/jw05893003006_02101_00005_nrca2_cal.fits,SCIENCE,,CAL,,CALJWST,2.0.0,5893,jw05893003006_02101_00005_nrca2_cal.fits,117570240,262851365,PUBLIC,2,F200W
262849573,JWST,image,jw05893003006_02101_00005_nrcb4,exposure (L2b): 2D calibrated exposure average over integrations,S,mast:JWST/product/jw05893003006_02101_00005_nrcb4_cal.fits,SCIENCE,,CAL,,CALJWST,2.0.0,5893,jw05893003006_02101_00005_nrcb4_cal.fits,117573120,262851365,PUBLIC,2,F200W
262849576,JWST,image,jw05893003006_02101_00004_nrca3,exposure (L2b): 2D calibrated exposure average over integrations,S,mast:JWST/product/jw05893003006_02101_00004_nrca3_cal.fits,SCIENCE,,CAL,,CALJWST,2.0.0,5893,jw05893003006_02101_00004_nrca3_cal.fits,117573120,262851365,PUBLIC,2,F200W
262849579,JWST,image,jw05893003006_02101_00004_nrca2,exposure (L2b): 2D calibrated exposure average over integrations,S,mast:JWST/product/jw05893003006_02101_00004_nrca2_cal.fits,SCIENCE,,CAL,,CALJWST,2.0.0,5893,jw05893003006_02101_00004_nrca2_cal.fits,117570240,262851365,PUBLIC,2,F200W
262849581,JWST,image,jw05893003006_02101_00005_nrcb2,exposure (L2b): 2D calibrated exposure average over integrations,S,mast:JWST/product/jw05893003006_02101_00005_nrcb2_cal.fits,SCIENCE,,CAL,,CALJWST,2.0.0,5893,jw05893003006_02101_00005_nrcb2_cal.fits,117573120,262851365,PUBLIC,2,F200W
262849582,JWST,image,jw05893003006_02101_00006_nrca4,exposure (L2b): 2D calibrated exposure average over integrations,S,mast:JWST/product/jw05893003006_02101_00006_nrca4_cal.fits,SCIENCE,,CAL,,CALJWST,2.0.0,5893,jw05893003006_02101_00006_nrca4_cal.fits,117573120,262851365,PUBLIC,2,F200W
262849583,JWST,image,jw05893003006_02101_00004_nrcb4,exposure (L2b): 2D calibrated exposure average over integrations,S,mast:JWST/product/jw05893003006_02101_00004_nrcb4_cal.fits,SCIENCE,,CAL,,CALJWST,2.0.0,5893,jw05893003006_02101_00004_nrcb4_cal.fits,117573120,262851365,PUBLIC,2,F200W
262849584,JWST,image,jw05893003006_02101_00004_nrcb2,exposure (L2b): 2D calibrated exposure average over integrations,S,mast:JWST/product/jw05893003006_02101_00004_nrcb2_cal.fits,SCIENCE,,CAL,,CALJWST,2.0.0,5893,jw05893003006_02101_00004_nrcb2_cal.fits,117573120,262851365,PUBLIC,2,F200W
262849585,JWST,image,jw05893003007_02101_00001_nrca1,exposure (L2b): 2D calibrated exposure average over integrations,S,mast:JWST/product/jw05893003007_02101_00001_nrca1_cal.fits,SCIENCE,,CAL,,CALJWST,2.0.0,5893,jw05893003007_02101_00001_nrca1_cal.fits,117570240,262851365,PUBLIC,2,F200W
262849586,JWST,image,jw05893003007_02101_00001_nrca4,exposure (L2b): 2D calibrated exposure average over integrations,S,mast:JWST/product/jw05893003007_02101_00001_nrca4_cal.fits,SCIENCE,,CAL,,CALJWST,2.0.0,5893,jw05893003007_02101_00001_nrca4_cal.fits,117573120,262851365,PUBLIC,2,F200W
262849588,JWST,image,jw05893003007_02101_00001_nrcb1,exposure (L2b): 2D calibrated exposure average over integrations,S,mast:JWST/product/jw05893003007_02101_00001_nrcb1_cal.fits,SCIENCE,,CAL,,CALJWST,2.0.0,5893,jw05893003007_02101_00001_nrcb1_cal.fits,117573120,262851365,PUBLIC,2,F200W
262849589,JWST,image,jw05893003007_02101_00001_nrca2,exposure (L2b): 2D calibrated exposure average over integrations,S,mast:JWST/product/jw05893003007_02101_00001_nrca2_cal.fits,SCIENCE,,CAL,,CALJWST,2.0.0,5893,jw05893003007_02101_00001_nrca2_cal.fits,117570240,262851365,PUBLIC,2,F200W
262849590,JWST,image,jw05893003007_02101_00001_nrcb2,exposure (L2b): 2D calibrated exposure average over integrations,S,mast:JWST/product/jw05893003007_02101_00001_nrcb2_cal.fits,SCIENCE,,CAL,,CALJWST,2.0.0,5893,jw05893003007_02101_00001_nrcb2_cal.fits,117573120,262851365,PUBLIC,2,F200W
262849591,JWST,image,jw05893003007_02101_00001_nrca3,exposure (L2b): 2D calibrated exposure average over integrations,S,mast:JWST/product/jw05893003007_02101_00001_nrca3_cal.fits,SCIENCE,,CAL,,CALJWST,2.0.0,5893,jw05893003007_02101_00001_nrca3_cal.fits,117573120,262851365,PUBLIC,2,F200W
262849592,JWST,image,jw05893003007_02101_00001_nrcb3,exposure (L2b): 2D calibrated exposure average over integrations,S,mast:JWST/product/jw05893003007_02101_00001_nrcb3_cal.fits,SCIENCE,,CAL,,CALJWST,2.0.0,5893,jw05893003007_02101_00001_nrcb3_cal.fits,117573120,262851365,PUBLIC,2,F200W
262849593,JWST,image,jw05893003007_02101_00001_nrcb4,exposure (L2b): 2D calibrated exposure average over integrations,S,mast:JWST/product/jw05893003007_02101_00001_nrcb4_cal.fits,SCIENCE,,CAL,,CALJWST,2.0.0,5893,jw05893003007_02101_00001_nrcb4_cal.fits,117573120,262851365,PUBLIC,2,F200W
262849596,JWST,image,jw05893003007_02101_00002_nrca1,exposure (L2b): 2D calibrated exposure average over integrations,S,mast:JWST/product/jw05893003007_02101_00002_nrca1_cal.fits,SCIENCE,,CAL,,CALJWST,2.0.0,5893,jw05893003007_02101_00002_nrca1_cal.fits,117570240,262851365,PUBLIC,2,F200W
262849597,JWST,image,jw05893003007_02101_00002_nrcb4,exposure (L2b): 2D calibrated exposure average over integrations,S,mast:JWST/product/jw05893003007_02101_00002_nrcb4_cal.fits,SCIENCE,,CAL,,CALJWST,2.0.0,5893,jw05893003007_02101_00002_nrcb4_cal.fits,117573120,262851365,PUBLIC,2,F200W
262849598,JWST,image,jw05893003007_02101_00002_nrca4,exposure (L2b): 2D calibrated exposure average over integrations,S,mast:JWST/product/jw05893003007_02101_00002_nrca4_cal.fits,SCIENCE,,CAL,,CALJWST,2.0.0,5893,jw05893003007_02101_00002_nrca4_cal.fits,117573120,262851365,PUBLIC,2,F200W
262849600,JWST,image,jw05893003007_02101_00002_nrca3,exposure (L2b): 2D calibrated exposure average over integrations,S,mast:JWST/product/jw05893003007_02101_00002_nrca3_cal.fits,SCIENCE,,CAL,,CALJWST,2.0.0,5893,jw05893003007_02101_00002_nrca3_cal.fits,117573120,262851365,PUBLIC,2,F200W
262849601,JWST,image,jw05893003007_02101_00003_nrca4,exposure (L2b): 2D calibrated exposure average over integrations,S,mast:JWST/product/jw05893003007_02101_00003_nrca4_cal.fits,SCIENCE,,CAL,,CALJWST,2.0.0,5893,jw05893003007_02101_00003_nrca4_cal.fits,117573120,262851365,PUBLIC,2,F200W
262849602,JWST,image,jw05893003007_02101_00003_nrcb1,exposure (L2b): 2D calibrated exposure average over integrations,S,mast:JWST/product/jw05893003007_02101_00003_nrcb1_cal.fits,SCIENCE,,CAL,,CALJWST,2.0.0,5893,jw05893003007_02101_00003_nrcb1_cal.fits,117573120,262851365,PUBLIC,2,F200W
262849603,JWST,image,jw05893003007_02101_00002_nrca2,exposure (L2b): 2D calibrated exposure average over integrations,S,mast:JWST/product/jw05893003007_02101_00002_nrca2_cal.fits,SCIENCE,,CAL,,CALJWST,2.0.0,5893,jw05893003007_02101_00002_nrca2_cal.fits,117570240,262851365,PUBLIC,2,F200W
262849606,JWST,image,jw05893003007_02101_00002_nrcb2,exposure (L2b): 2D calibrated exposure average over integrations,S,mast:JWST/product/jw05893003007_02101_00002_nrcb2_cal.fits,SCIENCE,,CAL,,CALJWST,2.0.0,5893,jw05893003007_02101_00002_nrcb2_cal.fits,117573120,262851365,PUBLIC,2,F200W
262849607,JWST,image,jw05893003007_02101_00003_nrcb3,exposure (L2b): 2D calibrated exposure average over integrations,S,mast:JWST/product/jw05893003007_02101_00003_nrcb3_cal.fits,SCIENCE,,CAL,,CALJWST,2.0.0,5893,jw05893003007_02101_00003_nrcb3_cal.fits,117573120,262851365,PUBLIC,2,F200W
262849609,JWST,image,jw05893003007_02101_00003_nrcb2,exposure (L2b): 2D calibrated exposure average over integrations,S,mast:JWST/product/jw05893003007_02101_00003_nrcb2_cal.fits,SCIENCE,,CAL,,CALJWST,2.0.0,5893,jw05893003007_02101_00003_nrcb2_cal.fits,117573120,262851365,PUBLIC,2,F200W
262849610,JWST,image,jw05893003007_02101_00002_nrcb3,exposure (L2b): 2D calibrated exposure average over integrations,S,mast:JWST/product/jw05893003007_02101_00002_nrcb3_cal.fits,SCIENCE,,CAL,,CALJWST,2.0.0,5893,jw05893003007_02101_00002_nrcb3_cal.fits,117573120,262851365,PUBLIC,2,F200W
262849611,JWST,image,jw05893003007_02101_00002_nrcb1,exposure (L2b): 2D calibrated exposure average over integrations,S,mast:JWST/product/jw05893003007_02101_00002_nrcb1_cal.fits,SCIENCE,,CAL,,CALJWST,2.0.0,5893,jw05893003007_02101_00002_nrcb1_cal.fits,117573120,262851365,PUBLIC,2,F200W
262849621,JWST,image,jw05893003007_02101_00003_nrca1,exposure (L2b): 2D calibrated exposure average over integrations,S,mast:JWST/product/jw05893003007_02101_00003_nrca1_cal.fits,SCIENCE,,CAL,,CALJWST,2.0.0,5893,jw05893003007_02101_00003_nrca1_cal.fits,117570240,262851365,PUBLIC,2,F200W
262849622,JWST,image,jw05893003007_02101_00004_nrca2,exposure (L2b): 2D calibrated exposure average over integrations,S,mast:JWST/product/jw05893003007_02101_00004_nrca2_cal.fits,SCIENCE,,CAL,,CALJWST,2.0.0,5893,jw05893003007_02101_00004_nrca2_cal.fits,117570240,262851365,PUBLIC,2,F200W
262849623,JWST,image,jw05893003007_02101_00004_nrcb3,exposure (L2b): 2D calibrated exposure average over integrations,S,mast:JWST/product/jw05893003007_02101_00004_nrcb3_cal.fits,SCIENCE,,CAL,,CALJWST,2.0.0,5893,jw05893003007_02101_00004_nrcb3_cal.fits,117573120,262851365,PUBLIC,2,F200W
262849626,JWST,image,jw05893003007_02101_00003_nrcb4,exposure (L2b): 2D calibrated exposure average over integrations,S,mast:JWST/product/jw05893003007_02101_00003_nrcb4_cal.fits,SCIENCE,,CAL,,CALJWST,2.0.0,5893,jw05893003007_02101_00003_nrcb4_cal.fits,117573120,262851365,PUBLIC,2,F200W
262849630,JWST,image,jw05893003007_02101_00004_nrcb1,exposure (L2b): 2D calibrated exposure average over integrations,S,mast:JWST/product/jw05893003007_02101_00004_nrcb1_cal.fits,SCIENCE,,CAL,,CALJWST,2.0.0,5893,jw05893003007_02101_00004_nrcb1_cal.fits,117573120,262851365,PUBLIC,2,F200W
262849632,JWST,image,jw05893003007_02101_00003_nrca3,exposure (L2b): 2D calibrated exposure average over integrations,S,mast:JWST/product/jw05893003007_02101_00003_nrca3_cal.fits,SCIENCE,,CAL,,CALJWST,2.0.0,5893,jw05893003007_02101_00003_nrca3_cal.fits,117573120,262851365,PUBLIC,2,F200W
262849634,JWST,image,jw05893003007_02101_00004_nrca1,exposure (L2b): 2D calibrated exposure average over integrations,S,mast:JWST/product/jw05893003007_02101_00004_nrca1_cal.fits,SCIENCE,,CAL,,CALJWST,2.0.0,5893,jw05893003007_02101_00004_nrca1_cal.fits,117570240,262851365,PUBLIC,2,F200W
262849635,JWST,image,jw05893003007_02101_00004_nrca4,exposure (L2b): 2D calibrated exposure average over integrations,S,mast:JWST/product/jw05893003007_02101_00004_nrca4_cal.fits,SCIENCE,,CAL,,CALJWST,2.0.0,5893,jw05893003007_02101_00004_nrca4_cal.fits,117573120,262851365,PUBLIC,2,F200W
262849636,JWST,image,jw05893003007_02101_00004_nrcb4,exposure (L2b): 2D calibrated exposure average over integrations,S,mast:JWST/product/jw05893003007_02101_00004_nrcb4_cal.fits,SCIENCE,,CAL,,CALJWST,2.0.0,5893,jw05893003007_02101_00004_nrcb4_cal.fits,117573120,262851365,PUBLIC,2,F200W
262849638,JWST,image,jw05893003007_02101_00003_nrca2,exposure (L2b): 2D calibrated exposure average over integrations,S,mast:JWST/product/jw05893003007_02101_00003_nrca2_cal.fits,SCIENCE,,CAL,,CALJWST,2.0.0,5893,jw05893003007_02101_00003_nrca2_cal.fits,117570240,262851365,PUBLIC,2,F200W
262849652,JWST,image,jw05893003007_02101_00004_nrcb2,exposure (L2b): 2D calibrated exposure average over integrations,S,mast:JWST/product/jw05893003007_02101_00004_nrcb2_cal.fits,SCIENCE,,CAL,,CALJWST,2.0.0,5893,jw05893003007_02101_00004_nrcb2_cal.fits,117573120,262851365,PUBLIC,2,F200W
262849658,JWST,image,jw05893003007_02101_00005_nrcb1,exposure (L2b): 2D calibrated exposure average over integrations,S,mast:JWST/product/jw05893003007_02101_00005_nrcb1_cal.fits,SCIENCE,,CAL,,CALJWST,2.0.0,5893,jw05893003007_02101_00005_nrcb1_cal.fits,117573120,262851365,PUBLIC,2,F200W
262849659,JWST,image,jw05893003007_02101_00005_nrca4,exposure (L2b): 2D calibrated exposure average over integrations,S,mast:JWST/product/jw05893003007_02101_00005_nrca4_cal.fits,SCIENCE,,CAL,,CALJWST,2.0.0,5893,jw05893003007_02101_00005_nrca4_cal.fits,117573120,262851365,PUBLIC,2,F200W
262849660,JWST,image,jw05893003007_02101_00006_nrcb2,exposure (L2b): 2D calibrated exposure average over integrations,S,mast:JWST/product/jw05893003007_02101_00006_nrcb2_cal.fits,SCIENCE,,CAL,,CALJWST,2.0.0,5893,jw05893003007_02101_00006_nrcb2_cal.fits,117573120,262851365,PUBLIC,2,F200W
262849661,JWST,image,jw05893003007_02101_00005_nrca3,exposure (L2b): 2D calibrated exposure average over integrations,S,mast:JWST/product/jw05893003007_02101_00005_nrca3_cal.fits,SCIENCE,,CAL,,CALJWST,2.0.0,5893,jw05893003007_02101_00005_nrca3_cal.fits,117573120,262851365,PUBLIC,2,F200W
262849669,JWST,image,jw05893003007_02101_00006_nrca1,exposure (L2b): 2D calibrated exposure average over integrations,S,mast:JWST/product/jw05893003007_02101_00006_nrca1_cal.fits,SCIENCE,,CAL,,CALJWST,2.0.0,5893,jw05893003007_02101_00006_nrca1_cal.fits,117570240,262851365,PUBLIC,2,F200W
262849674,JWST,image,jw05893003007_02101_00005_nrcb3,exposure (L2b): 2D calibrated exposure average over integrations,S,mast:JWST/product/jw05893003007_02101_00005_nrcb3_cal.fits,SCIENCE,,CAL,,CALJWST,2.0.0,5893,jw05893003007_02101_00005_nrcb3_cal.fits,117573120,262851365,PUBLIC,2,F200W
262849680,JWST,image,jw05893003007_02101_00006_nrca2,exposure (L2b): 2D calibrated exposure average over integrations,S,mast:JWST/product/jw05893003007_02101_00006_nrca2_cal.fits,SCIENCE,,CAL,,CALJWST,2.0.0,5893,jw05893003007_02101_00006_nrca2_cal.fits,117570240,262851365,PUBLIC,2,F200W
262849681,JWST,image,jw05893003007_02101_00004_nrca3,exposure (L2b): 2D calibrated exposure average over integrations,S,mast:JWST/product/jw05893003007_02101_00004_nrca3_cal.fits,SCIENCE,,CAL,,CALJWST,2.0.0,5893,jw05893003007_02101_00004_nrca3_cal.fits,117573120,262851365,PUBLIC,2,F200W
262849685,JWST,image,jw05893003007_02101_00006_nrcb3,exposure (L2b): 2D calibrated exposure average over integrations,S,mast:JWST/product/jw05893003007_02101_00006_nrcb3_cal.fits,SCIENCE,,CAL,,CALJWST,2.0.0,5893,jw05893003007_02101_00006_nrcb3_cal.fits,117573120,262851365,PUBLIC,2,F200W
262849690,JWST,image,jw05893003007_02101_00006_nrca4,exposure (L2b): 2D calibrated exposure average over integrations,S,mast:JWST/product/jw05893003007_02101_00006_nrca4_cal.fits,SCIENCE,,CAL,,CALJWST,2.0.0,5893,jw05893003007_02101_00006_nrca4_cal.fits,117573120,262851365,PUBLIC,2,F200W
262849694,JWST,image,jw05893003007_02101_00006_nrcb1,exposure (L2b): 2D calibrated exposure average over integrations,S,mast:JWST/product/jw05893003007_02101_00006_nrcb1_cal.fits,SCIENCE,,CAL,,CALJWST,2.0.0,5893,jw05893003007_02101_00006_nrcb1_cal.fits,117573120,262851365,PUBLIC,2,F200W
262849696,JWST,image,jw05893003007_02101_00005_nrcb4,exposure (L2b): 2D calibrated exposure average over integrations,S,mast:JWST/product/jw05893003007_02101_00005_nrcb4_cal.fits,SCIENCE,,CAL,,CALJWST,2.0.0,5893,jw05893003007_02101_00005_nrcb4_cal.fits,117573120,262851365,PUBLIC,2,F200W
262849699,JWST,image,jw05893003007_02101_00005_nrca1,exposure (L2b): 2D calibrated exposure average over integrations,S,mast:JWST/product/jw05893003007_02101_00005_nrca1_cal.fits,SCIENCE,,CAL,,CALJWST,2.0.0,5893,jw05893003007_02101_00005_nrca1_cal.fits,117570240,262851365,PUBLIC,2,F200W
262849701,JWST,image,jw05893003007_02101_00006_nrca3,exposure (L2b): 2D calibrated exposure average over integrations,S,mast:JWST/product/jw05893003007_02101_00006_nrca3_cal.fits,SCIENCE,,CAL,,CALJWST,2.0.0,5893,jw05893003007_02101_00006_nrca3_cal.fits,117573120,262851365,PUBLIC,2,F200W
262849702,JWST,image,jw05893003007_02101_00005_nrcb2,exposure (L2b): 2D calibrated exposure average over integrations,S,mast:JWST/product/jw05893003007_02101_00005_nrcb2_cal.fits,SCIENCE,,CAL,,CALJWST,2.0.0,5893,jw05893003007_02101_00005_nrcb2_cal.fits,117573120,262851365,PUBLIC,2,F200W
262849704,JWST,image,jw05893003007_02101_00006_nrcb4,exposure (L2b): 2D calibrated exposure average over integrations,S,mast:JWST/product/jw05893003007_02101_00006_nrcb4_cal.fits,SCIENCE,,CAL,,CALJWST,2.0.0,5893,jw05893003007_02101_00006_nrcb4_cal.fits,117573120,262851365,PUBLIC,2,F200W
262849705,JWST,image,jw05893003007_02101_00005_nrca2,exposure (L2b): 2D calibrated exposure average over integrations,S,mast:JWST/product/jw05893003007_02101_00005_nrca2_cal.fits,SCIENCE,,CAL,,CALJWST,2.0.0,5893,jw05893003007_02101_00005_nrca2_cal.fits,117570240,262851365,PUBLIC,2,F200W
262849726,JWST,image,jw05893003004_02101_00006_nrca3,exposure (L2b): 2D calibrated exposure average over integrations,S,mast:JWST/product/jw05893003004_02101_00006_nrca3_cal.fits,SCIENCE,,CAL,,CALJWST,2.0.0,5893,jw05893003004_02101_00006_nrca3_cal.fits,117573120,262851365,PUBLIC,2,F200W
262849727,JWST,image,jw05893003004_02101_00006_nrca2,exposure (L2b): 2D calibrated exposure average over integrations,S,mast:JWST/product/jw05893003004_02101_00006_nrca2_cal.fits,SCIENCE,,CAL,,CALJWST,2.0.0,5893,jw05893003004_02101_00006_nrca2_cal.fits,117570240,262851365,PUBLIC,2,F200W
262849728,JWST,image,jw05893003004_02101_00006_nrcb3,exposure (L2b): 2D calibrated exposure average over integrations,S,mast:JWST/product/jw05893003004_02101_00006_nrcb3_cal.fits,SCIENCE,,CAL,,CALJWST,2.0.0,5893,jw05893003004_02101_00006_nrcb3_cal.fits,117573120,262851365,PUBLIC,2,F200W
262849729,JWST,image,jw05893003004_02101_00006_nrcb4,exposure (L2b): 2D calibrated exposure average over integrations,S,mast:JWST/product/jw05893003004_02101_00006_nrcb4_cal.fits,SCIENCE,,CAL,,CALJWST,2.0.0,5893,jw05893003004_02101_00006_nrcb4_cal.fits,117573120,262851365,PUBLIC,2,F200W
262849730,JWST,image,jw05893003004_02101_00006_nrca1,exposure (L2b): 2D calibrated exposure average over integrations,S,mast:JWST/product/jw05893003004_02101_00006_nrca1_cal.fits,SCIENCE,,CAL,,CALJWST,2.0.0,5893,jw05893003004_02101_00006_nrca1_cal.fits,117570240,262851365,PUBLIC,2,F200W
262849732,JWST,image,jw05893003004_02101_00006_nrcb2,exposure (L2b): 2D calibrated exposure average over integrations,S,mast:JWST/product/jw05893003004_02101_00006_nrcb2_cal.fits,SCIENCE,,CAL,,CALJWST,2.0.0,5893,jw05893003004_02101_00006_nrcb2_cal.fits,117573120,262851365,PUBLIC,2,F200W
262849733,JWST,image,jw05893003004_02101_00006_nrca4,exposure (L2b): 2D calibrated exposure average over integrations,S,mast:JWST/product/jw05893003004_02101_00006_nrca4_cal.fits,SCIENCE,,CAL,,CALJWST,2.0.0,5893,jw05893003004_02101_00006_nrca4_cal.fits,117573120,262851365,PUBLIC,2,F200W
262849735,JWST,image,jw05893003004_02101_00006_nrcb1,exposure (L2b): 2D calibrated exposure average over integrations,S,mast:JWST/product/jw05893003004_02101_00006_nrcb1_cal.fits,SCIENCE,,CAL,,CALJWST,2.0.0,5893,jw05893003004_02101_00006_nrcb1_cal.fits,117573120,262851365,PUBLIC,2,F200W
262850834,JWST,image,jw05893003008_02101_00002_nrca4,exposure (L2b): 2D calibrated exposure average over integrations,S,mast:JWST/product/jw05893003008_02101_00002_nrca4_cal.fits,SCIENCE,,CAL,,CALJWST,2.0.0,5893,jw05893003008_02101_00002_nrca4_cal.fits,117573120,262851365,PUBLIC,2,F200W
262850835,JWST,image,jw05893003008_02101_00004_nrca2,exposure (L2b): 2D calibrated exposure average over integrations,S,mast:JWST/product/jw05893003008_02101_00004_nrca2_cal.fits,SCIENCE,,CAL,,CALJWST,2.0.0,5893,jw05893003008_02101_00004_nrca2_cal.fits,117570240,262851365,PUBLIC,2,F200W
262850836,JWST,image,jw05893003008_02101_00002_nrca1,exposure (L2b): 2D calibrated exposure average over integrations,S,mast:JWST/product/jw05893003008_02101_00002_nrca1_cal.fits,SCIENCE,,CAL,,CALJWST,2.0.0,5893,jw05893003008_02101_00002_nrca1_cal.fits,117570240,262851365,PUBLIC,2,F200W
262850837,JWST,image,jw05893003008_02101_00003_nrca2,exposure (L2b): 2D calibrated exposure average over integrations,S,mast:JWST/product/jw05893003008_02101_00003_nrca2_cal.fits,SCIENCE,,CAL,,CALJWST,2.0.0,5893,jw05893003008_02101_00003_nrca2_cal.fits,117570240,262851365,PUBLIC,2,F200W
262850839,JWST,image,jw05893003008_02101_00001_nrca1,exposure (L2b): 2D calibrated exposure average over integrations,S,mast:JWST/product/jw05893003008_02101_00001_nrca1_cal.fits,SCIENCE,,CAL,,CALJWST,2.0.0,5893,jw05893003008_02101_00001_nrca1_cal.fits,117570240,262851365,PUBLIC,2,F200W
262850840,JWST,image,jw05893003008_02101_00003_nrca1,exposure (L2b): 2D calibrated exposure average over integrations,S,mast:JWST/product/jw05893003008_02101_00003_nrca1_cal.fits,SCIENCE,,CAL,,CALJWST,2.0.0,5893,jw05893003008_02101_00003_nrca1_cal.fits,117570240,262851365,PUBLIC,2,F200W
262850842,JWST,image,jw05893003008_02101_00002_nrca2,exposure (L2b): 2D calibrated exposure average over integrations,S,mast:JWST/product/jw05893003008_02101_00002_nrca2_cal.fits,SCIENCE,,CAL,,CALJWST,2.0.0,5893,jw05893003008_02101_00002_nrca2_cal.fits,117570240,262851365,PUBLIC,2,F200W
262850843,JWST,image,jw05893003008_02101_00003_nrca3,exposure (L2b): 2D calibrated exposure average over integrations,S,mast:JWST/product/jw05893003008_02101_00003_nrca3_cal.fits,SCIENCE,,CAL,,CALJWST,2.0.0,5893,jw05893003008_02101_00003_nrca3_cal.fits,117573120,262851365,PUBLIC,2,F200W
262850845,JWST,image,jw05893003008_02101_00001_nrca2,exposure (L2b): 2D calibrated exposure average over integrations,S,mast:JWST/product/jw05893003008_02101_00001_nrca2_cal.fits,SCIENCE,,CAL,,CALJWST,2.0.0,5893,jw05893003008_02101_00001_nrca2_cal.fits,117570240,262851365,PUBLIC,2,F200W
262850846,JWST,image,jw05893003008_02101_00004_nrca4,exposure (L2b): 2D calibrated exposure average over integrations,S,mast:JWST/product/jw05893003008_02101_00004_nrca4_cal.fits,SCIENCE,,CAL,,CALJWST,2.0.0,5893,jw05893003008_02101_00004_nrca4_cal.fits,117573120,262851365,PUBLIC,2,F200W
262850847,JWST,image,jw05893003008_02101_00004_nrca3,exposure (L2b): 2D calibrated exposure average over integrations,S,mast:JWST/product/jw05893003008_02101_00004_nrca3_cal.fits,SCIENCE,,CAL,,CALJWST,2.0.0,5893,jw05893003008_02101_00004_nrca3_cal.fits,117573120,262851365,PUBLIC,2,F200W
262850848,JWST,image,jw05893003008_02101_00004_nrca1,exposure (L2b): 2D calibrated exposure average over integrations,S,mast:JWST/product/jw05893003008_02101_00004_nrca1_cal.fits,SCIENCE,,CAL,,CALJWST,2.0.0,5893,jw05893003008_02101_00004_nrca1_cal.fits,117570240,262851365,PUBLIC,2,F200W
262850849,JWST,image,jw05893003008_02101_00001_nrca3,exposure (L2b): 2D calibrated exposure average over integrations,S,mast:JWST/product/jw05893003008_02101_00001_nrca3_cal.fits,SCIENCE,,CAL,,CALJWST,2.0.0,5893,jw05893003008_02101_00001_nrca3_cal.fits,117573120,262851365,PUBLIC,2,F200W
262850851,JWST,image,jw05893003008_02101_00002_nrca3,exposure (L2b): 2D calibrated exposure average over integrations,S,mast:JWST/product/jw05893003008_02101_00002_nrca3_cal.fits,SCIENCE,,CAL,,CALJWST,2.0.0,5893,jw05893003008_02101_00002_nrca3_cal.fits,117573120,262851365,PUBLIC,2,F200W
262850930,JWST,image,jw05893003008_02101_00005_nrca1,exposure (L2b): 2D calibrated exposure average over integrations,S,mast:JWST/product/jw05893003008_02101_00005_nrca1_cal.fits,SCIENCE,,CAL,,CALJWST,2.0.0,5893,jw05893003008_02101_00005_nrca1_cal.fits,117570240,262851365,PUBLIC,2,F200W
262850931,JWST,image,jw05893003008_02101_00006_nrcb1,exposure (L2b): 2D calibrated exposure average over integrations,S,mast:JWST/product/jw05893003008_02101_00006_nrcb1_cal.fits,SCIENCE,,CAL,,CALJWST,2.0.0,5893,jw05893003008_02101_00006_nrcb1_cal.fits,117573120,262851365,PUBLIC,2,F200W
262850932,JWST,image,jw05893003008_02101_00002_nrcb2,exposure (L2b): 2D calibrated exposure average over integrations,S,mast:JWST/product/jw05893003008_02101_00002_nrcb2_cal.fits,SCIENCE,,CAL,,CALJWST,2.0.0,5893,jw05893003008_02101_00002_nrcb2_cal.fits,117573120,262851365,PUBLIC,2,F200W
262850936,JWST,image,jw05893003008_02101_00006_nrcb3,exposure (L2b): 2D calibrated exposure average over integrations,S,mast:JWST/product/jw05893003008_02101_00006_nrcb3_cal.fits,SCIENCE,,CAL,,CALJWST,2.0.0,5893,jw05893003008_02101_00006_nrcb3_cal.fits,117573120,262851365,PUBLIC,2,F200W
262850938,JWST,image,jw05893003008_02101_00006_nrca3,exposure (L2b): 2D calibrated exposure average over integrations,S,mast:JWST/product/jw05893003008_02101_00006_nrca3_cal.fits,SCIENCE,,CAL,,CALJWST,2.0.0,5893,jw05893003008_02101_00006_nrca3_cal.fits,117573120,262851365,PUBLIC,2,F200W
262850940,JWST,image,jw05893003008_02101_00001_nrcb2,exposure (L2b): 2D calibrated exposure average over integrations,S,mast:JWST/product/jw05893003008_02101_00001_nrcb2_cal.fits,SCIENCE,,CAL,,CALJWST,2.0.0,5893,jw05893003008_02101_00001_nrcb2_cal.fits,117573120,262851365,PUBLIC,2,F200W
262850941,JWST,image,jw05893003008_02101_00005_nrcb4,exposure (L2b): 2D calibrated exposure average over integrations,S,mast:JWST/product/jw05893003008_02101_00005_nrcb4_cal.fits,SCIENCE,,CAL,,CALJWST,2.0.0,5893,jw05893003008_02101_00005_nrcb4_cal.fits,117573120,262851365,PUBLIC,2,F200W
262850942,JWST,image,jw05893003008_02101_00006_nrca4,exposure (L2b): 2D calibrated exposure average over integrations,S,mast:JWST/product/jw05893003008_02101_00006_nrca4_cal.fits,SCIENCE,,CAL,,CALJWST,2.0.0,5893,jw05893003008_02101_00006_nrca4_cal.fits,117573120,262851365,PUBLIC,2,F200W
262850944,JWST,image,jw05893003008_02101_00001_nrcb1,exposure (L2b): 2D calibrated exposure average over integrations,S,mast:JWST/product/jw05893003008_02101_00001_nrcb1_cal.fits,SCIENCE,,CAL,,CALJWST,2.0.0,5893,jw05893003008_02101_00001_nrcb1_cal.fits,117573120,262851365,PUBLIC,2,F200W
262850945,JWST,image,jw05893003008_02101_00006_nrca1,exposure (L2b): 2D calibrated exposure average over integrations,S,mast:JWST/product/jw05893003008_02101_00006_nrca1_cal.fits,SCIENCE,,CAL,,CALJWST,2.0.0,5893,jw05893003008_02101_00006_nrca1_cal.fits,117570240,262851365,PUBLIC,2,F200W
262850948,JWST,image,jw05893003008_02101_00005_nrca2,exposure (L2b): 2D calibrated exposure average over integrations,S,mast:JWST/product/jw05893003008_02101_00005_nrca2_cal.fits,SCIENCE,,CAL,,CALJWST,2.0.0,5893,jw05893003008_02101_00005_nrca2_cal.fits,117570240,262851365,PUBLIC,2,F200W
262850949,JWST,image,jw05893003008_02101_00005_nrcb3,exposure (L2b): 2D calibrated exposure average over integrations,S,mast:JWST/product/jw05893003008_02101_00005_nrcb3_cal.fits,SCIENCE,,CAL,,CALJWST,2.0.0,5893,jw05893003008_02101_00005_nrcb3_cal.fits,117573120,262851365,PUBLIC,2,F200W
262850951,JWST,image,jw05893003008_02101_00005_nrca3,exposure (L2b): 2D calibrated exposure average over integrations,S,mast:JWST/product/jw05893003008_02101_00005_nrca3_cal.fits,SCIENCE,,CAL,,CALJWST,2.0.0,5893,jw05893003008_02101_00005_nrca3_cal.fits,117573120,262851365,PUBLIC,2,F200W
262850952,JWST,image,jw05893003008_02101_00003_nrca4,exposure (L2b): 2D calibrated exposure average over integrations,S,mast:JWST/product/jw05893003008_02101_00003_nrca4_cal.fits,SCIENCE,,CAL,,CALJWST,2.0.0,5893,jw05893003008_02101_00003_nrca4_cal.fits,117573120,262851365,PUBLIC,2,F200W
262850954,JWST,image,jw05893003008_02101_00003_nrcb3,exposure (L2b): 2D calibrated exposure average over integrations,S,mast:JWST/product/jw05893003008_02101_00003_nrcb3_cal.fits,SCIENCE,,CAL,,CALJWST,2.0.0,5893,jw05893003008_02101_00003_nrcb3_cal.fits,117573120,262851365,PUBLIC,2,F200W
262850955,JWST,image,jw05893003008_02101_00004_nrcb4,exposure (L2b): 2D calibrated exposure average over integrations,S,mast:JWST/product/jw05893003008_02101_00004_nrcb4_cal.fits,SCIENCE,,CAL,,CALJWST,2.0.0,5893,jw05893003008_02101_00004_nrcb4_cal.fits,117573120,262851365,PUBLIC,2,F200W
262850956,JWST,image,jw05893003008_02101_00006_nrcb4,exposure (L2b): 2D calibrated exposure average over integrations,S,mast:JWST/product/jw05893003008_02101_00006_nrcb4_cal.fits,SCIENCE,,CAL,,CALJWST,2.0.0,5893,jw05893003008_02101_00006_nrcb4_cal.fits,117573120,262851365,PUBLIC,2,F200W
262850958,JWST,image,jw05893003008_02101_00005_nrca4,exposure (L2b): 2D calibrated exposure average over integrations,S,mast:JWST/product/jw05893003008_02101_00005_nrca4_cal.fits,SCIENCE,,CAL,,CALJWST,2.0.0,5893,jw05893003008_02101_00005_nrca4_cal.fits,117573120,262851365,PUBLIC,2,F200W
262850959,JWST,image,jw05893003008_02101_00001_nrcb4,exposure (L2b): 2D calibrated exposure average over integrations,S,mast:JWST/product/jw05893003008_02101_00001_nrcb4_cal.fits,SCIENCE,,CAL,,CALJWST,2.0.0,5893,jw05893003008_02101_00001_nrcb4_cal.fits,117573120,262851365,PUBLIC,2,F200W
262850961,JWST,image,jw05893003008_02101_00004_nrcb2,exposure (L2b): 2D calibrated exposure average over integrations,S,mast:JWST/product/jw05893003008_02101_00004_nrcb2_cal.fits,SCIENCE,,CAL,,CALJWST,2.0.0,5893,jw05893003008_02101_00004_nrcb2_cal.fits,117573120,262851365,PUBLIC,2,F200W
262850962,JWST,image,jw05893003008_02101_00002_nrcb1,exposure (L2b): 2D calibrated exposure average over integrations,S,mast:JWST/product/jw05893003008_02101_00002_nrcb1_cal.fits,SCIENCE,,CAL,,CALJWST,2.0.0,5893,jw05893003008_02101_00002_nrcb1_cal.fits,117573120,262851365,PUBLIC,2,F200W
262850963,JWST,image,jw05893003008_02101_00004_nrcb3,exposure (L2b): 2D calibrated exposure average over integrations,S,mast:JWST/product/jw05893003008_02101_00004_nrcb3_cal.fits,SCIENCE,,CAL,,CALJWST,2.0.0,5893,jw05893003008_02101_00004_nrcb3_cal.fits,117573120,262851365,PUBLIC,2,F200W
262850964,JWST,image,jw05893003008_02101_00003_nrcb4,exposure (L2b): 2D calibrated exposure average over integrations,S,mast:JWST/product/jw05893003008_02101_00003_nrcb4_cal.fits,SCIENCE,,CAL,,CALJWST,2.0.0,5893,jw05893003008_02101_00003_nrcb4_cal.fits,117573120,262851365,PUBLIC,2,F200W
262850967,JWST,image,jw05893003008_02101_00005_nrcb1,exposure (L2b): 2D calibrated exposure average over integrations,S,mast:JWST/product/jw05893003008_02101_00005_nrcb1_cal.fits,SCIENCE,,CAL,,CALJWST,2.0.0,5893,jw05893003008_02101_00005_nrcb1_cal.fits,117573120,262851365,PUBLIC,2,F200W
262850968,JWST,image,jw05893003008_02101_00006_nrca2,exposure (L2b): 2D calibrated exposure average over integrations,S,mast:JWST/product/jw05893003008_02101_00006_nrca2_cal.fits,SCIENCE,,CAL,,CALJWST,2.0.0,5893,jw05893003008_02101_00006_nrca2_cal.fits,117570240,262851365,PUBLIC,2,F200W
262850971,JWST,image,jw05893003008_02101_00006_nrcb2,exposure (L2b): 2D calibrated exposure average over integrations,S,mast:JWST/product/jw05893003008_02101_00006_nrcb2_cal.fits,SCIENCE,,CAL,,CALJWST,2.0.0,5893,jw05893003008_02101_00006_nrcb2_cal.fits,117573120,262851365,PUBLIC,2,F200W
262850973,JWST,image,jw05893003008_02101_00001_nrcb3,exposure (L2b): 2D calibrated exposure average over integrations,S,mast:JWST/product/jw05893003008_02101_00001_nrcb3_cal.fits,SCIENCE,,CAL,,CALJWST,2.0.0,5893,jw05893003008_02101_00001_nrcb3_cal.fits,117573120,262851365,PUBLIC,2,F200W
262850974,JWST,image,jw05893003008_02101_00002_nrcb4,exposure (L2b): 2D calibrated exposure average over integrations,S,mast:JWST/product/jw05893003008_02101_00002_nrcb4_cal.fits,SCIENCE,,CAL,,CALJWST,2.0.0,5893,jw05893003008_02101_00002_nrcb4_cal.fits,117573120,262851365,PUBLIC,2,F200W
262850976,JWST,image,jw05893003008_02101_00005_nrcb2,exposure (L2b): 2D calibrated exposure average over integrations,S,mast:JWST/product/jw05893003008_02101_00005_nrcb2_cal.fits,SCIENCE,,CAL,,CALJWST,2.0.0,5893,jw05893003008_02101_00005_nrcb2_cal.fits,117573120,262851365,PUBLIC,2,F200W
262850979,JWST,image,jw05893003008_02101_00001_nrca4,exposure (L2b): 2D calibrated exposure average over integrations,S,mast:JWST/product/jw05893003008_02101_00001_nrca4_cal.fits,SCIENCE,,CAL,,CALJWST,2.0.0,5893,jw05893003008_02101_00001_nrca4_cal.fits,117573120,262851365,PUBLIC,2,F200W
262850980,JWST,image,jw05893003008_02101_00003_nrcb2,exposure (L2b): 2D calibrated exposure average over integrations,S,mast:JWST/product/jw05893003008_02101_00003_nrcb2_cal.fits,SCIENCE,,CAL,,CALJWST,2.0.0,5893,jw05893003008_02101_00003_nrcb2_cal.fits,117573120,262851365,PUBLIC,2,F200W
262850981,JWST,image,jw05893003008_02101_00003_nrcb1,exposure (L2b): 2D calibrated exposure average over integrations,S,mast:JWST/product/jw05893003008_02101_00003_nrcb1_cal.fits,SCIENCE,,CAL,,CALJWST,2.0.0,5893,jw05893003008_02101_00003_nrcb1_cal.fits,117573120,262851365,PUBLIC,2,F200W
262850982,JWST,image,jw05893003008_02101_00004_nrcb1,exposure (L2b): 2D calibrated exposure average over integrations,S,mast:JWST/product/jw05893003008_02101_00004_nrcb1_cal.fits,SCIENCE,,CAL,,CALJWST,2.0.0,5893,jw05893003008_02101_00004_nrcb1_cal.fits,117573120,262851365,PUBLIC,2,F200W
262850983,JWST,image,jw05893003008_02101_00002_nrcb3,exposure (L2b): 2D calibrated exposure average over integrations,S,mast:JWST/product/jw05893003008_02101_00002_nrcb3_cal.fits,SCIENCE,,CAL,,CALJWST,2.0.0,5893,jw05893003008_02101_00002_nrcb3_cal.fits,117573120,262851365,PUBLIC,2,F200W
