obsID,obs_collection,dataproduct_type,obs_id,description,type,dataURI,productType,productGroupDescription,productSubGroupDescription,productDocumentationURL,project,prvversion,proposal_id,productFilename,size,parent_obsid,dataRights,calib_level,filters
264935145,JWST,image,jw05893008001_02101_00001_nrca2,exposure (L2b): 2D calibrated exposure average over integrations,S,mast:JWST/product/jw05893008001_02101_00001_nrca2_cal.fits,SCIENCE,,CAL,,CALJWST,2.0.0,5893,jw05893008001_02101_00001_nrca2_cal.fits,117570240,264984831,PUBLIC,2,F200W
264935147,JWST,image,jw05893008001_02101_00001_nrca3,exposure (L2b): 2D calibrated exposure average over integrations,S,mast:JWST/product/jw05893008001_02101_00001_nrca3_cal.fits,SCIENCE,,CAL,,CALJWST,2.0.0,5893,jw05893008001_02101_00001_nrca3_cal.fits,117573120,264984831,PUBLIC,2,F200W
264935149,JWST,image,jw05893008001_02101_00001_nrcb3,exposure (L2b): 2D calibrated exposure average over integrations,S,mast:JWST/product/jw05893008001_02101_00001_nrcb3_cal.fits,SCIENCE,,CAL,,CALJWST,2.0.0,5893,jw05893008001_02101_00001_nrcb3_cal.fits,117573120,264984831,PUBLIC,2,F200W
264935150,JWST,image,jw05893008001_02101_00001_nrcb2,exposure (L2b): 2D calibrated exposure average over integrations,S,mast:JWST/product/jw05893008001_02101_00001_nrcb2_cal.fits,SCIENCE,,CAL,,CALJWST,2.0.0,5893,jw05893008001_02101_00001_nrcb2_cal.fits,117573120,264984831,PUBLIC,2,F200W
264935151,JWST,image,jw05893008001_02101_00001_nrca1,exposure (L2b): 2D calibrated exposure average over integrations,S,mast:JWST/product/jw05893008001_02101_00001_nrca1_cal.fits,SCIENCE,,CAL,,CALJWST,2.0.0,5893,jw05893008001_02101_00001_nrca1_cal.fits,117570240,264984831,PUBLIC,2,F200W
264935153,JWST,image,jw05893008001_02101_00001_nrcb1,exposure (L2b): 2D calibrated exposure average over integrations,S,mast:JWST/product/jw05893008001_02101_00001_nrcb1_cal.fits,SCIENCE,,CAL,,CALJWST,2.0.0,5893,jw05893008001_02101_00001_nrcb1_cal.fits,117573120,264984831,PUBLIC,2,F200W
264935154,JWST,image,jw05893008001_02101_00001_nrcb4,exposure (L2b): 2D calibrated exposure average over integrations,S,mast:JWST/product/jw05893008001_02101_00001_nrcb4_cal.fits,SCIENCE,,CAL,,CALJWST,2.0.0,5893,jw05893008001_02101_00001_nrcb4_cal.fits,117573120,264984831,PUBLIC,2,F200W
264935155,JWST,image,jw05893008001_02101_00001_nrca4,exposure (L2b): 2D calibrated exposure average over integrations,S,mast:JWST/product/jw05893008001_02101_00001_nrca4_cal.fits,SCIENCE,,CAL,,CALJWST,2.0.0,5893,jw05893008001_02101_00001_nrca4_cal.fits,117573120,264984831,PUBLIC,2,F200W
264935156,JWST,image,jw05893008001_02101_00002_nrcb2,exposure (L2b): 2D calibrated exposure average over integrations,S,mast:JWST/product/jw05893008001_02101_00002_nrcb2_cal.fits,SCIENCE,,CAL,,CALJWST,2.0.0,5893,jw05893008001_02101_00002_nrcb2_cal.fits,117573120,264984831,PUBLIC,2,F200W
264935159,JWST,image,jw05893008001_02101_00002_nrcb1,exposure (L2b): 2D calibrated exposure average over integrations,S,mast:JWST/product/jw05893008001_02101_00002_nrcb1_cal.fits,SCIENCE,,CAL,,CALJWST,2.0.0,5893,jw05893008001_02101_00002_nrcb1_cal.fits,117573120,264984831,PUBLIC,2,F200W
264935160,JWST,image,jw05893008001_02101_00002_nrca2,exposure (L2b): 2D calibrated exposure average over integrations,S,mast:JWST/product/jw05893008001_02101_00002_nrca2_cal.fits,SCIENCE,,CAL,,CALJWST,2.0.0,5893,jw05893008001_02101_00002_nrca2_cal.fits,117570240,264984831,PUBLIC,2,F200W
264935161,JWST,image,jw05893008001_02101_00002_nrca3,exposure (L2b): 2D calibrated exposure average over integrations,S,mast:JWST/product/jw05893008001_02101_00002_nrca3_cal.fits,SCIENCE,,CAL,,CALJWST,2.0.0,5893,jw05893008001_02101_00002_nrca3_cal.fits,117573120,264984831,PUBLIC,2,F200W
264935162,JWST,image,jw05893008001_02101_00002_nrcb3,exposure (L2b): 2D calibrated exposure average over integrations,S,mast:JWST/product/jw05893008001_02101_00002_nrcb3_cal.fits,SCIENCE,,CAL,,CALJWST,2.0.0,5893,jw05893008001_02101_00002_nrcb3_cal.fits,117573120,264984831,PUBLIC,2,F200W
264935163,JWST,image,jw05893008001_02101_00002_nrca1,exposure (L2b): 2D calibrated exposure average over integrations,S,mast:JWST/product/jw05893008001_02101_00002_nrca1_cal.fits,SCIENCE,,CAL,,CALJWST,2.0.0,5893,jw05893008001_02101_00002_nrca1_cal.fits,117570240,264984831,PUBLIC,2,F200W
264935168,JWST,image,jw05893008001_02101_00002_nrca4,exposure (L2b): 2D calibrated exposure average over integrations,S,mast:JWST/product/jw05893008001_02101_00002_nrca4_cal.fits,SCIENCE,,CAL,,CALJWST,2.0.0,5893,jw05893008001_02101_00002_nrca4_cal.fits,117573120,264984831,PUBLIC,2,F200W
264935169,JWST,image,jw05893008001_02101_00002_nrcb4,exposure (L2b): 2D calibrated exposure average over integrations,S,mast:JWST/product/jw05893008001_02101_00002_nrcb4_cal.fits,SCIENCE,,CAL,,CALJWST,2.0.0,5893,jw05893008001_02101_00002_nrcb4_cal.fits,117573120,264984831,PUBLIC,2,F200W
264935284,JWST,image,jw05893008001_02101_00003_nrcb2,exposure (L2b): 2D calibrated exposure average over integrations,S,mast:JWST/product/jw05893008001_02101_00003_nrcb2_cal.fits,SCIENCE,,CAL,,CALJWST,2.0.0,5893,jw05893008001_02101_00003_nrcb2_cal.fits,117573120,264984831,PUBLIC,2,F200W
264935285,JWST,image,jw05893008001_02101_00003_nrcb1,exposure (L2b): 2D calibrated exposure average over integrations,S,mast:JWST/product/jw05893008001_02101_00003_nrcb1_cal.fits,SCIENCE,,CAL,,CALJWST,2.0.0,5893,jw05893008001_02101_00003_nrcb1_cal.fits,117573120,264984831,PUBLIC,2,F200W
264935286,JWST,image,jw05893008001_02101_00003_nrca2,exposure (L2b): 2D calibrated exposure average over integrations,S,mast:JWST/product/jw05893008001_02101_00003_nrca2_cal.fits,SCIENCE,,CAL,,CALJWST,2.0.0,5893,jw05893008001_02101_00003_nrca2_cal.fits,117570240,264984831,PUBLIC,2,F200W
264935287,JWST,image,jw05893008001_02101_00003_nrca3,exposure (L2b): 2D calibrated exposure average over integrations,S,mast:JWST/product/jw05893008001_02101_00003_nrca3_cal.fits,SCIENCE,,CAL,,CALJWST,2.0.0,5893,jw05893008001_02101_00003_nrca3_cal.fits,117573120,264984831,PUBLIC,2,F200W
264935288,JWST,image,jw05893008001_02101_00003_nrcb4,exposure (L2b): 2D calibrated exposure average over integrations,S,mast:JWST/product/jw05893008001_02101_00003_nrcb4_cal.fits,SCIENCE,,CAL,,CALJWST,2.0.0,5893,jw05893008001_02101_00003_nrcb4_cal.fits,117573120,264984831,PUBLIC,2,F200W
264935289,JWST,image,jw05893008001_02101_00003_nrca1,exposure (L2b): 2D calibrated exposure average over integrations,S,mast:JWST/product/jw05893008001_02101_00003_nrca1_cal.fits,SCIENCE,,CAL,,CALJWST,2.0.0,5893,jw05893008001_02101_00003_nrca1_cal.fits,117570240,264984831,PUBLIC,2,F200W
264935290,JWST,image,jw05893008001_02101_00003_nrcb3,exposure (L2b): 2D calibrated exposure average over integrations,S,mast:JWST/product/jw05893008001_02101_00003_nrcb3_cal.fits,SCIENCE,,CAL,,CALJWST,2.0.0,5893,jw05893008001_02101_00003_nrcb3_cal.fits,117573120,264984831,PUBLIC,2,F200W
264935291,JWST,image,jw05893008001_02101_00003_nrca4,exposure (L2b): 2D calibrated exposure average over integrations,S,mast:JWST/product/jw05893008001_02101_00003_nrca4_cal.fits,SCIENCE,,CAL,,CALJWST,2.0.0,5893,jw05893008001_02101_00003_nrca4_cal.fits,117573120,264984831,PUBLIC,2,F200W
264935531,JWST,image,jw05893008001_02101_00005_nrca3,exposure (L2b): 2D calibrated exposure average over integrations,S,mast:JWST/product/jw05893008001_02101_00005_nrca3_cal.fits,SCIENCE,,CAL,,CALJWST,2.0.0,5893,jw05893008001_02101_00005_nrca3_cal.fits,117573120,264984831,PUBLIC,2,F200W
264935532,JWST,image,jw05893008001_02101_00006_nrcb4,exposure (L2b): 2D calibrated exposure average over integrations,S,mast:JWST/product/jw05893008001_02101_00006_nrcb4_cal.fits,SCIENCE,,CAL,,CALJWST,2.0.0,5893,jw05893008001_02101_00006_nrcb4_cal.fits,117573120,264984831,PUBLIC,2,F200W
264935533,JWST,image,jw05893008001_02101_00004_nrcb4,exposure (L2b): 2D calibrated exposure average over integrations,S,mast:JWST/product/jw05893008001_02101_00004_nrcb4_cal.fits,SCIENCE,,CAL,,CALJWST,2.0.0,5893,jw05893008001_02101_00004_nrcb4_cal.fits,117573120,264984831,PUBLIC,2,F200W
264935536,JWST,image,jw05893008001_02101_00006_nrcb3,exposure (L2b): 2D calibrated exposure average over integrations,S,mast:JWST/product/jw05893008001_02101_00006_nrcb3_cal.fits,SCIENCE,,CAL,,CALJWST,2.0.0,5893,jw05893008001_02101_00006_nrcb3_cal.fits,117573120,264984831,PUBLIC,2,F200W
264935537,JWST,image,jw05893008001_02101_00006_nrca3,exposure (L2b): 2D calibrated exposure average over integrations,S,mast:JWST/product/jw05893008001_02101_00006_nrca3_cal.fits,SCIENCE,,CAL,,CALJWST,2.0.0,5893,jw05893008001_02101_00006_nrca3_cal.fits,117573120,264984831,PUBLIC,2,F200W
264935538,JWST,image,jw05893008001_02101_00004_nrca3,exposure (L2b): 2D calibrated exposure average over integrations,S,mast:JWST/product/jw05893008001_02101_00004_nrca3_cal.fits,SCIENCE,,CAL,,CALJWST,2.0.0,5893,jw05893008001_02101_00004_nrca3_cal.fits,117573120,264984831,PUBLIC,2,F200W
264935539,JWST,image,jw05893008001_02101_00006_nrcb1,exposure (L2b): 2D calibrated exposure average over integrations,S,mast:JWST/product/jw05893008001_02101_00006_nrcb1_cal.fits,SCIENCE,,CAL,,CALJWST,2.0.0,5893,jw05893008001_02101_00006_nrcb1_cal.fits,117573120,264984831,PUBLIC,2,F200W
264935542,JWST,image,jw05893008001_02101_00004_nrca2,exposure (L2b): 2D calibrated exposure average over integrations,S,mast:JWST/product/jw05893008001_02101_00004_nrca2_cal.fits,SCIENCE,,CAL,,CALJWST,2.0.0,5893,jw05893008001_02101_00004_nrca2_cal.fits,117570240,264984831,PUBLIC,2,F200W
264935543,JWST,image,jw05893008001_02101_00005_nrca1,exposure (L2b): 2D calibrated exposure average over integrations,S,mast:JWST/product/jw05893008001_02101_00005_nrca1_cal.fits,SCIENCE,,CAL,,CALJWST,2.0.0,5893,jw05893008001_02101_00005_nrca1_cal.fits,117570240,264984831,PUBLIC,2,F200W
264935544,JWST,image,jw05893008001_02101_00004_nrca1,exposure (L2b): 2D calibrated exposure average over integrations,S,mast:JWST/product/jw05893008001_02101_00004_nrca1_cal.fits,SCIENCE,,CAL,,CALJWST,2.0.0,5893,jw05893008001_02101_00004_nrca1_cal.fits,117570240,264984831,PUBLIC,2,F200W
264935546,JWST,image,jw05893008001_02101_00005_nrcb4,exposure (L2b): 2D calibrated exposure average over integrations,S,mast:JWST/product/jw05893008001_02101_00005_nrcb4_cal.fits,SCIENCE,,CAL,,CALJWST,2.0.0,5893,jw05893008001_02101_00005_nrcb4_cal.fits,117573120,264984831,PUBLIC,2,F200W
264935547,JWST,image,jw05893008001_02101_00005_nrcb2,exposure (L2b): 2D calibrated exposure average over integrations,S,mast:JWST/product/jw05893008001_02101_00005_nrcb2_cal.fits,SCIENCE,,CAL,,CALJWST,2.0.0,5893,jw05893008001_02101_00005_nrcb2_cal.fits,117573120,264984831,PUBLIC,2,F200W
264935549,JWST,image,jw05893008001_02101_00005_nrcb1,exposure (L2b): 2D calibrated exposure average over integrations,S,mast:JWST/product/jw05893008001_02101_00005_nrcb1_cal.fits,SCIENCE,,CAL,,CALJWST,2.0.0,5893,jw05893008001_02101_00005_nrcb1_cal.fits,117573120,264984831,PUBLIC,2,F200W
264935551,JWST,image,jw05893008001_02101_00005_nrcb3,exposure (L2b): 2D calibrated exposure average over integrations,S,mast:JWST/product/jw05893008001_02101_00005_nrcb3_cal.fits,SCIENCE,,CAL,,CALJWST,2.0.0,5893,jw05893008001_02101_00005_nrcb3_cal.fits,117573120,264984831,PUBLIC,2,F200W
264935552,JWST,image,jw05893008001_02101_00005_nrca4,exposure (L2b): 2D calibrated exposure average over integrations,S,mast:JWST/product/jw05893008001_02101_00005_nrca4_cal.fits,SCIENCE,,CAL,,CALJWST,2.0.0,5893,jw05893008001_02101_00005_nrca4_cal.fits,117573120,264984831,PUBLIC,2,F200W
264935553,JWST,image,jw05893008001_02101_00006_nrca1,exposure (L2b): 2D calibrated exposure average over integrations,S,mast:JWST/product/jw05893008001_02101_00006_nrca1_cal.fits,SCIENCE,,CAL,,CALJWST,2.0.0,5893,jw05893008001_02101_00006_nrca1_cal.fits,117570240,264984831,PUBLIC,2,F200W
264935555,JWST,image,jw05893008001_02101_00006_nrca2,exposure (L2b): 2D calibrated exposure average over integrations,S,mast:JWST/product/jw05893008001_02101_00006_nrca2_cal.fits,SCIENCE,,CAL,,CALJWST,2.0.0,5893,jw05893008001_02101_00006_nrca2_cal.fits,117570240,264984831,PUBLIC,2,F200W
264935556,JWST,image,jw05893008001_02101_00006_nrca4,exposure (L2b): 2D calibrated exposure average over integrations,S,mast:JWST/product/jw05893008001_02101_00006_nrca4_cal.fits,SCIENCE,,CAL,,CALJWST,2.0.0,5893,jw05893008001_02101_00006_nrca4_cal.fits,117573120,264984831,PUBLIC,2,F200W
264935558,JWST,image,jw05893008001_02101_00006_nrcb2,exposure (L2b): 2D calibrated exposure average over integrations,S,mast:JWST/product/jw05893008001_02101_00006_nrcb2_cal.fits,SCIENCE,,CAL,,CALJWST,2.0.0,5893,jw05893008001_02101_00006_nrcb2_cal.fits,117573120,264984831,PUBLIC,2,F200W
264935559,JWST,image,jw05893008001_02101_00004_nrcb3,exposure (L2b): 2D calibrated exposure average over integrations,S,mast:JWST/product/jw05893008001_02101_00004_nrcb3_cal.fits,SCIENCE,,CAL,,CALJWST,2.0.0,5893,jw05893008001_02101_00004_nrcb3_cal.fits,117573120,264984831,PUBLIC,2,F200W
264935560,JWST,image,jw05893008001_02101_00004_nrca4,exposure (L2b): 2D calibrated exposure average over integrations,S,mast:JWST/product/jw05893008001_02101_00004_nrca4_cal.fits,SCIENCE,,CAL,,CALJWST,2.0.0,5893,jw05893008001_02101_00004_nrca4_cal.fits,117573120,264984831,PUBLIC,2,F200W
264935561,JWST,image,jw05893008001_02101_00005_nrca2,exposure (L2b): 2D calibrated exposure average over integrations,S,mast:JWST/product/jw05893008001_02101_00005_nrca2_cal.fits,SCIENCE,,CAL,,CALJWST,2.0.0,5893,jw05893008001_02101_00005_nrca2_cal.fits,117570240,264984831,PUBLIC,2,F200W
264935562,JWST,image,jw05893008001_02101_00004_nrcb1,exposure (L2b): 2D calibrated exposure average over integrations,S,mast:JWST/product/jw05893008001_02101_00004_nrcb1_cal.fits,SCIENCE,,CAL,,CALJWST,2.0.0,5893,jw05893008001_02101_00004_nrcb1_cal.fits,117573120,264984831,PUBLIC,2,F200W
264935565,JWST,image,jw05893008001_02101_00004_nrcb2,exposure (L2b): 2D calibrated exposure average over integrations,S,mast:JWST/product/jw05893008001_02101_00004_nrcb2_cal.fits,SCIENCE,,CAL,,CALJWST,2.0.0,5893,jw05893008001_02101_00004_nrcb2_cal.fits,117573120,264984831,PUBLIC,2,F200W
264935946,JWST,image,jw05893008008_02101_00001_nrcb4,exposure (L2b): 2D calibrated exposure average over integrations,S,mast:JWST/product/jw05893008008_02101_00001_nrcb4_cal.fits,SCIENCE,,CAL,,CALJWST,2.0.0,5893,jw05893008008_02101_00001_nrcb4_cal.fits,117573120,264984831,PUBLIC,2,F200W
264935947,JWST,image,jw05893008008_02101_00001_nrcb1,exposure (L2b): 2D calibrated exposure average over integrations,S,mast:JWST/product/jw05893008008_02101_00001_nrcb1_cal.fits,SCIENCE,,CAL,,CALJWST,2.0.0,5893,jw05893008008_02101_00001_nrcb1_cal.fits,117573120,264984831,PUBLIC,2,F200W
264935950,JWST,image,jw05893008008_02101_00001_nrca3,exposure (L2b): 2D calibrated exposure average over integrations,S,mast:JWST/product/jw05893008008_02101_00001_nrca3_cal.fits,SCIENCE,,CAL,,CALJWST,2.0.0,5893,jw05893008008_02101_00001_nrca3_cal.fits,117573120,264984831,PUBLIC,2,F200W
264935951,JWST,image,jw05893008008_02101_00001_nrca4,exposure (L2b): 2D calibrated exposure average over integrations,S,mast:JWST/product/jw05893008008_02101_00001_nrca4_cal.fits,SCIENCE,,CAL,,CALJWST,2.0.0,5893,jw05893008008_02101_00001_nrca4_cal.fits,117573120,264984831,PUBLIC,2,F200W
264935952,JWST,image,jw05893008008_02101_00001_nrca2,exposure (L2b): 2D calibrated exposure average over integrations,S,mast:JWST/product/jw05893008008_02101_00001_nrca2_cal.fits,SCIENCE,,CAL,,CALJWST,2.0.0,5893,jw05893008008_02101_00001_nrca2_cal.fits,117570240,264984831,PUBLIC,2,F200W
264935953,JWST,image,jw05893008008_02101_00001_nrcb3,exposure (L2b): 2D calibrated exposure average over integrations,S,mast:JWST/product/jw05893008008_02101_00001_nrcb3_cal.fits,SCIENCE,,CAL,,CALJWST,2.0.0,5893,jw05893008008_02101_00001_nrcb3_cal.fits,117573120,264984831,PUBLIC,2,F200W
264935957,JWST,image,jw05893008008_02101_00001_nrcb2,exposure (L2b): 2D calibrated exposure average over integrations,S,mast:JWST/product/jw05893008008_02101_00001_nrcb2_cal.fits,SCIENCE,,CAL,,CALJWST,2.0.0,5893,jw05893008008_02101_00001_nrcb2_cal.fits,117573120,264984831,PUBLIC,2,F200W
264935959,JWST,image,jw05893008008_02101_00001_nrca1,exposure (L2b): 2D calibrated exposure average over integrations,S,mast:JWST/product/jw05893008008_02101_00001_nrca1_cal.fits,SCIENCE,,CAL,,CALJWST,2.0.0,5893,jw05893008008_02101_00001_nrca1_cal.fits,117570240,264984831,PUBLIC,2,F200W
264936150,JWST,image,jw05893008008_02101_00002_nrcb4,exposure (L2b): 2D calibrated exposure average over integrations,S,mast:JWST/product/jw05893008008_02101_00002_nrcb4_cal.fits,SCIENCE,,CAL,,CALJWST,2.0.0,5893,jw05893008008_02101_00002_nrcb4_cal.fits,117573120,264984831,PUBLIC,2,F200W
264936152,JWST,image,jw05893008008_02101_00002_nrca1,exposure (L2b): 2D calibrated exposure average over integrations,S,mast:JWST/product/jw05893008008_02101_00002_nrca1_cal.fits,SCIENCE,,CAL,,CALJWST,2.0.0,5893,jw05893008008_02101_00002_nrca1_cal.fits,117570240,264984831,PUBLIC,2,F200W
264936154,JWST,image,jw05893008008_02101_00002_nrca3,exposure (L2b): 2D calibrated exposure average over integrations,S,mast:JWST/product/jw05893008008_02101_00002_nrca3_cal.fits,SCIENCE,,CAL,,CALJWST,2.0.0,5893,jw05893008008_02101_00002_nrca3_cal.fits,117573120,264984831,PUBLIC,2,F200W
264936155,JWST,image,jw05893008008_02101_00002_nrcb3,exposure (L2b): 2D calibrated exposure average over integrations,S,mast:JWST/product/jw05893008008_02101_00002_nrcb3_cal.fits,SCIENCE,,CAL,,CALJWST,2.0.0,5893,jw05893008008_02101_00002_nrcb3_cal.fits,117573120,264984831,PUBLIC,2,F200W
264936156,JWST,image,jw05893008008_02101_00002_nrcb1,exposure (L2b): 2D calibrated exposure average over integrations,S,mast:JWST/product/jw05893008008_02101_00002_nrcb1_cal.fits,SCIENCE,,CAL,,CALJWST,2.0.0,5893,jw05893008008_02101_00002_nrcb1_cal.fits,117573120,264984831,PUBLIC,2,F200W
264936157,JWST,image,jw05893008008_02101_00002_nrca4,exposure (L2b): 2D calibrated exposure average over integrations,S,mast:JWST/product/jw05893008008_02101_00002_nrca4_cal.fits,SCIENCE,,CAL,,CALJWST,2.0.0,5893,jw05893008008_02101_00002_nrca4_cal.fits,117573120,264984831,PUBLIC,2,F200W
264936158,JWST,image,jw05893008008_02101_00002_nrca2,exposure (L2b): 2D calibrated exposure average over integrations,S,mast:JWST/product/jw05893008008_02101_00002_nrca2_cal.fits,SCIENCE,,CAL,,CALJWST,2.0.0,5893,jw05893008008_02101_00002_nrca2_cal.fits,117570240,264984831,PUBLIC,2,F200W
264936159,JWST,image,jw05893008008_02101_00002_nrcb2,exposure (L2b): 2D calibrated exposure average over integrations,S,mast:JWST/product/jw05893008008_02101_00002_nrcb2_cal.fits,SCIENCE,,CAL,,CALJWST,2.0.0,5893,jw05893008008_02101_00002_nrcb2_cal.fits,117573120,264984831,PUBLIC,2,F200W
264936966,JWST,image,jw05893008008_02101_00003_nrca1,exposure (L2b): 2D calibrated exposure average over integrations,S,mast:JWST/product/jw05893008008_02101_00003_nrca1_cal.fits,SCIENCE,,CAL,,CALJWST,2.0.0,5893,jw05893008008_02101_00003_nrca1_cal.fits,117570240,264984831,PUBLIC,2,F200W
264936967,JWST,image,jw05893008008_02101_00003_nrcb2,exposure (L2b): 2D calibrated exposure average over integrations,S,mast:JWST/product/jw05893008008_02101_00003_nrcb2_cal.fits,SCIENCE,,CAL,,CALJWST,2.0.0,5893,jw05893008008_02101_00003_nrcb2_cal.fits,117573120,264984831,PUBLIC,2,F200W
264936968,JWST,image,jw05893008008_02101_00003_nrcb1,exposure (L2b): 2D calibrated exposure average over integrations,S,mast:JWST/product/jw05893008008_02101_00003_nrcb1_cal.fits,SCIENCE,,CAL,,CALJWST,2.0.0,5893,jw05893008008_02101_00003_nrcb1_cal.fits,117573120,264984831,PUBLIC,2,F200W
264936969,JWST,image,jw05893008008_02101_00003_nrca3,exposure (L2b): 2D calibrated exposure average over integrations,S,mast:JWST/product/jw05893008008_02101_00003_nrca3_cal.fits,SCIENCE,,CAL,,CALJWST,2.0.0,5893,jw05893008008_02101_00003_nrca3_cal.fits,117573120,264984831,PUBLIC,2,F200W
264936970,JWST,image,jw05893008008_02101_00003_nrca4,exposure (L2b): 2D calibrated exposure average over integrations,S,mast:JWST/product/jw05893008008_02101_00003_nrca4_cal.fits,SCIENCE,,CAL,,CALJWST,2.0.0,5893,jw05893008008_02101_00003_nrca4_cal.fits,117573120,264984831,PUBLIC,2,F200W
264936971,JWST,image,jw05893008008_02101_00003_nrca2,exposure (L2b): 2D calibrated exposure average over integrations,S,mast:JWST/product/jw05893008008_02101_00003_nrca2_cal.fits,SCIENCE,,CAL,,CALJWST,2.0.0,5893,jw05893008008_02101_00003_nrca2_cal.fits,117570240,264984831,PUBLIC,2,F200W
264937035,JWST,image,jw05893008008_02101_00005_nrca3,exposure (L2b): 2D calibrated exposure average over integrations,S,mast:JWST/product/jw05893008008_02101_00005_nrca3_cal.fits,SCIENCE,,CAL,,CALJWST,2.0.0,5893,jw05893008008_02101_00005_nrca3_cal.fits,117573120,264984831,PUBLIC,2,F200W
264937036,JWST,image,jw05893008008_02101_00004_nrca4,exposure (L2b): 2D calibrated exposure average over integrations,S,mast:JWST/product/jw05893008008_02101_00004_nrca4_cal.fits,SCIENCE,,CAL,,CALJWST,2.0.0,5893,jw05893008008_02101_00004_nrca4_cal.fits,117573120,264984831,PUBLIC,2,F200W
264937037,JWST,image,jw05893008008_02101_00005_nrcb4,exposure (L2b): 2D calibrated exposure average over integrations,S,mast:JWST/product/jw05893008008_02101_00005_nrcb4_cal.fits,SCIENCE,,CAL,,CALJWST,2.0.0,5893,jw05893008008_02101_00005_nrcb4_cal.fits,117573120,264984831,PUBLIC,2,F200W
264937038,JWST,image,jw05893008008_02101_00006_nrca4,exposure (L2b): 2D calibrated exposure average over integrations,S,mast:JWST/product/jw05893008008_02101_00006_nrca4_cal.fits,SCIENCE,,CAL,,CALJWST,2.0.0,5893,jw05893008008_02101_00006_nrca4_cal.fits,117573120,264984831,PUBLIC,2,F200W
264937040,JWST,image,jw05893008008_02101_00004_nrcb4,exposure (L2b): 2D calibrated exposure average over integrations,S,mast:JWST/product/jw05893008008_02101_00004_nrcb4_cal.fits,SCIENCE,,CAL,,CALJWST,2.0.0,5893,jw05893008008_02101_00004_nrcb4_cal.fits,117573120,264984831,PUBLIC,2,F200W
264937041,JWST,image,jw05893008008_02101_00006_nrcb3,exposure (L2b): 2D calibrated exposure average over integrations,S,mast:JWST/product/jw05893008008_02101_00006_nrcb3_cal.fits,SCIENCE,,CAL,,CALJWST,2.0.0,5893,jw05893008008_02101_00006_nrcb3_cal.fits,117573120,264984831,PUBLIC,2,F200W
264937042,JWST,image,jw05893008008_02101_00006_nrca1,exposure (L2b): 2D calibrated exposure average over integrations,S,mast:JWST/product/jw05893008008_02101_00006_nrca1_cal.fits,SCIENCE,,CAL,,CALJWST,2.0.0,5893,jw05893008008_02101_00006_nrca1_cal.fits,117570240,264984831,PUBLIC,2,F200W
264937043,JWST,image,jw05893008008_02101_00005_nrca4,exposure (L2b): 2D calibrated exposure average over integrations,S,mast:JWST/product/jw05893008008_02101_00005_nrca4_cal.fits,SCIENCE,,CAL,,CALJWST,2.0.0,5893,jw05893008008_02101_00005_nrca4_cal.fits,117573120,264984831,PUBLIC,2,F200W
264937044,JWST,image,jw05893008008_02101_00004_nrcb1,exposure (L2b): 2D calibrated exposure average over integrations,S,mast:JWST/product/jw05893008008_02101_00004_nrcb1_cal.fits,SCIENCE,,CAL,,CALJWST,2.0.0,5893,jw05893008008_02101_00004_nrcb1_cal.fits,117573120,264984831,PUBLIC,2,F200W
264937046,JWST,image,jw05893008008_02101_00003_nrcb3,exposure (L2b): 2D calibrated exposure average over integrations,S,mast:JWST/product/jw05893008008_02101_00003_nrcb3_cal.fits,SCIENCE,,CAL,,CALJWST,2.0.0,5893,jw05893008008_02101_00003_nrcb3_cal.fits,117573120,264984831,PUBLIC,2,F200W
264937047,JWST,image,jw05893008008_02101_00006_nrcb4,exposure (L2b): 2D calibrated exposure average over integrations,S,mast:JWST/product/jw05893008008_02101_00006_nrcb4_cal.fits,SCIENCE,,CAL,,CALJWST,2.0.0,5893,jw05893008008_02101_00006_nrcb4_cal.fits,117573120,264984831,PUBLIC,2,F200W
264937048,JWST,image,jw05893008008_02101_00004_nrcb2,exposure (L2b): 2D calibrated exposure average over integrations,S,mast:JWST/product/jw05893008008_02101_00004_nrcb2_cal.fits,SCIENCE,,CAL,,CALJWST,2.0.0,5893,jw05893008008_02101_00004_nrcb2_cal.fits,117573120,264984831,PUBLIC,2,F200W
264937049,JWST,image,jw05893008008_02101_00006_nrcb1,exposure (L2b): 2D calibrated exposure average over integrations,S,mast:JWST/product/jw05893008008_02101_00006_nrcb1_cal.fits,SCIENCE,,CAL,,CALJWST,2.0.0,5893,jw05893008008_02101_00006_nrcb1_cal.fits,117573120,264984831,PUBLIC,2,F200W
264937050,JWST,image,jw05893008008_02101_00005_nrcb1,exposure (L2b): 2D calibrated exposure average over integrations,S,mast:JWST/product/jw05893008008_02101_00005_nrcb1_cal.fits,SCIENCE,,CAL,,CALJWST,2.0.0,5893,jw05893008008_02101_00005_nrcb1_cal.fits,117573120,264984831,PUBLIC,2,F200W
264937051,JWST,image,jw05893008008_02101_00004_nrca1,exposure (L2b): 2D calibrated exposure average over integrations,S,mast:JWST/product/jw05893008008_02101_00004_nrca1_cal.fits,SCIENCE,,CAL,,CALJWST,2.0.0,5893,jw05893008008_02101_00004_nrca1_cal.fits,117570240,264984831,PUBLIC,2,F200W
264937053,JWST,image,jw05893008008_02101_00004_nrca3,exposure (L2b): 2D calibrated exposure average over integrations,S,mast:JWST/product/jw05893008008_02101_00004_nrca3_cal.fits,SCIENCE,,CAL,,CALJWST,2.0.0,5893,jw05893008008_02101_00004_nrca3_cal.fits,117573120,264984831,PUBLIC,2,F200W
264937054,JWST,image,jw05893008008_02101_00006_nrca2,exposure (L2b): 2D calibrated exposure average over integrations,S,mast:JWST/product/jw05893008008_02101_00006_nrca2_cal.fits,SCIENCE,,CAL,,CALJWST,2.0.0,5893,jw05893008008_02101_00006_nrca2_cal.fits,117570240,264984831,PUBLIC,2,F200W
264937055,JWST,image,jw05893008008_02101_00003_nrcb4,exposure (L2b): 2D calibrated exposure average over integrations,S,mast:JWST/product/jw05893008008_02101_00003_nrcb4_cal.fits,SCIENCE,,CAL,,CALJWST,2.0.0,5893,jw05893008008_02101_00003_nrcb4_cal.fits,117573120,264984831,PUBLIC,2,F200W
264937056,JWST,image,jw05893008008_02101_00005_nrcb3,exposure (L2b): 2D calibrated exposure average over integrations,S,mast:JWST/product/jw05893008008_02101_00005_nrcb3_cal.fits,SCIENCE,,CAL,,CALJWST,2.0.0,5893,jw05893008008_02101_00005_nrcb3_cal.fits,117573120,264984831,PUBLIC,2,F200W
264937058,JWST,image,jw05893008008_02101_00005_nrca1,exposure (L2b): 2D calibrated exposure average over integrations,S,mast:JWST/product/jw05893008008_02101_00005_nrca1_cal.fits,SCIENCE,,CAL,,CALJWST,2.0.0,5893,jw05893008008_02101_00005_nrca1_cal.fits,117570240,264984831,PUBLIC,2,F200W
264937059,JWST,image,jw05893008008_02101_00006_nrca3,exposure (L2b): 2D calibrated exposure average over integrations,S,mast:JWST/product/jw05893008008_02101_00006_nrca3_cal.fits,SCIENCE,,CAL,,CALJWST,2.0.0,5893,jw05893008008_02101_00006_nrca3_cal.fits,117573120,264984831,PUBLIC,2,F200W
264937060,JWST,image,jw05893008008_02101_00004_nrca2,exposure (L2b): 2D calibrated exposure average over integrations,S,mast:JWST/product/jw05893008008_02101_00004_nrca2_cal.fits,SCIENCE,,CAL,,CALJWST,2.0.0,5893,jw05893008008_02101_00004_nrca2_cal.fits,117570240,264984831,PUBLIC,2,F200W
264937061,JWST,image,jw05893008008_02101_00006_nrcb2,exposure (L2b): 2D calibrated exposure average over integrations,S,mast:JWST/product/jw05893008008_02101_00006_nrcb2_cal.fits,SCIENCE,,CAL,,CALJWST,2.0.0,5893,jw05893008008_02101_00006_nrcb2_cal.fits,117573120,264984831,PUBLIC,2,F200W
264937062,JWST,image,jw05893008008_02101_00005_nrcb2,exposure (L2b): 2D calibrated exposure average over integrations,S,mast:JWST/product/jw05893008008_02101_00005_nrcb2_cal.fits,SCIENCE,,CAL,,CALJWST,2.0.0,5893,jw05893008008_02101_00005_nrcb2_cal.fits,117573120,264984831,PUBLIC,2,F200W
264937063,JWST,image,jw05893008008_02101_00005_nrca2,exposure (L2b): 2D calibrated exposure average over integrations,S,mast:JWST/product/jw05893008008_02101_00005_nrca2_cal.fits,SCIENCE,,CAL,,CALJWST,2.0.0,5893,jw05893008008_02101_00005_nrca2_cal.fits,117570240,264984831,PUBLIC,2,F200W
264937071,JWST,image,jw05893008008_02101_00004_nrcb3,exposure (L2b): 2D calibrated exposure average over integrations,S,mast:JWST/product/jw05893008008_02101_00004_nrcb3_cal.fits,SCIENCE,,CAL,,CALJWST,2.0.0,5893,jw05893008008_02101_00004_nrcb3_cal.fits,117573120,264984831,PUBLIC,2,F200W
264937938,JWST,image,jw05893008002_02101_00001_nrcb3,exposure (L2b): 2D calibrated exposure average over integrations,S,mast:JWST/product/jw05893008002_02101_00001_nrcb3_cal.fits,SCIENCE,,CAL,,CALJWST,2.0.0,5893,jw05893008002_02101_00001_nrcb3_cal.fits,117573120,264984831,PUBLIC,2,F200W
264937939,JWST,image,jw05893008002_02101_00001_nrcb1,exposure (L2b): 2D calibrated exposure average over integrations,S,mast:JWST/product/jw05893008002_02101_00001_nrcb1_cal.fits,SCIENCE,,CAL,,CALJWST,2.0.0,5893,jw05893008002_02101_00001_nrcb1_cal.fits,117573120,264984831,PUBLIC,2,F200W
264937940,JWST,image,jw05893008002_02101_00001_nrca2,exposure (L2b): 2D calibrated exposure average over integrations,S,mast:JWST/product/jw05893008002_02101_00001_nrca2_cal.fits,SCIENCE,,CAL,,CALJWST,2.0.0,5893,jw05893008002_02101_00001_nrca2_cal.fits,117570240,264984831,PUBLIC,2,F200W
264937941,JWST,image,jw05893008002_02101_00001_nrcb2,exposure (L2b): 2D calibrated exposure average over integrations,S,mast:JWST/product/jw05893008002_02101_00001_nrcb2_cal.fits,SCIENCE,,CAL,,CALJWST,2.0.0,5893,jw05893008002_02101_00001_nrcb2_cal.fits,117573120,264984831,PUBLIC,2,F200W
264937944,JWST,image,jw05893008002_02101_00001_nrcb4,exposure (L2b): 2D calibrated exposure average over integrations,S,mast:JWST/product/jw05893008002_02101_00001_nrcb4_cal.fits,SCIENCE,,CAL,,CALJWST,2.0.0,5893,jw05893008002_02101_00001_nrcb4_cal.fits,117573120,264984831,PUBLIC,2,F200W
264937986,JWST,image,jw05893008002_02101_00002_nrca1,exposure (L2b): 2D calibrated exposure average over integrations,S,mast:JWST/product/jw05893008002_02101_00002_nrca1_cal.fits,SCIENCE,,CAL,,CALJWST,2.0.0,5893,jw05893008002_02101_00002_nrca1_cal.fits,117570240,264984831,PUBLIC,2,F200W
264937987,JWST,image,jw05893008002_02101_00003_nrca4,exposure (L2b): 2D calibrated exposure average over integrations,S,mast:JWST/product/jw05893008002_02101_00003_nrca4_cal.fits,SCIENCE,,CAL,,CALJWST,2.0.0,5893,jw05893008002_02101_00003_nrca4_cal.fits,117573120,264984831,PUBLIC,2,F200W
264937988,JWST,image,jw05893008002_02101_00003_nrca2,exposure (L2b): 2D calibrated exposure average over integrations,S,mast:JWST/product/jw05893008002_02101_00003_nrca2_cal.fits,SCIENCE,,CAL,,CALJWST,2.0.0,5893,jw05893008002_02101_00003_nrca2_cal.fits,117570240,264984831,PUBLIC,2,F200W
264937989,JWST,image,jw05893008002_02101_00001_nrca1,exposure (L2b): 2D calibrated exposure average over integrations,S,mast:JWST/product/jw05893008002_02101_00001_nrca1_cal.fits,SCIENCE,,CAL,,CALJWST,2.0.0,5893,jw05893008002_02101_00001_nrca1_cal.fits,117570240,264984831,PUBLIC,2,F200W
264937990,JWST,image,jw05893008002_02101_00002_nrcb3,exposure (L2b): 2D calibrated exposure average over integrations,S,mast:JWST/product/jw05893008002_02101_00002_nrcb3_cal.fits,SCIENCE,,CAL,,CALJWST,2.0.0,5893,jw05893008002_02101_00002_nrcb3_cal.fits,117573120,264984831,PUBLIC,2,F200W
264937991,JWST,image,jw05893008002_02101_00004_nrcb4,exposure (L2b): 2D calibrated exposure average over integrations,S,mast:JWST/product/jw05893008002_02101_00004_nrcb4_cal.fits,SCIENCE,,CAL,,CALJWST,2.0.0,5893,jw05893008002_02101_00004_nrcb4_cal.fits,117573120,264984831,PUBLIC,2,F200W
264937993,JWST,image,jw05893008002_02101_00001_nrca4,exposure (L2b): 2D calibrated exposure average over integrations,S,mast:JWST/product/jw05893008002_02101_00001_nrca4_cal.fits,SCIENCE,,CAL,,CALJWST,2.0.0,5893,jw05893008002_02101_00001_nrca4_cal.fits,117573120,264984831,PUBLIC,2,F200W
264937994,JWST,image,jw05893008002_02101_00003_nrca1,exposure (L2b): 2D calibrated exposure average over integrations,S,mast:JWST/product/jw05893008002_02101_00003_nrca1_cal.fits,SCIENCE,,CAL,,CALJWST,2.0.0,5893,jw05893008002_02101_00003_nrca1_cal.fits,117570240,264984831,PUBLIC,2,F200W
264937996,JWST,image,jw05893008002_02101_00004_nrca4,exposure (L2b): 2D calibrated exposure average over integrations,S,mast:JWST/product/jw05893008002_02101_00004_nrca4_cal.fits,SCIENCE,,CAL,,CALJWST,2.0.0,5893,jw05893008002_02101_00004_nrca4_cal.fits,117573120,264984831,PUBLIC,2,F200W
264937997,JWST,image,jw05893008002_02101_00002_nrca4,exposure (L2b): 2D calibrated exposure average over integrations,S,mast:JWST/product/jw05893008002_02101_00002_nrca4_cal.fits,SCIENCE,,CAL,,CALJWST,2.0.0,5893,jw05893008002_02101_00002_nrca4_cal.fits,117573120,264984831,PUBLIC,2,F200W
264937998,JWST,image,jw05893008002_02101_00004_nrcb1,exposure (L2b): 2D calibrated exposure average over integrations,S,mast:JWST/product/jw05893008002_02101_00004_nrcb1_cal.fits,SCIENCE,,CAL,,CALJWST,2.0.0,5893,jw05893008002_02101_00004_nrcb1_cal.fits,117573120,264984831,PUBLIC,2,F200W
264937999,JWST,image,jw05893008002_02101_00001_nrca3,exposure (L2b): 2D calibrated exposure average over integrations,S,mast:JWST/product/jw05893008002_02101_00001_nrca3_cal.fits,SCIENCE,,CAL,,CALJWST,2.0.0,5893,jw05893008002_02101_00001_nrca3_cal.fits,117573120,264984831,PUBLIC,2,F200W
264938000,JWST,image,jw05893008002_02101_00004_nrcb2,exposure (L2b): 2D calibrated exposure average over integrations,S,mast:JWST/product/jw05893008002_02101_00004_nrcb2_cal.fits,SCIENCE,,CAL,,CALJWST,2.0.0,5893,jw05893008002_02101_00004_nrcb2_cal.fits,117573120,264984831,PUBLIC,2,F200W
264938001,JWST,image,jw05893008002_02101_00002_nrca2,exposure (L2b): 2D calibrated exposure average over integrations,S,mast:JWST/product/jw05893008002_02101_00002_nrca2_cal.fits,SCIENCE,,CAL,,CALJWST,2.0.0,5893,jw05893008002_02101_00002_nrca2_cal.fits,117570240,264984831,PUBLIC,2,F200W
264938002,JWST,image,jw05893008002_02101_00002_nrca3,exposure (L2b): 2D calibrated exposure average over integrations,S,mast:JWST/product/jw05893008002_02101_00002_nrca3_cal.fits,SCIENCE,,CAL,,CALJWST,2.0.0,5893,jw05893008002_02101_00002_nrca3_cal.fits,117573120,264984831,PUBLIC,2,F200W
264938003,JWST,image,jw05893008002_02101_00003_nrcb3,exposure (L2b): 2D calibrated exposure average over integrations,S,mast:JWST/product/jw05893008002_02101_00003_nrcb3_cal.fits,SCIENCE,,CAL,,CALJWST,2.0.0,5893,jw05893008002_02101_00003_nrcb3_cal.fits,117573120,264984831,PUBLIC,2,F200W
264938004,JWST,image,jw05893008002_02101_00003_nrcb2,exposure (L2b): 2D calibrated exposure average over integrations,S,mast:JWST/product/jw05893008002_02101_00003_nrcb2_cal.fits,SCIENCE,,CAL,,CALJWST,2.0.0,5893,jw05893008002_02101_00003_nrcb2_cal.fits,117573120,264984831,PUBLIC,2,F200W
264938005,JWST,image,jw05893008002_02101_00003_nrcb1,exposure (L2b): 2D calibrated exposure average over integrations,S,mast:JWST/product/jw05893008002_02101_00003_nrcb1_cal.fits,SCIENCE,,CAL,,CALJWST,2.0.0,5893,jw05893008002_02101_00003_nrcb1_cal.fits,117573120,264984831,PUBLIC,2,F200W
264938008,JWST,image,jw05893008002_02101_00004_nrcb3,exposure (L2b): 2D calibrated exposure average over integrations,S,mast:JWST/product/jw05893008002_02101_00004_nrcb3_cal.fits,SCIENCE,,CAL,,CALJWST,2.0.0,5893,jw05893008002_02101_00004_nrcb3_cal.fits,117573120,264984831,PUBLIC,2,F200W
264938009,JWST,image,jw05893008002_02101_00004_nrca2,exposure (L2b): 2D calibrated exposure average over integrations,S,mast:JWST/product/jw05893008002_02101_00004_nrca2_cal.fits,SCIENCE,,CAL,,CALJWST,2.0.0,5893,jw05893008002_02101_00004_nrca2_cal.fits,117570240,264984831,PUBLIC,2,F200W
264938010,JWST,image,jw05893008002_02101_00004_nrca3,exposure (L2b): 2D calibrated exposure average over integrations,S,mast:JWST/product/jw05893008002_02101_00004_nrca3_cal.fits,SCIENCE,,CAL,,CALJWST,2.0.0,5893,jw05893008002_02101_00004_nrca3_cal.fits,117573120,264984831,PUBLIC,2,F200W
264938011,JWST,image,jw05893008002_02101_00003_nrcb4,exposure (L2b): 2D calibrated exposure average over integrations,S,mast:JWST/product/jw05893008002_02101_00003_nrcb4_cal.fits,SCIENCE,,CAL,,CALJWST,2.0.0,5893,jw05893008002_02101_00003_nrcb4_cal.fits,117573120,264984831,PUBLIC,2,F200W
264938012,JWST,image,jw05893008002_02101_00002_nrcb1,exposure (L2b): 2D calibrated exposure average over integrations,S,mast:JWST/product/jw05893008002_02101_00002_nrcb1_cal.fits,SCIENCE,,CAL,,CALJWST,2.0.0,5893,jw05893008002_02101_00002_nrcb1_cal.fits,117573120,264984831,PUBLIC,2,F200W
264938013,JWST,image,jw05893008002_02101_00002_nrcb4,exposure (L2b): 2D calibrated exposure average over integrations,S,mast:JWST/product/jw05893008002_02101_00002_nrcb4_cal.fits,SCIENCE,,CAL,,CALJWST,2.0.0,5893,jw05893008002_02101_00002_nrcb4_cal.fits,117573120,264984831,PUBLIC,2,F200W
264938014,JWST,image,jw05893008002_02101_00003_nrca3,exposure (L2b): 2D calibrated exposure average over integrations,S,mast:JWST/product/jw05893008002_02101_00003_nrca3_cal.fits,SCIENCE,,CAL,,CALJWST,2.0.0,5893,jw05893008002_02101_00003_nrca3_cal.fits,117573120,264984831,PUBLIC,2,F200W
264938016,JWST,image,jw05893008002_02101_00004_nrca1,exposure (L2b): 2D calibrated exposure average over integrations,S,mast:JWST/product/jw05893008002_02101_00004_nrca1_cal.fits,SCIENCE,,CAL,,CALJWST,2.0.0,5893,jw05893008002_02101_00004_nrca1_cal.fits,117570240,264984831,PUBLIC,2,F200W
264938019,JWST,image,jw05893008002_02101_00002_nrcb2,exposure (L2b): 2D calibrated exposure average over integrations,S,mast:JWST/product/jw05893008002_02101_00002_nrcb2_cal.fits,SCIENCE,,CAL,,CALJWST,2.0.0,5893,jw05893008002_02101_00002_nrcb2_cal.fits,117573120,264984831,PUBLIC,2,F200W
264938021,JWST,image,jw05893008002_02101_00005_nrcb2,exposure (L2b): 2D calibrated exposure average over integrations,S,mast:JWST/product/jw05893008002_02101_00005_nrcb2_cal.fits,SCIENCE,,CAL,,CALJWST,2.0.0,5893,jw05893008002_02101_00005_nrcb2_cal.fits,117573120,264984831,PUBLIC,2,F200W
264938022,JWST,image,jw05893008002_02101_00005_nrcb1,exposure (L2b): 2D calibrated exposure average over integrations,S,mast:JWST/product/jw05893008002_02101_00005_nrcb1_cal.fits,SCIENCE,,CAL,,CALJWST,2.0.0,5893,jw05893008002_02101_00005_nrcb1_cal.fits,117573120,264984831,PUBLIC,2,F200W
264938023,JWST,image,jw05893008002_02101_00005_nrcb3,exposure (L2b): 2D calibrated exposure average over integrations,S,mast:JWST/product/jw05893008002_02101_00005_nrcb3_cal.fits,SCIENCE,,CAL,,CALJWST,2.0.0,5893,jw05893008002_02101_00005_nrcb3_cal.fits,117573120,264984831,PUBLIC,2,F200W
264938040,JWST,image,jw05893008002_02101_00005_nrca1,exposure (L2b): 2D calibrated exposure average over integrations,S,mast:JWST/product/jw05893008002_02101_00005_nrca1_cal.fits,SCIENCE,,CAL,,CALJWST,2.0.0,5893,jw05893008002_02101_00005_nrca1_cal.fits,117570240,264984831,PUBLIC,2,F200W
264938055,JWST,image,jw05893008002_02101_00005_nrcb4,exposure (L2b): 2D calibrated exposure average over integrations,S,mast:JWST/product/jw05893008002_02101_00005_nrcb4_cal.fits,SCIENCE,,CAL,,CALJWST,2.0.0,5893,jw05893008002_02101_00005_nrcb4_cal.fits,117573120,264984831,PUBLIC,2,F200W
264938058,JWST,image,jw05893008002_02101_00005_nrca4,exposure (L2b): 2D calibrated exposure average over integrations,S,mast:JWST/product/jw05893008002_02101_00005_nrca4_cal.fits,SCIENCE,,CAL,,CALJWST,2.0.0,5893,jw05893008002_02101_00005_nrca4_cal.fits,117573120,264984831,PUBLIC,2,F200W
264938073,JWST,image,jw05893008002_02101_00005_nrca3,exposure (L2b): 2D calibrated exposure average over integrations,S,mast:JWST/product/jw05893008002_02101_00005_nrca3_cal.fits,SCIENCE,,CAL,,CALJWST,2.0.0,5893,jw05893008002_02101_00005_nrca3_cal.fits,117573120,264984831,PUBLIC,2,F200W
264938102,JWST,image,jw05893008002_02101_00005_nrca2,exposure (L2b): 2D calibrated exposure average over integrations,S,mast:JWST/product/jw05893008002_02101_00005_nrca2_cal.fits,SCIENCE,,CAL,,CALJWST,2.0.0,5893,jw05893008002_02101_00005_nrca2_cal.fits,117570240,264984831,PUBLIC,2,F200W
264938151,JWST,image,jw05893008002_02101_00006_nrca2,exposure (L2b): 2D calibrated exposure average over integrations,S,mast:JWST/product/jw05893008002_02101_00006_nrca2_cal.fits,SCIENCE,,CAL,,CALJWST,2.0.0,5893,jw05893008002_02101_00006_nrca2_cal.fits,117570240,264984831,PUBLIC,2,F200W
264938203,JWST,image,jw05893008002_02101_00006_nrca3,exposure (L2b): 2D calibrated exposure average over integrations,S,mast:JWST/product/jw05893008002_02101_00006_nrca3_cal.fits,SCIENCE,,CAL,,CALJWST,2.0.0,5893,jw05893008002_02101_00006_nrca3_cal.fits,117573120,264984831,PUBLIC,2,F200W
264938215,JWST,image,jw05893008002_02101_00006_nrca4,exposure (L2b): 2D calibrated exposure average over integrations,S,mast:JWST/product/jw05893008002_02101_00006_nrca4_cal.fits,SCIENCE,,CAL,,CALJWST,2.0.0,5893,jw05893008002_02101_00006_nrca4_cal.fits,117573120,264984831,PUBLIC,2,F200W
264938233,JWST,image,jw05893008002_02101_00006_nrca1,exposure (L2b): 2D calibrated exposure average over integrations,S,mast:JWST/product/jw05893008002_02101_00006_nrca1_cal.fits,SCIENCE,,CAL,,CALJWST,2.0.0,5893,jw05893008002_02101_00006_nrca1_cal.fits,117570240,264984831,PUBLIC,2,F200W
264938251,JWST,image,jw05893008002_02101_00006_nrcb1,exposure (L2b): 2D calibrated exposure average over integrations,S,mast:JWST/product/jw05893008002_02101_00006_nrcb1_cal.fits,SCIENCE,,CAL,,CALJWST,2.0.0,5893,jw05893008002_02101_00006_nrcb1_cal.fits,117573120,264984831,PUBLIC,2,F200W
264938271,JWST,image,jw05893008002_02101_00006_nrcb3,exposure (L2b): 2D calibrated exposure average over integrations,S,mast:JWST/product/jw05893008002_02101_00006_nrcb3_cal.fits,SCIENCE,,CAL,,CALJWST,2.0.0,5893,jw05893008002_02101_00006_nrcb3_cal.fits,117573120,264984831,PUBLIC,2,F200W
264938273,JWST,image,jw05893008002_02101_00006_nrcb4,exposure (L2b): 2D calibrated exposure average over integrations,S,mast:JWST/product/jw05893008002_02101_00006_nrcb4_cal.fits,SCIENCE,,CAL,,CALJWST,2.0.0,5893,jw05893008002_02101_00006_nrcb4_cal.fits,117573120,264984831,PUBLIC,2,F200W
264938274,JWST,image,jw05893008002_02101_00006_nrcb2,exposure (L2b): 2D calibrated exposure average over integrations,S,mast:JWST/product/jw05893008002_02101_00006_nrcb2_cal.fits,SCIENCE,,CAL,,CALJWST,2.0.0,5893,jw05893008002_02101_00006_nrcb2_cal.fits,117573120,264984831,PUBLIC,2,F200W
264938696,JWST,image,jw05893008006_02101_00001_nrca4,exposure (L2b): 2D calibrated exposure average over integrations,S,mast:JWST/product/jw05893008006_02101_00001_nrca4_cal.fits,SCIENCE,,CAL,,CALJWST,2.0.0,5893,jw05893008006_02101_00001_nrca4_cal.fits,117573120,264984831,PUBLIC,2,F200W
264938697,JWST,image,jw05893008006_02101_00001_nrca1,exposure (L2b): 2D calibrated exposure average over integrations,S,mast:JWST/product/jw05893008006_02101_00001_nrca1_cal.fits,SCIENCE,,CAL,,CALJWST,2.0.0,5893,jw05893008006_02101_00001_nrca1_cal.fits,117570240,264984831,PUBLIC,2,F200W
264938698,JWST,image,jw05893008006_02101_00001_nrcb3,exposure (L2b): 2D calibrated exposure average over integrations,S,mast:JWST/product/jw05893008006_02101_00001_nrcb3_cal.fits,SCIENCE,,CAL,,CALJWST,2.0.0,5893,jw05893008006_02101_00001_nrcb3_cal.fits,117573120,264984831,PUBLIC,2,F200W
264938699,JWST,image,jw05893008006_02101_00001_nrca3,exposure (L2b): 2D calibrated exposure average over integrations,S,mast:JWST/product/jw05893008006_02101_00001_nrca3_cal.fits,SCIENCE,,CAL,,CALJWST,2.0.0,5893,jw05893008006_02101_00001_nrca3_cal.fits,117573120,264984831,PUBLIC,2,F200W
264939035,JWST,image,jw05893008006_02101_00004_nrca1,exposure (L2b): 2D calibrated exposure average over integrations,S,mast:JWST/product/jw05893008006_02101_00004_nrca1_cal.fits,SCIENCE,,CAL,,CALJWST,2.0.0,5893,jw05893008006_02101_00004_nrca1_cal.fits,117570240,264984831,PUBLIC,2,F200W
264939036,JWST,image,jw05893008006_02101_00002_nrca1,exposure (L2b): 2D calibrated exposure average over integrations,S,mast:JWST/product/jw05893008006_02101_00002_nrca1_cal.fits,SCIENCE,,CAL,,CALJWST,2.0.0,5893,jw05893008006_02101_00002_nrca1_cal.fits,117570240,264984831,PUBLIC,2,F200W
264939037,JWST,image,jw05893008006_02101_00002_nrcb1,exposure (L2b): 2D calibrated exposure average over integrations,S,mast:JWST/product/jw05893008006_02101_00002_nrcb1_cal.fits,SCIENCE,,CAL,,CALJWST,2.0.0,5893,jw05893008006_02101_00002_nrcb1_cal.fits,117573120,264984831,PUBLIC,2,F200W
264939039,JWST,image,jw05893008006_02101_00003_nrca3,exposure (L2b): 2D calibrated exposure average over integrations,S,mast:JWST/product/jw05893008006_02101_00003_nrca3_cal.fits,SCIENCE,,CAL,,CALJWST,2.0.0,5893,jw05893008006_02101_00003_nrca3_cal.fits,117573120,264984831,PUBLIC,2,F200W
264939040,JWST,image,jw05893008006_02101_00002_nrca2,exposure (L2b): 2D calibrated exposure average over integrations,S,mast:JWST/product/jw05893008006_02101_00002_nrca2_cal.fits,SCIENCE,,CAL,,CALJWST,2.0.0,5893,jw05893008006_02101_00002_nrca2_cal.fits,117570240,264984831,PUBLIC,2,F200W
264939047,JWST,image,jw05893008006_02101_00003_nrcb1,exposure (L2b): 2D calibrated exposure average over integrations,S,mast:JWST/product/jw05893008006_02101_00003_nrcb1_cal.fits,SCIENCE,,CAL,,CALJWST,2.0.0,5893,jw05893008006_02101_00003_nrcb1_cal.fits,117573120,264984831,PUBLIC,2,F200W
264939049,JWST,image,jw05893008006_02101_00004_nrcb1,exposure (L2b): 2D calibrated exposure average over integrations,S,mast:JWST/product/jw05893008006_02101_00004_nrcb1_cal.fits,SCIENCE,,CAL,,CALJWST,2.0.0,5893,jw05893008006_02101_00004_nrcb1_cal.fits,117573120,264984831,PUBLIC,2,F200W
264939051,JWST,image,jw05893008006_02101_00001_nrcb2,exposure (L2b): 2D calibrated exposure average over integrations,S,mast:JWST/product/jw05893008006_02101_00001_nrcb2_cal.fits,SCIENCE,,CAL,,CALJWST,2.0.0,5893,jw05893008006_02101_00001_nrcb2_cal.fits,117573120,264984831,PUBLIC,2,F200W
264939052,JWST,image,jw05893008006_02101_00004_nrcb4,exposure (L2b): 2D calibrated exposure average over integrations,S,mast:JWST/product/jw05893008006_02101_00004_nrcb4_cal.fits,SCIENCE,,CAL,,CALJWST,2.0.0,5893,jw05893008006_02101_00004_nrcb4_cal.fits,117573120,264984831,PUBLIC,2,F200W
264939053,JWST,image,jw05893008006_02101_00003_nrca2,exposure (L2b): 2D calibrated exposure average over integrations,S,mast:JWST/product/jw05893008006_02101_00003_nrca2_cal.fits,SCIENCE,,CAL,,CALJWST,2.0.0,5893,jw05893008006_02101_00003_nrca2_cal.fits,117570240,264984831,PUBLIC,2,F200W
264939054,JWST,image,jw05893008006_02101_00002_nrca3,exposure (L2b): 2D calibrated exposure average over integrations,S,mast:JWST/product/jw05893008006_02101_00002_nrca3_cal.fits,SCIENCE,,CAL,,CALJWST,2.0.0,5893,jw05893008006_02101_00002_nrca3_cal.fits,117573120,264984831,PUBLIC,2,F200W
264939056,JWST,image,jw05893008006_02101_00001_nrca2,exposure (L2b): 2D calibrated exposure average over integrations,S,mast:JWST/product/jw05893008006_02101_00001_nrca2_cal.fits,SCIENCE,,CAL,,CALJWST,2.0.0,5893,jw05893008006_02101_00001_nrca2_cal.fits,117570240,264984831,PUBLIC,2,F200W
264939057,JWST,image,jw05893008006_02101_00004_nrca4,exposure (L2b): 2D calibrated exposure average over integrations,S,mast:JWST/product/jw05893008006_02101_00004_nrca4_cal.fits,SCIENCE,,CAL,,CALJWST,2.0.0,5893,jw05893008006_02101_00004_nrca4_cal.fits,117573120,264984831,PUBLIC,2,F200W
264939058,JWST,image,jw05893008006_02101_00002_nrca4,exposure (L2b): 2D calibrated exposure average over integrations,S,mast:JWST/product/jw05893008006_02101_00002_nrca4_cal.fits,SCIENCE,,CAL,,CALJWST,2.0.0,5893,jw05893008006_02101_00002_nrca4_cal.fits,117573120,264984831,PUBLIC,2,F200W
264939059,JWST,image,jw05893008006_02101_00002_nrcb3,exposure (L2b): 2D calibrated exposure average over integrations,S,mast:JWST/product/jw05893008006_02101_00002_nrcb3_cal.fits,SCIENCE,,CAL,,CALJWST,2.0.0,5893,jw05893008006_02101_00002_nrcb3_cal.fits,117573120,264984831,PUBLIC,2,F200W
264939060,JWST,image,jw05893008006_02101_00004_nrcb3,exposure (L2b): 2D calibrated exposure average over integrations,S,mast:JWST/product/jw05893008006_02101_00004_nrcb3_cal.fits,SCIENCE,,CAL,,CALJWST,2.0.0,5893,jw05893008006_02101_00004_nrcb3_cal.fits,117573120,264984831,PUBLIC,2,F200W
264939061,JWST,image,jw05893008006_02101_00003_nrca4,exposure (L2b): 2D calibrated exposure average over integrations,S,mast:JWST/product/jw05893008006_02101_00003_nrca4_cal.fits,SCIENCE,,CAL,,CALJWST,2.0.0,5893,jw05893008006_02101_00003_nrca4_cal.fits,117573120,264984831,PUBLIC,2,F200W
264939065,JWST,image,jw05893008006_02101_00003_nrcb2,exposure (L2b): 2D calibrated exposure average over integrations,S,mast:JWST/product/jw05893008006_02101_00003_nrcb2_cal.fits,SCIENCE,,CAL,,CALJWST,2.0.0,5893,jw05893008006_02101_00003_nrcb2_cal.fits,117573120,264984831,PUBLIC,2,F200W
264939066,JWST,image,jw05893008006_02101_00003_nrcb3,exposure (L2b): 2D calibrated exposure average over integrations,S,mast:JWST/product/jw05893008006_02101_00003_nrcb3_cal.fits,SCIENCE,,CAL,,CALJWST,2.0.0,5893,jw05893008006_02101_00003_nrcb3_cal.fits,117573120,264984831,PUBLIC,2,F200W
264939067,JWST,image,jw05893008006_02101_00002_nrcb4,exposure (L2b): 2D calibrated exposure average over integrations,S,mast:JWST/product/jw05893008006_02101_00002_nrcb4_cal.fits,SCIENCE,,CAL,,CALJWST,2.0.0,5893,jw05893008006_02101_00002_nrcb4_cal.fits,117573120,264984831,PUBLIC,2,F200W
264939068,JWST,image,jw05893008006_02101_00002_nrcb2,exposure (L2b): 2D calibrated exposure average over integrations,S,mast:JWST/product/jw05893008006_02101_00002_nrcb2_cal.fits,SCIENCE,,CAL,,CALJWST,2.0.0,5893,jw05893008006_02101_00002_nrcb2_cal.fits,117573120,264984831,PUBLIC,2,F200W
264939070,JWST,image,jw05893008006_02101_00003_nrcb4,exposure (L2b): 2D calibrated exposure average over integrations,S,mast:JWST/product/jw05893008006_02101_00003_nrcb4_cal.fits,SCIENCE,,CAL,,CALJWST,2.0.0,5893,jw05893008006_02101_00003_nrcb4_cal.fits,117573120,264984831,PUBLIC,2,F200W
264939072,JWST,image,jw05893008006_02101_00004_nrca2,exposure (L2b): 2D calibrated exposure average over integrations,S,mast:JWST/product/jw05893008006_02101_00004_nrca2_cal.fits,SCIENCE,,CAL,,CALJWST,2.0.0,5893,jw05893008006_02101_00004_nrca2_cal.fits,117570240,264984831,PUBLIC,2,F200W
264939073,JWST,image,jw05893008006_02101_00001_nrcb1,exposure (L2b): 2D calibrated exposure average over integrations,S,mast:JWST/product/jw05893008006_02101_00001_nrcb1_cal.fits,SCIENCE,,CAL,,CALJWST,2.0.0,5893,jw05893008006_02101_00001_nrcb1_cal.fits,117573120,264984831,PUBLIC,2,F200W
264939076,JWST,image,jw05893008006_02101_00001_nrcb4,exposure (L2b): 2D calibrated exposure average over integrations,S,mast:JWST/product/jw05893008006_02101_00001_nrcb4_cal.fits,SCIENCE,,CAL,,CALJWST,2.0.0,5893,jw05893008006_02101_00001_nrcb4_cal.fits,117573120,264984831,PUBLIC,2,F200W
264939077,JWST,image,jw05893008006_02101_00004_nrca3,exposure (L2b): 2D calibrated exposure average over integrations,S,mast:JWST/product/jw05893008006_02101_00004_nrca3_cal.fits,SCIENCE,,CAL,,CALJWST,2.0.0,5893,jw05893008006_02101_00004_nrca3_cal.fits,117573120,264984831,PUBLIC,2,F200W
264939079,JWST,image,jw05893008006_02101_00003_nrca1,exposure (L2b): 2D calibrated exposure average over integrations,S,mast:JWST/product/jw05893008006_02101_00003_nrca1_cal.fits,SCIENCE,,CAL,,CALJWST,2.0.0,5893,jw05893008006_02101_00003_nrca1_cal.fits,117570240,264984831,PUBLIC,2,F200W
264939245,JWST,image,jw05893008006_02101_00005_nrcb4,exposure (L2b): 2D calibrated exposure average over integrations,S,mast:JWST/product/jw05893008006_02101_00005_nrcb4_cal.fits,SCIENCE,,CAL,,CALJWST,2.0.0,5893,jw05893008006_02101_00005_nrcb4_cal.fits,117573120,264984831,PUBLIC,2,F200W
264939246,JWST,image,jw05893008006_02101_00005_nrca2,exposure (L2b): 2D calibrated exposure average over integrations,S,mast:JWST/product/jw05893008006_02101_00005_nrca2_cal.fits,SCIENCE,,CAL,,CALJWST,2.0.0,5893,jw05893008006_02101_00005_nrca2_cal.fits,117570240,264984831,PUBLIC,2,F200W
264939248,JWST,image,jw05893008006_02101_00005_nrcb3,exposure (L2b): 2D calibrated exposure average over integrations,S,mast:JWST/product/jw05893008006_02101_00005_nrcb3_cal.fits,SCIENCE,,CAL,,CALJWST,2.0.0,5893,jw05893008006_02101_00005_nrcb3_cal.fits,117573120,264984831,PUBLIC,2,F200W
264939251,JWST,image,jw05893008006_02101_00006_nrca3,exposure (L2b): 2D calibrated exposure average over integrations,S,mast:JWST/product/jw05893008006_02101_00006_nrca3_cal.fits,SCIENCE,,CAL,,CALJWST,2.0.0,5893,jw05893008006_02101_00006_nrca3_cal.fits,117573120,264984831,PUBLIC,2,F200W
264939252,JWST,image,jw05893008006_02101_00006_nrcb3,exposure (L2b): 2D calibrated exposure average over integrations,S,mast:JWST/product/jw05893008006_02101_00006_nrcb3_cal.fits,SCIENCE,,CAL,,CALJWST,2.0.0,5893,jw05893008006_02101_00006_nrcb3_cal.fits,117573120,264984831,PUBLIC,2,F200W
264939256,JWST,image,jw05893008006_02101_00004_nrcb2,exposure (L2b): 2D calibrated exposure average over integrations,S,mast:JWST/product/jw05893008006_02101_00004_nrcb2_cal.fits,SCIENCE,,CAL,,CALJWST,2.0.0,5893,jw05893008006_02101_00004_nrcb2_cal.fits,117573120,264984831,PUBLIC,2,F200W
264939259,JWST,image,jw05893008006_02101_00005_nrcb1,exposure (L2b): 2D calibrated exposure average over integrations,S,mast:JWST/product/jw05893008006_02101_00005_nrcb1_cal.fits,SCIENCE,,CAL,,CALJWST,2.0.0,5893,jw05893008006_02101_00005_nrcb1_cal.fits,117573120,264984831,PUBLIC,2,F200W
264939260,JWST,image,jw05893008006_02101_00005_nrcb2,exposure (L2b): 2D calibrated exposure average over integrations,S,mast:JWST/product/jw05893008006_02101_00005_nrcb2_cal.fits,SCIENCE,,CAL,,CALJWST,2.0.0,5893,jw05893008006_02101_00005_nrcb2_cal.fits,117573120,264984831,PUBLIC,2,F200W
264939261,JWST,image,jw05893008006_02101_00006_nrca2,exposure (L2b): 2D calibrated exposure average over integrations,S,mast:JWST/product/jw05893008006_02101_00006_nrca2_cal.fits,SCIENCE,,CAL,,CALJWST,2.0.0,5893,jw05893008006_02101_00006_nrca2_cal.fits,117570240,264984831,PUBLIC,2,F200W
264939263,JWST,image,jw05893008006_02101_00006_nrcb1,exposure (L2b): 2D calibrated exposure average over integrations,S,mast:JWST/product/jw05893008006_02101_00006_nrcb1_cal.fits,SCIENCE,,CAL,,CALJWST,2.0.0,5893,jw05893008006_02101_00006_nrcb1_cal.fits,117573120,264984831,PUBLIC,2,F200W
264939264,JWST,image,jw05893008006_02101_00006_nrca4,exposure (L2b): 2D calibrated exposure average over integrations,S,mast:JWST/product/jw05893008006_02101_00006_nrca4_cal.fits,SCIENCE,,CAL,,CALJWST,2.0.0,5893,jw05893008006_02101_00006_nrca4_cal.fits,117573120,264984831,PUBLIC,2,F200W
264939266,JWST,image,jw05893008006_02101_00006_nrcb2,exposure (L2b): 2D calibrated exposure average over integrations,S,mast:JWST/product/jw05893008006_02101_00006_nrcb2_cal.fits,SCIENCE,,CAL,,CALJWST,2.0.0,5893,jw05893008006_02101_00006_nrcb2_cal.fits,117573120,264984831,PUBLIC,2,F200W
264939273,JWST,image,jw05893008006_02101_00006_nrcb4,exposure (L2b): 2D calibrated exposure average over integrations,S,mast:JWST/product/jw05893008006_02101_00006_nrcb4_cal.fits,SCIENCE,,CAL,,CALJWST,2.0.0,5893,jw05893008006_02101_00006_nrcb4_cal.fits,117573120,264984831,PUBLIC,2,F200W
264939274,JWST,image,jw05893008006_02101_00005_nrca3,exposure (L2b): 2D calibrated exposure average over integrations,S,mast:JWST/product/jw05893008006_02101_00005_nrca3_cal.fits,SCIENCE,,CAL,,CALJWST,2.0.0,5893,jw05893008006_02101_00005_nrca3_cal.fits,117573120,264984831,PUBLIC,2,F200W
264939276,JWST,image,jw05893008006_02101_00005_nrca1,exposure (L2b): 2D calibrated exposure average over integrations,S,mast:JWST/product/jw05893008006_02101_00005_nrca1_cal.fits,SCIENCE,,CAL,,CALJWST,2.0.0,5893,jw05893008006_02101_00005_nrca1_cal.fits,117570240,264984831,PUBLIC,2,F200W
264939277,JWST,image,jw05893008006_02101_00006_nrca1,exposure (L2b): 2D calibrated exposure average over integrations,S,mast:JWST/product/jw05893008006_02101_00006_nrca1_cal.fits,SCIENCE,,CAL,,CALJWST,2.0.0,5893,jw05893008006_02101_00006_nrca1_cal.fits,117570240,264984831,PUBLIC,2,F200W
264939278,JWST,image,jw05893008006_02101_00005_nrca4,exposure (L2b): 2D calibrated exposure average over integrations,S,mast:JWST/product/jw05893008006_02101_00005_nrca4_cal.fits,SCIENCE,,CAL,,CALJWST,2.0.0,5893,jw05893008006_02101_00005_nrca4_cal.fits,117573120,264984831,PUBLIC,2,F200W
264939308,JWST,image,jw05893008003_02101_00001_nrca4,exposure (L2b): 2D calibrated exposure average over integrations,S,mast:JWST/product/jw05893008003_02101_00001_nrca4_cal.fits,SCIENCE,,CAL,,CALJWST,2.0.0,5893,jw05893008003_02101_00001_nrca4_cal.fits,117573120,264984831,PUBLIC,2,F200W
264939309,JWST,image,jw05893008003_02101_00001_nrcb3,exposure (L2b): 2D calibrated exposure average over integrations,S,mast:JWST/product/jw05893008003_02101_00001_nrcb3_cal.fits,SCIENCE,,CAL,,CALJWST,2.0.0,5893,jw05893008003_02101_00001_nrcb3_cal.fits,117573120,264984831,PUBLIC,2,F200W
264939310,JWST,image,jw05893008003_02101_00001_nrcb4,exposure (L2b): 2D calibrated exposure average over integrations,S,mast:JWST/product/jw05893008003_02101_00001_nrcb4_cal.fits,SCIENCE,,CAL,,CALJWST,2.0.0,5893,jw05893008003_02101_00001_nrcb4_cal.fits,117573120,264984831,PUBLIC,2,F200W
264939325,JWST,image,jw05893008003_02101_00004_nrcb2,exposure (L2b): 2D calibrated exposure average over integrations,S,mast:JWST/product/jw05893008003_02101_00004_nrcb2_cal.fits,SCIENCE,,CAL,,CALJWST,2.0.0,5893,jw05893008003_02101_00004_nrcb2_cal.fits,117573120,264984831,PUBLIC,2,F200W
264939326,JWST,image,jw05893008003_02101_00001_nrcb1,exposure (L2b): 2D calibrated exposure average over integrations,S,mast:JWST/product/jw05893008003_02101_00001_nrcb1_cal.fits,SCIENCE,,CAL,,CALJWST,2.0.0,5893,jw05893008003_02101_00001_nrcb1_cal.fits,117573120,264984831,PUBLIC,2,F200W
264939327,JWST,image,jw05893008003_02101_00002_nrcb3,exposure (L2b): 2D calibrated exposure average over integrations,S,mast:JWST/product/jw05893008003_02101_00002_nrcb3_cal.fits,SCIENCE,,CAL,,CALJWST,2.0.0,5893,jw05893008003_02101_00002_nrcb3_cal.fits,117573120,264984831,PUBLIC,2,F200W
264939328,JWST,image,jw05893008003_02101_00001_nrcb2,exposure (L2b): 2D calibrated exposure average over integrations,S,mast:JWST/product/jw05893008003_02101_00001_nrcb2_cal.fits,SCIENCE,,CAL,,CALJWST,2.0.0,5893,jw05893008003_02101_00001_nrcb2_cal.fits,117573120,264984831,PUBLIC,2,F200W
264939329,JWST,image,jw05893008003_02101_00004_nrcb3,exposure (L2b): 2D calibrated exposure average over integrations,S,mast:JWST/product/jw05893008003_02101_00004_nrcb3_cal.fits,SCIENCE,,CAL,,CALJWST,2.0.0,5893,jw05893008003_02101_00004_nrcb3_cal.fits,117573120,264984831,PUBLIC,2,F200W
264939331,JWST,image,jw05893008003_02101_00003_nrca4,exposure (L2b): 2D calibrated exposure average over integrations,S,mast:JWST/product/jw05893008003_02101_00003_nrca4_cal.fits,SCIENCE,,CAL,,CALJWST,2.0.0,5893,jw05893008003_02101_00003_nrca4_cal.fits,117573120,264984831,PUBLIC,2,F200W
264939332,JWST,image,jw05893008003_02101_00004_nrcb4,exposure (L2b): 2D calibrated exposure average over integrations,S,mast:JWST/product/jw05893008003_02101_00004_nrcb4_cal.fits,SCIENCE,,CAL,,CALJWST,2.0.0,5893,jw05893008003_02101_00004_nrcb4_cal.fits,117573120,264984831,PUBLIC,2,F200W
264939335,JWST,image,jw05893008003_02101_00002_nrca1,exposure (L2b): 2D calibrated exposure average over integrations,S,mast:JWST/product/jw05893008003_02101_00002_nrca1_cal.fits,SCIENCE,,CAL,,CALJWST,2.0.0,5893,jw05893008003_02101_00002_nrca1_cal.fits,117570240,264984831,PUBLIC,2,F200W
264939336,JWST,image,jw05893008003_02101_00001_nrca1,exposure (L2b): 2D calibrated exposure average over integrations,S,mast:JWST/product/jw05893008003_02101_00001_nrca1_cal.fits,SCIENCE,,CAL,,CALJWST,2.0.0,5893,jw05893008003_02101_00001_nrca1_cal.fits,117570240,264984831,PUBLIC,2,F200W
264939337,JWST,image,jw05893008003_02101_00001_nrca2,exposure (L2b): 2D calibrated exposure average over integrations,S,mast:JWST/product/jw05893008003_02101_00001_nrca2_cal.fits,SCIENCE,,CAL,,CALJWST,2.0.0,5893,jw05893008003_02101_00001_nrca2_cal.fits,117570240,264984831,PUBLIC,2,F200W
264939338,JWST,image,jw05893008003_02101_00003_nrca3,exposure (L2b): 2D calibrated exposure average over integrations,S,mast:JWST/product/jw05893008003_02101_00003_nrca3_cal.fits,SCIENCE,,CAL,,CALJWST,2.0.0,5893,jw05893008003_02101_00003_nrca3_cal.fits,117573120,264984831,PUBLIC,2,F200W
264939339,JWST,image,jw05893008003_02101_00003_nrcb4,exposure (L2b): 2D calibrated exposure average over integrations,S,mast:JWST/product/jw05893008003_02101_00003_nrcb4_cal.fits,SCIENCE,,CAL,,CALJWST,2.0.0,5893,jw05893008003_02101_00003_nrcb4_cal.fits,117573120,264984831,PUBLIC,2,F200W
264939340,JWST,image,jw05893008003_02101_00002_nrca3,exposure (L2b): 2D calibrated exposure average over integrations,S,mast:JWST/product/jw05893008003_02101_00002_nrca3_cal.fits,SCIENCE,,CAL,,CALJWST,2.0.0,5893,jw05893008003_02101_00002_nrca3_cal.fits,117573120,264984831,PUBLIC,2,F200W
264939341,JWST,image,jw05893008003_02101_00002_nrca2,exposure (L2b): 2D calibrated exposure average over integrations,S,mast:JWST/product/jw05893008003_02101_00002_nrca2_cal.fits,SCIENCE,,CAL,,CALJWST,2.0.0,5893,jw05893008003_02101_00002_nrca2_cal.fits,117570240,264984831,PUBLIC,2,F200W
264939342,JWST,image,jw05893008003_02101_00002_nrcb1,exposure (L2b): 2D calibrated exposure average over integrations,S,mast:JWST/product/jw05893008003_02101_00002_nrcb1_cal.fits,SCIENCE,,CAL,,CALJWST,2.0.0,5893,jw05893008003_02101_00002_nrcb1_cal.fits,117573120,264984831,PUBLIC,2,F200W
264939343,JWST,image,jw05893008003_02101_00004_nrcb1,exposure (L2b): 2D calibrated exposure average over integrations,S,mast:JWST/product/jw05893008003_02101_00004_nrcb1_cal.fits,SCIENCE,,CAL,,CALJWST,2.0.0,5893,jw05893008003_02101_00004_nrcb1_cal.fits,117573120,264984831,PUBLIC,2,F200W
264939344,JWST,image,jw05893008003_02101_00004_nrca2,exposure (L2b): 2D calibrated exposure average over integrations,S,mast:JWST/product/jw05893008003_02101_00004_nrca2_cal.fits,SCIENCE,,CAL,,CALJWST,2.0.0,5893,jw05893008003_02101_00004_nrca2_cal.fits,117570240,264984831,PUBLIC,2,F200W
264939345,JWST,image,jw05893008003_02101_00003_nrcb1,exposure (L2b): 2D calibrated exposure average over integrations,S,mast:JWST/product/jw05893008003_02101_00003_nrcb1_cal.fits,SCIENCE,,CAL,,CALJWST,2.0.0,5893,jw05893008003_02101_00003_nrcb1_cal.fits,117573120,264984831,PUBLIC,2,F200W
264939346,JWST,image,jw05893008003_02101_00003_nrca2,exposure (L2b): 2D calibrated exposure average over integrations,S,mast:JWST/product/jw05893008003_02101_00003_nrca2_cal.fits,SCIENCE,,CAL,,CALJWST,2.0.0,5893,jw05893008003_02101_00003_nrca2_cal.fits,117570240,264984831,PUBLIC,2,F200W
264939347,JWST,image,jw05893008003_02101_00003_nrcb3,exposure (L2b): 2D calibrated exposure average over integrations,S,mast:JWST/product/jw05893008003_02101_00003_nrcb3_cal.fits,SCIENCE,,CAL,,CALJWST,2.0.0,5893,jw05893008003_02101_00003_nrcb3_cal.fits,117573120,264984831,PUBLIC,2,F200W
264939348,JWST,image,jw05893008003_02101_00001_nrca3,exposure (L2b): 2D calibrated exposure average over integrations,S,mast:JWST/product/jw05893008003_02101_00001_nrca3_cal.fits,SCIENCE,,CAL,,CALJWST,2.0.0,5893,jw05893008003_02101_00001_nrca3_cal.fits,117573120,264984831,PUBLIC,2,F200W
264939352,JWST,image,jw05893008003_02101_00003_nrca1,exposure (L2b): 2D calibrated exposure average over integrations,S,mast:JWST/product/jw05893008003_02101_00003_nrca1_cal.fits,SCIENCE,,CAL,,CALJWST,2.0.0,5893,jw05893008003_02101_00003_nrca1_cal.fits,117570240,264984831,PUBLIC,2,F200W
264939353,JWST,image,jw05893008003_02101_00002_nrcb4,exposure (L2b): 2D calibrated exposure average over integrations,S,mast:JWST/product/jw05893008003_02101_00002_nrcb4_cal.fits,SCIENCE,,CAL,,CALJWST,2.0.0,5893,jw05893008003_02101_00002_nrcb4_cal.fits,117573120,264984831,PUBLIC,2,F200W
264939354,JWST,image,jw05893008003_02101_00002_nrca4,exposure (L2b): 2D calibrated exposure average over integrations,S,mast:JWST/product/jw05893008003_02101_00002_nrca4_cal.fits,SCIENCE,,CAL,,CALJWST,2.0.0,5893,jw05893008003_02101_00002_nrca4_cal.fits,117573120,264984831,PUBLIC,2,F200W
264939355,JWST,image,jw05893008003_02101_00002_nrcb2,exposure (L2b): 2D calibrated exposure average over integrations,S,mast:JWST/product/jw05893008003_02101_00002_nrcb2_cal.fits,SCIENCE,,CAL,,CALJWST,2.0.0,5893,jw05893008003_02101_00002_nrcb2_cal.fits,117573120,264984831,PUBLIC,2,F200W
264939356,JWST,image,jw05893008003_02101_00004_nrca3,exposure (L2b): 2D calibrated exposure average over integrations,S,mast:JWST/product/jw05893008003_02101_00004_nrca3_cal.fits,SCIENCE,,CAL,,CALJWST,2.0.0,5893,jw05893008003_02101_00004_nrca3_cal.fits,117573120,264984831,PUBLIC,2,F200W
264939357,JWST,image,jw05893008003_02101_00003_nrcb2,exposure (L2b): 2D calibrated exposure average over integrations,S,mast:JWST/product/jw05893008003_02101_00003_nrcb2_cal.fits,SCIENCE,,CAL,,CALJWST,2.0.0,5893,jw05893008003_02101_00003_nrcb2_cal.fits,117573120,264984831,PUBLIC,2,F200W
264939363,JWST,image,jw05893008003_02101_00005_nrcb1,exposure (L2b): 2D calibrated exposure average over integrations,S,mast:JWST/product/jw05893008003_02101_00005_nrcb1_cal.fits,SCIENCE,,CAL,,CALJWST,2.0.0,5893,jw05893008003_02101_00005_nrcb1_cal.fits,117573120,264984831,PUBLIC,2,F200W
264939364,JWST,image,jw05893008003_02101_00006_nrca1,exposure (L2b): 2D calibrated exposure average over integrations,S,mast:JWST/product/jw05893008003_02101_00006_nrca1_cal.fits,SCIENCE,,CAL,,CALJWST,2.0.0,5893,jw05893008003_02101_00006_nrca1_cal.fits,117570240,264984831,PUBLIC,2,F200W
264939365,JWST,image,jw05893008003_02101_00006_nrca3,exposure (L2b): 2D calibrated exposure average over integrations,S,mast:JWST/product/jw05893008003_02101_00006_nrca3_cal.fits,SCIENCE,,CAL,,CALJWST,2.0.0,5893,jw05893008003_02101_00006_nrca3_cal.fits,117573120,264984831,PUBLIC,2,F200W
264939366,JWST,image,jw05893008003_02101_00004_nrca1,exposure (L2b): 2D calibrated exposure average over integrations,S,mast:JWST/product/jw05893008003_02101_00004_nrca1_cal.fits,SCIENCE,,CAL,,CALJWST,2.0.0,5893,jw05893008003_02101_00004_nrca1_cal.fits,117570240,264984831,PUBLIC,2,F200W
264939367,JWST,image,jw05893008003_02101_00005_nrca2,exposure (L2b): 2D calibrated exposure average over integrations,S,mast:JWST/product/jw05893008003_02101_00005_nrca2_cal.fits,SCIENCE,,CAL,,CALJWST,2.0.0,5893,jw05893008003_02101_00005_nrca2_cal.fits,117570240,264984831,PUBLIC,2,F200W
264939370,JWST,image,jw05893008003_02101_00005_nrca1,exposure (L2b): 2D calibrated exposure average over integrations,S,mast:JWST/product/jw05893008003_02101_00005_nrca1_cal.fits,SCIENCE,,CAL,,CALJWST,2.0.0,5893,jw05893008003_02101_00005_nrca1_cal.fits,117570240,264984831,PUBLIC,2,F200W
264939371,JWST,image,jw05893008003_02101_00006_nrcb1,exposure (L2b): 2D calibrated exposure average over integrations,S,mast:JWST/product/jw05893008003_02101_00006_nrcb1_cal.fits,SCIENCE,,CAL,,CALJWST,2.0.0,5893,jw05893008003_02101_00006_nrcb1_cal.fits,117573120,264984831,PUBLIC,2,F200W
264939373,JWST,image,jw05893008003_02101_00005_nrcb4,exposure (L2b): 2D calibrated exposure average over integrations,S,mast:JWST/product/jw05893008003_02101_00005_nrcb4_cal.fits,SCIENCE,,CAL,,CALJWST,2.0.0,5893,jw05893008003_02101_00005_nrcb4_cal.fits,117573120,264984831,PUBLIC,2,F200W
264939378,JWST,image,jw05893008003_02101_00005_nrca3,exposure (L2b): 2D calibrated exposure average over integrations,S,mast:JWST/product/jw05893008003_02101_00005_nrca3_cal.fits,SCIENCE,,CAL,,CALJWST,2.0.0,5893,jw05893008003_02101_00005_nrca3_cal.fits,117573120,264984831,PUBLIC,2,F200W
264939382,JWST,image,jw05893008003_02101_00006_nrca4,exposure (L2b): 2D calibrated exposure average over integrations,S,mast:JWST/product/jw05893008003_02101_00006_nrca4_cal.fits,SCIENCE,,CAL,,CALJWST,2.0.0,5893,jw05893008003_02101_00006_nrca4_cal.fits,117573120,264984831,PUBLIC,2,F200W
264939390,JWST,image,jw05893008003_02101_00005_nrcb3,exposure (L2b): 2D calibrated exposure average over integrations,S,mast:JWST/product/jw05893008003_02101_00005_nrcb3_cal.fits,SCIENCE,,CAL,,CALJWST,2.0.0,5893,jw05893008003_02101_00005_nrcb3_cal.fits,117573120,264984831,PUBLIC,2,F200W
264939393,JWST,image,jw05893008003_02101_00006_nrcb2,exposure (L2b): 2D calibrated exposure average over integrations,S,mast:JWST/product/jw05893008003_02101_00006_nrcb2_cal.fits,SCIENCE,,CAL,,CALJWST,2.0.0,5893,jw05893008003_02101_00006_nrcb2_cal.fits,117573120,264984831,PUBLIC,2,F200W
264939395,JWST,image,jw05893008003_02101_00006_nrcb4,exposure (L2b): 2D calibrated exposure average over integrations,S,mast:JWST/product/jw05893008003_02101_00006_nrcb4_cal.fits,SCIENCE,,CAL,,CALJWST,2.0.0,5893,jw05893008003_02101_00006_nrcb4_cal.fits,117573120,264984831,PUBLIC,2,F200W
264939396,JWST,image,jw05893008003_02101_00006_nrca2,exposure (L2b): 2D calibrated exposure average over integrations,S,mast:JWST/product/jw05893008003_02101_00006_nrca2_cal.fits,SCIENCE,,CAL,,CALJWST,2.0.0,5893,jw05893008003_02101_00006_nrca2_cal.fits,117570240,264984831,PUBLIC,2,F200W
264939397,JWST,image,jw05893008003_02101_00006_nrcb3,exposure (L2b): 2D calibrated exposure average over integrations,S,mast:JWST/product/jw05893008003_02101_00006_nrcb3_cal.fits,SCIENCE,,CAL,,CALJWST,2.0.0,5893,jw05893008003_02101_00006_nrcb3_cal.fits,117573120,264984831,PUBLIC,2,F200W
264939398,JWST,image,jw05893008003_02101_00005_nrca4,exposure (L2b): 2D calibrated exposure average over integrations,S,mast:JWST/product/jw05893008003_02101_00005_nrca4_cal.fits,SCIENCE,,CAL,,CALJWST,2.0.0,5893,jw05893008003_02101_00005_nrca4_cal.fits,117573120,264984831,PUBLIC,2,F200W
264939402,JWST,image,jw05893008003_02101_00004_nrca4,exposure (L2b): 2D calibrated exposure average over integrations,S,mast:JWST/product/jw05893008003_02101_00004_nrca4_cal.fits,SCIENCE,,CAL,,CALJWST,2.0.0,5893,jw05893008003_02101_00004_nrca4_cal.fits,117573120,264984831,PUBLIC,2,F200W
264939403,JWST,image,jw05893008003_02101_00005_nrcb2,exposure (L2b): 2D calibrated exposure average over integrations,S,mast:JWST/product/jw05893008003_02101_00005_nrcb2_cal.fits,SCIENCE,,CAL,,CALJWST,2.0.0,5893,jw05893008003_02101_00005_nrcb2_cal.fits,117573120,264984831,PUBLIC,2,F200W
264939415,JWST,image,jw05893008004_02101_00002_nrca4,exposure (L2b): 2D calibrated exposure average over integrations,S,mast:JWST/product/jw05893008004_02101_00002_nrca4_cal.fits,SCIENCE,,CAL,,CALJWST,2.0.0,5893,jw05893008004_02101_00002_nrca4_cal.fits,117573120,264984831,PUBLIC,2,F200W
264939416,JWST,image,jw05893008004_02101_00002_nrcb4,exposure (L2b): 2D calibrated exposure average over integrations,S,mast:JWST/product/jw05893008004_02101_00002_nrcb4_cal.fits,SCIENCE,,CAL,,CALJWST,2.0.0,5893,jw05893008004_02101_00002_nrcb4_cal.fits,117573120,264984831,PUBLIC,2,F200W
264939417,JWST,image,jw05893008004_02101_00002_nrca1,exposure (L2b): 2D calibrated exposure average over integrations,S,mast:JWST/product/jw05893008004_02101_00002_nrca1_cal.fits,SCIENCE,,CAL,,CALJWST,2.0.0,5893,jw05893008004_02101_00002_nrca1_cal.fits,117570240,264984831,PUBLIC,2,F200W
264939420,JWST,image,jw05893008004_02101_00002_nrcb3,exposure (L2b): 2D calibrated exposure average over integrations,S,mast:JWST/product/jw05893008004_02101_00002_nrcb3_cal.fits,SCIENCE,,CAL,,CALJWST,2.0.0,5893,jw05893008004_02101_00002_nrcb3_cal.fits,117573120,264984831,PUBLIC,2,F200W
264939422,JWST,image,jw05893008004_02101_00002_nrcb1,exposure (L2b): 2D calibrated exposure average over integrations,S,mast:JWST/product/jw05893008004_02101_00002_nrcb1_cal.fits,SCIENCE,,CAL,,CALJWST,2.0.0,5893,jw05893008004_02101_00002_nrcb1_cal.fits,117573120,264984831,PUBLIC,2,F200W
264939423,JWST,image,jw05893008004_02101_00002_nrcb2,exposure (L2b): 2D calibrated exposure average over integrations,S,mast:JWST/product/jw05893008004_02101_00002_nrcb2_cal.fits,SCIENCE,,CAL,,CALJWST,2.0.0,5893,jw05893008004_02101_00002_nrcb2_cal.fits,117573120,264984831,PUBLIC,2,F200W
264939424,JWST,image,jw05893008004_02101_00002_nrca3,exposure (L2b): 2D calibrated exposure average over integrations,S,mast:JWST/product/jw05893008004_02101_00002_nrca3_cal.fits,SCIENCE,,CAL,,CALJWST,2.0.0,5893,jw05893008004_02101_00002_nrca3_cal.fits,117573120,264984831,PUBLIC,2,F200W
264939425,JWST,image,jw05893008004_02101_00002_nrca2,exposure (L2b): 2D calibrated exposure average over integrations,S,mast:JWST/product/jw05893008004_02101_00002_nrca2_cal.fits,SCIENCE,,CAL,,CALJWST,2.0.0,5893,jw05893008004_02101_00002_nrca2_cal.fits,117570240,264984831,PUBLIC,2,F200W
264939437,JWST,image,jw05893008004_02101_00003_nrcb4,exposure (L2b): 2D calibrated exposure average over integrations,S,mast:JWST/product/jw05893008004_02101_00003_nrcb4_cal.fits,SCIENCE,,CAL,,CALJWST,2.0.0,5893,jw05893008004_02101_00003_nrcb4_cal.fits,117573120,264984831,PUBLIC,2,F200W
264939439,JWST,image,jw05893008004_02101_00003_nrca2,exposure (L2b): 2D calibrated exposure average over integrations,S,mast:JWST/product/jw05893008004_02101_00003_nrca2_cal.fits,SCIENCE,,CAL,,CALJWST,2.0.0,5893,jw05893008004_02101_00003_nrca2_cal.fits,117570240,264984831,PUBLIC,2,F200W
264939440,JWST,image,jw05893008004_02101_00003_nrcb3,exposure (L2b): 2D calibrated exposure average over integrations,S,mast:JWST/product/jw05893008004_02101_00003_nrcb3_cal.fits,SCIENCE,,CAL,,CALJWST,2.0.0,5893,jw05893008004_02101_00003_nrcb3_cal.fits,117573120,264984831,PUBLIC,2,F200W
264939442,JWST,image,jw05893008004_02101_00003_nrca1,exposure (L2b): 2D calibrated exposure average over integrations,S,mast:JWST/product/jw05893008004_02101_00003_nrca1_cal.fits,SCIENCE,,CAL,,CALJWST,2.0.0,5893,jw05893008004_02101_00003_nrca1_cal.fits,117570240,264984831,PUBLIC,2,F200W
264939443,JWST,image,jw05893008004_02101_00003_nrca3,exposure (L2b): 2D calibrated exposure average over integrations,S,mast:JWST/product/jw05893008004_02101_00003_nrca3_cal.fits,SCIENCE,,CAL,,CALJWST,2.0.0,5893,jw05893008004_02101_00003_nrca3_cal.fits,117573120,264984831,PUBLIC,2,F200W
264939444,JWST,image,jw05893008004_02101_00003_nrca4,exposure (L2b): 2D calibrated exposure average over integrations,S,mast:JWST/product/jw05893008004_02101_00003_nrca4_cal.fits,SCIENCE,,CAL,,CALJWST,2.0.0,5893,jw05893008004_02101_00003_nrca4_cal.fits,117573120,264984831,PUBLIC,2,F200W
264939445,JWST,image,jw05893008004_02101_00003_nrcb1,exposure (L2b): 2D calibrated exposure average over integrations,S,mast:JWST/product/jw05893008004_02101_00003_nrcb1_cal.fits,SCIENCE,,CAL,,CALJWST,2.0.0,5893,jw05893008004_02101_00003_nrcb1_cal.fits,117573120,264984831,PUBLIC,2,F200W
264945373,JWST,image,jw05893008004_02101_00004_nrca1,exposure (L2b): 2D calibrated exposure average over integrations,S,mast:JWST/product/jw05893008004_02101_00004_nrca1_cal.fits,SCIENCE,,CAL,,CALJWST,2.0.0,5893,jw05893008004_02101_00004_nrca1_cal.fits,117570240,264984831,PUBLIC,2,F200W
264945411,JWST,image,jw05893008004_02101_00006_nrcb4,exposure (L2b): 2D calibrated exposure average over integrations,S,mast:JWST/product/jw05893008004_02101_00006_nrcb4_cal.fits,SCIENCE,,CAL,,CALJWST,2.0.0,5893,jw05893008004_02101_00006_nrcb4_cal.fits,117573120,264984831,PUBLIC,2,F200W
264945445,JWST,image,jw05893008004_02101_00006_nrca3,exposure (L2b): 2D calibrated exposure average over integrations,S,mast:JWST/product/jw05893008004_02101_00006_nrca3_cal.fits,SCIENCE,,CAL,,CALJWST,2.0.0,5893,jw05893008004_02101_00006_nrca3_cal.fits,117573120,264984831,PUBLIC,2,F200W
264945539,JWST,image,jw05893008004_02101_00006_nrca1,exposure (L2b): 2D calibrated exposure average over integrations,S,mast:JWST/product/jw05893008004_02101_00006_nrca1_cal.fits,SCIENCE,,CAL,,CALJWST,2.0.0,5893,jw05893008004_02101_00006_nrca1_cal.fits,117570240,264984831,PUBLIC,2,F200W
264945652,JWST,image,jw05893008004_02101_00005_nrca2,exposure (L2b): 2D calibrated exposure average over integrations,S,mast:JWST/product/jw05893008004_02101_00005_nrca2_cal.fits,SCIENCE,,CAL,,CALJWST,2.0.0,5893,jw05893008004_02101_00005_nrca2_cal.fits,117570240,264984831,PUBLIC,2,F200W
264945677,JWST,image,jw05893008004_02101_00005_nrcb4,exposure (L2b): 2D calibrated exposure average over integrations,S,mast:JWST/product/jw05893008004_02101_00005_nrcb4_cal.fits,SCIENCE,,CAL,,CALJWST,2.0.0,5893,jw05893008004_02101_00005_nrcb4_cal.fits,117573120,264984831,PUBLIC,2,F200W
264945739,JWST,image,jw05893008004_02101_00004_nrcb3,exposure (L2b): 2D calibrated exposure average over integrations,S,mast:JWST/product/jw05893008004_02101_00004_nrcb3_cal.fits,SCIENCE,,CAL,,CALJWST,2.0.0,5893,jw05893008004_02101_00004_nrcb3_cal.fits,117573120,264984831,PUBLIC,2,F200W
264945767,JWST,image,jw05893008004_02101_00005_nrca1,exposure (L2b): 2D calibrated exposure average over integrations,S,mast:JWST/product/jw05893008004_02101_00005_nrca1_cal.fits,SCIENCE,,CAL,,CALJWST,2.0.0,5893,jw05893008004_02101_00005_nrca1_cal.fits,117570240,264984831,PUBLIC,2,F200W
264945910,JWST,image,jw05893008004_02101_00004_nrcb1,exposure (L2b): 2D calibrated exposure average over integrations,S,mast:JWST/product/jw05893008004_02101_00004_nrcb1_cal.fits,SCIENCE,,CAL,,CALJWST,2.0.0,5893,jw05893008004_02101_00004_nrcb1_cal.fits,117573120,264984831,PUBLIC,2,F200W
264946161,JWST,image,jw05893008004_02101_00006_nrcb3,exposure (L2b): 2D calibrated exposure average over integrations,S,mast:JWST/product/jw05893008004_02101_00006_nrcb3_cal.fits,SCIENCE,,CAL,,CALJWST,2.0.0,5893,jw05893008004_02101_00006_nrcb3_cal.fits,117573120,264984831,PUBLIC,2,F200W
264946224,JWST,image,jw05893008004_02101_00004_nrcb2,exposure (L2b): 2D calibrated exposure average over integrations,S,mast:JWST/product/jw05893008004_02101_00004_nrcb2_cal.fits,SCIENCE,,CAL,,CALJWST,2.0.0,5893,jw05893008004_02101_00004_nrcb2_cal.fits,117573120,264984831,PUBLIC,2,F200W
264946327,JWST,image,jw05893008004_02101_00004_nrca4,exposure (L2b): 2D calibrated exposure average over integrations,S,mast:JWST/product/jw05893008004_02101_00004_nrca4_cal.fits,SCIENCE,,CAL,,CALJWST,2.0.0,5893,jw05893008004_02101_00004_nrca4_cal.fits,117573120,264984831,PUBLIC,2,F200W
264946394,JWST,image,jw05893008004_02101_00006_nrca2,exposure (L2b): 2D calibrated exposure average over integrations,S,mast:JWST/product/jw05893008004_02101_00006_nrca2_cal.fits,SCIENCE,,CAL,,CALJWST,2.0.0,5893,jw05893008004_02101_00006_nrca2_cal.fits,117570240,264984831,PUBLIC,2,F200W
264946469,JWST,image,jw05893008004_02101_00005_nrcb2,exposure (L2b): 2D calibrated exposure average over integrations,S,mast:JWST/product/jw05893008004_02101_00005_nrcb2_cal.fits,SCIENCE,,CAL,,CALJWST,2.0.0,5893,jw05893008004_02101_00005_nrcb2_cal.fits,117573120,264984831,PUBLIC,2,F200W
264946500,JWST,image,jw05893008004_02101_00005_nrcb1,exposure (L2b): 2D calibrated exposure average over integrations,S,mast:JWST/product/jw05893008004_02101_00005_nrcb1_cal.fits,SCIENCE,,CAL,,CALJWST,2.0.0,5893,jw05893008004_02101_00005_nrcb1_cal.fits,117573120,264984831,PUBLIC,2,F200W
264946534,JWST,image,jw05893008004_02101_00006_nrcb1,exposure (L2b): 2D calibrated exposure average over integrations,S,mast:JWST/product/jw05893008004_02101_00006_nrcb1_cal.fits,SCIENCE,,CAL,,CALJWST,2.0.0,5893,jw05893008004_02101_00006_nrcb1_cal.fits,117573120,264984831,PUBLIC,2,F200W
264946574,JWST,image,jw05893008004_02101_00004_nrca3,exposure (L2b): 2D calibrated exposure average over integrations,S,mast:JWST/product/jw05893008004_02101_00004_nrca3_cal.fits,SCIENCE,,CAL,,CALJWST,2.0.0,5893,jw05893008004_02101_00004_nrca3_cal.fits,117573120,264984831,PUBLIC,2,F200W
264946610,JWST,image,jw05893008004_02101_00005_nrcb3,exposure (L2b): 2D calibrated exposure average over integrations,S,mast:JWST/product/jw05893008004_02101_00005_nrcb3_cal.fits,SCIENCE,,CAL,,CALJWST,2.0.0,5893,jw05893008004_02101_00005_nrcb3_cal.fits,117573120,264984831,PUBLIC,2,F200W
264946889,JWST,image,jw05893008004_02101_00004_nrca2,exposure (L2b): 2D calibrated exposure average over integrations,S,mast:JWST/product/jw05893008004_02101_00004_nrca2_cal.fits,SCIENCE,,CAL,,CALJWST,2.0.0,5893,jw05893008004_02101_00004_nrca2_cal.fits,117570240,264984831,PUBLIC,2,F200W
264946923,JWST,image,jw05893008004_02101_00005_nrca3,exposure (L2b): 2D calibrated exposure average over integrations,S,mast:JWST/product/jw05893008004_02101_00005_nrca3_cal.fits,SCIENCE,,CAL,,CALJWST,2.0.0,5893,jw05893008004_02101_00005_nrca3_cal.fits,117573120,264984831,PUBLIC,2,F200W
264947057,JWST,image,jw05893008004_02101_00003_nrcb2,exposure (L2b): 2D calibrated exposure average over integrations,S,mast:JWST/product/jw05893008004_02101_00003_nrcb2_cal.fits,SCIENCE,,CAL,,CALJWST,2.0.0,5893,jw05893008004_02101_00003_nrcb2_cal.fits,117573120,264984831,PUBLIC,2,F200W
264947096,JWST,image,jw05893008004_02101_00006_nrcb2,exposure (L2b): 2D calibrated exposure average over integrations,S,mast:JWST/product/jw05893008004_02101_00006_nrcb2_cal.fits,SCIENCE,,CAL,,CALJWST,2.0.0,5893,jw05893008004_02101_00006_nrcb2_cal.fits,117573120,264984831,PUBLIC,2,F200W
264947132,JWST,image,jw05893008004_02101_00004_nrcb4,exposure (L2b): 2D calibrated exposure average over integrations,S,mast:JWST/product/jw05893008004_02101_00004_nrcb4_cal.fits,SCIENCE,,CAL,,CALJWST,2.0.0,5893,jw05893008004_02101_00004_nrcb4_cal.fits,117573120,264984831,PUBLIC,2,F200W
264947169,JWST,image,jw05893008004_02101_00005_nrca4,exposure (L2b): 2D calibrated exposure average over integrations,S,mast:JWST/product/jw05893008004_02101_00005_nrca4_cal.fits,SCIENCE,,CAL,,CALJWST,2.0.0,5893,jw05893008004_02101_00005_nrca4_cal.fits,117573120,264984831,PUBLIC,2,F200W
264947239,JWST,image,jw05893008004_02101_00006_nrca4,exposure (L2b): 2D calibrated exposure average over integrations,S,mast:JWST/product/jw05893008004_02101_00006_nrca4_cal.fits,SCIENCE,,CAL,,CALJWST,2.0.0,5893,jw05893008004_02101_00006_nrca4_cal.fits,117573120,264984831,PUBLIC,2,F200W
264984282,JWST,image,jw05893008004_02101_00001_nrcb4,exposure (L2b): 2D calibrated exposure average over integrations,S,mast:JWST/product/jw05893008004_02101_00001_nrcb4_cal.fits,SCIENCE,,CAL,,CALJWST,2.0.0,5893,jw05893008004_02101_00001_nrcb4_cal.fits,117573120,264984831,PUBLIC,2,F200W
264984283,JWST,image,jw05893008004_02101_00001_nrcb3,exposure (L2b): 2D calibrated exposure average over integrations,S,mast:JWST/product/jw05893008004_02101_00001_nrcb3_cal.fits,SCIENCE,,CAL,,CALJWST,2.0.0,5893,jw05893008004_02101_00001_nrcb3_cal.fits,117573120,264984831,PUBLIC,2,F200W
264984284,JWST,image,jw05893008004_02101_00001_nrca4,exposure (L2b): 2D calibrated exposure average over integrations,S,mast:JWST/product/jw05893008004_02101_00001_nrca4_cal.fits,SCIENCE,,CAL,,CALJWST,2.0.0,5893,jw05893008004_02101_00001_nrca4_cal.fits,117573120,264984831,PUBLIC,2,F200W
264984285,JWST,image,jw05893008004_02101_00001_nrcb2,exposure (L2b): 2D calibrated exposure average over integrations,S,mast:JWST/product/jw05893008004_02101_00001_nrcb2_cal.fits,SCIENCE,,CAL,,CALJWST,2.0.0,5893,jw05893008004_02101_00001_nrcb2_cal.fits,117573120,264984831,PUBLIC,2,F200W
264984286,JWST,image,jw05893008004_02101_00001_nrca3,exposure (L2b): 2D calibrated exposure average over integrations,S,mast:JWST/product/jw05893008004_02101_00001_nrca3_cal.fits,SCIENCE,,CAL,,CALJWST,2.0.0,5893,jw05893008004_02101_00001_nrca3_cal.fits,117573120,264984831,PUBLIC,2,F200W
264984287,JWST,image,jw05893008004_02101_00001_nrca1,exposure (L2b): 2D calibrated exposure average over integrations,S,mast:JWST/product/jw05893008004_02101_00001_nrca1_cal.fits,SCIENCE,,CAL,,CALJWST,2.0.0,5893,jw05893008004_02101_00001_nrca1_cal.fits,117570240,264984831,PUBLIC,2,F200W
264984290,JWST,image,jw05893008004_02101_00001_nrcb1,exposure (L2b): 2D calibrated exposure average over integrations,S,mast:JWST/product/jw05893008004_02101_00001_nrcb1_cal.fits,SCIENCE,,CAL,,CALJWST,2.0.0,5893,jw05893008004_02101_00001_nrcb1_cal.fits,117573120,264984831,PUBLIC,2,F200W
264984291,JWST,image,jw05893008004_02101_00001_nrca2,exposure (L2b): 2D calibrated exposure average over integrations,S,mast:JWST/product/jw05893008004_02101_00001_nrca2_cal.fits,SCIENCE,,CAL,,CALJWST,2.0.0,5893,jw05893008004_02101_00001_nrca2_cal.fits,117570240,264984831,PUBLIC,2,F200W
264984292,JWST,image,jw05893008007_02101_00002_nrcb3,exposure (L2b): 2D calibrated exposure average over integrations,S,mast:JWST/product/jw05893008007_02101_00002_nrcb3_cal.fits,SCIENCE,,CAL,,CALJWST,2.0.0,5893,jw05893008007_02101_00002_nrcb3_cal.fits,117573120,264984831,PUBLIC,2,F200W
264984293,JWST,image,jw05893008007_02101_00002_nrcb1,exposure (L2b): 2D calibrated exposure average over integrations,S,mast:JWST/product/jw05893008007_02101_00002_nrcb1_cal.fits,SCIENCE,,CAL,,CALJWST,2.0.0,5893,jw05893008007_02101_00002_nrcb1_cal.fits,117573120,264984831,PUBLIC,2,F200W
264984294,JWST,image,jw05893008007_02101_00002_nrca1,exposure (L2b): 2D calibrated exposure average over integrations,S,mast:JWST/product/jw05893008007_02101_00002_nrca1_cal.fits,SCIENCE,,CAL,,CALJWST,2.0.0,5893,jw05893008007_02101_00002_nrca1_cal.fits,117570240,264984831,PUBLIC,2,F200W
264984295,JWST,image,jw05893008007_02101_00001_nrca2,exposure (L2b): 2D calibrated exposure average over integrations,S,mast:JWST/product/jw05893008007_02101_00001_nrca2_cal.fits,SCIENCE,,CAL,,CALJWST,2.0.0,5893,jw05893008007_02101_00001_nrca2_cal.fits,117570240,264984831,PUBLIC,2,F200W
264984296,JWST,image,jw05893008007_02101_00001_nrcb2,exposure (L2b): 2D calibrated exposure average over integrations,S,mast:JWST/product/jw05893008007_02101_00001_nrcb2_cal.fits,SCIENCE,,CAL,,CALJWST,2.0.0,5893,jw05893008007_02101_00001_nrcb2_cal.fits,117573120,264984831,PUBLIC,2,F200W
264984297,JWST,image,jw05893008007_02101_00002_nrcb4,exposure (L2b): 2D calibrated exposure average over integrations,S,mast:JWST/product/jw05893008007_02101_00002_nrcb4_cal.fits,SCIENCE,,CAL,,CALJWST,2.0.0,5893,jw05893008007_02101_00002_nrcb4_cal.fits,117573120,264984831,PUBLIC,2,F200W
264984298,JWST,image,jw05893008007_02101_00002_nrca3,exposure (L2b): 2D calibrated exposure average over integrations,S,mast:JWST/product/jw05893008007_02101_00002_nrca3_cal.fits,SCIENCE,,CAL,,CALJWST,2.0.0,5893,jw05893008007_02101_00002_nrca3_cal.fits,117573120,264984831,PUBLIC,2,F200W
264984299,JWST,image,jw05893008007_02101_00002_nrca4,exposure (L2b): 2D calibrated exposure average over integrations,S,mast:JWST/product/jw05893008007_02101_00002_nrca4_cal.fits,SCIENCE,,CAL,,CALJWST,2.0.0,5893,jw05893008007_02101_00002_nrca4_cal.fits,117573120,264984831,PUBLIC,2,F200W
264984300,JWST,image,jw05893008007_02101_00002_nrca2,exposure (L2b): 2D calibrated exposure average over integrations,S,mast:JWST/product/jw05893008007_02101_00002_nrca2_cal.fits,SCIENCE,,CAL,,CALJWST,2.0.0,5893,jw05893008007_02101_00002_nrca2_cal.fits,117570240,264984831,PUBLIC,2,F200W
264984301,JWST,image,jw05893008007_02101_00001_nrca3,exposure (L2b): 2D calibrated exposure average over integrations,S,mast:JWST/product/jw05893008007_02101_00001_nrca3_cal.fits,SCIENCE,,CAL,,CALJWST,2.0.0,5893,jw05893008007_02101_00001_nrca3_cal.fits,117573120,264984831,PUBLIC,2,F200W
264984302,JWST,image,jw05893008007_02101_00001_nrca1,exposure (L2b): 2D calibrated exposure average over integrations,S,mast:JWST/product/jw05893008007_02101_00001_nrca1_cal.fits,SCIENCE,,CAL,,CALJWST,2.0.0,5893,jw05893008007_02101_00001_nrca1_cal.fits,117570240,264984831,PUBLIC,2,F200W
264984303,JWST,image,jw05893008007_02101_00001_nrcb1,exposure (L2b): 2D calibrated exposure average over integrations,S,mast:JWST/product/jw05893008007_02101_00001_nrcb1_cal.fits,SCIENCE,,CAL,,CALJWST,2.0.0,5893,jw05893008007_02101_00001_nrcb1_cal.fits,117573120,264984831,PUBLIC,2,F200W
264984305,JWST,image,jw05893008007_02101_00001_nrca4,exposure (L2b): 2D calibrated exposure average over integrations,S,mast:JWST/product/jw05893008007_02101_00001_nrca4_cal.fits,SCIENCE,,CAL,,CALJWST,2.0.0,5893,jw05893008007_02101_00001_nrca4_cal.fits,117573120,264984831,PUBLIC,2,F200W
264984309,JWST,image,jw05893008007_02101_00002_nrcb2,exposure (L2b): 2D calibrated exposure average over integrations,S,mast:JWST/product/jw05893008007_02101_00002_nrcb2_cal.fits,SCIENCE,,CAL,,CALJWST,2.0.0,5893,jw05893008007_02101_00002_nrcb2_cal.fits,117573120,264984831,PUBLIC,2,F200W
264984311,JWST,image,jw05893008007_02101_00001_nrcb4,exposure (L2b): 2D calibrated exposure average over integrations,S,mast:JWST/product/jw05893008007_02101_00001_nrcb4_cal.fits,SCIENCE,,CAL,,CALJWST,2.0.0,5893,jw05893008007_02101_00001_nrcb4_cal.fits,117573120,264984831,PUBLIC,2,F200W
264984312,JWST,image,jw05893008007_02101_00003_nrca1,exposure (L2b): 2D calibrated exposure average over integrations,S,mast:JWST/product/jw05893008007_02101_00003_nrca1_cal.fits,SCIENCE,,CAL,,CALJWST,2.0.0,5893,jw05893008007_02101_00003_nrca1_cal.fits,117570240,264984831,PUBLIC,2,F200W
264984313,JWST,image,jw05893008007_02101_00001_nrcb3,exposure (L2b): 2D calibrated exposure average over integrations,S,mast:JWST/product/jw05893008007_02101_00001_nrcb3_cal.fits,SCIENCE,,CAL,,CALJWST,2.0.0,5893,jw05893008007_02101_00001_nrcb3_cal.fits,117573120,264984831,PUBLIC,2,F200W
264984314,JWST,image,jw05893008007_02101_00003_nrca3,exposure (L2b): 2D calibrated exposure average over integrations,S,mast:JWST/product/jw05893008007_02101_00003_nrca3_cal.fits,SCIENCE,,CAL,,CALJWST,2.0.0,5893,jw05893008007_02101_00003_nrca3_cal.fits,117573120,264984831,PUBLIC,2,F200W
264984315,JWST,image,jw05893008007_02101_00003_nrcb3,exposure (L2b): 2D calibrated exposure average over integrations,S,mast:JWST/product/jw05893008007_02101_00003_nrcb3_cal.fits,SCIENCE,,CAL,,CALJWST,2.0.0,5893,jw05893008007_02101_00003_nrcb3_cal.fits,117573120,264984831,PUBLIC,2,F200W
264984316,JWST,image,jw05893008007_02101_00003_nrca4,exposure (L2b): 2D calibrated exposure average over integrations,S,mast:JWST/product/jw05893008007_02101_00003_nrca4_cal.fits,SCIENCE,,CAL,,CALJWST,2.0.0,5893,jw05893008007_02101_00003_nrca4_cal.fits,117573120,264984831,PUBLIC,2,F200W
264984318,JWST,image,jw05893008007_02101_00004_nrcb3,exposure (L2b): 2D calibrated exposure average over integrations,S,mast:JWST/product/jw05893008007_02101_00004_nrcb3_cal.fits,SCIENCE,,CAL,,CALJWST,2.0.0,5893,jw05893008007_02101_00004_nrcb3_cal.fits,117573120,264984831,PUBLIC,2,F200W
264984319,JWST,image,jw05893008007_02101_00003_nrcb1,exposure (L2b): 2D calibrated exposure average over integrations,S,mast:JWST/product/jw05893008007_02101_00003_nrcb1_cal.fits,SCIENCE,,CAL,,CALJWST,2.0.0,5893,jw05893008007_02101_00003_nrcb1_cal.fits,117573120,264984831,PUBLIC,2,F200W
264984320,JWST,image,jw05893008007_02101_00003_nrca2,exposure (L2b): 2D calibrated exposure average over integrations,S,mast:JWST/product/jw05893008007_02101_00003_nrca2_cal.fits,SCIENCE,,CAL,,CALJWST,2.0.0,5893,jw05893008007_02101_00003_nrca2_cal.fits,117570240,264984831,PUBLIC,2,F200W
264984322,JWST,image,jw05893008007_02101_00003_nrcb2,exposure (L2b): 2D calibrated exposure average over integrations,S,mast:JWST/product/jw05893008007_02101_00003_nrcb2_cal.fits,SCIENCE,,CAL,,CALJWST,2.0.0,5893,jw05893008007_02101_00003_nrcb2_cal.fits,117573120,264984831,PUBLIC,2,F200W
264984323,JWST,image,jw05893008007_02101_00004_nrcb4,exposure (L2b): 2D calibrated exposure average over integrations,S,mast:JWST/product/jw05893008007_02101_00004_nrcb4_cal.fits,SCIENCE,,CAL,,CALJWST,2.0.0,5893,jw05893008007_02101_00004_nrcb4_cal.fits,117573120,264984831,PUBLIC,2,F200W
264984325,JWST,image,jw05893008007_02101_00003_nrcb4,exposure (L2b): 2D calibrated exposure average over integrations,S,mast:JWST/product/jw05893008007_02101_00003_nrcb4_cal.fits,SCIENCE,,CAL,,CALJWST,2.0.0,5893,jw05893008007_02101_00003_nrcb4_cal.fits,117573120,264984831,PUBLIC,2,F200W
264984328,JWST,image,jw05893008007_02101_00004_nrca1,exposure (L2b): 2D calibrated exposure average over integrations,S,mast:JWST/product/jw05893008007_02101_00004_nrca1_cal.fits,SCIENCE,,CAL,,CALJWST,2.0.0,5893,jw05893008007_02101_00004_nrca1_cal.fits,117570240,264984831,PUBLIC,2,F200W
264984330,JWST,image,jw05893008007_02101_00004_nrca4,exposure (L2b): 2D calibrated exposure average over integrations,S,mast:JWST/product/jw05893008007_02101_00004_nrca4_cal.fits,SCIENCE,,CAL,,CALJWST,2.0.0,5893,jw05893008007_02101_00004_nrca4_cal.fits,117573120,264984831,PUBLIC,2,F200W
264984332,JWST,image,jw05893008007_02101_00004_nrca3,exposure (L2b): 2D calibrated exposure average over integrations,S,mast:JWST/product/jw05893008007_02101_00004_nrca3_cal.fits,SCIENCE,,CAL,,CALJWST,2.0.0,5893,jw05893008007_02101_00004_nrca3_cal.fits,117573120,264984831,PUBLIC,2,F200W
264984333,JWST,image,jw05893008007_02101_00004_nrcb1,exposure (L2b): 2D calibrated exposure average over integrations,S,mast:JWST/product/jw05893008007_02101_00004_nrcb1_cal.fits,SCIENCE,,CAL,,CALJWST,2.0.0,5893,jw05893008007_02101_00004_nrcb1_cal.fits,117573120,264984831,PUBLIC,2,F200W
264984334,JWST,image,jw05893008007_02101_00004_nrcb2,exposure (L2b): 2D calibrated exposure average over integrations,S,mast:JWST/product/jw05893008007_02101_00004_nrcb2_cal.fits,SCIENCE,,CAL,,CALJWST,2.0.0,5893,jw05893008007_02101_00004_nrcb2_cal.fits,117573120,264984831,PUBLIC,2,F200W
264984335,JWST,image,jw05893008007_02101_00005_nrca2,exposure (L2b): 2D calibrated exposure average over integrations,S,mast:JWST/product/jw05893008007_02101_00005_nrca2_cal.fits,SCIENCE,,CAL,,CALJWST,2.0.0,5893,jw05893008007_02101_00005_nrca2_cal.fits,117570240,264984831,PUBLIC,2,F200W
264984336,JWST,image,jw05893008007_02101_00004_nrca2,exposure (L2b): 2D calibrated exposure average over integrations,S,mast:JWST/product/jw05893008007_02101_00004_nrca2_cal.fits,SCIENCE,,CAL,,CALJWST,2.0.0,5893,jw05893008007_02101_00004_nrca2_cal.fits,117570240,264984831,PUBLIC,2,F200W
264984342,JWST,image,jw05893008007_02101_00006_nrca4,exposure (L2b): 2D calibrated exposure average over integrations,S,mast:JWST/product/jw05893008007_02101_00006_nrca4_cal.fits,SCIENCE,,CAL,,CALJWST,2.0.0,5893,jw05893008007_02101_00006_nrca4_cal.fits,117573120,264984831,PUBLIC,2,F200W
264984347,JWST,image,jw05893008007_02101_00005_nrcb2,exposure (L2b): 2D calibrated exposure average over integrations,S,mast:JWST/product/jw05893008007_02101_00005_nrcb2_cal.fits,SCIENCE,,CAL,,CALJWST,2.0.0,5893,jw05893008007_02101_00005_nrcb2_cal.fits,117573120,264984831,PUBLIC,2,F200W
264984350,JWST,image,jw05893008007_02101_00006_nrca3,exposure (L2b): 2D calibrated exposure average over integrations,S,mast:JWST/product/jw05893008007_02101_00006_nrca3_cal.fits,SCIENCE,,CAL,,CALJWST,2.0.0,5893,jw05893008007_02101_00006_nrca3_cal.fits,117573120,264984831,PUBLIC,2,F200W
264984352,JWST,image,jw05893008007_02101_00006_nrca1,exposure (L2b): 2D calibrated exposure average over integrations,S,mast:JWST/product/jw05893008007_02101_00006_nrca1_cal.fits,SCIENCE,,CAL,,CALJWST,2.0.0,5893,jw05893008007_02101_00006_nrca1_cal.fits,117570240,264984831,PUBLIC,2,F200W
264984354,JWST,image,jw05893008007_02101_00006_nrcb1,exposure (L2b): 2D calibrated exposure average over integrations,S,mast:JWST/product/jw05893008007_02101_00006_nrcb1_cal.fits,SCIENCE,,CAL,,CALJWST,2.0.0,5893,jw05893008007_02101_00006_nrcb1_cal.fits,117573120,264984831,PUBLIC,2,F200W
264984355,JWST,image,jw05893008007_02101_00005_nrcb4,exposure (L2b): 2D calibrated exposure average over integrations,S,mast:JWST/product/jw05893008007_02101_00005_nrcb4_cal.fits,SCIENCE,,CAL,,CALJWST,2.0.0,5893,jw05893008007_02101_00005_nrcb4_cal.fits,117573120,264984831,PUBLIC,2,F200W
264984360,JWST,image,jw05893008007_02101_00006_nrcb3,exposure (L2b): 2D calibrated exposure average over integrations,S,mast:JWST/product/jw05893008007_02101_00006_nrcb3_cal.fits,SCIENCE,,CAL,,CALJWST,2.0.0,5893,jw05893008007_02101_00006_nrcb3_cal.fits,117573120,264984831,PUBLIC,2,F200W
264984361,JWST,image,jw05893008007_02101_00006_nrca2,exposure (L2b): 2D calibrated exposure average over integrations,S,mast:JWST/product/jw05893008007_02101_00006_nrca2_cal.fits,SCIENCE,,CAL,,CALJWST,2.0.0,5893,jw05893008007_02101_00006_nrca2_cal.fits,117570240,264984831,PUBLIC,2,F200W
264984363,JWST,image,jw05893008007_02101_00005_nrca4,exposure (L2b): 2D calibrated exposure average over integrations,S,mast:JWST/product/jw05893008007_02101_00005_nrca4_cal.fits,SCIENCE,,CAL,,CALJWST,2.0.0,5893,jw05893008007_02101_00005_nrca4_cal.fits,117573120,264984831,PUBLIC,2,F200W
264984366,JWST,image,jw05893008007_02101_00005_nrca3,exposure (L2b): 2D calibrated exposure average over integrations,S,mast:JWST/product/jw05893008007_02101_00005_nrca3_cal.fits,SCIENCE,,CAL,,CALJWST,2.0.0,5893,jw05893008007_02101_00005_nrca3_cal.fits,117573120,264984831,PUBLIC,2,F200W
264984369,JWST,image,jw05893008007_02101_00006_nrcb2,exposure (L2b): 2D calibrated exposure average over integrations,S,mast:JWST/product/jw05893008007_02101_00006_nrcb2_cal.fits,SCIENCE,,CAL,,CALJWST,2.0.0,5893,jw05893008007_02101_00006_nrcb2_cal.fits,117573120,264984831,PUBLIC,2,F200W
264984370,JWST,image,jw05893008007_02101_00005_nrca1,exposure (L2b): 2D calibrated exposure average over integrations,S,mast:JWST/product/jw05893008007_02101_00005_nrca1_cal.fits,SCIENCE,,CAL,,CALJWST,2.0.0,5893,jw05893008007_02101_00005_nrca1_cal.fits,117570240,264984831,PUBLIC,2,F200W
264984371,JWST,image,jw05893008007_02101_00005_nrcb1,exposure (L2b): 2D calibrated exposure average over integrations,S,mast:JWST/product/jw05893008007_02101_00005_nrcb1_cal.fits,SCIENCE,,CAL,,CALJWST,2.0.0,5893,jw05893008007_02101_00005_nrcb1_cal.fits,117573120,264984831,PUBLIC,2,F200W
264984372,JWST,image,jw05893008007_02101_00006_nrcb4,exposure (L2b): 2D calibrated exposure average over integrations,S,mast:JWST/product/jw05893008007_02101_00006_nrcb4_cal.fits,SCIENCE,,CAL,,CALJWST,2.0.0,5893,jw05893008007_02101_00006_nrcb4_cal.fits,117573120,264984831,PUBLIC,2,F200W
264984381,JWST,image,jw05893008005_02101_00001_nrca4,exposure (L2b): 2D calibrated exposure average over integrations,S,mast:JWST/product/jw05893008005_02101_00001_nrca4_cal.fits,SCIENCE,,CAL,,CALJWST,2.0.0,5893,jw05893008005_02101_00001_nrca4_cal.fits,117573120,264984831,PUBLIC,2,F200W
264984382,JWST,image,jw05893008005_02101_00001_nrcb3,exposure (L2b): 2D calibrated exposure average over integrations,S,mast:JWST/product/jw05893008005_02101_00001_nrcb3_cal.fits,SCIENCE,,CAL,,CALJWST,2.0.0,5893,jw05893008005_02101_00001_nrcb3_cal.fits,117573120,264984831,PUBLIC,2,F200W
264984383,JWST,image,jw05893008005_02101_00001_nrcb4,exposure (L2b): 2D calibrated exposure average over integrations,S,mast:JWST/product/jw05893008005_02101_00001_nrcb4_cal.fits,SCIENCE,,CAL,,CALJWST,2.0.0,5893,jw05893008005_02101_00001_nrcb4_cal.fits,117573120,264984831,PUBLIC,2,F200W
264984384,JWST,image,jw05893008005_02101_00001_nrca3,exposure (L2b): 2D calibrated exposure average over integrations,S,mast:JWST/product/jw05893008005_02101_00001_nrca3_cal.fits,SCIENCE,,CAL,,CALJWST,2.0.0,5893,jw05893008005_02101_00001_nrca3_cal.fits,117573120,264984831,PUBLIC,2,F200W
264984385,JWST,image,jw05893008005_02101_00001_nrcb1,exposure (L2b): 2D calibrated exposure average over integrations,S,mast:JWST/product/jw05893008005_02101_00001_nrcb1_cal.fits,SCIENCE,,CAL,,CALJWST,2.0.0,5893,jw05893008005_02101_00001_nrcb1_cal.fits,117573120,264984831,PUBLIC,2,F200W
264984387,JWST,image,jw05893008005_02101_00001_nrca2,exposure (L2b): 2D calibrated exposure average over integrations,S,mast:JWST/product/jw05893008005_02101_00001_nrca2_cal.fits,SCIENCE,,CAL,,CALJWST,2.0.0,5893,jw05893008005_02101_00001_nrca2_cal.fits,117570240,264984831,PUBLIC,2,F200W
264984389,JWST,image,jw05893008005_02101_00001_nrcb2,exposure (L2b): 2D calibrated exposure average over integrations,S,mast:JWST/product/jw05893008005_02101_00001_nrcb2_cal.fits,SCIENCE,,CAL,,CALJWST,2.0.0,5893,jw05893008005_02101_00001_nrcb2_cal.fits,117573120,264984831,PUBLIC,2,F200W
264984391,JWST,image,jw05893008005_02101_00001_nrca1,exposure (L2b): 2D calibrated exposure average over integrations,S,mast:JWST/product/jw05893008005_02101_00001_nrca1_cal.fits,SCIENCE,,CAL,,CALJWST,2.0.0,5893,jw05893008005_02101_00001_nrca1_cal.fits,117570240,264984831,PUBLIC,2,F200W
264984393,JWST,image,jw05893008005_02101_00003_nrca1,exposure (L2b): 2D calibrated exposure average over integrations,S,mast:JWST/product/jw05893008005_02101_00003_nrca1_cal.fits,SCIENCE,,CAL,,CALJWST,2.0.0,5893,jw05893008005_02101_00003_nrca1_cal.fits,117570240,264984831,PUBLIC,2,F200W
264984394,JWST,image,jw05893008005_02101_00002_nrca4,exposure (L2b): 2D calibrated exposure average over integrations,S,mast:JWST/product/jw05893008005_02101_00002_nrca4_cal.fits,SCIENCE,,CAL,,CALJWST,2.0.0,5893,jw05893008005_02101_00002_nrca4_cal.fits,117573120,264984831,PUBLIC,2,F200W
264984395,JWST,image,jw05893008005_02101_00003_nrcb4,exposure (L2b): 2D calibrated exposure average over integrations,S,mast:JWST/product/jw05893008005_02101_00003_nrcb4_cal.fits,SCIENCE,,CAL,,CALJWST,2.0.0,5893,jw05893008005_02101_00003_nrcb4_cal.fits,117573120,264984831,PUBLIC,2,F200W
264984396,JWST,image,jw05893008005_02101_00002_nrcb1,exposure (L2b): 2D calibrated exposure average over integrations,S,mast:JWST/product/jw05893008005_02101_00002_nrcb1_cal.fits,SCIENCE,,CAL,,CALJWST,2.0.0,5893,jw05893008005_02101_00002_nrcb1_cal.fits,117573120,264984831,PUBLIC,2,F200W
264984397,JWST,image,jw05893008005_02101_00003_nrca2,exposure (L2b): 2D calibrated exposure average over integrations,S,mast:JWST/product/jw05893008005_02101_00003_nrca2_cal.fits,SCIENCE,,CAL,,CALJWST,2.0.0,5893,jw05893008005_02101_00003_nrca2_cal.fits,117570240,264984831,PUBLIC,2,F200W
264984398,JWST,image,jw05893008005_02101_00003_nrcb2,exposure (L2b): 2D calibrated exposure average over integrations,S,mast:JWST/product/jw05893008005_02101_00003_nrcb2_cal.fits,SCIENCE,,CAL,,CALJWST,2.0.0,5893,jw05893008005_02101_00003_nrcb2_cal.fits,117573120,264984831,PUBLIC,2,F200W
264984400,JWST,image,jw05893008005_02101_00002_nrcb3,exposure (L2b): 2D calibrated exposure average over integrations,S,mast:JWST/product/jw05893008005_02101_00002_nrcb3_cal.fits,SCIENCE,,CAL,,CALJWST,2.0.0,5893,jw05893008005_02101_00002_nrcb3_cal.fits,117573120,264984831,PUBLIC,2,F200W
264984401,JWST,image,jw05893008005_02101_00002_nrcb4,exposure (L2b): 2D calibrated exposure average over integrations,S,mast:JWST/product/jw05893008005_02101_00002_nrcb4_cal.fits,SCIENCE,,CAL,,CALJWST,2.0.0,5893,jw05893008005_02101_00002_nrcb4_cal.fits,117573120,264984831,PUBLIC,2,F200W
264984402,JWST,image,jw05893008005_02101_00002_nrca2,exposure (L2b): 2D calibrated exposure average over integrations,S,mast:JWST/product/jw05893008005_02101_00002_nrca2_cal.fits,SCIENCE,,CAL,,CALJWST,2.0.0,5893,jw05893008005_02101_00002_nrca2_cal.fits,117570240,264984831,PUBLIC,2,F200W
264984403,JWST,image,jw05893008005_02101_00002_nrca1,exposure (L2b): 2D calibrated exposure average over integrations,S,mast:JWST/product/jw05893008005_02101_00002_nrca1_cal.fits,SCIENCE,,CAL,,CALJWST,2.0.0,5893,jw05893008005_02101_00002_nrca1_cal.fits,117570240,264984831,PUBLIC,2,F200W
264984404,JWST,image,jw05893008005_02101_00002_nrca3,exposure (L2b): 2D calibrated exposure average over integrations,S,mast:JWST/product/jw05893008005_02101_00002_nrca3_cal.fits,SCIENCE,,CAL,,CALJWST,2.0.0,5893,jw05893008005_02101_00002_nrca3_cal.fits,117573120,264984831,PUBLIC,2,F200W
264984406,JWST,image,jw05893008005_02101_00002_nrcb2,exposure (L2b): 2D calibrated exposure average over integrations,S,mast:JWST/product/jw05893008005_02101_00002_nrcb2_cal.fits,SCIENCE,,CAL,,CALJWST,2.0.0,5893,jw05893008005_02101_00002_nrcb2_cal.fits,117573120,264984831,PUBLIC,2,F200W
264984417,JWST,image,jw05893008007_02101_00005_nrcb3,exposure (L2b): 2D calibrated exposure average over integrations,S,mast:JWST/product/jw05893008007_02101_00005_nrcb3_cal.fits,SCIENCE,,CAL,,CALJWST,2.0.0,5893,jw05893008007_02101_00005_nrcb3_cal.fits,117573120,264984831,PUBLIC,2,F200W
264984423,JWST,image,jw05893008005_02101_00005_nrcb4,exposure (L2b): 2D calibrated exposure average over integrations,S,mast:JWST/product/jw05893008005_02101_00005_nrcb4_cal.fits,SCIENCE,,CAL,,CALJWST,2.0.0,5893,jw05893008005_02101_00005_nrcb4_cal.fits,117573120,264984831,PUBLIC,2,F200W
264984424,JWST,image,jw05893008005_02101_00006_nrca2,exposure (L2b): 2D calibrated exposure average over integrations,S,mast:JWST/product/jw05893008005_02101_00006_nrca2_cal.fits,SCIENCE,,CAL,,CALJWST,2.0.0,5893,jw05893008005_02101_00006_nrca2_cal.fits,117570240,264984831,PUBLIC,2,F200W
264984425,JWST,image,jw05893008005_02101_00006_nrcb1,exposure (L2b): 2D calibrated exposure average over integrations,S,mast:JWST/product/jw05893008005_02101_00006_nrcb1_cal.fits,SCIENCE,,CAL,,CALJWST,2.0.0,5893,jw05893008005_02101_00006_nrcb1_cal.fits,117573120,264984831,PUBLIC,2,F200W
264984426,JWST,image,jw05893008005_02101_00004_nrca1,exposure (L2b): 2D calibrated exposure average over integrations,S,mast:JWST/product/jw05893008005_02101_00004_nrca1_cal.fits,SCIENCE,,CAL,,CALJWST,2.0.0,5893,jw05893008005_02101_00004_nrca1_cal.fits,117570240,264984831,PUBLIC,2,F200W
264984428,JWST,image,jw05893008005_02101_00004_nrcb1,exposure (L2b): 2D calibrated exposure average over integrations,S,mast:JWST/product/jw05893008005_02101_00004_nrcb1_cal.fits,SCIENCE,,CAL,,CALJWST,2.0.0,5893,jw05893008005_02101_00004_nrcb1_cal.fits,117573120,264984831,PUBLIC,2,F200W
264984429,JWST,image,jw05893008005_02101_00005_nrcb1,exposure (L2b): 2D calibrated exposure average over integrations,S,mast:JWST/product/jw05893008005_02101_00005_nrcb1_cal.fits,SCIENCE,,CAL,,CALJWST,2.0.0,5893,jw05893008005_02101_00005_nrcb1_cal.fits,117573120,264984831,PUBLIC,2,F200W
264984431,JWST,image,jw05893008005_02101_00005_nrcb2,exposure (L2b): 2D calibrated exposure average over integrations,S,mast:JWST/product/jw05893008005_02101_00005_nrcb2_cal.fits,SCIENCE,,CAL,,CALJWST,2.0.0,5893,jw05893008005_02101_00005_nrcb2_cal.fits,117573120,264984831,PUBLIC,2,F200W
264984433,JWST,image,jw05893008005_02101_00004_nrcb2,exposure (L2b): 2D calibrated exposure average over integrations,S,mast:JWST/product/jw05893008005_02101_00004_nrcb2_cal.fits,SCIENCE,,CAL,,CALJWST,2.0.0,5893,jw05893008005_02101_00004_nrcb2_cal.fits,117573120,264984831,PUBLIC,2,F200W
264984434,JWST,image,jw05893008005_02101_00006_nrcb3,exposure (L2b): 2D calibrated exposure average over integrations,S,mast:JWST/product/jw05893008005_02101_00006_nrcb3_cal.fits,SCIENCE,,CAL,,CALJWST,2.0.0,5893,jw05893008005_02101_00006_nrcb3_cal.fits,117573120,264984831,PUBLIC,2,F200W
264984436,JWST,image,jw05893008005_02101_00006_nrcb4,exposure (L2b): 2D calibrated exposure average over integrations,S,mast:JWST/product/jw05893008005_02101_00006_nrcb4_cal.fits,SCIENCE,,CAL,,CALJWST,2.0.0,5893,jw05893008005_02101_00006_nrcb4_cal.fits,117573120,264984831,PUBLIC,2,F200W
264984437,JWST,image,jw05893008005_02101_00006_nrca1,exposure (L2b): 2D calibrated exposure average over integrations,S,mast:JWST/product/jw05893008005_02101_00006_nrca1_cal.fits,SCIENCE,,CAL,,CALJWST,2.0.0,5893,jw05893008005_02101_00006_nrca1_cal.fits,117570240,264984831,PUBLIC,2,F200W
264984438,JWST,image,jw05893008005_02101_00005_nrca1,exposure (L2b): 2D calibrated exposure average over integrations,S,mast:JWST/product/jw05893008005_02101_00005_nrca1_cal.fits,SCIENCE,,CAL,,CALJWST,2.0.0,5893,jw05893008005_02101_00005_nrca1_cal.fits,117570240,264984831,PUBLIC,2,F200W
264984439,JWST,image,jw05893008005_02101_00005_nrca3,exposure (L2b): 2D calibrated exposure average over integrations,S,mast:JWST/product/jw05893008005_02101_00005_nrca3_cal.fits,SCIENCE,,CAL,,CALJWST,2.0.0,5893,jw05893008005_02101_00005_nrca3_cal.fits,117573120,264984831,PUBLIC,2,F200W
264984440,JWST,image,jw05893008005_02101_00003_nrca3,exposure (L2b): 2D calibrated exposure average over integrations,S,mast:JWST/product/jw05893008005_02101_00003_nrca3_cal.fits,SCIENCE,,CAL,,CALJWST,2.0.0,5893,jw05893008005_02101_00003_nrca3_cal.fits,117573120,264984831,PUBLIC,2,F200W
264984441,JWST,image,jw05893008005_02101_00003_nrca4,exposure (L2b): 2D calibrated exposure average over integrations,S,mast:JWST/product/jw05893008005_02101_00003_nrca4_cal.fits,SCIENCE,,CAL,,CALJWST,2.0.0,5893,jw05893008005_02101_00003_nrca4_cal.fits,117573120,264984831,PUBLIC,2,F200W
264984442,JWST,image,jw05893008005_02101_00004_nrcb3,exposure (L2b): 2D calibrated exposure average over integrations,S,mast:JWST/product/jw05893008005_02101_00004_nrcb3_cal.fits,SCIENCE,,CAL,,CALJWST,2.0.0,5893,jw05893008005_02101_00004_nrcb3_cal.fits,117573120,264984831,PUBLIC,2,F200W
264984443,JWST,image,jw05893008005_02101_00003_nrcb3,exposure (L2b): 2D calibrated exposure average over integrations,S,mast:JWST/product/jw05893008005_02101_00003_nrcb3_cal.fits,SCIENCE,,CAL,,CALJWST,2.0.0,5893,jw05893008005_02101_00003_nrcb3_cal.fits,117573120,264984831,PUBLIC,2,F200W
264984445,JWST,image,jw05893008005_02101_00006_nrcb2,exposure (L2b): 2D calibrated exposure average over integrations,S,mast:JWST/product/jw05893008005_02101_00006_nrcb2_cal.fits,SCIENCE,,CAL,,CALJWST,2.0.0,5893,jw05893008005_02101_00006_nrcb2_cal.fits,117573120,264984831,PUBLIC,2,F200W
264984446,JWST,image,jw05893008005_02101_00005_nrca2,exposure (L2b): 2D calibrated exposure average over integrations,S,mast:JWST/product/jw05893008005_02101_00005_nrca2_cal.fits,SCIENCE,,CAL,,CALJWST,2.0.0,5893,jw05893008005_02101_00005_nrca2_cal.fits,117570240,264984831,PUBLIC,2,F200W
264984447,JWST,image,jw05893008005_02101_00003_nrcb1,exposure (L2b): 2D calibrated exposure average over integrations,S,mast:JWST/product/jw05893008005_02101_00003_nrcb1_cal.fits,SCIENCE,,CAL,,CALJWST,2.0.0,5893,jw05893008005_02101_00003_nrcb1_cal.fits,117573120,264984831,PUBLIC,2,F200W
264984449,JWST,image,jw05893008005_02101_00004_nrca4,exposure (L2b): 2D calibrated exposure average over integrations,S,mast:JWST/product/jw05893008005_02101_00004_nrca4_cal.fits,SCIENCE,,CAL,,CALJWST,2.0.0,5893,jw05893008005_02101_00004_nrca4_cal.fits,117573120,264984831,PUBLIC,2,F200W
264984450,JWST,image,jw05893008005_02101_00004_nrca2,exposure (L2b): 2D calibrated exposure average over integrations,S,mast:JWST/product/jw05893008005_02101_00004_nrca2_cal.fits,SCIENCE,,CAL,,CALJWST,2.0.0,5893,jw05893008005_02101_00004_nrca2_cal.fits,117570240,264984831,PUBLIC,2,F200W
264984451,JWST,image,jw05893008005_02101_00005_nrca4,exposure (L2b): 2D calibrated exposure average over integrations,S,mast:JWST/product/jw05893008005_02101_00005_nrca4_cal.fits,SCIENCE,,CAL,,CALJWST,2.0.0,5893,jw05893008005_02101_00005_nrca4_cal.fits,117573120,264984831,PUBLIC,2,F200W
264984452,JWST,image,jw05893008005_02101_00005_nrcb3,exposure (L2b): 2D calibrated exposure average over integrations,S,mast:JWST/product/jw05893008005_02101_00005_nrcb3_cal.fits,SCIENCE,,CAL,,CALJWST,2.0.0,5893,jw05893008005_02101_00005_nrcb3_cal.fits,117573120,264984831,PUBLIC,2,F200W
264984453,JWST,image,jw05893008005_02101_00004_nrcb4,exposure (L2b): 2D calibrated exposure average over integrations,S,mast:JWST/product/jw05893008005_02101_00004_nrcb4_cal.fits,SCIENCE,,CAL,,CALJWST,2.0.0,5893,jw05893008005_02101_00004_nrcb4_cal.fits,117573120,264984831,PUBLIC,2,F200W
264984454,JWST,image,jw05893008005_02101_00004_nrca3,exposure (L2b): 2D calibrated exposure average over integrations,S,mast:JWST/product/jw05893008005_02101_00004_nrca3_cal.fits,SCIENCE,,CAL,,CALJWST,2.0.0,5893,jw05893008005_02101_00004_nrca3_cal.fits,117573120,264984831,PUBLIC,2,F200W
264984466,JWST,image,jw05893008005_02101_00006_nrca3,exposure (L2b): 2D calibrated exposure average over integrations,S,mast:JWST/product/jw05893008005_02101_00006_nrca3_cal.fits,SCIENCE,,CAL,,CALJWST,2.0.0,5893,jw05893008005_02101_00006_nrca3_cal.fits,117573120,264984831,PUBLIC,2,F200W
264984476,JWST,image,jw05893008005_02101_00006_nrca4,exposure (L2b): 2D calibrated exposure average over integrations,S,mast:JWST/product/jw05893008005_02101_00006_nrca4_cal.fits,SCIENCE,,CAL,,CALJWST,2.0.0,5893,jw05893008005_02101_00006_nrca4_cal.fits,117573120,264984831,PUBLIC,2,F200W
