intentType,obs_collection,provenance_name,instrument_name,project,filters,wave_region,target_name,target_classification,obs_id,s_ra,s_dec,dataproduct_type,proposal_pi,calib_level,t_min,t_max,t_exptime,wavelength_region,em_min,em_max,obs_title,t_obs_release,proposal_id,proposal_type,sequence_number,s_region,jpegURL,dataURL,dataRights,mtFlag,srcDen,obsid,wave_min,wave_max,distance,candidate_id,candidate_ra_deg,candidate_dec_deg,filter_norm,t_min_numeric
science,JWST,CALJWST,NIRCAM/IMAGE,JWST,F115W,INFRARED,CWEBTILE-5-7,,jw01727-o092_t062_nircam_clear-f115w,150.00143416666668,2.097852777777778,image,"Kartaltepe, Jeyhan",3,60043.32100111111,60043.33864797454,1030.728,INFRARED,1013.0000000000001,1282.0,COSMOS-Web: The JWST Cosmic Origins Survey,60043.56653922,1727,GO,,POLYGON 149.979024773 2.091375052 149.983027995 2.104510788 149.983623957 2.104320079 149.98824368 2.119295677 149.988265772 2.119288873 149.988653318 2.120545154 149.988585571 2.120566526 149.990176373 2.125482307 149.992313538 2.132410114 149.992408811 2.132380771 149.992813442 2.133631116 149.992655435 2.133680963 149.998145546 2.150645656 149.998165782 2.150639659 150.015047295 2.145056478 150.015039918 2.145033503 150.016115483 2.144677787 150.016162243 2.144825455 150.032850035 2.139493947 150.032837756 2.13945486 150.034427362 2.138947007 150.034420028 2.138922299 150.030309231 2.125836131 150.030345724 2.125824472 150.028373991 2.119547829 150.023871219 2.104361902 150.023695281 2.10441334 150.019789082 2.091239552 150.019203088 2.09141088 150.015547049 2.079672302 150.015551466 2.079670912 150.013906556 2.074389637 150.009015004 2.058253623 150.008919331 2.058282046 150.004932722 2.045131359 149.988119966 2.050126264 149.988144781 2.050208812 149.987054647 2.050532673 149.986998006 2.050343288 149.96987771 2.05528733 149.969905813 2.055382112 149.968311883 2.055842399 149.973385489 2.072953928 149.973551571 2.072903474 149.97393084 2.0741826 149.973730953 2.074243516 149.978958298 2.091396324,mast:JWST/product/jw01727-o092_t062_nircam_clear-f115w_i2d.jpg,mast:JWST/product/jw01727-o092_t062_nircam_clear-f115w_i2d.fits,PUBLIC,False,,126650159,1013.0000000000001,1282.0,0.0,804617,149.9897518986114,2.104018543404397,F115W,60043.32100111111
science,JWST,CALJWST,NIRCAM/IMAGE,JWST,F150W,INFRARED,CWEBTILE-5-7,,jw01727-o092_t062_nircam_clear-f150w,150.00143416666668,2.097852777777778,image,"Kartaltepe, Jeyhan",3,60043.345109236114,60043.362631655094,1030.728,INFRARED,1331.0,1668.0,COSMOS-Web: The JWST Cosmic Origins Survey,60043.56653922,1727,GO,,POLYGON 149.979023743 2.091370173 149.983026644 2.104505241 149.983620178 2.10431533 149.988239963 2.119292378 149.988264166 2.119284924 149.988651594 2.120540921 149.988582345 2.12056277 149.990210214 2.125593776 149.992311409 2.132405538 149.992404971 2.132376722 149.992809465 2.133626813 149.992653799 2.133675928 149.998143303 2.150641015 149.99817993 2.15063016 150.015045424 2.145051841 150.015039497 2.145033384 150.016114491 2.144677819 150.016159806 2.144820936 150.032848416 2.139489275 150.032837498 2.13945452 150.034426407 2.138946887 150.034375304 2.13877471 150.030317268 2.12585611 150.030361149 2.125842091 150.028226935 2.11904784 150.023872335 2.104360571 150.02370419 2.104409737 150.019804508 2.091256626 150.019210257 2.091430388 150.015554408 2.079691987 150.015566585 2.079688156 150.013609127 2.073402992 150.00901571 2.058252545 150.008928794 2.058278366 150.004948073 2.045148578 149.988135473 2.05014325 149.98815297 2.050201448 149.987062834 2.050525296 149.987013556 2.050360543 149.969893511 2.055304557 149.969914402 2.055375015 149.968309097 2.05583859 149.973382541 2.072949815 149.973550449 2.072898808 149.973929721 2.074177963 149.973728227 2.074239364 149.978955371 2.09139205,mast:JWST/product/jw01727-o092_t062_nircam_clear-f150w_i2d.jpg,mast:JWST/product/jw01727-o092_t062_nircam_clear-f150w_i2d.fits,PUBLIC,False,,126650161,1331.0,1668.0,0.0,804617,149.9897518986114,2.104018543404397,F150W,60043.345109236114
science,JWST,CALJWST,NIRCAM/IMAGE,JWST,F277W,INFRARED,CWEBTILE-5-7,Galaxy; Field galaxies,jw01727-o092_t062_nircam_clear-f277w,150.00143416666668,2.097852777777778,image,"Kartaltepe, Jeyhan",3,60043.32100111111,60043.33864797454,1030.728,INFRARED,2416.0,3127.0,COSMOS-Web: The JWST Cosmic Origins Survey,60043.56653922,1727,GO,,POLYGON 150.032616068 2.139448473 150.032606905 2.139418439 150.034196249 2.138909015 150.027151353 2.115816453 150.023840537 2.105000265 150.023793012 2.105014246 150.0197909 2.091895548 150.01920574 2.092067699 150.008914216 2.058696562 150.00889628 2.058701814 150.004854179 2.04559495 149.970407962 2.055680282 149.970427764 2.055746216 149.968819603 2.056217039 149.979248679 2.090942004 149.979368843 2.090903709 149.983316203 2.104046522 149.98384201 2.103878953 149.987560452 2.115747793 149.987525683 2.115758021 149.998382524 2.150410679 149.999078353 2.150197995,mast:JWST/product/jw01727-o092_t062_nircam_clear-f277w_i2d.jpg,mast:JWST/product/jw01727-o092_t062_nircam_clear-f277w_i2d.fits,PUBLIC,False,,126650160,2416.0,3127.0,0.0,804617,149.9897518986114,2.104018543404397,F277W,60043.32100111111
science,JWST,CALJWST,NIRCAM/IMAGE,JWST,F444W,INFRARED,CWEBTILE-5-7,Galaxy; Field galaxies,jw01727-o092_t062_nircam_clear-f444w,150.00143416666668,2.097852777777778,image,"Kartaltepe, Jeyhan",3,60043.345109236114,60043.362631655094,1030.728,INFRARED,3880.0,4986.0,COSMOS-Web: The JWST Cosmic Origins Survey,60043.56653922,1727,GO,,POLYGON 150.032611339 2.13945131 150.032601293 2.139418383 150.034191318 2.138908703 150.025200452 2.109440173 150.023840597 2.104997725 150.023777583 2.105016264 150.019773794 2.091893011 150.019202604 2.09206106 150.008912616 2.058693759 150.008885185 2.058701791 150.004841881 2.045590237 149.970395262 2.055675694 149.970417174 2.055748659 149.968817938 2.056216868 149.979246692 2.090942701 149.979367364 2.090904242 149.983314693 2.104047661 149.983835564 2.103881657 149.987554373 2.115750704 149.987519616 2.115760929 149.998376636 2.150411283 149.999282562 2.150134374,mast:JWST/product/jw01727-o092_t062_nircam_clear-f444w_i2d.jpg,mast:JWST/product/jw01727-o092_t062_nircam_clear-f444w_i2d.fits,PUBLIC,False,,126650162,3880.0,4986.0,0.0,804617,149.9897518986114,2.104018543404397,F444W,60043.345109236114
science,JWST,CALJWST,NIRSPEC/IMAGE,JWST,F140X;MIRROR,INFRARED,DC-536534,Galaxy; High-redshift galaxies,jw03045003001_05101_00001_nrs1,149.9718320833333,2.118186111111111,image,"Faisst, Andreas L",2,60427.0949378588,60427.09763950232,218.833,INFRARED,800.0,2000.0,Witnessing the Maturing of Teenage Galaxies at z = 4  6 with a Comprehensive UV - Optical - Sub-mm Benchmark Sample for the Community,60427.582523,3045,GO,,POLYGON 150.010401604 2.106782493 149.956174847 2.081200942 149.930504727 2.134910901 149.985338662 2.15943624,mast:JWST/product/jw03045003001_05101_00001_nrs1_cal.jpg,mast:JWST/product/jw03045003001_05101_00001_nrs1_cal.fits,PUBLIC,False,,213743709,800.0,2000.0,0.0,804617,149.9897518986114,2.104018543404397,,60427.0949378588
science,JWST,CALJWST,MIRI/IMAGE,JWST,F1000W,INFRARED,C3D-02_CWEBTILE-6-7,,jw05893-c1000_t000_miri_f1000w,149.96846,2.0072666666666668,image,"Kakiichi, Koki",3,60792.55095385417,60797.24260224537,7392.696000000004,INFRARED,9000.0,11000.0,COSMOS-3D: A Legacy Spectroscopic/Imaging Survey of the Early Universe,60797.74429388,5893,GO,,POLYGON 149.965856923 2.105952628 149.964916972 2.103910951 149.936466182 2.116944726 149.939235447 2.122985955 149.938747793 2.123209351 149.949038989 2.145659413 149.947728186 2.146259917 149.950497679 2.152301211 149.950009851 2.152524693 149.963223034 2.18134695 149.991600505 2.168027967 149.989764864 2.164041207 149.99066187 2.163620184 149.979397286 2.13915461 149.980337366 2.138713383 149.978501896 2.134726725 149.97939868 2.13430582 149.966260076 2.105767932 POLYGON 149.998407039 2.093465487 149.997467092 2.091423912 149.969016807 2.104458262 149.971786223 2.110499544 149.971298348 2.110723054 149.981590016 2.133173239 149.980278958 2.133773888 149.98304843 2.139814954 149.982560884 2.140038319 149.995774458 2.16886035 150.02279075 2.156179583 150.02338724 2.157610528 150.052211805 2.145288713 150.05051645 2.141240391 150.051427648 2.140850863 150.040954608 2.115841959 150.045439145 2.113736851 150.043603456 2.109750157 150.044500401 2.109329116 150.031360593 2.080791873 150.030957492 2.080976572 150.030017428 2.078934888 150.001567741 2.091970091 150.004337323 2.098011307 150.003849489 2.098234818 150.013845781 2.120039134 150.011567263 2.120988336 149.998810305 2.093280727 POLYGON 150.063506456 2.068488996 150.062566252 2.066447068 150.034116976 2.079482678 150.036886587 2.085523776 150.036398883 2.085747238 150.046691712 2.108197623 150.045379585 2.108798831 150.04814928 2.11483988 150.047661613 2.115063326 150.06087299 2.143878276 150.062051606 2.14333305 150.089252092 2.130564386 150.087416319 2.126577801 150.088313149 2.126156793 150.077046996 2.101690585 150.077988449 2.10124863 150.07615288 2.097262326 150.077049169 2.096841575 150.068101224 2.077408916 150.063888222 2.068314065,mast:JWST/product/jw05893-c1000_t000_miri_f1000w_i2d.jpg,mast:JWST/product/jw05893-c1000_t000_miri_f1000w_i2d.fits,PUBLIC,False,,262854743,9000.0,11000.0,0.0,804617,149.9897518986114,2.104018543404397,,60792.55095385417
science,JWST,CALJWST,MIRI/IMAGE,JWST,F2100W,INFRARED,C3D-02_CWEBTILE-6-7,,jw05893-c1000_t000_miri_f2100w,149.96846,2.0072666666666668,image,"Kakiichi, Koki",3,60792.520344247685,60797.22381263889,14785.392000000014,INFRARED,18500.0,23500.0,COSMOS-3D: A Legacy Spectroscopic/Imaging Survey of the Early Universe,60797.74429388,5893,GO,,POLYGON 149.966271365 2.105766793 149.937820181 2.118800611 149.938443711 2.120160854 149.936843346 2.12089398 149.9374669 2.122254274 149.935866397 2.12298746 149.948303427 2.15011857 149.948105357 2.150209308 149.948728933 2.151569557 149.947128479 2.152302744 149.960341727 2.181125102 149.960744321 2.180936148 149.960891729 2.181257686 149.989269362 2.16793852 149.988650376 2.166594161 149.990246148 2.165845157 149.989627121 2.164500707 149.99075335 2.16397209 149.992892895 2.168638904 149.99329508 2.168450134 149.99344261 2.16877193 150.02008884 2.156264966 150.020515469 2.157288425 150.020923947 2.157113814 150.021060106 2.157440454 150.049884878 2.145118557 150.049313131 2.143753266 150.050934333 2.143060217 150.050362617 2.141695005 150.051983655 2.141002024 150.040952127 2.114659195 150.043108351 2.113647014 150.042489422 2.112302847 150.04408487 2.111553909 150.043465839 2.11020951 150.044591801 2.109680958 150.045956148 2.112656771 150.045757082 2.112747981 150.046380748 2.114108263 150.044780261 2.114841586 150.057994722 2.143663251 150.058397239 2.143474303 150.058535345 2.143775517 150.062162107 2.142097783 150.086920922 2.130475217 150.086301822 2.129130761 150.087897663 2.128381602 150.087278589 2.127037206 150.088874346 2.126288085 150.076391741 2.099180039 150.076633614 2.099066494 150.076014529 2.09772201 150.077610456 2.096972814 150.065980816 2.071716044 150.064462934 2.068439291 150.064066695 2.068620853 150.063920474 2.068303289 150.035470788 2.081338908 150.036094382 2.082699096 150.034494146 2.083432303 150.035117765 2.084792543 150.033949808 2.085327684 150.031921869 2.080923285 150.031518077 2.081108299 150.031371871 2.080790759 150.002921783 2.093825987 150.003545383 2.095186227 150.001945011 2.095919463 150.002568629 2.097279741 150.001398944 2.097815649 149.999371577 2.093412198 149.99896775 2.093597213 149.998821548 2.09327966 149.970370877 2.10631407 149.970994421 2.10767428 149.969394141 2.108407414 149.970017755 2.109767772 149.968848793 2.110303303 149.966821335 2.105899439 149.966417588 2.106084406,mast:JWST/product/jw05893-c1000_t000_miri_f2100w_i2d.jpg,mast:JWST/product/jw05893-c1000_t000_miri_f2100w_i2d.fits,PUBLIC,False,,262854789,18500.0,23500.0,0.0,804617,149.9897518986114,2.104018543404397,,60792.520344247685
science,JWST,CALJWST,MIRI/IMAGE,JWST,F1000W,INFRARED,C3D-02_CWEBTILE-6-7,,jw05893-o002_t002_miri_f1000w,149.96846,2.0072666666666668,image,"Kakiichi, Koki",3,60792.55095385417,60793.61679930556,6468.609000000002,INFRARED,9000.0,11000.0,COSMOS-3D: A Legacy Spectroscopic/Imaging Survey of the Early Universe,60794.87124996,5893,GO,,POLYGON 149.965856923 2.105952628 149.964916972 2.103910951 149.936466182 2.116944726 149.939235447 2.122985955 149.938747793 2.123209351 149.949038989 2.145659413 149.947728186 2.146259917 149.950497679 2.152301211 149.950009851 2.152524693 149.963223034 2.18134695 149.991600505 2.168027967 149.989764864 2.164041207 149.99066187 2.163620184 149.979397286 2.13915461 149.980337366 2.138713383 149.978501896 2.134726725 149.97939868 2.13430582 149.966260076 2.105767932 POLYGON 149.998810305 2.093280727 149.998407039 2.093465487 149.997467092 2.091423912 149.969016807 2.104458262 149.971786223 2.110499544 149.971298348 2.110723054 149.981590016 2.133173239 149.980278958 2.133773888 149.98304843 2.139814954 149.982560884 2.140038319 149.995774458 2.16886035 150.024151467 2.155540878 150.022315872 2.151554366 150.023212566 2.15113347 150.011947532 2.126667684 150.012887852 2.12622632 150.011052211 2.12223945 150.011949408 2.121818324 POLYGON 150.003849489 2.098234818 150.017063075 2.127056681 150.045439145 2.113736851 150.043603456 2.109750157 150.044500401 2.109329116 150.031360593 2.080791873 150.030957492 2.080976572 150.030017428 2.078934888 150.001567741 2.091970091 150.004337323 2.098011307 POLYGON 150.062566252 2.066447068 150.034116976 2.079482678 150.036886587 2.085523776 150.036398883 2.085747238 150.046691712 2.108197623 150.045379585 2.108798831 150.04814928 2.11483988 150.047661613 2.115063326 150.06087299 2.143878276 150.062051606 2.14333305 150.089252092 2.130564386 150.087416319 2.126577801 150.088313149 2.126156793 150.077046996 2.101690585 150.077988449 2.10124863 150.07615288 2.097262326 150.077049169 2.096841575 150.068101224 2.077408916 150.063888222 2.068314065 150.063506456 2.068488996,mast:JWST/product/jw05893-o002_t002_miri_f1000w_i2d.jpg,mast:JWST/product/jw05893-o002_t002_miri_f1000w_i2d.fits,PUBLIC,False,,262848533,9000.0,11000.0,0.0,804617,149.9897518986114,2.104018543404397,,60792.55095385417
science,JWST,CALJWST,MIRI/IMAGE,JWST,F2100W,INFRARED,C3D-02_CWEBTILE-6-7,,jw05893-o002_t002_miri_f2100w,149.96846,2.0072666666666668,image,"Kakiichi, Koki",3,60792.520344247685,60793.598041550926,12937.218000000012,INFRARED,18500.0,23500.0,COSMOS-3D: A Legacy Spectroscopic/Imaging Survey of the Early Universe,60794.87124996,5893,GO,,POLYGON 149.9374669 2.122254274 149.935866397 2.12298746 149.948303427 2.15011857 149.948105357 2.150209308 149.948728933 2.151569557 149.947128479 2.152302744 149.960341727 2.181125102 149.960744321 2.180936148 149.960891729 2.181257686 149.989269362 2.16793852 149.988650376 2.166594161 149.990246148 2.165845157 149.989627121 2.164500707 149.99075335 2.16397209 149.992892895 2.168638904 149.99329508 2.168450134 149.99344261 2.16877193 150.021819863 2.155452451 150.021200681 2.154107693 150.022796895 2.153358447 150.022177855 2.152014009 150.023773689 2.151264939 150.01129204 2.124156666 150.011533749 2.124043212 150.010914738 2.122698764 150.012042771 2.122169284 150.014181828 2.126834975 150.014584848 2.1266458 150.01473216 2.126967112 150.043108351 2.113647014 150.042489422 2.112302847 150.04408487 2.111553909 150.043465839 2.11020951 150.044591801 2.109680958 150.045956148 2.112656771 150.045757082 2.112747981 150.046380748 2.114108263 150.044780261 2.114841586 150.057994722 2.143663251 150.058397239 2.143474303 150.058535345 2.143775517 150.062162107 2.142097783 150.086920922 2.130475217 150.086301822 2.129130761 150.087897663 2.128381602 150.087278589 2.127037206 150.088874346 2.126288085 150.076391741 2.099180039 150.076633614 2.099066494 150.076014529 2.09772201 150.077610456 2.096972814 150.065980816 2.071716044 150.064462934 2.068439291 150.064066695 2.068620853 150.063920474 2.068303289 150.035470788 2.081338908 150.036094382 2.082699096 150.034494146 2.083432303 150.035117765 2.084792543 150.033949808 2.085327684 150.031921869 2.080923285 150.031518077 2.081108299 150.031371871 2.080790759 150.002921783 2.093825987 150.003545383 2.095186227 150.001945011 2.095919463 150.002568629 2.097279741 150.001398944 2.097815649 149.999371577 2.093412198 149.99896775 2.093597213 149.998821548 2.09327966 149.970370877 2.10631407 149.970994421 2.10767428 149.969394141 2.108407414 149.970017755 2.109767772 149.968848793 2.110303303 149.966821335 2.105899439 149.966417588 2.106084406 149.966271365 2.105766793 149.937820181 2.118800611 149.938443711 2.120160854 149.936843346 2.12089398,mast:JWST/product/jw05893-o002_t002_miri_f2100w_i2d.jpg,mast:JWST/product/jw05893-o002_t002_miri_f2100w_i2d.fits,PUBLIC,False,,262823263,18500.0,23500.0,0.0,804617,149.9897518986114,2.104018543404397,,60792.520344247685
science,JWST,CALJWST,NIRCAM/IMAGE,JWST,F115W,INFRARED,C3D-06_CWEBTILE-5-7,,jw05893-o006_t006_nircam_clear-f115w,150.00143416666668,2.097852777777778,image,"Kakiichi, Koki",3,60804.19836278935,60804.94581027778,7472.784,INFRARED,1013.0000000000001,1282.0,COSMOS-3D: A Legacy Spectroscopic/Imaging Survey of the Early Universe,60805.318368,5893,GO,,POLYGON 149.917867375 2.108697498 149.917340307 2.10888802 149.916898131 2.107644829 149.9174559 2.107443767 149.911557413 2.090859826 149.910949617 2.09106949 149.910214586 2.089002871 149.893369115 2.094813702 149.899310196 2.111643708 149.899372073 2.111621404 149.899816365 2.112879983 149.899721231 2.11291437 149.90581798 2.129777757 149.905832378 2.129772326 149.908099323 2.136042507 149.908747348 2.135798039 149.910569943 2.140960861 149.910592064 2.140952887 149.91105014 2.142206525 149.910980995 2.142231518 149.917077985 2.159094862 149.917092404 2.159089422 149.919359439 2.165359573 149.919449262 2.165325687 149.925554507 2.181346637 149.925850171 2.181231812 149.928221814 2.187721982 149.928183679 2.18773619 149.929237783 2.190502233 149.930058715 2.19274875 149.930089609 2.192737479 149.930557918 2.193966348 149.930465253 2.194000872 149.936813635 2.210659117 149.936957205 2.210608462 149.953409505 2.204218841 149.951834788 2.200058242 149.952470882 2.199811197 149.946246048 2.183364094 149.945720055 2.183560065 149.945314889 2.182433 149.945885938 2.182224669 149.940641504 2.167635829 149.943250501 2.174614313 149.943648233 2.174464484 149.945603234 2.179911304 149.945632507 2.179900741 149.946098613 2.181199345 149.946076338 2.181207462 149.946706662 2.182893412 149.947884861 2.186175942 149.947928073 2.186160349 149.948411241 2.187452687 149.948357969 2.187472099 149.954511614 2.203931092 149.970905498 2.197755227 149.970849058 2.197603212 149.985961567 2.19173375 149.984386772 2.187572996 149.985023026 2.187325879 149.97879807 2.170878841 149.978271975 2.171074858 149.977866804 2.169947795 149.978437951 2.16973942 149.9731935 2.155150898 149.975802432 2.162129008 149.976200092 2.1619792 149.978155209 2.167426266 149.978184465 2.167415709 149.978650575 2.168714309 149.978628318 2.16872242 149.979258153 2.170407038 149.980436842 2.173690889 149.980480071 2.173675289 149.980963245 2.174967623 149.980909956 2.174987042 149.987063664 2.191445993 150.003457369 2.185270014 150.003400353 2.185116449 150.018514465 2.179245759 150.016939679 2.175085398 150.017575444 2.174838448 150.011350068 2.158391587 150.010824403 2.158587463 150.0104192 2.157460417 150.01098992 2.157252178 150.005751494 2.142681608 150.00835408 2.149642275 150.008752424 2.149492196 150.010707427 2.154938415 150.010736617 2.15492788 150.011202765 2.156226465 150.011180575 2.156234552 150.011808504 2.157913914 150.012989208 2.161203076 150.013032512 2.161187448 150.013515724 2.162479764 150.013462359 2.162499212 150.019616543 2.178957968 150.036009916 2.172781466 150.035953077 2.172628391 150.051069235 2.166756495 150.049494604 2.16259677 150.050127143 2.162351055 150.043901458 2.145904328 150.043379039 2.146099009 150.042973824 2.144971995 150.043541289 2.144764928 150.038390192 2.130438135 150.040899462 2.137149127 150.041298891 2.136998635 150.043255103 2.142447926 150.043289739 2.142435425 150.043755904 2.143733982 150.043728272 2.143744053 150.044510295 2.145835421 150.045543646 2.148713926 150.04558154 2.148700249 150.04606478 2.149992572 150.046016819 2.150010052 150.052171296 2.16646868 150.068564406 2.160291838 150.067013675 2.156115738 150.06761481 2.155889229 150.067446922 2.155414204 150.061571654 2.139591938 150.061019573 2.13979316 150.060577833 2.138542123 150.061121944 2.138345732 150.055310232 2.121886342 150.054698992 2.122099504 150.054636998 2.12193254 150.053963747 2.120025795 150.053933007 2.120036515 150.050419511 2.110573715 150.050486186 2.110548926 150.048328556 2.104694646 150.044044938 2.092561877 150.043881545 2.092618855 150.038114555 2.076597327 150.037585059 2.076784567 150.033177721 2.064825029 150.032601608 2.065032178 150.032174078 2.063872051 150.032167354 2.063853369 150.032742652 2.063642962 150.026850566 2.047272488 150.026257629 2.047482152 150.025515407 2.045419961 150.008980353 2.051266706 150.014897985 2.067828484 150.014927762 2.067817594 150.015319359 2.068913564 150.015295309 2.068922211 150.020314361 2.082772125 150.019859811 2.08292896 150.019123089 2.080858025 150.019064026 2.080878404 150.015516332 2.071230762 150.014986398 2.071422352 150.014544178 2.070179183 150.015104812 2.069977054 150.009205711 2.053393376 150.008603456 2.053601164 150.007870579 2.051540869 149.991025785 2.057352522 149.991416041 2.058457913 149.976425602 2.063758154 149.982343005 2.08032003 149.982381103 2.080306098 149.982772712 2.081402117 149.982740313 2.081413765 149.987758151 2.095260942 149.987311707 2.095414968 149.986576449 2.093348033 149.986514857 2.093369283 149.982969118 2.083726642 149.98244198 2.083917211 149.981999767 2.082674042 149.982557611 2.082472929 149.976658682 2.065889174 149.976050889 2.066098862 149.975315815 2.064032299 149.958470792 2.069843669 149.95886006 2.07094631 149.943875557 2.076244038 149.949792638 2.092806042 149.949830922 2.092792043 149.950222508 2.093888076 149.950189927 2.093899789 149.955207672 2.107747554 149.954761135 2.107901597 149.954026098 2.105835079 149.953964377 2.105856371 149.950418561 2.096212913 149.949891771 2.096403341 149.949449584 2.095160158 149.950007078 2.094959187 149.944108486 2.0783753 149.943500849 2.078584917 149.942765752 2.07651816 149.92592047 2.082329155 149.926309448 2.083431045 149.911324404 2.08872876 149.917241371 2.10529082 149.917279549 2.10527686 149.917671125 2.106372897 149.917638652 2.106384571 149.922656339 2.120232484 149.922209463 2.120386637 149.921474374 2.118319942 149.921413157 2.118341059,mast:JWST/product/jw05893-o006_t006_nircam_clear-f115w_i2d.jpg,mast:JWST/product/jw05893-o006_t006_nircam_clear-f115w_i2d.fits,PUBLIC,False,,263953855,1013.0000000000001,1282.0,0.0,804617,149.9897518986114,2.104018543404397,F115W,60804.19836278935
science,JWST,CALJWST,NIRCAM/IMAGE,JWST,F200W,INFRARED,C3D-06_CWEBTILE-5-7,,jw05893-o006_t006_nircam_clear-f200w,150.00143416666668,2.097852777777778,image,"Kakiichi, Koki",3,60804.16779245371,60804.92679696759,14945.568,INFRARED,1755.0,2226.0,COSMOS-3D: A Legacy Spectroscopic/Imaging Survey of the Early Universe,60805.318368,5893,GO,,POLYGON 149.912551603 2.092348972 149.912065159 2.090981306 149.911617327 2.091135774 149.911515209 2.090848663 149.894667985 2.096659565 149.895220729 2.09822544 149.893691075 2.098753031 149.89424378 2.100318802 149.892714038 2.100846423 149.898655275 2.117677291 149.899101575 2.117516429 149.899205213 2.117810023 149.900252905 2.1174324 149.900600135 2.118393036 149.899066733 2.118947173 149.905162443 2.135811184 149.905604153 2.135644586 149.905712354 2.135943927 149.905978661 2.135843485 149.909915085 2.146994469 149.90998693 2.146968573 149.91044479 2.148221621 149.910326559 2.148264347 149.916422488 2.165128323 149.916562109 2.165075663 149.922679694 2.18112992 149.922975323 2.181015101 149.92718383 2.192532131 149.927626348 2.192370691 149.927733803 2.19266475 149.928791747 2.192278787 149.929144511 2.193204511 149.927590424 2.19378357 149.93394036 2.210446951 149.934375426 2.210277976 149.934490159 2.210579051 149.934506642 2.210573236 149.951084383 2.204134473 149.950518793 2.202640168 149.951143472 2.202397539 149.951635786 2.203714346 149.952074425 2.203549113 149.952185773 2.203846937 149.968580579 2.197670951 149.968524283 2.197519324 149.983636213 2.191649791 149.983070498 2.190155152 149.983695647 2.189912333 149.984187961 2.191229114 149.984626107 2.19106406 149.984737593 2.191362254 150.001132252 2.185186241 150.001075343 2.185032964 150.016189002 2.179162121 150.015624748 2.177671483 150.016249812 2.177428673 150.016740713 2.178741561 150.01717891 2.178576471 150.017290362 2.178874547 150.033684677 2.172697979 150.033627981 2.172545289 150.048741594 2.166673852 150.04817361 2.165173492 150.048798659 2.164930672 150.049293312 2.166253523 150.04973156 2.166088402 150.049842934 2.166386243 150.066236915 2.160209145 150.065672608 2.158689528 150.067211409 2.158109727 150.066651051 2.156600701 150.068187867 2.156021644 150.068082454 2.155723392 150.062141879 2.139725519 150.06169976 2.13988665 150.061589975 2.139590997 150.060504956 2.139986433 150.060167107 2.139029601 150.061691797 2.138479238 150.055880103 2.122019681 150.055431013 2.122176318 150.055328208 2.121885156 150.055157338 2.121944753 150.050973513 2.110676747 150.050994709 2.110668867 150.050062424 2.108138335 150.044613565 2.092704963 150.044406183 2.092777291 150.03862452 2.076716634 150.038177924 2.076874549 150.038072647 2.076582102 150.037982385 2.076614018 150.033687216 2.064954322 150.033245654 2.065113065 150.033137972 2.06482075 150.03204201 2.065214752 150.031723864 2.064330914 150.033251981 2.063771956 150.027359328 2.047401526 150.026914733 2.047558725 150.026810071 2.047267959 150.010274652 2.053114434 150.010829476 2.054667102 150.010201339 2.054889189 150.009714862 2.053521591 150.00926796 2.053675764 150.009165611 2.053388038 149.992319047 2.05919971 149.992709838 2.060306652 149.977725503 2.065604436 149.978280046 2.067156368 149.977650616 2.067378904 149.977165065 2.06601387 149.976719449 2.066167593 149.976616449 2.065878026 149.959769678 2.071689477 149.960159393 2.072793409 149.945175416 2.078090639 149.945729954 2.07964266 149.945102744 2.079864391 149.944616315 2.0784968 149.944168452 2.078651285 149.944066343 2.078364205 149.927219309 2.084175269 149.927608566 2.085277976 149.912624293 2.090575108 149.913178857 2.092127235,mast:JWST/product/jw05893-o006_t006_nircam_clear-f200w_i2d.jpg,mast:JWST/product/jw05893-o006_t006_nircam_clear-f200w_i2d.fits,PUBLIC,False,,263954198,1755.0,2226.0,0.0,804617,149.9897518986114,2.104018543404397,F200W,60804.16779245371
science,JWST,CALJWST,NIRCAM/IMAGE,JWST,F356W,INFRARED,C3D-06_CWEBTILE-5-7,,jw05893-o006_t006_nircam_clear-f356w,150.00143416666668,2.097852777777778,image,"Kakiichi, Koki",3,60804.19836278935,60804.94581027778,7472.784,INFRARED,3140.0,3980.0,COSMOS-3D: A Legacy Spectroscopic/Imaging Survey of the Early Universe,60805.318368,5893,GO,,POLYGON 149.910887502 2.140787844 149.913203303 2.147040521 149.913168886 2.147052585 149.914581338 2.150866185 149.91734546 2.15860869 149.917385036 2.158593815 149.919626915 2.164873399 149.919751892 2.164826425 149.92578489 2.181114876 149.926137451 2.180981688 149.937044985 2.210429831 149.937191298 2.210376802 149.97067092 2.1977285 149.970611377 2.197563966 150.003222793 2.185243289 150.003162682 2.185077187 150.035775341 2.172754749 150.035714176 2.17258575 150.068320619 2.160264783 150.066805808 2.156079592 150.067387699 2.155859706 150.058301538 2.130755502 150.055313148 2.122524091 150.054747372 2.122722466 150.044061838 2.093196521 150.043955433 2.093233827 150.038035612 2.077032103 150.037553047 2.077200594 150.026777449 2.047707021 150.026171728 2.047918502 150.025418125 2.045855803 149.991534254 2.057685597 149.991893409 2.058691569 149.958997593 2.070175688 149.95935405 2.071174149 149.92644727 2.082661187 149.926803435 2.083658891 149.893895916 2.095145738 149.906085455 2.129291585 149.906125007 2.129276719 149.908366798 2.135556335 149.909027114 2.135308146 149.910972694 2.140757983,mast:JWST/product/jw05893-o006_t006_nircam_clear-f356w_i2d.jpg,mast:JWST/product/jw05893-o006_t006_nircam_clear-f356w_i2d.fits,PUBLIC,False,,263953756,3140.0,3980.0,0.0,804617,149.9897518986114,2.104018543404397,F356W,60804.19836278935
calibration,JWST,CALJWST,NIRSPEC,JWST,OPAQUE;G235H,INFRARED,UNKNOWN,,jw06648078001_01202_00001_nrs2,149.99480208980333,2.1191360583987167,image,"Nikolov, Nikolay",2,60788.46056508102,60788.46360443287,248.011,INFRARED,1660.0,3050.0,CAL-NRS-318: NIRSpec MOS Spectroscopic Flats,60789.1450694,6648,CAL,,POLYGON 150.022982594 2.149952274 150.025628767 2.091751753 149.965686841 2.087281616 149.963094943 2.146786394,mast:JWST/product/jw06648078001_01202_00001_nrs2_cal.jpg,mast:JWST/product/jw06648078001_01202_00001_nrs2_cal.fits,PUBLIC,False,,262819019,1660.0,3050.0,0.0,804617,149.9897518986114,2.104018543404397,,60788.46056508102
science,JWST,CALJWST,MIRI/IMAGE,JWST,F770W,INFRARED,CWEBTILE-6-6,Galaxy; Field galaxies,jw01727-o127_t055_miri_f770w,149.93429583333332,2.0196888888888886,image,"Kartaltepe, Jeyhan",3,60045.618784108796,60045.66050686342,2020.232,INFRARED,6600.0,8800.0,COSMOS-Web: The JWST Cosmic Origins Survey,60046.31192124,1727,GO,,POLYGON 149.982649866 2.122381218 149.981659398 2.122775509 149.993380489 2.152235808 149.994925746 2.151604776 149.994958172 2.151686252 149.996761844 2.15096138 150.0197921 2.141553701 150.023983238 2.139841732 150.018907264 2.127146969 150.019914663 2.126735451 150.009130412 2.099763913 150.008245985 2.097566304 150.006702458 2.098180205 150.006672221 2.098104791 149.977591842 2.109670436,mast:JWST/product/jw01727-o127_t055_miri_f770w_i2d.jpg,mast:JWST/product/jw01727-o127_t055_miri_f770w_i2d.fits,PUBLIC,False,,126650631,6600.0,8800.0,2.7286237737214276,804617,149.9897518986114,2.104018543404397,F770W,60045.618784108796
science,HST,HAP-SVM,WFC3/IR,HAP,F110W,INFRARED,ZC407302,GALAXY;HIGH REDSHIFT GALAXY,hst_12578_08_wfc3_ir_f110w_ibra08,149.9830833333,2.11425,image,"Forster Schreiber, N.",3,56215.7318336,56215.76446027,2611.750976,INFRARED,891.3000000000001,1406.3,,56580.99313651,12578,HAP,,POLYGON 150.0132358912554 2.1088241789223314 149.97922666768292 2.0876632093858527 149.96076022014873 2.118015547968324 149.9940568588878 2.138785051152212 150.0125942416111 2.110676690849368 150.0132358912554 2.1088241789223314,mast:HST/product/hst_12578_08_wfc3_ir_f110w_ibra08_drz.jpg,mast:HST/product/hst_12578_08_wfc3_ir_f110w_ibra08_drz.fits,PUBLIC,False,,26560549,891.3000000000001,1406.3,0.0,804617,149.9897518986114,2.104018543404397,F110W,56215.7318336
science,HST,HAP-SVM,WFC3/IR,HAP,F160W,INFRARED,ZC407302,GALAXY;HIGH REDSHIFT GALAXY,hst_12578_08_wfc3_ir_f160w_ibra08,149.9830833333,2.11425,image,"Forster Schreiber, N.",3,56215.60013212,56215.69796694,5223.501952,INFRARED,1393.8999999999999,1692.4,,56580.92121514,12578,HAP,,POLYGON 150.0088510049444 2.1062236318146965 149.97469930317928 2.0849913163283302 149.95623280220002 2.1152011004126074 149.96029677700668 2.118122416114791 149.9582290515212 2.1220055085454574 149.9915257416089 2.142775065723159 150.0102414597865 2.1143817327972627 150.01084747086378 2.1128854723678163 150.0067121184486 2.110106789903609 150.0088510049444 2.1062236318146965,mast:HST/product/hst_12578_08_wfc3_ir_f160w_ibra08_drz.jpg,mast:HST/product/hst_12578_08_wfc3_ir_f160w_ibra08_drz.fits,PUBLIC,False,,26560548,1393.8999999999999,1692.4,0.0,804617,149.9897518986114,2.104018543404397,F160W,56215.60013212
science,HST,HAP-SVM,WFC3/IR,HAP,detection,,ZC407302,GALAXY;HIGH REDSHIFT GALAXY,hst_12578_08_wfc3_ir_total_ibra08,149.9830833333,2.11425,image,"Forster Schreiber, N.",3,56215.60013212,56215.76446027,7835.252927999999,,,,,56580.99313651,12578,HAP,,POLYGON 150.01277244644336 2.108503562751225 149.97737294275674 2.0863094536014413 149.97502013996555 2.0850981930506363 149.97423586720024 2.085703813515924 149.95623280220002 2.1152011004126074 149.96029677700668 2.118122416114791 149.9582290515212 2.1220055085454574 149.98895894242133 2.141456952390717 149.99131184152625 2.1426681918605217 149.99181093926916 2.142454439270397 150.01238035252055 2.1109973198047056 150.01327154586627 2.109109178205912 150.01277244644336 2.108503562751225,mast:HST/product/hst_12578_08_wfc3_ir_total_ibra08_drz_color.jpg,mast:HST/product/hst_12578_08_wfc3_ir_total_ibra08_drz.fits,PUBLIC,False,,26560550,,,0.0,804617,149.9897518986114,2.104018543404397,,56215.60013212
science,HST,HAP-SVM,WFC3/UVIS,HAP,F438W,OPTICAL,ZC-407302,GALAXY;HIGH REDSHIFT GALAXY,hst_13669_06_wfc3_uvis_f438w_icjl06,149.9830833333,2.11425,image,"Carollo, Marcella",3,57201.01517581,57201.24654152,11344.0,OPTICAL,394.6,468.1,,57567.41349532,13669,HAP,,POLYGON 149.9736600418153 2.068231704753341 149.97330762707176 2.068980078906477 149.97254774976687 2.068859010188409 149.95761356530954 2.1149280329952234 149.96014655564855 2.115588415134139 149.96034478609317 2.1158415465180154 150.0038024374285 2.1268252798281337 150.00420991650603 2.126098909367019 150.00496982361915 2.1261759405183795 150.0202221056501 2.080777798519882 150.01773319735793 2.080106507179576 150.01752394975063 2.0798753943654558 149.9736600418153 2.068231704753341,mast:HST/product/hst_13669_06_wfc3_uvis_f438w_icjl06_drc.jpg,mast:HST/product/hst_13669_06_wfc3_uvis_f438w_icjl06_drc.fits,PUBLIC,False,,26614982,394.6,468.1,0.0,804617,149.9897518986114,2.104018543404397,F438W,57201.01517581
science,HST,HAP-SVM,WFC3/UVIS,HAP,detection,,ZC-407302,GALAXY;HIGH REDSHIFT GALAXY,hst_13669_06_wfc3_uvis_total_icjl06,149.9830833333,2.11425,image,"Carollo, Marcella",3,57201.01517581,57201.24654152,11344.0,,,,,57567.41349532,13669,HAP,,POLYGON 150.02023311890466 2.0807998094077065 150.0177552231796 2.080117512330645 150.01744685969476 2.0798533846539518 149.97382523241293 2.0682647229863083 149.97362700341733 2.068253715541115 149.97328560149606 2.0689910842427284 149.97254774976687 2.068859010188409 149.95761356530954 2.1149280329952234 149.96014655564855 2.115588415134139 149.96034478609317 2.1158415465180154 150.00389054191768 2.126759245659821 150.00423194223671 2.1260438813849407 150.004991849324 2.1261209125257285 150.02023311890466 2.0807998094077065,mast:HST/product/hst_13669_06_wfc3_uvis_total_icjl06_drc.jpg,mast:HST/product/hst_13669_06_wfc3_uvis_total_icjl06_drc.fits,PUBLIC,False,,26614995,,,0.0,804617,149.9897518986114,2.104018543404397,,57201.01517581
science,HST,HAP-SVM,WFC3/IR,HAP,F160W,INFRARED,COSMOS-F160W-44,UNIDENTIFIED;BLANK FIELD,hst_16259_9w_wfc3_ir_f160w_iedw9w,149.8922016667,2.092275,image,"Momcheva, Ivelina",3,59328.15938733,59328.18836807,1773.491242,INFRARED,1393.8999999999999,1692.4,,59329.00744208,16259,HAP,,POLYGON 149.88041860531007 2.035483212848471 149.86801178009614 2.067046383619001 149.87963288296478 2.0717137649013404 149.86804575695538 2.1017094780874452 149.8686161209124 2.1021013802025643 150.00754225411697 2.1532949423727077 150.0188774577486 2.1214813464227538 150.00811116382133 2.11706433598255 150.0187331875497 2.0866045104280553 149.88041860531007 2.035483212848471,mast:HST/product/hst_16259_9w_wfc3_ir_f160w_iedw9w_drz.jpg,mast:HST/product/hst_16259_9w_wfc3_ir_f160w_iedw9w_drz.fits,PUBLIC,False,,60771194,1393.8999999999999,1692.4,0.0,804617,149.9897518986114,2.104018543404397,F160W,59328.15938733
science,HST,HAP-SVM,WFC3/IR,HAP,detection,,COSMOS-F160W-44,UNIDENTIFIED;BLANK FIELD,hst_16259_9w_wfc3_ir_total_iedw9w,149.8922016667,2.092275,image,"Momcheva, Ivelina",3,59328.15938733,59328.18836807,1773.491242,,,,,59329.00744208,16259,HAP,,POLYGON 150.01880448812162 2.0866757569614567 149.89924026124947 2.0423238312699645 149.88016906464463 2.0356969527081343 149.86804742994389 2.0670107603526002 149.87963288296478 2.0717137649013404 149.86822399126854 2.10192323650168 150.00622318719033 2.1529743726125012 150.00747094227614 2.153009945836974 150.00782742286202 2.1525111817060174 150.0188774577486 2.1214813464227538 150.00811116382133 2.11706433598255 150.01880448812162 2.0866757569614567,mast:HST/product/hst_16259_9w_wfc3_ir_total_iedw9w_drz.jpg,mast:HST/product/hst_16259_9w_wfc3_ir_total_iedw9w_drz.fits,PUBLIC,False,,60771195,,,0.0,804617,149.9897518986114,2.104018543404397,,59328.15938733
science,HST,HAP-SVM,WFC3/IR,HAP,F160W,INFRARED,WFC3-PEAK2-5,CLUSTER OF GALAXIES;FILAMENT;GROUP;HIGH REDSHIFT CLUSTER;POOR CLUSTER,hst_16684_09_wfc3_ir_f160w_ienn09,150.0062458333,2.100936111111,image,"Lemaux, Brian",3,59575.69444728,59575.79235173,711.743532,INFRARED,1393.8999999999999,1692.4,,59758.10947918,16684,HAP,,POLYGON 150.03077283469975 2.0947338606238906 149.9952310708778 2.0789877682970945 149.9816841648271 2.110408862739014 150.01640656609808 2.1258346438662645 150.03077283469975 2.0947338606238906,mast:HST/product/hst_16684_09_wfc3_ir_f160w_ienn09_drz.jpg,mast:HST/product/hst_16684_09_wfc3_ir_f160w_ienn09_drz.fits,PUBLIC,False,,70641161,1393.8999999999999,1692.4,0.0,804617,149.9897518986114,2.104018543404397,F160W,59575.69444728
science,HST,HAP-SVM,WFC3/IR,HAP,G141,INFRARED,WFC3-PEAK2-5,,hst_16684_09_wfc3_ir_g141_ienn09g9,150.0062458333,2.100936111111,image,"Lemaux, Brian",2,59575.69684321,59575.70324284,552.93689,INFRARED,810.0,2009.9999999999998,,59757.96075224,16684,HAP,,POLYGON 149.98201444752797 2.1102023120867948 150.0163731325362 2.1256124340419977 150.03086239869387 2.094805272649948 149.99563679701936 2.0789998549688855 149.98201444752797 2.1102023120867948,,mast:HST/product/hst_16684_09_wfc3_ir_g141_ienn09g9_flt.fits,PUBLIC,False,,71335969,810.0,2009.9999999999998,0.0,804617,149.9897518986114,2.104018543404397,,59575.69684321
science,HST,HAP-SVM,WFC3/IR,HAP,G141,INFRARED,WFC3-PEAK2-5,,hst_16684_09_wfc3_ir_g141_ienn09ga,150.0062458333,2.100936111111,image,"Lemaux, Brian",2,59575.70348654,59575.70988654,552.93689,INFRARED,810.0,2009.9999999999998,,59757.96075224,16684,HAP,,POLYGON 149.98201471815352 2.1102022277286316 150.0163730165978 2.1256121763212055 150.0308621197593 2.09480536150418 149.995636914396 2.079000121629226 149.98201471815352 2.1102022277286316,,mast:HST/product/hst_16684_09_wfc3_ir_g141_ienn09ga_flt.fits,PUBLIC,False,,71335973,810.0,2009.9999999999998,0.0,804617,149.9897518986114,2.104018543404397,,59575.70348654
science,HST,HAP-SVM,WFC3/IR,HAP,G141,INFRARED,WFC3-PEAK2-5,,hst_16684_09_wfc3_ir_g141_ienn09gc,150.0062458333,2.100936111111,image,"Lemaux, Brian",2,59575.71061617,59575.71701617,552.93689,INFRARED,810.0,2009.9999999999998,,59757.95990728,16684,HAP,,POLYGON 149.98162330579146 2.1101545081176427 150.01598110070256 2.125564231322321 150.03046999152312 2.0947578670708 149.99524530237704 2.078952858353499 149.98162330579146 2.1101545081176427,,mast:HST/product/hst_16684_09_wfc3_ir_g141_ienn09gc_flt.fits,PUBLIC,False,,71335978,810.0,2009.9999999999998,0.0,804617,149.9897518986114,2.104018543404397,,59575.71061617
science,HST,HAP-SVM,WFC3/IR,HAP,G141,INFRARED,WFC3-PEAK2-5,,hst_16684_09_wfc3_ir_g141_ienn09ge,150.0062458333,2.100936111111,image,"Lemaux, Brian",2,59575.71725988,59575.72365951,552.93689,INFRARED,810.0,2009.9999999999998,,59757.95990728,16684,HAP,,POLYGON 149.98162355715164 2.1101544297508683 150.01598099302936 2.125563991927413 150.03046973244537 2.0947579496141753 149.99524541138572 2.0789531060523103 149.98162355715164 2.1101544297508683,,mast:HST/product/hst_16684_09_wfc3_ir_g141_ienn09ge_flt.fits,PUBLIC,False,,71335864,810.0,2009.9999999999998,0.0,804617,149.9897518986114,2.104018543404397,,59575.71725988
science,HST,HAP-SVM,WFC3/IR,HAP,G141,INFRARED,WFC3-PEAK2-5,,hst_16684_09_wfc3_ir_g141_ienn09gj,150.0062458333,2.100936111111,image,"Lemaux, Brian",2,59575.76313951,59575.76953914,552.93689,INFRARED,810.0,2009.9999999999998,,59757.96953699,16684,HAP,,POLYGON 149.98165258840166 2.110408384332326 150.01601127143203 2.125818503362981 150.0305005367134 2.0950113478127887 149.99527493712122 2.079205933162296 149.98165258840166 2.110408384332326,,mast:HST/product/hst_16684_09_wfc3_ir_g141_ienn09gj_flt.fits,PUBLIC,False,,71335882,810.0,2009.9999999999998,0.0,804617,149.9897518986114,2.104018543404397,,59575.76313951
science,HST,HAP-SVM,WFC3/IR,HAP,G141,INFRARED,WFC3-PEAK2-5,,hst_16684_09_wfc3_ir_g141_ienn09gl,150.0062458333,2.100936111111,image,"Lemaux, Brian",2,59575.76978284,59575.77618284,552.93689,INFRARED,810.0,2009.9999999999998,,59757.96953699,16684,HAP,,POLYGON 149.98165286106018 2.110408299337814 150.01601115464365 2.1258182436968474 150.0305002556833 2.095011437337292 149.995275055358 2.07920620183545 149.98165286106018 2.110408299337814,,mast:HST/product/hst_16684_09_wfc3_ir_g141_ienn09gl_flt.fits,PUBLIC,False,,71335868,810.0,2009.9999999999998,0.0,804617,149.9897518986114,2.104018543404397,,59575.76978284
science,HST,HAP-SVM,WFC3/IR,HAP,G141,INFRARED,WFC3-PEAK2-5,,hst_16684_09_wfc3_ir_g141_ienn09gn,150.0062458333,2.100936111111,image,"Lemaux, Brian",2,59575.77691247,59575.78331247,552.93689,INFRARED,810.0,2009.9999999999998,,59758.11091438,16684,HAP,,POLYGON 149.98204497712138 2.110455799589388 150.01640276925121 2.1258655185706106 150.03089165881752 2.0950591628048585 149.9956669726027 2.0792541584647006 149.98204497712138 2.110455799589388,,mast:HST/product/hst_16684_09_wfc3_ir_g141_ienn09gn_flt.fits,PUBLIC,False,,71335861,810.0,2009.9999999999998,0.0,804617,149.9897518986114,2.104018543404397,,59575.77691247
science,HST,HAP-SVM,WFC3/IR,HAP,G141,INFRARED,WFC3-PEAK2-5,,hst_16684_09_wfc3_ir_g141_ienn09go,150.0062458333,2.100936111111,image,"Lemaux, Brian",2,59575.78355617,59575.7899558,552.93689,INFRARED,810.0,2009.9999999999998,,59758.11091438,16684,HAP,,POLYGON 149.9820452264614 2.1104557218680884 150.0164026624266 2.125865281117515 150.03089140182206 2.095059244668556 149.99566708075258 2.079254404154302 149.9820452264614 2.1104557218680884,,mast:HST/product/hst_16684_09_wfc3_ir_g141_ienn09go_flt.fits,PUBLIC,False,,71335878,810.0,2009.9999999999998,0.0,804617,149.9897518986114,2.104018543404397,,59575.78355617
science,HST,HAP-SVM,WFC3/IR,HAP,detection,,WFC3-PEAK2-5,CLUSTER OF GALAXIES;FILAMENT;GROUP;HIGH REDSHIFT CLUSTER;POOR CLUSTER,hst_16684_09_wfc3_ir_total_ienn09,150.0062458333,2.100936111111,image,"Lemaux, Brian",3,59575.69444728,59575.79235173,711.743532,,,,,59758.10947918,16684,HAP,,POLYGON 150.03059459062388 2.09473386341605 149.99679960018307 2.0794865282289026 149.99530236607202 2.0792371437401633 149.99480328289545 2.079878390131432 149.9816841648271 2.110408862739014 150.01651351374136 2.1256921431760145 150.03048766420915 2.0960163649453407 150.03059459062388 2.09473386341605,mast:HST/product/hst_16684_09_wfc3_ir_total_ienn09_drz.jpg,mast:HST/product/hst_16684_09_wfc3_ir_total_ienn09_drz.fits,PUBLIC,False,,70641251,,,0.0,804617,149.9897518986114,2.104018543404397,,59575.69444728
science,HST,HAP-SVM,WFC3/IR,HAP,F160W,INFRARED,COS-Z12-2,GALAXY;HIGH REDSHIFT GALAXY,hst_17719_01_wfc3_ir_f160w_ifge01,149.999625,2.116638888889,image,"Franco, Maximilien",3,61015.15068891,61015.21740113,405.86789,INFRARED,1393.8999999999999,1692.4,,61197.53423603,17719,HAP,,POLYGON 149.9968169401005 2.0924858861787294 149.99613961319653 2.0926640100680296 149.973288338409 2.1176369234005192 150.00070271258247 2.1433227583410694 150.0248729602182 2.118919419609212 149.9968169401005 2.0924858861787294,mast:HST/product/hst_17719_01_wfc3_ir_f160w_ifge01_drz.jpg,mast:HST/product/hst_17719_01_wfc3_ir_f160w_ifge01_drz.fits,PUBLIC,False,,365051937,1393.8999999999999,1692.4,0.0,804617,149.9897518986114,2.104018543404397,F160W,61015.15068891
science,HST,HAP-SVM,WFC3/IR,HAP,G141,INFRARED,COS-Z12-2,,hst_17719_01_wfc3_ir_g141_ifge01rk,149.999625,2.116638888889,image,"Franco, Maximilien",2,61015.15337409,61015.16729705,1202.936035,INFRARED,810.0,2009.9999999999998,,61197.53480321,17719,HAP,,POLYGON 149.97369203623705 2.117514873278743 150.0011586731166 2.1432641617842414 150.02489573340236 2.1188493430775597 149.99673781310796 2.0924441840295054 149.97369203623705 2.117514873278743,,mast:HST/product/hst_17719_01_wfc3_ir_g141_ifge01rk_flt.fits,PUBLIC,False,,365051933,810.0,2009.9999999999998,0.0,804617,149.9897518986114,2.104018543404397,,61015.15337409
science,HST,HAP-SVM,WFC3/IR,HAP,G141,INFRARED,COS-Z12-2,,hst_17719_01_wfc3_ir_g141_ifge01rz,149.999625,2.116638888889,image,"Franco, Maximilien",2,61015.16802668,61015.18079224,1102.935669,INFRARED,810.0,2009.9999999999998,,61197.53480321,17719,HAP,,POLYGON 149.97333789203097 2.117342414082541 150.00080368311257 2.1430909260406756 150.02454002468502 2.1186768566375 149.9963829714717 2.0922724938711874 149.97333789203097 2.117342414082541,,mast:HST/product/hst_17719_01_wfc3_ir_g141_ifge01rz_flt.fits,PUBLIC,False,,365051936,810.0,2009.9999999999998,0.0,804617,149.9897518986114,2.104018543404397,,61015.16802668
science,HST,HAP-SVM,WFC3/IR,HAP,G141,INFRARED,COS-Z12-2,,hst_17719_01_wfc3_ir_g141_ifge01ti,149.999625,2.116638888889,image,"Franco, Maximilien",2,61015.21773742,61015.23166039,1202.936035,INFRARED,810.0,2009.9999999999998,,61197.53480321,17719,HAP,,POLYGON 149.97328269379526 2.117591981995242 150.00074938553888 2.1433413341814567 150.0244865054599 2.118926468108736 149.9963285289243 2.092521243776513 149.97328269379526 2.117591981995242,,mast:HST/product/hst_17719_01_wfc3_ir_g141_ifge01ti_flt.fits,PUBLIC,False,,365051934,810.0,2009.9999999999998,0.0,804617,149.9897518986114,2.104018543404397,,61015.21773742
science,HST,HAP-SVM,WFC3/IR,HAP,G141,INFRARED,COS-Z12-2,,hst_17719_01_wfc3_ir_g141_ifge01tk,149.999625,2.116638888889,image,"Franco, Maximilien",2,61015.23239039,61015.24515594,1102.935669,INFRARED,810.0,2009.9999999999998,,61197.53480321,17719,HAP,,POLYGON 149.97363838762323 2.117764486489661 150.00110423530887 2.1435130310159547 150.02484061356543 2.119098917737738 149.996683502332 2.092694521656882 149.97363838762323 2.117764486489661,,mast:HST/product/hst_17719_01_wfc3_ir_g141_ifge01tk_flt.fits,PUBLIC,False,,365051935,810.0,2009.9999999999998,0.0,804617,149.9897518986114,2.104018543404397,,61015.23239039
science,HST,HAP-SVM,WFC3/IR,HAP,detection,,COS-Z12-2,GALAXY;HIGH REDSHIFT GALAXY,hst_17719_01_wfc3_ir_total_ifge01,149.999625,2.116638888889,image,"Franco, Maximilien",3,61015.15068891,61015.21740113,405.86789,,,,,61197.53423603,17719,HAP,,POLYGON 149.99695953489226 2.092699636325214 149.99531968935685 2.0935546332039334 149.973288338409 2.1176369234005192 150.00013231321327 2.1428240089740713 150.0012731113655 2.143180257618008 150.02462341227948 2.118776923771779 149.99695953489226 2.092699636325214,mast:HST/product/hst_17719_01_wfc3_ir_total_ifge01_drz.jpg,mast:HST/product/hst_17719_01_wfc3_ir_total_ifge01_drz.fits,PUBLIC,False,,365051938,,,0.0,804617,149.9897518986114,2.104018543404397,,61015.15068891
science,HST,HAP-SVM,WFC3/IR,HAP,F160W,INFRARED,COS-Z12-2,GALAXY;HIGH REDSHIFT GALAXY,hst_17719_02_wfc3_ir_f160w_ifge02,149.999625,2.116638888889,image,"Franco, Maximilien",3,61017.70079298,61017.76747039,405.86789,INFRARED,1393.8999999999999,1692.4,,61200.14771988,17719,HAP,,POLYGON 149.99681696217004 2.0924858775585866 149.9961396352661 2.0926640014478863 149.97328836047868 2.1176369147803773 150.000702734652 2.143322749720926 150.02487298228758 2.118919410989069 149.99681696217004 2.0924858775585866,mast:HST/product/hst_17719_02_wfc3_ir_f160w_ifge02_drz.jpg,mast:HST/product/hst_17719_02_wfc3_ir_f160w_ifge02_drz.fits,PUBLIC,False,,365765264,1393.8999999999999,1692.4,0.0,804617,149.9897518986114,2.104018543404397,F160W,61017.70079298
science,HST,HAP-SVM,WFC3/IR,HAP,G141,INFRARED,COS-Z12-2,,hst_17719_02_wfc3_ir_g141_ifge02fj,149.999625,2.116638888889,image,"Franco, Maximilien",2,61017.70347816,61017.71740113,1202.936035,INFRARED,810.0,2009.9999999999998,,61200.28736105,17719,HAP,,POLYGON 149.97369204374476 2.11751486407735 150.0011586506081 2.1432641244449564 150.02489568496924 2.1188493324294897 149.99673779544645 2.0924442022355807 149.97369204374476 2.11751486407735,,mast:HST/product/hst_17719_02_wfc3_ir_g141_ifge02fj_flt.fits,PUBLIC,False,,365765260,810.0,2009.9999999999998,0.0,804617,149.9897518986114,2.104018543404397,,61017.70347816
science,HST,HAP-SVM,WFC3/IR,HAP,G141,INFRARED,COS-Z12-2,,hst_17719_02_wfc3_ir_g141_ifge02fk,149.999625,2.116638888889,image,"Franco, Maximilien",2,61017.71813113,61017.73089631,1102.935669,INFRARED,810.0,2009.9999999999998,,61200.28736105,17719,HAP,,POLYGON 149.9733378796795 2.1173424042975557 150.00080366241616 2.1430909084540306 150.02453999678485 2.1186768464644445 149.99638295212645 2.092272491698388 149.9733378796795 2.1173424042975557,,mast:HST/product/hst_17719_02_wfc3_ir_g141_ifge02fk_flt.fits,PUBLIC,False,,365765261,810.0,2009.9999999999998,0.0,804617,149.9897518986114,2.104018543404397,,61017.71813113
science,HST,HAP-SVM,WFC3/IR,HAP,G141,INFRARED,COS-Z12-2,,hst_17719_02_wfc3_ir_g141_ifge02fr,149.999625,2.116638888889,image,"Franco, Maximilien",2,61017.76780705,61017.78173002,1202.936035,INFRARED,810.0,2009.9999999999998,,61200.28736105,17719,HAP,,POLYGON 149.973282701535 2.1175919727960277 150.0007493630328 2.1433412966398704 150.02448645680738 2.118926457459546 149.9963285112788 2.0925212621911475 149.973282701535 2.1175919727960277,,mast:HST/product/hst_17719_02_wfc3_ir_g141_ifge02fr_flt.fits,PUBLIC,False,,365765262,810.0,2009.9999999999998,0.0,804617,149.9897518986114,2.104018543404397,,61017.76780705
science,HST,HAP-SVM,WFC3/IR,HAP,G141,INFRARED,COS-Z12-2,,hst_17719_02_wfc3_ir_g141_ifge02ft,149.999625,2.116638888889,image,"Franco, Maximilien",2,61017.78245965,61017.7952252,1102.935669,INFRARED,810.0,2009.9999999999998,,61200.28736105,17719,HAP,,POLYGON 149.97363837436455 2.117764476684255 150.00110421469478 2.1435130143086245 150.02484058658194 2.119098907580137 149.99668348288904 2.0926945185768946 149.97363837436455 2.117764476684255,,mast:HST/product/hst_17719_02_wfc3_ir_g141_ifge02ft_flt.fits,PUBLIC,False,,365765263,810.0,2009.9999999999998,0.0,804617,149.9897518986114,2.104018543404397,,61017.78245965
science,HST,HAP-SVM,WFC3/IR,HAP,detection,,COS-Z12-2,GALAXY;HIGH REDSHIFT GALAXY,hst_17719_02_wfc3_ir_total_ifge02,149.999625,2.116638888889,image,"Franco, Maximilien",3,61017.70079298,61017.76747039,405.86789,,,,,61200.14771988,17719,HAP,,POLYGON 149.9969595569618 2.092699627705071 149.99531971142642 2.0935546245837906 149.97328836047868 2.1176369147803773 150.00016798523606 2.1428596253198653 150.001273133435 2.1431802489978646 150.02462343434888 2.118776915151637 149.9969595569618 2.092699627705071,mast:HST/product/hst_17719_02_wfc3_ir_total_ifge02_drz.jpg,mast:HST/product/hst_17719_02_wfc3_ir_total_ifge02_drz.fits,PUBLIC,False,,365765265,,,0.0,804617,149.9897518986114,2.104018543404397,,61017.70079298
science,HST,HAP-SVM,WFC3/IR,HAP,F160W,INFRARED,COS-Z12-2,GALAXY;HIGH REDSHIFT GALAXY,hst_17719_03_wfc3_ir_f160w_ifge03,149.999625,2.116638888889,image,"Franco, Maximilien",3,61019.00864039,61019.07529446,405.86789,INFRARED,1393.8999999999999,1692.4,,61201.41818281,17719,HAP,,POLYGON 149.996816989492 2.0924858784296894 149.99613966258806 2.092664002318989 149.97328838780064 2.11763691565148 150.00070276197397 2.14332275059203 150.02487300960956 2.1189194118601726 149.996816989492 2.0924858784296894,mast:HST/product/hst_17719_03_wfc3_ir_f160w_ifge03_drz.jpg,mast:HST/product/hst_17719_03_wfc3_ir_f160w_ifge03_drz.fits,PUBLIC,False,,365837297,1393.8999999999999,1692.4,0.0,804617,149.9897518986114,2.104018543404397,F160W,61019.00864039
science,HST,HAP-SVM,WFC3/IR,HAP,G141,INFRARED,COS-Z12-2,,hst_17719_03_wfc3_ir_g141_ifge03n3,149.999625,2.116638888889,image,"Franco, Maximilien",2,61019.01132557,61019.02524853,1202.936035,INFRARED,810.0,2009.9999999999998,,61201.46057873,17719,HAP,,POLYGON 149.97369206469472 2.1175148646908633 150.00115864870946 2.1432641036402638 150.02489566332994 2.1188493319303494 149.99673779723076 2.092444223699837 149.97369206469472 2.1175148646908633,,mast:HST/product/hst_17719_03_wfc3_ir_g141_ifge03n3_flt.fits,PUBLIC,False,,365837296,810.0,2009.9999999999998,0.0,804617,149.9897518986114,2.104018543404397,,61019.01132557
science,HST,HAP-SVM,WFC3/IR,HAP,G141,INFRARED,COS-Z12-2,,hst_17719_03_wfc3_ir_g141_ifge03n8,149.999625,2.116638888889,image,"Franco, Maximilien",2,61019.02597816,61019.03874372,1102.935669,INFRARED,810.0,2009.9999999999998,,61201.46057873,17719,HAP,,POLYGON 149.97333788526896 2.1173424044636966 150.00080366192202 2.1430909029007235 150.02453999101135 2.118676846328753 149.9963829525897 2.092272497427728 149.97333788526896 2.1173424044636966,,mast:HST/product/hst_17719_03_wfc3_ir_g141_ifge03n8_flt.fits,PUBLIC,False,,365837293,810.0,2009.9999999999998,0.0,804617,149.9897518986114,2.104018543404397,,61019.02597816
science,HST,HAP-SVM,WFC3/IR,HAP,G141,INFRARED,COS-Z12-2,,hst_17719_03_wfc3_ir_g141_ifge03o4,149.999625,2.116638888889,image,"Franco, Maximilien",2,61019.07563113,61019.08955409,1202.936035,INFRARED,810.0,2009.9999999999998,,61201.46057873,17719,HAP,,POLYGON 149.97328272239113 2.117591973416662 150.00074936114294 2.1433412759314803 150.024486435265 2.1189264569524218 149.99632851305483 2.0925212835559788 149.97328272239113 2.117591973416662,,mast:HST/product/hst_17719_03_wfc3_ir_g141_ifge03o4_flt.fits,PUBLIC,False,,365837289,810.0,2009.9999999999998,0.0,804617,149.9897518986114,2.104018543404397,,61019.07563113
science,HST,HAP-SVM,WFC3/IR,HAP,G141,INFRARED,COS-Z12-2,,hst_17719_03_wfc3_ir_g141_ifge03o6,149.999625,2.116638888889,image,"Franco, Maximilien",2,61019.09028372,61019.10304928,1102.935669,INFRARED,810.0,2009.9999999999998,,61201.46057873,17719,HAP,,POLYGON 149.97363837984472 2.1177644768444046 150.0011042141941 2.1435130088769268 150.02484058092148 2.1190989074498496 149.99668348335993 2.0926945241807884 149.97363837984472 2.1177644768444046,,mast:HST/product/hst_17719_03_wfc3_ir_g141_ifge03o6_flt.fits,PUBLIC,False,,365837290,810.0,2009.9999999999998,0.0,804617,149.9897518986114,2.104018543404397,,61019.09028372
science,HST,HAP-SVM,WFC3/IR,HAP,detection,,COS-Z12-2,GALAXY;HIGH REDSHIFT GALAXY,hst_17719_03_wfc3_ir_total_ifge03,149.999625,2.116638888889,image,"Franco, Maximilien",3,61019.00864039,61019.07529446,405.86789,,,,,61201.41818281,17719,HAP,,POLYGON 149.99695958428376 2.092699628576174 149.99531973874838 2.0935546254548933 149.97328838780064 2.11763691565148 150.00013236260475 2.1428240012250312 150.00127316075697 2.143180249868968 150.02462346167087 2.1187769160227403 149.99695958428376 2.092699628576174,mast:HST/product/hst_17719_03_wfc3_ir_total_ifge03_drz.jpg,mast:HST/product/hst_17719_03_wfc3_ir_total_ifge03_drz.fits,PUBLIC,False,,365837298,,,0.0,804617,149.9897518986114,2.104018543404397,,61019.00864039
science,HST,HAP-SVM,WFC3/IR,HAP,F160W,INFRARED,COS-Z12-2,GALAXY;HIGH REDSHIFT GALAXY,hst_17719_07_wfc3_ir_f160w_ifge07,149.999625,2.116638888889,image,"Franco, Maximilien",3,61051.1124849,61051.17909268,405.86789,INFRARED,1393.8999999999999,1692.4,,61232.69359938,17719,HAP,,POLYGON 149.99069221272632 2.094039428881852 149.99008618137904 2.0943244253551185 149.97447152077146 2.1243917508990577 150.00755435022936 2.142133178332961 150.02459452022228 2.1123148721650677 149.99069221272632 2.094039428881852,mast:HST/product/hst_17719_07_wfc3_ir_f160w_ifge07_drz.jpg,mast:HST/product/hst_17719_07_wfc3_ir_f160w_ifge07_drz.fits,PUBLIC,False,,376915047,1393.8999999999999,1692.4,0.0,804617,149.9897518986114,2.104018543404397,F160W,61051.1124849
science,HST,HAP-SVM,WFC3/IR,HAP,G141,INFRARED,COS-Z12-2,,hst_17719_07_wfc3_ir_g141_ifge07m4,149.999625,2.116638888889,image,"Franco, Maximilien",2,61051.11517008,61051.12909305,1202.936035,INFRARED,810.0,2009.9999999999998,,61232.6947568,17719,HAP,,POLYGON 149.97480328402582 2.1241917533021337 150.00800208569834 2.1419590299392093 150.02460629779054 2.1122376780879804 149.99057023068855 2.094015647656143 149.97480328402582 2.1241917533021337,,mast:HST/product/hst_17719_07_wfc3_ir_g141_ifge07m4_flt.fits,PUBLIC,False,,376915045,810.0,2009.9999999999998,0.0,804617,149.9897518986114,2.104018543404397,,61051.11517008
science,HST,HAP-SVM,WFC3/IR,HAP,G141,INFRARED,COS-Z12-2,,hst_17719_07_wfc3_ir_g141_ifge07m5,149.999625,2.116638888889,image,"Franco, Maximilien",2,61051.12982268,61051.14258823,1102.935669,INFRARED,810.0,2009.9999999999998,,61232.6947568,17719,HAP,,POLYGON 149.9744164789171 2.1241167874627003 150.00761435161004 2.141883567794997 150.02421809912923 2.1121630461536625 149.99018298440583 2.0939415247070383 149.9744164789171 2.1241167874627003,,mast:HST/product/hst_17719_07_wfc3_ir_g141_ifge07m5_flt.fits,PUBLIC,False,,376915044,810.0,2009.9999999999998,0.0,804617,149.9897518986114,2.104018543404397,,61051.12982268
science,HST,HAP-SVM,WFC3/IR,HAP,G141,INFRARED,COS-Z12-2,,hst_17719_07_wfc3_ir_g141_ifge07mc,149.999625,2.116638888889,image,"Franco, Maximilien",2,61051.17942897,61051.19335231,1202.936035,INFRARED,810.0,2009.9999999999998,,61232.6947568,17719,HAP,,POLYGON 149.9744278625633 2.124372111934793 150.00762673722718 2.142139425578218 150.02423098583836 2.1124180118018083 149.99019484394495 2.0941959434474313 149.9744278625633 2.124372111934793,,mast:HST/product/hst_17719_07_wfc3_ir_g141_ifge07mc_flt.fits,PUBLIC,False,,376915043,810.0,2009.9999999999998,0.0,804617,149.9897518986114,2.104018543404397,,61051.17942897
science,HST,HAP-SVM,WFC3/IR,HAP,G141,INFRARED,COS-Z12-2,,hst_17719_07_wfc3_ir_g141_ifge07me,149.999625,2.116638888889,image,"Franco, Maximilien",2,61051.19408193,61051.20684749,1102.935669,INFRARED,810.0,2009.9999999999998,,61232.6947568,17719,HAP,,POLYGON 149.97481605079003 2.124446750413128 150.00801398182625 2.142213558171498 150.02461775844898 2.112492990677686 149.99058258398452 2.094271441158939 149.97481605079003 2.124446750413128,,mast:HST/product/hst_17719_07_wfc3_ir_g141_ifge07me_flt.fits,PUBLIC,False,,376915046,810.0,2009.9999999999998,0.0,804617,149.9897518986114,2.104018543404397,,61051.19408193
science,HST,HAP-SVM,WFC3/IR,HAP,detection,,COS-Z12-2,GALAXY;HIGH REDSHIFT GALAXY,hst_17719_07_wfc3_ir_total_ifge07,149.999625,2.116638888889,image,"Franco, Maximilien",3,61051.1124849,61051.17909268,405.86789,,,,,61232.69359938,17719,HAP,,POLYGON 150.02395282697128 2.111851757481929 149.991939917558 2.0947163101712474 149.99069221152746 2.094253178841556 149.98990793472154 2.09475192420999 149.97447152077146 2.1243917508990577 150.0071622001545 2.1419194304112827 150.00823169565217 2.1416344246647907 150.0177500160272 2.1246055923739378 150.02427368700302 2.1129205022695916 150.02395282697128 2.111851757481929,mast:HST/product/hst_17719_07_wfc3_ir_total_ifge07_drz.jpg,mast:HST/product/hst_17719_07_wfc3_ir_total_ifge07_drz.fits,PUBLIC,False,,376915048,,,0.0,804617,149.9897518986114,2.104018543404397,,61051.1124849
science,HST,HAP-SVM,WFC3/IR,HAP,F160W,INFRARED,COS-Z12-2,GALAXY;HIGH REDSHIFT GALAXY,hst_17719_08_wfc3_ir_f160w_ifge08,149.999625,2.116638888889,image,"Franco, Maximilien",3,61048.75886193,61048.82547008,405.86789,INFRARED,1393.8999999999999,1692.4,,61230.22586811,17719,HAP,,POLYGON 149.99069212619847 2.0940394490529544 149.99008609485116 2.0943244455262215 149.97447143424338 2.1243917710701585 150.00755426370173 2.1421331985040633 150.02459443369486 2.112314892336169 149.99069212619847 2.0940394490529544,mast:HST/product/hst_17719_08_wfc3_ir_f160w_ifge08_drz.jpg,mast:HST/product/hst_17719_08_wfc3_ir_f160w_ifge08_drz.fits,PUBLIC,False,,376304137,1393.8999999999999,1692.4,0.0,804617,149.9897518986114,2.104018543404397,F160W,61048.75886193
science,HST,HAP-SVM,WFC3/IR,HAP,G141,INFRARED,COS-Z12-2,,hst_17719_08_wfc3_ir_g141_ifge08v6,149.999625,2.116638888889,image,"Franco, Maximilien",2,61048.76154712,61048.77547008,1202.936035,INFRARED,810.0,2009.9999999999998,,61230.22656251,17719,HAP,,POLYGON 149.9748032080387 2.1241917712849716 150.00800211260417 2.1419591029813962 150.02460637614746 2.1122376590292657 149.990570203559 2.0940155721299316 149.9748032080387 2.1241917712849716,,mast:HST/product/hst_17719_08_wfc3_ir_g141_ifge08v6_flt.fits,PUBLIC,False,,376304110,810.0,2009.9999999999998,0.0,804617,149.9897518986114,2.104018543404397,,61048.76154712
science,HST,HAP-SVM,WFC3/IR,HAP,G141,INFRARED,COS-Z12-2,,hst_17719_08_wfc3_ir_g141_ifge08v7,149.999625,2.116638888889,image,"Franco, Maximilien",2,61048.77620008,61048.78896564,1102.935669,INFRARED,810.0,2009.9999999999998,,61230.22656251,17719,HAP,,POLYGON 149.97441641750783 2.12411680199671 150.007614373354 2.141883626811964 150.02421816245368 2.112163030750223 149.99018296248113 2.093941463682974 149.97441641750783 2.12411680199671,,mast:HST/product/hst_17719_08_wfc3_ir_g141_ifge08v7_flt.fits,PUBLIC,False,,376304127,810.0,2009.9999999999998,0.0,804617,149.9897518986114,2.104018543404397,,61048.77620008
science,HST,HAP-SVM,WFC3/IR,HAP,G141,INFRARED,COS-Z12-2,,hst_17719_08_wfc3_ir_g141_ifge08ve,149.999625,2.116638888889,image,"Franco, Maximilien",2,61048.82580675,61048.83972971,1202.936035,INFRARED,810.0,2009.9999999999998,,61230.22656251,17719,HAP,,POLYGON 149.97442778536873 2.12437213020131 150.00762676455813 2.142139499786725 150.02423106544038 2.11241799244235 149.99019481638683 2.0941958667152814 149.97442778536873 2.12437213020131,,mast:HST/product/hst_17719_08_wfc3_ir_g141_ifge08ve_flt.fits,PUBLIC,False,,376304119,810.0,2009.9999999999998,0.0,804617,149.9897518986114,2.104018543404397,,61048.82580675
science,HST,HAP-SVM,WFC3/IR,HAP,G141,INFRARED,COS-Z12-2,,hst_17719_08_wfc3_ir_g141_ifge08vg,149.999625,2.116638888889,image,"Franco, Maximilien",2,61048.84045934,61048.8532249,1102.935669,INFRARED,810.0,2009.9999999999998,,61230.22656251,17719,HAP,,POLYGON 149.97481598863627 2.124446765142626 150.0080140038217 2.1422136179210116 150.0246178225412 2.1124929750674633 149.9905825618065 2.0942713793773198 149.97481598863627 2.124446765142626,,mast:HST/product/hst_17719_08_wfc3_ir_g141_ifge08vg_flt.fits,PUBLIC,False,,376304105,810.0,2009.9999999999998,0.0,804617,149.9897518986114,2.104018543404397,,61048.84045934
science,HST,HAP-SVM,WFC3/IR,HAP,detection,,COS-Z12-2,GALAXY;HIGH REDSHIFT GALAXY,hst_17719_08_wfc3_ir_total_ifge08,149.999625,2.116638888889,image,"Franco, Maximilien",3,61048.75886193,61048.82547008,405.86789,,,,,61230.22586811,17719,HAP,,POLYGON 149.9899078481937 2.094751944381093 149.97447143424338 2.1243917710701585 150.00652041387067 2.1415988287597223 150.00801771112964 2.1418838210101474 150.0243092479865 2.1128136468806886 150.02395274044386 2.11185177765303 149.99193983103015 2.09471633034235 149.9906921249996 2.094253199012659 149.9899078481937 2.094751944381093,mast:HST/product/hst_17719_08_wfc3_ir_total_ifge08_drz.jpg,mast:HST/product/hst_17719_08_wfc3_ir_total_ifge08_drz.fits,PUBLIC,False,,376304138,,,0.0,804617,149.9897518986114,2.104018543404397,,61048.75886193
science,HST,HAP-SVM,WFC3/IR,HAP,F160W,INFRARED,COS-Z12-2,GALAXY;HIGH REDSHIFT GALAXY,hst_17719_09_wfc3_ir_f160w_ifge09,149.999625,2.116638888889,image,"Franco, Maximilien",3,61050.72018156,61050.78677786,405.86789,INFRARED,1393.8999999999999,1692.4,,61232.05174769,17719,HAP,,POLYGON 149.99069219826634 2.0940394322586213 149.99008616691907 2.094324428731888 149.97447150631146 2.1243917542758264 150.00755433576944 2.1421331817097298 150.0245945057624 2.1123148755418364 149.99069219826634 2.0940394322586213,mast:HST/product/hst_17719_09_wfc3_ir_f160w_ifge09_drz.jpg,mast:HST/product/hst_17719_09_wfc3_ir_f160w_ifge09_drz.fits,PUBLIC,False,,376914361,1393.8999999999999,1692.4,0.0,804617,149.9897518986114,2.104018543404397,F160W,61050.72018156
science,HST,HAP-SVM,WFC3/IR,HAP,G141,INFRARED,COS-Z12-2,,hst_17719_09_wfc3_ir_g141_ifge09j2,149.999625,2.116638888889,image,"Franco, Maximilien",2,61050.72286675,61050.73678971,1202.936035,INFRARED,810.0,2009.9999999999998,,61232.19174771,17719,HAP,,POLYGON 149.97480327010703 2.1241917566010007 150.00800209061904 2.1419590433066107 150.02460631214345 2.1122376745919564 149.9905702257271 2.094015633834075 149.97480327010703 2.1241917566010007,,mast:HST/product/hst_17719_09_wfc3_ir_g141_ifge09j2_flt.fits,PUBLIC,False,,376914360,810.0,2009.9999999999998,0.0,804617,149.9897518986114,2.104018543404397,,61050.72286675
science,HST,HAP-SVM,WFC3/IR,HAP,G141,INFRARED,COS-Z12-2,,hst_17719_09_wfc3_ir_g141_ifge09j3,149.999625,2.116638888889,image,"Franco, Maximilien",2,61050.73751934,61050.7502849,1102.935669,INFRARED,810.0,2009.9999999999998,,61232.19174771,17719,HAP,,POLYGON 149.97441646710934 2.124116790254919 150.00761435579807 2.1418835791395314 150.0242181113052 2.112163043194369 149.99018298018285 2.0939415129767065 149.97441646710934 2.124116790254919,,mast:HST/product/hst_17719_09_wfc3_ir_g141_ifge09j3_flt.fits,PUBLIC,False,,376914357,810.0,2009.9999999999998,0.0,804617,149.9897518986114,2.104018543404397,,61050.73751934
science,HST,HAP-SVM,WFC3/IR,HAP,G141,INFRARED,COS-Z12-2,,hst_17719_09_wfc3_ir_g141_ifge09ja,149.999625,2.116638888889,image,"Franco, Maximilien",2,61050.78711453,61050.80103749,1202.936035,INFRARED,810.0,2009.9999999999998,,61232.19174771,17719,HAP,,POLYGON 149.97442784804616 2.1243721153518913 150.00762674237126 2.1421394395140703 150.02423100080816 2.1124180081799104 149.99019483875804 2.094195929037769 149.97442784804616 2.1243721153518913,,mast:HST/product/hst_17719_09_wfc3_ir_g141_ifge09ja_flt.fits,PUBLIC,False,,376914359,810.0,2009.9999999999998,0.0,804617,149.9897518986114,2.104018543404397,,61050.78711453
science,HST,HAP-SVM,WFC3/IR,HAP,G141,INFRARED,COS-Z12-2,,hst_17719_09_wfc3_ir_g141_ifge09jc,149.999625,2.116638888889,image,"Franco, Maximilien",2,61050.80176712,61050.81453268,1102.935669,INFRARED,810.0,2009.9999999999998,,61232.19174771,17719,HAP,,POLYGON 149.97481603835453 2.124446753351477 150.0080139862212 2.1422135701406484 150.02461777127235 2.112492987563321 149.99058257955323 2.094271428782827 149.97481603835453 2.124446753351477,,mast:HST/product/hst_17719_09_wfc3_ir_g141_ifge09jc_flt.fits,PUBLIC,False,,376914358,810.0,2009.9999999999998,0.0,804617,149.9897518986114,2.104018543404397,,61050.80176712
science,HST,HAP-SVM,WFC3/IR,HAP,detection,,COS-Z12-2,GALAXY;HIGH REDSHIFT GALAXY,hst_17719_09_wfc3_ir_total_ifge09,149.999625,2.116638888889,image,"Franco, Maximilien",3,61050.72018156,61050.78677786,405.86789,,,,,61232.05174769,17719,HAP,,POLYGON 149.98990792026157 2.0947519275867594 149.97447150631146 2.1243917542758264 150.00744738548536 2.1420263072954544 150.00823168119226 2.14163442804156 150.02430932005404 2.112813630086357 150.0239528125114 2.1118517608586975 149.99193990309803 2.0947163135480165 149.9906921970675 2.0942531822183255 149.98990792026157 2.0947519275867594,mast:HST/product/hst_17719_09_wfc3_ir_total_ifge09_drz.jpg,mast:HST/product/hst_17719_09_wfc3_ir_total_ifge09_drz.fits,PUBLIC,False,,376914362,,,0.0,804617,149.9897518986114,2.104018543404397,,61050.72018156
science,HST,HAP-SVM,ACS/WFC,HAP,F435W,OPTICAL,CLUTCH-TARGET-BN,GALAXY;HIGH REDSHIFT GALAXY,hst_17802_bn_acs_wfc_f435w_jffubn,149.9452966667,2.215072222222,image,"Kartaltepe, Jeyhan",3,60683.47384228,60683.48586849,800.0,OPTICAL,370.0,479.99999999999994,,60683.74671288,17802,HAP,,POLYGON 150.0033937705759 2.0879740417935095 150.0016426135431 2.0884601718542113 150.00111447586355 2.0875573998479346 149.97384631748503 2.096612990150884 149.97408257986953 2.097557436089686 149.97358224258534 2.0978352101408113 149.97299852530088 2.0969324280897124 149.94655004854812 2.105654216028016 149.95758479446667 2.132348891785353 149.96817518887224 2.1567657077729203 149.96987083866665 2.15630739273523 149.97046847620535 2.157112953926988 149.99641735984392 2.149446321287461 149.99616717790147 2.148599101048827 149.9963617574308 2.1483629885937012 149.99669532467018 2.148293541716786 149.99722348011653 2.1491407597307286 150.02406158628762 2.1408486514504323 150.0033937705759 2.0879740417935095,mast:HST/product/hst_17802_bn_acs_wfc_f435w_jffubn_drc.jpg,mast:HST/product/hst_17802_bn_acs_wfc_f435w_jffubn_drc.fits,PUBLIC,False,,250803985,370.0,479.99999999999994,0.0,804617,149.9897518986114,2.104018543404397,F435W,60683.47384228
science,HST,HAP-SVM,ACS/WFC,HAP,F606W,OPTICAL,CLUTCH-TARGET-BN,GALAXY;HIGH REDSHIFT GALAXY,hst_17802_bn_acs_wfc_f606w_jffubn,149.9452966667,2.215072222222,image,"Kartaltepe, Jeyhan",3,60683.45966414,60683.47086849,800.0,OPTICAL,470.0,720.0,,60683.61965273,17802,HAP,,POLYGON 150.0033798752246 2.0882101529634047 150.0032269940329 2.0880434881161434 150.00160092051001 2.0885851722354682 150.00104498645038 2.087668511608089 149.97379072389356 2.096724100828184 149.9740269861596 2.097682435662789 149.9735405471338 2.097946320915014 149.97292903344265 2.097043538627336 149.94652224992393 2.1057375486437393 149.9568898945339 2.130959990437775 149.96809179524746 2.156876817900909 149.9697874451871 2.1564185029581764 149.97038508259075 2.1572379530643717 149.99637566464153 2.1495574326757083 149.99609768509404 2.1486685459703296 149.99658413613432 2.1483907647423073 149.99718178498057 2.149251871141126 150.02400599473836 2.140959763928407 150.0033798752246 2.0882101529634047,mast:HST/product/hst_17802_bn_acs_wfc_f606w_jffubn_drc.jpg,mast:HST/product/hst_17802_bn_acs_wfc_f606w_jffubn_drc.fits,PUBLIC,False,,250803730,470.0,720.0,0.0,804617,149.9897518986114,2.104018543404397,F606W,60683.45966414
science,HST,HAP-SVM,ACS/WFC,HAP,detection,,CLUTCH-TARGET-BN,GALAXY;HIGH REDSHIFT GALAXY,hst_17802_bn_acs_wfc_total_jffubn,149.9452966667,2.215072222222,image,"Kartaltepe, Jeyhan",3,60683.45966414,60683.48586849,1600.0,,,,,60683.74671288,17802,HAP,,POLYGON 150.02408938136213 2.1407653174418617 150.00336597418894 2.087960153229798 150.0016426136899 2.0884740607374015 150.00119786494542 2.087599065657176 150.000989393306 2.0875990677480307 149.97384631748503 2.096612990150884 149.97370733401266 2.0968213224124694 149.9739991905717 2.097571324375703 149.97379071613037 2.0977657672583745 149.97337377073796 2.097682430822062 149.97299852530088 2.0969324280897124 149.94649445234325 2.105779214605773 149.9575847904801 2.132571113975882 149.96811959271176 2.156876818214787 149.96981524264365 2.1564185032410452 149.97032948751334 2.1572518414022115 149.97367909010583 2.156293537671648 149.99637566464153 2.1495574326757083 149.99650075133724 2.1493768762504786 149.9961949755119 2.1486407675089643 149.99640345399806 2.1484463216075484 149.99677871845975 2.148543541040612 149.99718178498057 2.149251871141126 150.02108731356444 2.1418903900270436 150.02393650251312 2.1409875434478765 150.02408938136213 2.1407653174418617,mast:HST/product/hst_17802_bn_acs_wfc_total_jffubn_drc.jpg,mast:HST/product/hst_17802_bn_acs_wfc_total_jffubn_drc.fits,PUBLIC,False,,250803739,,,0.0,804617,149.9897518986114,2.104018543404397,,60683.45966414
science,HST,HAP-SVM,ACS/WFC,HAP,F606W,OPTICAL,CLUTCH-TARGET-CB,GALAXY;HIGH REDSHIFT GALAXY,hst_17802_cb_acs_wfc_f606w_jffucb,149.95734625,2.1837,image,"Kartaltepe, Jeyhan",3,60690.22054377,60690.23174812,676.415985,OPTICAL,470.0,720.0,,60690.53622684,17802,HAP,,POLYGON 150.01532359575617 2.0566949830657606 150.0136280651696 2.0572366677452445 150.0130999377621 2.056306117891233 149.98580452260668 2.0653617074585813 149.9860546782183 2.0663200423605734 149.98558214683536 2.0665839277816827 149.9849428493386 2.065681145371519 149.95849489985366 2.0744029390667755 149.96983518114186 2.1018059502397173 149.98010571831205 2.1255144254346052 149.98180133347492 2.125056110194265 149.9823989587828 2.125875560203503 150.0083751112408 2.11820892782541 150.0080971375389 2.117333929979006 150.00834730674023 2.117111706042062 150.0086530705654 2.1170561482902355 150.0092368085959 2.117889477058301 150.03606047367575 2.109583486218552 150.01532359575617 2.0566949830657606,mast:HST/product/hst_17802_cb_acs_wfc_f606w_jffucb_drc.jpg,mast:HST/product/hst_17802_cb_acs_wfc_f606w_jffucb_drc.fits,PUBLIC,False,,250803859,470.0,720.0,0.0,804617,149.9897518986114,2.104018543404397,F606W,60690.22054377
science,HST,HAP-SVM,ACS/WFC,HAP,detection,,CLUTCH-TARGET-CB,GALAXY;HIGH REDSHIFT GALAXY,hst_17802_cb_acs_wfc_total_jffucb,149.95734625,2.1837,image,"Kartaltepe, Jeyhan",3,60690.22054377,60690.23174812,676.415985,,,,,60690.53622684,17802,HAP,,POLYGON 150.03603267604373 2.10954182025694 150.01533749391353 2.0567227606746985 150.0136002694839 2.0572366680292986 150.0131555293817 2.056333895106268 150.01298875550154 2.0563477856362513 149.98580452260668 2.0653617074585813 149.9860546782183 2.0663200423605734 149.98558214683536 2.0665839277816827 149.9849428493386 2.065681145371519 149.95850879749997 2.074416828291544 149.96973789812793 2.1015420596770946 149.9801335152075 2.1255144257433845 149.98173184125548 2.125056109496484 149.9823016694915 2.1258894481465176 149.98385829974 2.1254589070653975 150.0083751112408 2.11820892782541 150.0080971375389 2.117333929979006 150.00834730674023 2.117111706042062 150.0086530705654 2.1170561482902355 150.0092368085959 2.117889477058301 150.03603267604373 2.10954182025694,mast:HST/product/hst_17802_cb_acs_wfc_total_jffucb_drc.jpg,mast:HST/product/hst_17802_cb_acs_wfc_total_jffucb_drc.fits,PUBLIC,False,,250803867,,,0.0,804617,149.9897518986114,2.104018543404397,,60690.22054377
science,HST,HAP-SVM,WFC3/IR,HAP,F098M,INFRARED,CLUTCH-TARGET-CO,GALAXY;HIGH REDSHIFT GALAXY,hst_17802_co_wfc3_ir_f098m_iffuco,149.993495,2.089583333333,image,"Kartaltepe, Jeyhan",3,60976.94932205,60976.96149724,805.867066,INFRARED,895.5,1076.7,,60977.249838,17802,HAP,,POLYGON 150.0179346305626 2.0818299933074793 149.9838903757162 2.065834549141925 149.98285657782498 2.0660126681160196 149.98143065613584 2.065300158877913 149.96717089385982 2.096329365438454 150.00082349704593 2.112147048681496 150.0017147260053 2.1118976687552946 150.0033902437896 2.1126101579034686 150.0182198303622 2.0825424886212764 150.0179346305626 2.0818299933074793,mast:HST/product/hst_17802_co_wfc3_ir_f098m_iffuco_drz.jpg,mast:HST/product/hst_17802_co_wfc3_ir_f098m_iffuco_drz.fits,PUBLIC,False,,355634084,895.5,1076.7,0.0,804617,149.9897518986114,2.104018543404397,F098M,60976.94932205
science,HST,HAP-SVM,WFC3/IR,HAP,detection,,CLUTCH-TARGET-CO,GALAXY;HIGH REDSHIFT GALAXY,hst_17802_co_wfc3_ir_total_iffuco,149.993495,2.089583333333,image,"Kartaltepe, Jeyhan",3,60976.94932205,60976.96149724,805.867066,,,,,60977.249838,17802,HAP,,POLYGON 149.9808246311373 2.066155154348886 149.9670995978925 2.0962224892925603 150.00028875757812 2.1118976764600133 150.00342589252463 2.1125389076688355 150.01811288764176 2.082720615334637 150.01747119638904 2.0816162507035814 149.9846389853815 2.0661908030016196 149.98157324799595 2.0654070348518494 149.9808246311373 2.066155154348886,mast:HST/product/hst_17802_co_wfc3_ir_total_iffuco_drz.jpg,mast:HST/product/hst_17802_co_wfc3_ir_total_iffuco_drz.fits,PUBLIC,False,,355634086,,,0.0,804617,149.9897518986114,2.104018543404397,,60976.94932205
science,HST,HAP-SVM,WFC3/UVIS,HAP,F275W,UV,CLUTCH-TARGET-CO,GALAXY;HIGH REDSHIFT GALAXY,hst_17802_co_wfc3_uvis_f275w_iffuco,149.993495,2.089583333333,image,"Kartaltepe, Jeyhan",3,60976.96383041,60976.97770761,1060.0,UV,243.20000000000002,305.8,,60977.27445596,17802,HAP,,POLYGON 150.02327950024176 2.0773250112078343 149.98144200774271 2.061191155437292 149.98105656176637 2.061521319531252 149.97917339886854 2.060805945116074 149.96957006472005 2.0808799712530024 149.97149729575347 2.08180446347982 149.97132108846392 2.0819695445528614 149.9693938540772 2.081276168753672 149.959680137625 2.1015372270439103 150.00182685263573 2.1184530540559696 150.00219028183764 2.118089868366833 150.00409555025425 2.1188272261287078 150.0136876544011 2.0982027117036224 150.01176037812755 2.097256260079585 150.0119475955248 2.0970691632224643 150.0138748682328 2.097773492419585 150.02327950024176 2.0773250112078343,mast:HST/product/hst_17802_co_wfc3_uvis_f275w_iffuco_drc.jpg,mast:HST/product/hst_17802_co_wfc3_uvis_f275w_iffuco_drc.fits,PUBLIC,False,,355634085,243.20000000000002,305.8,0.0,804617,149.9897518986114,2.104018543404397,F275W,60976.96383041
science,HST,HAP-SVM,WFC3/UVIS,HAP,detection,,CLUTCH-TARGET-CO,GALAXY;HIGH REDSHIFT GALAXY,hst_17802_co_wfc3_uvis_total_iffuco,149.993495,2.089583333333,image,"Kartaltepe, Jeyhan",3,60976.96383041,60976.97770761,1060.0,,,,,60977.27445596,17802,HAP,,POLYGON 150.02327950024176 2.0773250112078343 149.9816512478171 2.0613232233812826 149.98132086798475 2.06123517687634 149.9810565614726 2.061565341742257 149.979151372995 2.060871978260391 149.96961411736692 2.080780921874736 149.969625128186 2.0809239942360964 149.97150830885698 2.081782452510249 149.97131007521475 2.082002561075794 149.9693828409479 2.0812981797081815 149.959680137625 2.1015372270439103 150.00182685263573 2.1184530540559696 150.00219028183764 2.118089868366833 150.00409555025425 2.1188272261287078 150.01367664177394 2.0982247229683213 150.0117383528316 2.097300282582432 150.01198063402757 2.0970471516823883 150.013885880854 2.0977514811535043 150.02327950024176 2.0773250112078343,mast:HST/product/hst_17802_co_wfc3_uvis_total_iffuco_drc.jpg,mast:HST/product/hst_17802_co_wfc3_uvis_total_iffuco_drc.fits,PUBLIC,False,,355634087,,,0.0,804617,149.9897518986114,2.104018543404397,,60976.96383041
science,HST,HAP-SVM,WFC3/UVIS,HAP,F275W,UV,CLUTCH-TARGET-CP,GALAXY;HIGH REDSHIFT GALAXY,hst_17802_cp_wfc3_uvis_f275w_iffucp,149.9814454167,2.120955555556,image,"Kartaltepe, Jeyhan",3,60976.04768448,60976.06156168,1060.0,UV,243.20000000000002,305.8,,60976.66537029,17802,HAP,,POLYGON 150.01123274364068 2.108699813320336 149.9693944154203 2.092565961877323 149.96900896175654 2.0928961259333647 149.96712576154104 2.092180751312588 149.95752223250196 2.1122547758739127 149.9594495019927 2.1131792684876363 149.9592732911373 2.1133443495267725 149.95734601824276 2.11265097333745 149.94766514197917 2.1328349909301725 149.94770919131426 2.1330000751401843 149.98977967075953 2.149827860477252 149.99014310734066 2.1494646747517443 149.99204841471874 2.1502020323023125 150.00164071026717 2.129577516286322 149.99971339485538 2.128631065052524 149.99990061599848 2.1284439681590483 150.00182792779117 2.129148296962489 150.01123274364068 2.108699813320336,mast:HST/product/hst_17802_cp_wfc3_uvis_f275w_iffucp_drc.jpg,mast:HST/product/hst_17802_cp_wfc3_uvis_f275w_iffucp_drc.fits,PUBLIC,False,,355633754,243.20000000000002,305.8,0.0,804617,149.9897518986114,2.104018543404397,F275W,60976.04768448
science,HST,HAP-SVM,WFC3/UVIS,HAP,detection,,CLUTCH-TARGET-CP,GALAXY;HIGH REDSHIFT GALAXY,hst_17802_cp_wfc3_uvis_total_iffucp,149.9814454167,2.120955555556,image,"Kartaltepe, Jeyhan",3,60976.04768448,60976.06156168,1060.0,,,,,60976.66537029,17802,HAP,,POLYGON 150.01121071739556 2.1086888082155166 149.96960365963736 2.09269802984128 149.9692732732524 2.092609983304606 149.96900896145834 2.092940148144381 149.9671037352224 2.0922467844543062 149.95755527254855 2.112188743013137 149.95946051532133 2.113157257520169 149.95926227766083 2.1133773660475716 149.95733500488797 2.1126729842896284 149.94766514197917 2.1328349909301725 149.94770919131426 2.1330000751401843 149.98977967075953 2.149827860477252 149.99014310734066 2.1494646747517443 149.99204841471874 2.1502020323023125 150.00162969742206 2.12959952755335 149.99969136912296 2.128675087559625 149.9999336551644 2.1284219566125278 150.0018389406302 2.1291262856940527 150.01121071739556 2.1086888082155166,mast:HST/product/hst_17802_cp_wfc3_uvis_total_iffucp_drc.jpg,mast:HST/product/hst_17802_cp_wfc3_uvis_total_iffucp_drc.fits,PUBLIC,False,,355633756,,,0.0,804617,149.9897518986114,2.104018543404397,,60976.04768448
science,HST,HAP-SVM,ACS/WFC,HAP,F435W,OPTICAL,CLUTCH-TARGET-CB,GALAXY;HIGH REDSHIFT GALAXY,hst_17802_pb_acs_wfc_f435w_jffupb,149.95734625,2.1837,image,"Kartaltepe, Jeyhan",3,61059.5608121,61059.5728383,800.0,OPTICAL,370.0,479.99999999999994,,61059.79547444,17802,HAP,,POLYGON 150.01541179105135 2.056537068418367 150.0137023626553 2.0570648643775677 150.01317423544103 2.056148203410334 149.98592051679705 2.06520379339469 149.98615677449166 2.0661621281900104 149.98564254928365 2.0664399022008393 149.98505884362498 2.0655232313345686 149.95869428600452 2.074203361264784 149.96839464434797 2.0979396758368027 149.98023561358917 2.125342622846298 149.98190343166246 2.1248843072565986 149.98248715834202 2.125717646003112 150.0084772063426 2.118037124265216 150.0082131308341 2.117134348554935 150.0084910968394 2.1169260132967187 150.00882465787652 2.116939899754591 150.00929720856328 2.1177315626856585 150.03612087131134 2.1094394608619886 150.01541179105135 2.056537068418367,mast:HST/product/hst_17802_pb_acs_wfc_f435w_jffupb_drc.jpg,mast:HST/product/hst_17802_pb_acs_wfc_f435w_jffupb_drc.fits,PUBLIC,False,,377024660,370.0,479.99999999999994,0.0,804617,149.9897518986114,2.104018543404397,F435W,61059.5608121
science,HST,HAP-SVM,ACS/WFC,HAP,F606W,OPTICAL,CLUTCH-TARGET-CB,GALAXY;HIGH REDSHIFT GALAXY,hst_17802_pb_acs_wfc_f606w_jffupb,149.95734625,2.1837,image,"Kartaltepe, Jeyhan",3,61059.54663395,61059.5578383,800.0,OPTICAL,470.0,720.0,,61059.65982636,17802,HAP,,POLYGON 150.03606527913882 2.1094811288976705 150.0153423034615 2.056675958031356 150.01363287488945 2.057203753919184 150.0131186455032 2.05628709278928 149.98583712829273 2.0653426816490374 149.98608728398074 2.0662871276714374 149.98557305861533 2.0665787905459068 149.98497545502786 2.0656621195439144 149.95859699665655 2.07434224773111 149.96836684281158 2.0982174530614914 149.98013832294103 2.125481510600797 149.9818200396324 2.1250231952584473 149.98232037547953 2.1258704221085436 149.98319598003755 2.1256343193585323 150.00840771541 2.1181760136189607 150.0081297416379 2.117287126881177 150.0085188943746 2.11703712418487 150.00882465960237 2.117176010815506 150.00918602268004 2.1178843412804818 150.03606527913882 2.1094811288976705,mast:HST/product/hst_17802_pb_acs_wfc_f606w_jffupb_drc.jpg,mast:HST/product/hst_17802_pb_acs_wfc_f606w_jffupb_drc.fits,PUBLIC,False,,377024661,470.0,720.0,0.0,804617,149.9897518986114,2.104018543404397,F606W,61059.54663395
science,HST,HAP-SVM,ACS/WFC,HAP,detection,,CLUTCH-TARGET-CB,GALAXY;HIGH REDSHIFT GALAXY,hst_17802_pb_acs_wfc_total_jffupb,149.95734625,2.1837,image,"Kartaltepe, Jeyhan",3,61059.54663395,61059.5728383,1600.0,,,,,61059.79547444,17802,HAP,,POLYGON 150.03613476720815 2.109342238325161 150.01545348552185 2.056620401244191 150.01370236280002 2.0570787532607357 150.01317423544103 2.056148203410334 149.98592051679705 2.06520379339469 149.9857537401847 2.065426014356662 149.98604559081085 2.0662037940603417 149.98564254928365 2.0664399022008393 149.98505884362498 2.0655232313345686 149.95869428600452 2.074203361264784 149.95868037431757 2.0747589163030264 149.96700488231184 2.09493964995744 149.98015222138847 2.125481510755552 149.981833938076 2.1250231953980494 149.98241766476994 2.1258565341685607 149.98623974664545 2.1247593445617934 150.00840771541 2.1181760136189607 150.00854669756006 2.1179399015654 150.0082687250071 2.117231570366694 150.0085188943746 2.11703712418487 150.00882465960237 2.117176010815506 150.0092277177172 2.1178704520763416 150.0357873178905 2.109675580162381 150.03613476720815 2.109342238325161,mast:HST/product/hst_17802_pb_acs_wfc_total_jffupb_drc.jpg,mast:HST/product/hst_17802_pb_acs_wfc_total_jffupb_drc.fits,PUBLIC,False,,377024662,,,0.0,804617,149.9897518986114,2.104018543404397,,61059.54663395
science,HST,HAP-SVM,ACS/WFC,HAP,F814W,OPTICAL,COSMOS25-25,CLUSTER OF GALAXIES;BLANK SKY,hst_9822_4g_acs_wfc_f814w_j8pu4g,149.9958333333,2.119530555556,image,"Scoville, Nicholas",3,53118.5907836,53118.65728906,2028.0,OPTICAL,708.0,959.0,,53119.1611111,9822,HAP,,POLYGON 149.9603906226816 2.0960564287663126 149.97161948503162 2.1517788545992067 150.03117515342888 2.1430425280765557 150.02493415201425 2.115000997737645 150.01869340600797 2.088987218396376 149.99096664148774 2.0920984882707483 149.9603906226816 2.0960564287663126,mast:HST/product/hst_9822_4g_acs_wfc_f814w_j8pu4g_drc.jpg,mast:HST/product/hst_9822_4g_acs_wfc_f814w_j8pu4g_drc.fits,PUBLIC,False,,26353783,708.0,959.0,0.0,804617,149.9897518986114,2.104018543404397,F814W,53118.5907836
science,HST,HAP-SVM,ACS/WFC,HAP,detection,,COSMOS25-25,CLUSTER OF GALAXIES;BLANK SKY,hst_9822_4g_acs_wfc_total_j8pu4g,149.9958333333,2.119530555556,image,"Scoville, Nicholas",3,53118.5907836,53118.65728906,2028.0,,,,,53119.1611111,9822,HAP,,POLYGON 150.03111955552774 2.1428897516358325 150.02465616577604 2.1139732252902514 150.01865171184977 2.089001107887111 149.9910778266972 2.09209848860742 149.96294789698464 2.095639817882244 149.96041841777574 2.09611198492922 149.9716055876482 2.1516955210796693 149.974343631688 2.1514594509439715 150.02925715243785 2.1433342377233386 150.03111955552774 2.1428897516358325,mast:HST/product/hst_9822_4g_acs_wfc_total_j8pu4g_drc.jpg,mast:HST/product/hst_9822_4g_acs_wfc_total_j8pu4g_drc.fits,PUBLIC,False,,26353794,,,0.0,804617,149.9897518986114,2.104018543404397,,53118.5907836
science,HST,HAP-SVM,WFPC2/PC,HAP,F300W,UV,ANY,UNIDENTIFIED;PARALLEL FIELD,hst_9822_63_wfpc2_pc_f300w_u8pu63,150.0077795347,2.098538034281,image,"Scoville, Nicholas Z.",3,53112.25018405,53112.28050812,1600.0,UV,254.97,328.99,,53112.41096058,9822,HAP,,POLYGON 150.00393051680632 2.0691204489018142 149.99244396218657 2.085061850289204 149.99121686002178 2.0868064240720257 149.99126745796835 2.0870845474365094 149.98009690772193 2.1029120849143244 149.99995803986963 2.1171092452020823 150.01434177368338 2.1270331989163846 150.01470864176338 2.12666658161704 150.01522731970243 2.126995270518622 150.01561948853228 2.126527517392393 150.01604961173254 2.126780354674078 150.01636587673477 2.1264137371683853 150.0169731092622 2.1266792154282284 150.02938318458808 2.1088286896516846 150.02031272665522 2.1023560990443713 150.02490478127746 2.0957190422524348 150.01782052989742 2.0906623145710177 150.02423418315743 2.0815095036711515 150.00652380663064 2.0688170505875862 150.00615695020076 2.069183665968832 150.00563829333842 2.068854974062155 150.0052334857912 2.069322724648009 150.00481603032986 2.06906988443859 150.0044871240219 2.0694364995651187 150.00393051680632 2.0691204489018142,mast:HST/product/hst_9822_63_wfpc2_pc_f300w_u8pu63_drz.jpg,mast:HST/product/hst_9822_63_wfpc2_pc_f300w_u8pu63_drz.fits,PUBLIC,False,,207856515,254.97,328.99,0.0,804617,149.9897518986114,2.104018543404397,F300W,53112.25018405
science,HST,HAP-SVM,WFPC2/PC,HAP,detection,,ANY,UNIDENTIFIED;PARALLEL FIELD,hst_9822_63_wfpc2_pc_total_u8pu63,150.0077795347,2.098538034281,image,"Scoville, Nicholas Z.",3,53112.25018405,53112.28050812,1600.0,,,,,53112.41096058,9822,HAP,,POLYGON 150.00393051680632 2.0691204489018142 149.99244396218657 2.085061850289204 149.99121686002178 2.0868064240720257 149.99126745796835 2.0870845474365094 149.98009690772193 2.1029120849143244 149.99995803986963 2.1171092452020823 150.01434177368338 2.1270331989163846 150.01470864176338 2.12666658161704 150.01522731970243 2.126995270518622 150.01561948853228 2.126527517392393 150.01604961173254 2.126780354674078 150.01636587673477 2.1264137371683853 150.0169731092622 2.1266792154282284 150.02938318458808 2.1088286896516846 150.02031272665522 2.1023560990443713 150.02490478127746 2.0957190422524348 150.01782052989742 2.0906623145710177 150.02423418315743 2.0815095036711515 150.00652380663064 2.0688170505875862 150.00615695020076 2.069183665968832 150.00563829333842 2.068854974062155 150.0052334857912 2.069322724648009 150.00481603032986 2.06906988443859 150.0044871240219 2.0694364995651187 150.00393051680632 2.0691204489018142,mast:HST/product/hst_9822_63_wfpc2_pc_total_u8pu63_drz.jpg,mast:HST/product/hst_9822_63_wfpc2_pc_total_u8pu63_drz.fits,PUBLIC,False,,207853712,,,0.0,804617,149.9897518986114,2.104018543404397,,53112.25018405
science,HST,HAP-MVM,ACS/WFC,HAP,F814W,OPTICAL,ANY,CLUSTER OF GALAXIES;BLANK SKY,hst_skycell-p1359x03y11_acs_wfc_f814w_all,149.876768175,2.146958846708,image,,3,52936.71721633,57090.53252203,70559.0,OPTICAL,708.0,959.0,,57456.65305547,,,,POLYGON 150.02532103936576 1.8796816113212746 149.78157081838876 1.8799694080301086 149.78183546704562 2.123717807146135 150.0256218947196 2.1234399622867395 150.02563741523994 2.1180211233385013 150.0193634240972 2.09115716317005 150.01949644823117 2.0909682207404456 150.02162808306247 2.0905879363595923 150.01567611418665 2.0636011935764245 150.00987156623566 2.0389903378117875 150.01000457517864 2.0387902946788734 150.0125470336117 2.038409575103303 150.01224530740507 2.0368553539424874 150.01238940631265 2.0366441929571084 150.02553454762537 2.0346845032523313 150.02532103936576 1.8796816113212746,mast:HST/product/hst_skycell-p1359x03y11_acs_wfc_f814w_all_drc.jpg,mast:HST/product/hst_skycell-p1359x03y11_acs_wfc_f814w_all_drc.fits,PUBLIC,False,,83819007,708.0,959.0,0.0,804617,149.9897518986114,2.104018543404397,F814W,52936.71721633
science,HST,HAP-MVM,WFC3/IR,HAP,F110W,INFRARED,ZC407302,GALAXY;HIGH REDSHIFT GALAXY,hst_skycell-p1359x03y11_wfc3_ir_f110w_all,149.9830833333,2.11425,image,,3,56041.04037084,56215.76446027,5223.501952,INFRARED,891.3000000000001,1406.3,,56580.99313651,,,,POLYGON 149.99672276565602 2.0199404738402746 149.9736198782921 1.99722659304993 149.96990657257035 1.993622063513682 149.9696956363362 1.9936667339882481 149.9687617473757 1.9927572758061853 149.94490286815918 2.016172157310782 149.94444809449948 2.016627994078439 149.94453713350768 2.016794458680061 149.94366084780506 2.0176616740029365 149.9712116965734 2.044734746636844 149.97137816544165 2.044645705976129 149.9723009907898 2.0455662498123424 149.99584695236314 2.0211297184507058 149.9958577462922 2.0208743043234407 149.99672276565602 2.0199404738402746 POLYGON 150.01338863292096 2.1089094016513217 149.98081461320612 2.088330198181378 149.98060377507414 2.0884637172738216 149.97921465821415 2.087665944067557 149.96143606549305 2.116449077855301 149.96146974085062 2.116748858725325 149.9607271475483 2.117993509756214 149.96935174448075 2.1235126301553033 150.00414485442107 2.1234679394230422 150.01275746447754 2.110387080458689 150.0126350242848 2.1101540499061433 150.01338863292096 2.1089094016513217,mast:HST/product/hst_skycell-p1359x03y11_wfc3_ir_f110w_all_drz.jpg,mast:HST/product/hst_skycell-p1359x03y11_wfc3_ir_f110w_all_drz.fits,PUBLIC,False,,83706177,891.3000000000001,1406.3,0.0,804617,149.9897518986114,2.104018543404397,F110W,56041.04037084
science,HST,HAP-MVM,WFC3/IR,HAP,F110W,INFRARED,ZC407302,GALAXY;HIGH REDSHIFT GALAXY,hst_skycell-p1359x03y11_wfc3_ir_f110w_coarse-all,149.9830833333,2.11425,image,,3,56041.04037084,56215.76446027,5223.501952,INFRARED,891.3000000000001,1406.3,,56580.99313651,,,,POLYGON 149.96869513236857 1.9927684599516866 149.94370537391407 2.0177504586973503 149.97238979099606 2.045532827114234 149.99671167463686 2.019951591840918 149.96869513236857 1.9927684599516866 POLYGON 150.0133775280143 2.1089094160075548 149.97923686866224 2.087665916125606 149.96074937216878 2.1180045862314008 149.96928508423272 2.1234905059991998 150.00413372216616 2.123445745286137 150.0133775280143 2.1089094160075548,mast:HST/product/hst_skycell-p1359x03y11_wfc3_ir_f110w_coarse-all_drz.jpg,mast:HST/product/hst_skycell-p1359x03y11_wfc3_ir_f110w_coarse-all_drz.fits,PUBLIC,False,,83706097,891.3000000000001,1406.3,0.0,804617,149.9897518986114,2.104018543404397,F110W,56041.04037084
science,HST,HAP-MVM,WFC3/IR,HAP,F160W,INFRARED,ID227846,GALAXY;HIGH REDSHIFT GALAXY,hst_skycell-p1359x03y11_wfc3_ir_f160w_all,149.7990416667,1.975822222222,image,,3,56040.85976899,59922.81187676,32312.29880199999,INFRARED,1393.8999999999999,1692.4,,59759.11665507,,,,POLYGON 149.95059954557826 1.913169430181747 149.9181166316342 1.892617610810284 149.9175945155377 1.8924516149443935 149.89972693893301 1.9213331334385595 149.89970511429624 1.921666307627231 149.9224206640702 1.9360994269829181 149.9314333809096 1.9417415321634797 149.9318888503132 1.9418853743546785 149.95050014688303 1.9136248343168298 149.95059954557826 1.913169430181747 POLYGON 149.78162108208227 1.9262691031282377 149.7816813082072 1.9817422326042595 149.80337071580252 1.9997987244556876 149.80375944426888 1.9997871919527859 149.8252105354437 1.9733768566308196 149.80210990349738 1.954122666851343 149.80796529089108 1.9460648294688185 149.78162108208227 1.9262691031282377 POLYGON 150.02554033150992 2.03937046043763 150.0003362644019 2.0236559911855587 150.00028041702424 2.023389555489557 149.99694503189173 2.0200845577837234 149.99876381914845 2.018150163009038 149.99869700286158 2.0179947839388666 149.99955091163045 2.0170609686811662 149.97439134092753 1.9923507779752294 149.9726792352038 1.9906982510633673 149.97252387680044 1.9907872731681582 149.97154558576403 1.9898889741272157 149.9472765040345 2.0137484948629765 149.9473766612004 2.0139260506195154 149.94650043416607 2.0148376833408093 149.94990260589867 2.0181983388323914 149.94799474683055 2.0200773188217243 149.94809489119297 2.02024376938402 149.94721866192796 2.0211554053271428 149.97475835276867 2.0481838963058117 149.97493592609888 2.0480948414540814 149.9758476330635 2.0490042884696704 149.99225115001212 2.0319942430896867 149.99248406495872 2.0317607634392303 149.99261742882362 2.0318494342900735 149.9806591833792 2.0515634851810436 149.98369339585716 2.053680680086621 149.97647141748965 2.0690249428498233 149.97650508064035 2.0693136179633083 150.00332724777923 2.0814059049577636 150.00263966786073 2.0821618714496406 149.99568412655447 2.0789948379597614 149.99522876971562 2.0789509956474395 149.99489622861614 2.0794511123735884 149.96129609101328 2.0643798318353417 149.9608855130807 2.06464684849616 149.94917896998032 2.0914790320280736 149.94897925292057 2.0916347453043276 149.94783497446696 2.0913030247550384 149.9394933143311 2.109036494281905 149.93929355255233 2.10915889500326 149.919348683147 2.101021535949602 149.91877106166262 2.100933406120929 149.90990137495427 2.123587181947051 150.01754863735857 2.12345051390777 150.02354072730031 2.110739534526552 150.02372937160257 2.1106282476218166 150.02563017784303 2.1121581463330275 150.02557496697872 2.0674306691790396 150.02145083867646 2.063893682827228 150.02555897174173 2.05447211939083 150.02555794377884 2.0536393074986847 150.0247689853703 2.053196139320934 150.0255558604439 2.0519514753265033 150.02554033150992 2.03937046043763 POLYGON 149.90653842612457 2.058649602715897 149.89885823263717 2.0919293590848476 149.93561877377422 2.1008349043117214 149.94430895958817 2.067909772461067 149.9441088491039 2.0677323419605336 149.90653842612457 2.058649602715897 POLYGON 149.8712665356299 2.1086424464523557 149.86984776553436 2.1111872339061506 149.86967020843989 2.1113207093225976 149.86901457750827 2.1110327626186347 149.86226480480073 2.123645270585527 149.90017213176375 2.123599165090266 149.8712665356299 2.1086424464523557,mast:HST/product/hst_skycell-p1359x03y11_wfc3_ir_f160w_all_drz.jpg,mast:HST/product/hst_skycell-p1359x03y11_wfc3_ir_f160w_all_drz.fits,PUBLIC,False,,83705758,1393.8999999999999,1692.4,0.0,804617,149.9897518986114,2.104018543404397,F160W,56040.85976899
science,HST,HAP-MVM,WFC3/IR,HAP,F160W,INFRARED,ID227846,GALAXY;HIGH REDSHIFT GALAXY,hst_skycell-p1359x03y11_wfc3_ir_f160w_coarse-all,149.7990416667,1.975822222222,image,,3,56040.85976899,59922.81187676,32312.29880199999,INFRARED,1393.8999999999999,1692.4,,59759.11665507,,,,POLYGON 149.95057733673238 1.913169455419156 149.9175723450348 1.892484954036167 149.8997495605776 1.9216884682148374 149.93192211261066 1.9418409171620228 149.95057733673238 1.913169455419156 POLYGON 149.8251771420382 1.9733102603415185 149.80216542422366 1.954111501697367 149.80792084058558 1.946042665921253 149.7816433797702 1.9263468199653795 149.7817035343037 1.9817533144612902 149.80368169614803 1.9997872773391299 149.8251771420382 1.9733102603415185 POLYGON 150.02551812297025 2.0393704883710093 150.00068077478582 2.0238776535716747 149.99697838601372 2.020117829948916 149.9995064396202 2.017016605849372 149.9715233897754 1.9899001051912617 149.94729867479825 2.0137151542625653 149.9465338023492 2.014882062352018 149.94983602781383 2.0182428373766865 149.94724089867853 2.021177588098372 149.97582540967827 2.0489932113504903 149.99123084000968 2.033083733078134 149.9916309323104 2.033349745738858 149.98069240443823 2.0514857127173354 149.9836269273252 2.053814016050345 149.97651614565152 2.0692802906811956 150.00318308795374 2.081572652708581 150.00251744651177 2.082106505017676 149.99575078322619 2.07901696248774 149.99458512777355 2.079318252778228 149.96125169633456 2.0644020957721865 149.9494226478117 2.0909346007881537 149.94889032856267 2.091568227639594 149.9477906308898 2.091369707827408 149.93964840306626 2.1087031594981047 149.93898244298902 2.1090371304253166 149.9187822067289 2.1009667070296825 149.91001241288714 2.123564835028393 150.01752640015644 2.1234283345339566 150.0233745937175 2.1110950836709073 150.02384054262114 2.110728040450524 150.025607803836 2.1120249257568835 150.0255527443537 2.0674195933439594 150.0214840700786 2.0638270154131346 150.02553691376434 2.054594293275106 150.02553576245842 2.053661543945392 150.02486876031102 2.0530627628497626 150.02553374767615 2.052029232548653 150.02551812297025 2.0393704883710093 POLYGON 149.9440977303929 2.067721250852933 149.9065052113903 2.058738482121441 149.89881373030704 2.0918627829229957 149.93530782187668 2.1008463940136584 149.9440977303929 2.067721250852933 POLYGON 149.8712110524226 2.108686933749462 149.87001402592495 2.110887194563933 149.86891479322685 2.1111883549154524 149.86236474247343 2.1236229398445423 149.89991665640278 2.1235772689912378 149.8712110524226 2.108686933749462,mast:HST/product/hst_skycell-p1359x03y11_wfc3_ir_f160w_coarse-all_drz.jpg,mast:HST/product/hst_skycell-p1359x03y11_wfc3_ir_f160w_coarse-all_drz.fits,PUBLIC,False,,83705736,1393.8999999999999,1692.4,0.0,804617,149.9897518986114,2.104018543404397,F160W,56040.85976899
science,HST,HAP-MVM,WFC3/UVIS,HAP,F438W,OPTICAL,ZC-407302,GALAXY;HIGH REDSHIFT GALAXY,hst_skycell-p1359x03y11_wfc3_uvis_f438w_all,149.9830833333,2.11425,image,,3,57148.25013952,57201.24654152,34032.0,OPTICAL,394.6,468.1,,57567.41349532,,,,POLYGON 150.0060359148924 1.9807307681577553 150.00352600971095 1.9804339859877722 150.00321483533938 1.9802233795409838 149.95822400435466 1.9747470046790365 149.9579473264958 1.9755357597123215 149.95719221653587 1.9755477535396717 149.9487646963614 2.0231857118514074 149.95134147989572 2.0235046521941675 149.9515860707139 2.023737556398127 149.99614477446073 2.0286137068352046 149.9964658620406 2.0278360042791506 149.99717660936085 2.0278795454773104 150.0060359148924 1.9807307681577553 POLYGON 149.78175614137157 2.0506644365292015 149.78176191750867 2.0559840808991288 149.78345610408476 2.051140091101925 149.78175614137157 2.0506644365292015 POLYGON 149.97381636445326 2.0682620346202762 149.9736275632722 2.0682511647630726 149.9732952894953 2.0689844761936778 149.97254000364887 2.068874369616776 149.95761384316057 2.1148881557514274 149.96014677374302 2.1155845495493066 149.96055806809218 2.1159060629853554 149.99054095638377 2.1234855063766083 150.0058883581041 2.123465679359622 150.02022792709096 2.080784731000121 150.01773965489738 2.0801105565437554 150.01749505216878 2.0798665762809776 149.97381636445326 2.0682620346202762,mast:HST/product/hst_skycell-p1359x03y11_wfc3_uvis_f438w_all_drc.jpg,mast:HST/product/hst_skycell-p1359x03y11_wfc3_uvis_f438w_all_drc.fits,PUBLIC,False,,83703460,394.6,468.1,0.0,804617,149.9897518986114,2.104018543404397,F438W,57148.25013952
science,HST,HAP-MVM,ACS/WFC,HAP,F435W,OPTICAL,CLUTCH-TARGET-CB,GALAXY;HIGH REDSHIFT GALAXY,hst_skycell-p1360x19y11_acs_wfc_f435w_all,149.95734625,2.1837,image,,3,61059.5608121,61059.5728383,800.0,OPTICAL,370.0,479.99999999999994,,60976.72148144,,,,POLYGON 150.0154369415773 2.0565556544424246 150.01370392730658 2.0570865130694185 150.01320534872963 2.0561420155280508 149.98589875989768 2.06521330362056 149.9861752439286 2.0661353066210753 149.9860306659508 2.0663127914521007 149.98557522711724 2.0664343610230858 149.98506553348415 2.065523166954013 149.9688018666695 2.0709212905432985 149.96876729888785 2.0988481146810165 149.97939750756785 2.123446527519997 149.99033591417862 2.123460778237593 150.00849949884022 2.1180320265694563 150.00820072155508 2.1171543977308196 150.00844529326184 2.1169437286781645 150.0087674266201 2.1168775159042688 150.00925500745728 2.1177442828835944 150.0360957363707 2.109461189217732 150.0154369415773 2.0565556544424246,mast:HST/product/hst_skycell-p1360x19y11_acs_wfc_f435w_all_drc.jpg,mast:HST/product/hst_skycell-p1360x19y11_acs_wfc_f435w_all_drc.fits,PUBLIC,False,,355634152,370.0,479.99999999999994,0.0,804617,149.9897518986114,2.104018543404397,F435W,61059.5608121
science,HST,HAP-MVM,ACS/WFC,HAP,F814W,OPTICAL,342154,CLUSTER OF GALAXIES;BLANK SKY,hst_skycell-p1360x19y11_acs_wfc_f814w_all,150.19461125,2.033936111111,image,,3,52929.86509855,60050.46795224,109875.0,OPTICAL,708.0,959.0,,55967.83921287,,,,POLYGON 149.9761445832168 1.879683309827836 149.98603262028587 1.9289975267820376 149.98515507555825 1.9292851986708992 149.98577322887456 1.9322618681515804 149.9856286763575 1.9324282605107006 149.96897092260332 1.9343294484956826 149.96875907679217 2.1234325934441682 150.21252167260056 2.1237335074816417 150.21280939500156 1.879963667646875 149.9761445832168 1.879683309827836,mast:HST/product/hst_skycell-p1360x19y11_acs_wfc_f814w_all_drc.jpg,mast:HST/product/hst_skycell-p1360x19y11_acs_wfc_f814w_all_drc.fits,PUBLIC,False,,87616069,708.0,959.0,0.0,804617,149.9897518986114,2.104018543404397,F814W,52929.86509855
science,HST,HAP-MVM,WFC3/IR,HAP,F110W,INFRARED,ZC407302,GALAXY;HIGH REDSHIFT GALAXY,hst_skycell-p1360x19y11_wfc3_ir_f110w_all,149.9830833333,2.11425,image,,3,56041.04037084,56215.76446027,7835.252927999999,INFRARED,891.3000000000001,1406.3,,56580.99313651,,,,POLYGON 149.9967255741754 2.019943519011406 149.9708174264731 1.9945050721781439 149.9698636304064 1.9935822517016304 149.96969696207333 1.9936708795156057 149.96889837533973 1.9929481254663417 149.96883718919173 2.04238370530049 149.97119949340998 2.044729664634152 149.97137727142433 2.0446410559142403 149.97234220410965 2.0455639199382016 149.99582463671177 2.0211527806217204 149.99585828905535 2.0208752138859287 149.9967255741754 2.019943519011406 POLYGON 150.0133857751756 2.1089104719552574 149.98086211313438 2.088359194057473 149.98061767336495 2.088469922227806 149.9792528373008 2.0876242504112263 149.96876020650572 2.104577827428017 149.9687372796295 2.123099441941072 149.96922547688015 2.1234332058618035 150.0041396150364 2.1234786515444877 150.012750973087 2.110397652359886 150.01262908409493 2.1101754086413806 150.0133857751756 2.1089104719552574 POLYGON 150.17458781801142 2.094748409488387 150.15948294385606 2.1236713024439546 150.20441293326377 2.123724115103129 150.20934468778353 2.113668112346443 150.20923385214556 2.1134458715329965 150.20981288772487 2.112136070837419 150.17710805726114 2.0957508338500213 150.17458781801142 2.094748409488387,mast:HST/product/hst_skycell-p1360x19y11_wfc3_ir_f110w_all_drz.jpg,mast:HST/product/hst_skycell-p1360x19y11_wfc3_ir_f110w_all_drz.fits,PUBLIC,False,,87488187,891.3000000000001,1406.3,0.0,804617,149.9897518986114,2.104018543404397,F110W,56041.04037084
science,HST,HAP-MVM,WFC3/IR,HAP,F110W,INFRARED,ZC407302,GALAXY;HIGH REDSHIFT GALAXY,hst_skycell-p1360x19y11_wfc3_ir_f110w_coarse-all,149.9830833333,2.11425,image,,3,56041.04037084,56215.76446027,7835.252927999999,INFRARED,891.3000000000001,1406.3,,56580.99313651,,,,POLYGON 149.9967034059592 2.0199101786907745 149.96892044566852 1.993059194142817 149.96885934264282 2.04242814984884 149.97238666240122 2.0455306635907156 149.9967034059592 2.0199101786907745 POLYGON 150.01315276623944 2.108743608590832 149.98102857419133 2.088448241400026 149.97913049458032 2.0877795519536275 149.96878252573083 2.104489023593957 149.96875947540116 2.1231105751809167 149.96915887576458 2.123410910220827 150.0041396420486 2.123456442906585 150.01271756314017 2.110475340528479 150.01315276623944 2.108743608590832 POLYGON 150.1744654529313 2.0949148488693634 150.15957182685162 2.1236491975238474 150.20439074194397 2.123701878105548 150.20973519371222 2.1120804531047677 150.17646420495987 2.095416920829672 150.1744654529313 2.0949148488693634,mast:HST/product/hst_skycell-p1360x19y11_wfc3_ir_f110w_coarse-all_drz.jpg,mast:HST/product/hst_skycell-p1360x19y11_wfc3_ir_f110w_coarse-all_drz.fits,PUBLIC,False,,87488186,891.3000000000001,1406.3,0.0,804617,149.9897518986114,2.104018543404397,F110W,56041.04037084
science,HST,HAP-MVM,WFC3/IR,HAP,F160W,INFRARED,UVISTA-Y-6,GALAXY;HIGH REDSHIFT GALAXY,hst_skycell-p1360x19y11_wfc3_ir_f160w_all,150.0521083333,2.050138888889,image,,3,56040.85976899,59708.52963546,35183.50915299999,INFRARED,1393.8999999999999,1692.4,,59759.11665507,,,,POLYGON 150.0467529436469 1.8797636817633714 150.0093660687501 1.879721480452066 150.01988602491903 1.9034303361171543 150.05081682530368 1.889329325904093 150.05090584418423 1.8891739605456856 150.0467529436469 1.8797636817633714 POLYGON 150.16086242639426 1.9631667697039588 150.13203649456096 1.9389920999156096 150.13168136621465 1.9387696041063365 150.13134784244815 1.9390801819163583 150.11488988792442 1.957985039053912 150.09408419538846 1.952875449716565 150.0863051216929 1.9860814474302093 150.12297674508676 1.9951186625830981 150.12714774882514 1.979898198484171 150.13896441988163 1.98976186684745 150.16086242639426 1.9631667697039588 POLYGON 150.2127030445899 1.9776159649595657 150.19535831686662 1.96374851200649 150.19494753085485 1.9636036958214669 150.17320533557697 1.9896557470167677 150.17311608777771 1.990011023503725 150.19380064834274 2.0066033513537445 150.19098394945684 2.012641679838131 150.19101702529886 2.0128638282359996 150.21265329394316 2.023293728876164 150.2127030445899 1.9776159649595657 POLYGON 149.99249144395873 2.0317532782921326 149.9926245209571 2.031897799536333 149.98066310759202 2.0515484774870663 149.9806962159453 2.0517150825417563 149.98369200496757 2.0536843092739687 149.97647741624647 2.069010078951656 149.97649925554816 2.069309919754506 150.00331347010547 2.081425426237503 150.0026240716236 2.082157441153562 149.99570955977705 2.079006151093384 149.99523212015396 2.0789500237505605 149.98877342563085 2.0935661229600013 149.97630144007715 2.0856439138768805 149.97607918359725 2.0857768783079575 149.97471431862715 2.0849645195013733 149.96877260439712 2.0945619328998433 149.96875907679217 2.1234325934441682 150.01752154149403 2.1234958611763277 150.02354497845914 2.1107334274947345 150.0237227988928 2.1106226085660897 150.02650759275664 2.112847041762469 150.04892698340538 2.087256909584339 150.04891608906266 2.0870792215130565 150.02144701880846 2.0638809714892368 150.0257565961725 2.053992196105838 150.0257014449377 2.053681201393564 150.02476924865115 2.0531581380497457 150.0312891260721 2.04291666554393 150.00034111076928 2.0236568259529166 150.00027480843212 2.023390239636808 149.99694748683535 2.0200881488019062 149.99877098768624 2.0181471332699785 149.99869343253724 2.0180026813536163 149.9995496265999 2.017059863829332 149.97472827543135 1.9926776962807153 149.97269868180595 1.9907097622826253 149.9725209231389 1.9907872730302791 149.97154489102974 1.9898866357786513 149.96889895255003 1.992481751997043 149.96883727165533 2.042317080557018 149.97475970720438 2.0481875578193303 149.97492639554972 2.0480878307110664 149.97589135018177 2.0489995924143463 149.99249144395873 2.0317532782921326 POLYGON 150.08008030990186 2.047995081301018 150.04973387371652 2.0250606011273327 150.0284352553128 2.052052206552651 150.05916931294797 2.075420828009248 150.05952447059184 2.0756100440528034 150.05981357219804 2.07531057062074 150.08008030990186 2.047995081301018 POLYGON 150.1744400877917 2.047827634933458 150.1535956003585 2.074767548721784 150.17613526989578 2.091562941125349 150.16091915459492 2.1206634603930707 150.16107440730013 2.1208857518092783 150.16041763494115 2.122173192378346 150.16341492254003 2.1236759763569864 150.2102556615058 2.1237308870324285 150.21254894527607 2.1190913694764437 150.21255522396012 2.1133275324818515 150.21020173348487 2.112069884428243 150.2114708929028 2.109439300597834 150.21136004490015 2.1092281655275595 150.21197237782152 2.107940610385994 150.18772679865023 2.095663198643564 150.2062931070042 2.070219284633261 150.17617286954956 2.0477407623530084 150.1758730189174 2.0477071049109594 150.17536142026017 2.0483173246134037 150.17467334574067 2.0478167949329475 150.1744400877917 2.047827634933458,mast:HST/product/hst_skycell-p1360x19y11_wfc3_ir_f160w_all_drz.jpg,mast:HST/product/hst_skycell-p1360x19y11_wfc3_ir_f160w_all_drz.fits,PUBLIC,False,,87489115,1393.8999999999999,1692.4,0.0,804617,149.9897518986114,2.104018543404397,F160W,56040.85976899
science,HST,HAP-MVM,WFC3/IR,HAP,F160W,INFRARED,UVISTA-Y-6,GALAXY;HIGH REDSHIFT GALAXY,hst_skycell-p1360x19y11_wfc3_ir_f160w_coarse-all,150.0521083333,2.050138888889,image,,3,56040.85976899,59708.52963546,35183.50915299999,INFRARED,1393.8999999999999,1692.4,,59759.11665507,,,,POLYGON 150.04674181305273 1.8797858785605903 150.00943266379227 1.8797437650790996 150.01983053189502 1.9034080635061108 150.05079459036585 1.8893515102798832 150.04674181305273 1.8797858785605903 POLYGON 150.132125276685 1.9390477238706283 150.13162578734904 1.9388139636262325 150.1311254637618 1.9393131457961281 150.11487882061834 1.9579517112974039 150.0940952748691 1.9528976722162243 150.0862607907497 1.9860036616298262 150.12279902481473 1.9951406702542565 150.12728080395595 1.980087136925214 150.13899777595194 1.9897285886626175 150.16081788961986 1.9632666693085399 150.132125276685 1.9390477238706283 POLYGON 150.21268086702997 1.9775826239418985 150.19490306775612 1.9636369646544947 150.1731493826235 1.990033271312406 150.19375620855874 2.0066144079177213 150.19108361772538 2.0129083244097288 150.21263118834634 2.0231937530873907 150.21268086702997 1.9775826239418985 POLYGON 150.04892716825046 2.087101444569697 150.02150254417015 2.063881040524232 150.02574545103124 2.0540254959119606 150.02488049957742 2.0529917076654454 150.03125582421092 2.0429055202000144 150.00069618477391 2.0238793506574897 149.9969697092803 2.0200770718439625 149.9995052629065 2.0170153919031226 149.99394870757575 2.011478605384666 149.97272086220377 1.9907319978861517 149.97152266951545 1.9898977126313966 149.96892118778794 1.992459571102522 149.96885942510553 2.042361525104528 149.97594691304408 2.048966350015354 149.99122389133234 2.0330953234424918 149.9916565575367 2.0334289903922707 149.9806742666853 2.0515040746857176 149.98363633242076 2.0538063857063853 149.97652149193374 2.069287739736382 150.00319120760017 2.081514106394926 150.00252418121266 2.0821128972479355 149.99523209302208 2.0789722323288222 149.9886847230814 2.0934549667031894 149.97636802664934 2.0856773119692877 149.97463644950605 2.0850754610132243 149.96879489599627 2.094495337072458 149.96882573284907 2.123410472784237 150.01749935747975 2.1234736238905483 150.02337796918252 2.1110885585658172 150.02387811430125 2.1107560595482813 150.02654093588038 2.112824875101859 150.04892716825046 2.087101444569697 POLYGON 150.02851313766237 2.051930152533755 150.05900284642746 2.0753206812490044 150.05986916613512 2.0752551150814282 150.08002462530297 2.0481282732080186 150.04976717607488 2.025071745862678 150.02851313766237 2.051930152533755 POLYGON 150.17441782450902 2.0478720315044057 150.15362899589854 2.0747009556434755 150.17606860171702 2.0915850746313467 150.16043991171392 2.1221176921088105 150.1633038743193 2.1236536337605894 150.21022236208194 2.1237086371941745 150.21252659643972 2.119213506079401 150.21253302037587 2.1133164012723795 150.21026851355592 2.1119477989944686 150.21193907863272 2.107918360825427 150.18782687581003 2.0955633645203426 150.2062819873913 2.070230377725734 150.17628386502767 2.047807521495771 150.17538372059178 2.0482396116033557 150.17441782450902 2.0478720315044057,mast:HST/product/hst_skycell-p1360x19y11_wfc3_ir_f160w_coarse-all_drz.jpg,mast:HST/product/hst_skycell-p1360x19y11_wfc3_ir_f160w_coarse-all_drz.fits,PUBLIC,False,,87488180,1393.8999999999999,1692.4,0.0,804617,149.9897518986114,2.104018543404397,F160W,56040.85976899
science,HST,HAP-MVM,WFC3/UVIS,HAP,F438W,OPTICAL,ZC-407302,GALAXY;HIGH REDSHIFT GALAXY,hst_skycell-p1360x19y11_wfc3_uvis_f438w_all,149.9830833333,2.11425,image,,3,57148.25013952,57201.24654152,22688.0,OPTICAL,394.6,468.1,,57567.41349532,,,,POLYGON 149.9689192509025 1.9760809526351897 149.96885796980618 2.025594266693378 149.9961597625756 2.0286153044693003 149.99646053293426 2.0278383734346015 149.997193402588 2.0278614885678192 150.0060675775163 1.9808342032299269 150.00350297387158 1.9804313591795142 150.003281131783 1.9802312132409285 149.9689192509025 1.9760809526351897 POLYGON 150.02020509822077 2.080758232767893 150.0177405322329 2.080111081131135 150.01749651450115 2.0798664767407136 149.9736911518253 2.0682292331479175 149.9733126816246 2.068972729035007 149.97254661182154 2.068860709215117 149.968790183853 2.0803597843133135 149.96874365742158 2.1179471487409343 149.99044696474476 2.1234609225194196 150.00588314003176 2.1234809003363515 150.02020509822077 2.080758232767893,mast:HST/product/hst_skycell-p1360x19y11_wfc3_uvis_f438w_all_drc.jpg,mast:HST/product/hst_skycell-p1360x19y11_wfc3_uvis_f438w_all_drc.fits,PUBLIC,False,,87488179,394.6,468.1,0.0,804617,149.9897518986114,2.104018543404397,F438W,57148.25013952
science,HST,CALWF3,WFC3/IR,HST,F160W,INFRARED,ZC407302,GALAXY;HIGH REDSHIFT GALAXY,ibra08010,149.9851515374,2.117211162805,image,"Forster Schreiber, N. M.",3,56215.600132141204,56215.632758796295,2612.0,INFRARED,1393.8999999999999,1692.4,Constraints on the Mass Assembly and Early Evolution of z~2 Galaxies: Witnessing the Growth of Bulges and Disks,56580.78130787,12578,GO,,POLYGON 150.01043599 2.11303029 150.00961456302764 2.1143205140813679 150.00978959 2.11443105 149.99150863 2.14314452 149.99010833811946 2.1422601773064143 149.98999374 2.14244017 149.95775551 2.12207979 149.95857699215247 2.1207895766418563 149.95840196 2.12067903 149.97668325 2.09196594 149.97808350841458 2.092850305923601 149.97819812 2.09267029 150.01043599 2.11303029 150.01043599 2.11303029,mast:HST/product/ibra08010_drz.jpg,mast:HST/product/ibra08010_drz.fits,PUBLIC,False,,24804923,1393.8999999999999,1692.4,0.0,804617,149.9897518986114,2.104018543404397,F160W,56215.600132141204
science,HST,CALWF3,WFC3/IR,HST,F160W,INFRARED,ZC407302,GALAXY;HIGH REDSHIFT GALAXY,ibra08020,149.9831624689,2.110541059551,image,"Forster Schreiber, N. M.",3,56215.66534027778,56215.69796693287,2612.0,INFRARED,1393.8999999999999,1692.4,Constraints on the Mass Assembly and Early Evolution of z~2 Galaxies: Witnessing the Growth of Bulges and Disks,56580.92121514,12578,GO,,POLYGON 150.00844681 2.10636018 150.00762536344854 2.1076504403943668 150.00780041 2.10776099 149.98951943 2.13647446 149.95728142 2.11611399 149.95798827942019 2.1150038041068 149.956413 2.11400888 149.97469432 2.08529578 149.97609452952236 2.0861801263271391 149.97620909 2.08600019 150.00844681 2.10636018 150.00844681 2.10636018,mast:HST/product/ibra08020_drz.jpg,mast:HST/product/ibra08020_drz.fits,PUBLIC,False,,24804924,1393.8999999999999,1692.4,0.0,804617,149.9897518986114,2.104018543404397,F160W,56215.66534027778
science,HST,CALWF3,WFC3/IR,HST,F110W,INFRARED,ZC407302,GALAXY;HIGH REDSHIFT GALAXY,ibra08030,149.9876881694,2.113226988298,image,"Forster Schreiber, N. M.",3,56215.73183359954,56215.764460266204,2612.0,INFRARED,891.3000000000001,1406.3,Constraints on the Mass Assembly and Early Evolution of z~2 Galaxies: Witnessing the Growth of Bulges and Disks,56580.99313651,12578,GO,,POLYGON 150.01297255 2.10904611 150.01215112789743 2.1103363306154166 150.01232616 2.11044687 149.99404524 2.13916034 149.99264495604305 2.138276000229 149.99253036 2.13845599 149.96029221 2.11809562 149.96111368787282 2.1168054104886904 149.96093865 2.11669486 149.9792199 2.08798177 149.98062015765953 2.0888661375943851 149.98073477 2.08868612 150.01297255 2.10904611 150.01297255 2.10904611,mast:HST/product/ibra08030_drz.jpg,mast:HST/product/ibra08030_drz.fits,PUBLIC,False,,24804925,891.3000000000001,1406.3,0.0,804617,149.9897518986114,2.104018543404397,F110W,56215.73183359954
science,HST,CALWF3,WFC3/IR,HST,F160W,INFRARED,COSMOS-F160W-44,UNIDENTIFIED;BLANK FIELD,iedw9w010,149.9266069665,2.105014984472,image,"Momcheva, Ivelina",3,59328.16383179398,59328.188368055555,1520.556885,INFRARED,1393.8999999999999,1692.4,3D-DASH: A Wide Field WFC3/IR Survey of COSMOS,59329.00744208,16259,GO,,POLYGON 150.01921194 2.12111105 150.00738116 2.15302382 149.97157926 2.13989247 149.97161792985347 2.1397881693767675 149.93717283 2.12715345 149.93721149949084 2.1270491566985954 149.90276701 2.11441377 149.91407969916534 2.0839038210342919 149.90259857 2.07969196 149.9026371075033 2.0795880254156707 149.86832429 2.06699968 149.88015728 2.03508798 149.91595597 2.04822139 149.91591743134626 2.0483253310671694 149.95023012 2.06091257 149.93891830185342 2.0914227714425691 149.95039962 2.09563437 149.95036094343649 2.0957386882266653 149.97209828644668 2.1037121721187408 149.98337081 2.07330644 150.01917117 2.08643752 150.00786060137116 2.1169477530787564 150.01921194 2.12111105 150.01921194 2.12111105,mast:HST/product/iedw9w010_drz.jpg,mast:HST/product/iedw9w010_drz.fits,PUBLIC,False,,60771094,1393.8999999999999,1692.4,0.0,804617,149.9897518986114,2.104018543404397,F160W,59328.16383179398
science,HST,CALWF3,WFC3/IR,HST,F160W,INFRARED,WFC3-PEAK2-5,CLUSTER OF GALAXIES;FILAMENT;GROUP;HIGH REDSHIFT CLUSTER;POOR CLUSTER,ienn09010,150.0062458333,2.100936111111,image,"Lemaux, Brian",3,59575.69444730324,59575.79235173611,712.0,INFRARED,1393.8999999999999,1692.4,Peak Efficiency: Mass Assembly in a Forming Supercluster at the Peak of Cosmic Star Formation Activity,59758.10947918,16684,GO,,POLYGON 150.03057004 2.09520624 150.01650891 2.12631461 150.01616528692298 2.1261605057645441 150.01611715 2.126267 149.98128126 2.11064365 149.98137156666567 2.1104438727378443 149.98125136 2.11038996 149.99531304 2.07928191 149.99565665907144 2.0794360224990691 149.9957048 2.07932952 150.03054013 2.09495256 150.030449834291 2.0951523316906226 150.03057004 2.09520624 150.03057004 2.09520624,mast:HST/product/ienn09010_drz.jpg,mast:HST/product/ienn09010_drz.fits,PUBLIC,False,,70214593,1393.8999999999999,1692.4,0.0,804617,149.9897518986114,2.104018543404397,F160W,59575.69444730324
science,HST,CALWF3,WFC3/IR,HST,F098M,INFRARED,CLUTCH-TARGET-CO,GALAXY;HIGH REDSHIFT GALAXY,iffuco030,149.993495,2.089583333333,image,"Kartaltepe, Jeyhan",3,60976.949322071756,60976.96149725695,806.0,INFRARED,895.5,1076.7,CLUTCH: The COSMOS Legacy UV-Optical Treasury Campaign with Hubble,60977.249838,17802,GO,,POLYGON 150.01806361 2.08229689 150.00349292 2.1130569 150.00156718884338 2.1121530471504451 150.00131692 2.11268137 149.96679863 2.09647949 149.98136995 2.0657199 149.98329553662768 2.0666237388188313 149.98354584 2.06609534 150.01806361 2.08229689 150.01806361 2.08229689,mast:HST/product/iffuco030_drz.jpg,mast:HST/product/iffuco030_drz.fits,PUBLIC,False,,355633335,895.5,1076.7,0.0,804617,149.9897518986114,2.104018543404397,F098M,60976.949322071756
science,HST,CALWF3,WFC3/UVIS,HST,F275W,UV,CLUTCH-TARGET-CO,GALAXY;HIGH REDSHIFT GALAXY,iffuco040,149.9935540794,2.089457617837,image,"Kartaltepe, Jeyhan",3,60976.96383040509,60976.977707604165,1060.0,UV,243.20000000000002,305.8,CLUTCH: The COSMOS Legacy UV-Optical Treasury Campaign with Hubble,60977.27445596,17802,GO,,POLYGON 150.01362702 2.0981531 150.0039501 2.11867352 150.00196928061561 2.1178884706739241 150.00177297 2.11830475 149.95959951 2.10158953 149.96927692 2.08106937 149.97125769805083 2.0818544699386292 149.971454 2.08143822 150.01362702 2.0981531 150.01362702 2.0981531,mast:HST/product/iffuco040_drz.jpg,mast:HST/product/iffuco040_drz.fits,PUBLIC,False,,355633437,243.20000000000002,305.8,0.0,804617,149.9897518986114,2.104018543404397,F275W,60976.96383040509
science,HST,CALWF3,WFC3/IR,HST,F160W,INFRARED,COS-Z12-2,GALAXY;HIGH REDSHIFT GALAXY,ifge01020,149.999625,2.116638888889,image,"Franco, Maximilien",3,61015.15068892361,61015.21740112268,406.0,INFRARED,1393.8999999999999,1692.4,Brighter than GN-z11? Grism Observations of the brightest z~11 Candidates found in COSMOS-Web,61197.53423603,17719,GO,,POLYGON 150.02454543 2.11888545 150.00111515 2.1437242 150.00093657531687 2.1435568016902717 150.00070587 2.14380137 149.97285769 2.11769533 149.99628802 2.09285699 149.99646664946002 2.0930244467004857 149.9966973 2.09277993 150.02454543 2.11888545 150.02454543 2.11888545,mast:HST/product/ifge01020_drz.jpg,mast:HST/product/ifge01020_drz.fits,PUBLIC,False,,365051650,1393.8999999999999,1692.4,0.0,804617,149.9897518986114,2.104018543404397,F160W,61015.15068892361
science,HST,CALWF3,WFC3/IR,HST,F160W,INFRARED,COS-Z12-2,GALAXY;HIGH REDSHIFT GALAXY,ifge02020,149.999625,2.116638888889,image,"Franco, Maximilien",3,61017.70079297454,61017.767470405095,406.0,INFRARED,1393.8999999999999,1692.4,Brighter than GN-z11? Grism Observations of the brightest z~11 Candidates found in COSMOS-Web,61200.14771988,17719,GO,,POLYGON 150.02454543 2.11888545 150.00111515 2.1437242 150.00093657531687 2.1435568016902717 150.00070587 2.14380137 149.97285769 2.11769533 149.99628802 2.09285699 149.99646664946002 2.0930244467004857 149.9966973 2.09277993 150.02454543 2.11888545 150.02454543 2.11888545,mast:HST/product/ifge02020_drz.jpg,mast:HST/product/ifge02020_drz.fits,PUBLIC,False,,365512120,1393.8999999999999,1692.4,0.0,804617,149.9897518986114,2.104018543404397,F160W,61017.70079297454
science,HST,CALWF3,WFC3/IR,HST,F160W,INFRARED,COS-Z12-2,GALAXY;HIGH REDSHIFT GALAXY,ifge03020,149.999625,2.116638888889,image,"Franco, Maximilien",3,61019.00864039352,61019.07529444445,406.0,INFRARED,1393.8999999999999,1692.4,Brighter than GN-z11? Grism Observations of the brightest z~11 Candidates found in COSMOS-Web,61201.41818281,17719,GO,,POLYGON 150.02454543 2.11888545 150.00111515 2.1437242 150.00093657531687 2.1435568016902717 150.00070587 2.14380137 149.97285769 2.11769533 149.99628802 2.09285699 149.99646664946002 2.0930244467004857 149.9966973 2.09277993 150.02454543 2.11888545 150.02454543 2.11888545,mast:HST/product/ifge03020_drz.jpg,mast:HST/product/ifge03020_drz.fits,PUBLIC,False,,365765226,1393.8999999999999,1692.4,0.0,804617,149.9897518986114,2.104018543404397,F160W,61019.00864039352
science,HST,CALWF3,WFC3/IR,HST,F160W,INFRARED,COS-Z12-2,GALAXY;HIGH REDSHIFT GALAXY,ifge07020,149.999625,2.116638888889,image,"Franco, Maximilien",3,61051.11248491898,61051.179092673614,406.0,INFRARED,1393.8999999999999,1692.4,Brighter than GN-z11? Grism Observations of the brightest z~11 Candidates found in COSMOS-Web,61232.69359938,17719,GO,,POLYGON 150.02427804 2.11236347 150.00807946 2.14241591 150.00786357102962 2.14230037922919 150.00770409 2.14259625 149.97404338 2.1245825 149.99024243 2.09453042 149.99045831242637 2.0946459538981368 149.9906178 2.09435007 150.02427804 2.11236347 150.02427804 2.11236347,mast:HST/product/ifge07020_drz.jpg,mast:HST/product/ifge07020_drz.fits,PUBLIC,False,,376913944,1393.8999999999999,1692.4,0.0,804617,149.9897518986114,2.104018543404397,F160W,61051.11248491898
science,HST,CALWF3,WFC3/IR,HST,F160W,INFRARED,COS-Z12-2,GALAXY;HIGH REDSHIFT GALAXY,ifge08020,149.999625,2.116638888889,image,"Franco, Maximilien",3,61048.7588619213,61048.825470104166,406.0,INFRARED,1393.8999999999999,1692.4,Brighter than GN-z11? Grism Observations of the brightest z~11 Candidates found in COSMOS-Web,61230.22586811,17719,GO,,POLYGON 150.02427804 2.11236347 150.00807946 2.14241591 150.00786357102962 2.14230037922919 150.00770409 2.14259625 149.97404338 2.1245825 149.99024243 2.09453042 149.99045831242637 2.0946459538981368 149.9906178 2.09435007 150.02427804 2.11236347 150.02427804 2.11236347,mast:HST/product/ifge08020_drz.jpg,mast:HST/product/ifge08020_drz.fits,PUBLIC,False,,375329399,1393.8999999999999,1692.4,0.0,804617,149.9897518986114,2.104018543404397,F160W,61048.7588619213
science,HST,CALWF3,WFC3/IR,HST,F160W,INFRARED,COS-Z12-2,GALAXY;HIGH REDSHIFT GALAXY,ifge09020,149.999625,2.116638888889,image,"Franco, Maximilien",3,61050.7201815625,61050.7867778588,406.0,INFRARED,1393.8999999999999,1692.4,Brighter than GN-z11? Grism Observations of the brightest z~11 Candidates found in COSMOS-Web,61232.05174769,17719,GO,,POLYGON 150.02427804 2.11236347 150.00807946 2.14241591 150.00786357102962 2.14230037922919 150.00770409 2.14259625 149.97404338 2.1245825 149.99024243 2.09453042 149.99045831242637 2.0946459538981368 149.9906178 2.09435007 150.02427804 2.11236347 150.02427804 2.11236347,mast:HST/product/ifge09020_drz.jpg,mast:HST/product/ifge09020_drz.fits,PUBLIC,False,,376913681,1393.8999999999999,1692.4,0.0,804617,149.9897518986114,2.104018543404397,F160W,61050.7201815625
science,HST,CALACS,ACS/WFC,HST,F814W,OPTICAL,COSMOS25-25,CLUSTER OF GALAXIES;BLANK SKY,j8pu4g010,149.9966720812,2.119402517527,image,"Scoville, Nicholas Z.",3,53118.59078359954,53118.65727681713,2028.0,OPTICAL,708.0,959.0,The COSMOS 2-Degree ACS Survey,53119.1611111,9822,GO,,POLYGON 150.0311510200001 2.1424485499999286 150.02946478058723 2.1426653384848415 150.02947348999987 2.1427046699998944 150.0025877330028 2.1461609238501103 150.00266340999985 2.146525739999972 150.00098033077 2.1467551068509518 150.00098587 2.1467818100001246 149.97261970999992 2.1506472100000669 149.97260494699898 2.15057603517841 149.97176313000003 2.1506907400000528 149.96024654 2.0951652999999668 149.9619295399813 2.0949359809219752 149.9619239999999 2.09490927000007 149.9902891699999 2.0910440499999514 149.99030393619927 2.0911152385589777 149.99114574999996 2.0910005199999473 149.9911953654173 2.0912397184993345 150.01817760999987 2.0877711200000855 150.01819194672288 2.0878358685302389 150.01903419000004 2.0877275899998682 150.0311510200001 2.1424485499999286 150.0311510200001 2.1424485499999286,mast:HST/product/j8pu4g010_drz.jpg,mast:HST/product/j8pu4g010_drz.fits,PUBLIC,False,,24820597,708.0,959.0,0.0,804617,149.9897518986114,2.104018543404397,F814W,53118.59078359954
science,HST,CALACS,ACS/WFC,HST,F606W,OPTICAL,CLUTCH-TARGET-BN,GALAXY;HIGH REDSHIFT GALAXY,jffubn010,149.983243771,2.124807760787,image,"Kartaltepe, Jeyhan",3,60683.45966412037,60683.47085636574,800.0,OPTICAL,470.0,720.0,CLUTCH: The COSMOS Legacy UV-Optical Treasury Campaign with Hubble,60683.61965273,17802,GO,,POLYGON 150.02420379000009 2.1414047699999035 149.99693507000009 2.1501449200000162 149.996556134849 2.1491934816871132 149.99619031400016 2.1493107290529392 149.9964586799999 2.1499594199999605 149.97003561000005 2.1582106099998568 149.96964911859465 2.1572763472670529 149.9678595499999 2.1578351600000789 149.94641542999994 2.1059963900000067 149.97283772000011 2.097745600000037 149.97322418698758 2.0986798341123469 149.97428054371832 2.0983499582861831 149.97375758000007 2.097036789999954 150.00102569000003 2.0882970700001109 150.00140457364611 2.0892484083732072 150.00320156000012 2.0886724300001438 150.02420379000009 2.1414047699999035 150.02420379000009 2.1414047699999035,mast:HST/product/jffubn010_drz.jpg,mast:HST/product/jffubn010_drz.fits,PUBLIC,False,,234735646,470.0,720.0,0.0,804617,149.9897518986114,2.104018543404397,F606W,60683.45966412037
science,HST,CALACS,ACS/WFC,HST,F435W,OPTICAL,CLUTCH-TARGET-BN,GALAXY;HIGH REDSHIFT GALAXY,jffubn020,149.9833028476,2.12468204412,image,"Kartaltepe, Jeyhan",3,60683.473842280095,60683.48585636574,800.0,OPTICAL,370.0,479.99999999999994,CLUTCH: The COSMOS Legacy UV-Optical Treasury Campaign with Hubble,60683.74671288,17802,GO,,POLYGON 150.02426285999985 2.1412790599999978 149.99699414000003 2.1500191999999942 149.99661744213128 2.1490733786535032 149.99625169776243 2.1491906015512918 149.99651774999998 2.1498336999998631 149.97009469 2.1580849000000817 149.96971051773929 2.1571562431406108 149.96791750999986 2.1577161300001269 149.94647338999988 2.1058773499999166 149.97289567999997 2.0976265699998988 149.97327982409203 2.0985551892466772 149.97433626147563 2.0982252882378045 149.97381554 2.0969177499999754 150.00108364999988 2.088178039999955 150.00146029750263 2.0891237640962212 150.00326064000012 2.0885467099999149 150.02426285999985 2.1412790599999978 150.02426285999985 2.1412790599999978,mast:HST/product/jffubn020_drz.jpg,mast:HST/product/jffubn020_drz.fits,PUBLIC,False,,234901155,370.0,479.99999999999994,0.0,804617,149.9897518986114,2.104018543404397,F435W,60683.473842280095
science,HST,CALACS,ACS/WFC,HST,F606W,OPTICAL,CLUTCH-TARGET-CB,GALAXY;HIGH REDSHIFT GALAXY,jffucb010,149.9952925891,2.093435545445,image,"Kartaltepe, Jeyhan",3,60690.22054375,60690.23030081019,676.415985,OPTICAL,470.0,720.0,CLUTCH: The COSMOS Legacy UV-Optical Treasury Campaign with Hubble,60690.53622684,17802,GO,,POLYGON 150.03625176000003 2.1100325800001385 150.00898359000004 2.1187727000001249 150.008604670916 2.1178212806807508 150.00823886269467 2.1179385264148425 150.00850722000004 2.1185872099998657 149.98208468999997 2.1268383900001244 149.98169820398127 2.1259041208803948 149.97990867999988 2.1264629299999767 149.95846498999992 2.0746241599998561 149.98488675000013 2.0663733899999497 149.98527320794432 2.0673076209255905 149.98632955955122 2.0669777410262689 149.98580661000011 2.0656645799999587 150.01307418000002 2.0569248599999996 150.01345305758431 2.0578762041143155 150.01524999999992 2.0573002299999743 150.03625176000003 2.1100325800001385 150.03625176000003 2.1100325800001385,mast:HST/product/jffucb010_drz.jpg,mast:HST/product/jffucb010_drz.fits,PUBLIC,False,,236586936,470.0,720.0,0.0,804617,149.9897518986114,2.104018543404397,F606W,60690.22054375
science,HST,CALACS,ACS/WFC,HST,F435W,OPTICAL,CLUTCH-TARGET-CB,GALAXY;HIGH REDSHIFT GALAXY,jffucb020,149.9953516646,2.0933098288,image,"Kartaltepe, Jeyhan",3,60690.23472190972,60690.24210636574,0.0,OPTICAL,370.0,479.99999999999994,CLUTCH: The COSMOS Legacy UV-Optical Treasury Campaign with Hubble,60690.62052074,17802,GO,,POLYGON 150.03631083000008 2.1099068600000317 150.0090426700001 2.1186469800000753 150.00866598325982 2.117701166003116 150.0083002478658 2.1178183884393871 150.0085663000001 2.1184614999999014 149.98214377000011 2.1267126700001326 149.98175960560795 2.1257840130485488 149.97996663000004 2.1263439000000739 149.95852294999995 2.0745051299998956 149.98494470000011 2.0662543599998817 149.98532883639939 2.0671829787795071 149.98638526531821 2.066853074740346 149.98586456000012 2.0655455500000537 150.01313213000003 2.0568058299999108 150.01350877202177 2.0577515605417562 150.01530906999986 2.0571745100001273 150.03631083000008 2.1099068600000317 150.03631083000008 2.1099068600000317,,mast:HST/product/jffucb020_drz.fits,PUBLIC,False,,236587035,370.0,479.99999999999994,0.0,804617,149.9897518986114,2.104018543404397,F435W,60690.23472190972
science,HST,CALACS,ACS/WFC,HST,F606W,OPTICAL,CLUTCH-TARGET-CB,GALAXY;HIGH REDSHIFT GALAXY,jffupb010,149.9952925891,2.093435545445,image,"Kartaltepe, Jeyhan",3,61059.54663394676,61059.557826157405,800.0,OPTICAL,470.0,720.0,CLUTCH: The COSMOS Legacy UV-Optical Treasury Campaign with Hubble,61059.65982636,17802,GO,,POLYGON 150.03625176000003 2.1100325800001385 150.00898359000004 2.1187727000001249 150.008604670916 2.1178212806807508 150.00823886269467 2.1179385264148425 150.00850722000004 2.1185872099998657 149.98208468999997 2.1268383900001244 149.98169820398127 2.1259041208803948 149.97990867999988 2.1264629299999767 149.95846498999992 2.0746241599998561 149.98488675000013 2.0663733899999497 149.98527320794432 2.0673076209255905 149.98632955955122 2.0669777410262689 149.98580661000011 2.0656645799999587 150.01307418000002 2.0569248599999996 150.01345305758431 2.0578762041143155 150.01524999999992 2.0573002299999743 150.03625176000003 2.1100325800001385 150.03625176000003 2.1100325800001385,mast:HST/product/jffupb010_drz.jpg,mast:HST/product/jffupb010_drz.fits,PUBLIC,False,,377015823,470.0,720.0,0.0,804617,149.9897518986114,2.104018543404397,F606W,61059.54663394676
science,HST,CALACS,ACS/WFC,HST,F435W,OPTICAL,CLUTCH-TARGET-CB,GALAXY;HIGH REDSHIFT GALAXY,jffupb020,149.9953516646,2.0933098288,image,"Kartaltepe, Jeyhan",3,61059.560812118056,61059.572826157404,800.0,OPTICAL,370.0,479.99999999999994,CLUTCH: The COSMOS Legacy UV-Optical Treasury Campaign with Hubble,61059.79547444,17802,GO,,POLYGON 150.03631083000008 2.1099068600000317 150.0090426700001 2.1186469800000753 150.00866598325982 2.117701166003116 150.0083002478658 2.1178183884393871 150.0085663000001 2.1184614999999014 149.98214377000011 2.1267126700001326 149.98175960560795 2.1257840130485488 149.97996663000004 2.1263439000000739 149.95852294999995 2.0745051299998956 149.98494470000011 2.0662543599998817 149.98532883639939 2.0671829787795071 149.98638526531821 2.066853074740346 149.98586456000012 2.0655455500000537 150.01313213000003 2.0568058299999108 150.01350877202177 2.0577515605417562 150.01530906999986 2.0571745100001273 150.03631083000008 2.1099068600000317 150.03631083000008 2.1099068600000317,mast:HST/product/jffupb020_drz.jpg,mast:HST/product/jffupb020_drz.fits,PUBLIC,False,,377015832,370.0,479.99999999999994,0.0,804617,149.9897518986114,2.104018543404397,F435W,61059.560812118056
calibration,HST,CALSTIS,STIS/CCD,HST,MIRVIS,OPTICAL,BIAS,,ocqd57010,149.990037166,2.096746953661,image,"Taylor, Jo",3,57201.03978086806,57201.04845015046,0.0,OPTICAL,,,CCD Bias and Read Noise Monitor Part 2,57201.16656247,13983,CAL/STIS,,POLYGON 149.99676357883286 2.101241056725921 149.99038075075384 2.088676364272388 149.9833148910539 2.092260996087965 149.98969771913292 2.1048256885414984 149.99676357883286 2.101241056725921,,,PUBLIC,False,,24988012,,,0.0,804617,149.9897518986114,2.104018543404397,,57201.03978086806
calibration,HST,CALSTIS,STIS/CCD,HST,MIRVIS,OPTICAL,BIAS,,ocqd57020,149.990037166,2.096746953661,image,"Taylor, Jo",3,57201.051007905095,57201.05202642361,0.0,OPTICAL,,,CCD Bias and Read Noise Monitor Part 2,57201.16673614,13983,CAL/STIS,,POLYGON 149.99676357883286 2.101241056725921 149.99038075075384 2.088676364272388 149.9833148910539 2.092260996087965 149.98969771913292 2.1048256885414984 149.99676357883286 2.101241056725921,,,PUBLIC,False,,24988013,,,0.0,804617,149.9897518986114,2.104018543404397,,57201.051007905095
calibration,HST,CALSTIS,STIS/CCD,HST,MIRVIS,OPTICAL,BIAS,,ocqd57030,149.990037166,2.096746953661,image,"Taylor, Jo",3,57201.05253568287,57201.05416755787,0.0,OPTICAL,,,CCD Bias and Read Noise Monitor Part 2,57201.16702549,13983,CAL/STIS,,POLYGON 149.99676357883286 2.101241056725921 149.99038075075384 2.088676364272388 149.9833148910539 2.092260996087965 149.98969771913292 2.1048256885414984 149.99676357883286 2.101241056725921,,,PUBLIC,False,,24988014,,,0.0,804617,149.9897518986114,2.104018543404397,,57201.05253568287
calibration,HST,CALSTIS,STIS/CCD,HST,MIRVIS,OPTICAL,DARK,,ocqq0oqdq,149.9889731124,2.097326345698,image,"Taylor, Jo",2,57201.00008197917,57201.01281346065,1100.0,OPTICAL,,,CCD Dark Monitor Part 2,57201.11878472,13981,CAL/STIS,,POLYGON 149.99569951814223 2.1018204630841333 149.9893167144872 2.089255757040933 149.98225084452866 2.092840373812562 149.9886336481837 2.1054050798557626 149.99569951814223 2.1018204630841333,,mast:HST/product/ocqq0oqdq_flt.fits,PUBLIC,False,,24987825,,,0.0,804617,149.9897518986114,2.104018543404397,,57201.00008197917
calibration,HST,CALSTIS,STIS/CCD,HST,MIRVIS,OPTICAL,DARK,,ocqq0oqeq,149.9889731124,2.097326345698,image,"Taylor, Jo",2,57201.013322719904,57201.01401716435,60.0,OPTICAL,,,CCD Dark Monitor Part 2,57201.11920138,13981,CAL/STIS,,POLYGON 149.99569951814223 2.1018204630841333 149.9893167144872 2.089255757040933 149.98225084452866 2.092840373812562 149.9886336481837 2.1054050798557626 149.99569951814223 2.1018204630841333,,mast:HST/product/ocqq0oqeq_flt.fits,PUBLIC,False,,24987826,,,0.0,804617,149.9897518986114,2.104018543404397,,57201.013322719904
calibration,HST,CALSTIS,STIS/CCD,HST,MIRVIS,OPTICAL,DARK,,ocqq0oqfq,149.9889731124,2.097326345698,image,"Taylor, Jo",1,57201.01452642361,57201.01522086805,60.0,OPTICAL,,,CCD Dark Monitor Part 2,57201.11924768,13981,CAL/STIS,,POLYGON 149.99569951814223 2.1018204630841333 149.9893167144872 2.089255757040933 149.98225084452866 2.092840373812562 149.9886336481837 2.1054050798557626 149.99569951814223 2.1018204630841333,,mast:HST/product/ocqq0oqfq_raw.fits,PUBLIC,False,,24987827,,,0.0,804617,149.9897518986114,2.104018543404397,,57201.01452642361
calibration,HST,CALSTIS,STIS/CCD,HST,MIRVIS,OPTICAL,DARK,,ocqq0pqiq,149.9889731124,2.097326345698,image,"Taylor, Jo",2,57201.01993163194,57201.03266311342,1100.0,OPTICAL,,,CCD Dark Monitor Part 2,57201.1196644,13981,CAL/STIS,,POLYGON 149.99569951814223 2.1018204630841333 149.9893167144872 2.089255757040933 149.98225084452866 2.092840373812562 149.9886336481837 2.1054050798557626 149.99569951814223 2.1018204630841333,,mast:HST/product/ocqq0pqiq_flt.fits,PUBLIC,False,,24987828,,,0.0,804617,149.9897518986114,2.104018543404397,,57201.01993163194
calibration,HST,CALSTIS,STIS/CCD,HST,MIRVIS,OPTICAL,DARK,,ocqq0pqjq,149.990037166,2.096746953661,image,"Taylor, Jo",2,57201.033172372685,57201.03386681713,60.0,OPTICAL,,,CCD Dark Monitor Part 2,57201.11995375,13981,CAL/STIS,,POLYGON 149.99676357883286 2.101241056725921 149.99038075075384 2.088676364272388 149.9833148910539 2.092260996087965 149.98969771913292 2.1048256885414984 149.99676357883286 2.101241056725921,,mast:HST/product/ocqq0pqjq_flt.fits,PUBLIC,False,,24987829,,,0.0,804617,149.9897518986114,2.104018543404397,,57201.033172372685
calibration,HST,CALSTIS,STIS/CCD,HST,MIRVIS,OPTICAL,DARK,,ocqq0pqkq,149.990037166,2.096746953661,image,"Taylor, Jo",1,57201.034376076386,57201.03507052083,60.0,OPTICAL,,,CCD Dark Monitor Part 2,57201.12001162,13981,CAL/STIS,,POLYGON 149.99676357883286 2.101241056725921 149.99038075075384 2.088676364272388 149.9833148910539 2.092260996087965 149.98969771913292 2.1048256885414984 149.99676357883286 2.101241056725921,,mast:HST/product/ocqq0pqkq_raw.fits,PUBLIC,False,,24987830,,,0.0,804617,149.9897518986114,2.104018543404397,,57201.034376076386
