obsID,obs_collection,dataproduct_type,obs_id,description,type,dataURI,productType,productGroupDescription,productSubGroupDescription,productDocumentationURL,project,prvversion,proposal_id,productFilename,size,parent_obsid,dataRights,calib_level,filters
266229752,JWST,image,jw05893016008_02101_00003_nrca3,exposure (L2b): 2D calibrated exposure average over integrations,S,mast:JWST/product/jw05893016008_02101_00003_nrca3_cal.fits,SCIENCE,,CAL,,CALJWST,2.0.0,5893,jw05893016008_02101_00003_nrca3_cal.fits,117573120,266453987,PUBLIC,2,F200W
266229753,JWST,image,jw05893016008_02101_00005_nrca3,exposure (L2b): 2D calibrated exposure average over integrations,S,mast:JWST/product/jw05893016008_02101_00005_nrca3_cal.fits,SCIENCE,,CAL,,CALJWST,2.0.0,5893,jw05893016008_02101_00005_nrca3_cal.fits,117573120,266453987,PUBLIC,2,F200W
266229755,JWST,image,jw05893016008_02101_00002_nrca2,exposure (L2b): 2D calibrated exposure average over integrations,S,mast:JWST/product/jw05893016008_02101_00002_nrca2_cal.fits,SCIENCE,,CAL,,CALJWST,2.0.0,5893,jw05893016008_02101_00002_nrca2_cal.fits,117570240,266453987,PUBLIC,2,F200W
266229756,JWST,image,jw05893016008_02101_00005_nrca1,exposure (L2b): 2D calibrated exposure average over integrations,S,mast:JWST/product/jw05893016008_02101_00005_nrca1_cal.fits,SCIENCE,,CAL,,CALJWST,2.0.0,5893,jw05893016008_02101_00005_nrca1_cal.fits,117570240,266453987,PUBLIC,2,F200W
266229758,JWST,image,jw05893016008_02101_00001_nrca3,exposure (L2b): 2D calibrated exposure average over integrations,S,mast:JWST/product/jw05893016008_02101_00001_nrca3_cal.fits,SCIENCE,,CAL,,CALJWST,2.0.0,5893,jw05893016008_02101_00001_nrca3_cal.fits,117573120,266453987,PUBLIC,2,F200W
266229759,JWST,image,jw05893016008_02101_00004_nrca4,exposure (L2b): 2D calibrated exposure average over integrations,S,mast:JWST/product/jw05893016008_02101_00004_nrca4_cal.fits,SCIENCE,,CAL,,CALJWST,2.0.0,5893,jw05893016008_02101_00004_nrca4_cal.fits,117573120,266453987,PUBLIC,2,F200W
266229760,JWST,image,jw05893016008_02101_00004_nrca1,exposure (L2b): 2D calibrated exposure average over integrations,S,mast:JWST/product/jw05893016008_02101_00004_nrca1_cal.fits,SCIENCE,,CAL,,CALJWST,2.0.0,5893,jw05893016008_02101_00004_nrca1_cal.fits,117570240,266453987,PUBLIC,2,F200W
266229761,JWST,image,jw05893016008_02101_00001_nrca1,exposure (L2b): 2D calibrated exposure average over integrations,S,mast:JWST/product/jw05893016008_02101_00001_nrca1_cal.fits,SCIENCE,,CAL,,CALJWST,2.0.0,5893,jw05893016008_02101_00001_nrca1_cal.fits,117570240,266453987,PUBLIC,2,F200W
266229762,JWST,image,jw05893016008_02101_00004_nrca3,exposure (L2b): 2D calibrated exposure average over integrations,S,mast:JWST/product/jw05893016008_02101_00004_nrca3_cal.fits,SCIENCE,,CAL,,CALJWST,2.0.0,5893,jw05893016008_02101_00004_nrca3_cal.fits,117573120,266453987,PUBLIC,2,F200W
266229763,JWST,image,jw05893016008_02101_00005_nrca4,exposure (L2b): 2D calibrated exposure average over integrations,S,mast:JWST/product/jw05893016008_02101_00005_nrca4_cal.fits,SCIENCE,,CAL,,CALJWST,2.0.0,5893,jw05893016008_02101_00005_nrca4_cal.fits,117573120,266453987,PUBLIC,2,F200W
266229764,JWST,image,jw05893016008_02101_00001_nrca2,exposure (L2b): 2D calibrated exposure average over integrations,S,mast:JWST/product/jw05893016008_02101_00001_nrca2_cal.fits,SCIENCE,,CAL,,CALJWST,2.0.0,5893,jw05893016008_02101_00001_nrca2_cal.fits,117570240,266453987,PUBLIC,2,F200W
266229765,JWST,image,jw05893016008_02101_00002_nrca1,exposure (L2b): 2D calibrated exposure average over integrations,S,mast:JWST/product/jw05893016008_02101_00002_nrca1_cal.fits,SCIENCE,,CAL,,CALJWST,2.0.0,5893,jw05893016008_02101_00002_nrca1_cal.fits,117570240,266453987,PUBLIC,2,F200W
266229766,JWST,image,jw05893016008_02101_00006_nrcb1,exposure (L2b): 2D calibrated exposure average over integrations,S,mast:JWST/product/jw05893016008_02101_00006_nrcb1_cal.fits,SCIENCE,,CAL,,CALJWST,2.0.0,5893,jw05893016008_02101_00006_nrcb1_cal.fits,117573120,266453987,PUBLIC,2,F200W
266229767,JWST,image,jw05893016008_02101_00003_nrca1,exposure (L2b): 2D calibrated exposure average over integrations,S,mast:JWST/product/jw05893016008_02101_00003_nrca1_cal.fits,SCIENCE,,CAL,,CALJWST,2.0.0,5893,jw05893016008_02101_00003_nrca1_cal.fits,117570240,266453987,PUBLIC,2,F200W
266229768,JWST,image,jw05893016008_02101_00002_nrca4,exposure (L2b): 2D calibrated exposure average over integrations,S,mast:JWST/product/jw05893016008_02101_00002_nrca4_cal.fits,SCIENCE,,CAL,,CALJWST,2.0.0,5893,jw05893016008_02101_00002_nrca4_cal.fits,117573120,266453987,PUBLIC,2,F200W
266229769,JWST,image,jw05893016008_02101_00004_nrca2,exposure (L2b): 2D calibrated exposure average over integrations,S,mast:JWST/product/jw05893016008_02101_00004_nrca2_cal.fits,SCIENCE,,CAL,,CALJWST,2.0.0,5893,jw05893016008_02101_00004_nrca2_cal.fits,117570240,266453987,PUBLIC,2,F200W
266229770,JWST,image,jw05893016008_02101_00006_nrcb2,exposure (L2b): 2D calibrated exposure average over integrations,S,mast:JWST/product/jw05893016008_02101_00006_nrcb2_cal.fits,SCIENCE,,CAL,,CALJWST,2.0.0,5893,jw05893016008_02101_00006_nrcb2_cal.fits,117573120,266453987,PUBLIC,2,F200W
266229771,JWST,image,jw05893016008_02101_00003_nrca4,exposure (L2b): 2D calibrated exposure average over integrations,S,mast:JWST/product/jw05893016008_02101_00003_nrca4_cal.fits,SCIENCE,,CAL,,CALJWST,2.0.0,5893,jw05893016008_02101_00003_nrca4_cal.fits,117573120,266453987,PUBLIC,2,F200W
266229772,JWST,image,jw05893016008_02101_00002_nrca3,exposure (L2b): 2D calibrated exposure average over integrations,S,mast:JWST/product/jw05893016008_02101_00002_nrca3_cal.fits,SCIENCE,,CAL,,CALJWST,2.0.0,5893,jw05893016008_02101_00002_nrca3_cal.fits,117573120,266453987,PUBLIC,2,F200W
266229773,JWST,image,jw05893016008_02101_00001_nrca4,exposure (L2b): 2D calibrated exposure average over integrations,S,mast:JWST/product/jw05893016008_02101_00001_nrca4_cal.fits,SCIENCE,,CAL,,CALJWST,2.0.0,5893,jw05893016008_02101_00001_nrca4_cal.fits,117573120,266453987,PUBLIC,2,F200W
266229774,JWST,image,jw05893016008_02101_00005_nrca2,exposure (L2b): 2D calibrated exposure average over integrations,S,mast:JWST/product/jw05893016008_02101_00005_nrca2_cal.fits,SCIENCE,,CAL,,CALJWST,2.0.0,5893,jw05893016008_02101_00005_nrca2_cal.fits,117570240,266453987,PUBLIC,2,F200W
266229775,JWST,image,jw05893016008_02101_00003_nrca2,exposure (L2b): 2D calibrated exposure average over integrations,S,mast:JWST/product/jw05893016008_02101_00003_nrca2_cal.fits,SCIENCE,,CAL,,CALJWST,2.0.0,5893,jw05893016008_02101_00003_nrca2_cal.fits,117570240,266453987,PUBLIC,2,F200W
266229910,JWST,image,jw05893016008_02101_00003_nrcb3,exposure (L2b): 2D calibrated exposure average over integrations,S,mast:JWST/product/jw05893016008_02101_00003_nrcb3_cal.fits,SCIENCE,,CAL,,CALJWST,2.0.0,5893,jw05893016008_02101_00003_nrcb3_cal.fits,117573120,266453987,PUBLIC,2,F200W
266229911,JWST,image,jw05893016008_02101_00004_nrcb2,exposure (L2b): 2D calibrated exposure average over integrations,S,mast:JWST/product/jw05893016008_02101_00004_nrcb2_cal.fits,SCIENCE,,CAL,,CALJWST,2.0.0,5893,jw05893016008_02101_00004_nrcb2_cal.fits,117573120,266453987,PUBLIC,2,F200W
266229912,JWST,image,jw05893016008_02101_00003_nrcb2,exposure (L2b): 2D calibrated exposure average over integrations,S,mast:JWST/product/jw05893016008_02101_00003_nrcb2_cal.fits,SCIENCE,,CAL,,CALJWST,2.0.0,5893,jw05893016008_02101_00003_nrcb2_cal.fits,117573120,266453987,PUBLIC,2,F200W
266229914,JWST,image,jw05893016008_02101_00005_nrcb2,exposure (L2b): 2D calibrated exposure average over integrations,S,mast:JWST/product/jw05893016008_02101_00005_nrcb2_cal.fits,SCIENCE,,CAL,,CALJWST,2.0.0,5893,jw05893016008_02101_00005_nrcb2_cal.fits,117573120,266453987,PUBLIC,2,F200W
266229917,JWST,image,jw05893016008_02101_00004_nrcb1,exposure (L2b): 2D calibrated exposure average over integrations,S,mast:JWST/product/jw05893016008_02101_00004_nrcb1_cal.fits,SCIENCE,,CAL,,CALJWST,2.0.0,5893,jw05893016008_02101_00004_nrcb1_cal.fits,117573120,266453987,PUBLIC,2,F200W
266229919,JWST,image,jw05893016008_02101_00002_nrcb1,exposure (L2b): 2D calibrated exposure average over integrations,S,mast:JWST/product/jw05893016008_02101_00002_nrcb1_cal.fits,SCIENCE,,CAL,,CALJWST,2.0.0,5893,jw05893016008_02101_00002_nrcb1_cal.fits,117573120,266453987,PUBLIC,2,F200W
266229920,JWST,image,jw05893016008_02101_00005_nrcb1,exposure (L2b): 2D calibrated exposure average over integrations,S,mast:JWST/product/jw05893016008_02101_00005_nrcb1_cal.fits,SCIENCE,,CAL,,CALJWST,2.0.0,5893,jw05893016008_02101_00005_nrcb1_cal.fits,117573120,266453987,PUBLIC,2,F200W
266229921,JWST,image,jw05893016008_02101_00004_nrcb4,exposure (L2b): 2D calibrated exposure average over integrations,S,mast:JWST/product/jw05893016008_02101_00004_nrcb4_cal.fits,SCIENCE,,CAL,,CALJWST,2.0.0,5893,jw05893016008_02101_00004_nrcb4_cal.fits,117573120,266453987,PUBLIC,2,F200W
266229923,JWST,image,jw05893016008_02101_00001_nrcb1,exposure (L2b): 2D calibrated exposure average over integrations,S,mast:JWST/product/jw05893016008_02101_00001_nrcb1_cal.fits,SCIENCE,,CAL,,CALJWST,2.0.0,5893,jw05893016008_02101_00001_nrcb1_cal.fits,117573120,266453987,PUBLIC,2,F200W
266229925,JWST,image,jw05893016008_02101_00001_nrcb3,exposure (L2b): 2D calibrated exposure average over integrations,S,mast:JWST/product/jw05893016008_02101_00001_nrcb3_cal.fits,SCIENCE,,CAL,,CALJWST,2.0.0,5893,jw05893016008_02101_00001_nrcb3_cal.fits,117573120,266453987,PUBLIC,2,F200W
266229926,JWST,image,jw05893016008_02101_00005_nrcb4,exposure (L2b): 2D calibrated exposure average over integrations,S,mast:JWST/product/jw05893016008_02101_00005_nrcb4_cal.fits,SCIENCE,,CAL,,CALJWST,2.0.0,5893,jw05893016008_02101_00005_nrcb4_cal.fits,117573120,266453987,PUBLIC,2,F200W
266229927,JWST,image,jw05893016008_02101_00002_nrcb4,exposure (L2b): 2D calibrated exposure average over integrations,S,mast:JWST/product/jw05893016008_02101_00002_nrcb4_cal.fits,SCIENCE,,CAL,,CALJWST,2.0.0,5893,jw05893016008_02101_00002_nrcb4_cal.fits,117573120,266453987,PUBLIC,2,F200W
266229931,JWST,image,jw05893016008_02101_00006_nrca4,exposure (L2b): 2D calibrated exposure average over integrations,S,mast:JWST/product/jw05893016008_02101_00006_nrca4_cal.fits,SCIENCE,,CAL,,CALJWST,2.0.0,5893,jw05893016008_02101_00006_nrca4_cal.fits,117573120,266453987,PUBLIC,2,F200W
266229932,JWST,image,jw05893016008_02101_00005_nrcb3,exposure (L2b): 2D calibrated exposure average over integrations,S,mast:JWST/product/jw05893016008_02101_00005_nrcb3_cal.fits,SCIENCE,,CAL,,CALJWST,2.0.0,5893,jw05893016008_02101_00005_nrcb3_cal.fits,117573120,266453987,PUBLIC,2,F200W
266229933,JWST,image,jw05893016008_02101_00002_nrcb3,exposure (L2b): 2D calibrated exposure average over integrations,S,mast:JWST/product/jw05893016008_02101_00002_nrcb3_cal.fits,SCIENCE,,CAL,,CALJWST,2.0.0,5893,jw05893016008_02101_00002_nrcb3_cal.fits,117573120,266453987,PUBLIC,2,F200W
266229936,JWST,image,jw05893016008_02101_00001_nrcb2,exposure (L2b): 2D calibrated exposure average over integrations,S,mast:JWST/product/jw05893016008_02101_00001_nrcb2_cal.fits,SCIENCE,,CAL,,CALJWST,2.0.0,5893,jw05893016008_02101_00001_nrcb2_cal.fits,117573120,266453987,PUBLIC,2,F200W
266229939,JWST,image,jw05893016008_02101_00006_nrcb4,exposure (L2b): 2D calibrated exposure average over integrations,S,mast:JWST/product/jw05893016008_02101_00006_nrcb4_cal.fits,SCIENCE,,CAL,,CALJWST,2.0.0,5893,jw05893016008_02101_00006_nrcb4_cal.fits,117573120,266453987,PUBLIC,2,F200W
266229940,JWST,image,jw05893016008_02101_00003_nrcb4,exposure (L2b): 2D calibrated exposure average over integrations,S,mast:JWST/product/jw05893016008_02101_00003_nrcb4_cal.fits,SCIENCE,,CAL,,CALJWST,2.0.0,5893,jw05893016008_02101_00003_nrcb4_cal.fits,117573120,266453987,PUBLIC,2,F200W
266229941,JWST,image,jw05893016008_02101_00006_nrca2,exposure (L2b): 2D calibrated exposure average over integrations,S,mast:JWST/product/jw05893016008_02101_00006_nrca2_cal.fits,SCIENCE,,CAL,,CALJWST,2.0.0,5893,jw05893016008_02101_00006_nrca2_cal.fits,117570240,266453987,PUBLIC,2,F200W
266229942,JWST,image,jw05893016008_02101_00001_nrcb4,exposure (L2b): 2D calibrated exposure average over integrations,S,mast:JWST/product/jw05893016008_02101_00001_nrcb4_cal.fits,SCIENCE,,CAL,,CALJWST,2.0.0,5893,jw05893016008_02101_00001_nrcb4_cal.fits,117573120,266453987,PUBLIC,2,F200W
266229944,JWST,image,jw05893016008_02101_00006_nrcb3,exposure (L2b): 2D calibrated exposure average over integrations,S,mast:JWST/product/jw05893016008_02101_00006_nrcb3_cal.fits,SCIENCE,,CAL,,CALJWST,2.0.0,5893,jw05893016008_02101_00006_nrcb3_cal.fits,117573120,266453987,PUBLIC,2,F200W
266229957,JWST,image,jw05893016008_02101_00006_nrca1,exposure (L2b): 2D calibrated exposure average over integrations,S,mast:JWST/product/jw05893016008_02101_00006_nrca1_cal.fits,SCIENCE,,CAL,,CALJWST,2.0.0,5893,jw05893016008_02101_00006_nrca1_cal.fits,117570240,266453987,PUBLIC,2,F200W
266229965,JWST,image,jw05893016008_02101_00002_nrcb2,exposure (L2b): 2D calibrated exposure average over integrations,S,mast:JWST/product/jw05893016008_02101_00002_nrcb2_cal.fits,SCIENCE,,CAL,,CALJWST,2.0.0,5893,jw05893016008_02101_00002_nrcb2_cal.fits,117573120,266453987,PUBLIC,2,F200W
266229966,JWST,image,jw05893016008_02101_00003_nrcb1,exposure (L2b): 2D calibrated exposure average over integrations,S,mast:JWST/product/jw05893016008_02101_00003_nrcb1_cal.fits,SCIENCE,,CAL,,CALJWST,2.0.0,5893,jw05893016008_02101_00003_nrcb1_cal.fits,117573120,266453987,PUBLIC,2,F200W
266229967,JWST,image,jw05893016008_02101_00004_nrcb3,exposure (L2b): 2D calibrated exposure average over integrations,S,mast:JWST/product/jw05893016008_02101_00004_nrcb3_cal.fits,SCIENCE,,CAL,,CALJWST,2.0.0,5893,jw05893016008_02101_00004_nrcb3_cal.fits,117573120,266453987,PUBLIC,2,F200W
266229969,JWST,image,jw05893016008_02101_00006_nrca3,exposure (L2b): 2D calibrated exposure average over integrations,S,mast:JWST/product/jw05893016008_02101_00006_nrca3_cal.fits,SCIENCE,,CAL,,CALJWST,2.0.0,5893,jw05893016008_02101_00006_nrca3_cal.fits,117573120,266453987,PUBLIC,2,F200W
266229971,JWST,image,jw05893016007_02101_00001_nrcb2,exposure (L2b): 2D calibrated exposure average over integrations,S,mast:JWST/product/jw05893016007_02101_00001_nrcb2_cal.fits,SCIENCE,,CAL,,CALJWST,2.0.0,5893,jw05893016007_02101_00001_nrcb2_cal.fits,117573120,266453987,PUBLIC,2,F200W
266229972,JWST,image,jw05893016007_02101_00001_nrca1,exposure (L2b): 2D calibrated exposure average over integrations,S,mast:JWST/product/jw05893016007_02101_00001_nrca1_cal.fits,SCIENCE,,CAL,,CALJWST,2.0.0,5893,jw05893016007_02101_00001_nrca1_cal.fits,117570240,266453987,PUBLIC,2,F200W
266229973,JWST,image,jw05893016007_02101_00001_nrcb1,exposure (L2b): 2D calibrated exposure average over integrations,S,mast:JWST/product/jw05893016007_02101_00001_nrcb1_cal.fits,SCIENCE,,CAL,,CALJWST,2.0.0,5893,jw05893016007_02101_00001_nrcb1_cal.fits,117573120,266453987,PUBLIC,2,F200W
266229974,JWST,image,jw05893016007_02101_00001_nrca3,exposure (L2b): 2D calibrated exposure average over integrations,S,mast:JWST/product/jw05893016007_02101_00001_nrca3_cal.fits,SCIENCE,,CAL,,CALJWST,2.0.0,5893,jw05893016007_02101_00001_nrca3_cal.fits,117573120,266453987,PUBLIC,2,F200W
266229975,JWST,image,jw05893016007_02101_00001_nrca4,exposure (L2b): 2D calibrated exposure average over integrations,S,mast:JWST/product/jw05893016007_02101_00001_nrca4_cal.fits,SCIENCE,,CAL,,CALJWST,2.0.0,5893,jw05893016007_02101_00001_nrca4_cal.fits,117573120,266453987,PUBLIC,2,F200W
266229977,JWST,image,jw05893016007_02101_00001_nrca2,exposure (L2b): 2D calibrated exposure average over integrations,S,mast:JWST/product/jw05893016007_02101_00001_nrca2_cal.fits,SCIENCE,,CAL,,CALJWST,2.0.0,5893,jw05893016007_02101_00001_nrca2_cal.fits,117570240,266453987,PUBLIC,2,F200W
266229979,JWST,image,jw05893016007_02101_00001_nrcb3,exposure (L2b): 2D calibrated exposure average over integrations,S,mast:JWST/product/jw05893016007_02101_00001_nrcb3_cal.fits,SCIENCE,,CAL,,CALJWST,2.0.0,5893,jw05893016007_02101_00001_nrcb3_cal.fits,117573120,266453987,PUBLIC,2,F200W
266229981,JWST,image,jw05893016007_02101_00001_nrcb4,exposure (L2b): 2D calibrated exposure average over integrations,S,mast:JWST/product/jw05893016007_02101_00001_nrcb4_cal.fits,SCIENCE,,CAL,,CALJWST,2.0.0,5893,jw05893016007_02101_00001_nrcb4_cal.fits,117573120,266453987,PUBLIC,2,F200W
266230063,JWST,image,jw05893016007_02101_00002_nrca3,exposure (L2b): 2D calibrated exposure average over integrations,S,mast:JWST/product/jw05893016007_02101_00002_nrca3_cal.fits,SCIENCE,,CAL,,CALJWST,2.0.0,5893,jw05893016007_02101_00002_nrca3_cal.fits,117573120,266453987,PUBLIC,2,F200W
266230065,JWST,image,jw05893016007_02101_00002_nrca1,exposure (L2b): 2D calibrated exposure average over integrations,S,mast:JWST/product/jw05893016007_02101_00002_nrca1_cal.fits,SCIENCE,,CAL,,CALJWST,2.0.0,5893,jw05893016007_02101_00002_nrca1_cal.fits,117570240,266453987,PUBLIC,2,F200W
266230068,JWST,image,jw05893016007_02101_00003_nrcb2,exposure (L2b): 2D calibrated exposure average over integrations,S,mast:JWST/product/jw05893016007_02101_00003_nrcb2_cal.fits,SCIENCE,,CAL,,CALJWST,2.0.0,5893,jw05893016007_02101_00003_nrcb2_cal.fits,117573120,266453987,PUBLIC,2,F200W
266230070,JWST,image,jw05893016007_02101_00002_nrcb4,exposure (L2b): 2D calibrated exposure average over integrations,S,mast:JWST/product/jw05893016007_02101_00002_nrcb4_cal.fits,SCIENCE,,CAL,,CALJWST,2.0.0,5893,jw05893016007_02101_00002_nrcb4_cal.fits,117573120,266453987,PUBLIC,2,F200W
266230072,JWST,image,jw05893016007_02101_00002_nrcb1,exposure (L2b): 2D calibrated exposure average over integrations,S,mast:JWST/product/jw05893016007_02101_00002_nrcb1_cal.fits,SCIENCE,,CAL,,CALJWST,2.0.0,5893,jw05893016007_02101_00002_nrcb1_cal.fits,117573120,266453987,PUBLIC,2,F200W
266230074,JWST,image,jw05893016007_02101_00003_nrca3,exposure (L2b): 2D calibrated exposure average over integrations,S,mast:JWST/product/jw05893016007_02101_00003_nrca3_cal.fits,SCIENCE,,CAL,,CALJWST,2.0.0,5893,jw05893016007_02101_00003_nrca3_cal.fits,117573120,266453987,PUBLIC,2,F200W
266230076,JWST,image,jw05893016007_02101_00003_nrcb3,exposure (L2b): 2D calibrated exposure average over integrations,S,mast:JWST/product/jw05893016007_02101_00003_nrcb3_cal.fits,SCIENCE,,CAL,,CALJWST,2.0.0,5893,jw05893016007_02101_00003_nrcb3_cal.fits,117573120,266453987,PUBLIC,2,F200W
266230078,JWST,image,jw05893016007_02101_00002_nrca4,exposure (L2b): 2D calibrated exposure average over integrations,S,mast:JWST/product/jw05893016007_02101_00002_nrca4_cal.fits,SCIENCE,,CAL,,CALJWST,2.0.0,5893,jw05893016007_02101_00002_nrca4_cal.fits,117573120,266453987,PUBLIC,2,F200W
266230079,JWST,image,jw05893016007_02101_00003_nrca4,exposure (L2b): 2D calibrated exposure average over integrations,S,mast:JWST/product/jw05893016007_02101_00003_nrca4_cal.fits,SCIENCE,,CAL,,CALJWST,2.0.0,5893,jw05893016007_02101_00003_nrca4_cal.fits,117573120,266453987,PUBLIC,2,F200W
266230080,JWST,image,jw05893016007_02101_00002_nrcb2,exposure (L2b): 2D calibrated exposure average over integrations,S,mast:JWST/product/jw05893016007_02101_00002_nrcb2_cal.fits,SCIENCE,,CAL,,CALJWST,2.0.0,5893,jw05893016007_02101_00002_nrcb2_cal.fits,117573120,266453987,PUBLIC,2,F200W
266230082,JWST,image,jw05893016007_02101_00002_nrca2,exposure (L2b): 2D calibrated exposure average over integrations,S,mast:JWST/product/jw05893016007_02101_00002_nrca2_cal.fits,SCIENCE,,CAL,,CALJWST,2.0.0,5893,jw05893016007_02101_00002_nrca2_cal.fits,117570240,266453987,PUBLIC,2,F200W
266230084,JWST,image,jw05893016007_02101_00002_nrcb3,exposure (L2b): 2D calibrated exposure average over integrations,S,mast:JWST/product/jw05893016007_02101_00002_nrcb3_cal.fits,SCIENCE,,CAL,,CALJWST,2.0.0,5893,jw05893016007_02101_00002_nrcb3_cal.fits,117573120,266453987,PUBLIC,2,F200W
266230088,JWST,image,jw05893016007_02101_00004_nrca4,exposure (L2b): 2D calibrated exposure average over integrations,S,mast:JWST/product/jw05893016007_02101_00004_nrca4_cal.fits,SCIENCE,,CAL,,CALJWST,2.0.0,5893,jw05893016007_02101_00004_nrca4_cal.fits,117573120,266453987,PUBLIC,2,F200W
266230091,JWST,image,jw05893016007_02101_00004_nrca3,exposure (L2b): 2D calibrated exposure average over integrations,S,mast:JWST/product/jw05893016007_02101_00004_nrca3_cal.fits,SCIENCE,,CAL,,CALJWST,2.0.0,5893,jw05893016007_02101_00004_nrca3_cal.fits,117573120,266453987,PUBLIC,2,F200W
266230092,JWST,image,jw05893016007_02101_00005_nrca1,exposure (L2b): 2D calibrated exposure average over integrations,S,mast:JWST/product/jw05893016007_02101_00005_nrca1_cal.fits,SCIENCE,,CAL,,CALJWST,2.0.0,5893,jw05893016007_02101_00005_nrca1_cal.fits,117570240,266453987,PUBLIC,2,F200W
266230095,JWST,image,jw05893016007_02101_00003_nrca2,exposure (L2b): 2D calibrated exposure average over integrations,S,mast:JWST/product/jw05893016007_02101_00003_nrca2_cal.fits,SCIENCE,,CAL,,CALJWST,2.0.0,5893,jw05893016007_02101_00003_nrca2_cal.fits,117570240,266453987,PUBLIC,2,F200W
266230097,JWST,image,jw05893016007_02101_00005_nrcb1,exposure (L2b): 2D calibrated exposure average over integrations,S,mast:JWST/product/jw05893016007_02101_00005_nrcb1_cal.fits,SCIENCE,,CAL,,CALJWST,2.0.0,5893,jw05893016007_02101_00005_nrcb1_cal.fits,117573120,266453987,PUBLIC,2,F200W
266230098,JWST,image,jw05893016007_02101_00004_nrcb1,exposure (L2b): 2D calibrated exposure average over integrations,S,mast:JWST/product/jw05893016007_02101_00004_nrcb1_cal.fits,SCIENCE,,CAL,,CALJWST,2.0.0,5893,jw05893016007_02101_00004_nrcb1_cal.fits,117573120,266453987,PUBLIC,2,F200W
266230099,JWST,image,jw05893016007_02101_00005_nrca3,exposure (L2b): 2D calibrated exposure average over integrations,S,mast:JWST/product/jw05893016007_02101_00005_nrca3_cal.fits,SCIENCE,,CAL,,CALJWST,2.0.0,5893,jw05893016007_02101_00005_nrca3_cal.fits,117573120,266453987,PUBLIC,2,F200W
266230100,JWST,image,jw05893016007_02101_00005_nrcb2,exposure (L2b): 2D calibrated exposure average over integrations,S,mast:JWST/product/jw05893016007_02101_00005_nrcb2_cal.fits,SCIENCE,,CAL,,CALJWST,2.0.0,5893,jw05893016007_02101_00005_nrcb2_cal.fits,117573120,266453987,PUBLIC,2,F200W
266230101,JWST,image,jw05893016007_02101_00004_nrcb4,exposure (L2b): 2D calibrated exposure average over integrations,S,mast:JWST/product/jw05893016007_02101_00004_nrcb4_cal.fits,SCIENCE,,CAL,,CALJWST,2.0.0,5893,jw05893016007_02101_00004_nrcb4_cal.fits,117573120,266453987,PUBLIC,2,F200W
266230102,JWST,image,jw05893016007_02101_00004_nrcb2,exposure (L2b): 2D calibrated exposure average over integrations,S,mast:JWST/product/jw05893016007_02101_00004_nrcb2_cal.fits,SCIENCE,,CAL,,CALJWST,2.0.0,5893,jw05893016007_02101_00004_nrcb2_cal.fits,117573120,266453987,PUBLIC,2,F200W
266230103,JWST,image,jw05893016007_02101_00005_nrcb4,exposure (L2b): 2D calibrated exposure average over integrations,S,mast:JWST/product/jw05893016007_02101_00005_nrcb4_cal.fits,SCIENCE,,CAL,,CALJWST,2.0.0,5893,jw05893016007_02101_00005_nrcb4_cal.fits,117573120,266453987,PUBLIC,2,F200W
266230104,JWST,image,jw05893016007_02101_00005_nrca4,exposure (L2b): 2D calibrated exposure average over integrations,S,mast:JWST/product/jw05893016007_02101_00005_nrca4_cal.fits,SCIENCE,,CAL,,CALJWST,2.0.0,5893,jw05893016007_02101_00005_nrca4_cal.fits,117573120,266453987,PUBLIC,2,F200W
266230105,JWST,image,jw05893016007_02101_00004_nrca1,exposure (L2b): 2D calibrated exposure average over integrations,S,mast:JWST/product/jw05893016007_02101_00004_nrca1_cal.fits,SCIENCE,,CAL,,CALJWST,2.0.0,5893,jw05893016007_02101_00004_nrca1_cal.fits,117570240,266453987,PUBLIC,2,F200W
266230106,JWST,image,jw05893016007_02101_00004_nrca2,exposure (L2b): 2D calibrated exposure average over integrations,S,mast:JWST/product/jw05893016007_02101_00004_nrca2_cal.fits,SCIENCE,,CAL,,CALJWST,2.0.0,5893,jw05893016007_02101_00004_nrca2_cal.fits,117570240,266453987,PUBLIC,2,F200W
266230107,JWST,image,jw05893016007_02101_00003_nrcb4,exposure (L2b): 2D calibrated exposure average over integrations,S,mast:JWST/product/jw05893016007_02101_00003_nrcb4_cal.fits,SCIENCE,,CAL,,CALJWST,2.0.0,5893,jw05893016007_02101_00003_nrcb4_cal.fits,117573120,266453987,PUBLIC,2,F200W
266230110,JWST,image,jw05893016007_02101_00004_nrcb3,exposure (L2b): 2D calibrated exposure average over integrations,S,mast:JWST/product/jw05893016007_02101_00004_nrcb3_cal.fits,SCIENCE,,CAL,,CALJWST,2.0.0,5893,jw05893016007_02101_00004_nrcb3_cal.fits,117573120,266453987,PUBLIC,2,F200W
266230112,JWST,image,jw05893016007_02101_00003_nrca1,exposure (L2b): 2D calibrated exposure average over integrations,S,mast:JWST/product/jw05893016007_02101_00003_nrca1_cal.fits,SCIENCE,,CAL,,CALJWST,2.0.0,5893,jw05893016007_02101_00003_nrca1_cal.fits,117570240,266453987,PUBLIC,2,F200W
266230113,JWST,image,jw05893016007_02101_00005_nrcb3,exposure (L2b): 2D calibrated exposure average over integrations,S,mast:JWST/product/jw05893016007_02101_00005_nrcb3_cal.fits,SCIENCE,,CAL,,CALJWST,2.0.0,5893,jw05893016007_02101_00005_nrcb3_cal.fits,117573120,266453987,PUBLIC,2,F200W
266230114,JWST,image,jw05893016007_02101_00005_nrca2,exposure (L2b): 2D calibrated exposure average over integrations,S,mast:JWST/product/jw05893016007_02101_00005_nrca2_cal.fits,SCIENCE,,CAL,,CALJWST,2.0.0,5893,jw05893016007_02101_00005_nrca2_cal.fits,117570240,266453987,PUBLIC,2,F200W
266230115,JWST,image,jw05893016007_02101_00003_nrcb1,exposure (L2b): 2D calibrated exposure average over integrations,S,mast:JWST/product/jw05893016007_02101_00003_nrcb1_cal.fits,SCIENCE,,CAL,,CALJWST,2.0.0,5893,jw05893016007_02101_00003_nrcb1_cal.fits,117573120,266453987,PUBLIC,2,F200W
266230145,JWST,image,jw05893016007_02101_00006_nrcb1,exposure (L2b): 2D calibrated exposure average over integrations,S,mast:JWST/product/jw05893016007_02101_00006_nrcb1_cal.fits,SCIENCE,,CAL,,CALJWST,2.0.0,5893,jw05893016007_02101_00006_nrcb1_cal.fits,117573120,266453987,PUBLIC,2,F200W
266230146,JWST,image,jw05893016007_02101_00006_nrca1,exposure (L2b): 2D calibrated exposure average over integrations,S,mast:JWST/product/jw05893016007_02101_00006_nrca1_cal.fits,SCIENCE,,CAL,,CALJWST,2.0.0,5893,jw05893016007_02101_00006_nrca1_cal.fits,117570240,266453987,PUBLIC,2,F200W
266230149,JWST,image,jw05893016007_02101_00006_nrca3,exposure (L2b): 2D calibrated exposure average over integrations,S,mast:JWST/product/jw05893016007_02101_00006_nrca3_cal.fits,SCIENCE,,CAL,,CALJWST,2.0.0,5893,jw05893016007_02101_00006_nrca3_cal.fits,117573120,266453987,PUBLIC,2,F200W
266230150,JWST,image,jw05893016007_02101_00006_nrcb2,exposure (L2b): 2D calibrated exposure average over integrations,S,mast:JWST/product/jw05893016007_02101_00006_nrcb2_cal.fits,SCIENCE,,CAL,,CALJWST,2.0.0,5893,jw05893016007_02101_00006_nrcb2_cal.fits,117573120,266453987,PUBLIC,2,F200W
266230155,JWST,image,jw05893016007_02101_00006_nrcb3,exposure (L2b): 2D calibrated exposure average over integrations,S,mast:JWST/product/jw05893016007_02101_00006_nrcb3_cal.fits,SCIENCE,,CAL,,CALJWST,2.0.0,5893,jw05893016007_02101_00006_nrcb3_cal.fits,117573120,266453987,PUBLIC,2,F200W
266230156,JWST,image,jw05893016007_02101_00006_nrcb4,exposure (L2b): 2D calibrated exposure average over integrations,S,mast:JWST/product/jw05893016007_02101_00006_nrcb4_cal.fits,SCIENCE,,CAL,,CALJWST,2.0.0,5893,jw05893016007_02101_00006_nrcb4_cal.fits,117573120,266453987,PUBLIC,2,F200W
266230158,JWST,image,jw05893016007_02101_00006_nrca4,exposure (L2b): 2D calibrated exposure average over integrations,S,mast:JWST/product/jw05893016007_02101_00006_nrca4_cal.fits,SCIENCE,,CAL,,CALJWST,2.0.0,5893,jw05893016007_02101_00006_nrca4_cal.fits,117573120,266453987,PUBLIC,2,F200W
266230171,JWST,image,jw05893016007_02101_00006_nrca2,exposure (L2b): 2D calibrated exposure average over integrations,S,mast:JWST/product/jw05893016007_02101_00006_nrca2_cal.fits,SCIENCE,,CAL,,CALJWST,2.0.0,5893,jw05893016007_02101_00006_nrca2_cal.fits,117570240,266453987,PUBLIC,2,F200W
266231187,JWST,image,jw05893016006_02101_00001_nrcb3,exposure (L2b): 2D calibrated exposure average over integrations,S,mast:JWST/product/jw05893016006_02101_00001_nrcb3_cal.fits,SCIENCE,,CAL,,CALJWST,2.0.0,5893,jw05893016006_02101_00001_nrcb3_cal.fits,117573120,266453987,PUBLIC,2,F200W
266231188,JWST,image,jw05893016006_02101_00002_nrca3,exposure (L2b): 2D calibrated exposure average over integrations,S,mast:JWST/product/jw05893016006_02101_00002_nrca3_cal.fits,SCIENCE,,CAL,,CALJWST,2.0.0,5893,jw05893016006_02101_00002_nrca3_cal.fits,117573120,266453987,PUBLIC,2,F200W
266231189,JWST,image,jw05893016006_02101_00002_nrca2,exposure (L2b): 2D calibrated exposure average over integrations,S,mast:JWST/product/jw05893016006_02101_00002_nrca2_cal.fits,SCIENCE,,CAL,,CALJWST,2.0.0,5893,jw05893016006_02101_00002_nrca2_cal.fits,117570240,266453987,PUBLIC,2,F200W
266231190,JWST,image,jw05893016006_02101_00002_nrca1,exposure (L2b): 2D calibrated exposure average over integrations,S,mast:JWST/product/jw05893016006_02101_00002_nrca1_cal.fits,SCIENCE,,CAL,,CALJWST,2.0.0,5893,jw05893016006_02101_00002_nrca1_cal.fits,117570240,266453987,PUBLIC,2,F200W
266231195,JWST,image,jw05893016006_02101_00006_nrcb2,exposure (L2b): 2D calibrated exposure average over integrations,S,mast:JWST/product/jw05893016006_02101_00006_nrcb2_cal.fits,SCIENCE,,CAL,,CALJWST,2.0.0,5893,jw05893016006_02101_00006_nrcb2_cal.fits,117573120,266453987,PUBLIC,2,F200W
266231196,JWST,image,jw05893016006_02101_00004_nrca1,exposure (L2b): 2D calibrated exposure average over integrations,S,mast:JWST/product/jw05893016006_02101_00004_nrca1_cal.fits,SCIENCE,,CAL,,CALJWST,2.0.0,5893,jw05893016006_02101_00004_nrca1_cal.fits,117570240,266453987,PUBLIC,2,F200W
266231198,JWST,image,jw05893016006_02101_00002_nrcb3,exposure (L2b): 2D calibrated exposure average over integrations,S,mast:JWST/product/jw05893016006_02101_00002_nrcb3_cal.fits,SCIENCE,,CAL,,CALJWST,2.0.0,5893,jw05893016006_02101_00002_nrcb3_cal.fits,117573120,266453987,PUBLIC,2,F200W
266231199,JWST,image,jw05893016006_02101_00005_nrcb3,exposure (L2b): 2D calibrated exposure average over integrations,S,mast:JWST/product/jw05893016006_02101_00005_nrcb3_cal.fits,SCIENCE,,CAL,,CALJWST,2.0.0,5893,jw05893016006_02101_00005_nrcb3_cal.fits,117573120,266453987,PUBLIC,2,F200W
266231200,JWST,image,jw05893016006_02101_00005_nrcb1,exposure (L2b): 2D calibrated exposure average over integrations,S,mast:JWST/product/jw05893016006_02101_00005_nrcb1_cal.fits,SCIENCE,,CAL,,CALJWST,2.0.0,5893,jw05893016006_02101_00005_nrcb1_cal.fits,117573120,266453987,PUBLIC,2,F200W
266231201,JWST,image,jw05893016006_02101_00005_nrca2,exposure (L2b): 2D calibrated exposure average over integrations,S,mast:JWST/product/jw05893016006_02101_00005_nrca2_cal.fits,SCIENCE,,CAL,,CALJWST,2.0.0,5893,jw05893016006_02101_00005_nrca2_cal.fits,117570240,266453987,PUBLIC,2,F200W
266231202,JWST,image,jw05893016006_02101_00004_nrca2,exposure (L2b): 2D calibrated exposure average over integrations,S,mast:JWST/product/jw05893016006_02101_00004_nrca2_cal.fits,SCIENCE,,CAL,,CALJWST,2.0.0,5893,jw05893016006_02101_00004_nrca2_cal.fits,117570240,266453987,PUBLIC,2,F200W
266231203,JWST,image,jw05893016006_02101_00003_nrca2,exposure (L2b): 2D calibrated exposure average over integrations,S,mast:JWST/product/jw05893016006_02101_00003_nrca2_cal.fits,SCIENCE,,CAL,,CALJWST,2.0.0,5893,jw05893016006_02101_00003_nrca2_cal.fits,117570240,266453987,PUBLIC,2,F200W
266231204,JWST,image,jw05893016006_02101_00002_nrcb2,exposure (L2b): 2D calibrated exposure average over integrations,S,mast:JWST/product/jw05893016006_02101_00002_nrcb2_cal.fits,SCIENCE,,CAL,,CALJWST,2.0.0,5893,jw05893016006_02101_00002_nrcb2_cal.fits,117573120,266453987,PUBLIC,2,F200W
266231207,JWST,image,jw05893016006_02101_00006_nrca2,exposure (L2b): 2D calibrated exposure average over integrations,S,mast:JWST/product/jw05893016006_02101_00006_nrca2_cal.fits,SCIENCE,,CAL,,CALJWST,2.0.0,5893,jw05893016006_02101_00006_nrca2_cal.fits,117570240,266453987,PUBLIC,2,F200W
266231208,JWST,image,jw05893016006_02101_00004_nrca4,exposure (L2b): 2D calibrated exposure average over integrations,S,mast:JWST/product/jw05893016006_02101_00004_nrca4_cal.fits,SCIENCE,,CAL,,CALJWST,2.0.0,5893,jw05893016006_02101_00004_nrca4_cal.fits,117573120,266453987,PUBLIC,2,F200W
266231209,JWST,image,jw05893016006_02101_00001_nrcb2,exposure (L2b): 2D calibrated exposure average over integrations,S,mast:JWST/product/jw05893016006_02101_00001_nrcb2_cal.fits,SCIENCE,,CAL,,CALJWST,2.0.0,5893,jw05893016006_02101_00001_nrcb2_cal.fits,117573120,266453987,PUBLIC,2,F200W
266231210,JWST,image,jw05893016006_02101_00004_nrcb4,exposure (L2b): 2D calibrated exposure average over integrations,S,mast:JWST/product/jw05893016006_02101_00004_nrcb4_cal.fits,SCIENCE,,CAL,,CALJWST,2.0.0,5893,jw05893016006_02101_00004_nrcb4_cal.fits,117573120,266453987,PUBLIC,2,F200W
266231211,JWST,image,jw05893016006_02101_00003_nrcb3,exposure (L2b): 2D calibrated exposure average over integrations,S,mast:JWST/product/jw05893016006_02101_00003_nrcb3_cal.fits,SCIENCE,,CAL,,CALJWST,2.0.0,5893,jw05893016006_02101_00003_nrcb3_cal.fits,117573120,266453987,PUBLIC,2,F200W
266231212,JWST,image,jw05893016006_02101_00003_nrca4,exposure (L2b): 2D calibrated exposure average over integrations,S,mast:JWST/product/jw05893016006_02101_00003_nrca4_cal.fits,SCIENCE,,CAL,,CALJWST,2.0.0,5893,jw05893016006_02101_00003_nrca4_cal.fits,117573120,266453987,PUBLIC,2,F200W
266231217,JWST,image,jw05893016006_02101_00004_nrca3,exposure (L2b): 2D calibrated exposure average over integrations,S,mast:JWST/product/jw05893016006_02101_00004_nrca3_cal.fits,SCIENCE,,CAL,,CALJWST,2.0.0,5893,jw05893016006_02101_00004_nrca3_cal.fits,117573120,266453987,PUBLIC,2,F200W
266231218,JWST,image,jw05893016006_02101_00001_nrca2,exposure (L2b): 2D calibrated exposure average over integrations,S,mast:JWST/product/jw05893016006_02101_00001_nrca2_cal.fits,SCIENCE,,CAL,,CALJWST,2.0.0,5893,jw05893016006_02101_00001_nrca2_cal.fits,117570240,266453987,PUBLIC,2,F200W
266231219,JWST,image,jw05893016006_02101_00004_nrcb2,exposure (L2b): 2D calibrated exposure average over integrations,S,mast:JWST/product/jw05893016006_02101_00004_nrcb2_cal.fits,SCIENCE,,CAL,,CALJWST,2.0.0,5893,jw05893016006_02101_00004_nrcb2_cal.fits,117573120,266453987,PUBLIC,2,F200W
266231220,JWST,image,jw05893016006_02101_00001_nrca1,exposure (L2b): 2D calibrated exposure average over integrations,S,mast:JWST/product/jw05893016006_02101_00001_nrca1_cal.fits,SCIENCE,,CAL,,CALJWST,2.0.0,5893,jw05893016006_02101_00001_nrca1_cal.fits,117570240,266453987,PUBLIC,2,F200W
266231221,JWST,image,jw05893016006_02101_00001_nrcb4,exposure (L2b): 2D calibrated exposure average over integrations,S,mast:JWST/product/jw05893016006_02101_00001_nrcb4_cal.fits,SCIENCE,,CAL,,CALJWST,2.0.0,5893,jw05893016006_02101_00001_nrcb4_cal.fits,117573120,266453987,PUBLIC,2,F200W
266231223,JWST,image,jw05893016006_02101_00006_nrca1,exposure (L2b): 2D calibrated exposure average over integrations,S,mast:JWST/product/jw05893016006_02101_00006_nrca1_cal.fits,SCIENCE,,CAL,,CALJWST,2.0.0,5893,jw05893016006_02101_00006_nrca1_cal.fits,117570240,266453987,PUBLIC,2,F200W
266231224,JWST,image,jw05893016006_02101_00002_nrcb4,exposure (L2b): 2D calibrated exposure average over integrations,S,mast:JWST/product/jw05893016006_02101_00002_nrcb4_cal.fits,SCIENCE,,CAL,,CALJWST,2.0.0,5893,jw05893016006_02101_00002_nrcb4_cal.fits,117573120,266453987,PUBLIC,2,F200W
266231225,JWST,image,jw05893016006_02101_00005_nrcb2,exposure (L2b): 2D calibrated exposure average over integrations,S,mast:JWST/product/jw05893016006_02101_00005_nrcb2_cal.fits,SCIENCE,,CAL,,CALJWST,2.0.0,5893,jw05893016006_02101_00005_nrcb2_cal.fits,117573120,266453987,PUBLIC,2,F200W
266231226,JWST,image,jw05893016006_02101_00004_nrcb1,exposure (L2b): 2D calibrated exposure average over integrations,S,mast:JWST/product/jw05893016006_02101_00004_nrcb1_cal.fits,SCIENCE,,CAL,,CALJWST,2.0.0,5893,jw05893016006_02101_00004_nrcb1_cal.fits,117573120,266453987,PUBLIC,2,F200W
266231227,JWST,image,jw05893016006_02101_00002_nrca4,exposure (L2b): 2D calibrated exposure average over integrations,S,mast:JWST/product/jw05893016006_02101_00002_nrca4_cal.fits,SCIENCE,,CAL,,CALJWST,2.0.0,5893,jw05893016006_02101_00002_nrca4_cal.fits,117573120,266453987,PUBLIC,2,F200W
266231229,JWST,image,jw05893016006_02101_00006_nrcb1,exposure (L2b): 2D calibrated exposure average over integrations,S,mast:JWST/product/jw05893016006_02101_00006_nrcb1_cal.fits,SCIENCE,,CAL,,CALJWST,2.0.0,5893,jw05893016006_02101_00006_nrcb1_cal.fits,117573120,266453987,PUBLIC,2,F200W
266231230,JWST,image,jw05893016006_02101_00005_nrca1,exposure (L2b): 2D calibrated exposure average over integrations,S,mast:JWST/product/jw05893016006_02101_00005_nrca1_cal.fits,SCIENCE,,CAL,,CALJWST,2.0.0,5893,jw05893016006_02101_00005_nrca1_cal.fits,117570240,266453987,PUBLIC,2,F200W
266231231,JWST,image,jw05893016006_02101_00001_nrca4,exposure (L2b): 2D calibrated exposure average over integrations,S,mast:JWST/product/jw05893016006_02101_00001_nrca4_cal.fits,SCIENCE,,CAL,,CALJWST,2.0.0,5893,jw05893016006_02101_00001_nrca4_cal.fits,117573120,266453987,PUBLIC,2,F200W
266231232,JWST,image,jw05893016006_02101_00005_nrcb4,exposure (L2b): 2D calibrated exposure average over integrations,S,mast:JWST/product/jw05893016006_02101_00005_nrcb4_cal.fits,SCIENCE,,CAL,,CALJWST,2.0.0,5893,jw05893016006_02101_00005_nrcb4_cal.fits,117573120,266453987,PUBLIC,2,F200W
266231234,JWST,image,jw05893016006_02101_00002_nrcb1,exposure (L2b): 2D calibrated exposure average over integrations,S,mast:JWST/product/jw05893016006_02101_00002_nrcb1_cal.fits,SCIENCE,,CAL,,CALJWST,2.0.0,5893,jw05893016006_02101_00002_nrcb1_cal.fits,117573120,266453987,PUBLIC,2,F200W
266231235,JWST,image,jw05893016006_02101_00001_nrca3,exposure (L2b): 2D calibrated exposure average over integrations,S,mast:JWST/product/jw05893016006_02101_00001_nrca3_cal.fits,SCIENCE,,CAL,,CALJWST,2.0.0,5893,jw05893016006_02101_00001_nrca3_cal.fits,117573120,266453987,PUBLIC,2,F200W
266231236,JWST,image,jw05893016006_02101_00006_nrcb3,exposure (L2b): 2D calibrated exposure average over integrations,S,mast:JWST/product/jw05893016006_02101_00006_nrcb3_cal.fits,SCIENCE,,CAL,,CALJWST,2.0.0,5893,jw05893016006_02101_00006_nrcb3_cal.fits,117573120,266453987,PUBLIC,2,F200W
266231237,JWST,image,jw05893016006_02101_00003_nrcb2,exposure (L2b): 2D calibrated exposure average over integrations,S,mast:JWST/product/jw05893016006_02101_00003_nrcb2_cal.fits,SCIENCE,,CAL,,CALJWST,2.0.0,5893,jw05893016006_02101_00003_nrcb2_cal.fits,117573120,266453987,PUBLIC,2,F200W
266231239,JWST,image,jw05893016006_02101_00003_nrcb1,exposure (L2b): 2D calibrated exposure average over integrations,S,mast:JWST/product/jw05893016006_02101_00003_nrcb1_cal.fits,SCIENCE,,CAL,,CALJWST,2.0.0,5893,jw05893016006_02101_00003_nrcb1_cal.fits,117573120,266453987,PUBLIC,2,F200W
266231242,JWST,image,jw05893016006_02101_00006_nrca4,exposure (L2b): 2D calibrated exposure average over integrations,S,mast:JWST/product/jw05893016006_02101_00006_nrca4_cal.fits,SCIENCE,,CAL,,CALJWST,2.0.0,5893,jw05893016006_02101_00006_nrca4_cal.fits,117573120,266453987,PUBLIC,2,F200W
266231243,JWST,image,jw05893016006_02101_00003_nrca1,exposure (L2b): 2D calibrated exposure average over integrations,S,mast:JWST/product/jw05893016006_02101_00003_nrca1_cal.fits,SCIENCE,,CAL,,CALJWST,2.0.0,5893,jw05893016006_02101_00003_nrca1_cal.fits,117570240,266453987,PUBLIC,2,F200W
266231244,JWST,image,jw05893016006_02101_00004_nrcb3,exposure (L2b): 2D calibrated exposure average over integrations,S,mast:JWST/product/jw05893016006_02101_00004_nrcb3_cal.fits,SCIENCE,,CAL,,CALJWST,2.0.0,5893,jw05893016006_02101_00004_nrcb3_cal.fits,117573120,266453987,PUBLIC,2,F200W
266231245,JWST,image,jw05893016006_02101_00003_nrcb4,exposure (L2b): 2D calibrated exposure average over integrations,S,mast:JWST/product/jw05893016006_02101_00003_nrcb4_cal.fits,SCIENCE,,CAL,,CALJWST,2.0.0,5893,jw05893016006_02101_00003_nrcb4_cal.fits,117573120,266453987,PUBLIC,2,F200W
266231248,JWST,image,jw05893016006_02101_00003_nrca3,exposure (L2b): 2D calibrated exposure average over integrations,S,mast:JWST/product/jw05893016006_02101_00003_nrca3_cal.fits,SCIENCE,,CAL,,CALJWST,2.0.0,5893,jw05893016006_02101_00003_nrca3_cal.fits,117573120,266453987,PUBLIC,2,F200W
266231250,JWST,image,jw05893016006_02101_00005_nrca3,exposure (L2b): 2D calibrated exposure average over integrations,S,mast:JWST/product/jw05893016006_02101_00005_nrca3_cal.fits,SCIENCE,,CAL,,CALJWST,2.0.0,5893,jw05893016006_02101_00005_nrca3_cal.fits,117573120,266453987,PUBLIC,2,F200W
266231251,JWST,image,jw05893016006_02101_00005_nrca4,exposure (L2b): 2D calibrated exposure average over integrations,S,mast:JWST/product/jw05893016006_02101_00005_nrca4_cal.fits,SCIENCE,,CAL,,CALJWST,2.0.0,5893,jw05893016006_02101_00005_nrca4_cal.fits,117573120,266453987,PUBLIC,2,F200W
266231252,JWST,image,jw05893016006_02101_00006_nrca3,exposure (L2b): 2D calibrated exposure average over integrations,S,mast:JWST/product/jw05893016006_02101_00006_nrca3_cal.fits,SCIENCE,,CAL,,CALJWST,2.0.0,5893,jw05893016006_02101_00006_nrca3_cal.fits,117573120,266453987,PUBLIC,2,F200W
266231253,JWST,image,jw05893016006_02101_00006_nrcb4,exposure (L2b): 2D calibrated exposure average over integrations,S,mast:JWST/product/jw05893016006_02101_00006_nrcb4_cal.fits,SCIENCE,,CAL,,CALJWST,2.0.0,5893,jw05893016006_02101_00006_nrcb4_cal.fits,117573120,266453987,PUBLIC,2,F200W
266231255,JWST,image,jw05893016006_02101_00001_nrcb1,exposure (L2b): 2D calibrated exposure average over integrations,S,mast:JWST/product/jw05893016006_02101_00001_nrcb1_cal.fits,SCIENCE,,CAL,,CALJWST,2.0.0,5893,jw05893016006_02101_00001_nrcb1_cal.fits,117573120,266453987,PUBLIC,2,F200W
266231256,JWST,image,jw05893016002_02101_00001_nrca2,exposure (L2b): 2D calibrated exposure average over integrations,S,mast:JWST/product/jw05893016002_02101_00001_nrca2_cal.fits,SCIENCE,,CAL,,CALJWST,2.0.0,5893,jw05893016002_02101_00001_nrca2_cal.fits,117570240,266453987,PUBLIC,2,F200W
266231257,JWST,image,jw05893016002_02101_00001_nrcb1,exposure (L2b): 2D calibrated exposure average over integrations,S,mast:JWST/product/jw05893016002_02101_00001_nrcb1_cal.fits,SCIENCE,,CAL,,CALJWST,2.0.0,5893,jw05893016002_02101_00001_nrcb1_cal.fits,117573120,266453987,PUBLIC,2,F200W
266231258,JWST,image,jw05893016002_02101_00001_nrcb3,exposure (L2b): 2D calibrated exposure average over integrations,S,mast:JWST/product/jw05893016002_02101_00001_nrcb3_cal.fits,SCIENCE,,CAL,,CALJWST,2.0.0,5893,jw05893016002_02101_00001_nrcb3_cal.fits,117573120,266453987,PUBLIC,2,F200W
266231259,JWST,image,jw05893016002_02101_00001_nrca3,exposure (L2b): 2D calibrated exposure average over integrations,S,mast:JWST/product/jw05893016002_02101_00001_nrca3_cal.fits,SCIENCE,,CAL,,CALJWST,2.0.0,5893,jw05893016002_02101_00001_nrca3_cal.fits,117573120,266453987,PUBLIC,2,F200W
266231261,JWST,image,jw05893016002_02101_00001_nrca4,exposure (L2b): 2D calibrated exposure average over integrations,S,mast:JWST/product/jw05893016002_02101_00001_nrca4_cal.fits,SCIENCE,,CAL,,CALJWST,2.0.0,5893,jw05893016002_02101_00001_nrca4_cal.fits,117573120,266453987,PUBLIC,2,F200W
266231278,JWST,image,jw05893016002_02101_00001_nrca1,exposure (L2b): 2D calibrated exposure average over integrations,S,mast:JWST/product/jw05893016002_02101_00001_nrca1_cal.fits,SCIENCE,,CAL,,CALJWST,2.0.0,5893,jw05893016002_02101_00001_nrca1_cal.fits,117570240,266453987,PUBLIC,2,F200W
266231279,JWST,image,jw05893016002_02101_00001_nrcb4,exposure (L2b): 2D calibrated exposure average over integrations,S,mast:JWST/product/jw05893016002_02101_00001_nrcb4_cal.fits,SCIENCE,,CAL,,CALJWST,2.0.0,5893,jw05893016002_02101_00001_nrcb4_cal.fits,117573120,266453987,PUBLIC,2,F200W
266231280,JWST,image,jw05893016002_02101_00001_nrcb2,exposure (L2b): 2D calibrated exposure average over integrations,S,mast:JWST/product/jw05893016002_02101_00001_nrcb2_cal.fits,SCIENCE,,CAL,,CALJWST,2.0.0,5893,jw05893016002_02101_00001_nrcb2_cal.fits,117573120,266453987,PUBLIC,2,F200W
266231301,JWST,image,jw05893016002_02101_00002_nrca4,exposure (L2b): 2D calibrated exposure average over integrations,S,mast:JWST/product/jw05893016002_02101_00002_nrca4_cal.fits,SCIENCE,,CAL,,CALJWST,2.0.0,5893,jw05893016002_02101_00002_nrca4_cal.fits,117573120,266453987,PUBLIC,2,F200W
266231302,JWST,image,jw05893016002_02101_00003_nrca4,exposure (L2b): 2D calibrated exposure average over integrations,S,mast:JWST/product/jw05893016002_02101_00003_nrca4_cal.fits,SCIENCE,,CAL,,CALJWST,2.0.0,5893,jw05893016002_02101_00003_nrca4_cal.fits,117573120,266453987,PUBLIC,2,F200W
266231303,JWST,image,jw05893016002_02101_00002_nrcb1,exposure (L2b): 2D calibrated exposure average over integrations,S,mast:JWST/product/jw05893016002_02101_00002_nrcb1_cal.fits,SCIENCE,,CAL,,CALJWST,2.0.0,5893,jw05893016002_02101_00002_nrcb1_cal.fits,117573120,266453987,PUBLIC,2,F200W
266231307,JWST,image,jw05893016002_02101_00002_nrca1,exposure (L2b): 2D calibrated exposure average over integrations,S,mast:JWST/product/jw05893016002_02101_00002_nrca1_cal.fits,SCIENCE,,CAL,,CALJWST,2.0.0,5893,jw05893016002_02101_00002_nrca1_cal.fits,117570240,266453987,PUBLIC,2,F200W
266231308,JWST,image,jw05893016002_02101_00003_nrcb2,exposure (L2b): 2D calibrated exposure average over integrations,S,mast:JWST/product/jw05893016002_02101_00003_nrcb2_cal.fits,SCIENCE,,CAL,,CALJWST,2.0.0,5893,jw05893016002_02101_00003_nrcb2_cal.fits,117573120,266453987,PUBLIC,2,F200W
266231309,JWST,image,jw05893016002_02101_00002_nrcb2,exposure (L2b): 2D calibrated exposure average over integrations,S,mast:JWST/product/jw05893016002_02101_00002_nrcb2_cal.fits,SCIENCE,,CAL,,CALJWST,2.0.0,5893,jw05893016002_02101_00002_nrcb2_cal.fits,117573120,266453987,PUBLIC,2,F200W
266231310,JWST,image,jw05893016002_02101_00003_nrca3,exposure (L2b): 2D calibrated exposure average over integrations,S,mast:JWST/product/jw05893016002_02101_00003_nrca3_cal.fits,SCIENCE,,CAL,,CALJWST,2.0.0,5893,jw05893016002_02101_00003_nrca3_cal.fits,117573120,266453987,PUBLIC,2,F200W
266231311,JWST,image,jw05893016002_02101_00002_nrcb3,exposure (L2b): 2D calibrated exposure average over integrations,S,mast:JWST/product/jw05893016002_02101_00002_nrcb3_cal.fits,SCIENCE,,CAL,,CALJWST,2.0.0,5893,jw05893016002_02101_00002_nrcb3_cal.fits,117573120,266453987,PUBLIC,2,F200W
266231312,JWST,image,jw05893016002_02101_00002_nrca3,exposure (L2b): 2D calibrated exposure average over integrations,S,mast:JWST/product/jw05893016002_02101_00002_nrca3_cal.fits,SCIENCE,,CAL,,CALJWST,2.0.0,5893,jw05893016002_02101_00002_nrca3_cal.fits,117573120,266453987,PUBLIC,2,F200W
266231313,JWST,image,jw05893016002_02101_00002_nrca2,exposure (L2b): 2D calibrated exposure average over integrations,S,mast:JWST/product/jw05893016002_02101_00002_nrca2_cal.fits,SCIENCE,,CAL,,CALJWST,2.0.0,5893,jw05893016002_02101_00002_nrca2_cal.fits,117570240,266453987,PUBLIC,2,F200W
266231314,JWST,image,jw05893016002_02101_00002_nrcb4,exposure (L2b): 2D calibrated exposure average over integrations,S,mast:JWST/product/jw05893016002_02101_00002_nrcb4_cal.fits,SCIENCE,,CAL,,CALJWST,2.0.0,5893,jw05893016002_02101_00002_nrcb4_cal.fits,117573120,266453987,PUBLIC,2,F200W
266270761,JWST,image,jw05893016002_02101_00006_nrca1,exposure (L2b): 2D calibrated exposure average over integrations,S,mast:JWST/product/jw05893016002_02101_00006_nrca1_cal.fits,SCIENCE,,CAL,,CALJWST,2.0.0,5893,jw05893016002_02101_00006_nrca1_cal.fits,117570240,266453987,PUBLIC,2,F200W
266270762,JWST,image,jw05893016002_02101_00004_nrcb4,exposure (L2b): 2D calibrated exposure average over integrations,S,mast:JWST/product/jw05893016002_02101_00004_nrcb4_cal.fits,SCIENCE,,CAL,,CALJWST,2.0.0,5893,jw05893016002_02101_00004_nrcb4_cal.fits,117573120,266453987,PUBLIC,2,F200W
266270883,JWST,image,jw05893016002_02101_00006_nrcb2,exposure (L2b): 2D calibrated exposure average over integrations,S,mast:JWST/product/jw05893016002_02101_00006_nrcb2_cal.fits,SCIENCE,,CAL,,CALJWST,2.0.0,5893,jw05893016002_02101_00006_nrcb2_cal.fits,117573120,266453987,PUBLIC,2,F200W
266270920,JWST,image,jw05893016002_02101_00006_nrcb3,exposure (L2b): 2D calibrated exposure average over integrations,S,mast:JWST/product/jw05893016002_02101_00006_nrcb3_cal.fits,SCIENCE,,CAL,,CALJWST,2.0.0,5893,jw05893016002_02101_00006_nrcb3_cal.fits,117573120,266453987,PUBLIC,2,F200W
266271007,JWST,image,jw05893016002_02101_00005_nrcb4,exposure (L2b): 2D calibrated exposure average over integrations,S,mast:JWST/product/jw05893016002_02101_00005_nrcb4_cal.fits,SCIENCE,,CAL,,CALJWST,2.0.0,5893,jw05893016002_02101_00005_nrcb4_cal.fits,117573120,266453987,PUBLIC,2,F200W
266271052,JWST,image,jw05893016002_02101_00006_nrcb4,exposure (L2b): 2D calibrated exposure average over integrations,S,mast:JWST/product/jw05893016002_02101_00006_nrcb4_cal.fits,SCIENCE,,CAL,,CALJWST,2.0.0,5893,jw05893016002_02101_00006_nrcb4_cal.fits,117573120,266453987,PUBLIC,2,F200W
266271084,JWST,image,jw05893016002_02101_00005_nrca4,exposure (L2b): 2D calibrated exposure average over integrations,S,mast:JWST/product/jw05893016002_02101_00005_nrca4_cal.fits,SCIENCE,,CAL,,CALJWST,2.0.0,5893,jw05893016002_02101_00005_nrca4_cal.fits,117573120,266453987,PUBLIC,2,F200W
266271196,JWST,image,jw05893016002_02101_00005_nrcb3,exposure (L2b): 2D calibrated exposure average over integrations,S,mast:JWST/product/jw05893016002_02101_00005_nrcb3_cal.fits,SCIENCE,,CAL,,CALJWST,2.0.0,5893,jw05893016002_02101_00005_nrcb3_cal.fits,117573120,266453987,PUBLIC,2,F200W
266271279,JWST,image,jw05893016002_02101_00005_nrcb2,exposure (L2b): 2D calibrated exposure average over integrations,S,mast:JWST/product/jw05893016002_02101_00005_nrcb2_cal.fits,SCIENCE,,CAL,,CALJWST,2.0.0,5893,jw05893016002_02101_00005_nrcb2_cal.fits,117573120,266453987,PUBLIC,2,F200W
266271411,JWST,image,jw05893016002_02101_00004_nrcb2,exposure (L2b): 2D calibrated exposure average over integrations,S,mast:JWST/product/jw05893016002_02101_00004_nrcb2_cal.fits,SCIENCE,,CAL,,CALJWST,2.0.0,5893,jw05893016002_02101_00004_nrcb2_cal.fits,117573120,266453987,PUBLIC,2,F200W
266271495,JWST,image,jw05893016002_02101_00004_nrca2,exposure (L2b): 2D calibrated exposure average over integrations,S,mast:JWST/product/jw05893016002_02101_00004_nrca2_cal.fits,SCIENCE,,CAL,,CALJWST,2.0.0,5893,jw05893016002_02101_00004_nrca2_cal.fits,117570240,266453987,PUBLIC,2,F200W
266271650,JWST,image,jw05893016002_02101_00005_nrca1,exposure (L2b): 2D calibrated exposure average over integrations,S,mast:JWST/product/jw05893016002_02101_00005_nrca1_cal.fits,SCIENCE,,CAL,,CALJWST,2.0.0,5893,jw05893016002_02101_00005_nrca1_cal.fits,117570240,266453987,PUBLIC,2,F200W
266271689,JWST,image,jw05893016002_02101_00004_nrcb1,exposure (L2b): 2D calibrated exposure average over integrations,S,mast:JWST/product/jw05893016002_02101_00004_nrcb1_cal.fits,SCIENCE,,CAL,,CALJWST,2.0.0,5893,jw05893016002_02101_00004_nrcb1_cal.fits,117573120,266453987,PUBLIC,2,F200W
266271768,JWST,image,jw05893016002_02101_00003_nrcb4,exposure (L2b): 2D calibrated exposure average over integrations,S,mast:JWST/product/jw05893016002_02101_00003_nrcb4_cal.fits,SCIENCE,,CAL,,CALJWST,2.0.0,5893,jw05893016002_02101_00003_nrcb4_cal.fits,117573120,266453987,PUBLIC,2,F200W
266271814,JWST,image,jw05893016002_02101_00004_nrca1,exposure (L2b): 2D calibrated exposure average over integrations,S,mast:JWST/product/jw05893016002_02101_00004_nrca1_cal.fits,SCIENCE,,CAL,,CALJWST,2.0.0,5893,jw05893016002_02101_00004_nrca1_cal.fits,117570240,266453987,PUBLIC,2,F200W
266271842,JWST,image,jw05893016002_02101_00003_nrcb1,exposure (L2b): 2D calibrated exposure average over integrations,S,mast:JWST/product/jw05893016002_02101_00003_nrcb1_cal.fits,SCIENCE,,CAL,,CALJWST,2.0.0,5893,jw05893016002_02101_00003_nrcb1_cal.fits,117573120,266453987,PUBLIC,2,F200W
266271843,JWST,image,jw05893016002_02101_00006_nrcb1,exposure (L2b): 2D calibrated exposure average over integrations,S,mast:JWST/product/jw05893016002_02101_00006_nrcb1_cal.fits,SCIENCE,,CAL,,CALJWST,2.0.0,5893,jw05893016002_02101_00006_nrcb1_cal.fits,117573120,266453987,PUBLIC,2,F200W
266271921,JWST,image,jw05893016002_02101_00004_nrca3,exposure (L2b): 2D calibrated exposure average over integrations,S,mast:JWST/product/jw05893016002_02101_00004_nrca3_cal.fits,SCIENCE,,CAL,,CALJWST,2.0.0,5893,jw05893016002_02101_00004_nrca3_cal.fits,117573120,266453987,PUBLIC,2,F200W
266272097,JWST,image,jw05893016002_02101_00003_nrca1,exposure (L2b): 2D calibrated exposure average over integrations,S,mast:JWST/product/jw05893016002_02101_00003_nrca1_cal.fits,SCIENCE,,CAL,,CALJWST,2.0.0,5893,jw05893016002_02101_00003_nrca1_cal.fits,117570240,266453987,PUBLIC,2,F200W
266272152,JWST,image,jw05893016002_02101_00005_nrca3,exposure (L2b): 2D calibrated exposure average over integrations,S,mast:JWST/product/jw05893016002_02101_00005_nrca3_cal.fits,SCIENCE,,CAL,,CALJWST,2.0.0,5893,jw05893016002_02101_00005_nrca3_cal.fits,117573120,266453987,PUBLIC,2,F200W
266272280,JWST,image,jw05893016002_02101_00006_nrca3,exposure (L2b): 2D calibrated exposure average over integrations,S,mast:JWST/product/jw05893016002_02101_00006_nrca3_cal.fits,SCIENCE,,CAL,,CALJWST,2.0.0,5893,jw05893016002_02101_00006_nrca3_cal.fits,117573120,266453987,PUBLIC,2,F200W
266272329,JWST,image,jw05893016002_02101_00005_nrcb1,exposure (L2b): 2D calibrated exposure average over integrations,S,mast:JWST/product/jw05893016002_02101_00005_nrcb1_cal.fits,SCIENCE,,CAL,,CALJWST,2.0.0,5893,jw05893016002_02101_00005_nrcb1_cal.fits,117573120,266453987,PUBLIC,2,F200W
266272370,JWST,image,jw05893016002_02101_00004_nrca4,exposure (L2b): 2D calibrated exposure average over integrations,S,mast:JWST/product/jw05893016002_02101_00004_nrca4_cal.fits,SCIENCE,,CAL,,CALJWST,2.0.0,5893,jw05893016002_02101_00004_nrca4_cal.fits,117573120,266453987,PUBLIC,2,F200W
266272418,JWST,image,jw05893016002_02101_00003_nrca2,exposure (L2b): 2D calibrated exposure average over integrations,S,mast:JWST/product/jw05893016002_02101_00003_nrca2_cal.fits,SCIENCE,,CAL,,CALJWST,2.0.0,5893,jw05893016002_02101_00003_nrca2_cal.fits,117570240,266453987,PUBLIC,2,F200W
266272457,JWST,image,jw05893016002_02101_00003_nrcb3,exposure (L2b): 2D calibrated exposure average over integrations,S,mast:JWST/product/jw05893016002_02101_00003_nrcb3_cal.fits,SCIENCE,,CAL,,CALJWST,2.0.0,5893,jw05893016002_02101_00003_nrcb3_cal.fits,117573120,266453987,PUBLIC,2,F200W
266272605,JWST,image,jw05893016002_02101_00006_nrca4,exposure (L2b): 2D calibrated exposure average over integrations,S,mast:JWST/product/jw05893016002_02101_00006_nrca4_cal.fits,SCIENCE,,CAL,,CALJWST,2.0.0,5893,jw05893016002_02101_00006_nrca4_cal.fits,117573120,266453987,PUBLIC,2,F200W
266272613,JWST,image,jw05893016002_02101_00004_nrcb3,exposure (L2b): 2D calibrated exposure average over integrations,S,mast:JWST/product/jw05893016002_02101_00004_nrcb3_cal.fits,SCIENCE,,CAL,,CALJWST,2.0.0,5893,jw05893016002_02101_00004_nrcb3_cal.fits,117573120,266453987,PUBLIC,2,F200W
266272697,JWST,image,jw05893016002_02101_00005_nrca2,exposure (L2b): 2D calibrated exposure average over integrations,S,mast:JWST/product/jw05893016002_02101_00005_nrca2_cal.fits,SCIENCE,,CAL,,CALJWST,2.0.0,5893,jw05893016002_02101_00005_nrca2_cal.fits,117570240,266453987,PUBLIC,2,F200W
266272753,JWST,image,jw05893016002_02101_00006_nrca2,exposure (L2b): 2D calibrated exposure average over integrations,S,mast:JWST/product/jw05893016002_02101_00006_nrca2_cal.fits,SCIENCE,,CAL,,CALJWST,2.0.0,5893,jw05893016002_02101_00006_nrca2_cal.fits,117570240,266453987,PUBLIC,2,F200W
266448665,JWST,image,jw05893016001_02101_00006_nrca1,exposure (L2b): 2D calibrated exposure average over integrations,S,mast:JWST/product/jw05893016001_02101_00006_nrca1_cal.fits,SCIENCE,,CAL,,CALJWST,2.0.0,5893,jw05893016001_02101_00006_nrca1_cal.fits,117570240,266453987,PUBLIC,2,F200W
266448666,JWST,image,jw05893016001_02101_00006_nrca3,exposure (L2b): 2D calibrated exposure average over integrations,S,mast:JWST/product/jw05893016001_02101_00006_nrca3_cal.fits,SCIENCE,,CAL,,CALJWST,2.0.0,5893,jw05893016001_02101_00006_nrca3_cal.fits,117573120,266453987,PUBLIC,2,F200W
266448668,JWST,image,jw05893016001_02101_00002_nrca1,exposure (L2b): 2D calibrated exposure average over integrations,S,mast:JWST/product/jw05893016001_02101_00002_nrca1_cal.fits,SCIENCE,,CAL,,CALJWST,2.0.0,5893,jw05893016001_02101_00002_nrca1_cal.fits,117570240,266453987,PUBLIC,2,F200W
266448669,JWST,image,jw05893016001_02101_00005_nrca1,exposure (L2b): 2D calibrated exposure average over integrations,S,mast:JWST/product/jw05893016001_02101_00005_nrca1_cal.fits,SCIENCE,,CAL,,CALJWST,2.0.0,5893,jw05893016001_02101_00005_nrca1_cal.fits,117570240,266453987,PUBLIC,2,F200W
266448671,JWST,image,jw05893016001_02101_00001_nrca2,exposure (L2b): 2D calibrated exposure average over integrations,S,mast:JWST/product/jw05893016001_02101_00001_nrca2_cal.fits,SCIENCE,,CAL,,CALJWST,2.0.0,5893,jw05893016001_02101_00001_nrca2_cal.fits,117570240,266453987,PUBLIC,2,F200W
266448672,JWST,image,jw05893016001_02101_00003_nrca4,exposure (L2b): 2D calibrated exposure average over integrations,S,mast:JWST/product/jw05893016001_02101_00003_nrca4_cal.fits,SCIENCE,,CAL,,CALJWST,2.0.0,5893,jw05893016001_02101_00003_nrca4_cal.fits,117573120,266453987,PUBLIC,2,F200W
266448674,JWST,image,jw05893016001_02101_00003_nrca3,exposure (L2b): 2D calibrated exposure average over integrations,S,mast:JWST/product/jw05893016001_02101_00003_nrca3_cal.fits,SCIENCE,,CAL,,CALJWST,2.0.0,5893,jw05893016001_02101_00003_nrca3_cal.fits,117573120,266453987,PUBLIC,2,F200W
266448675,JWST,image,jw05893016001_02101_00005_nrcb1,exposure (L2b): 2D calibrated exposure average over integrations,S,mast:JWST/product/jw05893016001_02101_00005_nrcb1_cal.fits,SCIENCE,,CAL,,CALJWST,2.0.0,5893,jw05893016001_02101_00005_nrcb1_cal.fits,117573120,266453987,PUBLIC,2,F200W
266448676,JWST,image,jw05893016001_02101_00001_nrca1,exposure (L2b): 2D calibrated exposure average over integrations,S,mast:JWST/product/jw05893016001_02101_00001_nrca1_cal.fits,SCIENCE,,CAL,,CALJWST,2.0.0,5893,jw05893016001_02101_00001_nrca1_cal.fits,117570240,266453987,PUBLIC,2,F200W
266448677,JWST,image,jw05893016001_02101_00001_nrca4,exposure (L2b): 2D calibrated exposure average over integrations,S,mast:JWST/product/jw05893016001_02101_00001_nrca4_cal.fits,SCIENCE,,CAL,,CALJWST,2.0.0,5893,jw05893016001_02101_00001_nrca4_cal.fits,117573120,266453987,PUBLIC,2,F200W
266448678,JWST,image,jw05893016001_02101_00004_nrca1,exposure (L2b): 2D calibrated exposure average over integrations,S,mast:JWST/product/jw05893016001_02101_00004_nrca1_cal.fits,SCIENCE,,CAL,,CALJWST,2.0.0,5893,jw05893016001_02101_00004_nrca1_cal.fits,117570240,266453987,PUBLIC,2,F200W
266448679,JWST,image,jw05893016001_02101_00001_nrca3,exposure (L2b): 2D calibrated exposure average over integrations,S,mast:JWST/product/jw05893016001_02101_00001_nrca3_cal.fits,SCIENCE,,CAL,,CALJWST,2.0.0,5893,jw05893016001_02101_00001_nrca3_cal.fits,117573120,266453987,PUBLIC,2,F200W
266448681,JWST,image,jw05893016001_02101_00003_nrca1,exposure (L2b): 2D calibrated exposure average over integrations,S,mast:JWST/product/jw05893016001_02101_00003_nrca1_cal.fits,SCIENCE,,CAL,,CALJWST,2.0.0,5893,jw05893016001_02101_00003_nrca1_cal.fits,117570240,266453987,PUBLIC,2,F200W
266448682,JWST,image,jw05893016001_02101_00005_nrca4,exposure (L2b): 2D calibrated exposure average over integrations,S,mast:JWST/product/jw05893016001_02101_00005_nrca4_cal.fits,SCIENCE,,CAL,,CALJWST,2.0.0,5893,jw05893016001_02101_00005_nrca4_cal.fits,117573120,266453987,PUBLIC,2,F200W
266448683,JWST,image,jw05893016001_02101_00002_nrca3,exposure (L2b): 2D calibrated exposure average over integrations,S,mast:JWST/product/jw05893016001_02101_00002_nrca3_cal.fits,SCIENCE,,CAL,,CALJWST,2.0.0,5893,jw05893016001_02101_00002_nrca3_cal.fits,117573120,266453987,PUBLIC,2,F200W
266448684,JWST,image,jw05893016001_02101_00002_nrca4,exposure (L2b): 2D calibrated exposure average over integrations,S,mast:JWST/product/jw05893016001_02101_00002_nrca4_cal.fits,SCIENCE,,CAL,,CALJWST,2.0.0,5893,jw05893016001_02101_00002_nrca4_cal.fits,117573120,266453987,PUBLIC,2,F200W
266448685,JWST,image,jw05893016001_02101_00004_nrca2,exposure (L2b): 2D calibrated exposure average over integrations,S,mast:JWST/product/jw05893016001_02101_00004_nrca2_cal.fits,SCIENCE,,CAL,,CALJWST,2.0.0,5893,jw05893016001_02101_00004_nrca2_cal.fits,117570240,266453987,PUBLIC,2,F200W
266448686,JWST,image,jw05893016001_02101_00006_nrca4,exposure (L2b): 2D calibrated exposure average over integrations,S,mast:JWST/product/jw05893016001_02101_00006_nrca4_cal.fits,SCIENCE,,CAL,,CALJWST,2.0.0,5893,jw05893016001_02101_00006_nrca4_cal.fits,117573120,266453987,PUBLIC,2,F200W
266448687,JWST,image,jw05893016001_02101_00003_nrca2,exposure (L2b): 2D calibrated exposure average over integrations,S,mast:JWST/product/jw05893016001_02101_00003_nrca2_cal.fits,SCIENCE,,CAL,,CALJWST,2.0.0,5893,jw05893016001_02101_00003_nrca2_cal.fits,117570240,266453987,PUBLIC,2,F200W
266448688,JWST,image,jw05893016001_02101_00006_nrca2,exposure (L2b): 2D calibrated exposure average over integrations,S,mast:JWST/product/jw05893016001_02101_00006_nrca2_cal.fits,SCIENCE,,CAL,,CALJWST,2.0.0,5893,jw05893016001_02101_00006_nrca2_cal.fits,117570240,266453987,PUBLIC,2,F200W
266448689,JWST,image,jw05893016001_02101_00004_nrca3,exposure (L2b): 2D calibrated exposure average over integrations,S,mast:JWST/product/jw05893016001_02101_00004_nrca3_cal.fits,SCIENCE,,CAL,,CALJWST,2.0.0,5893,jw05893016001_02101_00004_nrca3_cal.fits,117573120,266453987,PUBLIC,2,F200W
266448690,JWST,image,jw05893016001_02101_00002_nrca2,exposure (L2b): 2D calibrated exposure average over integrations,S,mast:JWST/product/jw05893016001_02101_00002_nrca2_cal.fits,SCIENCE,,CAL,,CALJWST,2.0.0,5893,jw05893016001_02101_00002_nrca2_cal.fits,117570240,266453987,PUBLIC,2,F200W
266449283,JWST,image,jw05893016005_02101_00004_nrca1,exposure (L2b): 2D calibrated exposure average over integrations,S,mast:JWST/product/jw05893016005_02101_00004_nrca1_cal.fits,SCIENCE,,CAL,,CALJWST,2.0.0,5893,jw05893016005_02101_00004_nrca1_cal.fits,117570240,266453987,PUBLIC,2,F200W
266449284,JWST,image,jw05893016005_02101_00003_nrcb3,exposure (L2b): 2D calibrated exposure average over integrations,S,mast:JWST/product/jw05893016005_02101_00003_nrcb3_cal.fits,SCIENCE,,CAL,,CALJWST,2.0.0,5893,jw05893016005_02101_00003_nrcb3_cal.fits,117573120,266453987,PUBLIC,2,F200W
266449286,JWST,image,jw05893016005_02101_00003_nrca4,exposure (L2b): 2D calibrated exposure average over integrations,S,mast:JWST/product/jw05893016005_02101_00003_nrca4_cal.fits,SCIENCE,,CAL,,CALJWST,2.0.0,5893,jw05893016005_02101_00003_nrca4_cal.fits,117573120,266453987,PUBLIC,2,F200W
266449291,JWST,image,jw05893016005_02101_00002_nrca1,exposure (L2b): 2D calibrated exposure average over integrations,S,mast:JWST/product/jw05893016005_02101_00002_nrca1_cal.fits,SCIENCE,,CAL,,CALJWST,2.0.0,5893,jw05893016005_02101_00002_nrca1_cal.fits,117570240,266453987,PUBLIC,2,F200W
266449292,JWST,image,jw05893016005_02101_00001_nrca1,exposure (L2b): 2D calibrated exposure average over integrations,S,mast:JWST/product/jw05893016005_02101_00001_nrca1_cal.fits,SCIENCE,,CAL,,CALJWST,2.0.0,5893,jw05893016005_02101_00001_nrca1_cal.fits,117570240,266453987,PUBLIC,2,F200W
266449294,JWST,image,jw05893016005_02101_00001_nrcb2,exposure (L2b): 2D calibrated exposure average over integrations,S,mast:JWST/product/jw05893016005_02101_00001_nrcb2_cal.fits,SCIENCE,,CAL,,CALJWST,2.0.0,5893,jw05893016005_02101_00001_nrcb2_cal.fits,117573120,266453987,PUBLIC,2,F200W
266449295,JWST,image,jw05893016005_02101_00003_nrcb2,exposure (L2b): 2D calibrated exposure average over integrations,S,mast:JWST/product/jw05893016005_02101_00003_nrcb2_cal.fits,SCIENCE,,CAL,,CALJWST,2.0.0,5893,jw05893016005_02101_00003_nrcb2_cal.fits,117573120,266453987,PUBLIC,2,F200W
266449296,JWST,image,jw05893016005_02101_00004_nrcb4,exposure (L2b): 2D calibrated exposure average over integrations,S,mast:JWST/product/jw05893016005_02101_00004_nrcb4_cal.fits,SCIENCE,,CAL,,CALJWST,2.0.0,5893,jw05893016005_02101_00004_nrcb4_cal.fits,117573120,266453987,PUBLIC,2,F200W
266449297,JWST,image,jw05893016005_02101_00004_nrcb3,exposure (L2b): 2D calibrated exposure average over integrations,S,mast:JWST/product/jw05893016005_02101_00004_nrcb3_cal.fits,SCIENCE,,CAL,,CALJWST,2.0.0,5893,jw05893016005_02101_00004_nrcb3_cal.fits,117573120,266453987,PUBLIC,2,F200W
266449298,JWST,image,jw05893016005_02101_00002_nrcb4,exposure (L2b): 2D calibrated exposure average over integrations,S,mast:JWST/product/jw05893016005_02101_00002_nrcb4_cal.fits,SCIENCE,,CAL,,CALJWST,2.0.0,5893,jw05893016005_02101_00002_nrcb4_cal.fits,117573120,266453987,PUBLIC,2,F200W
266449299,JWST,image,jw05893016005_02101_00003_nrca1,exposure (L2b): 2D calibrated exposure average over integrations,S,mast:JWST/product/jw05893016005_02101_00003_nrca1_cal.fits,SCIENCE,,CAL,,CALJWST,2.0.0,5893,jw05893016005_02101_00003_nrca1_cal.fits,117570240,266453987,PUBLIC,2,F200W
266449300,JWST,image,jw05893016005_02101_00002_nrcb3,exposure (L2b): 2D calibrated exposure average over integrations,S,mast:JWST/product/jw05893016005_02101_00002_nrcb3_cal.fits,SCIENCE,,CAL,,CALJWST,2.0.0,5893,jw05893016005_02101_00002_nrcb3_cal.fits,117573120,266453987,PUBLIC,2,F200W
266449301,JWST,image,jw05893016005_02101_00001_nrcb1,exposure (L2b): 2D calibrated exposure average over integrations,S,mast:JWST/product/jw05893016005_02101_00001_nrcb1_cal.fits,SCIENCE,,CAL,,CALJWST,2.0.0,5893,jw05893016005_02101_00001_nrcb1_cal.fits,117573120,266453987,PUBLIC,2,F200W
266449302,JWST,image,jw05893016005_02101_00001_nrca4,exposure (L2b): 2D calibrated exposure average over integrations,S,mast:JWST/product/jw05893016005_02101_00001_nrca4_cal.fits,SCIENCE,,CAL,,CALJWST,2.0.0,5893,jw05893016005_02101_00001_nrca4_cal.fits,117573120,266453987,PUBLIC,2,F200W
266449304,JWST,image,jw05893016005_02101_00003_nrcb1,exposure (L2b): 2D calibrated exposure average over integrations,S,mast:JWST/product/jw05893016005_02101_00003_nrcb1_cal.fits,SCIENCE,,CAL,,CALJWST,2.0.0,5893,jw05893016005_02101_00003_nrcb1_cal.fits,117573120,266453987,PUBLIC,2,F200W
266449305,JWST,image,jw05893016005_02101_00003_nrca3,exposure (L2b): 2D calibrated exposure average over integrations,S,mast:JWST/product/jw05893016005_02101_00003_nrca3_cal.fits,SCIENCE,,CAL,,CALJWST,2.0.0,5893,jw05893016005_02101_00003_nrca3_cal.fits,117573120,266453987,PUBLIC,2,F200W
266449306,JWST,image,jw05893016005_02101_00001_nrca2,exposure (L2b): 2D calibrated exposure average over integrations,S,mast:JWST/product/jw05893016005_02101_00001_nrca2_cal.fits,SCIENCE,,CAL,,CALJWST,2.0.0,5893,jw05893016005_02101_00001_nrca2_cal.fits,117570240,266453987,PUBLIC,2,F200W
266449307,JWST,image,jw05893016005_02101_00003_nrca2,exposure (L2b): 2D calibrated exposure average over integrations,S,mast:JWST/product/jw05893016005_02101_00003_nrca2_cal.fits,SCIENCE,,CAL,,CALJWST,2.0.0,5893,jw05893016005_02101_00003_nrca2_cal.fits,117570240,266453987,PUBLIC,2,F200W
266449308,JWST,image,jw05893016005_02101_00001_nrcb4,exposure (L2b): 2D calibrated exposure average over integrations,S,mast:JWST/product/jw05893016005_02101_00001_nrcb4_cal.fits,SCIENCE,,CAL,,CALJWST,2.0.0,5893,jw05893016005_02101_00001_nrcb4_cal.fits,117573120,266453987,PUBLIC,2,F200W
266449310,JWST,image,jw05893016005_02101_00003_nrcb4,exposure (L2b): 2D calibrated exposure average over integrations,S,mast:JWST/product/jw05893016005_02101_00003_nrcb4_cal.fits,SCIENCE,,CAL,,CALJWST,2.0.0,5893,jw05893016005_02101_00003_nrcb4_cal.fits,117573120,266453987,PUBLIC,2,F200W
266449311,JWST,image,jw05893016005_02101_00002_nrca2,exposure (L2b): 2D calibrated exposure average over integrations,S,mast:JWST/product/jw05893016005_02101_00002_nrca2_cal.fits,SCIENCE,,CAL,,CALJWST,2.0.0,5893,jw05893016005_02101_00002_nrca2_cal.fits,117570240,266453987,PUBLIC,2,F200W
266449453,JWST,image,jw05893016001_02101_00002_nrcb4,exposure (L2b): 2D calibrated exposure average over integrations,S,mast:JWST/product/jw05893016001_02101_00002_nrcb4_cal.fits,SCIENCE,,CAL,,CALJWST,2.0.0,5893,jw05893016001_02101_00002_nrcb4_cal.fits,117573120,266453987,PUBLIC,2,F200W
266449456,JWST,image,jw05893016001_02101_00004_nrcb2,exposure (L2b): 2D calibrated exposure average over integrations,S,mast:JWST/product/jw05893016001_02101_00004_nrcb2_cal.fits,SCIENCE,,CAL,,CALJWST,2.0.0,5893,jw05893016001_02101_00004_nrcb2_cal.fits,117573120,266453987,PUBLIC,2,F200W
266449458,JWST,image,jw05893016001_02101_00001_nrcb4,exposure (L2b): 2D calibrated exposure average over integrations,S,mast:JWST/product/jw05893016001_02101_00001_nrcb4_cal.fits,SCIENCE,,CAL,,CALJWST,2.0.0,5893,jw05893016001_02101_00001_nrcb4_cal.fits,117573120,266453987,PUBLIC,2,F200W
266449462,JWST,image,jw05893016001_02101_00003_nrcb1,exposure (L2b): 2D calibrated exposure average over integrations,S,mast:JWST/product/jw05893016001_02101_00003_nrcb1_cal.fits,SCIENCE,,CAL,,CALJWST,2.0.0,5893,jw05893016001_02101_00003_nrcb1_cal.fits,117573120,266453987,PUBLIC,2,F200W
266449464,JWST,image,jw05893016001_02101_00004_nrcb4,exposure (L2b): 2D calibrated exposure average over integrations,S,mast:JWST/product/jw05893016001_02101_00004_nrcb4_cal.fits,SCIENCE,,CAL,,CALJWST,2.0.0,5893,jw05893016001_02101_00004_nrcb4_cal.fits,117573120,266453987,PUBLIC,2,F200W
266449466,JWST,image,jw05893016001_02101_00003_nrcb3,exposure (L2b): 2D calibrated exposure average over integrations,S,mast:JWST/product/jw05893016001_02101_00003_nrcb3_cal.fits,SCIENCE,,CAL,,CALJWST,2.0.0,5893,jw05893016001_02101_00003_nrcb3_cal.fits,117573120,266453987,PUBLIC,2,F200W
266449469,JWST,image,jw05893016001_02101_00005_nrca2,exposure (L2b): 2D calibrated exposure average over integrations,S,mast:JWST/product/jw05893016001_02101_00005_nrca2_cal.fits,SCIENCE,,CAL,,CALJWST,2.0.0,5893,jw05893016001_02101_00005_nrca2_cal.fits,117570240,266453987,PUBLIC,2,F200W
266449472,JWST,image,jw05893016001_02101_00004_nrcb1,exposure (L2b): 2D calibrated exposure average over integrations,S,mast:JWST/product/jw05893016001_02101_00004_nrcb1_cal.fits,SCIENCE,,CAL,,CALJWST,2.0.0,5893,jw05893016001_02101_00004_nrcb1_cal.fits,117573120,266453987,PUBLIC,2,F200W
266449473,JWST,image,jw05893016001_02101_00005_nrcb3,exposure (L2b): 2D calibrated exposure average over integrations,S,mast:JWST/product/jw05893016001_02101_00005_nrcb3_cal.fits,SCIENCE,,CAL,,CALJWST,2.0.0,5893,jw05893016001_02101_00005_nrcb3_cal.fits,117573120,266453987,PUBLIC,2,F200W
266449474,JWST,image,jw05893016001_02101_00006_nrcb1,exposure (L2b): 2D calibrated exposure average over integrations,S,mast:JWST/product/jw05893016001_02101_00006_nrcb1_cal.fits,SCIENCE,,CAL,,CALJWST,2.0.0,5893,jw05893016001_02101_00006_nrcb1_cal.fits,117573120,266453987,PUBLIC,2,F200W
266449480,JWST,image,jw05893016001_02101_00005_nrcb4,exposure (L2b): 2D calibrated exposure average over integrations,S,mast:JWST/product/jw05893016001_02101_00005_nrcb4_cal.fits,SCIENCE,,CAL,,CALJWST,2.0.0,5893,jw05893016001_02101_00005_nrcb4_cal.fits,117573120,266453987,PUBLIC,2,F200W
266449482,JWST,image,jw05893016001_02101_00002_nrcb1,exposure (L2b): 2D calibrated exposure average over integrations,S,mast:JWST/product/jw05893016001_02101_00002_nrcb1_cal.fits,SCIENCE,,CAL,,CALJWST,2.0.0,5893,jw05893016001_02101_00002_nrcb1_cal.fits,117573120,266453987,PUBLIC,2,F200W
266449483,JWST,image,jw05893016001_02101_00005_nrcb2,exposure (L2b): 2D calibrated exposure average over integrations,S,mast:JWST/product/jw05893016001_02101_00005_nrcb2_cal.fits,SCIENCE,,CAL,,CALJWST,2.0.0,5893,jw05893016001_02101_00005_nrcb2_cal.fits,117573120,266453987,PUBLIC,2,F200W
266449485,JWST,image,jw05893016001_02101_00006_nrcb4,exposure (L2b): 2D calibrated exposure average over integrations,S,mast:JWST/product/jw05893016001_02101_00006_nrcb4_cal.fits,SCIENCE,,CAL,,CALJWST,2.0.0,5893,jw05893016001_02101_00006_nrcb4_cal.fits,117573120,266453987,PUBLIC,2,F200W
266449488,JWST,image,jw05893016001_02101_00006_nrcb3,exposure (L2b): 2D calibrated exposure average over integrations,S,mast:JWST/product/jw05893016001_02101_00006_nrcb3_cal.fits,SCIENCE,,CAL,,CALJWST,2.0.0,5893,jw05893016001_02101_00006_nrcb3_cal.fits,117573120,266453987,PUBLIC,2,F200W
266449493,JWST,image,jw05893016001_02101_00002_nrcb3,exposure (L2b): 2D calibrated exposure average over integrations,S,mast:JWST/product/jw05893016001_02101_00002_nrcb3_cal.fits,SCIENCE,,CAL,,CALJWST,2.0.0,5893,jw05893016001_02101_00002_nrcb3_cal.fits,117573120,266453987,PUBLIC,2,F200W
266449494,JWST,image,jw05893016001_02101_00001_nrcb3,exposure (L2b): 2D calibrated exposure average over integrations,S,mast:JWST/product/jw05893016001_02101_00001_nrcb3_cal.fits,SCIENCE,,CAL,,CALJWST,2.0.0,5893,jw05893016001_02101_00001_nrcb3_cal.fits,117573120,266453987,PUBLIC,2,F200W
266449497,JWST,image,jw05893016001_02101_00003_nrcb2,exposure (L2b): 2D calibrated exposure average over integrations,S,mast:JWST/product/jw05893016001_02101_00003_nrcb2_cal.fits,SCIENCE,,CAL,,CALJWST,2.0.0,5893,jw05893016001_02101_00003_nrcb2_cal.fits,117573120,266453987,PUBLIC,2,F200W
266449498,JWST,image,jw05893016001_02101_00004_nrcb3,exposure (L2b): 2D calibrated exposure average over integrations,S,mast:JWST/product/jw05893016001_02101_00004_nrcb3_cal.fits,SCIENCE,,CAL,,CALJWST,2.0.0,5893,jw05893016001_02101_00004_nrcb3_cal.fits,117573120,266453987,PUBLIC,2,F200W
266449499,JWST,image,jw05893016001_02101_00003_nrcb4,exposure (L2b): 2D calibrated exposure average over integrations,S,mast:JWST/product/jw05893016001_02101_00003_nrcb4_cal.fits,SCIENCE,,CAL,,CALJWST,2.0.0,5893,jw05893016001_02101_00003_nrcb4_cal.fits,117573120,266453987,PUBLIC,2,F200W
266449505,JWST,image,jw05893016001_02101_00005_nrca3,exposure (L2b): 2D calibrated exposure average over integrations,S,mast:JWST/product/jw05893016001_02101_00005_nrca3_cal.fits,SCIENCE,,CAL,,CALJWST,2.0.0,5893,jw05893016001_02101_00005_nrca3_cal.fits,117573120,266453987,PUBLIC,2,F200W
266449510,JWST,image,jw05893016001_02101_00001_nrcb1,exposure (L2b): 2D calibrated exposure average over integrations,S,mast:JWST/product/jw05893016001_02101_00001_nrcb1_cal.fits,SCIENCE,,CAL,,CALJWST,2.0.0,5893,jw05893016001_02101_00001_nrcb1_cal.fits,117573120,266453987,PUBLIC,2,F200W
266449513,JWST,image,jw05893016001_02101_00001_nrcb2,exposure (L2b): 2D calibrated exposure average over integrations,S,mast:JWST/product/jw05893016001_02101_00001_nrcb2_cal.fits,SCIENCE,,CAL,,CALJWST,2.0.0,5893,jw05893016001_02101_00001_nrcb2_cal.fits,117573120,266453987,PUBLIC,2,F200W
266449516,JWST,image,jw05893016001_02101_00004_nrca4,exposure (L2b): 2D calibrated exposure average over integrations,S,mast:JWST/product/jw05893016001_02101_00004_nrca4_cal.fits,SCIENCE,,CAL,,CALJWST,2.0.0,5893,jw05893016001_02101_00004_nrca4_cal.fits,117573120,266453987,PUBLIC,2,F200W
266449520,JWST,image,jw05893016001_02101_00006_nrcb2,exposure (L2b): 2D calibrated exposure average over integrations,S,mast:JWST/product/jw05893016001_02101_00006_nrcb2_cal.fits,SCIENCE,,CAL,,CALJWST,2.0.0,5893,jw05893016001_02101_00006_nrcb2_cal.fits,117573120,266453987,PUBLIC,2,F200W
266449524,JWST,image,jw05893016001_02101_00002_nrcb2,exposure (L2b): 2D calibrated exposure average over integrations,S,mast:JWST/product/jw05893016001_02101_00002_nrcb2_cal.fits,SCIENCE,,CAL,,CALJWST,2.0.0,5893,jw05893016001_02101_00002_nrcb2_cal.fits,117573120,266453987,PUBLIC,2,F200W
266449582,JWST,image,jw05893016004_02101_00003_nrca1,exposure (L2b): 2D calibrated exposure average over integrations,S,mast:JWST/product/jw05893016004_02101_00003_nrca1_cal.fits,SCIENCE,,CAL,,CALJWST,2.0.0,5893,jw05893016004_02101_00003_nrca1_cal.fits,117570240,266453987,PUBLIC,2,F200W
266449634,JWST,image,jw05893016004_02101_00006_nrcb2,exposure (L2b): 2D calibrated exposure average over integrations,S,mast:JWST/product/jw05893016004_02101_00006_nrcb2_cal.fits,SCIENCE,,CAL,,CALJWST,2.0.0,5893,jw05893016004_02101_00006_nrcb2_cal.fits,117573120,266453987,PUBLIC,2,F200W
266449636,JWST,image,jw05893016004_02101_00004_nrca1,exposure (L2b): 2D calibrated exposure average over integrations,S,mast:JWST/product/jw05893016004_02101_00004_nrca1_cal.fits,SCIENCE,,CAL,,CALJWST,2.0.0,5893,jw05893016004_02101_00004_nrca1_cal.fits,117570240,266453987,PUBLIC,2,F200W
266449637,JWST,image,jw05893016004_02101_00002_nrcb1,exposure (L2b): 2D calibrated exposure average over integrations,S,mast:JWST/product/jw05893016004_02101_00002_nrcb1_cal.fits,SCIENCE,,CAL,,CALJWST,2.0.0,5893,jw05893016004_02101_00002_nrcb1_cal.fits,117573120,266453987,PUBLIC,2,F200W
266449639,JWST,image,jw05893016004_02101_00003_nrcb1,exposure (L2b): 2D calibrated exposure average over integrations,S,mast:JWST/product/jw05893016004_02101_00003_nrcb1_cal.fits,SCIENCE,,CAL,,CALJWST,2.0.0,5893,jw05893016004_02101_00003_nrcb1_cal.fits,117573120,266453987,PUBLIC,2,F200W
266449640,JWST,image,jw05893016004_02101_00005_nrca4,exposure (L2b): 2D calibrated exposure average over integrations,S,mast:JWST/product/jw05893016004_02101_00005_nrca4_cal.fits,SCIENCE,,CAL,,CALJWST,2.0.0,5893,jw05893016004_02101_00005_nrca4_cal.fits,117573120,266453987,PUBLIC,2,F200W
266449641,JWST,image,jw05893016004_02101_00002_nrca3,exposure (L2b): 2D calibrated exposure average over integrations,S,mast:JWST/product/jw05893016004_02101_00002_nrca3_cal.fits,SCIENCE,,CAL,,CALJWST,2.0.0,5893,jw05893016004_02101_00002_nrca3_cal.fits,117573120,266453987,PUBLIC,2,F200W
266449643,JWST,image,jw05893016004_02101_00006_nrca3,exposure (L2b): 2D calibrated exposure average over integrations,S,mast:JWST/product/jw05893016004_02101_00006_nrca3_cal.fits,SCIENCE,,CAL,,CALJWST,2.0.0,5893,jw05893016004_02101_00006_nrca3_cal.fits,117573120,266453987,PUBLIC,2,F200W
266449644,JWST,image,jw05893016004_02101_00006_nrca2,exposure (L2b): 2D calibrated exposure average over integrations,S,mast:JWST/product/jw05893016004_02101_00006_nrca2_cal.fits,SCIENCE,,CAL,,CALJWST,2.0.0,5893,jw05893016004_02101_00006_nrca2_cal.fits,117570240,266453987,PUBLIC,2,F200W
266449645,JWST,image,jw05893016004_02101_00006_nrca1,exposure (L2b): 2D calibrated exposure average over integrations,S,mast:JWST/product/jw05893016004_02101_00006_nrca1_cal.fits,SCIENCE,,CAL,,CALJWST,2.0.0,5893,jw05893016004_02101_00006_nrca1_cal.fits,117570240,266453987,PUBLIC,2,F200W
266449650,JWST,image,jw05893016003_02101_00006_nrca2,exposure (L2b): 2D calibrated exposure average over integrations,S,mast:JWST/product/jw05893016003_02101_00006_nrca2_cal.fits,SCIENCE,,CAL,,CALJWST,2.0.0,5893,jw05893016003_02101_00006_nrca2_cal.fits,117570240,266453987,PUBLIC,2,F200W
266449653,JWST,image,jw05893016003_02101_00002_nrcb1,exposure (L2b): 2D calibrated exposure average over integrations,S,mast:JWST/product/jw05893016003_02101_00002_nrcb1_cal.fits,SCIENCE,,CAL,,CALJWST,2.0.0,5893,jw05893016003_02101_00002_nrcb1_cal.fits,117573120,266453987,PUBLIC,2,F200W
266449656,JWST,image,jw05893016003_02101_00003_nrca3,exposure (L2b): 2D calibrated exposure average over integrations,S,mast:JWST/product/jw05893016003_02101_00003_nrca3_cal.fits,SCIENCE,,CAL,,CALJWST,2.0.0,5893,jw05893016003_02101_00003_nrca3_cal.fits,117573120,266453987,PUBLIC,2,F200W
266449657,JWST,image,jw05893016003_02101_00003_nrca1,exposure (L2b): 2D calibrated exposure average over integrations,S,mast:JWST/product/jw05893016003_02101_00003_nrca1_cal.fits,SCIENCE,,CAL,,CALJWST,2.0.0,5893,jw05893016003_02101_00003_nrca1_cal.fits,117570240,266453987,PUBLIC,2,F200W
266449661,JWST,image,jw05893016003_02101_00005_nrca2,exposure (L2b): 2D calibrated exposure average over integrations,S,mast:JWST/product/jw05893016003_02101_00005_nrca2_cal.fits,SCIENCE,,CAL,,CALJWST,2.0.0,5893,jw05893016003_02101_00005_nrca2_cal.fits,117570240,266453987,PUBLIC,2,F200W
266449664,JWST,image,jw05893016003_02101_00002_nrca4,exposure (L2b): 2D calibrated exposure average over integrations,S,mast:JWST/product/jw05893016003_02101_00002_nrca4_cal.fits,SCIENCE,,CAL,,CALJWST,2.0.0,5893,jw05893016003_02101_00002_nrca4_cal.fits,117573120,266453987,PUBLIC,2,F200W
266449666,JWST,image,jw05893016003_02101_00004_nrca4,exposure (L2b): 2D calibrated exposure average over integrations,S,mast:JWST/product/jw05893016003_02101_00004_nrca4_cal.fits,SCIENCE,,CAL,,CALJWST,2.0.0,5893,jw05893016003_02101_00004_nrca4_cal.fits,117573120,266453987,PUBLIC,2,F200W
266449669,JWST,image,jw05893016003_02101_00004_nrca1,exposure (L2b): 2D calibrated exposure average over integrations,S,mast:JWST/product/jw05893016003_02101_00004_nrca1_cal.fits,SCIENCE,,CAL,,CALJWST,2.0.0,5893,jw05893016003_02101_00004_nrca1_cal.fits,117570240,266453987,PUBLIC,2,F200W
266449670,JWST,image,jw05893016003_02101_00004_nrca2,exposure (L2b): 2D calibrated exposure average over integrations,S,mast:JWST/product/jw05893016003_02101_00004_nrca2_cal.fits,SCIENCE,,CAL,,CALJWST,2.0.0,5893,jw05893016003_02101_00004_nrca2_cal.fits,117570240,266453987,PUBLIC,2,F200W
266449671,JWST,image,jw05893016003_02101_00003_nrca2,exposure (L2b): 2D calibrated exposure average over integrations,S,mast:JWST/product/jw05893016003_02101_00003_nrca2_cal.fits,SCIENCE,,CAL,,CALJWST,2.0.0,5893,jw05893016003_02101_00003_nrca2_cal.fits,117570240,266453987,PUBLIC,2,F200W
266449674,JWST,image,jw05893016003_02101_00004_nrcb2,exposure (L2b): 2D calibrated exposure average over integrations,S,mast:JWST/product/jw05893016003_02101_00004_nrcb2_cal.fits,SCIENCE,,CAL,,CALJWST,2.0.0,5893,jw05893016003_02101_00004_nrcb2_cal.fits,117573120,266453987,PUBLIC,2,F200W
266449676,JWST,image,jw05893016003_02101_00001_nrcb1,exposure (L2b): 2D calibrated exposure average over integrations,S,mast:JWST/product/jw05893016003_02101_00001_nrcb1_cal.fits,SCIENCE,,CAL,,CALJWST,2.0.0,5893,jw05893016003_02101_00001_nrcb1_cal.fits,117573120,266453987,PUBLIC,2,F200W
266449679,JWST,image,jw05893016003_02101_00006_nrca1,exposure (L2b): 2D calibrated exposure average over integrations,S,mast:JWST/product/jw05893016003_02101_00006_nrca1_cal.fits,SCIENCE,,CAL,,CALJWST,2.0.0,5893,jw05893016003_02101_00006_nrca1_cal.fits,117570240,266453987,PUBLIC,2,F200W
266449681,JWST,image,jw05893016003_02101_00006_nrca3,exposure (L2b): 2D calibrated exposure average over integrations,S,mast:JWST/product/jw05893016003_02101_00006_nrca3_cal.fits,SCIENCE,,CAL,,CALJWST,2.0.0,5893,jw05893016003_02101_00006_nrca3_cal.fits,117573120,266453987,PUBLIC,2,F200W
266449682,JWST,image,jw05893016003_02101_00004_nrcb1,exposure (L2b): 2D calibrated exposure average over integrations,S,mast:JWST/product/jw05893016003_02101_00004_nrcb1_cal.fits,SCIENCE,,CAL,,CALJWST,2.0.0,5893,jw05893016003_02101_00004_nrcb1_cal.fits,117573120,266453987,PUBLIC,2,F200W
266449683,JWST,image,jw05893016003_02101_00002_nrca3,exposure (L2b): 2D calibrated exposure average over integrations,S,mast:JWST/product/jw05893016003_02101_00002_nrca3_cal.fits,SCIENCE,,CAL,,CALJWST,2.0.0,5893,jw05893016003_02101_00002_nrca3_cal.fits,117573120,266453987,PUBLIC,2,F200W
266449684,JWST,image,jw05893016003_02101_00002_nrcb2,exposure (L2b): 2D calibrated exposure average over integrations,S,mast:JWST/product/jw05893016003_02101_00002_nrcb2_cal.fits,SCIENCE,,CAL,,CALJWST,2.0.0,5893,jw05893016003_02101_00002_nrcb2_cal.fits,117573120,266453987,PUBLIC,2,F200W
266449686,JWST,image,jw05893016003_02101_00005_nrca1,exposure (L2b): 2D calibrated exposure average over integrations,S,mast:JWST/product/jw05893016003_02101_00005_nrca1_cal.fits,SCIENCE,,CAL,,CALJWST,2.0.0,5893,jw05893016003_02101_00005_nrca1_cal.fits,117570240,266453987,PUBLIC,2,F200W
266449901,JWST,image,jw05893016005_02101_00006_nrca2,exposure (L2b): 2D calibrated exposure average over integrations,S,mast:JWST/product/jw05893016005_02101_00006_nrca2_cal.fits,SCIENCE,,CAL,,CALJWST,2.0.0,5893,jw05893016005_02101_00006_nrca2_cal.fits,117570240,266453987,PUBLIC,2,F200W
266449903,JWST,image,jw05893016005_02101_00005_nrca1,exposure (L2b): 2D calibrated exposure average over integrations,S,mast:JWST/product/jw05893016005_02101_00005_nrca1_cal.fits,SCIENCE,,CAL,,CALJWST,2.0.0,5893,jw05893016005_02101_00005_nrca1_cal.fits,117570240,266453987,PUBLIC,2,F200W
266449904,JWST,image,jw05893016005_02101_00006_nrcb4,exposure (L2b): 2D calibrated exposure average over integrations,S,mast:JWST/product/jw05893016005_02101_00006_nrcb4_cal.fits,SCIENCE,,CAL,,CALJWST,2.0.0,5893,jw05893016005_02101_00006_nrcb4_cal.fits,117573120,266453987,PUBLIC,2,F200W
266449905,JWST,image,jw05893016005_02101_00002_nrca4,exposure (L2b): 2D calibrated exposure average over integrations,S,mast:JWST/product/jw05893016005_02101_00002_nrca4_cal.fits,SCIENCE,,CAL,,CALJWST,2.0.0,5893,jw05893016005_02101_00002_nrca4_cal.fits,117573120,266453987,PUBLIC,2,F200W
266449911,JWST,image,jw05893016005_02101_00005_nrcb2,exposure (L2b): 2D calibrated exposure average over integrations,S,mast:JWST/product/jw05893016005_02101_00005_nrcb2_cal.fits,SCIENCE,,CAL,,CALJWST,2.0.0,5893,jw05893016005_02101_00005_nrcb2_cal.fits,117573120,266453987,PUBLIC,2,F200W
266449913,JWST,image,jw05893016005_02101_00006_nrcb2,exposure (L2b): 2D calibrated exposure average over integrations,S,mast:JWST/product/jw05893016005_02101_00006_nrcb2_cal.fits,SCIENCE,,CAL,,CALJWST,2.0.0,5893,jw05893016005_02101_00006_nrcb2_cal.fits,117573120,266453987,PUBLIC,2,F200W
266449915,JWST,image,jw05893016005_02101_00006_nrca3,exposure (L2b): 2D calibrated exposure average over integrations,S,mast:JWST/product/jw05893016005_02101_00006_nrca3_cal.fits,SCIENCE,,CAL,,CALJWST,2.0.0,5893,jw05893016005_02101_00006_nrca3_cal.fits,117573120,266453987,PUBLIC,2,F200W
266449918,JWST,image,jw05893016005_02101_00004_nrcb1,exposure (L2b): 2D calibrated exposure average over integrations,S,mast:JWST/product/jw05893016005_02101_00004_nrcb1_cal.fits,SCIENCE,,CAL,,CALJWST,2.0.0,5893,jw05893016005_02101_00004_nrcb1_cal.fits,117573120,266453987,PUBLIC,2,F200W
266449922,JWST,image,jw05893016005_02101_00005_nrcb1,exposure (L2b): 2D calibrated exposure average over integrations,S,mast:JWST/product/jw05893016005_02101_00005_nrcb1_cal.fits,SCIENCE,,CAL,,CALJWST,2.0.0,5893,jw05893016005_02101_00005_nrcb1_cal.fits,117573120,266453987,PUBLIC,2,F200W
266449925,JWST,image,jw05893016005_02101_00006_nrcb3,exposure (L2b): 2D calibrated exposure average over integrations,S,mast:JWST/product/jw05893016005_02101_00006_nrcb3_cal.fits,SCIENCE,,CAL,,CALJWST,2.0.0,5893,jw05893016005_02101_00006_nrcb3_cal.fits,117573120,266453987,PUBLIC,2,F200W
266449931,JWST,image,jw05893016005_02101_00002_nrcb1,exposure (L2b): 2D calibrated exposure average over integrations,S,mast:JWST/product/jw05893016005_02101_00002_nrcb1_cal.fits,SCIENCE,,CAL,,CALJWST,2.0.0,5893,jw05893016005_02101_00002_nrcb1_cal.fits,117573120,266453987,PUBLIC,2,F200W
266449934,JWST,image,jw05893016005_02101_00006_nrca1,exposure (L2b): 2D calibrated exposure average over integrations,S,mast:JWST/product/jw05893016005_02101_00006_nrca1_cal.fits,SCIENCE,,CAL,,CALJWST,2.0.0,5893,jw05893016005_02101_00006_nrca1_cal.fits,117570240,266453987,PUBLIC,2,F200W
266449936,JWST,image,jw05893016005_02101_00005_nrcb4,exposure (L2b): 2D calibrated exposure average over integrations,S,mast:JWST/product/jw05893016005_02101_00005_nrcb4_cal.fits,SCIENCE,,CAL,,CALJWST,2.0.0,5893,jw05893016005_02101_00005_nrcb4_cal.fits,117573120,266453987,PUBLIC,2,F200W
266449938,JWST,image,jw05893016005_02101_00004_nrcb2,exposure (L2b): 2D calibrated exposure average over integrations,S,mast:JWST/product/jw05893016005_02101_00004_nrcb2_cal.fits,SCIENCE,,CAL,,CALJWST,2.0.0,5893,jw05893016005_02101_00004_nrcb2_cal.fits,117573120,266453987,PUBLIC,2,F200W
266449939,JWST,image,jw05893016005_02101_00005_nrcb3,exposure (L2b): 2D calibrated exposure average over integrations,S,mast:JWST/product/jw05893016005_02101_00005_nrcb3_cal.fits,SCIENCE,,CAL,,CALJWST,2.0.0,5893,jw05893016005_02101_00005_nrcb3_cal.fits,117573120,266453987,PUBLIC,2,F200W
266449941,JWST,image,jw05893016005_02101_00001_nrca3,exposure (L2b): 2D calibrated exposure average over integrations,S,mast:JWST/product/jw05893016005_02101_00001_nrca3_cal.fits,SCIENCE,,CAL,,CALJWST,2.0.0,5893,jw05893016005_02101_00001_nrca3_cal.fits,117573120,266453987,PUBLIC,2,F200W
266449943,JWST,image,jw05893016005_02101_00001_nrcb3,exposure (L2b): 2D calibrated exposure average over integrations,S,mast:JWST/product/jw05893016005_02101_00001_nrcb3_cal.fits,SCIENCE,,CAL,,CALJWST,2.0.0,5893,jw05893016005_02101_00001_nrcb3_cal.fits,117573120,266453987,PUBLIC,2,F200W
266449944,JWST,image,jw05893016005_02101_00005_nrca3,exposure (L2b): 2D calibrated exposure average over integrations,S,mast:JWST/product/jw05893016005_02101_00005_nrca3_cal.fits,SCIENCE,,CAL,,CALJWST,2.0.0,5893,jw05893016005_02101_00005_nrca3_cal.fits,117573120,266453987,PUBLIC,2,F200W
266449946,JWST,image,jw05893016005_02101_00004_nrca4,exposure (L2b): 2D calibrated exposure average over integrations,S,mast:JWST/product/jw05893016005_02101_00004_nrca4_cal.fits,SCIENCE,,CAL,,CALJWST,2.0.0,5893,jw05893016005_02101_00004_nrca4_cal.fits,117573120,266453987,PUBLIC,2,F200W
266449948,JWST,image,jw05893016005_02101_00004_nrca2,exposure (L2b): 2D calibrated exposure average over integrations,S,mast:JWST/product/jw05893016005_02101_00004_nrca2_cal.fits,SCIENCE,,CAL,,CALJWST,2.0.0,5893,jw05893016005_02101_00004_nrca2_cal.fits,117570240,266453987,PUBLIC,2,F200W
266449950,JWST,image,jw05893016005_02101_00002_nrca3,exposure (L2b): 2D calibrated exposure average over integrations,S,mast:JWST/product/jw05893016005_02101_00002_nrca3_cal.fits,SCIENCE,,CAL,,CALJWST,2.0.0,5893,jw05893016005_02101_00002_nrca3_cal.fits,117573120,266453987,PUBLIC,2,F200W
266449951,JWST,image,jw05893016005_02101_00005_nrca4,exposure (L2b): 2D calibrated exposure average over integrations,S,mast:JWST/product/jw05893016005_02101_00005_nrca4_cal.fits,SCIENCE,,CAL,,CALJWST,2.0.0,5893,jw05893016005_02101_00005_nrca4_cal.fits,117573120,266453987,PUBLIC,2,F200W
266449952,JWST,image,jw05893016005_02101_00006_nrca4,exposure (L2b): 2D calibrated exposure average over integrations,S,mast:JWST/product/jw05893016005_02101_00006_nrca4_cal.fits,SCIENCE,,CAL,,CALJWST,2.0.0,5893,jw05893016005_02101_00006_nrca4_cal.fits,117573120,266453987,PUBLIC,2,F200W
266449953,JWST,image,jw05893016005_02101_00002_nrcb2,exposure (L2b): 2D calibrated exposure average over integrations,S,mast:JWST/product/jw05893016005_02101_00002_nrcb2_cal.fits,SCIENCE,,CAL,,CALJWST,2.0.0,5893,jw05893016005_02101_00002_nrcb2_cal.fits,117573120,266453987,PUBLIC,2,F200W
266449959,JWST,image,jw05893016005_02101_00005_nrca2,exposure (L2b): 2D calibrated exposure average over integrations,S,mast:JWST/product/jw05893016005_02101_00005_nrca2_cal.fits,SCIENCE,,CAL,,CALJWST,2.0.0,5893,jw05893016005_02101_00005_nrca2_cal.fits,117570240,266453987,PUBLIC,2,F200W
266449962,JWST,image,jw05893016005_02101_00004_nrca3,exposure (L2b): 2D calibrated exposure average over integrations,S,mast:JWST/product/jw05893016005_02101_00004_nrca3_cal.fits,SCIENCE,,CAL,,CALJWST,2.0.0,5893,jw05893016005_02101_00004_nrca3_cal.fits,117573120,266453987,PUBLIC,2,F200W
266449963,JWST,image,jw05893016005_02101_00006_nrcb1,exposure (L2b): 2D calibrated exposure average over integrations,S,mast:JWST/product/jw05893016005_02101_00006_nrcb1_cal.fits,SCIENCE,,CAL,,CALJWST,2.0.0,5893,jw05893016005_02101_00006_nrcb1_cal.fits,117573120,266453987,PUBLIC,2,F200W
266450309,JWST,image,jw05893016004_02101_00005_nrca1,exposure (L2b): 2D calibrated exposure average over integrations,S,mast:JWST/product/jw05893016004_02101_00005_nrca1_cal.fits,SCIENCE,,CAL,,CALJWST,2.0.0,5893,jw05893016004_02101_00005_nrca1_cal.fits,117570240,266453987,PUBLIC,2,F200W
266450310,JWST,image,jw05893016004_02101_00002_nrca2,exposure (L2b): 2D calibrated exposure average over integrations,S,mast:JWST/product/jw05893016004_02101_00002_nrca2_cal.fits,SCIENCE,,CAL,,CALJWST,2.0.0,5893,jw05893016004_02101_00002_nrca2_cal.fits,117570240,266453987,PUBLIC,2,F200W
266450311,JWST,image,jw05893016004_02101_00005_nrcb3,exposure (L2b): 2D calibrated exposure average over integrations,S,mast:JWST/product/jw05893016004_02101_00005_nrcb3_cal.fits,SCIENCE,,CAL,,CALJWST,2.0.0,5893,jw05893016004_02101_00005_nrcb3_cal.fits,117573120,266453987,PUBLIC,2,F200W
266450312,JWST,image,jw05893016004_02101_00006_nrca4,exposure (L2b): 2D calibrated exposure average over integrations,S,mast:JWST/product/jw05893016004_02101_00006_nrca4_cal.fits,SCIENCE,,CAL,,CALJWST,2.0.0,5893,jw05893016004_02101_00006_nrca4_cal.fits,117573120,266453987,PUBLIC,2,F200W
266450313,JWST,image,jw05893016004_02101_00001_nrca2,exposure (L2b): 2D calibrated exposure average over integrations,S,mast:JWST/product/jw05893016004_02101_00001_nrca2_cal.fits,SCIENCE,,CAL,,CALJWST,2.0.0,5893,jw05893016004_02101_00001_nrca2_cal.fits,117570240,266453987,PUBLIC,2,F200W
266450317,JWST,image,jw05893016004_02101_00001_nrcb1,exposure (L2b): 2D calibrated exposure average over integrations,S,mast:JWST/product/jw05893016004_02101_00001_nrcb1_cal.fits,SCIENCE,,CAL,,CALJWST,2.0.0,5893,jw05893016004_02101_00001_nrcb1_cal.fits,117573120,266453987,PUBLIC,2,F200W
266450323,JWST,image,jw05893016004_02101_00001_nrca3,exposure (L2b): 2D calibrated exposure average over integrations,S,mast:JWST/product/jw05893016004_02101_00001_nrca3_cal.fits,SCIENCE,,CAL,,CALJWST,2.0.0,5893,jw05893016004_02101_00001_nrca3_cal.fits,117573120,266453987,PUBLIC,2,F200W
266450325,JWST,image,jw05893016004_02101_00001_nrca4,exposure (L2b): 2D calibrated exposure average over integrations,S,mast:JWST/product/jw05893016004_02101_00001_nrca4_cal.fits,SCIENCE,,CAL,,CALJWST,2.0.0,5893,jw05893016004_02101_00001_nrca4_cal.fits,117573120,266453987,PUBLIC,2,F200W
266450326,JWST,image,jw05893016004_02101_00004_nrca2,exposure (L2b): 2D calibrated exposure average over integrations,S,mast:JWST/product/jw05893016004_02101_00004_nrca2_cal.fits,SCIENCE,,CAL,,CALJWST,2.0.0,5893,jw05893016004_02101_00004_nrca2_cal.fits,117570240,266453987,PUBLIC,2,F200W
266450327,JWST,image,jw05893016004_02101_00005_nrcb2,exposure (L2b): 2D calibrated exposure average over integrations,S,mast:JWST/product/jw05893016004_02101_00005_nrcb2_cal.fits,SCIENCE,,CAL,,CALJWST,2.0.0,5893,jw05893016004_02101_00005_nrcb2_cal.fits,117573120,266453987,PUBLIC,2,F200W
266450328,JWST,image,jw05893016004_02101_00004_nrca4,exposure (L2b): 2D calibrated exposure average over integrations,S,mast:JWST/product/jw05893016004_02101_00004_nrca4_cal.fits,SCIENCE,,CAL,,CALJWST,2.0.0,5893,jw05893016004_02101_00004_nrca4_cal.fits,117573120,266453987,PUBLIC,2,F200W
266450329,JWST,image,jw05893016004_02101_00004_nrca3,exposure (L2b): 2D calibrated exposure average over integrations,S,mast:JWST/product/jw05893016004_02101_00004_nrca3_cal.fits,SCIENCE,,CAL,,CALJWST,2.0.0,5893,jw05893016004_02101_00004_nrca3_cal.fits,117573120,266453987,PUBLIC,2,F200W
266450336,JWST,image,jw05893016004_02101_00003_nrca3,exposure (L2b): 2D calibrated exposure average over integrations,S,mast:JWST/product/jw05893016004_02101_00003_nrca3_cal.fits,SCIENCE,,CAL,,CALJWST,2.0.0,5893,jw05893016004_02101_00003_nrca3_cal.fits,117573120,266453987,PUBLIC,2,F200W
266450337,JWST,image,jw05893016004_02101_00003_nrca2,exposure (L2b): 2D calibrated exposure average over integrations,S,mast:JWST/product/jw05893016004_02101_00003_nrca2_cal.fits,SCIENCE,,CAL,,CALJWST,2.0.0,5893,jw05893016004_02101_00003_nrca2_cal.fits,117570240,266453987,PUBLIC,2,F200W
266450340,JWST,image,jw05893016004_02101_00001_nrca1,exposure (L2b): 2D calibrated exposure average over integrations,S,mast:JWST/product/jw05893016004_02101_00001_nrca1_cal.fits,SCIENCE,,CAL,,CALJWST,2.0.0,5893,jw05893016004_02101_00001_nrca1_cal.fits,117570240,266453987,PUBLIC,2,F200W
266450341,JWST,image,jw05893016004_02101_00003_nrca4,exposure (L2b): 2D calibrated exposure average over integrations,S,mast:JWST/product/jw05893016004_02101_00003_nrca4_cal.fits,SCIENCE,,CAL,,CALJWST,2.0.0,5893,jw05893016004_02101_00003_nrca4_cal.fits,117573120,266453987,PUBLIC,2,F200W
266450343,JWST,image,jw05893016004_02101_00002_nrcb4,exposure (L2b): 2D calibrated exposure average over integrations,S,mast:JWST/product/jw05893016004_02101_00002_nrcb4_cal.fits,SCIENCE,,CAL,,CALJWST,2.0.0,5893,jw05893016004_02101_00002_nrcb4_cal.fits,117573120,266453987,PUBLIC,2,F200W
266450348,JWST,image,jw05893016004_02101_00005_nrcb4,exposure (L2b): 2D calibrated exposure average over integrations,S,mast:JWST/product/jw05893016004_02101_00005_nrcb4_cal.fits,SCIENCE,,CAL,,CALJWST,2.0.0,5893,jw05893016004_02101_00005_nrcb4_cal.fits,117573120,266453987,PUBLIC,2,F200W
266450367,JWST,image,jw05893016004_02101_00003_nrcb3,exposure (L2b): 2D calibrated exposure average over integrations,S,mast:JWST/product/jw05893016004_02101_00003_nrcb3_cal.fits,SCIENCE,,CAL,,CALJWST,2.0.0,5893,jw05893016004_02101_00003_nrcb3_cal.fits,117573120,266453987,PUBLIC,2,F200W
266450380,JWST,image,jw05893016004_02101_00001_nrcb4,exposure (L2b): 2D calibrated exposure average over integrations,S,mast:JWST/product/jw05893016004_02101_00001_nrcb4_cal.fits,SCIENCE,,CAL,,CALJWST,2.0.0,5893,jw05893016004_02101_00001_nrcb4_cal.fits,117573120,266453987,PUBLIC,2,F200W
266450384,JWST,image,jw05893016004_02101_00004_nrcb2,exposure (L2b): 2D calibrated exposure average over integrations,S,mast:JWST/product/jw05893016004_02101_00004_nrcb2_cal.fits,SCIENCE,,CAL,,CALJWST,2.0.0,5893,jw05893016004_02101_00004_nrcb2_cal.fits,117573120,266453987,PUBLIC,2,F200W
266450394,JWST,image,jw05893016004_02101_00002_nrca1,exposure (L2b): 2D calibrated exposure average over integrations,S,mast:JWST/product/jw05893016004_02101_00002_nrca1_cal.fits,SCIENCE,,CAL,,CALJWST,2.0.0,5893,jw05893016004_02101_00002_nrca1_cal.fits,117570240,266453987,PUBLIC,2,F200W
266450396,JWST,image,jw05893016004_02101_00002_nrca4,exposure (L2b): 2D calibrated exposure average over integrations,S,mast:JWST/product/jw05893016004_02101_00002_nrca4_cal.fits,SCIENCE,,CAL,,CALJWST,2.0.0,5893,jw05893016004_02101_00002_nrca4_cal.fits,117573120,266453987,PUBLIC,2,F200W
266450401,JWST,image,jw05893016004_02101_00005_nrcb1,exposure (L2b): 2D calibrated exposure average over integrations,S,mast:JWST/product/jw05893016004_02101_00005_nrcb1_cal.fits,SCIENCE,,CAL,,CALJWST,2.0.0,5893,jw05893016004_02101_00005_nrcb1_cal.fits,117573120,266453987,PUBLIC,2,F200W
266450404,JWST,image,jw05893016004_02101_00004_nrcb3,exposure (L2b): 2D calibrated exposure average over integrations,S,mast:JWST/product/jw05893016004_02101_00004_nrcb3_cal.fits,SCIENCE,,CAL,,CALJWST,2.0.0,5893,jw05893016004_02101_00004_nrcb3_cal.fits,117573120,266453987,PUBLIC,2,F200W
266450407,JWST,image,jw05893016004_02101_00006_nrcb4,exposure (L2b): 2D calibrated exposure average over integrations,S,mast:JWST/product/jw05893016004_02101_00006_nrcb4_cal.fits,SCIENCE,,CAL,,CALJWST,2.0.0,5893,jw05893016004_02101_00006_nrcb4_cal.fits,117573120,266453987,PUBLIC,2,F200W
266450408,JWST,image,jw05893016003_02101_00006_nrcb2,exposure (L2b): 2D calibrated exposure average over integrations,S,mast:JWST/product/jw05893016003_02101_00006_nrcb2_cal.fits,SCIENCE,,CAL,,CALJWST,2.0.0,5893,jw05893016003_02101_00006_nrcb2_cal.fits,117573120,266453987,PUBLIC,2,F200W
266450410,JWST,image,jw05893016003_02101_00004_nrcb4,exposure (L2b): 2D calibrated exposure average over integrations,S,mast:JWST/product/jw05893016003_02101_00004_nrcb4_cal.fits,SCIENCE,,CAL,,CALJWST,2.0.0,5893,jw05893016003_02101_00004_nrcb4_cal.fits,117573120,266453987,PUBLIC,2,F200W
266450411,JWST,image,jw05893016004_02101_00005_nrca2,exposure (L2b): 2D calibrated exposure average over integrations,S,mast:JWST/product/jw05893016004_02101_00005_nrca2_cal.fits,SCIENCE,,CAL,,CALJWST,2.0.0,5893,jw05893016004_02101_00005_nrca2_cal.fits,117570240,266453987,PUBLIC,2,F200W
266450412,JWST,image,jw05893016003_02101_00001_nrcb3,exposure (L2b): 2D calibrated exposure average over integrations,S,mast:JWST/product/jw05893016003_02101_00001_nrcb3_cal.fits,SCIENCE,,CAL,,CALJWST,2.0.0,5893,jw05893016003_02101_00001_nrcb3_cal.fits,117573120,266453987,PUBLIC,2,F200W
266450417,JWST,image,jw05893016004_02101_00002_nrcb3,exposure (L2b): 2D calibrated exposure average over integrations,S,mast:JWST/product/jw05893016004_02101_00002_nrcb3_cal.fits,SCIENCE,,CAL,,CALJWST,2.0.0,5893,jw05893016004_02101_00002_nrcb3_cal.fits,117573120,266453987,PUBLIC,2,F200W
266450418,JWST,image,jw05893016003_02101_00006_nrcb1,exposure (L2b): 2D calibrated exposure average over integrations,S,mast:JWST/product/jw05893016003_02101_00006_nrcb1_cal.fits,SCIENCE,,CAL,,CALJWST,2.0.0,5893,jw05893016003_02101_00006_nrcb1_cal.fits,117573120,266453987,PUBLIC,2,F200W
266450419,JWST,image,jw05893016004_02101_00001_nrcb2,exposure (L2b): 2D calibrated exposure average over integrations,S,mast:JWST/product/jw05893016004_02101_00001_nrcb2_cal.fits,SCIENCE,,CAL,,CALJWST,2.0.0,5893,jw05893016004_02101_00001_nrcb2_cal.fits,117573120,266453987,PUBLIC,2,F200W
266450423,JWST,image,jw05893016004_02101_00004_nrcb1,exposure (L2b): 2D calibrated exposure average over integrations,S,mast:JWST/product/jw05893016004_02101_00004_nrcb1_cal.fits,SCIENCE,,CAL,,CALJWST,2.0.0,5893,jw05893016004_02101_00004_nrcb1_cal.fits,117573120,266453987,PUBLIC,2,F200W
266450426,JWST,image,jw05893016004_02101_00005_nrca3,exposure (L2b): 2D calibrated exposure average over integrations,S,mast:JWST/product/jw05893016004_02101_00005_nrca3_cal.fits,SCIENCE,,CAL,,CALJWST,2.0.0,5893,jw05893016004_02101_00005_nrca3_cal.fits,117573120,266453987,PUBLIC,2,F200W
266450427,JWST,image,jw05893016003_02101_00005_nrcb3,exposure (L2b): 2D calibrated exposure average over integrations,S,mast:JWST/product/jw05893016003_02101_00005_nrcb3_cal.fits,SCIENCE,,CAL,,CALJWST,2.0.0,5893,jw05893016003_02101_00005_nrcb3_cal.fits,117573120,266453987,PUBLIC,2,F200W
266450428,JWST,image,jw05893016004_02101_00006_nrcb1,exposure (L2b): 2D calibrated exposure average over integrations,S,mast:JWST/product/jw05893016004_02101_00006_nrcb1_cal.fits,SCIENCE,,CAL,,CALJWST,2.0.0,5893,jw05893016004_02101_00006_nrcb1_cal.fits,117573120,266453987,PUBLIC,2,F200W
266450430,JWST,image,jw05893016003_02101_00001_nrcb4,exposure (L2b): 2D calibrated exposure average over integrations,S,mast:JWST/product/jw05893016003_02101_00001_nrcb4_cal.fits,SCIENCE,,CAL,,CALJWST,2.0.0,5893,jw05893016003_02101_00001_nrcb4_cal.fits,117573120,266453987,PUBLIC,2,F200W
266450431,JWST,image,jw05893016004_02101_00004_nrcb4,exposure (L2b): 2D calibrated exposure average over integrations,S,mast:JWST/product/jw05893016004_02101_00004_nrcb4_cal.fits,SCIENCE,,CAL,,CALJWST,2.0.0,5893,jw05893016004_02101_00004_nrcb4_cal.fits,117573120,266453987,PUBLIC,2,F200W
266450433,JWST,image,jw05893016003_02101_00003_nrcb4,exposure (L2b): 2D calibrated exposure average over integrations,S,mast:JWST/product/jw05893016003_02101_00003_nrcb4_cal.fits,SCIENCE,,CAL,,CALJWST,2.0.0,5893,jw05893016003_02101_00003_nrcb4_cal.fits,117573120,266453987,PUBLIC,2,F200W
266450438,JWST,image,jw05893016004_02101_00003_nrcb4,exposure (L2b): 2D calibrated exposure average over integrations,S,mast:JWST/product/jw05893016004_02101_00003_nrcb4_cal.fits,SCIENCE,,CAL,,CALJWST,2.0.0,5893,jw05893016004_02101_00003_nrcb4_cal.fits,117573120,266453987,PUBLIC,2,F200W
266450439,JWST,image,jw05893016003_02101_00001_nrca2,exposure (L2b): 2D calibrated exposure average over integrations,S,mast:JWST/product/jw05893016003_02101_00001_nrca2_cal.fits,SCIENCE,,CAL,,CALJWST,2.0.0,5893,jw05893016003_02101_00001_nrca2_cal.fits,117570240,266453987,PUBLIC,2,F200W
266450440,JWST,image,jw05893016004_02101_00003_nrcb2,exposure (L2b): 2D calibrated exposure average over integrations,S,mast:JWST/product/jw05893016004_02101_00003_nrcb2_cal.fits,SCIENCE,,CAL,,CALJWST,2.0.0,5893,jw05893016004_02101_00003_nrcb2_cal.fits,117573120,266453987,PUBLIC,2,F200W
266450441,JWST,image,jw05893016004_02101_00006_nrcb3,exposure (L2b): 2D calibrated exposure average over integrations,S,mast:JWST/product/jw05893016004_02101_00006_nrcb3_cal.fits,SCIENCE,,CAL,,CALJWST,2.0.0,5893,jw05893016004_02101_00006_nrcb3_cal.fits,117573120,266453987,PUBLIC,2,F200W
266450445,JWST,image,jw05893016004_02101_00002_nrcb2,exposure (L2b): 2D calibrated exposure average over integrations,S,mast:JWST/product/jw05893016004_02101_00002_nrcb2_cal.fits,SCIENCE,,CAL,,CALJWST,2.0.0,5893,jw05893016004_02101_00002_nrcb2_cal.fits,117573120,266453987,PUBLIC,2,F200W
266450446,JWST,image,jw05893016003_02101_00001_nrca4,exposure (L2b): 2D calibrated exposure average over integrations,S,mast:JWST/product/jw05893016003_02101_00001_nrca4_cal.fits,SCIENCE,,CAL,,CALJWST,2.0.0,5893,jw05893016003_02101_00001_nrca4_cal.fits,117573120,266453987,PUBLIC,2,F200W
266450447,JWST,image,jw05893016004_02101_00001_nrcb3,exposure (L2b): 2D calibrated exposure average over integrations,S,mast:JWST/product/jw05893016004_02101_00001_nrcb3_cal.fits,SCIENCE,,CAL,,CALJWST,2.0.0,5893,jw05893016004_02101_00001_nrcb3_cal.fits,117573120,266453987,PUBLIC,2,F200W
266450453,JWST,image,jw05893016003_02101_00005_nrca3,exposure (L2b): 2D calibrated exposure average over integrations,S,mast:JWST/product/jw05893016003_02101_00005_nrca3_cal.fits,SCIENCE,,CAL,,CALJWST,2.0.0,5893,jw05893016003_02101_00005_nrca3_cal.fits,117573120,266453987,PUBLIC,2,F200W
266450456,JWST,image,jw05893016003_02101_00006_nrcb4,exposure (L2b): 2D calibrated exposure average over integrations,S,mast:JWST/product/jw05893016003_02101_00006_nrcb4_cal.fits,SCIENCE,,CAL,,CALJWST,2.0.0,5893,jw05893016003_02101_00006_nrcb4_cal.fits,117573120,266453987,PUBLIC,2,F200W
266450470,JWST,image,jw05893016003_02101_00006_nrcb3,exposure (L2b): 2D calibrated exposure average over integrations,S,mast:JWST/product/jw05893016003_02101_00006_nrcb3_cal.fits,SCIENCE,,CAL,,CALJWST,2.0.0,5893,jw05893016003_02101_00006_nrcb3_cal.fits,117573120,266453987,PUBLIC,2,F200W
266450471,JWST,image,jw05893016003_02101_00002_nrcb4,exposure (L2b): 2D calibrated exposure average over integrations,S,mast:JWST/product/jw05893016003_02101_00002_nrcb4_cal.fits,SCIENCE,,CAL,,CALJWST,2.0.0,5893,jw05893016003_02101_00002_nrcb4_cal.fits,117573120,266453987,PUBLIC,2,F200W
266450473,JWST,image,jw05893016003_02101_00002_nrca2,exposure (L2b): 2D calibrated exposure average over integrations,S,mast:JWST/product/jw05893016003_02101_00002_nrca2_cal.fits,SCIENCE,,CAL,,CALJWST,2.0.0,5893,jw05893016003_02101_00002_nrca2_cal.fits,117570240,266453987,PUBLIC,2,F200W
266450477,JWST,image,jw05893016003_02101_00006_nrca4,exposure (L2b): 2D calibrated exposure average over integrations,S,mast:JWST/product/jw05893016003_02101_00006_nrca4_cal.fits,SCIENCE,,CAL,,CALJWST,2.0.0,5893,jw05893016003_02101_00006_nrca4_cal.fits,117573120,266453987,PUBLIC,2,F200W
266450479,JWST,image,jw05893016003_02101_00003_nrca4,exposure (L2b): 2D calibrated exposure average over integrations,S,mast:JWST/product/jw05893016003_02101_00003_nrca4_cal.fits,SCIENCE,,CAL,,CALJWST,2.0.0,5893,jw05893016003_02101_00003_nrca4_cal.fits,117573120,266453987,PUBLIC,2,F200W
266450481,JWST,image,jw05893016003_02101_00001_nrca3,exposure (L2b): 2D calibrated exposure average over integrations,S,mast:JWST/product/jw05893016003_02101_00001_nrca3_cal.fits,SCIENCE,,CAL,,CALJWST,2.0.0,5893,jw05893016003_02101_00001_nrca3_cal.fits,117573120,266453987,PUBLIC,2,F200W
266450483,JWST,image,jw05893016003_02101_00005_nrcb2,exposure (L2b): 2D calibrated exposure average over integrations,S,mast:JWST/product/jw05893016003_02101_00005_nrcb2_cal.fits,SCIENCE,,CAL,,CALJWST,2.0.0,5893,jw05893016003_02101_00005_nrcb2_cal.fits,117573120,266453987,PUBLIC,2,F200W
266450484,JWST,image,jw05893016003_02101_00002_nrcb3,exposure (L2b): 2D calibrated exposure average over integrations,S,mast:JWST/product/jw05893016003_02101_00002_nrcb3_cal.fits,SCIENCE,,CAL,,CALJWST,2.0.0,5893,jw05893016003_02101_00002_nrcb3_cal.fits,117573120,266453987,PUBLIC,2,F200W
266450487,JWST,image,jw05893016003_02101_00005_nrcb1,exposure (L2b): 2D calibrated exposure average over integrations,S,mast:JWST/product/jw05893016003_02101_00005_nrcb1_cal.fits,SCIENCE,,CAL,,CALJWST,2.0.0,5893,jw05893016003_02101_00005_nrcb1_cal.fits,117573120,266453987,PUBLIC,2,F200W
266450491,JWST,image,jw05893016003_02101_00001_nrcb2,exposure (L2b): 2D calibrated exposure average over integrations,S,mast:JWST/product/jw05893016003_02101_00001_nrcb2_cal.fits,SCIENCE,,CAL,,CALJWST,2.0.0,5893,jw05893016003_02101_00001_nrcb2_cal.fits,117573120,266453987,PUBLIC,2,F200W
266450492,JWST,image,jw05893016003_02101_00003_nrcb1,exposure (L2b): 2D calibrated exposure average over integrations,S,mast:JWST/product/jw05893016003_02101_00003_nrcb1_cal.fits,SCIENCE,,CAL,,CALJWST,2.0.0,5893,jw05893016003_02101_00003_nrcb1_cal.fits,117573120,266453987,PUBLIC,2,F200W
266450493,JWST,image,jw05893016003_02101_00003_nrcb2,exposure (L2b): 2D calibrated exposure average over integrations,S,mast:JWST/product/jw05893016003_02101_00003_nrcb2_cal.fits,SCIENCE,,CAL,,CALJWST,2.0.0,5893,jw05893016003_02101_00003_nrcb2_cal.fits,117573120,266453987,PUBLIC,2,F200W
266450494,JWST,image,jw05893016003_02101_00001_nrca1,exposure (L2b): 2D calibrated exposure average over integrations,S,mast:JWST/product/jw05893016003_02101_00001_nrca1_cal.fits,SCIENCE,,CAL,,CALJWST,2.0.0,5893,jw05893016003_02101_00001_nrca1_cal.fits,117570240,266453987,PUBLIC,2,F200W
266450495,JWST,image,jw05893016003_02101_00005_nrcb4,exposure (L2b): 2D calibrated exposure average over integrations,S,mast:JWST/product/jw05893016003_02101_00005_nrcb4_cal.fits,SCIENCE,,CAL,,CALJWST,2.0.0,5893,jw05893016003_02101_00005_nrcb4_cal.fits,117573120,266453987,PUBLIC,2,F200W
266450496,JWST,image,jw05893016003_02101_00002_nrca1,exposure (L2b): 2D calibrated exposure average over integrations,S,mast:JWST/product/jw05893016003_02101_00002_nrca1_cal.fits,SCIENCE,,CAL,,CALJWST,2.0.0,5893,jw05893016003_02101_00002_nrca1_cal.fits,117570240,266453987,PUBLIC,2,F200W
266450497,JWST,image,jw05893016003_02101_00004_nrcb3,exposure (L2b): 2D calibrated exposure average over integrations,S,mast:JWST/product/jw05893016003_02101_00004_nrcb3_cal.fits,SCIENCE,,CAL,,CALJWST,2.0.0,5893,jw05893016003_02101_00004_nrcb3_cal.fits,117573120,266453987,PUBLIC,2,F200W
266450499,JWST,image,jw05893016003_02101_00003_nrcb3,exposure (L2b): 2D calibrated exposure average over integrations,S,mast:JWST/product/jw05893016003_02101_00003_nrcb3_cal.fits,SCIENCE,,CAL,,CALJWST,2.0.0,5893,jw05893016003_02101_00003_nrcb3_cal.fits,117573120,266453987,PUBLIC,2,F200W
266450500,JWST,image,jw05893016003_02101_00004_nrca3,exposure (L2b): 2D calibrated exposure average over integrations,S,mast:JWST/product/jw05893016003_02101_00004_nrca3_cal.fits,SCIENCE,,CAL,,CALJWST,2.0.0,5893,jw05893016003_02101_00004_nrca3_cal.fits,117573120,266453987,PUBLIC,2,F200W
266450501,JWST,image,jw05893016003_02101_00005_nrca4,exposure (L2b): 2D calibrated exposure average over integrations,S,mast:JWST/product/jw05893016003_02101_00005_nrca4_cal.fits,SCIENCE,,CAL,,CALJWST,2.0.0,5893,jw05893016003_02101_00005_nrca4_cal.fits,117573120,266453987,PUBLIC,2,F200W
