obsID,obs_collection,dataproduct_type,obs_id,description,type,dataURI,productType,productGroupDescription,productSubGroupDescription,productDocumentationURL,project,prvversion,proposal_id,productFilename,size,parent_obsid,dataRights,calib_level,filters
264005625,JWST,image,jw05893007001_02101_00001_nrca1,exposure (L2b): 2D calibrated exposure average over integrations,S,mast:JWST/product/jw05893007001_02101_00001_nrca1_cal.fits,SCIENCE,,CAL,,CALJWST,2.0.0,5893,jw05893007001_02101_00001_nrca1_cal.fits,117570240,264796983,PUBLIC,2,F200W
264005626,JWST,image,jw05893007001_02101_00001_nrca2,exposure (L2b): 2D calibrated exposure average over integrations,S,mast:JWST/product/jw05893007001_02101_00001_nrca2_cal.fits,SCIENCE,,CAL,,CALJWST,2.0.0,5893,jw05893007001_02101_00001_nrca2_cal.fits,117570240,264796983,PUBLIC,2,F200W
264005627,JWST,image,jw05893007001_02101_00001_nrcb2,exposure (L2b): 2D calibrated exposure average over integrations,S,mast:JWST/product/jw05893007001_02101_00001_nrcb2_cal.fits,SCIENCE,,CAL,,CALJWST,2.0.0,5893,jw05893007001_02101_00001_nrcb2_cal.fits,117573120,264796983,PUBLIC,2,F200W
264005628,JWST,image,jw05893007001_02101_00001_nrca4,exposure (L2b): 2D calibrated exposure average over integrations,S,mast:JWST/product/jw05893007001_02101_00001_nrca4_cal.fits,SCIENCE,,CAL,,CALJWST,2.0.0,5893,jw05893007001_02101_00001_nrca4_cal.fits,117573120,264796983,PUBLIC,2,F200W
264005629,JWST,image,jw05893007001_02101_00001_nrcb3,exposure (L2b): 2D calibrated exposure average over integrations,S,mast:JWST/product/jw05893007001_02101_00001_nrcb3_cal.fits,SCIENCE,,CAL,,CALJWST,2.0.0,5893,jw05893007001_02101_00001_nrcb3_cal.fits,117573120,264796983,PUBLIC,2,F200W
264005630,JWST,image,jw05893007001_02101_00001_nrcb1,exposure (L2b): 2D calibrated exposure average over integrations,S,mast:JWST/product/jw05893007001_02101_00001_nrcb1_cal.fits,SCIENCE,,CAL,,CALJWST,2.0.0,5893,jw05893007001_02101_00001_nrcb1_cal.fits,117573120,264796983,PUBLIC,2,F200W
264005632,JWST,image,jw05893007001_02101_00001_nrca3,exposure (L2b): 2D calibrated exposure average over integrations,S,mast:JWST/product/jw05893007001_02101_00001_nrca3_cal.fits,SCIENCE,,CAL,,CALJWST,2.0.0,5893,jw05893007001_02101_00001_nrca3_cal.fits,117573120,264796983,PUBLIC,2,F200W
264005633,JWST,image,jw05893007001_02101_00001_nrcb4,exposure (L2b): 2D calibrated exposure average over integrations,S,mast:JWST/product/jw05893007001_02101_00001_nrcb4_cal.fits,SCIENCE,,CAL,,CALJWST,2.0.0,5893,jw05893007001_02101_00001_nrcb4_cal.fits,117573120,264796983,PUBLIC,2,F200W
264005644,JWST,image,jw05893007001_02101_00002_nrcb4,exposure (L2b): 2D calibrated exposure average over integrations,S,mast:JWST/product/jw05893007001_02101_00002_nrcb4_cal.fits,SCIENCE,,CAL,,CALJWST,2.0.0,5893,jw05893007001_02101_00002_nrcb4_cal.fits,117573120,264796983,PUBLIC,2,F200W
264005645,JWST,image,jw05893007001_02101_00002_nrca3,exposure (L2b): 2D calibrated exposure average over integrations,S,mast:JWST/product/jw05893007001_02101_00002_nrca3_cal.fits,SCIENCE,,CAL,,CALJWST,2.0.0,5893,jw05893007001_02101_00002_nrca3_cal.fits,117573120,264796983,PUBLIC,2,F200W
264005646,JWST,image,jw05893007001_02101_00003_nrca4,exposure (L2b): 2D calibrated exposure average over integrations,S,mast:JWST/product/jw05893007001_02101_00003_nrca4_cal.fits,SCIENCE,,CAL,,CALJWST,2.0.0,5893,jw05893007001_02101_00003_nrca4_cal.fits,117573120,264796983,PUBLIC,2,F200W
264005651,JWST,image,jw05893007001_02101_00002_nrcb2,exposure (L2b): 2D calibrated exposure average over integrations,S,mast:JWST/product/jw05893007001_02101_00002_nrcb2_cal.fits,SCIENCE,,CAL,,CALJWST,2.0.0,5893,jw05893007001_02101_00002_nrcb2_cal.fits,117573120,264796983,PUBLIC,2,F200W
264005654,JWST,image,jw05893007001_02101_00002_nrcb1,exposure (L2b): 2D calibrated exposure average over integrations,S,mast:JWST/product/jw05893007001_02101_00002_nrcb1_cal.fits,SCIENCE,,CAL,,CALJWST,2.0.0,5893,jw05893007001_02101_00002_nrcb1_cal.fits,117573120,264796983,PUBLIC,2,F200W
264005663,JWST,image,jw05893007001_02101_00002_nrca1,exposure (L2b): 2D calibrated exposure average over integrations,S,mast:JWST/product/jw05893007001_02101_00002_nrca1_cal.fits,SCIENCE,,CAL,,CALJWST,2.0.0,5893,jw05893007001_02101_00002_nrca1_cal.fits,117570240,264796983,PUBLIC,2,F200W
264005666,JWST,image,jw05893007001_02101_00002_nrcb3,exposure (L2b): 2D calibrated exposure average over integrations,S,mast:JWST/product/jw05893007001_02101_00002_nrcb3_cal.fits,SCIENCE,,CAL,,CALJWST,2.0.0,5893,jw05893007001_02101_00002_nrcb3_cal.fits,117573120,264796983,PUBLIC,2,F200W
264005671,JWST,image,jw05893007001_02101_00002_nrca4,exposure (L2b): 2D calibrated exposure average over integrations,S,mast:JWST/product/jw05893007001_02101_00002_nrca4_cal.fits,SCIENCE,,CAL,,CALJWST,2.0.0,5893,jw05893007001_02101_00002_nrca4_cal.fits,117573120,264796983,PUBLIC,2,F200W
264005690,JWST,image,jw05893007001_02101_00003_nrca2,exposure (L2b): 2D calibrated exposure average over integrations,S,mast:JWST/product/jw05893007001_02101_00003_nrca2_cal.fits,SCIENCE,,CAL,,CALJWST,2.0.0,5893,jw05893007001_02101_00003_nrca2_cal.fits,117570240,264796983,PUBLIC,2,F200W
264005705,JWST,image,jw05893007001_02101_00002_nrca2,exposure (L2b): 2D calibrated exposure average over integrations,S,mast:JWST/product/jw05893007001_02101_00002_nrca2_cal.fits,SCIENCE,,CAL,,CALJWST,2.0.0,5893,jw05893007001_02101_00002_nrca2_cal.fits,117570240,264796983,PUBLIC,2,F200W
264006015,JWST,image,jw05893007001_02101_00006_nrca4,exposure (L2b): 2D calibrated exposure average over integrations,S,mast:JWST/product/jw05893007001_02101_00006_nrca4_cal.fits,SCIENCE,,CAL,,CALJWST,2.0.0,5893,jw05893007001_02101_00006_nrca4_cal.fits,117573120,264796983,PUBLIC,2,F200W
264006016,JWST,image,jw05893007001_02101_00005_nrcb1,exposure (L2b): 2D calibrated exposure average over integrations,S,mast:JWST/product/jw05893007001_02101_00005_nrcb1_cal.fits,SCIENCE,,CAL,,CALJWST,2.0.0,5893,jw05893007001_02101_00005_nrcb1_cal.fits,117573120,264796983,PUBLIC,2,F200W
264006017,JWST,image,jw05893007001_02101_00006_nrca3,exposure (L2b): 2D calibrated exposure average over integrations,S,mast:JWST/product/jw05893007001_02101_00006_nrca3_cal.fits,SCIENCE,,CAL,,CALJWST,2.0.0,5893,jw05893007001_02101_00006_nrca3_cal.fits,117573120,264796983,PUBLIC,2,F200W
264006019,JWST,image,jw05893007001_02101_00004_nrca1,exposure (L2b): 2D calibrated exposure average over integrations,S,mast:JWST/product/jw05893007001_02101_00004_nrca1_cal.fits,SCIENCE,,CAL,,CALJWST,2.0.0,5893,jw05893007001_02101_00004_nrca1_cal.fits,117570240,264796983,PUBLIC,2,F200W
264006020,JWST,image,jw05893007001_02101_00006_nrca2,exposure (L2b): 2D calibrated exposure average over integrations,S,mast:JWST/product/jw05893007001_02101_00006_nrca2_cal.fits,SCIENCE,,CAL,,CALJWST,2.0.0,5893,jw05893007001_02101_00006_nrca2_cal.fits,117570240,264796983,PUBLIC,2,F200W
264006021,JWST,image,jw05893007001_02101_00003_nrcb1,exposure (L2b): 2D calibrated exposure average over integrations,S,mast:JWST/product/jw05893007001_02101_00003_nrcb1_cal.fits,SCIENCE,,CAL,,CALJWST,2.0.0,5893,jw05893007001_02101_00003_nrcb1_cal.fits,117573120,264796983,PUBLIC,2,F200W
264006022,JWST,image,jw05893007001_02101_00005_nrca1,exposure (L2b): 2D calibrated exposure average over integrations,S,mast:JWST/product/jw05893007001_02101_00005_nrca1_cal.fits,SCIENCE,,CAL,,CALJWST,2.0.0,5893,jw05893007001_02101_00005_nrca1_cal.fits,117570240,264796983,PUBLIC,2,F200W
264006023,JWST,image,jw05893007001_02101_00003_nrcb4,exposure (L2b): 2D calibrated exposure average over integrations,S,mast:JWST/product/jw05893007001_02101_00003_nrcb4_cal.fits,SCIENCE,,CAL,,CALJWST,2.0.0,5893,jw05893007001_02101_00003_nrcb4_cal.fits,117573120,264796983,PUBLIC,2,F200W
264006025,JWST,image,jw05893007001_02101_00003_nrca1,exposure (L2b): 2D calibrated exposure average over integrations,S,mast:JWST/product/jw05893007001_02101_00003_nrca1_cal.fits,SCIENCE,,CAL,,CALJWST,2.0.0,5893,jw05893007001_02101_00003_nrca1_cal.fits,117570240,264796983,PUBLIC,2,F200W
264006028,JWST,image,jw05893007001_02101_00006_nrcb1,exposure (L2b): 2D calibrated exposure average over integrations,S,mast:JWST/product/jw05893007001_02101_00006_nrcb1_cal.fits,SCIENCE,,CAL,,CALJWST,2.0.0,5893,jw05893007001_02101_00006_nrcb1_cal.fits,117573120,264796983,PUBLIC,2,F200W
264006029,JWST,image,jw05893007001_02101_00003_nrca3,exposure (L2b): 2D calibrated exposure average over integrations,S,mast:JWST/product/jw05893007001_02101_00003_nrca3_cal.fits,SCIENCE,,CAL,,CALJWST,2.0.0,5893,jw05893007001_02101_00003_nrca3_cal.fits,117573120,264796983,PUBLIC,2,F200W
264006030,JWST,image,jw05893007001_02101_00006_nrcb3,exposure (L2b): 2D calibrated exposure average over integrations,S,mast:JWST/product/jw05893007001_02101_00006_nrcb3_cal.fits,SCIENCE,,CAL,,CALJWST,2.0.0,5893,jw05893007001_02101_00006_nrcb3_cal.fits,117573120,264796983,PUBLIC,2,F200W
264006031,JWST,image,jw05893007001_02101_00004_nrcb1,exposure (L2b): 2D calibrated exposure average over integrations,S,mast:JWST/product/jw05893007001_02101_00004_nrcb1_cal.fits,SCIENCE,,CAL,,CALJWST,2.0.0,5893,jw05893007001_02101_00004_nrcb1_cal.fits,117573120,264796983,PUBLIC,2,F200W
264006032,JWST,image,jw05893007001_02101_00005_nrcb2,exposure (L2b): 2D calibrated exposure average over integrations,S,mast:JWST/product/jw05893007001_02101_00005_nrcb2_cal.fits,SCIENCE,,CAL,,CALJWST,2.0.0,5893,jw05893007001_02101_00005_nrcb2_cal.fits,117573120,264796983,PUBLIC,2,F200W
264006036,JWST,image,jw05893007001_02101_00004_nrcb2,exposure (L2b): 2D calibrated exposure average over integrations,S,mast:JWST/product/jw05893007001_02101_00004_nrcb2_cal.fits,SCIENCE,,CAL,,CALJWST,2.0.0,5893,jw05893007001_02101_00004_nrcb2_cal.fits,117573120,264796983,PUBLIC,2,F200W
264006037,JWST,image,jw05893007001_02101_00006_nrcb4,exposure (L2b): 2D calibrated exposure average over integrations,S,mast:JWST/product/jw05893007001_02101_00006_nrcb4_cal.fits,SCIENCE,,CAL,,CALJWST,2.0.0,5893,jw05893007001_02101_00006_nrcb4_cal.fits,117573120,264796983,PUBLIC,2,F200W
264006038,JWST,image,jw05893007001_02101_00003_nrcb3,exposure (L2b): 2D calibrated exposure average over integrations,S,mast:JWST/product/jw05893007001_02101_00003_nrcb3_cal.fits,SCIENCE,,CAL,,CALJWST,2.0.0,5893,jw05893007001_02101_00003_nrcb3_cal.fits,117573120,264796983,PUBLIC,2,F200W
264006039,JWST,image,jw05893007001_02101_00004_nrca4,exposure (L2b): 2D calibrated exposure average over integrations,S,mast:JWST/product/jw05893007001_02101_00004_nrca4_cal.fits,SCIENCE,,CAL,,CALJWST,2.0.0,5893,jw05893007001_02101_00004_nrca4_cal.fits,117573120,264796983,PUBLIC,2,F200W
264006040,JWST,image,jw05893007001_02101_00005_nrca2,exposure (L2b): 2D calibrated exposure average over integrations,S,mast:JWST/product/jw05893007001_02101_00005_nrca2_cal.fits,SCIENCE,,CAL,,CALJWST,2.0.0,5893,jw05893007001_02101_00005_nrca2_cal.fits,117570240,264796983,PUBLIC,2,F200W
264006041,JWST,image,jw05893007001_02101_00006_nrca1,exposure (L2b): 2D calibrated exposure average over integrations,S,mast:JWST/product/jw05893007001_02101_00006_nrca1_cal.fits,SCIENCE,,CAL,,CALJWST,2.0.0,5893,jw05893007001_02101_00006_nrca1_cal.fits,117570240,264796983,PUBLIC,2,F200W
264006042,JWST,image,jw05893007001_02101_00004_nrca3,exposure (L2b): 2D calibrated exposure average over integrations,S,mast:JWST/product/jw05893007001_02101_00004_nrca3_cal.fits,SCIENCE,,CAL,,CALJWST,2.0.0,5893,jw05893007001_02101_00004_nrca3_cal.fits,117573120,264796983,PUBLIC,2,F200W
264006043,JWST,image,jw05893007001_02101_00005_nrca3,exposure (L2b): 2D calibrated exposure average over integrations,S,mast:JWST/product/jw05893007001_02101_00005_nrca3_cal.fits,SCIENCE,,CAL,,CALJWST,2.0.0,5893,jw05893007001_02101_00005_nrca3_cal.fits,117573120,264796983,PUBLIC,2,F200W
264006044,JWST,image,jw05893007001_02101_00005_nrcb3,exposure (L2b): 2D calibrated exposure average over integrations,S,mast:JWST/product/jw05893007001_02101_00005_nrcb3_cal.fits,SCIENCE,,CAL,,CALJWST,2.0.0,5893,jw05893007001_02101_00005_nrcb3_cal.fits,117573120,264796983,PUBLIC,2,F200W
264006045,JWST,image,jw05893007001_02101_00005_nrcb4,exposure (L2b): 2D calibrated exposure average over integrations,S,mast:JWST/product/jw05893007001_02101_00005_nrcb4_cal.fits,SCIENCE,,CAL,,CALJWST,2.0.0,5893,jw05893007001_02101_00005_nrcb4_cal.fits,117573120,264796983,PUBLIC,2,F200W
264006046,JWST,image,jw05893007001_02101_00003_nrcb2,exposure (L2b): 2D calibrated exposure average over integrations,S,mast:JWST/product/jw05893007001_02101_00003_nrcb2_cal.fits,SCIENCE,,CAL,,CALJWST,2.0.0,5893,jw05893007001_02101_00003_nrcb2_cal.fits,117573120,264796983,PUBLIC,2,F200W
264006047,JWST,image,jw05893007001_02101_00005_nrca4,exposure (L2b): 2D calibrated exposure average over integrations,S,mast:JWST/product/jw05893007001_02101_00005_nrca4_cal.fits,SCIENCE,,CAL,,CALJWST,2.0.0,5893,jw05893007001_02101_00005_nrca4_cal.fits,117573120,264796983,PUBLIC,2,F200W
264006048,JWST,image,jw05893007001_02101_00004_nrcb4,exposure (L2b): 2D calibrated exposure average over integrations,S,mast:JWST/product/jw05893007001_02101_00004_nrcb4_cal.fits,SCIENCE,,CAL,,CALJWST,2.0.0,5893,jw05893007001_02101_00004_nrcb4_cal.fits,117573120,264796983,PUBLIC,2,F200W
264006051,JWST,image,jw05893007001_02101_00004_nrcb3,exposure (L2b): 2D calibrated exposure average over integrations,S,mast:JWST/product/jw05893007001_02101_00004_nrcb3_cal.fits,SCIENCE,,CAL,,CALJWST,2.0.0,5893,jw05893007001_02101_00004_nrcb3_cal.fits,117573120,264796983,PUBLIC,2,F200W
264006052,JWST,image,jw05893007001_02101_00004_nrca2,exposure (L2b): 2D calibrated exposure average over integrations,S,mast:JWST/product/jw05893007001_02101_00004_nrca2_cal.fits,SCIENCE,,CAL,,CALJWST,2.0.0,5893,jw05893007001_02101_00004_nrca2_cal.fits,117570240,264796983,PUBLIC,2,F200W
264006053,JWST,image,jw05893007001_02101_00006_nrcb2,exposure (L2b): 2D calibrated exposure average over integrations,S,mast:JWST/product/jw05893007001_02101_00006_nrcb2_cal.fits,SCIENCE,,CAL,,CALJWST,2.0.0,5893,jw05893007001_02101_00006_nrcb2_cal.fits,117573120,264796983,PUBLIC,2,F200W
264006260,JWST,image,jw05893007002_02101_00001_nrca4,exposure (L2b): 2D calibrated exposure average over integrations,S,mast:JWST/product/jw05893007002_02101_00001_nrca4_cal.fits,SCIENCE,,CAL,,CALJWST,2.0.0,5893,jw05893007002_02101_00001_nrca4_cal.fits,117573120,264796983,PUBLIC,2,F200W
264006263,JWST,image,jw05893007002_02101_00001_nrca3,exposure (L2b): 2D calibrated exposure average over integrations,S,mast:JWST/product/jw05893007002_02101_00001_nrca3_cal.fits,SCIENCE,,CAL,,CALJWST,2.0.0,5893,jw05893007002_02101_00001_nrca3_cal.fits,117573120,264796983,PUBLIC,2,F200W
264006264,JWST,image,jw05893007002_02101_00001_nrcb1,exposure (L2b): 2D calibrated exposure average over integrations,S,mast:JWST/product/jw05893007002_02101_00001_nrcb1_cal.fits,SCIENCE,,CAL,,CALJWST,2.0.0,5893,jw05893007002_02101_00001_nrcb1_cal.fits,117573120,264796983,PUBLIC,2,F200W
264006265,JWST,image,jw05893007002_02101_00001_nrca2,exposure (L2b): 2D calibrated exposure average over integrations,S,mast:JWST/product/jw05893007002_02101_00001_nrca2_cal.fits,SCIENCE,,CAL,,CALJWST,2.0.0,5893,jw05893007002_02101_00001_nrca2_cal.fits,117570240,264796983,PUBLIC,2,F200W
264006268,JWST,image,jw05893007002_02101_00001_nrcb3,exposure (L2b): 2D calibrated exposure average over integrations,S,mast:JWST/product/jw05893007002_02101_00001_nrcb3_cal.fits,SCIENCE,,CAL,,CALJWST,2.0.0,5893,jw05893007002_02101_00001_nrcb3_cal.fits,117573120,264796983,PUBLIC,2,F200W
264006269,JWST,image,jw05893007002_02101_00001_nrca1,exposure (L2b): 2D calibrated exposure average over integrations,S,mast:JWST/product/jw05893007002_02101_00001_nrca1_cal.fits,SCIENCE,,CAL,,CALJWST,2.0.0,5893,jw05893007002_02101_00001_nrca1_cal.fits,117570240,264796983,PUBLIC,2,F200W
264006270,JWST,image,jw05893007002_02101_00001_nrcb2,exposure (L2b): 2D calibrated exposure average over integrations,S,mast:JWST/product/jw05893007002_02101_00001_nrcb2_cal.fits,SCIENCE,,CAL,,CALJWST,2.0.0,5893,jw05893007002_02101_00001_nrcb2_cal.fits,117573120,264796983,PUBLIC,2,F200W
264006271,JWST,image,jw05893007002_02101_00001_nrcb4,exposure (L2b): 2D calibrated exposure average over integrations,S,mast:JWST/product/jw05893007002_02101_00001_nrcb4_cal.fits,SCIENCE,,CAL,,CALJWST,2.0.0,5893,jw05893007002_02101_00001_nrcb4_cal.fits,117573120,264796983,PUBLIC,2,F200W
264006272,JWST,image,jw05893007002_02101_00002_nrcb4,exposure (L2b): 2D calibrated exposure average over integrations,S,mast:JWST/product/jw05893007002_02101_00002_nrcb4_cal.fits,SCIENCE,,CAL,,CALJWST,2.0.0,5893,jw05893007002_02101_00002_nrcb4_cal.fits,117573120,264796983,PUBLIC,2,F200W
264006274,JWST,image,jw05893007002_02101_00002_nrca1,exposure (L2b): 2D calibrated exposure average over integrations,S,mast:JWST/product/jw05893007002_02101_00002_nrca1_cal.fits,SCIENCE,,CAL,,CALJWST,2.0.0,5893,jw05893007002_02101_00002_nrca1_cal.fits,117570240,264796983,PUBLIC,2,F200W
264006275,JWST,image,jw05893007002_02101_00002_nrca3,exposure (L2b): 2D calibrated exposure average over integrations,S,mast:JWST/product/jw05893007002_02101_00002_nrca3_cal.fits,SCIENCE,,CAL,,CALJWST,2.0.0,5893,jw05893007002_02101_00002_nrca3_cal.fits,117573120,264796983,PUBLIC,2,F200W
264006276,JWST,image,jw05893007002_02101_00002_nrca2,exposure (L2b): 2D calibrated exposure average over integrations,S,mast:JWST/product/jw05893007002_02101_00002_nrca2_cal.fits,SCIENCE,,CAL,,CALJWST,2.0.0,5893,jw05893007002_02101_00002_nrca2_cal.fits,117570240,264796983,PUBLIC,2,F200W
264006279,JWST,image,jw05893007002_02101_00002_nrca4,exposure (L2b): 2D calibrated exposure average over integrations,S,mast:JWST/product/jw05893007002_02101_00002_nrca4_cal.fits,SCIENCE,,CAL,,CALJWST,2.0.0,5893,jw05893007002_02101_00002_nrca4_cal.fits,117573120,264796983,PUBLIC,2,F200W
264006280,JWST,image,jw05893007002_02101_00003_nrcb2,exposure (L2b): 2D calibrated exposure average over integrations,S,mast:JWST/product/jw05893007002_02101_00003_nrcb2_cal.fits,SCIENCE,,CAL,,CALJWST,2.0.0,5893,jw05893007002_02101_00003_nrcb2_cal.fits,117573120,264796983,PUBLIC,2,F200W
264006281,JWST,image,jw05893007002_02101_00003_nrca2,exposure (L2b): 2D calibrated exposure average over integrations,S,mast:JWST/product/jw05893007002_02101_00003_nrca2_cal.fits,SCIENCE,,CAL,,CALJWST,2.0.0,5893,jw05893007002_02101_00003_nrca2_cal.fits,117570240,264796983,PUBLIC,2,F200W
264006282,JWST,image,jw05893007002_02101_00002_nrcb2,exposure (L2b): 2D calibrated exposure average over integrations,S,mast:JWST/product/jw05893007002_02101_00002_nrcb2_cal.fits,SCIENCE,,CAL,,CALJWST,2.0.0,5893,jw05893007002_02101_00002_nrcb2_cal.fits,117573120,264796983,PUBLIC,2,F200W
264006283,JWST,image,jw05893007002_02101_00002_nrcb3,exposure (L2b): 2D calibrated exposure average over integrations,S,mast:JWST/product/jw05893007002_02101_00002_nrcb3_cal.fits,SCIENCE,,CAL,,CALJWST,2.0.0,5893,jw05893007002_02101_00002_nrcb3_cal.fits,117573120,264796983,PUBLIC,2,F200W
264006284,JWST,image,jw05893007002_02101_00002_nrcb1,exposure (L2b): 2D calibrated exposure average over integrations,S,mast:JWST/product/jw05893007002_02101_00002_nrcb1_cal.fits,SCIENCE,,CAL,,CALJWST,2.0.0,5893,jw05893007002_02101_00002_nrcb1_cal.fits,117573120,264796983,PUBLIC,2,F200W
264006293,JWST,image,jw05893007002_02101_00003_nrcb3,exposure (L2b): 2D calibrated exposure average over integrations,S,mast:JWST/product/jw05893007002_02101_00003_nrcb3_cal.fits,SCIENCE,,CAL,,CALJWST,2.0.0,5893,jw05893007002_02101_00003_nrcb3_cal.fits,117573120,264796983,PUBLIC,2,F200W
264006294,JWST,image,jw05893007002_02101_00003_nrcb1,exposure (L2b): 2D calibrated exposure average over integrations,S,mast:JWST/product/jw05893007002_02101_00003_nrcb1_cal.fits,SCIENCE,,CAL,,CALJWST,2.0.0,5893,jw05893007002_02101_00003_nrcb1_cal.fits,117573120,264796983,PUBLIC,2,F200W
264006295,JWST,image,jw05893007002_02101_00003_nrca3,exposure (L2b): 2D calibrated exposure average over integrations,S,mast:JWST/product/jw05893007002_02101_00003_nrca3_cal.fits,SCIENCE,,CAL,,CALJWST,2.0.0,5893,jw05893007002_02101_00003_nrca3_cal.fits,117573120,264796983,PUBLIC,2,F200W
264006296,JWST,image,jw05893007002_02101_00005_nrca3,exposure (L2b): 2D calibrated exposure average over integrations,S,mast:JWST/product/jw05893007002_02101_00005_nrca3_cal.fits,SCIENCE,,CAL,,CALJWST,2.0.0,5893,jw05893007002_02101_00005_nrca3_cal.fits,117573120,264796983,PUBLIC,2,F200W
264006298,JWST,image,jw05893007002_02101_00004_nrcb3,exposure (L2b): 2D calibrated exposure average over integrations,S,mast:JWST/product/jw05893007002_02101_00004_nrcb3_cal.fits,SCIENCE,,CAL,,CALJWST,2.0.0,5893,jw05893007002_02101_00004_nrcb3_cal.fits,117573120,264796983,PUBLIC,2,F200W
264006299,JWST,image,jw05893007002_02101_00005_nrca1,exposure (L2b): 2D calibrated exposure average over integrations,S,mast:JWST/product/jw05893007002_02101_00005_nrca1_cal.fits,SCIENCE,,CAL,,CALJWST,2.0.0,5893,jw05893007002_02101_00005_nrca1_cal.fits,117570240,264796983,PUBLIC,2,F200W
264006300,JWST,image,jw05893007002_02101_00005_nrcb2,exposure (L2b): 2D calibrated exposure average over integrations,S,mast:JWST/product/jw05893007002_02101_00005_nrcb2_cal.fits,SCIENCE,,CAL,,CALJWST,2.0.0,5893,jw05893007002_02101_00005_nrcb2_cal.fits,117573120,264796983,PUBLIC,2,F200W
264006301,JWST,image,jw05893007002_02101_00004_nrcb4,exposure (L2b): 2D calibrated exposure average over integrations,S,mast:JWST/product/jw05893007002_02101_00004_nrcb4_cal.fits,SCIENCE,,CAL,,CALJWST,2.0.0,5893,jw05893007002_02101_00004_nrcb4_cal.fits,117573120,264796983,PUBLIC,2,F200W
264006302,JWST,image,jw05893007002_02101_00005_nrca2,exposure (L2b): 2D calibrated exposure average over integrations,S,mast:JWST/product/jw05893007002_02101_00005_nrca2_cal.fits,SCIENCE,,CAL,,CALJWST,2.0.0,5893,jw05893007002_02101_00005_nrca2_cal.fits,117570240,264796983,PUBLIC,2,F200W
264006303,JWST,image,jw05893007002_02101_00005_nrcb3,exposure (L2b): 2D calibrated exposure average over integrations,S,mast:JWST/product/jw05893007002_02101_00005_nrcb3_cal.fits,SCIENCE,,CAL,,CALJWST,2.0.0,5893,jw05893007002_02101_00005_nrcb3_cal.fits,117573120,264796983,PUBLIC,2,F200W
264006305,JWST,image,jw05893007002_02101_00003_nrca1,exposure (L2b): 2D calibrated exposure average over integrations,S,mast:JWST/product/jw05893007002_02101_00003_nrca1_cal.fits,SCIENCE,,CAL,,CALJWST,2.0.0,5893,jw05893007002_02101_00003_nrca1_cal.fits,117570240,264796983,PUBLIC,2,F200W
264006306,JWST,image,jw05893007002_02101_00003_nrcb4,exposure (L2b): 2D calibrated exposure average over integrations,S,mast:JWST/product/jw05893007002_02101_00003_nrcb4_cal.fits,SCIENCE,,CAL,,CALJWST,2.0.0,5893,jw05893007002_02101_00003_nrcb4_cal.fits,117573120,264796983,PUBLIC,2,F200W
264006307,JWST,image,jw05893007002_02101_00005_nrcb4,exposure (L2b): 2D calibrated exposure average over integrations,S,mast:JWST/product/jw05893007002_02101_00005_nrcb4_cal.fits,SCIENCE,,CAL,,CALJWST,2.0.0,5893,jw05893007002_02101_00005_nrcb4_cal.fits,117573120,264796983,PUBLIC,2,F200W
264006310,JWST,image,jw05893007002_02101_00004_nrca4,exposure (L2b): 2D calibrated exposure average over integrations,S,mast:JWST/product/jw05893007002_02101_00004_nrca4_cal.fits,SCIENCE,,CAL,,CALJWST,2.0.0,5893,jw05893007002_02101_00004_nrca4_cal.fits,117573120,264796983,PUBLIC,2,F200W
264006312,JWST,image,jw05893007002_02101_00004_nrca3,exposure (L2b): 2D calibrated exposure average over integrations,S,mast:JWST/product/jw05893007002_02101_00004_nrca3_cal.fits,SCIENCE,,CAL,,CALJWST,2.0.0,5893,jw05893007002_02101_00004_nrca3_cal.fits,117573120,264796983,PUBLIC,2,F200W
264006313,JWST,image,jw05893007002_02101_00004_nrca2,exposure (L2b): 2D calibrated exposure average over integrations,S,mast:JWST/product/jw05893007002_02101_00004_nrca2_cal.fits,SCIENCE,,CAL,,CALJWST,2.0.0,5893,jw05893007002_02101_00004_nrca2_cal.fits,117570240,264796983,PUBLIC,2,F200W
264006314,JWST,image,jw05893007002_02101_00005_nrcb1,exposure (L2b): 2D calibrated exposure average over integrations,S,mast:JWST/product/jw05893007002_02101_00005_nrcb1_cal.fits,SCIENCE,,CAL,,CALJWST,2.0.0,5893,jw05893007002_02101_00005_nrcb1_cal.fits,117573120,264796983,PUBLIC,2,F200W
264006315,JWST,image,jw05893007002_02101_00004_nrcb2,exposure (L2b): 2D calibrated exposure average over integrations,S,mast:JWST/product/jw05893007002_02101_00004_nrcb2_cal.fits,SCIENCE,,CAL,,CALJWST,2.0.0,5893,jw05893007002_02101_00004_nrcb2_cal.fits,117573120,264796983,PUBLIC,2,F200W
264006317,JWST,image,jw05893007002_02101_00004_nrcb1,exposure (L2b): 2D calibrated exposure average over integrations,S,mast:JWST/product/jw05893007002_02101_00004_nrcb1_cal.fits,SCIENCE,,CAL,,CALJWST,2.0.0,5893,jw05893007002_02101_00004_nrcb1_cal.fits,117573120,264796983,PUBLIC,2,F200W
264006319,JWST,image,jw05893007002_02101_00004_nrca1,exposure (L2b): 2D calibrated exposure average over integrations,S,mast:JWST/product/jw05893007002_02101_00004_nrca1_cal.fits,SCIENCE,,CAL,,CALJWST,2.0.0,5893,jw05893007002_02101_00004_nrca1_cal.fits,117570240,264796983,PUBLIC,2,F200W
264006320,JWST,image,jw05893007002_02101_00005_nrca4,exposure (L2b): 2D calibrated exposure average over integrations,S,mast:JWST/product/jw05893007002_02101_00005_nrca4_cal.fits,SCIENCE,,CAL,,CALJWST,2.0.0,5893,jw05893007002_02101_00005_nrca4_cal.fits,117573120,264796983,PUBLIC,2,F200W
264006322,JWST,image,jw05893007002_02101_00003_nrca4,exposure (L2b): 2D calibrated exposure average over integrations,S,mast:JWST/product/jw05893007002_02101_00003_nrca4_cal.fits,SCIENCE,,CAL,,CALJWST,2.0.0,5893,jw05893007002_02101_00003_nrca4_cal.fits,117573120,264796983,PUBLIC,2,F200W
264006328,JWST,image,jw05893007002_02101_00006_nrcb3,exposure (L2b): 2D calibrated exposure average over integrations,S,mast:JWST/product/jw05893007002_02101_00006_nrcb3_cal.fits,SCIENCE,,CAL,,CALJWST,2.0.0,5893,jw05893007002_02101_00006_nrcb3_cal.fits,117573120,264796983,PUBLIC,2,F200W
264006329,JWST,image,jw05893007002_02101_00006_nrca4,exposure (L2b): 2D calibrated exposure average over integrations,S,mast:JWST/product/jw05893007002_02101_00006_nrca4_cal.fits,SCIENCE,,CAL,,CALJWST,2.0.0,5893,jw05893007002_02101_00006_nrca4_cal.fits,117573120,264796983,PUBLIC,2,F200W
264006330,JWST,image,jw05893007002_02101_00006_nrca1,exposure (L2b): 2D calibrated exposure average over integrations,S,mast:JWST/product/jw05893007002_02101_00006_nrca1_cal.fits,SCIENCE,,CAL,,CALJWST,2.0.0,5893,jw05893007002_02101_00006_nrca1_cal.fits,117570240,264796983,PUBLIC,2,F200W
264006331,JWST,image,jw05893007002_02101_00006_nrcb2,exposure (L2b): 2D calibrated exposure average over integrations,S,mast:JWST/product/jw05893007002_02101_00006_nrcb2_cal.fits,SCIENCE,,CAL,,CALJWST,2.0.0,5893,jw05893007002_02101_00006_nrcb2_cal.fits,117573120,264796983,PUBLIC,2,F200W
264006332,JWST,image,jw05893007002_02101_00006_nrcb4,exposure (L2b): 2D calibrated exposure average over integrations,S,mast:JWST/product/jw05893007002_02101_00006_nrcb4_cal.fits,SCIENCE,,CAL,,CALJWST,2.0.0,5893,jw05893007002_02101_00006_nrcb4_cal.fits,117573120,264796983,PUBLIC,2,F200W
264006333,JWST,image,jw05893007002_02101_00006_nrca2,exposure (L2b): 2D calibrated exposure average over integrations,S,mast:JWST/product/jw05893007002_02101_00006_nrca2_cal.fits,SCIENCE,,CAL,,CALJWST,2.0.0,5893,jw05893007002_02101_00006_nrca2_cal.fits,117570240,264796983,PUBLIC,2,F200W
264006335,JWST,image,jw05893007002_02101_00006_nrcb1,exposure (L2b): 2D calibrated exposure average over integrations,S,mast:JWST/product/jw05893007002_02101_00006_nrcb1_cal.fits,SCIENCE,,CAL,,CALJWST,2.0.0,5893,jw05893007002_02101_00006_nrcb1_cal.fits,117573120,264796983,PUBLIC,2,F200W
264006337,JWST,image,jw05893007002_02101_00006_nrca3,exposure (L2b): 2D calibrated exposure average over integrations,S,mast:JWST/product/jw05893007002_02101_00006_nrca3_cal.fits,SCIENCE,,CAL,,CALJWST,2.0.0,5893,jw05893007002_02101_00006_nrca3_cal.fits,117573120,264796983,PUBLIC,2,F200W
264006398,JWST,image,jw05893007003_02101_00002_nrca3,exposure (L2b): 2D calibrated exposure average over integrations,S,mast:JWST/product/jw05893007003_02101_00002_nrca3_cal.fits,SCIENCE,,CAL,,CALJWST,2.0.0,5893,jw05893007003_02101_00002_nrca3_cal.fits,117573120,264796983,PUBLIC,2,F200W
264006399,JWST,image,jw05893007003_02101_00001_nrcb4,exposure (L2b): 2D calibrated exposure average over integrations,S,mast:JWST/product/jw05893007003_02101_00001_nrcb4_cal.fits,SCIENCE,,CAL,,CALJWST,2.0.0,5893,jw05893007003_02101_00001_nrcb4_cal.fits,117573120,264796983,PUBLIC,2,F200W
264006400,JWST,image,jw05893007003_02101_00001_nrca3,exposure (L2b): 2D calibrated exposure average over integrations,S,mast:JWST/product/jw05893007003_02101_00001_nrca3_cal.fits,SCIENCE,,CAL,,CALJWST,2.0.0,5893,jw05893007003_02101_00001_nrca3_cal.fits,117573120,264796983,PUBLIC,2,F200W
264006401,JWST,image,jw05893007003_02101_00001_nrca2,exposure (L2b): 2D calibrated exposure average over integrations,S,mast:JWST/product/jw05893007003_02101_00001_nrca2_cal.fits,SCIENCE,,CAL,,CALJWST,2.0.0,5893,jw05893007003_02101_00001_nrca2_cal.fits,117570240,264796983,PUBLIC,2,F200W
264006402,JWST,image,jw05893007003_02101_00001_nrcb2,exposure (L2b): 2D calibrated exposure average over integrations,S,mast:JWST/product/jw05893007003_02101_00001_nrcb2_cal.fits,SCIENCE,,CAL,,CALJWST,2.0.0,5893,jw05893007003_02101_00001_nrcb2_cal.fits,117573120,264796983,PUBLIC,2,F200W
264006403,JWST,image,jw05893007003_02101_00001_nrcb1,exposure (L2b): 2D calibrated exposure average over integrations,S,mast:JWST/product/jw05893007003_02101_00001_nrcb1_cal.fits,SCIENCE,,CAL,,CALJWST,2.0.0,5893,jw05893007003_02101_00001_nrcb1_cal.fits,117573120,264796983,PUBLIC,2,F200W
264006404,JWST,image,jw05893007003_02101_00001_nrca1,exposure (L2b): 2D calibrated exposure average over integrations,S,mast:JWST/product/jw05893007003_02101_00001_nrca1_cal.fits,SCIENCE,,CAL,,CALJWST,2.0.0,5893,jw05893007003_02101_00001_nrca1_cal.fits,117570240,264796983,PUBLIC,2,F200W
264006405,JWST,image,jw05893007003_02101_00001_nrcb3,exposure (L2b): 2D calibrated exposure average over integrations,S,mast:JWST/product/jw05893007003_02101_00001_nrcb3_cal.fits,SCIENCE,,CAL,,CALJWST,2.0.0,5893,jw05893007003_02101_00001_nrcb3_cal.fits,117573120,264796983,PUBLIC,2,F200W
264006406,JWST,image,jw05893007003_02101_00001_nrca4,exposure (L2b): 2D calibrated exposure average over integrations,S,mast:JWST/product/jw05893007003_02101_00001_nrca4_cal.fits,SCIENCE,,CAL,,CALJWST,2.0.0,5893,jw05893007003_02101_00001_nrca4_cal.fits,117573120,264796983,PUBLIC,2,F200W
264006407,JWST,image,jw05893007003_02101_00002_nrcb1,exposure (L2b): 2D calibrated exposure average over integrations,S,mast:JWST/product/jw05893007003_02101_00002_nrcb1_cal.fits,SCIENCE,,CAL,,CALJWST,2.0.0,5893,jw05893007003_02101_00002_nrcb1_cal.fits,117573120,264796983,PUBLIC,2,F200W
264006408,JWST,image,jw05893007003_02101_00002_nrca4,exposure (L2b): 2D calibrated exposure average over integrations,S,mast:JWST/product/jw05893007003_02101_00002_nrca4_cal.fits,SCIENCE,,CAL,,CALJWST,2.0.0,5893,jw05893007003_02101_00002_nrca4_cal.fits,117573120,264796983,PUBLIC,2,F200W
264006411,JWST,image,jw05893007003_02101_00002_nrcb2,exposure (L2b): 2D calibrated exposure average over integrations,S,mast:JWST/product/jw05893007003_02101_00002_nrcb2_cal.fits,SCIENCE,,CAL,,CALJWST,2.0.0,5893,jw05893007003_02101_00002_nrcb2_cal.fits,117573120,264796983,PUBLIC,2,F200W
264006670,JWST,image,jw05893007003_02101_00002_nrcb3,exposure (L2b): 2D calibrated exposure average over integrations,S,mast:JWST/product/jw05893007003_02101_00002_nrcb3_cal.fits,SCIENCE,,CAL,,CALJWST,2.0.0,5893,jw05893007003_02101_00002_nrcb3_cal.fits,117573120,264796983,PUBLIC,2,F200W
264006671,JWST,image,jw05893007003_02101_00003_nrcb2,exposure (L2b): 2D calibrated exposure average over integrations,S,mast:JWST/product/jw05893007003_02101_00003_nrcb2_cal.fits,SCIENCE,,CAL,,CALJWST,2.0.0,5893,jw05893007003_02101_00003_nrcb2_cal.fits,117573120,264796983,PUBLIC,2,F200W
264006672,JWST,image,jw05893007003_02101_00005_nrca3,exposure (L2b): 2D calibrated exposure average over integrations,S,mast:JWST/product/jw05893007003_02101_00005_nrca3_cal.fits,SCIENCE,,CAL,,CALJWST,2.0.0,5893,jw05893007003_02101_00005_nrca3_cal.fits,117573120,264796983,PUBLIC,2,F200W
264006674,JWST,image,jw05893007003_02101_00002_nrca2,exposure (L2b): 2D calibrated exposure average over integrations,S,mast:JWST/product/jw05893007003_02101_00002_nrca2_cal.fits,SCIENCE,,CAL,,CALJWST,2.0.0,5893,jw05893007003_02101_00002_nrca2_cal.fits,117570240,264796983,PUBLIC,2,F200W
264006675,JWST,image,jw05893007003_02101_00005_nrcb1,exposure (L2b): 2D calibrated exposure average over integrations,S,mast:JWST/product/jw05893007003_02101_00005_nrcb1_cal.fits,SCIENCE,,CAL,,CALJWST,2.0.0,5893,jw05893007003_02101_00005_nrcb1_cal.fits,117573120,264796983,PUBLIC,2,F200W
264006676,JWST,image,jw05893007003_02101_00003_nrcb3,exposure (L2b): 2D calibrated exposure average over integrations,S,mast:JWST/product/jw05893007003_02101_00003_nrcb3_cal.fits,SCIENCE,,CAL,,CALJWST,2.0.0,5893,jw05893007003_02101_00003_nrcb3_cal.fits,117573120,264796983,PUBLIC,2,F200W
264006677,JWST,image,jw05893007003_02101_00005_nrcb3,exposure (L2b): 2D calibrated exposure average over integrations,S,mast:JWST/product/jw05893007003_02101_00005_nrcb3_cal.fits,SCIENCE,,CAL,,CALJWST,2.0.0,5893,jw05893007003_02101_00005_nrcb3_cal.fits,117573120,264796983,PUBLIC,2,F200W
264006678,JWST,image,jw05893007003_02101_00003_nrca2,exposure (L2b): 2D calibrated exposure average over integrations,S,mast:JWST/product/jw05893007003_02101_00003_nrca2_cal.fits,SCIENCE,,CAL,,CALJWST,2.0.0,5893,jw05893007003_02101_00003_nrca2_cal.fits,117570240,264796983,PUBLIC,2,F200W
264006680,JWST,image,jw05893007003_02101_00003_nrca3,exposure (L2b): 2D calibrated exposure average over integrations,S,mast:JWST/product/jw05893007003_02101_00003_nrca3_cal.fits,SCIENCE,,CAL,,CALJWST,2.0.0,5893,jw05893007003_02101_00003_nrca3_cal.fits,117573120,264796983,PUBLIC,2,F200W
264006681,JWST,image,jw05893007003_02101_00004_nrca2,exposure (L2b): 2D calibrated exposure average over integrations,S,mast:JWST/product/jw05893007003_02101_00004_nrca2_cal.fits,SCIENCE,,CAL,,CALJWST,2.0.0,5893,jw05893007003_02101_00004_nrca2_cal.fits,117570240,264796983,PUBLIC,2,F200W
264006682,JWST,image,jw05893007003_02101_00003_nrca4,exposure (L2b): 2D calibrated exposure average over integrations,S,mast:JWST/product/jw05893007003_02101_00003_nrca4_cal.fits,SCIENCE,,CAL,,CALJWST,2.0.0,5893,jw05893007003_02101_00003_nrca4_cal.fits,117573120,264796983,PUBLIC,2,F200W
264006683,JWST,image,jw05893007003_02101_00003_nrcb4,exposure (L2b): 2D calibrated exposure average over integrations,S,mast:JWST/product/jw05893007003_02101_00003_nrcb4_cal.fits,SCIENCE,,CAL,,CALJWST,2.0.0,5893,jw05893007003_02101_00003_nrcb4_cal.fits,117573120,264796983,PUBLIC,2,F200W
264006685,JWST,image,jw05893007003_02101_00005_nrcb2,exposure (L2b): 2D calibrated exposure average over integrations,S,mast:JWST/product/jw05893007003_02101_00005_nrcb2_cal.fits,SCIENCE,,CAL,,CALJWST,2.0.0,5893,jw05893007003_02101_00005_nrcb2_cal.fits,117573120,264796983,PUBLIC,2,F200W
264006686,JWST,image,jw05893007003_02101_00003_nrcb1,exposure (L2b): 2D calibrated exposure average over integrations,S,mast:JWST/product/jw05893007003_02101_00003_nrcb1_cal.fits,SCIENCE,,CAL,,CALJWST,2.0.0,5893,jw05893007003_02101_00003_nrcb1_cal.fits,117573120,264796983,PUBLIC,2,F200W
264006687,JWST,image,jw05893007003_02101_00004_nrca1,exposure (L2b): 2D calibrated exposure average over integrations,S,mast:JWST/product/jw05893007003_02101_00004_nrca1_cal.fits,SCIENCE,,CAL,,CALJWST,2.0.0,5893,jw05893007003_02101_00004_nrca1_cal.fits,117570240,264796983,PUBLIC,2,F200W
264006688,JWST,image,jw05893007003_02101_00004_nrcb2,exposure (L2b): 2D calibrated exposure average over integrations,S,mast:JWST/product/jw05893007003_02101_00004_nrcb2_cal.fits,SCIENCE,,CAL,,CALJWST,2.0.0,5893,jw05893007003_02101_00004_nrcb2_cal.fits,117573120,264796983,PUBLIC,2,F200W
264006690,JWST,image,jw05893007003_02101_00003_nrca1,exposure (L2b): 2D calibrated exposure average over integrations,S,mast:JWST/product/jw05893007003_02101_00003_nrca1_cal.fits,SCIENCE,,CAL,,CALJWST,2.0.0,5893,jw05893007003_02101_00003_nrca1_cal.fits,117570240,264796983,PUBLIC,2,F200W
264006691,JWST,image,jw05893007003_02101_00004_nrca4,exposure (L2b): 2D calibrated exposure average over integrations,S,mast:JWST/product/jw05893007003_02101_00004_nrca4_cal.fits,SCIENCE,,CAL,,CALJWST,2.0.0,5893,jw05893007003_02101_00004_nrca4_cal.fits,117573120,264796983,PUBLIC,2,F200W
264006692,JWST,image,jw05893007003_02101_00002_nrca1,exposure (L2b): 2D calibrated exposure average over integrations,S,mast:JWST/product/jw05893007003_02101_00002_nrca1_cal.fits,SCIENCE,,CAL,,CALJWST,2.0.0,5893,jw05893007003_02101_00002_nrca1_cal.fits,117570240,264796983,PUBLIC,2,F200W
264006693,JWST,image,jw05893007003_02101_00005_nrca2,exposure (L2b): 2D calibrated exposure average over integrations,S,mast:JWST/product/jw05893007003_02101_00005_nrca2_cal.fits,SCIENCE,,CAL,,CALJWST,2.0.0,5893,jw05893007003_02101_00005_nrca2_cal.fits,117570240,264796983,PUBLIC,2,F200W
264006695,JWST,image,jw05893007003_02101_00002_nrcb4,exposure (L2b): 2D calibrated exposure average over integrations,S,mast:JWST/product/jw05893007003_02101_00002_nrcb4_cal.fits,SCIENCE,,CAL,,CALJWST,2.0.0,5893,jw05893007003_02101_00002_nrcb4_cal.fits,117573120,264796983,PUBLIC,2,F200W
264006698,JWST,image,jw05893007003_02101_00004_nrcb4,exposure (L2b): 2D calibrated exposure average over integrations,S,mast:JWST/product/jw05893007003_02101_00004_nrcb4_cal.fits,SCIENCE,,CAL,,CALJWST,2.0.0,5893,jw05893007003_02101_00004_nrcb4_cal.fits,117573120,264796983,PUBLIC,2,F200W
264006699,JWST,image,jw05893007003_02101_00005_nrcb4,exposure (L2b): 2D calibrated exposure average over integrations,S,mast:JWST/product/jw05893007003_02101_00005_nrcb4_cal.fits,SCIENCE,,CAL,,CALJWST,2.0.0,5893,jw05893007003_02101_00005_nrcb4_cal.fits,117573120,264796983,PUBLIC,2,F200W
264006702,JWST,image,jw05893007003_02101_00004_nrcb3,exposure (L2b): 2D calibrated exposure average over integrations,S,mast:JWST/product/jw05893007003_02101_00004_nrcb3_cal.fits,SCIENCE,,CAL,,CALJWST,2.0.0,5893,jw05893007003_02101_00004_nrcb3_cal.fits,117573120,264796983,PUBLIC,2,F200W
264006704,JWST,image,jw05893007003_02101_00004_nrcb1,exposure (L2b): 2D calibrated exposure average over integrations,S,mast:JWST/product/jw05893007003_02101_00004_nrcb1_cal.fits,SCIENCE,,CAL,,CALJWST,2.0.0,5893,jw05893007003_02101_00004_nrcb1_cal.fits,117573120,264796983,PUBLIC,2,F200W
264006705,JWST,image,jw05893007003_02101_00005_nrca1,exposure (L2b): 2D calibrated exposure average over integrations,S,mast:JWST/product/jw05893007003_02101_00005_nrca1_cal.fits,SCIENCE,,CAL,,CALJWST,2.0.0,5893,jw05893007003_02101_00005_nrca1_cal.fits,117570240,264796983,PUBLIC,2,F200W
264006706,JWST,image,jw05893007003_02101_00005_nrca4,exposure (L2b): 2D calibrated exposure average over integrations,S,mast:JWST/product/jw05893007003_02101_00005_nrca4_cal.fits,SCIENCE,,CAL,,CALJWST,2.0.0,5893,jw05893007003_02101_00005_nrca4_cal.fits,117573120,264796983,PUBLIC,2,F200W
264006708,JWST,image,jw05893007003_02101_00004_nrca3,exposure (L2b): 2D calibrated exposure average over integrations,S,mast:JWST/product/jw05893007003_02101_00004_nrca3_cal.fits,SCIENCE,,CAL,,CALJWST,2.0.0,5893,jw05893007003_02101_00004_nrca3_cal.fits,117573120,264796983,PUBLIC,2,F200W
264006763,JWST,image,jw05893007003_02101_00006_nrcb4,exposure (L2b): 2D calibrated exposure average over integrations,S,mast:JWST/product/jw05893007003_02101_00006_nrcb4_cal.fits,SCIENCE,,CAL,,CALJWST,2.0.0,5893,jw05893007003_02101_00006_nrcb4_cal.fits,117573120,264796983,PUBLIC,2,F200W
264006764,JWST,image,jw05893007003_02101_00006_nrcb3,exposure (L2b): 2D calibrated exposure average over integrations,S,mast:JWST/product/jw05893007003_02101_00006_nrcb3_cal.fits,SCIENCE,,CAL,,CALJWST,2.0.0,5893,jw05893007003_02101_00006_nrcb3_cal.fits,117573120,264796983,PUBLIC,2,F200W
264006766,JWST,image,jw05893007003_02101_00006_nrcb1,exposure (L2b): 2D calibrated exposure average over integrations,S,mast:JWST/product/jw05893007003_02101_00006_nrcb1_cal.fits,SCIENCE,,CAL,,CALJWST,2.0.0,5893,jw05893007003_02101_00006_nrcb1_cal.fits,117573120,264796983,PUBLIC,2,F200W
264006779,JWST,image,jw05893007003_02101_00006_nrcb2,exposure (L2b): 2D calibrated exposure average over integrations,S,mast:JWST/product/jw05893007003_02101_00006_nrcb2_cal.fits,SCIENCE,,CAL,,CALJWST,2.0.0,5893,jw05893007003_02101_00006_nrcb2_cal.fits,117573120,264796983,PUBLIC,2,F200W
264006781,JWST,image,jw05893007003_02101_00006_nrca1,exposure (L2b): 2D calibrated exposure average over integrations,S,mast:JWST/product/jw05893007003_02101_00006_nrca1_cal.fits,SCIENCE,,CAL,,CALJWST,2.0.0,5893,jw05893007003_02101_00006_nrca1_cal.fits,117570240,264796983,PUBLIC,2,F200W
264006786,JWST,image,jw05893007003_02101_00006_nrca2,exposure (L2b): 2D calibrated exposure average over integrations,S,mast:JWST/product/jw05893007003_02101_00006_nrca2_cal.fits,SCIENCE,,CAL,,CALJWST,2.0.0,5893,jw05893007003_02101_00006_nrca2_cal.fits,117570240,264796983,PUBLIC,2,F200W
264006794,JWST,image,jw05893007003_02101_00006_nrca3,exposure (L2b): 2D calibrated exposure average over integrations,S,mast:JWST/product/jw05893007003_02101_00006_nrca3_cal.fits,SCIENCE,,CAL,,CALJWST,2.0.0,5893,jw05893007003_02101_00006_nrca3_cal.fits,117573120,264796983,PUBLIC,2,F200W
264006797,JWST,image,jw05893007003_02101_00006_nrca4,exposure (L2b): 2D calibrated exposure average over integrations,S,mast:JWST/product/jw05893007003_02101_00006_nrca4_cal.fits,SCIENCE,,CAL,,CALJWST,2.0.0,5893,jw05893007003_02101_00006_nrca4_cal.fits,117573120,264796983,PUBLIC,2,F200W
264006804,JWST,image,jw05893007004_02101_00001_nrcb1,exposure (L2b): 2D calibrated exposure average over integrations,S,mast:JWST/product/jw05893007004_02101_00001_nrcb1_cal.fits,SCIENCE,,CAL,,CALJWST,2.0.0,5893,jw05893007004_02101_00001_nrcb1_cal.fits,117573120,264796983,PUBLIC,2,F200W
264006805,JWST,image,jw05893007004_02101_00001_nrcb3,exposure (L2b): 2D calibrated exposure average over integrations,S,mast:JWST/product/jw05893007004_02101_00001_nrcb3_cal.fits,SCIENCE,,CAL,,CALJWST,2.0.0,5893,jw05893007004_02101_00001_nrcb3_cal.fits,117573120,264796983,PUBLIC,2,F200W
264006809,JWST,image,jw05893007004_02101_00001_nrca2,exposure (L2b): 2D calibrated exposure average over integrations,S,mast:JWST/product/jw05893007004_02101_00001_nrca2_cal.fits,SCIENCE,,CAL,,CALJWST,2.0.0,5893,jw05893007004_02101_00001_nrca2_cal.fits,117570240,264796983,PUBLIC,2,F200W
264006810,JWST,image,jw05893007004_02101_00001_nrca1,exposure (L2b): 2D calibrated exposure average over integrations,S,mast:JWST/product/jw05893007004_02101_00001_nrca1_cal.fits,SCIENCE,,CAL,,CALJWST,2.0.0,5893,jw05893007004_02101_00001_nrca1_cal.fits,117570240,264796983,PUBLIC,2,F200W
264006811,JWST,image,jw05893007004_02101_00001_nrca4,exposure (L2b): 2D calibrated exposure average over integrations,S,mast:JWST/product/jw05893007004_02101_00001_nrca4_cal.fits,SCIENCE,,CAL,,CALJWST,2.0.0,5893,jw05893007004_02101_00001_nrca4_cal.fits,117573120,264796983,PUBLIC,2,F200W
264006812,JWST,image,jw05893007004_02101_00001_nrcb4,exposure (L2b): 2D calibrated exposure average over integrations,S,mast:JWST/product/jw05893007004_02101_00001_nrcb4_cal.fits,SCIENCE,,CAL,,CALJWST,2.0.0,5893,jw05893007004_02101_00001_nrcb4_cal.fits,117573120,264796983,PUBLIC,2,F200W
264006813,JWST,image,jw05893007004_02101_00001_nrca3,exposure (L2b): 2D calibrated exposure average over integrations,S,mast:JWST/product/jw05893007004_02101_00001_nrca3_cal.fits,SCIENCE,,CAL,,CALJWST,2.0.0,5893,jw05893007004_02101_00001_nrca3_cal.fits,117573120,264796983,PUBLIC,2,F200W
264006814,JWST,image,jw05893007004_02101_00002_nrcb2,exposure (L2b): 2D calibrated exposure average over integrations,S,mast:JWST/product/jw05893007004_02101_00002_nrcb2_cal.fits,SCIENCE,,CAL,,CALJWST,2.0.0,5893,jw05893007004_02101_00002_nrcb2_cal.fits,117573120,264796983,PUBLIC,2,F200W
264006815,JWST,image,jw05893007004_02101_00002_nrca2,exposure (L2b): 2D calibrated exposure average over integrations,S,mast:JWST/product/jw05893007004_02101_00002_nrca2_cal.fits,SCIENCE,,CAL,,CALJWST,2.0.0,5893,jw05893007004_02101_00002_nrca2_cal.fits,117570240,264796983,PUBLIC,2,F200W
264006816,JWST,image,jw05893007004_02101_00001_nrcb2,exposure (L2b): 2D calibrated exposure average over integrations,S,mast:JWST/product/jw05893007004_02101_00001_nrcb2_cal.fits,SCIENCE,,CAL,,CALJWST,2.0.0,5893,jw05893007004_02101_00001_nrcb2_cal.fits,117573120,264796983,PUBLIC,2,F200W
264006818,JWST,image,jw05893007004_02101_00002_nrca1,exposure (L2b): 2D calibrated exposure average over integrations,S,mast:JWST/product/jw05893007004_02101_00002_nrca1_cal.fits,SCIENCE,,CAL,,CALJWST,2.0.0,5893,jw05893007004_02101_00002_nrca1_cal.fits,117570240,264796983,PUBLIC,2,F200W
264021529,JWST,image,jw05893007004_02101_00005_nrcb2,exposure (L2b): 2D calibrated exposure average over integrations,S,mast:JWST/product/jw05893007004_02101_00005_nrcb2_cal.fits,SCIENCE,,CAL,,CALJWST,2.0.0,5893,jw05893007004_02101_00005_nrcb2_cal.fits,117573120,264796983,PUBLIC,2,F200W
264021544,JWST,image,jw05893007004_02101_00005_nrcb1,exposure (L2b): 2D calibrated exposure average over integrations,S,mast:JWST/product/jw05893007004_02101_00005_nrcb1_cal.fits,SCIENCE,,CAL,,CALJWST,2.0.0,5893,jw05893007004_02101_00005_nrcb1_cal.fits,117573120,264796983,PUBLIC,2,F200W
264021573,JWST,image,jw05893007004_02101_00002_nrca3,exposure (L2b): 2D calibrated exposure average over integrations,S,mast:JWST/product/jw05893007004_02101_00002_nrca3_cal.fits,SCIENCE,,CAL,,CALJWST,2.0.0,5893,jw05893007004_02101_00002_nrca3_cal.fits,117573120,264796983,PUBLIC,2,F200W
264021598,JWST,image,jw05893007004_02101_00003_nrcb3,exposure (L2b): 2D calibrated exposure average over integrations,S,mast:JWST/product/jw05893007004_02101_00003_nrcb3_cal.fits,SCIENCE,,CAL,,CALJWST,2.0.0,5893,jw05893007004_02101_00003_nrcb3_cal.fits,117573120,264796983,PUBLIC,2,F200W
264021686,JWST,image,jw05893007004_02101_00002_nrcb1,exposure (L2b): 2D calibrated exposure average over integrations,S,mast:JWST/product/jw05893007004_02101_00002_nrcb1_cal.fits,SCIENCE,,CAL,,CALJWST,2.0.0,5893,jw05893007004_02101_00002_nrcb1_cal.fits,117573120,264796983,PUBLIC,2,F200W
264021708,JWST,image,jw05893007004_02101_00004_nrca4,exposure (L2b): 2D calibrated exposure average over integrations,S,mast:JWST/product/jw05893007004_02101_00004_nrca4_cal.fits,SCIENCE,,CAL,,CALJWST,2.0.0,5893,jw05893007004_02101_00004_nrca4_cal.fits,117573120,264796983,PUBLIC,2,F200W
264021770,JWST,image,jw05893007004_02101_00004_nrca3,exposure (L2b): 2D calibrated exposure average over integrations,S,mast:JWST/product/jw05893007004_02101_00004_nrca3_cal.fits,SCIENCE,,CAL,,CALJWST,2.0.0,5893,jw05893007004_02101_00004_nrca3_cal.fits,117573120,264796983,PUBLIC,2,F200W
264021822,JWST,image,jw05893007004_02101_00003_nrcb2,exposure (L2b): 2D calibrated exposure average over integrations,S,mast:JWST/product/jw05893007004_02101_00003_nrcb2_cal.fits,SCIENCE,,CAL,,CALJWST,2.0.0,5893,jw05893007004_02101_00003_nrcb2_cal.fits,117573120,264796983,PUBLIC,2,F200W
264021918,JWST,image,jw05893007004_02101_00004_nrca2,exposure (L2b): 2D calibrated exposure average over integrations,S,mast:JWST/product/jw05893007004_02101_00004_nrca2_cal.fits,SCIENCE,,CAL,,CALJWST,2.0.0,5893,jw05893007004_02101_00004_nrca2_cal.fits,117570240,264796983,PUBLIC,2,F200W
264021984,JWST,image,jw05893007004_02101_00003_nrca3,exposure (L2b): 2D calibrated exposure average over integrations,S,mast:JWST/product/jw05893007004_02101_00003_nrca3_cal.fits,SCIENCE,,CAL,,CALJWST,2.0.0,5893,jw05893007004_02101_00003_nrca3_cal.fits,117573120,264796983,PUBLIC,2,F200W
264021994,JWST,image,jw05893007004_02101_00002_nrcb3,exposure (L2b): 2D calibrated exposure average over integrations,S,mast:JWST/product/jw05893007004_02101_00002_nrcb3_cal.fits,SCIENCE,,CAL,,CALJWST,2.0.0,5893,jw05893007004_02101_00002_nrcb3_cal.fits,117573120,264796983,PUBLIC,2,F200W
264022051,JWST,image,jw05893007004_02101_00005_nrcb3,exposure (L2b): 2D calibrated exposure average over integrations,S,mast:JWST/product/jw05893007004_02101_00005_nrcb3_cal.fits,SCIENCE,,CAL,,CALJWST,2.0.0,5893,jw05893007004_02101_00005_nrcb3_cal.fits,117573120,264796983,PUBLIC,2,F200W
264022086,JWST,image,jw05893007004_02101_00004_nrca1,exposure (L2b): 2D calibrated exposure average over integrations,S,mast:JWST/product/jw05893007004_02101_00004_nrca1_cal.fits,SCIENCE,,CAL,,CALJWST,2.0.0,5893,jw05893007004_02101_00004_nrca1_cal.fits,117570240,264796983,PUBLIC,2,F200W
264022341,JWST,image,jw05893007004_02101_00005_nrcb4,exposure (L2b): 2D calibrated exposure average over integrations,S,mast:JWST/product/jw05893007004_02101_00005_nrcb4_cal.fits,SCIENCE,,CAL,,CALJWST,2.0.0,5893,jw05893007004_02101_00005_nrcb4_cal.fits,117573120,264796983,PUBLIC,2,F200W
264022369,JWST,image,jw05893007004_02101_00005_nrca1,exposure (L2b): 2D calibrated exposure average over integrations,S,mast:JWST/product/jw05893007004_02101_00005_nrca1_cal.fits,SCIENCE,,CAL,,CALJWST,2.0.0,5893,jw05893007004_02101_00005_nrca1_cal.fits,117570240,264796983,PUBLIC,2,F200W
264022430,JWST,image,jw05893007004_02101_00004_nrcb1,exposure (L2b): 2D calibrated exposure average over integrations,S,mast:JWST/product/jw05893007004_02101_00004_nrcb1_cal.fits,SCIENCE,,CAL,,CALJWST,2.0.0,5893,jw05893007004_02101_00004_nrcb1_cal.fits,117573120,264796983,PUBLIC,2,F200W
264022463,JWST,image,jw05893007004_02101_00003_nrca1,exposure (L2b): 2D calibrated exposure average over integrations,S,mast:JWST/product/jw05893007004_02101_00003_nrca1_cal.fits,SCIENCE,,CAL,,CALJWST,2.0.0,5893,jw05893007004_02101_00003_nrca1_cal.fits,117570240,264796983,PUBLIC,2,F200W
264022488,JWST,image,jw05893007004_02101_00005_nrca3,exposure (L2b): 2D calibrated exposure average over integrations,S,mast:JWST/product/jw05893007004_02101_00005_nrca3_cal.fits,SCIENCE,,CAL,,CALJWST,2.0.0,5893,jw05893007004_02101_00005_nrca3_cal.fits,117573120,264796983,PUBLIC,2,F200W
264022536,JWST,image,jw05893007004_02101_00003_nrcb4,exposure (L2b): 2D calibrated exposure average over integrations,S,mast:JWST/product/jw05893007004_02101_00003_nrcb4_cal.fits,SCIENCE,,CAL,,CALJWST,2.0.0,5893,jw05893007004_02101_00003_nrcb4_cal.fits,117573120,264796983,PUBLIC,2,F200W
264022565,JWST,image,jw05893007004_02101_00004_nrcb3,exposure (L2b): 2D calibrated exposure average over integrations,S,mast:JWST/product/jw05893007004_02101_00004_nrcb3_cal.fits,SCIENCE,,CAL,,CALJWST,2.0.0,5893,jw05893007004_02101_00004_nrcb3_cal.fits,117573120,264796983,PUBLIC,2,F200W
264022592,JWST,image,jw05893007004_02101_00004_nrcb4,exposure (L2b): 2D calibrated exposure average over integrations,S,mast:JWST/product/jw05893007004_02101_00004_nrcb4_cal.fits,SCIENCE,,CAL,,CALJWST,2.0.0,5893,jw05893007004_02101_00004_nrcb4_cal.fits,117573120,264796983,PUBLIC,2,F200W
264022625,JWST,image,jw05893007004_02101_00003_nrca2,exposure (L2b): 2D calibrated exposure average over integrations,S,mast:JWST/product/jw05893007004_02101_00003_nrca2_cal.fits,SCIENCE,,CAL,,CALJWST,2.0.0,5893,jw05893007004_02101_00003_nrca2_cal.fits,117570240,264796983,PUBLIC,2,F200W
264022679,JWST,image,jw05893007004_02101_00002_nrcb4,exposure (L2b): 2D calibrated exposure average over integrations,S,mast:JWST/product/jw05893007004_02101_00002_nrcb4_cal.fits,SCIENCE,,CAL,,CALJWST,2.0.0,5893,jw05893007004_02101_00002_nrcb4_cal.fits,117573120,264796983,PUBLIC,2,F200W
264022700,JWST,image,jw05893007004_02101_00003_nrcb1,exposure (L2b): 2D calibrated exposure average over integrations,S,mast:JWST/product/jw05893007004_02101_00003_nrcb1_cal.fits,SCIENCE,,CAL,,CALJWST,2.0.0,5893,jw05893007004_02101_00003_nrcb1_cal.fits,117573120,264796983,PUBLIC,2,F200W
264022705,JWST,image,jw05893007004_02101_00005_nrca2,exposure (L2b): 2D calibrated exposure average over integrations,S,mast:JWST/product/jw05893007004_02101_00005_nrca2_cal.fits,SCIENCE,,CAL,,CALJWST,2.0.0,5893,jw05893007004_02101_00005_nrca2_cal.fits,117570240,264796983,PUBLIC,2,F200W
264022772,JWST,image,jw05893007004_02101_00002_nrca4,exposure (L2b): 2D calibrated exposure average over integrations,S,mast:JWST/product/jw05893007004_02101_00002_nrca4_cal.fits,SCIENCE,,CAL,,CALJWST,2.0.0,5893,jw05893007004_02101_00002_nrca4_cal.fits,117573120,264796983,PUBLIC,2,F200W
264022782,JWST,image,jw05893007004_02101_00003_nrca4,exposure (L2b): 2D calibrated exposure average over integrations,S,mast:JWST/product/jw05893007004_02101_00003_nrca4_cal.fits,SCIENCE,,CAL,,CALJWST,2.0.0,5893,jw05893007004_02101_00003_nrca4_cal.fits,117573120,264796983,PUBLIC,2,F200W
264022791,JWST,image,jw05893007004_02101_00005_nrca4,exposure (L2b): 2D calibrated exposure average over integrations,S,mast:JWST/product/jw05893007004_02101_00005_nrca4_cal.fits,SCIENCE,,CAL,,CALJWST,2.0.0,5893,jw05893007004_02101_00005_nrca4_cal.fits,117573120,264796983,PUBLIC,2,F200W
264022801,JWST,image,jw05893007004_02101_00004_nrcb2,exposure (L2b): 2D calibrated exposure average over integrations,S,mast:JWST/product/jw05893007004_02101_00004_nrcb2_cal.fits,SCIENCE,,CAL,,CALJWST,2.0.0,5893,jw05893007004_02101_00004_nrcb2_cal.fits,117573120,264796983,PUBLIC,2,F200W
264033920,JWST,image,jw05893007004_02101_00006_nrcb4,exposure (L2b): 2D calibrated exposure average over integrations,S,mast:JWST/product/jw05893007004_02101_00006_nrcb4_cal.fits,SCIENCE,,CAL,,CALJWST,2.0.0,5893,jw05893007004_02101_00006_nrcb4_cal.fits,117573120,264796983,PUBLIC,2,F200W
264033931,JWST,image,jw05893007004_02101_00006_nrca3,exposure (L2b): 2D calibrated exposure average over integrations,S,mast:JWST/product/jw05893007004_02101_00006_nrca3_cal.fits,SCIENCE,,CAL,,CALJWST,2.0.0,5893,jw05893007004_02101_00006_nrca3_cal.fits,117573120,264796983,PUBLIC,2,F200W
264034013,JWST,image,jw05893007004_02101_00006_nrcb3,exposure (L2b): 2D calibrated exposure average over integrations,S,mast:JWST/product/jw05893007004_02101_00006_nrcb3_cal.fits,SCIENCE,,CAL,,CALJWST,2.0.0,5893,jw05893007004_02101_00006_nrcb3_cal.fits,117573120,264796983,PUBLIC,2,F200W
264034297,JWST,image,jw05893007004_02101_00006_nrca1,exposure (L2b): 2D calibrated exposure average over integrations,S,mast:JWST/product/jw05893007004_02101_00006_nrca1_cal.fits,SCIENCE,,CAL,,CALJWST,2.0.0,5893,jw05893007004_02101_00006_nrca1_cal.fits,117570240,264796983,PUBLIC,2,F200W
264034359,JWST,image,jw05893007004_02101_00006_nrca2,exposure (L2b): 2D calibrated exposure average over integrations,S,mast:JWST/product/jw05893007004_02101_00006_nrca2_cal.fits,SCIENCE,,CAL,,CALJWST,2.0.0,5893,jw05893007004_02101_00006_nrca2_cal.fits,117570240,264796983,PUBLIC,2,F200W
264034547,JWST,image,jw05893007004_02101_00006_nrca4,exposure (L2b): 2D calibrated exposure average over integrations,S,mast:JWST/product/jw05893007004_02101_00006_nrca4_cal.fits,SCIENCE,,CAL,,CALJWST,2.0.0,5893,jw05893007004_02101_00006_nrca4_cal.fits,117573120,264796983,PUBLIC,2,F200W
264034605,JWST,image,jw05893007004_02101_00006_nrcb2,exposure (L2b): 2D calibrated exposure average over integrations,S,mast:JWST/product/jw05893007004_02101_00006_nrcb2_cal.fits,SCIENCE,,CAL,,CALJWST,2.0.0,5893,jw05893007004_02101_00006_nrcb2_cal.fits,117573120,264796983,PUBLIC,2,F200W
264034638,JWST,image,jw05893007004_02101_00006_nrcb1,exposure (L2b): 2D calibrated exposure average over integrations,S,mast:JWST/product/jw05893007004_02101_00006_nrcb1_cal.fits,SCIENCE,,CAL,,CALJWST,2.0.0,5893,jw05893007004_02101_00006_nrcb1_cal.fits,117573120,264796983,PUBLIC,2,F200W
264065367,JWST,image,jw05893007005_02101_00001_nrca1,exposure (L2b): 2D calibrated exposure average over integrations,S,mast:JWST/product/jw05893007005_02101_00001_nrca1_cal.fits,SCIENCE,,CAL,,CALJWST,2.0.0,5893,jw05893007005_02101_00001_nrca1_cal.fits,117570240,264796983,PUBLIC,2,F200W
264065388,JWST,image,jw05893007005_02101_00001_nrcb2,exposure (L2b): 2D calibrated exposure average over integrations,S,mast:JWST/product/jw05893007005_02101_00001_nrcb2_cal.fits,SCIENCE,,CAL,,CALJWST,2.0.0,5893,jw05893007005_02101_00001_nrcb2_cal.fits,117573120,264796983,PUBLIC,2,F200W
264065427,JWST,image,jw05893007005_02101_00001_nrcb4,exposure (L2b): 2D calibrated exposure average over integrations,S,mast:JWST/product/jw05893007005_02101_00001_nrcb4_cal.fits,SCIENCE,,CAL,,CALJWST,2.0.0,5893,jw05893007005_02101_00001_nrcb4_cal.fits,117573120,264796983,PUBLIC,2,F200W
264065447,JWST,image,jw05893007005_02101_00001_nrcb3,exposure (L2b): 2D calibrated exposure average over integrations,S,mast:JWST/product/jw05893007005_02101_00001_nrcb3_cal.fits,SCIENCE,,CAL,,CALJWST,2.0.0,5893,jw05893007005_02101_00001_nrcb3_cal.fits,117573120,264796983,PUBLIC,2,F200W
264099285,JWST,image,jw05893007005_02101_00003_nrca2,exposure (L2b): 2D calibrated exposure average over integrations,S,mast:JWST/product/jw05893007005_02101_00003_nrca2_cal.fits,SCIENCE,,CAL,,CALJWST,2.0.0,5893,jw05893007005_02101_00003_nrca2_cal.fits,117570240,264796983,PUBLIC,2,F200W
264099315,JWST,image,jw05893007005_02101_00004_nrcb2,exposure (L2b): 2D calibrated exposure average over integrations,S,mast:JWST/product/jw05893007005_02101_00004_nrcb2_cal.fits,SCIENCE,,CAL,,CALJWST,2.0.0,5893,jw05893007005_02101_00004_nrcb2_cal.fits,117573120,264796983,PUBLIC,2,F200W
264099343,JWST,image,jw05893007005_02101_00001_nrca4,exposure (L2b): 2D calibrated exposure average over integrations,S,mast:JWST/product/jw05893007005_02101_00001_nrca4_cal.fits,SCIENCE,,CAL,,CALJWST,2.0.0,5893,jw05893007005_02101_00001_nrca4_cal.fits,117573120,264796983,PUBLIC,2,F200W
264099367,JWST,image,jw05893007005_02101_00004_nrcb1,exposure (L2b): 2D calibrated exposure average over integrations,S,mast:JWST/product/jw05893007005_02101_00004_nrcb1_cal.fits,SCIENCE,,CAL,,CALJWST,2.0.0,5893,jw05893007005_02101_00004_nrcb1_cal.fits,117573120,264796983,PUBLIC,2,F200W
264099397,JWST,image,jw05893007005_02101_00002_nrcb3,exposure (L2b): 2D calibrated exposure average over integrations,S,mast:JWST/product/jw05893007005_02101_00002_nrcb3_cal.fits,SCIENCE,,CAL,,CALJWST,2.0.0,5893,jw05893007005_02101_00002_nrcb3_cal.fits,117573120,264796983,PUBLIC,2,F200W
264099426,JWST,image,jw05893007005_02101_00003_nrcb4,exposure (L2b): 2D calibrated exposure average over integrations,S,mast:JWST/product/jw05893007005_02101_00003_nrcb4_cal.fits,SCIENCE,,CAL,,CALJWST,2.0.0,5893,jw05893007005_02101_00003_nrcb4_cal.fits,117573120,264796983,PUBLIC,2,F200W
264099472,JWST,image,jw05893007005_02101_00001_nrca2,exposure (L2b): 2D calibrated exposure average over integrations,S,mast:JWST/product/jw05893007005_02101_00001_nrca2_cal.fits,SCIENCE,,CAL,,CALJWST,2.0.0,5893,jw05893007005_02101_00001_nrca2_cal.fits,117570240,264796983,PUBLIC,2,F200W
264099497,JWST,image,jw05893007005_02101_00004_nrca1,exposure (L2b): 2D calibrated exposure average over integrations,S,mast:JWST/product/jw05893007005_02101_00004_nrca1_cal.fits,SCIENCE,,CAL,,CALJWST,2.0.0,5893,jw05893007005_02101_00004_nrca1_cal.fits,117570240,264796983,PUBLIC,2,F200W
264099524,JWST,image,jw05893007005_02101_00002_nrca1,exposure (L2b): 2D calibrated exposure average over integrations,S,mast:JWST/product/jw05893007005_02101_00002_nrca1_cal.fits,SCIENCE,,CAL,,CALJWST,2.0.0,5893,jw05893007005_02101_00002_nrca1_cal.fits,117570240,264796983,PUBLIC,2,F200W
264099573,JWST,image,jw05893007005_02101_00003_nrca3,exposure (L2b): 2D calibrated exposure average over integrations,S,mast:JWST/product/jw05893007005_02101_00003_nrca3_cal.fits,SCIENCE,,CAL,,CALJWST,2.0.0,5893,jw05893007005_02101_00003_nrca3_cal.fits,117573120,264796983,PUBLIC,2,F200W
264099625,JWST,image,jw05893007005_02101_00001_nrcb1,exposure (L2b): 2D calibrated exposure average over integrations,S,mast:JWST/product/jw05893007005_02101_00001_nrcb1_cal.fits,SCIENCE,,CAL,,CALJWST,2.0.0,5893,jw05893007005_02101_00001_nrcb1_cal.fits,117573120,264796983,PUBLIC,2,F200W
264099642,JWST,image,jw05893007005_02101_00002_nrca3,exposure (L2b): 2D calibrated exposure average over integrations,S,mast:JWST/product/jw05893007005_02101_00002_nrca3_cal.fits,SCIENCE,,CAL,,CALJWST,2.0.0,5893,jw05893007005_02101_00002_nrca3_cal.fits,117573120,264796983,PUBLIC,2,F200W
264099646,JWST,image,jw05893007005_02101_00004_nrca3,exposure (L2b): 2D calibrated exposure average over integrations,S,mast:JWST/product/jw05893007005_02101_00004_nrca3_cal.fits,SCIENCE,,CAL,,CALJWST,2.0.0,5893,jw05893007005_02101_00004_nrca3_cal.fits,117573120,264796983,PUBLIC,2,F200W
264099651,JWST,image,jw05893007005_02101_00002_nrca4,exposure (L2b): 2D calibrated exposure average over integrations,S,mast:JWST/product/jw05893007005_02101_00002_nrca4_cal.fits,SCIENCE,,CAL,,CALJWST,2.0.0,5893,jw05893007005_02101_00002_nrca4_cal.fits,117573120,264796983,PUBLIC,2,F200W
264099738,JWST,image,jw05893007005_02101_00003_nrcb2,exposure (L2b): 2D calibrated exposure average over integrations,S,mast:JWST/product/jw05893007005_02101_00003_nrcb2_cal.fits,SCIENCE,,CAL,,CALJWST,2.0.0,5893,jw05893007005_02101_00003_nrcb2_cal.fits,117573120,264796983,PUBLIC,2,F200W
264099821,JWST,image,jw05893007005_02101_00003_nrcb3,exposure (L2b): 2D calibrated exposure average over integrations,S,mast:JWST/product/jw05893007005_02101_00003_nrcb3_cal.fits,SCIENCE,,CAL,,CALJWST,2.0.0,5893,jw05893007005_02101_00003_nrcb3_cal.fits,117573120,264796983,PUBLIC,2,F200W
264099848,JWST,image,jw05893007005_02101_00003_nrca4,exposure (L2b): 2D calibrated exposure average over integrations,S,mast:JWST/product/jw05893007005_02101_00003_nrca4_cal.fits,SCIENCE,,CAL,,CALJWST,2.0.0,5893,jw05893007005_02101_00003_nrca4_cal.fits,117573120,264796983,PUBLIC,2,F200W
264099901,JWST,image,jw05893007005_02101_00003_nrca1,exposure (L2b): 2D calibrated exposure average over integrations,S,mast:JWST/product/jw05893007005_02101_00003_nrca1_cal.fits,SCIENCE,,CAL,,CALJWST,2.0.0,5893,jw05893007005_02101_00003_nrca1_cal.fits,117570240,264796983,PUBLIC,2,F200W
264099960,JWST,image,jw05893007005_02101_00003_nrcb1,exposure (L2b): 2D calibrated exposure average over integrations,S,mast:JWST/product/jw05893007005_02101_00003_nrcb1_cal.fits,SCIENCE,,CAL,,CALJWST,2.0.0,5893,jw05893007005_02101_00003_nrcb1_cal.fits,117573120,264796983,PUBLIC,2,F200W
264099990,JWST,image,jw05893007005_02101_00002_nrcb2,exposure (L2b): 2D calibrated exposure average over integrations,S,mast:JWST/product/jw05893007005_02101_00002_nrcb2_cal.fits,SCIENCE,,CAL,,CALJWST,2.0.0,5893,jw05893007005_02101_00002_nrcb2_cal.fits,117573120,264796983,PUBLIC,2,F200W
264100032,JWST,image,jw05893007005_02101_00002_nrcb4,exposure (L2b): 2D calibrated exposure average over integrations,S,mast:JWST/product/jw05893007005_02101_00002_nrcb4_cal.fits,SCIENCE,,CAL,,CALJWST,2.0.0,5893,jw05893007005_02101_00002_nrcb4_cal.fits,117573120,264796983,PUBLIC,2,F200W
264100048,JWST,image,jw05893007005_02101_00002_nrcb1,exposure (L2b): 2D calibrated exposure average over integrations,S,mast:JWST/product/jw05893007005_02101_00002_nrcb1_cal.fits,SCIENCE,,CAL,,CALJWST,2.0.0,5893,jw05893007005_02101_00002_nrcb1_cal.fits,117573120,264796983,PUBLIC,2,F200W
264100082,JWST,image,jw05893007005_02101_00002_nrca2,exposure (L2b): 2D calibrated exposure average over integrations,S,mast:JWST/product/jw05893007005_02101_00002_nrca2_cal.fits,SCIENCE,,CAL,,CALJWST,2.0.0,5893,jw05893007005_02101_00002_nrca2_cal.fits,117570240,264796983,PUBLIC,2,F200W
264100139,JWST,image,jw05893007005_02101_00004_nrca4,exposure (L2b): 2D calibrated exposure average over integrations,S,mast:JWST/product/jw05893007005_02101_00004_nrca4_cal.fits,SCIENCE,,CAL,,CALJWST,2.0.0,5893,jw05893007005_02101_00004_nrca4_cal.fits,117573120,264796983,PUBLIC,2,F200W
264100163,JWST,image,jw05893007005_02101_00004_nrcb4,exposure (L2b): 2D calibrated exposure average over integrations,S,mast:JWST/product/jw05893007005_02101_00004_nrcb4_cal.fits,SCIENCE,,CAL,,CALJWST,2.0.0,5893,jw05893007005_02101_00004_nrcb4_cal.fits,117573120,264796983,PUBLIC,2,F200W
264100192,JWST,image,jw05893007005_02101_00004_nrca2,exposure (L2b): 2D calibrated exposure average over integrations,S,mast:JWST/product/jw05893007005_02101_00004_nrca2_cal.fits,SCIENCE,,CAL,,CALJWST,2.0.0,5893,jw05893007005_02101_00004_nrca2_cal.fits,117570240,264796983,PUBLIC,2,F200W
264100217,JWST,image,jw05893007005_02101_00004_nrcb3,exposure (L2b): 2D calibrated exposure average over integrations,S,mast:JWST/product/jw05893007005_02101_00004_nrcb3_cal.fits,SCIENCE,,CAL,,CALJWST,2.0.0,5893,jw05893007005_02101_00004_nrcb3_cal.fits,117573120,264796983,PUBLIC,2,F200W
264100251,JWST,image,jw05893007005_02101_00001_nrca3,exposure (L2b): 2D calibrated exposure average over integrations,S,mast:JWST/product/jw05893007005_02101_00001_nrca3_cal.fits,SCIENCE,,CAL,,CALJWST,2.0.0,5893,jw05893007005_02101_00001_nrca3_cal.fits,117573120,264796983,PUBLIC,2,F200W
264110579,JWST,image,jw05893007005_02101_00005_nrca3,exposure (L2b): 2D calibrated exposure average over integrations,S,mast:JWST/product/jw05893007005_02101_00005_nrca3_cal.fits,SCIENCE,,CAL,,CALJWST,2.0.0,5893,jw05893007005_02101_00005_nrca3_cal.fits,117573120,264796983,PUBLIC,2,F200W
264110821,JWST,image,jw05893007005_02101_00005_nrca4,exposure (L2b): 2D calibrated exposure average over integrations,S,mast:JWST/product/jw05893007005_02101_00005_nrca4_cal.fits,SCIENCE,,CAL,,CALJWST,2.0.0,5893,jw05893007005_02101_00005_nrca4_cal.fits,117573120,264796983,PUBLIC,2,F200W
264110864,JWST,image,jw05893007005_02101_00005_nrca1,exposure (L2b): 2D calibrated exposure average over integrations,S,mast:JWST/product/jw05893007005_02101_00005_nrca1_cal.fits,SCIENCE,,CAL,,CALJWST,2.0.0,5893,jw05893007005_02101_00005_nrca1_cal.fits,117570240,264796983,PUBLIC,2,F200W
264110913,JWST,image,jw05893007005_02101_00005_nrcb2,exposure (L2b): 2D calibrated exposure average over integrations,S,mast:JWST/product/jw05893007005_02101_00005_nrcb2_cal.fits,SCIENCE,,CAL,,CALJWST,2.0.0,5893,jw05893007005_02101_00005_nrcb2_cal.fits,117573120,264796983,PUBLIC,2,F200W
264111118,JWST,image,jw05893007005_02101_00005_nrcb3,exposure (L2b): 2D calibrated exposure average over integrations,S,mast:JWST/product/jw05893007005_02101_00005_nrcb3_cal.fits,SCIENCE,,CAL,,CALJWST,2.0.0,5893,jw05893007005_02101_00005_nrcb3_cal.fits,117573120,264796983,PUBLIC,2,F200W
264111282,JWST,image,jw05893007005_02101_00005_nrca2,exposure (L2b): 2D calibrated exposure average over integrations,S,mast:JWST/product/jw05893007005_02101_00005_nrca2_cal.fits,SCIENCE,,CAL,,CALJWST,2.0.0,5893,jw05893007005_02101_00005_nrca2_cal.fits,117570240,264796983,PUBLIC,2,F200W
264111315,JWST,image,jw05893007005_02101_00005_nrcb4,exposure (L2b): 2D calibrated exposure average over integrations,S,mast:JWST/product/jw05893007005_02101_00005_nrcb4_cal.fits,SCIENCE,,CAL,,CALJWST,2.0.0,5893,jw05893007005_02101_00005_nrcb4_cal.fits,117573120,264796983,PUBLIC,2,F200W
264111407,JWST,image,jw05893007005_02101_00005_nrcb1,exposure (L2b): 2D calibrated exposure average over integrations,S,mast:JWST/product/jw05893007005_02101_00005_nrcb1_cal.fits,SCIENCE,,CAL,,CALJWST,2.0.0,5893,jw05893007005_02101_00005_nrcb1_cal.fits,117573120,264796983,PUBLIC,2,F200W
264147957,JWST,image,jw05893007005_02101_00006_nrcb2,exposure (L2b): 2D calibrated exposure average over integrations,S,mast:JWST/product/jw05893007005_02101_00006_nrcb2_cal.fits,SCIENCE,,CAL,,CALJWST,2.0.0,5893,jw05893007005_02101_00006_nrcb2_cal.fits,117573120,264796983,PUBLIC,2,F200W
264148054,JWST,image,jw05893007005_02101_00006_nrcb3,exposure (L2b): 2D calibrated exposure average over integrations,S,mast:JWST/product/jw05893007005_02101_00006_nrcb3_cal.fits,SCIENCE,,CAL,,CALJWST,2.0.0,5893,jw05893007005_02101_00006_nrcb3_cal.fits,117573120,264796983,PUBLIC,2,F200W
264148156,JWST,image,jw05893007005_02101_00006_nrcb4,exposure (L2b): 2D calibrated exposure average over integrations,S,mast:JWST/product/jw05893007005_02101_00006_nrcb4_cal.fits,SCIENCE,,CAL,,CALJWST,2.0.0,5893,jw05893007005_02101_00006_nrcb4_cal.fits,117573120,264796983,PUBLIC,2,F200W
264148508,JWST,image,jw05893007005_02101_00006_nrca3,exposure (L2b): 2D calibrated exposure average over integrations,S,mast:JWST/product/jw05893007005_02101_00006_nrca3_cal.fits,SCIENCE,,CAL,,CALJWST,2.0.0,5893,jw05893007005_02101_00006_nrca3_cal.fits,117573120,264796983,PUBLIC,2,F200W
264148630,JWST,image,jw05893007005_02101_00006_nrca1,exposure (L2b): 2D calibrated exposure average over integrations,S,mast:JWST/product/jw05893007005_02101_00006_nrca1_cal.fits,SCIENCE,,CAL,,CALJWST,2.0.0,5893,jw05893007005_02101_00006_nrca1_cal.fits,117570240,264796983,PUBLIC,2,F200W
264149347,JWST,image,jw05893007005_02101_00006_nrca2,exposure (L2b): 2D calibrated exposure average over integrations,S,mast:JWST/product/jw05893007005_02101_00006_nrca2_cal.fits,SCIENCE,,CAL,,CALJWST,2.0.0,5893,jw05893007005_02101_00006_nrca2_cal.fits,117570240,264796983,PUBLIC,2,F200W
264149945,JWST,image,jw05893007005_02101_00006_nrca4,exposure (L2b): 2D calibrated exposure average over integrations,S,mast:JWST/product/jw05893007005_02101_00006_nrca4_cal.fits,SCIENCE,,CAL,,CALJWST,2.0.0,5893,jw05893007005_02101_00006_nrca4_cal.fits,117573120,264796983,PUBLIC,2,F200W
264150310,JWST,image,jw05893007005_02101_00006_nrcb1,exposure (L2b): 2D calibrated exposure average over integrations,S,mast:JWST/product/jw05893007005_02101_00006_nrcb1_cal.fits,SCIENCE,,CAL,,CALJWST,2.0.0,5893,jw05893007005_02101_00006_nrcb1_cal.fits,117573120,264796983,PUBLIC,2,F200W
264501204,JWST,image,jw05893007006_02101_00004_nrca2,exposure (L2b): 2D calibrated exposure average over integrations,S,mast:JWST/product/jw05893007006_02101_00004_nrca2_cal.fits,SCIENCE,,CAL,,CALJWST,2.0.0,5893,jw05893007006_02101_00004_nrca2_cal.fits,117570240,264796983,PUBLIC,2,F200W
264501206,JWST,image,jw05893007006_02101_00001_nrca4,exposure (L2b): 2D calibrated exposure average over integrations,S,mast:JWST/product/jw05893007006_02101_00001_nrca4_cal.fits,SCIENCE,,CAL,,CALJWST,2.0.0,5893,jw05893007006_02101_00001_nrca4_cal.fits,117573120,264796983,PUBLIC,2,F200W
264501207,JWST,image,jw05893007006_02101_00003_nrca2,exposure (L2b): 2D calibrated exposure average over integrations,S,mast:JWST/product/jw05893007006_02101_00003_nrca2_cal.fits,SCIENCE,,CAL,,CALJWST,2.0.0,5893,jw05893007006_02101_00003_nrca2_cal.fits,117570240,264796983,PUBLIC,2,F200W
264501223,JWST,image,jw05893007006_02101_00004_nrca3,exposure (L2b): 2D calibrated exposure average over integrations,S,mast:JWST/product/jw05893007006_02101_00004_nrca3_cal.fits,SCIENCE,,CAL,,CALJWST,2.0.0,5893,jw05893007006_02101_00004_nrca3_cal.fits,117573120,264796983,PUBLIC,2,F200W
264501252,JWST,image,jw05893007006_02101_00004_nrca4,exposure (L2b): 2D calibrated exposure average over integrations,S,mast:JWST/product/jw05893007006_02101_00004_nrca4_cal.fits,SCIENCE,,CAL,,CALJWST,2.0.0,5893,jw05893007006_02101_00004_nrca4_cal.fits,117573120,264796983,PUBLIC,2,F200W
264501278,JWST,image,jw05893007006_02101_00001_nrca2,exposure (L2b): 2D calibrated exposure average over integrations,S,mast:JWST/product/jw05893007006_02101_00001_nrca2_cal.fits,SCIENCE,,CAL,,CALJWST,2.0.0,5893,jw05893007006_02101_00001_nrca2_cal.fits,117570240,264796983,PUBLIC,2,F200W
264501321,JWST,image,jw05893007006_02101_00003_nrca1,exposure (L2b): 2D calibrated exposure average over integrations,S,mast:JWST/product/jw05893007006_02101_00003_nrca1_cal.fits,SCIENCE,,CAL,,CALJWST,2.0.0,5893,jw05893007006_02101_00003_nrca1_cal.fits,117570240,264796983,PUBLIC,2,F200W
264501347,JWST,image,jw05893007006_02101_00002_nrca3,exposure (L2b): 2D calibrated exposure average over integrations,S,mast:JWST/product/jw05893007006_02101_00002_nrca3_cal.fits,SCIENCE,,CAL,,CALJWST,2.0.0,5893,jw05893007006_02101_00002_nrca3_cal.fits,117573120,264796983,PUBLIC,2,F200W
264501371,JWST,image,jw05893007006_02101_00002_nrca2,exposure (L2b): 2D calibrated exposure average over integrations,S,mast:JWST/product/jw05893007006_02101_00002_nrca2_cal.fits,SCIENCE,,CAL,,CALJWST,2.0.0,5893,jw05893007006_02101_00002_nrca2_cal.fits,117570240,264796983,PUBLIC,2,F200W
264501397,JWST,image,jw05893007006_02101_00002_nrca1,exposure (L2b): 2D calibrated exposure average over integrations,S,mast:JWST/product/jw05893007006_02101_00002_nrca1_cal.fits,SCIENCE,,CAL,,CALJWST,2.0.0,5893,jw05893007006_02101_00002_nrca1_cal.fits,117570240,264796983,PUBLIC,2,F200W
264501418,JWST,image,jw05893007006_02101_00002_nrca4,exposure (L2b): 2D calibrated exposure average over integrations,S,mast:JWST/product/jw05893007006_02101_00002_nrca4_cal.fits,SCIENCE,,CAL,,CALJWST,2.0.0,5893,jw05893007006_02101_00002_nrca4_cal.fits,117573120,264796983,PUBLIC,2,F200W
264501442,JWST,image,jw05893007006_02101_00001_nrca3,exposure (L2b): 2D calibrated exposure average over integrations,S,mast:JWST/product/jw05893007006_02101_00001_nrca3_cal.fits,SCIENCE,,CAL,,CALJWST,2.0.0,5893,jw05893007006_02101_00001_nrca3_cal.fits,117573120,264796983,PUBLIC,2,F200W
264501478,JWST,image,jw05893007006_02101_00004_nrca1,exposure (L2b): 2D calibrated exposure average over integrations,S,mast:JWST/product/jw05893007006_02101_00004_nrca1_cal.fits,SCIENCE,,CAL,,CALJWST,2.0.0,5893,jw05893007006_02101_00004_nrca1_cal.fits,117570240,264796983,PUBLIC,2,F200W
264501493,JWST,image,jw05893007006_02101_00001_nrca1,exposure (L2b): 2D calibrated exposure average over integrations,S,mast:JWST/product/jw05893007006_02101_00001_nrca1_cal.fits,SCIENCE,,CAL,,CALJWST,2.0.0,5893,jw05893007006_02101_00001_nrca1_cal.fits,117570240,264796983,PUBLIC,2,F200W
264501498,JWST,image,jw05893007006_02101_00003_nrca3,exposure (L2b): 2D calibrated exposure average over integrations,S,mast:JWST/product/jw05893007006_02101_00003_nrca3_cal.fits,SCIENCE,,CAL,,CALJWST,2.0.0,5893,jw05893007006_02101_00003_nrca3_cal.fits,117573120,264796983,PUBLIC,2,F200W
264533757,JWST,image,jw05893007006_02101_00005_nrcb2,exposure (L2b): 2D calibrated exposure average over integrations,S,mast:JWST/product/jw05893007006_02101_00005_nrcb2_cal.fits,SCIENCE,,CAL,,CALJWST,2.0.0,5893,jw05893007006_02101_00005_nrcb2_cal.fits,117573120,264796983,PUBLIC,2,F200W
264533850,JWST,image,jw05893007006_02101_00002_nrcb2,exposure (L2b): 2D calibrated exposure average over integrations,S,mast:JWST/product/jw05893007006_02101_00002_nrcb2_cal.fits,SCIENCE,,CAL,,CALJWST,2.0.0,5893,jw05893007006_02101_00002_nrcb2_cal.fits,117573120,264796983,PUBLIC,2,F200W
264533901,JWST,image,jw05893007006_02101_00006_nrca3,exposure (L2b): 2D calibrated exposure average over integrations,S,mast:JWST/product/jw05893007006_02101_00006_nrca3_cal.fits,SCIENCE,,CAL,,CALJWST,2.0.0,5893,jw05893007006_02101_00006_nrca3_cal.fits,117573120,264796983,PUBLIC,2,F200W
264534072,JWST,image,jw05893007006_02101_00006_nrcb4,exposure (L2b): 2D calibrated exposure average over integrations,S,mast:JWST/product/jw05893007006_02101_00006_nrcb4_cal.fits,SCIENCE,,CAL,,CALJWST,2.0.0,5893,jw05893007006_02101_00006_nrcb4_cal.fits,117573120,264796983,PUBLIC,2,F200W
264534215,JWST,image,jw05893007006_02101_00001_nrcb4,exposure (L2b): 2D calibrated exposure average over integrations,S,mast:JWST/product/jw05893007006_02101_00001_nrcb4_cal.fits,SCIENCE,,CAL,,CALJWST,2.0.0,5893,jw05893007006_02101_00001_nrcb4_cal.fits,117573120,264796983,PUBLIC,2,F200W
264534217,JWST,image,jw05893007006_02101_00006_nrca2,exposure (L2b): 2D calibrated exposure average over integrations,S,mast:JWST/product/jw05893007006_02101_00006_nrca2_cal.fits,SCIENCE,,CAL,,CALJWST,2.0.0,5893,jw05893007006_02101_00006_nrca2_cal.fits,117570240,264796983,PUBLIC,2,F200W
264534236,JWST,image,jw05893007006_02101_00005_nrca2,exposure (L2b): 2D calibrated exposure average over integrations,S,mast:JWST/product/jw05893007006_02101_00005_nrca2_cal.fits,SCIENCE,,CAL,,CALJWST,2.0.0,5893,jw05893007006_02101_00005_nrca2_cal.fits,117570240,264796983,PUBLIC,2,F200W
264534262,JWST,image,jw05893007006_02101_00005_nrcb3,exposure (L2b): 2D calibrated exposure average over integrations,S,mast:JWST/product/jw05893007006_02101_00005_nrcb3_cal.fits,SCIENCE,,CAL,,CALJWST,2.0.0,5893,jw05893007006_02101_00005_nrcb3_cal.fits,117573120,264796983,PUBLIC,2,F200W
264534299,JWST,image,jw05893007006_02101_00002_nrcb1,exposure (L2b): 2D calibrated exposure average over integrations,S,mast:JWST/product/jw05893007006_02101_00002_nrcb1_cal.fits,SCIENCE,,CAL,,CALJWST,2.0.0,5893,jw05893007006_02101_00002_nrcb1_cal.fits,117573120,264796983,PUBLIC,2,F200W
264534527,JWST,image,jw05893007006_02101_00004_nrcb4,exposure (L2b): 2D calibrated exposure average over integrations,S,mast:JWST/product/jw05893007006_02101_00004_nrcb4_cal.fits,SCIENCE,,CAL,,CALJWST,2.0.0,5893,jw05893007006_02101_00004_nrcb4_cal.fits,117573120,264796983,PUBLIC,2,F200W
264534549,JWST,image,jw05893007006_02101_00001_nrcb3,exposure (L2b): 2D calibrated exposure average over integrations,S,mast:JWST/product/jw05893007006_02101_00001_nrcb3_cal.fits,SCIENCE,,CAL,,CALJWST,2.0.0,5893,jw05893007006_02101_00001_nrcb3_cal.fits,117573120,264796983,PUBLIC,2,F200W
264534577,JWST,image,jw05893007006_02101_00001_nrcb2,exposure (L2b): 2D calibrated exposure average over integrations,S,mast:JWST/product/jw05893007006_02101_00001_nrcb2_cal.fits,SCIENCE,,CAL,,CALJWST,2.0.0,5893,jw05893007006_02101_00001_nrcb2_cal.fits,117573120,264796983,PUBLIC,2,F200W
264534596,JWST,image,jw05893007006_02101_00005_nrcb4,exposure (L2b): 2D calibrated exposure average over integrations,S,mast:JWST/product/jw05893007006_02101_00005_nrcb4_cal.fits,SCIENCE,,CAL,,CALJWST,2.0.0,5893,jw05893007006_02101_00005_nrcb4_cal.fits,117573120,264796983,PUBLIC,2,F200W
264534664,JWST,image,jw05893007006_02101_00002_nrcb3,exposure (L2b): 2D calibrated exposure average over integrations,S,mast:JWST/product/jw05893007006_02101_00002_nrcb3_cal.fits,SCIENCE,,CAL,,CALJWST,2.0.0,5893,jw05893007006_02101_00002_nrcb3_cal.fits,117573120,264796983,PUBLIC,2,F200W
264534709,JWST,image,jw05893007006_02101_00006_nrcb1,exposure (L2b): 2D calibrated exposure average over integrations,S,mast:JWST/product/jw05893007006_02101_00006_nrcb1_cal.fits,SCIENCE,,CAL,,CALJWST,2.0.0,5893,jw05893007006_02101_00006_nrcb1_cal.fits,117573120,264796983,PUBLIC,2,F200W
264534721,JWST,image,jw05893007006_02101_00004_nrcb1,exposure (L2b): 2D calibrated exposure average over integrations,S,mast:JWST/product/jw05893007006_02101_00004_nrcb1_cal.fits,SCIENCE,,CAL,,CALJWST,2.0.0,5893,jw05893007006_02101_00004_nrcb1_cal.fits,117573120,264796983,PUBLIC,2,F200W
264534796,JWST,image,jw05893007006_02101_00004_nrcb2,exposure (L2b): 2D calibrated exposure average over integrations,S,mast:JWST/product/jw05893007006_02101_00004_nrcb2_cal.fits,SCIENCE,,CAL,,CALJWST,2.0.0,5893,jw05893007006_02101_00004_nrcb2_cal.fits,117573120,264796983,PUBLIC,2,F200W
264534829,JWST,image,jw05893007006_02101_00003_nrcb1,exposure (L2b): 2D calibrated exposure average over integrations,S,mast:JWST/product/jw05893007006_02101_00003_nrcb1_cal.fits,SCIENCE,,CAL,,CALJWST,2.0.0,5893,jw05893007006_02101_00003_nrcb1_cal.fits,117573120,264796983,PUBLIC,2,F200W
264534863,JWST,image,jw05893007006_02101_00002_nrcb4,exposure (L2b): 2D calibrated exposure average over integrations,S,mast:JWST/product/jw05893007006_02101_00002_nrcb4_cal.fits,SCIENCE,,CAL,,CALJWST,2.0.0,5893,jw05893007006_02101_00002_nrcb4_cal.fits,117573120,264796983,PUBLIC,2,F200W
264534901,JWST,image,jw05893007006_02101_00006_nrca4,exposure (L2b): 2D calibrated exposure average over integrations,S,mast:JWST/product/jw05893007006_02101_00006_nrca4_cal.fits,SCIENCE,,CAL,,CALJWST,2.0.0,5893,jw05893007006_02101_00006_nrca4_cal.fits,117573120,264796983,PUBLIC,2,F200W
264534970,JWST,image,jw05893007006_02101_00004_nrcb3,exposure (L2b): 2D calibrated exposure average over integrations,S,mast:JWST/product/jw05893007006_02101_00004_nrcb3_cal.fits,SCIENCE,,CAL,,CALJWST,2.0.0,5893,jw05893007006_02101_00004_nrcb3_cal.fits,117573120,264796983,PUBLIC,2,F200W
264534991,JWST,image,jw05893007006_02101_00005_nrcb1,exposure (L2b): 2D calibrated exposure average over integrations,S,mast:JWST/product/jw05893007006_02101_00005_nrcb1_cal.fits,SCIENCE,,CAL,,CALJWST,2.0.0,5893,jw05893007006_02101_00005_nrcb1_cal.fits,117573120,264796983,PUBLIC,2,F200W
264535066,JWST,image,jw05893007006_02101_00001_nrcb1,exposure (L2b): 2D calibrated exposure average over integrations,S,mast:JWST/product/jw05893007006_02101_00001_nrcb1_cal.fits,SCIENCE,,CAL,,CALJWST,2.0.0,5893,jw05893007006_02101_00001_nrcb1_cal.fits,117573120,264796983,PUBLIC,2,F200W
264535069,JWST,image,jw05893007006_02101_00003_nrcb4,exposure (L2b): 2D calibrated exposure average over integrations,S,mast:JWST/product/jw05893007006_02101_00003_nrcb4_cal.fits,SCIENCE,,CAL,,CALJWST,2.0.0,5893,jw05893007006_02101_00003_nrcb4_cal.fits,117573120,264796983,PUBLIC,2,F200W
264535097,JWST,image,jw05893007006_02101_00006_nrcb3,exposure (L2b): 2D calibrated exposure average over integrations,S,mast:JWST/product/jw05893007006_02101_00006_nrcb3_cal.fits,SCIENCE,,CAL,,CALJWST,2.0.0,5893,jw05893007006_02101_00006_nrcb3_cal.fits,117573120,264796983,PUBLIC,2,F200W
264535185,JWST,image,jw05893007006_02101_00005_nrca3,exposure (L2b): 2D calibrated exposure average over integrations,S,mast:JWST/product/jw05893007006_02101_00005_nrca3_cal.fits,SCIENCE,,CAL,,CALJWST,2.0.0,5893,jw05893007006_02101_00005_nrca3_cal.fits,117573120,264796983,PUBLIC,2,F200W
264535286,JWST,image,jw05893007006_02101_00006_nrca1,exposure (L2b): 2D calibrated exposure average over integrations,S,mast:JWST/product/jw05893007006_02101_00006_nrca1_cal.fits,SCIENCE,,CAL,,CALJWST,2.0.0,5893,jw05893007006_02101_00006_nrca1_cal.fits,117570240,264796983,PUBLIC,2,F200W
264535357,JWST,image,jw05893007006_02101_00003_nrcb2,exposure (L2b): 2D calibrated exposure average over integrations,S,mast:JWST/product/jw05893007006_02101_00003_nrcb2_cal.fits,SCIENCE,,CAL,,CALJWST,2.0.0,5893,jw05893007006_02101_00003_nrcb2_cal.fits,117573120,264796983,PUBLIC,2,F200W
264535380,JWST,image,jw05893007006_02101_00006_nrcb2,exposure (L2b): 2D calibrated exposure average over integrations,S,mast:JWST/product/jw05893007006_02101_00006_nrcb2_cal.fits,SCIENCE,,CAL,,CALJWST,2.0.0,5893,jw05893007006_02101_00006_nrcb2_cal.fits,117573120,264796983,PUBLIC,2,F200W
264535395,JWST,image,jw05893007006_02101_00005_nrca4,exposure (L2b): 2D calibrated exposure average over integrations,S,mast:JWST/product/jw05893007006_02101_00005_nrca4_cal.fits,SCIENCE,,CAL,,CALJWST,2.0.0,5893,jw05893007006_02101_00005_nrca4_cal.fits,117573120,264796983,PUBLIC,2,F200W
264535399,JWST,image,jw05893007006_02101_00005_nrca1,exposure (L2b): 2D calibrated exposure average over integrations,S,mast:JWST/product/jw05893007006_02101_00005_nrca1_cal.fits,SCIENCE,,CAL,,CALJWST,2.0.0,5893,jw05893007006_02101_00005_nrca1_cal.fits,117570240,264796983,PUBLIC,2,F200W
264535522,JWST,image,jw05893007006_02101_00003_nrca4,exposure (L2b): 2D calibrated exposure average over integrations,S,mast:JWST/product/jw05893007006_02101_00003_nrca4_cal.fits,SCIENCE,,CAL,,CALJWST,2.0.0,5893,jw05893007006_02101_00003_nrca4_cal.fits,117573120,264796983,PUBLIC,2,F200W
264535546,JWST,image,jw05893007006_02101_00003_nrcb3,exposure (L2b): 2D calibrated exposure average over integrations,S,mast:JWST/product/jw05893007006_02101_00003_nrcb3_cal.fits,SCIENCE,,CAL,,CALJWST,2.0.0,5893,jw05893007006_02101_00003_nrcb3_cal.fits,117573120,264796983,PUBLIC,2,F200W
264550034,JWST,image,jw05893007007_02101_00001_nrca4,exposure (L2b): 2D calibrated exposure average over integrations,S,mast:JWST/product/jw05893007007_02101_00001_nrca4_cal.fits,SCIENCE,,CAL,,CALJWST,2.0.0,5893,jw05893007007_02101_00001_nrca4_cal.fits,117573120,264796983,PUBLIC,2,F200W
264550070,JWST,image,jw05893007007_02101_00001_nrcb2,exposure (L2b): 2D calibrated exposure average over integrations,S,mast:JWST/product/jw05893007007_02101_00001_nrcb2_cal.fits,SCIENCE,,CAL,,CALJWST,2.0.0,5893,jw05893007007_02101_00001_nrcb2_cal.fits,117573120,264796983,PUBLIC,2,F200W
264583769,JWST,image,jw05893007007_02101_00004_nrcb1,exposure (L2b): 2D calibrated exposure average over integrations,S,mast:JWST/product/jw05893007007_02101_00004_nrcb1_cal.fits,SCIENCE,,CAL,,CALJWST,2.0.0,5893,jw05893007007_02101_00004_nrcb1_cal.fits,117573120,264796983,PUBLIC,2,F200W
264583806,JWST,image,jw05893007007_02101_00003_nrca4,exposure (L2b): 2D calibrated exposure average over integrations,S,mast:JWST/product/jw05893007007_02101_00003_nrca4_cal.fits,SCIENCE,,CAL,,CALJWST,2.0.0,5893,jw05893007007_02101_00003_nrca4_cal.fits,117573120,264796983,PUBLIC,2,F200W
264583891,JWST,image,jw05893007007_02101_00001_nrcb4,exposure (L2b): 2D calibrated exposure average over integrations,S,mast:JWST/product/jw05893007007_02101_00001_nrcb4_cal.fits,SCIENCE,,CAL,,CALJWST,2.0.0,5893,jw05893007007_02101_00001_nrcb4_cal.fits,117573120,264796983,PUBLIC,2,F200W
264583919,JWST,image,jw05893007007_02101_00001_nrca3,exposure (L2b): 2D calibrated exposure average over integrations,S,mast:JWST/product/jw05893007007_02101_00001_nrca3_cal.fits,SCIENCE,,CAL,,CALJWST,2.0.0,5893,jw05893007007_02101_00001_nrca3_cal.fits,117573120,264796983,PUBLIC,2,F200W
264584028,JWST,image,jw05893007007_02101_00002_nrca4,exposure (L2b): 2D calibrated exposure average over integrations,S,mast:JWST/product/jw05893007007_02101_00002_nrca4_cal.fits,SCIENCE,,CAL,,CALJWST,2.0.0,5893,jw05893007007_02101_00002_nrca4_cal.fits,117573120,264796983,PUBLIC,2,F200W
264584050,JWST,image,jw05893007007_02101_00004_nrcb4,exposure (L2b): 2D calibrated exposure average over integrations,S,mast:JWST/product/jw05893007007_02101_00004_nrcb4_cal.fits,SCIENCE,,CAL,,CALJWST,2.0.0,5893,jw05893007007_02101_00004_nrcb4_cal.fits,117573120,264796983,PUBLIC,2,F200W
264584066,JWST,image,jw05893007007_02101_00003_nrcb2,exposure (L2b): 2D calibrated exposure average over integrations,S,mast:JWST/product/jw05893007007_02101_00003_nrcb2_cal.fits,SCIENCE,,CAL,,CALJWST,2.0.0,5893,jw05893007007_02101_00003_nrcb2_cal.fits,117573120,264796983,PUBLIC,2,F200W
264584074,JWST,image,jw05893007007_02101_00001_nrca1,exposure (L2b): 2D calibrated exposure average over integrations,S,mast:JWST/product/jw05893007007_02101_00001_nrca1_cal.fits,SCIENCE,,CAL,,CALJWST,2.0.0,5893,jw05893007007_02101_00001_nrca1_cal.fits,117570240,264796983,PUBLIC,2,F200W
264584101,JWST,image,jw05893007007_02101_00001_nrcb3,exposure (L2b): 2D calibrated exposure average over integrations,S,mast:JWST/product/jw05893007007_02101_00001_nrcb3_cal.fits,SCIENCE,,CAL,,CALJWST,2.0.0,5893,jw05893007007_02101_00001_nrcb3_cal.fits,117573120,264796983,PUBLIC,2,F200W
264584126,JWST,image,jw05893007007_02101_00002_nrca2,exposure (L2b): 2D calibrated exposure average over integrations,S,mast:JWST/product/jw05893007007_02101_00002_nrca2_cal.fits,SCIENCE,,CAL,,CALJWST,2.0.0,5893,jw05893007007_02101_00002_nrca2_cal.fits,117570240,264796983,PUBLIC,2,F200W
264584153,JWST,image,jw05893007007_02101_00004_nrca2,exposure (L2b): 2D calibrated exposure average over integrations,S,mast:JWST/product/jw05893007007_02101_00004_nrca2_cal.fits,SCIENCE,,CAL,,CALJWST,2.0.0,5893,jw05893007007_02101_00004_nrca2_cal.fits,117570240,264796983,PUBLIC,2,F200W
264584178,JWST,image,jw05893007007_02101_00004_nrca1,exposure (L2b): 2D calibrated exposure average over integrations,S,mast:JWST/product/jw05893007007_02101_00004_nrca1_cal.fits,SCIENCE,,CAL,,CALJWST,2.0.0,5893,jw05893007007_02101_00004_nrca1_cal.fits,117570240,264796983,PUBLIC,2,F200W
264584255,JWST,image,jw05893007007_02101_00003_nrcb3,exposure (L2b): 2D calibrated exposure average over integrations,S,mast:JWST/product/jw05893007007_02101_00003_nrcb3_cal.fits,SCIENCE,,CAL,,CALJWST,2.0.0,5893,jw05893007007_02101_00003_nrcb3_cal.fits,117573120,264796983,PUBLIC,2,F200W
264584277,JWST,image,jw05893007007_02101_00002_nrcb3,exposure (L2b): 2D calibrated exposure average over integrations,S,mast:JWST/product/jw05893007007_02101_00002_nrcb3_cal.fits,SCIENCE,,CAL,,CALJWST,2.0.0,5893,jw05893007007_02101_00002_nrcb3_cal.fits,117573120,264796983,PUBLIC,2,F200W
264584303,JWST,image,jw05893007007_02101_00001_nrca2,exposure (L2b): 2D calibrated exposure average over integrations,S,mast:JWST/product/jw05893007007_02101_00001_nrca2_cal.fits,SCIENCE,,CAL,,CALJWST,2.0.0,5893,jw05893007007_02101_00001_nrca2_cal.fits,117570240,264796983,PUBLIC,2,F200W
264584332,JWST,image,jw05893007007_02101_00002_nrcb2,exposure (L2b): 2D calibrated exposure average over integrations,S,mast:JWST/product/jw05893007007_02101_00002_nrcb2_cal.fits,SCIENCE,,CAL,,CALJWST,2.0.0,5893,jw05893007007_02101_00002_nrcb2_cal.fits,117573120,264796983,PUBLIC,2,F200W
264584359,JWST,image,jw05893007007_02101_00004_nrcb2,exposure (L2b): 2D calibrated exposure average over integrations,S,mast:JWST/product/jw05893007007_02101_00004_nrcb2_cal.fits,SCIENCE,,CAL,,CALJWST,2.0.0,5893,jw05893007007_02101_00004_nrcb2_cal.fits,117573120,264796983,PUBLIC,2,F200W
264584382,JWST,image,jw05893007007_02101_00002_nrca1,exposure (L2b): 2D calibrated exposure average over integrations,S,mast:JWST/product/jw05893007007_02101_00002_nrca1_cal.fits,SCIENCE,,CAL,,CALJWST,2.0.0,5893,jw05893007007_02101_00002_nrca1_cal.fits,117570240,264796983,PUBLIC,2,F200W
264584418,JWST,image,jw05893007007_02101_00004_nrca4,exposure (L2b): 2D calibrated exposure average over integrations,S,mast:JWST/product/jw05893007007_02101_00004_nrca4_cal.fits,SCIENCE,,CAL,,CALJWST,2.0.0,5893,jw05893007007_02101_00004_nrca4_cal.fits,117573120,264796983,PUBLIC,2,F200W
264584438,JWST,image,jw05893007007_02101_00001_nrcb1,exposure (L2b): 2D calibrated exposure average over integrations,S,mast:JWST/product/jw05893007007_02101_00001_nrcb1_cal.fits,SCIENCE,,CAL,,CALJWST,2.0.0,5893,jw05893007007_02101_00001_nrcb1_cal.fits,117573120,264796983,PUBLIC,2,F200W
264584458,JWST,image,jw05893007007_02101_00002_nrca3,exposure (L2b): 2D calibrated exposure average over integrations,S,mast:JWST/product/jw05893007007_02101_00002_nrca3_cal.fits,SCIENCE,,CAL,,CALJWST,2.0.0,5893,jw05893007007_02101_00002_nrca3_cal.fits,117573120,264796983,PUBLIC,2,F200W
264584485,JWST,image,jw05893007007_02101_00002_nrcb1,exposure (L2b): 2D calibrated exposure average over integrations,S,mast:JWST/product/jw05893007007_02101_00002_nrcb1_cal.fits,SCIENCE,,CAL,,CALJWST,2.0.0,5893,jw05893007007_02101_00002_nrcb1_cal.fits,117573120,264796983,PUBLIC,2,F200W
264584512,JWST,image,jw05893007007_02101_00003_nrca3,exposure (L2b): 2D calibrated exposure average over integrations,S,mast:JWST/product/jw05893007007_02101_00003_nrca3_cal.fits,SCIENCE,,CAL,,CALJWST,2.0.0,5893,jw05893007007_02101_00003_nrca3_cal.fits,117573120,264796983,PUBLIC,2,F200W
264584536,JWST,image,jw05893007007_02101_00003_nrcb4,exposure (L2b): 2D calibrated exposure average over integrations,S,mast:JWST/product/jw05893007007_02101_00003_nrcb4_cal.fits,SCIENCE,,CAL,,CALJWST,2.0.0,5893,jw05893007007_02101_00003_nrcb4_cal.fits,117573120,264796983,PUBLIC,2,F200W
264584562,JWST,image,jw05893007007_02101_00003_nrca1,exposure (L2b): 2D calibrated exposure average over integrations,S,mast:JWST/product/jw05893007007_02101_00003_nrca1_cal.fits,SCIENCE,,CAL,,CALJWST,2.0.0,5893,jw05893007007_02101_00003_nrca1_cal.fits,117570240,264796983,PUBLIC,2,F200W
264584617,JWST,image,jw05893007007_02101_00003_nrcb1,exposure (L2b): 2D calibrated exposure average over integrations,S,mast:JWST/product/jw05893007007_02101_00003_nrcb1_cal.fits,SCIENCE,,CAL,,CALJWST,2.0.0,5893,jw05893007007_02101_00003_nrcb1_cal.fits,117573120,264796983,PUBLIC,2,F200W
264584643,JWST,image,jw05893007007_02101_00002_nrcb4,exposure (L2b): 2D calibrated exposure average over integrations,S,mast:JWST/product/jw05893007007_02101_00002_nrcb4_cal.fits,SCIENCE,,CAL,,CALJWST,2.0.0,5893,jw05893007007_02101_00002_nrcb4_cal.fits,117573120,264796983,PUBLIC,2,F200W
264584667,JWST,image,jw05893007007_02101_00004_nrcb3,exposure (L2b): 2D calibrated exposure average over integrations,S,mast:JWST/product/jw05893007007_02101_00004_nrcb3_cal.fits,SCIENCE,,CAL,,CALJWST,2.0.0,5893,jw05893007007_02101_00004_nrcb3_cal.fits,117573120,264796983,PUBLIC,2,F200W
264584690,JWST,image,jw05893007007_02101_00004_nrca3,exposure (L2b): 2D calibrated exposure average over integrations,S,mast:JWST/product/jw05893007007_02101_00004_nrca3_cal.fits,SCIENCE,,CAL,,CALJWST,2.0.0,5893,jw05893007007_02101_00004_nrca3_cal.fits,117573120,264796983,PUBLIC,2,F200W
264584712,JWST,image,jw05893007007_02101_00003_nrca2,exposure (L2b): 2D calibrated exposure average over integrations,S,mast:JWST/product/jw05893007007_02101_00003_nrca2_cal.fits,SCIENCE,,CAL,,CALJWST,2.0.0,5893,jw05893007007_02101_00003_nrca2_cal.fits,117570240,264796983,PUBLIC,2,F200W
264593733,JWST,image,jw05893007007_02101_00005_nrca1,exposure (L2b): 2D calibrated exposure average over integrations,S,mast:JWST/product/jw05893007007_02101_00005_nrca1_cal.fits,SCIENCE,,CAL,,CALJWST,2.0.0,5893,jw05893007007_02101_00005_nrca1_cal.fits,117570240,264796983,PUBLIC,2,F200W
264593784,JWST,image,jw05893007007_02101_00005_nrcb2,exposure (L2b): 2D calibrated exposure average over integrations,S,mast:JWST/product/jw05893007007_02101_00005_nrcb2_cal.fits,SCIENCE,,CAL,,CALJWST,2.0.0,5893,jw05893007007_02101_00005_nrcb2_cal.fits,117573120,264796983,PUBLIC,2,F200W
264593821,JWST,image,jw05893007007_02101_00005_nrca2,exposure (L2b): 2D calibrated exposure average over integrations,S,mast:JWST/product/jw05893007007_02101_00005_nrca2_cal.fits,SCIENCE,,CAL,,CALJWST,2.0.0,5893,jw05893007007_02101_00005_nrca2_cal.fits,117570240,264796983,PUBLIC,2,F200W
264593875,JWST,image,jw05893007007_02101_00005_nrca3,exposure (L2b): 2D calibrated exposure average over integrations,S,mast:JWST/product/jw05893007007_02101_00005_nrca3_cal.fits,SCIENCE,,CAL,,CALJWST,2.0.0,5893,jw05893007007_02101_00005_nrca3_cal.fits,117573120,264796983,PUBLIC,2,F200W
264593904,JWST,image,jw05893007007_02101_00005_nrca4,exposure (L2b): 2D calibrated exposure average over integrations,S,mast:JWST/product/jw05893007007_02101_00005_nrca4_cal.fits,SCIENCE,,CAL,,CALJWST,2.0.0,5893,jw05893007007_02101_00005_nrca4_cal.fits,117573120,264796983,PUBLIC,2,F200W
264593966,JWST,image,jw05893007007_02101_00005_nrcb3,exposure (L2b): 2D calibrated exposure average over integrations,S,mast:JWST/product/jw05893007007_02101_00005_nrcb3_cal.fits,SCIENCE,,CAL,,CALJWST,2.0.0,5893,jw05893007007_02101_00005_nrcb3_cal.fits,117573120,264796983,PUBLIC,2,F200W
264594025,JWST,image,jw05893007007_02101_00005_nrcb1,exposure (L2b): 2D calibrated exposure average over integrations,S,mast:JWST/product/jw05893007007_02101_00005_nrcb1_cal.fits,SCIENCE,,CAL,,CALJWST,2.0.0,5893,jw05893007007_02101_00005_nrcb1_cal.fits,117573120,264796983,PUBLIC,2,F200W
264594282,JWST,image,jw05893007007_02101_00005_nrcb4,exposure (L2b): 2D calibrated exposure average over integrations,S,mast:JWST/product/jw05893007007_02101_00005_nrcb4_cal.fits,SCIENCE,,CAL,,CALJWST,2.0.0,5893,jw05893007007_02101_00005_nrcb4_cal.fits,117573120,264796983,PUBLIC,2,F200W
264606398,JWST,image,jw05893007007_02101_00006_nrcb4,exposure (L2b): 2D calibrated exposure average over integrations,S,mast:JWST/product/jw05893007007_02101_00006_nrcb4_cal.fits,SCIENCE,,CAL,,CALJWST,2.0.0,5893,jw05893007007_02101_00006_nrcb4_cal.fits,117573120,264796983,PUBLIC,2,F200W
264606413,JWST,image,jw05893007007_02101_00006_nrcb1,exposure (L2b): 2D calibrated exposure average over integrations,S,mast:JWST/product/jw05893007007_02101_00006_nrcb1_cal.fits,SCIENCE,,CAL,,CALJWST,2.0.0,5893,jw05893007007_02101_00006_nrcb1_cal.fits,117573120,264796983,PUBLIC,2,F200W
264606440,JWST,image,jw05893007007_02101_00006_nrcb2,exposure (L2b): 2D calibrated exposure average over integrations,S,mast:JWST/product/jw05893007007_02101_00006_nrcb2_cal.fits,SCIENCE,,CAL,,CALJWST,2.0.0,5893,jw05893007007_02101_00006_nrcb2_cal.fits,117573120,264796983,PUBLIC,2,F200W
264606505,JWST,image,jw05893007007_02101_00006_nrca2,exposure (L2b): 2D calibrated exposure average over integrations,S,mast:JWST/product/jw05893007007_02101_00006_nrca2_cal.fits,SCIENCE,,CAL,,CALJWST,2.0.0,5893,jw05893007007_02101_00006_nrca2_cal.fits,117570240,264796983,PUBLIC,2,F200W
264606566,JWST,image,jw05893007007_02101_00006_nrca1,exposure (L2b): 2D calibrated exposure average over integrations,S,mast:JWST/product/jw05893007007_02101_00006_nrca1_cal.fits,SCIENCE,,CAL,,CALJWST,2.0.0,5893,jw05893007007_02101_00006_nrca1_cal.fits,117570240,264796983,PUBLIC,2,F200W
264607101,JWST,image,jw05893007007_02101_00006_nrca4,exposure (L2b): 2D calibrated exposure average over integrations,S,mast:JWST/product/jw05893007007_02101_00006_nrca4_cal.fits,SCIENCE,,CAL,,CALJWST,2.0.0,5893,jw05893007007_02101_00006_nrca4_cal.fits,117573120,264796983,PUBLIC,2,F200W
264607538,JWST,image,jw05893007007_02101_00006_nrcb3,exposure (L2b): 2D calibrated exposure average over integrations,S,mast:JWST/product/jw05893007007_02101_00006_nrcb3_cal.fits,SCIENCE,,CAL,,CALJWST,2.0.0,5893,jw05893007007_02101_00006_nrcb3_cal.fits,117573120,264796983,PUBLIC,2,F200W
264607544,JWST,image,jw05893007007_02101_00006_nrca3,exposure (L2b): 2D calibrated exposure average over integrations,S,mast:JWST/product/jw05893007007_02101_00006_nrca3_cal.fits,SCIENCE,,CAL,,CALJWST,2.0.0,5893,jw05893007007_02101_00006_nrca3_cal.fits,117573120,264796983,PUBLIC,2,F200W
264635485,JWST,image,jw05893007008_02101_00001_nrca2,exposure (L2b): 2D calibrated exposure average over integrations,S,mast:JWST/product/jw05893007008_02101_00001_nrca2_cal.fits,SCIENCE,,CAL,,CALJWST,2.0.0,5893,jw05893007008_02101_00001_nrca2_cal.fits,117570240,264796983,PUBLIC,2,F200W
264635500,JWST,image,jw05893007008_02101_00001_nrcb1,exposure (L2b): 2D calibrated exposure average over integrations,S,mast:JWST/product/jw05893007008_02101_00001_nrcb1_cal.fits,SCIENCE,,CAL,,CALJWST,2.0.0,5893,jw05893007008_02101_00001_nrcb1_cal.fits,117573120,264796983,PUBLIC,2,F200W
264635517,JWST,image,jw05893007008_02101_00001_nrcb4,exposure (L2b): 2D calibrated exposure average over integrations,S,mast:JWST/product/jw05893007008_02101_00001_nrcb4_cal.fits,SCIENCE,,CAL,,CALJWST,2.0.0,5893,jw05893007008_02101_00001_nrcb4_cal.fits,117573120,264796983,PUBLIC,2,F200W
264668920,JWST,image,jw05893007008_02101_00003_nrca2,exposure (L2b): 2D calibrated exposure average over integrations,S,mast:JWST/product/jw05893007008_02101_00003_nrca2_cal.fits,SCIENCE,,CAL,,CALJWST,2.0.0,5893,jw05893007008_02101_00003_nrca2_cal.fits,117570240,264796983,PUBLIC,2,F200W
264668933,JWST,image,jw05893007008_02101_00002_nrca3,exposure (L2b): 2D calibrated exposure average over integrations,S,mast:JWST/product/jw05893007008_02101_00002_nrca3_cal.fits,SCIENCE,,CAL,,CALJWST,2.0.0,5893,jw05893007008_02101_00002_nrca3_cal.fits,117573120,264796983,PUBLIC,2,F200W
264668936,JWST,image,jw05893007008_02101_00001_nrca1,exposure (L2b): 2D calibrated exposure average over integrations,S,mast:JWST/product/jw05893007008_02101_00001_nrca1_cal.fits,SCIENCE,,CAL,,CALJWST,2.0.0,5893,jw05893007008_02101_00001_nrca1_cal.fits,117570240,264796983,PUBLIC,2,F200W
264669012,JWST,image,jw05893007008_02101_00003_nrcb2,exposure (L2b): 2D calibrated exposure average over integrations,S,mast:JWST/product/jw05893007008_02101_00003_nrcb2_cal.fits,SCIENCE,,CAL,,CALJWST,2.0.0,5893,jw05893007008_02101_00003_nrcb2_cal.fits,117573120,264796983,PUBLIC,2,F200W
264669038,JWST,image,jw05893007008_02101_00002_nrca1,exposure (L2b): 2D calibrated exposure average over integrations,S,mast:JWST/product/jw05893007008_02101_00002_nrca1_cal.fits,SCIENCE,,CAL,,CALJWST,2.0.0,5893,jw05893007008_02101_00002_nrca1_cal.fits,117570240,264796983,PUBLIC,2,F200W
264669062,JWST,image,jw05893007008_02101_00003_nrcb1,exposure (L2b): 2D calibrated exposure average over integrations,S,mast:JWST/product/jw05893007008_02101_00003_nrcb1_cal.fits,SCIENCE,,CAL,,CALJWST,2.0.0,5893,jw05893007008_02101_00003_nrcb1_cal.fits,117573120,264796983,PUBLIC,2,F200W
264669091,JWST,image,jw05893007008_02101_00003_nrca4,exposure (L2b): 2D calibrated exposure average over integrations,S,mast:JWST/product/jw05893007008_02101_00003_nrca4_cal.fits,SCIENCE,,CAL,,CALJWST,2.0.0,5893,jw05893007008_02101_00003_nrca4_cal.fits,117573120,264796983,PUBLIC,2,F200W
264669128,JWST,image,jw05893007008_02101_00003_nrca3,exposure (L2b): 2D calibrated exposure average over integrations,S,mast:JWST/product/jw05893007008_02101_00003_nrca3_cal.fits,SCIENCE,,CAL,,CALJWST,2.0.0,5893,jw05893007008_02101_00003_nrca3_cal.fits,117573120,264796983,PUBLIC,2,F200W
264669136,JWST,image,jw05893007008_02101_00002_nrcb3,exposure (L2b): 2D calibrated exposure average over integrations,S,mast:JWST/product/jw05893007008_02101_00002_nrcb3_cal.fits,SCIENCE,,CAL,,CALJWST,2.0.0,5893,jw05893007008_02101_00002_nrcb3_cal.fits,117573120,264796983,PUBLIC,2,F200W
264669153,JWST,image,jw05893007008_02101_00003_nrcb3,exposure (L2b): 2D calibrated exposure average over integrations,S,mast:JWST/product/jw05893007008_02101_00003_nrcb3_cal.fits,SCIENCE,,CAL,,CALJWST,2.0.0,5893,jw05893007008_02101_00003_nrcb3_cal.fits,117573120,264796983,PUBLIC,2,F200W
264669182,JWST,image,jw05893007008_02101_00001_nrcb3,exposure (L2b): 2D calibrated exposure average over integrations,S,mast:JWST/product/jw05893007008_02101_00001_nrcb3_cal.fits,SCIENCE,,CAL,,CALJWST,2.0.0,5893,jw05893007008_02101_00001_nrcb3_cal.fits,117573120,264796983,PUBLIC,2,F200W
264669229,JWST,image,jw05893007008_02101_00002_nrca4,exposure (L2b): 2D calibrated exposure average over integrations,S,mast:JWST/product/jw05893007008_02101_00002_nrca4_cal.fits,SCIENCE,,CAL,,CALJWST,2.0.0,5893,jw05893007008_02101_00002_nrca4_cal.fits,117573120,264796983,PUBLIC,2,F200W
264669291,JWST,image,jw05893007008_02101_00003_nrca1,exposure (L2b): 2D calibrated exposure average over integrations,S,mast:JWST/product/jw05893007008_02101_00003_nrca1_cal.fits,SCIENCE,,CAL,,CALJWST,2.0.0,5893,jw05893007008_02101_00003_nrca1_cal.fits,117570240,264796983,PUBLIC,2,F200W
264669302,JWST,image,jw05893007008_02101_00003_nrcb4,exposure (L2b): 2D calibrated exposure average over integrations,S,mast:JWST/product/jw05893007008_02101_00003_nrcb4_cal.fits,SCIENCE,,CAL,,CALJWST,2.0.0,5893,jw05893007008_02101_00003_nrcb4_cal.fits,117573120,264796983,PUBLIC,2,F200W
264669356,JWST,image,jw05893007008_02101_00002_nrcb2,exposure (L2b): 2D calibrated exposure average over integrations,S,mast:JWST/product/jw05893007008_02101_00002_nrcb2_cal.fits,SCIENCE,,CAL,,CALJWST,2.0.0,5893,jw05893007008_02101_00002_nrcb2_cal.fits,117573120,264796983,PUBLIC,2,F200W
264669375,JWST,image,jw05893007008_02101_00002_nrcb4,exposure (L2b): 2D calibrated exposure average over integrations,S,mast:JWST/product/jw05893007008_02101_00002_nrcb4_cal.fits,SCIENCE,,CAL,,CALJWST,2.0.0,5893,jw05893007008_02101_00002_nrcb4_cal.fits,117573120,264796983,PUBLIC,2,F200W
264669428,JWST,image,jw05893007008_02101_00001_nrca3,exposure (L2b): 2D calibrated exposure average over integrations,S,mast:JWST/product/jw05893007008_02101_00001_nrca3_cal.fits,SCIENCE,,CAL,,CALJWST,2.0.0,5893,jw05893007008_02101_00001_nrca3_cal.fits,117573120,264796983,PUBLIC,2,F200W
264669474,JWST,image,jw05893007008_02101_00001_nrcb2,exposure (L2b): 2D calibrated exposure average over integrations,S,mast:JWST/product/jw05893007008_02101_00001_nrcb2_cal.fits,SCIENCE,,CAL,,CALJWST,2.0.0,5893,jw05893007008_02101_00001_nrcb2_cal.fits,117573120,264796983,PUBLIC,2,F200W
264669511,JWST,image,jw05893007008_02101_00002_nrcb1,exposure (L2b): 2D calibrated exposure average over integrations,S,mast:JWST/product/jw05893007008_02101_00002_nrcb1_cal.fits,SCIENCE,,CAL,,CALJWST,2.0.0,5893,jw05893007008_02101_00002_nrcb1_cal.fits,117573120,264796983,PUBLIC,2,F200W
264669524,JWST,image,jw05893007008_02101_00002_nrca2,exposure (L2b): 2D calibrated exposure average over integrations,S,mast:JWST/product/jw05893007008_02101_00002_nrca2_cal.fits,SCIENCE,,CAL,,CALJWST,2.0.0,5893,jw05893007008_02101_00002_nrca2_cal.fits,117570240,264796983,PUBLIC,2,F200W
264669528,JWST,image,jw05893007008_02101_00001_nrca4,exposure (L2b): 2D calibrated exposure average over integrations,S,mast:JWST/product/jw05893007008_02101_00001_nrca4_cal.fits,SCIENCE,,CAL,,CALJWST,2.0.0,5893,jw05893007008_02101_00001_nrca4_cal.fits,117573120,264796983,PUBLIC,2,F200W
264678788,JWST,image,jw05893007008_02101_00004_nrca1,exposure (L2b): 2D calibrated exposure average over integrations,S,mast:JWST/product/jw05893007008_02101_00004_nrca1_cal.fits,SCIENCE,,CAL,,CALJWST,2.0.0,5893,jw05893007008_02101_00004_nrca1_cal.fits,117570240,264796983,PUBLIC,2,F200W
264678864,JWST,image,jw05893007008_02101_00004_nrcb2,exposure (L2b): 2D calibrated exposure average over integrations,S,mast:JWST/product/jw05893007008_02101_00004_nrcb2_cal.fits,SCIENCE,,CAL,,CALJWST,2.0.0,5893,jw05893007008_02101_00004_nrcb2_cal.fits,117573120,264796983,PUBLIC,2,F200W
264678895,JWST,image,jw05893007008_02101_00004_nrca3,exposure (L2b): 2D calibrated exposure average over integrations,S,mast:JWST/product/jw05893007008_02101_00004_nrca3_cal.fits,SCIENCE,,CAL,,CALJWST,2.0.0,5893,jw05893007008_02101_00004_nrca3_cal.fits,117573120,264796983,PUBLIC,2,F200W
264678917,JWST,image,jw05893007008_02101_00004_nrcb4,exposure (L2b): 2D calibrated exposure average over integrations,S,mast:JWST/product/jw05893007008_02101_00004_nrcb4_cal.fits,SCIENCE,,CAL,,CALJWST,2.0.0,5893,jw05893007008_02101_00004_nrcb4_cal.fits,117573120,264796983,PUBLIC,2,F200W
264678934,JWST,image,jw05893007008_02101_00004_nrca2,exposure (L2b): 2D calibrated exposure average over integrations,S,mast:JWST/product/jw05893007008_02101_00004_nrca2_cal.fits,SCIENCE,,CAL,,CALJWST,2.0.0,5893,jw05893007008_02101_00004_nrca2_cal.fits,117570240,264796983,PUBLIC,2,F200W
264679084,JWST,image,jw05893007008_02101_00004_nrcb1,exposure (L2b): 2D calibrated exposure average over integrations,S,mast:JWST/product/jw05893007008_02101_00004_nrcb1_cal.fits,SCIENCE,,CAL,,CALJWST,2.0.0,5893,jw05893007008_02101_00004_nrcb1_cal.fits,117573120,264796983,PUBLIC,2,F200W
264679205,JWST,image,jw05893007008_02101_00004_nrca4,exposure (L2b): 2D calibrated exposure average over integrations,S,mast:JWST/product/jw05893007008_02101_00004_nrca4_cal.fits,SCIENCE,,CAL,,CALJWST,2.0.0,5893,jw05893007008_02101_00004_nrca4_cal.fits,117573120,264796983,PUBLIC,2,F200W
264679431,JWST,image,jw05893007008_02101_00004_nrcb3,exposure (L2b): 2D calibrated exposure average over integrations,S,mast:JWST/product/jw05893007008_02101_00004_nrcb3_cal.fits,SCIENCE,,CAL,,CALJWST,2.0.0,5893,jw05893007008_02101_00004_nrcb3_cal.fits,117573120,264796983,PUBLIC,2,F200W
264690454,JWST,image,jw05893007008_02101_00006_nrca2,exposure (L2b): 2D calibrated exposure average over integrations,S,mast:JWST/product/jw05893007008_02101_00006_nrca2_cal.fits,SCIENCE,,CAL,,CALJWST,2.0.0,5893,jw05893007008_02101_00006_nrca2_cal.fits,117570240,264796983,PUBLIC,2,F200W
264690484,JWST,image,jw05893007008_02101_00005_nrca4,exposure (L2b): 2D calibrated exposure average over integrations,S,mast:JWST/product/jw05893007008_02101_00005_nrca4_cal.fits,SCIENCE,,CAL,,CALJWST,2.0.0,5893,jw05893007008_02101_00005_nrca4_cal.fits,117573120,264796983,PUBLIC,2,F200W
264690513,JWST,image,jw05893007008_02101_00005_nrca1,exposure (L2b): 2D calibrated exposure average over integrations,S,mast:JWST/product/jw05893007008_02101_00005_nrca1_cal.fits,SCIENCE,,CAL,,CALJWST,2.0.0,5893,jw05893007008_02101_00005_nrca1_cal.fits,117570240,264796983,PUBLIC,2,F200W
264690589,JWST,image,jw05893007008_02101_00006_nrca1,exposure (L2b): 2D calibrated exposure average over integrations,S,mast:JWST/product/jw05893007008_02101_00006_nrca1_cal.fits,SCIENCE,,CAL,,CALJWST,2.0.0,5893,jw05893007008_02101_00006_nrca1_cal.fits,117570240,264796983,PUBLIC,2,F200W
264690592,JWST,image,jw05893007008_02101_00005_nrca2,exposure (L2b): 2D calibrated exposure average over integrations,S,mast:JWST/product/jw05893007008_02101_00005_nrca2_cal.fits,SCIENCE,,CAL,,CALJWST,2.0.0,5893,jw05893007008_02101_00005_nrca2_cal.fits,117570240,264796983,PUBLIC,2,F200W
264691121,JWST,image,jw05893007008_02101_00005_nrcb4,exposure (L2b): 2D calibrated exposure average over integrations,S,mast:JWST/product/jw05893007008_02101_00005_nrcb4_cal.fits,SCIENCE,,CAL,,CALJWST,2.0.0,5893,jw05893007008_02101_00005_nrcb4_cal.fits,117573120,264796983,PUBLIC,2,F200W
264691241,JWST,image,jw05893007008_02101_00005_nrcb1,exposure (L2b): 2D calibrated exposure average over integrations,S,mast:JWST/product/jw05893007008_02101_00005_nrcb1_cal.fits,SCIENCE,,CAL,,CALJWST,2.0.0,5893,jw05893007008_02101_00005_nrcb1_cal.fits,117573120,264796983,PUBLIC,2,F200W
264691328,JWST,image,jw05893007008_02101_00005_nrcb3,exposure (L2b): 2D calibrated exposure average over integrations,S,mast:JWST/product/jw05893007008_02101_00005_nrcb3_cal.fits,SCIENCE,,CAL,,CALJWST,2.0.0,5893,jw05893007008_02101_00005_nrcb3_cal.fits,117573120,264796983,PUBLIC,2,F200W
264691415,JWST,image,jw05893007008_02101_00005_nrca3,exposure (L2b): 2D calibrated exposure average over integrations,S,mast:JWST/product/jw05893007008_02101_00005_nrca3_cal.fits,SCIENCE,,CAL,,CALJWST,2.0.0,5893,jw05893007008_02101_00005_nrca3_cal.fits,117573120,264796983,PUBLIC,2,F200W
264691705,JWST,image,jw05893007008_02101_00005_nrcb2,exposure (L2b): 2D calibrated exposure average over integrations,S,mast:JWST/product/jw05893007008_02101_00005_nrcb2_cal.fits,SCIENCE,,CAL,,CALJWST,2.0.0,5893,jw05893007008_02101_00005_nrcb2_cal.fits,117573120,264796983,PUBLIC,2,F200W
264691792,JWST,image,jw05893007008_02101_00006_nrcb1,exposure (L2b): 2D calibrated exposure average over integrations,S,mast:JWST/product/jw05893007008_02101_00006_nrcb1_cal.fits,SCIENCE,,CAL,,CALJWST,2.0.0,5893,jw05893007008_02101_00006_nrcb1_cal.fits,117573120,264796983,PUBLIC,2,F200W
264723018,JWST,image,jw05893007008_02101_00006_nrca3,exposure (L2b): 2D calibrated exposure average over integrations,S,mast:JWST/product/jw05893007008_02101_00006_nrca3_cal.fits,SCIENCE,,CAL,,CALJWST,2.0.0,5893,jw05893007008_02101_00006_nrca3_cal.fits,117573120,264796983,PUBLIC,2,F200W
264723058,JWST,image,jw05893007008_02101_00006_nrcb2,exposure (L2b): 2D calibrated exposure average over integrations,S,mast:JWST/product/jw05893007008_02101_00006_nrcb2_cal.fits,SCIENCE,,CAL,,CALJWST,2.0.0,5893,jw05893007008_02101_00006_nrcb2_cal.fits,117573120,264796983,PUBLIC,2,F200W
264723090,JWST,image,jw05893007008_02101_00006_nrcb3,exposure (L2b): 2D calibrated exposure average over integrations,S,mast:JWST/product/jw05893007008_02101_00006_nrcb3_cal.fits,SCIENCE,,CAL,,CALJWST,2.0.0,5893,jw05893007008_02101_00006_nrcb3_cal.fits,117573120,264796983,PUBLIC,2,F200W
264724050,JWST,image,jw05893007008_02101_00006_nrca4,exposure (L2b): 2D calibrated exposure average over integrations,S,mast:JWST/product/jw05893007008_02101_00006_nrca4_cal.fits,SCIENCE,,CAL,,CALJWST,2.0.0,5893,jw05893007008_02101_00006_nrca4_cal.fits,117573120,264796983,PUBLIC,2,F200W
264724741,JWST,image,jw05893007008_02101_00006_nrcb4,exposure (L2b): 2D calibrated exposure average over integrations,S,mast:JWST/product/jw05893007008_02101_00006_nrcb4_cal.fits,SCIENCE,,CAL,,CALJWST,2.0.0,5893,jw05893007008_02101_00006_nrcb4_cal.fits,117573120,264796983,PUBLIC,2,F200W
