obsID,obs_collection,dataproduct_type,obs_id,description,type,dataURI,productType,productGroupDescription,productSubGroupDescription,productDocumentationURL,project,prvversion,proposal_id,productFilename,size,parent_obsid,dataRights,calib_level,filters
262820147,JWST,image,jw05893001001_02101_00005_nrca2,exposure (L2b): 2D calibrated exposure average over integrations,S,mast:JWST/product/jw05893001001_02101_00005_nrca2_cal.fits,SCIENCE,,CAL,,CALJWST,2.0.0,5893,jw05893001001_02101_00005_nrca2_cal.fits,117570240,262821783,PUBLIC,2,F200W
262820148,JWST,image,jw05893001001_02101_00006_nrca2,exposure (L2b): 2D calibrated exposure average over integrations,S,mast:JWST/product/jw05893001001_02101_00006_nrca2_cal.fits,SCIENCE,,CAL,,CALJWST,2.0.0,5893,jw05893001001_02101_00006_nrca2_cal.fits,117570240,262821783,PUBLIC,2,F200W
262820150,JWST,image,jw05893001001_02101_00001_nrca2,exposure (L2b): 2D calibrated exposure average over integrations,S,mast:JWST/product/jw05893001001_02101_00001_nrca2_cal.fits,SCIENCE,,CAL,,CALJWST,2.0.0,5893,jw05893001001_02101_00001_nrca2_cal.fits,117570240,262821783,PUBLIC,2,F200W
262820151,JWST,image,jw05893001001_02101_00004_nrca2,exposure (L2b): 2D calibrated exposure average over integrations,S,mast:JWST/product/jw05893001001_02101_00004_nrca2_cal.fits,SCIENCE,,CAL,,CALJWST,2.0.0,5893,jw05893001001_02101_00004_nrca2_cal.fits,117570240,262821783,PUBLIC,2,F200W
262820152,JWST,image,jw05893001001_02101_00002_nrca2,exposure (L2b): 2D calibrated exposure average over integrations,S,mast:JWST/product/jw05893001001_02101_00002_nrca2_cal.fits,SCIENCE,,CAL,,CALJWST,2.0.0,5893,jw05893001001_02101_00002_nrca2_cal.fits,117570240,262821783,PUBLIC,2,F200W
262820153,JWST,image,jw05893001001_02101_00005_nrca1,exposure (L2b): 2D calibrated exposure average over integrations,S,mast:JWST/product/jw05893001001_02101_00005_nrca1_cal.fits,SCIENCE,,CAL,,CALJWST,2.0.0,5893,jw05893001001_02101_00005_nrca1_cal.fits,117570240,262821783,PUBLIC,2,F200W
262820154,JWST,image,jw05893001001_02101_00001_nrca1,exposure (L2b): 2D calibrated exposure average over integrations,S,mast:JWST/product/jw05893001001_02101_00001_nrca1_cal.fits,SCIENCE,,CAL,,CALJWST,2.0.0,5893,jw05893001001_02101_00001_nrca1_cal.fits,117570240,262821783,PUBLIC,2,F200W
262820155,JWST,image,jw05893001001_02101_00004_nrca1,exposure (L2b): 2D calibrated exposure average over integrations,S,mast:JWST/product/jw05893001001_02101_00004_nrca1_cal.fits,SCIENCE,,CAL,,CALJWST,2.0.0,5893,jw05893001001_02101_00004_nrca1_cal.fits,117570240,262821783,PUBLIC,2,F200W
262820156,JWST,image,jw05893001001_02101_00006_nrca1,exposure (L2b): 2D calibrated exposure average over integrations,S,mast:JWST/product/jw05893001001_02101_00006_nrca1_cal.fits,SCIENCE,,CAL,,CALJWST,2.0.0,5893,jw05893001001_02101_00006_nrca1_cal.fits,117570240,262821783,PUBLIC,2,F200W
262820157,JWST,image,jw05893001001_02101_00002_nrca1,exposure (L2b): 2D calibrated exposure average over integrations,S,mast:JWST/product/jw05893001001_02101_00002_nrca1_cal.fits,SCIENCE,,CAL,,CALJWST,2.0.0,5893,jw05893001001_02101_00002_nrca1_cal.fits,117570240,262821783,PUBLIC,2,F200W
262820158,JWST,image,jw05893001001_02101_00003_nrca2,exposure (L2b): 2D calibrated exposure average over integrations,S,mast:JWST/product/jw05893001001_02101_00003_nrca2_cal.fits,SCIENCE,,CAL,,CALJWST,2.0.0,5893,jw05893001001_02101_00003_nrca2_cal.fits,117570240,262821783,PUBLIC,2,F200W
262820159,JWST,image,jw05893001001_02101_00003_nrca1,exposure (L2b): 2D calibrated exposure average over integrations,S,mast:JWST/product/jw05893001001_02101_00003_nrca1_cal.fits,SCIENCE,,CAL,,CALJWST,2.0.0,5893,jw05893001001_02101_00003_nrca1_cal.fits,117570240,262821783,PUBLIC,2,F200W
262820161,JWST,image,jw05893001001_02101_00003_nrca3,exposure (L2b): 2D calibrated exposure average over integrations,S,mast:JWST/product/jw05893001001_02101_00003_nrca3_cal.fits,SCIENCE,,CAL,,CALJWST,2.0.0,5893,jw05893001001_02101_00003_nrca3_cal.fits,117573120,262821783,PUBLIC,2,F200W
262820162,JWST,image,jw05893001001_02101_00004_nrca3,exposure (L2b): 2D calibrated exposure average over integrations,S,mast:JWST/product/jw05893001001_02101_00004_nrca3_cal.fits,SCIENCE,,CAL,,CALJWST,2.0.0,5893,jw05893001001_02101_00004_nrca3_cal.fits,117573120,262821783,PUBLIC,2,F200W
262820163,JWST,image,jw05893001001_02101_00002_nrca3,exposure (L2b): 2D calibrated exposure average over integrations,S,mast:JWST/product/jw05893001001_02101_00002_nrca3_cal.fits,SCIENCE,,CAL,,CALJWST,2.0.0,5893,jw05893001001_02101_00002_nrca3_cal.fits,117573120,262821783,PUBLIC,2,F200W
262820164,JWST,image,jw05893001001_02101_00001_nrca3,exposure (L2b): 2D calibrated exposure average over integrations,S,mast:JWST/product/jw05893001001_02101_00001_nrca3_cal.fits,SCIENCE,,CAL,,CALJWST,2.0.0,5893,jw05893001001_02101_00001_nrca3_cal.fits,117573120,262821783,PUBLIC,2,F200W
262820165,JWST,image,jw05893001001_02101_00001_nrca4,exposure (L2b): 2D calibrated exposure average over integrations,S,mast:JWST/product/jw05893001001_02101_00001_nrca4_cal.fits,SCIENCE,,CAL,,CALJWST,2.0.0,5893,jw05893001001_02101_00001_nrca4_cal.fits,117573120,262821783,PUBLIC,2,F200W
262820167,JWST,image,jw05893001001_02101_00006_nrca3,exposure (L2b): 2D calibrated exposure average over integrations,S,mast:JWST/product/jw05893001001_02101_00006_nrca3_cal.fits,SCIENCE,,CAL,,CALJWST,2.0.0,5893,jw05893001001_02101_00006_nrca3_cal.fits,117573120,262821783,PUBLIC,2,F200W
262820168,JWST,image,jw05893001001_02101_00002_nrca4,exposure (L2b): 2D calibrated exposure average over integrations,S,mast:JWST/product/jw05893001001_02101_00002_nrca4_cal.fits,SCIENCE,,CAL,,CALJWST,2.0.0,5893,jw05893001001_02101_00002_nrca4_cal.fits,117573120,262821783,PUBLIC,2,F200W
262820169,JWST,image,jw05893001001_02101_00005_nrca3,exposure (L2b): 2D calibrated exposure average over integrations,S,mast:JWST/product/jw05893001001_02101_00005_nrca3_cal.fits,SCIENCE,,CAL,,CALJWST,2.0.0,5893,jw05893001001_02101_00005_nrca3_cal.fits,117573120,262821783,PUBLIC,2,F200W
262820177,JWST,image,jw05893001001_02101_00003_nrcb2,exposure (L2b): 2D calibrated exposure average over integrations,S,mast:JWST/product/jw05893001001_02101_00003_nrcb2_cal.fits,SCIENCE,,CAL,,CALJWST,2.0.0,5893,jw05893001001_02101_00003_nrcb2_cal.fits,117573120,262821783,PUBLIC,2,F200W
262820178,JWST,image,jw05893001001_02101_00006_nrca4,exposure (L2b): 2D calibrated exposure average over integrations,S,mast:JWST/product/jw05893001001_02101_00006_nrca4_cal.fits,SCIENCE,,CAL,,CALJWST,2.0.0,5893,jw05893001001_02101_00006_nrca4_cal.fits,117573120,262821783,PUBLIC,2,F200W
262820180,JWST,image,jw05893001001_02101_00005_nrcb3,exposure (L2b): 2D calibrated exposure average over integrations,S,mast:JWST/product/jw05893001001_02101_00005_nrcb3_cal.fits,SCIENCE,,CAL,,CALJWST,2.0.0,5893,jw05893001001_02101_00005_nrcb3_cal.fits,117573120,262821783,PUBLIC,2,F200W
262820181,JWST,image,jw05893001001_02101_00002_nrcb3,exposure (L2b): 2D calibrated exposure average over integrations,S,mast:JWST/product/jw05893001001_02101_00002_nrcb3_cal.fits,SCIENCE,,CAL,,CALJWST,2.0.0,5893,jw05893001001_02101_00002_nrcb3_cal.fits,117573120,262821783,PUBLIC,2,F200W
262820182,JWST,image,jw05893001001_02101_00002_nrcb4,exposure (L2b): 2D calibrated exposure average over integrations,S,mast:JWST/product/jw05893001001_02101_00002_nrcb4_cal.fits,SCIENCE,,CAL,,CALJWST,2.0.0,5893,jw05893001001_02101_00002_nrcb4_cal.fits,117573120,262821783,PUBLIC,2,F200W
262820183,JWST,image,jw05893001001_02101_00003_nrcb4,exposure (L2b): 2D calibrated exposure average over integrations,S,mast:JWST/product/jw05893001001_02101_00003_nrcb4_cal.fits,SCIENCE,,CAL,,CALJWST,2.0.0,5893,jw05893001001_02101_00003_nrcb4_cal.fits,117573120,262821783,PUBLIC,2,F200W
262820185,JWST,image,jw05893001001_02101_00002_nrcb1,exposure (L2b): 2D calibrated exposure average over integrations,S,mast:JWST/product/jw05893001001_02101_00002_nrcb1_cal.fits,SCIENCE,,CAL,,CALJWST,2.0.0,5893,jw05893001001_02101_00002_nrcb1_cal.fits,117573120,262821783,PUBLIC,2,F200W
262820186,JWST,image,jw05893001001_02101_00006_nrcb2,exposure (L2b): 2D calibrated exposure average over integrations,S,mast:JWST/product/jw05893001001_02101_00006_nrcb2_cal.fits,SCIENCE,,CAL,,CALJWST,2.0.0,5893,jw05893001001_02101_00006_nrcb2_cal.fits,117573120,262821783,PUBLIC,2,F200W
262820187,JWST,image,jw05893001001_02101_00004_nrcb4,exposure (L2b): 2D calibrated exposure average over integrations,S,mast:JWST/product/jw05893001001_02101_00004_nrcb4_cal.fits,SCIENCE,,CAL,,CALJWST,2.0.0,5893,jw05893001001_02101_00004_nrcb4_cal.fits,117573120,262821783,PUBLIC,2,F200W
262820188,JWST,image,jw05893001001_02101_00006_nrcb3,exposure (L2b): 2D calibrated exposure average over integrations,S,mast:JWST/product/jw05893001001_02101_00006_nrcb3_cal.fits,SCIENCE,,CAL,,CALJWST,2.0.0,5893,jw05893001001_02101_00006_nrcb3_cal.fits,117573120,262821783,PUBLIC,2,F200W
262820191,JWST,image,jw05893001001_02101_00006_nrcb1,exposure (L2b): 2D calibrated exposure average over integrations,S,mast:JWST/product/jw05893001001_02101_00006_nrcb1_cal.fits,SCIENCE,,CAL,,CALJWST,2.0.0,5893,jw05893001001_02101_00006_nrcb1_cal.fits,117573120,262821783,PUBLIC,2,F200W
262820193,JWST,image,jw05893001001_02101_00003_nrcb1,exposure (L2b): 2D calibrated exposure average over integrations,S,mast:JWST/product/jw05893001001_02101_00003_nrcb1_cal.fits,SCIENCE,,CAL,,CALJWST,2.0.0,5893,jw05893001001_02101_00003_nrcb1_cal.fits,117573120,262821783,PUBLIC,2,F200W
262820197,JWST,image,jw05893001001_02101_00005_nrcb1,exposure (L2b): 2D calibrated exposure average over integrations,S,mast:JWST/product/jw05893001001_02101_00005_nrcb1_cal.fits,SCIENCE,,CAL,,CALJWST,2.0.0,5893,jw05893001001_02101_00005_nrcb1_cal.fits,117573120,262821783,PUBLIC,2,F200W
262820199,JWST,image,jw05893001001_02101_00004_nrcb1,exposure (L2b): 2D calibrated exposure average over integrations,S,mast:JWST/product/jw05893001001_02101_00004_nrcb1_cal.fits,SCIENCE,,CAL,,CALJWST,2.0.0,5893,jw05893001001_02101_00004_nrcb1_cal.fits,117573120,262821783,PUBLIC,2,F200W
262820200,JWST,image,jw05893001001_02101_00004_nrcb2,exposure (L2b): 2D calibrated exposure average over integrations,S,mast:JWST/product/jw05893001001_02101_00004_nrcb2_cal.fits,SCIENCE,,CAL,,CALJWST,2.0.0,5893,jw05893001001_02101_00004_nrcb2_cal.fits,117573120,262821783,PUBLIC,2,F200W
262820202,JWST,image,jw05893001001_02101_00004_nrca4,exposure (L2b): 2D calibrated exposure average over integrations,S,mast:JWST/product/jw05893001001_02101_00004_nrca4_cal.fits,SCIENCE,,CAL,,CALJWST,2.0.0,5893,jw05893001001_02101_00004_nrca4_cal.fits,117573120,262821783,PUBLIC,2,F200W
262820203,JWST,image,jw05893001001_02101_00003_nrca4,exposure (L2b): 2D calibrated exposure average over integrations,S,mast:JWST/product/jw05893001001_02101_00003_nrca4_cal.fits,SCIENCE,,CAL,,CALJWST,2.0.0,5893,jw05893001001_02101_00003_nrca4_cal.fits,117573120,262821783,PUBLIC,2,F200W
262820205,JWST,image,jw05893001001_02101_00005_nrcb2,exposure (L2b): 2D calibrated exposure average over integrations,S,mast:JWST/product/jw05893001001_02101_00005_nrcb2_cal.fits,SCIENCE,,CAL,,CALJWST,2.0.0,5893,jw05893001001_02101_00005_nrcb2_cal.fits,117573120,262821783,PUBLIC,2,F200W
262820208,JWST,image,jw05893001001_02101_00005_nrcb4,exposure (L2b): 2D calibrated exposure average over integrations,S,mast:JWST/product/jw05893001001_02101_00005_nrcb4_cal.fits,SCIENCE,,CAL,,CALJWST,2.0.0,5893,jw05893001001_02101_00005_nrcb4_cal.fits,117573120,262821783,PUBLIC,2,F200W
262820214,JWST,image,jw05893001001_02101_00004_nrcb3,exposure (L2b): 2D calibrated exposure average over integrations,S,mast:JWST/product/jw05893001001_02101_00004_nrcb3_cal.fits,SCIENCE,,CAL,,CALJWST,2.0.0,5893,jw05893001001_02101_00004_nrcb3_cal.fits,117573120,262821783,PUBLIC,2,F200W
262820215,JWST,image,jw05893001001_02101_00001_nrcb1,exposure (L2b): 2D calibrated exposure average over integrations,S,mast:JWST/product/jw05893001001_02101_00001_nrcb1_cal.fits,SCIENCE,,CAL,,CALJWST,2.0.0,5893,jw05893001001_02101_00001_nrcb1_cal.fits,117573120,262821783,PUBLIC,2,F200W
262820216,JWST,image,jw05893001001_02101_00001_nrcb4,exposure (L2b): 2D calibrated exposure average over integrations,S,mast:JWST/product/jw05893001001_02101_00001_nrcb4_cal.fits,SCIENCE,,CAL,,CALJWST,2.0.0,5893,jw05893001001_02101_00001_nrcb4_cal.fits,117573120,262821783,PUBLIC,2,F200W
262820217,JWST,image,jw05893001001_02101_00006_nrcb4,exposure (L2b): 2D calibrated exposure average over integrations,S,mast:JWST/product/jw05893001001_02101_00006_nrcb4_cal.fits,SCIENCE,,CAL,,CALJWST,2.0.0,5893,jw05893001001_02101_00006_nrcb4_cal.fits,117573120,262821783,PUBLIC,2,F200W
262820218,JWST,image,jw05893001001_02101_00001_nrcb3,exposure (L2b): 2D calibrated exposure average over integrations,S,mast:JWST/product/jw05893001001_02101_00001_nrcb3_cal.fits,SCIENCE,,CAL,,CALJWST,2.0.0,5893,jw05893001001_02101_00001_nrcb3_cal.fits,117573120,262821783,PUBLIC,2,F200W
262820219,JWST,image,jw05893001001_02101_00003_nrcb3,exposure (L2b): 2D calibrated exposure average over integrations,S,mast:JWST/product/jw05893001001_02101_00003_nrcb3_cal.fits,SCIENCE,,CAL,,CALJWST,2.0.0,5893,jw05893001001_02101_00003_nrcb3_cal.fits,117573120,262821783,PUBLIC,2,F200W
262820220,JWST,image,jw05893001001_02101_00002_nrcb2,exposure (L2b): 2D calibrated exposure average over integrations,S,mast:JWST/product/jw05893001001_02101_00002_nrcb2_cal.fits,SCIENCE,,CAL,,CALJWST,2.0.0,5893,jw05893001001_02101_00002_nrcb2_cal.fits,117573120,262821783,PUBLIC,2,F200W
262820222,JWST,image,jw05893001001_02101_00005_nrca4,exposure (L2b): 2D calibrated exposure average over integrations,S,mast:JWST/product/jw05893001001_02101_00005_nrca4_cal.fits,SCIENCE,,CAL,,CALJWST,2.0.0,5893,jw05893001001_02101_00005_nrca4_cal.fits,117573120,262821783,PUBLIC,2,F200W
262820223,JWST,image,jw05893001001_02101_00001_nrcb2,exposure (L2b): 2D calibrated exposure average over integrations,S,mast:JWST/product/jw05893001001_02101_00001_nrcb2_cal.fits,SCIENCE,,CAL,,CALJWST,2.0.0,5893,jw05893001001_02101_00001_nrcb2_cal.fits,117573120,262821783,PUBLIC,2,F200W
262820265,JWST,image,jw05893001002_02101_00005_nrca2,exposure (L2b): 2D calibrated exposure average over integrations,S,mast:JWST/product/jw05893001002_02101_00005_nrca2_cal.fits,SCIENCE,,CAL,,CALJWST,2.0.0,5893,jw05893001002_02101_00005_nrca2_cal.fits,117570240,262821783,PUBLIC,2,F200W
262820266,JWST,image,jw05893001002_02101_00002_nrca1,exposure (L2b): 2D calibrated exposure average over integrations,S,mast:JWST/product/jw05893001002_02101_00002_nrca1_cal.fits,SCIENCE,,CAL,,CALJWST,2.0.0,5893,jw05893001002_02101_00002_nrca1_cal.fits,117570240,262821783,PUBLIC,2,F200W
262820267,JWST,image,jw05893001002_02101_00001_nrca1,exposure (L2b): 2D calibrated exposure average over integrations,S,mast:JWST/product/jw05893001002_02101_00001_nrca1_cal.fits,SCIENCE,,CAL,,CALJWST,2.0.0,5893,jw05893001002_02101_00001_nrca1_cal.fits,117570240,262821783,PUBLIC,2,F200W
262820268,JWST,image,jw05893001002_02101_00004_nrca2,exposure (L2b): 2D calibrated exposure average over integrations,S,mast:JWST/product/jw05893001002_02101_00004_nrca2_cal.fits,SCIENCE,,CAL,,CALJWST,2.0.0,5893,jw05893001002_02101_00004_nrca2_cal.fits,117570240,262821783,PUBLIC,2,F200W
262820269,JWST,image,jw05893001002_02101_00002_nrca2,exposure (L2b): 2D calibrated exposure average over integrations,S,mast:JWST/product/jw05893001002_02101_00002_nrca2_cal.fits,SCIENCE,,CAL,,CALJWST,2.0.0,5893,jw05893001002_02101_00002_nrca2_cal.fits,117570240,262821783,PUBLIC,2,F200W
262820272,JWST,image,jw05893001002_02101_00006_nrca1,exposure (L2b): 2D calibrated exposure average over integrations,S,mast:JWST/product/jw05893001002_02101_00006_nrca1_cal.fits,SCIENCE,,CAL,,CALJWST,2.0.0,5893,jw05893001002_02101_00006_nrca1_cal.fits,117570240,262821783,PUBLIC,2,F200W
262820273,JWST,image,jw05893001002_02101_00001_nrca2,exposure (L2b): 2D calibrated exposure average over integrations,S,mast:JWST/product/jw05893001002_02101_00001_nrca2_cal.fits,SCIENCE,,CAL,,CALJWST,2.0.0,5893,jw05893001002_02101_00001_nrca2_cal.fits,117570240,262821783,PUBLIC,2,F200W
262820274,JWST,image,jw05893001002_02101_00003_nrca2,exposure (L2b): 2D calibrated exposure average over integrations,S,mast:JWST/product/jw05893001002_02101_00003_nrca2_cal.fits,SCIENCE,,CAL,,CALJWST,2.0.0,5893,jw05893001002_02101_00003_nrca2_cal.fits,117570240,262821783,PUBLIC,2,F200W
262820275,JWST,image,jw05893001002_02101_00004_nrca1,exposure (L2b): 2D calibrated exposure average over integrations,S,mast:JWST/product/jw05893001002_02101_00004_nrca1_cal.fits,SCIENCE,,CAL,,CALJWST,2.0.0,5893,jw05893001002_02101_00004_nrca1_cal.fits,117570240,262821783,PUBLIC,2,F200W
262820276,JWST,image,jw05893001002_02101_00005_nrca1,exposure (L2b): 2D calibrated exposure average over integrations,S,mast:JWST/product/jw05893001002_02101_00005_nrca1_cal.fits,SCIENCE,,CAL,,CALJWST,2.0.0,5893,jw05893001002_02101_00005_nrca1_cal.fits,117570240,262821783,PUBLIC,2,F200W
262820277,JWST,image,jw05893001002_02101_00003_nrca1,exposure (L2b): 2D calibrated exposure average over integrations,S,mast:JWST/product/jw05893001002_02101_00003_nrca1_cal.fits,SCIENCE,,CAL,,CALJWST,2.0.0,5893,jw05893001002_02101_00003_nrca1_cal.fits,117570240,262821783,PUBLIC,2,F200W
262820279,JWST,image,jw05893001002_02101_00005_nrcb3,exposure (L2b): 2D calibrated exposure average over integrations,S,mast:JWST/product/jw05893001002_02101_00005_nrcb3_cal.fits,SCIENCE,,CAL,,CALJWST,2.0.0,5893,jw05893001002_02101_00005_nrcb3_cal.fits,117573120,262821783,PUBLIC,2,F200W
262820280,JWST,image,jw05893001002_02101_00002_nrcb1,exposure (L2b): 2D calibrated exposure average over integrations,S,mast:JWST/product/jw05893001002_02101_00002_nrcb1_cal.fits,SCIENCE,,CAL,,CALJWST,2.0.0,5893,jw05893001002_02101_00002_nrcb1_cal.fits,117573120,262821783,PUBLIC,2,F200W
262820281,JWST,image,jw05893001002_02101_00001_nrcb1,exposure (L2b): 2D calibrated exposure average over integrations,S,mast:JWST/product/jw05893001002_02101_00001_nrcb1_cal.fits,SCIENCE,,CAL,,CALJWST,2.0.0,5893,jw05893001002_02101_00001_nrcb1_cal.fits,117573120,262821783,PUBLIC,2,F200W
262820284,JWST,image,jw05893001002_02101_00002_nrcb2,exposure (L2b): 2D calibrated exposure average over integrations,S,mast:JWST/product/jw05893001002_02101_00002_nrcb2_cal.fits,SCIENCE,,CAL,,CALJWST,2.0.0,5893,jw05893001002_02101_00002_nrcb2_cal.fits,117573120,262821783,PUBLIC,2,F200W
262820285,JWST,image,jw05893001002_02101_00006_nrcb1,exposure (L2b): 2D calibrated exposure average over integrations,S,mast:JWST/product/jw05893001002_02101_00006_nrcb1_cal.fits,SCIENCE,,CAL,,CALJWST,2.0.0,5893,jw05893001002_02101_00006_nrcb1_cal.fits,117573120,262821783,PUBLIC,2,F200W
262820287,JWST,image,jw05893001002_02101_00005_nrcb1,exposure (L2b): 2D calibrated exposure average over integrations,S,mast:JWST/product/jw05893001002_02101_00005_nrcb1_cal.fits,SCIENCE,,CAL,,CALJWST,2.0.0,5893,jw05893001002_02101_00005_nrcb1_cal.fits,117573120,262821783,PUBLIC,2,F200W
262820290,JWST,image,jw05893001002_02101_00003_nrcb2,exposure (L2b): 2D calibrated exposure average over integrations,S,mast:JWST/product/jw05893001002_02101_00003_nrcb2_cal.fits,SCIENCE,,CAL,,CALJWST,2.0.0,5893,jw05893001002_02101_00003_nrcb2_cal.fits,117573120,262821783,PUBLIC,2,F200W
262820291,JWST,image,jw05893001002_02101_00001_nrcb2,exposure (L2b): 2D calibrated exposure average over integrations,S,mast:JWST/product/jw05893001002_02101_00001_nrcb2_cal.fits,SCIENCE,,CAL,,CALJWST,2.0.0,5893,jw05893001002_02101_00001_nrcb2_cal.fits,117573120,262821783,PUBLIC,2,F200W
262820292,JWST,image,jw05893001002_02101_00006_nrca4,exposure (L2b): 2D calibrated exposure average over integrations,S,mast:JWST/product/jw05893001002_02101_00006_nrca4_cal.fits,SCIENCE,,CAL,,CALJWST,2.0.0,5893,jw05893001002_02101_00006_nrca4_cal.fits,117573120,262821783,PUBLIC,2,F200W
262820293,JWST,image,jw05893001002_02101_00005_nrca4,exposure (L2b): 2D calibrated exposure average over integrations,S,mast:JWST/product/jw05893001002_02101_00005_nrca4_cal.fits,SCIENCE,,CAL,,CALJWST,2.0.0,5893,jw05893001002_02101_00005_nrca4_cal.fits,117573120,262821783,PUBLIC,2,F200W
262820297,JWST,image,jw05893001002_02101_00003_nrcb1,exposure (L2b): 2D calibrated exposure average over integrations,S,mast:JWST/product/jw05893001002_02101_00003_nrcb1_cal.fits,SCIENCE,,CAL,,CALJWST,2.0.0,5893,jw05893001002_02101_00003_nrcb1_cal.fits,117573120,262821783,PUBLIC,2,F200W
262820298,JWST,image,jw05893001002_02101_00004_nrca3,exposure (L2b): 2D calibrated exposure average over integrations,S,mast:JWST/product/jw05893001002_02101_00004_nrca3_cal.fits,SCIENCE,,CAL,,CALJWST,2.0.0,5893,jw05893001002_02101_00004_nrca3_cal.fits,117573120,262821783,PUBLIC,2,F200W
262820299,JWST,image,jw05893001002_02101_00002_nrca3,exposure (L2b): 2D calibrated exposure average over integrations,S,mast:JWST/product/jw05893001002_02101_00002_nrca3_cal.fits,SCIENCE,,CAL,,CALJWST,2.0.0,5893,jw05893001002_02101_00002_nrca3_cal.fits,117573120,262821783,PUBLIC,2,F200W
262820300,JWST,image,jw05893001002_02101_00002_nrca4,exposure (L2b): 2D calibrated exposure average over integrations,S,mast:JWST/product/jw05893001002_02101_00002_nrca4_cal.fits,SCIENCE,,CAL,,CALJWST,2.0.0,5893,jw05893001002_02101_00002_nrca4_cal.fits,117573120,262821783,PUBLIC,2,F200W
262820302,JWST,image,jw05893001002_02101_00004_nrcb2,exposure (L2b): 2D calibrated exposure average over integrations,S,mast:JWST/product/jw05893001002_02101_00004_nrcb2_cal.fits,SCIENCE,,CAL,,CALJWST,2.0.0,5893,jw05893001002_02101_00004_nrcb2_cal.fits,117573120,262821783,PUBLIC,2,F200W
262820306,JWST,image,jw05893001002_02101_00003_nrca4,exposure (L2b): 2D calibrated exposure average over integrations,S,mast:JWST/product/jw05893001002_02101_00003_nrca4_cal.fits,SCIENCE,,CAL,,CALJWST,2.0.0,5893,jw05893001002_02101_00003_nrca4_cal.fits,117573120,262821783,PUBLIC,2,F200W
262820308,JWST,image,jw05893001002_02101_00003_nrcb3,exposure (L2b): 2D calibrated exposure average over integrations,S,mast:JWST/product/jw05893001002_02101_00003_nrcb3_cal.fits,SCIENCE,,CAL,,CALJWST,2.0.0,5893,jw05893001002_02101_00003_nrcb3_cal.fits,117573120,262821783,PUBLIC,2,F200W
262820309,JWST,image,jw05893001002_02101_00004_nrca4,exposure (L2b): 2D calibrated exposure average over integrations,S,mast:JWST/product/jw05893001002_02101_00004_nrca4_cal.fits,SCIENCE,,CAL,,CALJWST,2.0.0,5893,jw05893001002_02101_00004_nrca4_cal.fits,117573120,262821783,PUBLIC,2,F200W
262820310,JWST,image,jw05893001002_02101_00005_nrcb2,exposure (L2b): 2D calibrated exposure average over integrations,S,mast:JWST/product/jw05893001002_02101_00005_nrcb2_cal.fits,SCIENCE,,CAL,,CALJWST,2.0.0,5893,jw05893001002_02101_00005_nrcb2_cal.fits,117573120,262821783,PUBLIC,2,F200W
262820311,JWST,image,jw05893001002_02101_00001_nrca4,exposure (L2b): 2D calibrated exposure average over integrations,S,mast:JWST/product/jw05893001002_02101_00001_nrca4_cal.fits,SCIENCE,,CAL,,CALJWST,2.0.0,5893,jw05893001002_02101_00001_nrca4_cal.fits,117573120,262821783,PUBLIC,2,F200W
262820312,JWST,image,jw05893001002_02101_00006_nrcb2,exposure (L2b): 2D calibrated exposure average over integrations,S,mast:JWST/product/jw05893001002_02101_00006_nrcb2_cal.fits,SCIENCE,,CAL,,CALJWST,2.0.0,5893,jw05893001002_02101_00006_nrcb2_cal.fits,117573120,262821783,PUBLIC,2,F200W
262820313,JWST,image,jw05893001002_02101_00004_nrcb1,exposure (L2b): 2D calibrated exposure average over integrations,S,mast:JWST/product/jw05893001002_02101_00004_nrcb1_cal.fits,SCIENCE,,CAL,,CALJWST,2.0.0,5893,jw05893001002_02101_00004_nrcb1_cal.fits,117573120,262821783,PUBLIC,2,F200W
262820316,JWST,image,jw05893001002_02101_00001_nrcb3,exposure (L2b): 2D calibrated exposure average over integrations,S,mast:JWST/product/jw05893001002_02101_00001_nrcb3_cal.fits,SCIENCE,,CAL,,CALJWST,2.0.0,5893,jw05893001002_02101_00001_nrcb3_cal.fits,117573120,262821783,PUBLIC,2,F200W
262820317,JWST,image,jw05893001002_02101_00004_nrcb3,exposure (L2b): 2D calibrated exposure average over integrations,S,mast:JWST/product/jw05893001002_02101_00004_nrcb3_cal.fits,SCIENCE,,CAL,,CALJWST,2.0.0,5893,jw05893001002_02101_00004_nrcb3_cal.fits,117573120,262821783,PUBLIC,2,F200W
262820318,JWST,image,jw05893001002_02101_00006_nrca3,exposure (L2b): 2D calibrated exposure average over integrations,S,mast:JWST/product/jw05893001002_02101_00006_nrca3_cal.fits,SCIENCE,,CAL,,CALJWST,2.0.0,5893,jw05893001002_02101_00006_nrca3_cal.fits,117573120,262821783,PUBLIC,2,F200W
262820319,JWST,image,jw05893001002_02101_00006_nrcb3,exposure (L2b): 2D calibrated exposure average over integrations,S,mast:JWST/product/jw05893001002_02101_00006_nrcb3_cal.fits,SCIENCE,,CAL,,CALJWST,2.0.0,5893,jw05893001002_02101_00006_nrcb3_cal.fits,117573120,262821783,PUBLIC,2,F200W
262820320,JWST,image,jw05893001002_02101_00003_nrca3,exposure (L2b): 2D calibrated exposure average over integrations,S,mast:JWST/product/jw05893001002_02101_00003_nrca3_cal.fits,SCIENCE,,CAL,,CALJWST,2.0.0,5893,jw05893001002_02101_00003_nrca3_cal.fits,117573120,262821783,PUBLIC,2,F200W
262820322,JWST,image,jw05893001002_02101_00006_nrca2,exposure (L2b): 2D calibrated exposure average over integrations,S,mast:JWST/product/jw05893001002_02101_00006_nrca2_cal.fits,SCIENCE,,CAL,,CALJWST,2.0.0,5893,jw05893001002_02101_00006_nrca2_cal.fits,117570240,262821783,PUBLIC,2,F200W
262820323,JWST,image,jw05893001002_02101_00001_nrca3,exposure (L2b): 2D calibrated exposure average over integrations,S,mast:JWST/product/jw05893001002_02101_00001_nrca3_cal.fits,SCIENCE,,CAL,,CALJWST,2.0.0,5893,jw05893001002_02101_00001_nrca3_cal.fits,117573120,262821783,PUBLIC,2,F200W
262820324,JWST,image,jw05893001002_02101_00002_nrcb3,exposure (L2b): 2D calibrated exposure average over integrations,S,mast:JWST/product/jw05893001002_02101_00002_nrcb3_cal.fits,SCIENCE,,CAL,,CALJWST,2.0.0,5893,jw05893001002_02101_00002_nrcb3_cal.fits,117573120,262821783,PUBLIC,2,F200W
262820327,JWST,image,jw05893001002_02101_00005_nrca3,exposure (L2b): 2D calibrated exposure average over integrations,S,mast:JWST/product/jw05893001002_02101_00005_nrca3_cal.fits,SCIENCE,,CAL,,CALJWST,2.0.0,5893,jw05893001002_02101_00005_nrca3_cal.fits,117573120,262821783,PUBLIC,2,F200W
262820329,JWST,image,jw05893001002_02101_00006_nrcb4,exposure (L2b): 2D calibrated exposure average over integrations,S,mast:JWST/product/jw05893001002_02101_00006_nrcb4_cal.fits,SCIENCE,,CAL,,CALJWST,2.0.0,5893,jw05893001002_02101_00006_nrcb4_cal.fits,117573120,262821783,PUBLIC,2,F200W
262820330,JWST,image,jw05893001002_02101_00004_nrcb4,exposure (L2b): 2D calibrated exposure average over integrations,S,mast:JWST/product/jw05893001002_02101_00004_nrcb4_cal.fits,SCIENCE,,CAL,,CALJWST,2.0.0,5893,jw05893001002_02101_00004_nrcb4_cal.fits,117573120,262821783,PUBLIC,2,F200W
262820335,JWST,image,jw05893001002_02101_00002_nrcb4,exposure (L2b): 2D calibrated exposure average over integrations,S,mast:JWST/product/jw05893001002_02101_00002_nrcb4_cal.fits,SCIENCE,,CAL,,CALJWST,2.0.0,5893,jw05893001002_02101_00002_nrcb4_cal.fits,117573120,262821783,PUBLIC,2,F200W
262820344,JWST,image,jw05893001002_02101_00005_nrcb4,exposure (L2b): 2D calibrated exposure average over integrations,S,mast:JWST/product/jw05893001002_02101_00005_nrcb4_cal.fits,SCIENCE,,CAL,,CALJWST,2.0.0,5893,jw05893001002_02101_00005_nrcb4_cal.fits,117573120,262821783,PUBLIC,2,F200W
262820347,JWST,image,jw05893001002_02101_00003_nrcb4,exposure (L2b): 2D calibrated exposure average over integrations,S,mast:JWST/product/jw05893001002_02101_00003_nrcb4_cal.fits,SCIENCE,,CAL,,CALJWST,2.0.0,5893,jw05893001002_02101_00003_nrcb4_cal.fits,117573120,262821783,PUBLIC,2,F200W
262820352,JWST,image,jw05893001002_02101_00001_nrcb4,exposure (L2b): 2D calibrated exposure average over integrations,S,mast:JWST/product/jw05893001002_02101_00001_nrcb4_cal.fits,SCIENCE,,CAL,,CALJWST,2.0.0,5893,jw05893001002_02101_00001_nrcb4_cal.fits,117573120,262821783,PUBLIC,2,F200W
262820364,JWST,image,jw05893001003_02101_00002_nrca3,exposure (L2b): 2D calibrated exposure average over integrations,S,mast:JWST/product/jw05893001003_02101_00002_nrca3_cal.fits,SCIENCE,,CAL,,CALJWST,2.0.0,5893,jw05893001003_02101_00002_nrca3_cal.fits,117573120,262821783,PUBLIC,2,F200W
262820365,JWST,image,jw05893001003_02101_00001_nrcb1,exposure (L2b): 2D calibrated exposure average over integrations,S,mast:JWST/product/jw05893001003_02101_00001_nrcb1_cal.fits,SCIENCE,,CAL,,CALJWST,2.0.0,5893,jw05893001003_02101_00001_nrcb1_cal.fits,117573120,262821783,PUBLIC,2,F200W
262820366,JWST,image,jw05893001003_02101_00001_nrcb3,exposure (L2b): 2D calibrated exposure average over integrations,S,mast:JWST/product/jw05893001003_02101_00001_nrcb3_cal.fits,SCIENCE,,CAL,,CALJWST,2.0.0,5893,jw05893001003_02101_00001_nrcb3_cal.fits,117573120,262821783,PUBLIC,2,F200W
262820367,JWST,image,jw05893001003_02101_00001_nrca3,exposure (L2b): 2D calibrated exposure average over integrations,S,mast:JWST/product/jw05893001003_02101_00001_nrca3_cal.fits,SCIENCE,,CAL,,CALJWST,2.0.0,5893,jw05893001003_02101_00001_nrca3_cal.fits,117573120,262821783,PUBLIC,2,F200W
262820369,JWST,image,jw05893001003_02101_00001_nrcb2,exposure (L2b): 2D calibrated exposure average over integrations,S,mast:JWST/product/jw05893001003_02101_00001_nrcb2_cal.fits,SCIENCE,,CAL,,CALJWST,2.0.0,5893,jw05893001003_02101_00001_nrcb2_cal.fits,117573120,262821783,PUBLIC,2,F200W
262820370,JWST,image,jw05893001003_02101_00002_nrcb4,exposure (L2b): 2D calibrated exposure average over integrations,S,mast:JWST/product/jw05893001003_02101_00002_nrcb4_cal.fits,SCIENCE,,CAL,,CALJWST,2.0.0,5893,jw05893001003_02101_00002_nrcb4_cal.fits,117573120,262821783,PUBLIC,2,F200W
262820371,JWST,image,jw05893001003_02101_00001_nrca1,exposure (L2b): 2D calibrated exposure average over integrations,S,mast:JWST/product/jw05893001003_02101_00001_nrca1_cal.fits,SCIENCE,,CAL,,CALJWST,2.0.0,5893,jw05893001003_02101_00001_nrca1_cal.fits,117570240,262821783,PUBLIC,2,F200W
262820373,JWST,image,jw05893001003_02101_00001_nrcb4,exposure (L2b): 2D calibrated exposure average over integrations,S,mast:JWST/product/jw05893001003_02101_00001_nrcb4_cal.fits,SCIENCE,,CAL,,CALJWST,2.0.0,5893,jw05893001003_02101_00001_nrcb4_cal.fits,117573120,262821783,PUBLIC,2,F200W
262820374,JWST,image,jw05893001003_02101_00002_nrcb2,exposure (L2b): 2D calibrated exposure average over integrations,S,mast:JWST/product/jw05893001003_02101_00002_nrcb2_cal.fits,SCIENCE,,CAL,,CALJWST,2.0.0,5893,jw05893001003_02101_00002_nrcb2_cal.fits,117573120,262821783,PUBLIC,2,F200W
262820375,JWST,image,jw05893001003_02101_00001_nrca4,exposure (L2b): 2D calibrated exposure average over integrations,S,mast:JWST/product/jw05893001003_02101_00001_nrca4_cal.fits,SCIENCE,,CAL,,CALJWST,2.0.0,5893,jw05893001003_02101_00001_nrca4_cal.fits,117573120,262821783,PUBLIC,2,F200W
262820377,JWST,image,jw05893001003_02101_00001_nrca2,exposure (L2b): 2D calibrated exposure average over integrations,S,mast:JWST/product/jw05893001003_02101_00001_nrca2_cal.fits,SCIENCE,,CAL,,CALJWST,2.0.0,5893,jw05893001003_02101_00001_nrca2_cal.fits,117570240,262821783,PUBLIC,2,F200W
262820378,JWST,image,jw05893001003_02101_00002_nrca1,exposure (L2b): 2D calibrated exposure average over integrations,S,mast:JWST/product/jw05893001003_02101_00002_nrca1_cal.fits,SCIENCE,,CAL,,CALJWST,2.0.0,5893,jw05893001003_02101_00002_nrca1_cal.fits,117570240,262821783,PUBLIC,2,F200W
262820379,JWST,image,jw05893001003_02101_00002_nrca4,exposure (L2b): 2D calibrated exposure average over integrations,S,mast:JWST/product/jw05893001003_02101_00002_nrca4_cal.fits,SCIENCE,,CAL,,CALJWST,2.0.0,5893,jw05893001003_02101_00002_nrca4_cal.fits,117573120,262821783,PUBLIC,2,F200W
262820382,JWST,image,jw05893001003_02101_00003_nrca2,exposure (L2b): 2D calibrated exposure average over integrations,S,mast:JWST/product/jw05893001003_02101_00003_nrca2_cal.fits,SCIENCE,,CAL,,CALJWST,2.0.0,5893,jw05893001003_02101_00003_nrca2_cal.fits,117570240,262821783,PUBLIC,2,F200W
262820383,JWST,image,jw05893001003_02101_00005_nrcb1,exposure (L2b): 2D calibrated exposure average over integrations,S,mast:JWST/product/jw05893001003_02101_00005_nrcb1_cal.fits,SCIENCE,,CAL,,CALJWST,2.0.0,5893,jw05893001003_02101_00005_nrcb1_cal.fits,117573120,262821783,PUBLIC,2,F200W
262820384,JWST,image,jw05893001003_02101_00005_nrca2,exposure (L2b): 2D calibrated exposure average over integrations,S,mast:JWST/product/jw05893001003_02101_00005_nrca2_cal.fits,SCIENCE,,CAL,,CALJWST,2.0.0,5893,jw05893001003_02101_00005_nrca2_cal.fits,117570240,262821783,PUBLIC,2,F200W
262820385,JWST,image,jw05893001003_02101_00006_nrcb2,exposure (L2b): 2D calibrated exposure average over integrations,S,mast:JWST/product/jw05893001003_02101_00006_nrcb2_cal.fits,SCIENCE,,CAL,,CALJWST,2.0.0,5893,jw05893001003_02101_00006_nrcb2_cal.fits,117573120,262821783,PUBLIC,2,F200W
262820386,JWST,image,jw05893001003_02101_00006_nrca4,exposure (L2b): 2D calibrated exposure average over integrations,S,mast:JWST/product/jw05893001003_02101_00006_nrca4_cal.fits,SCIENCE,,CAL,,CALJWST,2.0.0,5893,jw05893001003_02101_00006_nrca4_cal.fits,117573120,262821783,PUBLIC,2,F200W
262820387,JWST,image,jw05893001003_02101_00004_nrca4,exposure (L2b): 2D calibrated exposure average over integrations,S,mast:JWST/product/jw05893001003_02101_00004_nrca4_cal.fits,SCIENCE,,CAL,,CALJWST,2.0.0,5893,jw05893001003_02101_00004_nrca4_cal.fits,117573120,262821783,PUBLIC,2,F200W
262820390,JWST,image,jw05893001003_02101_00002_nrca2,exposure (L2b): 2D calibrated exposure average over integrations,S,mast:JWST/product/jw05893001003_02101_00002_nrca2_cal.fits,SCIENCE,,CAL,,CALJWST,2.0.0,5893,jw05893001003_02101_00002_nrca2_cal.fits,117570240,262821783,PUBLIC,2,F200W
262820391,JWST,image,jw05893001003_02101_00004_nrca2,exposure (L2b): 2D calibrated exposure average over integrations,S,mast:JWST/product/jw05893001003_02101_00004_nrca2_cal.fits,SCIENCE,,CAL,,CALJWST,2.0.0,5893,jw05893001003_02101_00004_nrca2_cal.fits,117570240,262821783,PUBLIC,2,F200W
262820392,JWST,image,jw05893001003_02101_00004_nrcb1,exposure (L2b): 2D calibrated exposure average over integrations,S,mast:JWST/product/jw05893001003_02101_00004_nrcb1_cal.fits,SCIENCE,,CAL,,CALJWST,2.0.0,5893,jw05893001003_02101_00004_nrcb1_cal.fits,117573120,262821783,PUBLIC,2,F200W
262820393,JWST,image,jw05893001003_02101_00003_nrcb2,exposure (L2b): 2D calibrated exposure average over integrations,S,mast:JWST/product/jw05893001003_02101_00003_nrcb2_cal.fits,SCIENCE,,CAL,,CALJWST,2.0.0,5893,jw05893001003_02101_00003_nrcb2_cal.fits,117573120,262821783,PUBLIC,2,F200W
262820394,JWST,image,jw05893001003_02101_00005_nrca1,exposure (L2b): 2D calibrated exposure average over integrations,S,mast:JWST/product/jw05893001003_02101_00005_nrca1_cal.fits,SCIENCE,,CAL,,CALJWST,2.0.0,5893,jw05893001003_02101_00005_nrca1_cal.fits,117570240,262821783,PUBLIC,2,F200W
262820395,JWST,image,jw05893001003_02101_00006_nrcb4,exposure (L2b): 2D calibrated exposure average over integrations,S,mast:JWST/product/jw05893001003_02101_00006_nrcb4_cal.fits,SCIENCE,,CAL,,CALJWST,2.0.0,5893,jw05893001003_02101_00006_nrcb4_cal.fits,117573120,262821783,PUBLIC,2,F200W
262820396,JWST,image,jw05893001003_02101_00005_nrca4,exposure (L2b): 2D calibrated exposure average over integrations,S,mast:JWST/product/jw05893001003_02101_00005_nrca4_cal.fits,SCIENCE,,CAL,,CALJWST,2.0.0,5893,jw05893001003_02101_00005_nrca4_cal.fits,117573120,262821783,PUBLIC,2,F200W
262820397,JWST,image,jw05893001003_02101_00006_nrca2,exposure (L2b): 2D calibrated exposure average over integrations,S,mast:JWST/product/jw05893001003_02101_00006_nrca2_cal.fits,SCIENCE,,CAL,,CALJWST,2.0.0,5893,jw05893001003_02101_00006_nrca2_cal.fits,117570240,262821783,PUBLIC,2,F200W
262820398,JWST,image,jw05893001003_02101_00006_nrca3,exposure (L2b): 2D calibrated exposure average over integrations,S,mast:JWST/product/jw05893001003_02101_00006_nrca3_cal.fits,SCIENCE,,CAL,,CALJWST,2.0.0,5893,jw05893001003_02101_00006_nrca3_cal.fits,117573120,262821783,PUBLIC,2,F200W
262820399,JWST,image,jw05893001003_02101_00003_nrcb3,exposure (L2b): 2D calibrated exposure average over integrations,S,mast:JWST/product/jw05893001003_02101_00003_nrcb3_cal.fits,SCIENCE,,CAL,,CALJWST,2.0.0,5893,jw05893001003_02101_00003_nrcb3_cal.fits,117573120,262821783,PUBLIC,2,F200W
262820400,JWST,image,jw05893001003_02101_00004_nrcb2,exposure (L2b): 2D calibrated exposure average over integrations,S,mast:JWST/product/jw05893001003_02101_00004_nrcb2_cal.fits,SCIENCE,,CAL,,CALJWST,2.0.0,5893,jw05893001003_02101_00004_nrcb2_cal.fits,117573120,262821783,PUBLIC,2,F200W
262820402,JWST,image,jw05893001003_02101_00004_nrcb4,exposure (L2b): 2D calibrated exposure average over integrations,S,mast:JWST/product/jw05893001003_02101_00004_nrcb4_cal.fits,SCIENCE,,CAL,,CALJWST,2.0.0,5893,jw05893001003_02101_00004_nrcb4_cal.fits,117573120,262821783,PUBLIC,2,F200W
262820403,JWST,image,jw05893001003_02101_00004_nrca3,exposure (L2b): 2D calibrated exposure average over integrations,S,mast:JWST/product/jw05893001003_02101_00004_nrca3_cal.fits,SCIENCE,,CAL,,CALJWST,2.0.0,5893,jw05893001003_02101_00004_nrca3_cal.fits,117573120,262821783,PUBLIC,2,F200W
262820404,JWST,image,jw05893001003_02101_00003_nrca4,exposure (L2b): 2D calibrated exposure average over integrations,S,mast:JWST/product/jw05893001003_02101_00003_nrca4_cal.fits,SCIENCE,,CAL,,CALJWST,2.0.0,5893,jw05893001003_02101_00003_nrca4_cal.fits,117573120,262821783,PUBLIC,2,F200W
262820406,JWST,image,jw05893001003_02101_00006_nrcb3,exposure (L2b): 2D calibrated exposure average over integrations,S,mast:JWST/product/jw05893001003_02101_00006_nrcb3_cal.fits,SCIENCE,,CAL,,CALJWST,2.0.0,5893,jw05893001003_02101_00006_nrcb3_cal.fits,117573120,262821783,PUBLIC,2,F200W
262820407,JWST,image,jw05893001003_02101_00005_nrcb3,exposure (L2b): 2D calibrated exposure average over integrations,S,mast:JWST/product/jw05893001003_02101_00005_nrcb3_cal.fits,SCIENCE,,CAL,,CALJWST,2.0.0,5893,jw05893001003_02101_00005_nrcb3_cal.fits,117573120,262821783,PUBLIC,2,F200W
262820408,JWST,image,jw05893001003_02101_00002_nrcb1,exposure (L2b): 2D calibrated exposure average over integrations,S,mast:JWST/product/jw05893001003_02101_00002_nrcb1_cal.fits,SCIENCE,,CAL,,CALJWST,2.0.0,5893,jw05893001003_02101_00002_nrcb1_cal.fits,117573120,262821783,PUBLIC,2,F200W
262820409,JWST,image,jw05893001003_02101_00003_nrca1,exposure (L2b): 2D calibrated exposure average over integrations,S,mast:JWST/product/jw05893001003_02101_00003_nrca1_cal.fits,SCIENCE,,CAL,,CALJWST,2.0.0,5893,jw05893001003_02101_00003_nrca1_cal.fits,117570240,262821783,PUBLIC,2,F200W
262820413,JWST,image,jw05893001003_02101_00005_nrca3,exposure (L2b): 2D calibrated exposure average over integrations,S,mast:JWST/product/jw05893001003_02101_00005_nrca3_cal.fits,SCIENCE,,CAL,,CALJWST,2.0.0,5893,jw05893001003_02101_00005_nrca3_cal.fits,117573120,262821783,PUBLIC,2,F200W
262820414,JWST,image,jw05893001003_02101_00005_nrcb4,exposure (L2b): 2D calibrated exposure average over integrations,S,mast:JWST/product/jw05893001003_02101_00005_nrcb4_cal.fits,SCIENCE,,CAL,,CALJWST,2.0.0,5893,jw05893001003_02101_00005_nrcb4_cal.fits,117573120,262821783,PUBLIC,2,F200W
262820415,JWST,image,jw05893001003_02101_00004_nrcb3,exposure (L2b): 2D calibrated exposure average over integrations,S,mast:JWST/product/jw05893001003_02101_00004_nrcb3_cal.fits,SCIENCE,,CAL,,CALJWST,2.0.0,5893,jw05893001003_02101_00004_nrcb3_cal.fits,117573120,262821783,PUBLIC,2,F200W
262820416,JWST,image,jw05893001003_02101_00004_nrca1,exposure (L2b): 2D calibrated exposure average over integrations,S,mast:JWST/product/jw05893001003_02101_00004_nrca1_cal.fits,SCIENCE,,CAL,,CALJWST,2.0.0,5893,jw05893001003_02101_00004_nrca1_cal.fits,117570240,262821783,PUBLIC,2,F200W
262820417,JWST,image,jw05893001003_02101_00003_nrcb1,exposure (L2b): 2D calibrated exposure average over integrations,S,mast:JWST/product/jw05893001003_02101_00003_nrcb1_cal.fits,SCIENCE,,CAL,,CALJWST,2.0.0,5893,jw05893001003_02101_00003_nrcb1_cal.fits,117573120,262821783,PUBLIC,2,F200W
262820418,JWST,image,jw05893001003_02101_00003_nrcb4,exposure (L2b): 2D calibrated exposure average over integrations,S,mast:JWST/product/jw05893001003_02101_00003_nrcb4_cal.fits,SCIENCE,,CAL,,CALJWST,2.0.0,5893,jw05893001003_02101_00003_nrcb4_cal.fits,117573120,262821783,PUBLIC,2,F200W
262820419,JWST,image,jw05893001003_02101_00003_nrca3,exposure (L2b): 2D calibrated exposure average over integrations,S,mast:JWST/product/jw05893001003_02101_00003_nrca3_cal.fits,SCIENCE,,CAL,,CALJWST,2.0.0,5893,jw05893001003_02101_00003_nrca3_cal.fits,117573120,262821783,PUBLIC,2,F200W
262820422,JWST,image,jw05893001003_02101_00002_nrcb3,exposure (L2b): 2D calibrated exposure average over integrations,S,mast:JWST/product/jw05893001003_02101_00002_nrcb3_cal.fits,SCIENCE,,CAL,,CALJWST,2.0.0,5893,jw05893001003_02101_00002_nrcb3_cal.fits,117573120,262821783,PUBLIC,2,F200W
262820423,JWST,image,jw05893001003_02101_00005_nrcb2,exposure (L2b): 2D calibrated exposure average over integrations,S,mast:JWST/product/jw05893001003_02101_00005_nrcb2_cal.fits,SCIENCE,,CAL,,CALJWST,2.0.0,5893,jw05893001003_02101_00005_nrcb2_cal.fits,117573120,262821783,PUBLIC,2,F200W
262820427,JWST,image,jw05893001003_02101_00006_nrca1,exposure (L2b): 2D calibrated exposure average over integrations,S,mast:JWST/product/jw05893001003_02101_00006_nrca1_cal.fits,SCIENCE,,CAL,,CALJWST,2.0.0,5893,jw05893001003_02101_00006_nrca1_cal.fits,117570240,262821783,PUBLIC,2,F200W
262820456,JWST,image,jw05893001003_02101_00006_nrcb1,exposure (L2b): 2D calibrated exposure average over integrations,S,mast:JWST/product/jw05893001003_02101_00006_nrcb1_cal.fits,SCIENCE,,CAL,,CALJWST,2.0.0,5893,jw05893001003_02101_00006_nrcb1_cal.fits,117573120,262821783,PUBLIC,2,F200W
262820464,JWST,image,jw05893001004_02101_00002_nrca2,exposure (L2b): 2D calibrated exposure average over integrations,S,mast:JWST/product/jw05893001004_02101_00002_nrca2_cal.fits,SCIENCE,,CAL,,CALJWST,2.0.0,5893,jw05893001004_02101_00002_nrca2_cal.fits,117570240,262821783,PUBLIC,2,F200W
262820466,JWST,image,jw05893001004_02101_00002_nrcb1,exposure (L2b): 2D calibrated exposure average over integrations,S,mast:JWST/product/jw05893001004_02101_00002_nrcb1_cal.fits,SCIENCE,,CAL,,CALJWST,2.0.0,5893,jw05893001004_02101_00002_nrcb1_cal.fits,117573120,262821783,PUBLIC,2,F200W
262820467,JWST,image,jw05893001004_02101_00002_nrcb4,exposure (L2b): 2D calibrated exposure average over integrations,S,mast:JWST/product/jw05893001004_02101_00002_nrcb4_cal.fits,SCIENCE,,CAL,,CALJWST,2.0.0,5893,jw05893001004_02101_00002_nrcb4_cal.fits,117573120,262821783,PUBLIC,2,F200W
262820471,JWST,image,jw05893001004_02101_00002_nrca4,exposure (L2b): 2D calibrated exposure average over integrations,S,mast:JWST/product/jw05893001004_02101_00002_nrca4_cal.fits,SCIENCE,,CAL,,CALJWST,2.0.0,5893,jw05893001004_02101_00002_nrca4_cal.fits,117573120,262821783,PUBLIC,2,F200W
262820472,JWST,image,jw05893001004_02101_00002_nrca3,exposure (L2b): 2D calibrated exposure average over integrations,S,mast:JWST/product/jw05893001004_02101_00002_nrca3_cal.fits,SCIENCE,,CAL,,CALJWST,2.0.0,5893,jw05893001004_02101_00002_nrca3_cal.fits,117573120,262821783,PUBLIC,2,F200W
262820473,JWST,image,jw05893001004_02101_00002_nrcb2,exposure (L2b): 2D calibrated exposure average over integrations,S,mast:JWST/product/jw05893001004_02101_00002_nrcb2_cal.fits,SCIENCE,,CAL,,CALJWST,2.0.0,5893,jw05893001004_02101_00002_nrcb2_cal.fits,117573120,262821783,PUBLIC,2,F200W
262820474,JWST,image,jw05893001004_02101_00003_nrcb1,exposure (L2b): 2D calibrated exposure average over integrations,S,mast:JWST/product/jw05893001004_02101_00003_nrcb1_cal.fits,SCIENCE,,CAL,,CALJWST,2.0.0,5893,jw05893001004_02101_00003_nrcb1_cal.fits,117573120,262821783,PUBLIC,2,F200W
262820475,JWST,image,jw05893001004_02101_00003_nrca1,exposure (L2b): 2D calibrated exposure average over integrations,S,mast:JWST/product/jw05893001004_02101_00003_nrca1_cal.fits,SCIENCE,,CAL,,CALJWST,2.0.0,5893,jw05893001004_02101_00003_nrca1_cal.fits,117570240,262821783,PUBLIC,2,F200W
262820476,JWST,image,jw05893001004_02101_00003_nrca2,exposure (L2b): 2D calibrated exposure average over integrations,S,mast:JWST/product/jw05893001004_02101_00003_nrca2_cal.fits,SCIENCE,,CAL,,CALJWST,2.0.0,5893,jw05893001004_02101_00003_nrca2_cal.fits,117570240,262821783,PUBLIC,2,F200W
262820477,JWST,image,jw05893001004_02101_00002_nrcb3,exposure (L2b): 2D calibrated exposure average over integrations,S,mast:JWST/product/jw05893001004_02101_00002_nrcb3_cal.fits,SCIENCE,,CAL,,CALJWST,2.0.0,5893,jw05893001004_02101_00002_nrcb3_cal.fits,117573120,262821783,PUBLIC,2,F200W
262820478,JWST,image,jw05893001004_02101_00003_nrcb4,exposure (L2b): 2D calibrated exposure average over integrations,S,mast:JWST/product/jw05893001004_02101_00003_nrcb4_cal.fits,SCIENCE,,CAL,,CALJWST,2.0.0,5893,jw05893001004_02101_00003_nrcb4_cal.fits,117573120,262821783,PUBLIC,2,F200W
262820479,JWST,image,jw05893001004_02101_00002_nrca1,exposure (L2b): 2D calibrated exposure average over integrations,S,mast:JWST/product/jw05893001004_02101_00002_nrca1_cal.fits,SCIENCE,,CAL,,CALJWST,2.0.0,5893,jw05893001004_02101_00002_nrca1_cal.fits,117570240,262821783,PUBLIC,2,F200W
262820480,JWST,image,jw05893001004_02101_00004_nrcb3,exposure (L2b): 2D calibrated exposure average over integrations,S,mast:JWST/product/jw05893001004_02101_00004_nrcb3_cal.fits,SCIENCE,,CAL,,CALJWST,2.0.0,5893,jw05893001004_02101_00004_nrcb3_cal.fits,117573120,262821783,PUBLIC,2,F200W
262820482,JWST,image,jw05893001004_02101_00003_nrcb3,exposure (L2b): 2D calibrated exposure average over integrations,S,mast:JWST/product/jw05893001004_02101_00003_nrcb3_cal.fits,SCIENCE,,CAL,,CALJWST,2.0.0,5893,jw05893001004_02101_00003_nrcb3_cal.fits,117573120,262821783,PUBLIC,2,F200W
262820483,JWST,image,jw05893001004_02101_00003_nrcb2,exposure (L2b): 2D calibrated exposure average over integrations,S,mast:JWST/product/jw05893001004_02101_00003_nrcb2_cal.fits,SCIENCE,,CAL,,CALJWST,2.0.0,5893,jw05893001004_02101_00003_nrcb2_cal.fits,117573120,262821783,PUBLIC,2,F200W
262820486,JWST,image,jw05893001004_02101_00004_nrca3,exposure (L2b): 2D calibrated exposure average over integrations,S,mast:JWST/product/jw05893001004_02101_00004_nrca3_cal.fits,SCIENCE,,CAL,,CALJWST,2.0.0,5893,jw05893001004_02101_00004_nrca3_cal.fits,117573120,262821783,PUBLIC,2,F200W
262820488,JWST,image,jw05893001004_02101_00003_nrca3,exposure (L2b): 2D calibrated exposure average over integrations,S,mast:JWST/product/jw05893001004_02101_00003_nrca3_cal.fits,SCIENCE,,CAL,,CALJWST,2.0.0,5893,jw05893001004_02101_00003_nrca3_cal.fits,117573120,262821783,PUBLIC,2,F200W
262820489,JWST,image,jw05893001004_02101_00004_nrcb4,exposure (L2b): 2D calibrated exposure average over integrations,S,mast:JWST/product/jw05893001004_02101_00004_nrcb4_cal.fits,SCIENCE,,CAL,,CALJWST,2.0.0,5893,jw05893001004_02101_00004_nrcb4_cal.fits,117573120,262821783,PUBLIC,2,F200W
262820490,JWST,image,jw05893001004_02101_00004_nrca2,exposure (L2b): 2D calibrated exposure average over integrations,S,mast:JWST/product/jw05893001004_02101_00004_nrca2_cal.fits,SCIENCE,,CAL,,CALJWST,2.0.0,5893,jw05893001004_02101_00004_nrca2_cal.fits,117570240,262821783,PUBLIC,2,F200W
262820491,JWST,image,jw05893001004_02101_00004_nrcb2,exposure (L2b): 2D calibrated exposure average over integrations,S,mast:JWST/product/jw05893001004_02101_00004_nrcb2_cal.fits,SCIENCE,,CAL,,CALJWST,2.0.0,5893,jw05893001004_02101_00004_nrcb2_cal.fits,117573120,262821783,PUBLIC,2,F200W
262820492,JWST,image,jw05893001004_02101_00004_nrca4,exposure (L2b): 2D calibrated exposure average over integrations,S,mast:JWST/product/jw05893001004_02101_00004_nrca4_cal.fits,SCIENCE,,CAL,,CALJWST,2.0.0,5893,jw05893001004_02101_00004_nrca4_cal.fits,117573120,262821783,PUBLIC,2,F200W
262820494,JWST,image,jw05893001004_02101_00004_nrca1,exposure (L2b): 2D calibrated exposure average over integrations,S,mast:JWST/product/jw05893001004_02101_00004_nrca1_cal.fits,SCIENCE,,CAL,,CALJWST,2.0.0,5893,jw05893001004_02101_00004_nrca1_cal.fits,117570240,262821783,PUBLIC,2,F200W
262820495,JWST,image,jw05893001004_02101_00003_nrca4,exposure (L2b): 2D calibrated exposure average over integrations,S,mast:JWST/product/jw05893001004_02101_00003_nrca4_cal.fits,SCIENCE,,CAL,,CALJWST,2.0.0,5893,jw05893001004_02101_00003_nrca4_cal.fits,117573120,262821783,PUBLIC,2,F200W
262820496,JWST,image,jw05893001004_02101_00004_nrcb1,exposure (L2b): 2D calibrated exposure average over integrations,S,mast:JWST/product/jw05893001004_02101_00004_nrcb1_cal.fits,SCIENCE,,CAL,,CALJWST,2.0.0,5893,jw05893001004_02101_00004_nrcb1_cal.fits,117573120,262821783,PUBLIC,2,F200W
262820500,JWST,image,jw05893001004_02101_00005_nrca3,exposure (L2b): 2D calibrated exposure average over integrations,S,mast:JWST/product/jw05893001004_02101_00005_nrca3_cal.fits,SCIENCE,,CAL,,CALJWST,2.0.0,5893,jw05893001004_02101_00005_nrca3_cal.fits,117573120,262821783,PUBLIC,2,F200W
262820501,JWST,image,jw05893001004_02101_00006_nrca3,exposure (L2b): 2D calibrated exposure average over integrations,S,mast:JWST/product/jw05893001004_02101_00006_nrca3_cal.fits,SCIENCE,,CAL,,CALJWST,2.0.0,5893,jw05893001004_02101_00006_nrca3_cal.fits,117573120,262821783,PUBLIC,2,F200W
262820502,JWST,image,jw05893001004_02101_00005_nrca1,exposure (L2b): 2D calibrated exposure average over integrations,S,mast:JWST/product/jw05893001004_02101_00005_nrca1_cal.fits,SCIENCE,,CAL,,CALJWST,2.0.0,5893,jw05893001004_02101_00005_nrca1_cal.fits,117570240,262821783,PUBLIC,2,F200W
262820503,JWST,image,jw05893001004_02101_00005_nrcb1,exposure (L2b): 2D calibrated exposure average over integrations,S,mast:JWST/product/jw05893001004_02101_00005_nrcb1_cal.fits,SCIENCE,,CAL,,CALJWST,2.0.0,5893,jw05893001004_02101_00005_nrcb1_cal.fits,117573120,262821783,PUBLIC,2,F200W
262820504,JWST,image,jw05893001004_02101_00006_nrca4,exposure (L2b): 2D calibrated exposure average over integrations,S,mast:JWST/product/jw05893001004_02101_00006_nrca4_cal.fits,SCIENCE,,CAL,,CALJWST,2.0.0,5893,jw05893001004_02101_00006_nrca4_cal.fits,117573120,262821783,PUBLIC,2,F200W
262820505,JWST,image,jw05893001004_02101_00006_nrcb1,exposure (L2b): 2D calibrated exposure average over integrations,S,mast:JWST/product/jw05893001004_02101_00006_nrcb1_cal.fits,SCIENCE,,CAL,,CALJWST,2.0.0,5893,jw05893001004_02101_00006_nrcb1_cal.fits,117573120,262821783,PUBLIC,2,F200W
262820506,JWST,image,jw05893001004_02101_00005_nrcb4,exposure (L2b): 2D calibrated exposure average over integrations,S,mast:JWST/product/jw05893001004_02101_00005_nrcb4_cal.fits,SCIENCE,,CAL,,CALJWST,2.0.0,5893,jw05893001004_02101_00005_nrcb4_cal.fits,117573120,262821783,PUBLIC,2,F200W
262820509,JWST,image,jw05893001004_02101_00006_nrcb4,exposure (L2b): 2D calibrated exposure average over integrations,S,mast:JWST/product/jw05893001004_02101_00006_nrcb4_cal.fits,SCIENCE,,CAL,,CALJWST,2.0.0,5893,jw05893001004_02101_00006_nrcb4_cal.fits,117573120,262821783,PUBLIC,2,F200W
262820510,JWST,image,jw05893001004_02101_00005_nrca2,exposure (L2b): 2D calibrated exposure average over integrations,S,mast:JWST/product/jw05893001004_02101_00005_nrca2_cal.fits,SCIENCE,,CAL,,CALJWST,2.0.0,5893,jw05893001004_02101_00005_nrca2_cal.fits,117570240,262821783,PUBLIC,2,F200W
262820515,JWST,image,jw05893001004_02101_00005_nrca4,exposure (L2b): 2D calibrated exposure average over integrations,S,mast:JWST/product/jw05893001004_02101_00005_nrca4_cal.fits,SCIENCE,,CAL,,CALJWST,2.0.0,5893,jw05893001004_02101_00005_nrca4_cal.fits,117573120,262821783,PUBLIC,2,F200W
262820516,JWST,image,jw05893001004_02101_00005_nrcb2,exposure (L2b): 2D calibrated exposure average over integrations,S,mast:JWST/product/jw05893001004_02101_00005_nrcb2_cal.fits,SCIENCE,,CAL,,CALJWST,2.0.0,5893,jw05893001004_02101_00005_nrcb2_cal.fits,117573120,262821783,PUBLIC,2,F200W
262820520,JWST,image,jw05893001004_02101_00006_nrcb3,exposure (L2b): 2D calibrated exposure average over integrations,S,mast:JWST/product/jw05893001004_02101_00006_nrcb3_cal.fits,SCIENCE,,CAL,,CALJWST,2.0.0,5893,jw05893001004_02101_00006_nrcb3_cal.fits,117573120,262821783,PUBLIC,2,F200W
262820524,JWST,image,jw05893001004_02101_00005_nrcb3,exposure (L2b): 2D calibrated exposure average over integrations,S,mast:JWST/product/jw05893001004_02101_00005_nrcb3_cal.fits,SCIENCE,,CAL,,CALJWST,2.0.0,5893,jw05893001004_02101_00005_nrcb3_cal.fits,117573120,262821783,PUBLIC,2,F200W
262820530,JWST,image,jw05893001004_02101_00006_nrca2,exposure (L2b): 2D calibrated exposure average over integrations,S,mast:JWST/product/jw05893001004_02101_00006_nrca2_cal.fits,SCIENCE,,CAL,,CALJWST,2.0.0,5893,jw05893001004_02101_00006_nrca2_cal.fits,117570240,262821783,PUBLIC,2,F200W
262820531,JWST,image,jw05893001004_02101_00006_nrcb2,exposure (L2b): 2D calibrated exposure average over integrations,S,mast:JWST/product/jw05893001004_02101_00006_nrcb2_cal.fits,SCIENCE,,CAL,,CALJWST,2.0.0,5893,jw05893001004_02101_00006_nrcb2_cal.fits,117573120,262821783,PUBLIC,2,F200W
262820532,JWST,image,jw05893001004_02101_00006_nrca1,exposure (L2b): 2D calibrated exposure average over integrations,S,mast:JWST/product/jw05893001004_02101_00006_nrca1_cal.fits,SCIENCE,,CAL,,CALJWST,2.0.0,5893,jw05893001004_02101_00006_nrca1_cal.fits,117570240,262821783,PUBLIC,2,F200W
262820542,JWST,image,jw05893001005_02101_00001_nrcb2,exposure (L2b): 2D calibrated exposure average over integrations,S,mast:JWST/product/jw05893001005_02101_00001_nrcb2_cal.fits,SCIENCE,,CAL,,CALJWST,2.0.0,5893,jw05893001005_02101_00001_nrcb2_cal.fits,117573120,262821783,PUBLIC,2,F200W
262820543,JWST,image,jw05893001005_02101_00001_nrcb3,exposure (L2b): 2D calibrated exposure average over integrations,S,mast:JWST/product/jw05893001005_02101_00001_nrcb3_cal.fits,SCIENCE,,CAL,,CALJWST,2.0.0,5893,jw05893001005_02101_00001_nrcb3_cal.fits,117573120,262821783,PUBLIC,2,F200W
262820544,JWST,image,jw05893001005_02101_00002_nrca4,exposure (L2b): 2D calibrated exposure average over integrations,S,mast:JWST/product/jw05893001005_02101_00002_nrca4_cal.fits,SCIENCE,,CAL,,CALJWST,2.0.0,5893,jw05893001005_02101_00002_nrca4_cal.fits,117573120,262821783,PUBLIC,2,F200W
262820545,JWST,image,jw05893001005_02101_00001_nrcb1,exposure (L2b): 2D calibrated exposure average over integrations,S,mast:JWST/product/jw05893001005_02101_00001_nrcb1_cal.fits,SCIENCE,,CAL,,CALJWST,2.0.0,5893,jw05893001005_02101_00001_nrcb1_cal.fits,117573120,262821783,PUBLIC,2,F200W
262820547,JWST,image,jw05893001005_02101_00002_nrca1,exposure (L2b): 2D calibrated exposure average over integrations,S,mast:JWST/product/jw05893001005_02101_00002_nrca1_cal.fits,SCIENCE,,CAL,,CALJWST,2.0.0,5893,jw05893001005_02101_00002_nrca1_cal.fits,117570240,262821783,PUBLIC,2,F200W
262820548,JWST,image,jw05893001005_02101_00001_nrca3,exposure (L2b): 2D calibrated exposure average over integrations,S,mast:JWST/product/jw05893001005_02101_00001_nrca3_cal.fits,SCIENCE,,CAL,,CALJWST,2.0.0,5893,jw05893001005_02101_00001_nrca3_cal.fits,117573120,262821783,PUBLIC,2,F200W
262820549,JWST,image,jw05893001005_02101_00002_nrcb4,exposure (L2b): 2D calibrated exposure average over integrations,S,mast:JWST/product/jw05893001005_02101_00002_nrcb4_cal.fits,SCIENCE,,CAL,,CALJWST,2.0.0,5893,jw05893001005_02101_00002_nrcb4_cal.fits,117573120,262821783,PUBLIC,2,F200W
262820550,JWST,image,jw05893001005_02101_00002_nrca2,exposure (L2b): 2D calibrated exposure average over integrations,S,mast:JWST/product/jw05893001005_02101_00002_nrca2_cal.fits,SCIENCE,,CAL,,CALJWST,2.0.0,5893,jw05893001005_02101_00002_nrca2_cal.fits,117570240,262821783,PUBLIC,2,F200W
262820553,JWST,image,jw05893001005_02101_00001_nrca2,exposure (L2b): 2D calibrated exposure average over integrations,S,mast:JWST/product/jw05893001005_02101_00001_nrca2_cal.fits,SCIENCE,,CAL,,CALJWST,2.0.0,5893,jw05893001005_02101_00001_nrca2_cal.fits,117570240,262821783,PUBLIC,2,F200W
262820554,JWST,image,jw05893001005_02101_00002_nrca3,exposure (L2b): 2D calibrated exposure average over integrations,S,mast:JWST/product/jw05893001005_02101_00002_nrca3_cal.fits,SCIENCE,,CAL,,CALJWST,2.0.0,5893,jw05893001005_02101_00002_nrca3_cal.fits,117573120,262821783,PUBLIC,2,F200W
262820555,JWST,image,jw05893001005_02101_00001_nrca1,exposure (L2b): 2D calibrated exposure average over integrations,S,mast:JWST/product/jw05893001005_02101_00001_nrca1_cal.fits,SCIENCE,,CAL,,CALJWST,2.0.0,5893,jw05893001005_02101_00001_nrca1_cal.fits,117570240,262821783,PUBLIC,2,F200W
262820556,JWST,image,jw05893001005_02101_00001_nrca4,exposure (L2b): 2D calibrated exposure average over integrations,S,mast:JWST/product/jw05893001005_02101_00001_nrca4_cal.fits,SCIENCE,,CAL,,CALJWST,2.0.0,5893,jw05893001005_02101_00001_nrca4_cal.fits,117573120,262821783,PUBLIC,2,F200W
262820557,JWST,image,jw05893001005_02101_00001_nrcb4,exposure (L2b): 2D calibrated exposure average over integrations,S,mast:JWST/product/jw05893001005_02101_00001_nrcb4_cal.fits,SCIENCE,,CAL,,CALJWST,2.0.0,5893,jw05893001005_02101_00001_nrcb4_cal.fits,117573120,262821783,PUBLIC,2,F200W
262820558,JWST,image,jw05893001005_02101_00003_nrca2,exposure (L2b): 2D calibrated exposure average over integrations,S,mast:JWST/product/jw05893001005_02101_00003_nrca2_cal.fits,SCIENCE,,CAL,,CALJWST,2.0.0,5893,jw05893001005_02101_00003_nrca2_cal.fits,117570240,262821783,PUBLIC,2,F200W
262820560,JWST,image,jw05893001005_02101_00002_nrcb3,exposure (L2b): 2D calibrated exposure average over integrations,S,mast:JWST/product/jw05893001005_02101_00002_nrcb3_cal.fits,SCIENCE,,CAL,,CALJWST,2.0.0,5893,jw05893001005_02101_00002_nrcb3_cal.fits,117573120,262821783,PUBLIC,2,F200W
262820561,JWST,image,jw05893001005_02101_00002_nrcb2,exposure (L2b): 2D calibrated exposure average over integrations,S,mast:JWST/product/jw05893001005_02101_00002_nrcb2_cal.fits,SCIENCE,,CAL,,CALJWST,2.0.0,5893,jw05893001005_02101_00002_nrcb2_cal.fits,117573120,262821783,PUBLIC,2,F200W
262820563,JWST,image,jw05893001005_02101_00002_nrcb1,exposure (L2b): 2D calibrated exposure average over integrations,S,mast:JWST/product/jw05893001005_02101_00002_nrcb1_cal.fits,SCIENCE,,CAL,,CALJWST,2.0.0,5893,jw05893001005_02101_00002_nrcb1_cal.fits,117573120,262821783,PUBLIC,2,F200W
262820564,JWST,image,jw05893001005_02101_00003_nrcb2,exposure (L2b): 2D calibrated exposure average over integrations,S,mast:JWST/product/jw05893001005_02101_00003_nrcb2_cal.fits,SCIENCE,,CAL,,CALJWST,2.0.0,5893,jw05893001005_02101_00003_nrcb2_cal.fits,117573120,262821783,PUBLIC,2,F200W
262820565,JWST,image,jw05893001005_02101_00003_nrca1,exposure (L2b): 2D calibrated exposure average over integrations,S,mast:JWST/product/jw05893001005_02101_00003_nrca1_cal.fits,SCIENCE,,CAL,,CALJWST,2.0.0,5893,jw05893001005_02101_00003_nrca1_cal.fits,117570240,262821783,PUBLIC,2,F200W
262820568,JWST,image,jw05893001005_02101_00003_nrcb1,exposure (L2b): 2D calibrated exposure average over integrations,S,mast:JWST/product/jw05893001005_02101_00003_nrcb1_cal.fits,SCIENCE,,CAL,,CALJWST,2.0.0,5893,jw05893001005_02101_00003_nrcb1_cal.fits,117573120,262821783,PUBLIC,2,F200W
262820569,JWST,image,jw05893001005_02101_00003_nrcb3,exposure (L2b): 2D calibrated exposure average over integrations,S,mast:JWST/product/jw05893001005_02101_00003_nrcb3_cal.fits,SCIENCE,,CAL,,CALJWST,2.0.0,5893,jw05893001005_02101_00003_nrcb3_cal.fits,117573120,262821783,PUBLIC,2,F200W
262820581,JWST,image,jw05893001005_02101_00004_nrcb1,exposure (L2b): 2D calibrated exposure average over integrations,S,mast:JWST/product/jw05893001005_02101_00004_nrcb1_cal.fits,SCIENCE,,CAL,,CALJWST,2.0.0,5893,jw05893001005_02101_00004_nrcb1_cal.fits,117573120,262821783,PUBLIC,2,F200W
262820582,JWST,image,jw05893001005_02101_00005_nrcb4,exposure (L2b): 2D calibrated exposure average over integrations,S,mast:JWST/product/jw05893001005_02101_00005_nrcb4_cal.fits,SCIENCE,,CAL,,CALJWST,2.0.0,5893,jw05893001005_02101_00005_nrcb4_cal.fits,117573120,262821783,PUBLIC,2,F200W
262820583,JWST,image,jw05893001005_02101_00004_nrca4,exposure (L2b): 2D calibrated exposure average over integrations,S,mast:JWST/product/jw05893001005_02101_00004_nrca4_cal.fits,SCIENCE,,CAL,,CALJWST,2.0.0,5893,jw05893001005_02101_00004_nrca4_cal.fits,117573120,262821783,PUBLIC,2,F200W
262820584,JWST,image,jw05893001005_02101_00004_nrcb4,exposure (L2b): 2D calibrated exposure average over integrations,S,mast:JWST/product/jw05893001005_02101_00004_nrcb4_cal.fits,SCIENCE,,CAL,,CALJWST,2.0.0,5893,jw05893001005_02101_00004_nrcb4_cal.fits,117573120,262821783,PUBLIC,2,F200W
262820586,JWST,image,jw05893001005_02101_00004_nrca3,exposure (L2b): 2D calibrated exposure average over integrations,S,mast:JWST/product/jw05893001005_02101_00004_nrca3_cal.fits,SCIENCE,,CAL,,CALJWST,2.0.0,5893,jw05893001005_02101_00004_nrca3_cal.fits,117573120,262821783,PUBLIC,2,F200W
262820587,JWST,image,jw05893001005_02101_00003_nrca4,exposure (L2b): 2D calibrated exposure average over integrations,S,mast:JWST/product/jw05893001005_02101_00003_nrca4_cal.fits,SCIENCE,,CAL,,CALJWST,2.0.0,5893,jw05893001005_02101_00003_nrca4_cal.fits,117573120,262821783,PUBLIC,2,F200W
262820588,JWST,image,jw05893001005_02101_00004_nrcb3,exposure (L2b): 2D calibrated exposure average over integrations,S,mast:JWST/product/jw05893001005_02101_00004_nrcb3_cal.fits,SCIENCE,,CAL,,CALJWST,2.0.0,5893,jw05893001005_02101_00004_nrcb3_cal.fits,117573120,262821783,PUBLIC,2,F200W
262820589,JWST,image,jw05893001005_02101_00004_nrca1,exposure (L2b): 2D calibrated exposure average over integrations,S,mast:JWST/product/jw05893001005_02101_00004_nrca1_cal.fits,SCIENCE,,CAL,,CALJWST,2.0.0,5893,jw05893001005_02101_00004_nrca1_cal.fits,117570240,262821783,PUBLIC,2,F200W
262820591,JWST,image,jw05893001005_02101_00005_nrcb3,exposure (L2b): 2D calibrated exposure average over integrations,S,mast:JWST/product/jw05893001005_02101_00005_nrcb3_cal.fits,SCIENCE,,CAL,,CALJWST,2.0.0,5893,jw05893001005_02101_00005_nrcb3_cal.fits,117573120,262821783,PUBLIC,2,F200W
262820593,JWST,image,jw05893001005_02101_00003_nrca3,exposure (L2b): 2D calibrated exposure average over integrations,S,mast:JWST/product/jw05893001005_02101_00003_nrca3_cal.fits,SCIENCE,,CAL,,CALJWST,2.0.0,5893,jw05893001005_02101_00003_nrca3_cal.fits,117573120,262821783,PUBLIC,2,F200W
262820595,JWST,image,jw05893001005_02101_00004_nrca2,exposure (L2b): 2D calibrated exposure average over integrations,S,mast:JWST/product/jw05893001005_02101_00004_nrca2_cal.fits,SCIENCE,,CAL,,CALJWST,2.0.0,5893,jw05893001005_02101_00004_nrca2_cal.fits,117570240,262821783,PUBLIC,2,F200W
262820596,JWST,image,jw05893001005_02101_00004_nrcb2,exposure (L2b): 2D calibrated exposure average over integrations,S,mast:JWST/product/jw05893001005_02101_00004_nrcb2_cal.fits,SCIENCE,,CAL,,CALJWST,2.0.0,5893,jw05893001005_02101_00004_nrcb2_cal.fits,117573120,262821783,PUBLIC,2,F200W
262820597,JWST,image,jw05893001005_02101_00003_nrcb4,exposure (L2b): 2D calibrated exposure average over integrations,S,mast:JWST/product/jw05893001005_02101_00003_nrcb4_cal.fits,SCIENCE,,CAL,,CALJWST,2.0.0,5893,jw05893001005_02101_00003_nrcb4_cal.fits,117573120,262821783,PUBLIC,2,F200W
262820599,JWST,image,jw05893001005_02101_00005_nrcb1,exposure (L2b): 2D calibrated exposure average over integrations,S,mast:JWST/product/jw05893001005_02101_00005_nrcb1_cal.fits,SCIENCE,,CAL,,CALJWST,2.0.0,5893,jw05893001005_02101_00005_nrcb1_cal.fits,117573120,262821783,PUBLIC,2,F200W
262820600,JWST,image,jw05893001005_02101_00006_nrca3,exposure (L2b): 2D calibrated exposure average over integrations,S,mast:JWST/product/jw05893001005_02101_00006_nrca3_cal.fits,SCIENCE,,CAL,,CALJWST,2.0.0,5893,jw05893001005_02101_00006_nrca3_cal.fits,117573120,262821783,PUBLIC,2,F200W
262820602,JWST,image,jw05893001005_02101_00005_nrca3,exposure (L2b): 2D calibrated exposure average over integrations,S,mast:JWST/product/jw05893001005_02101_00005_nrca3_cal.fits,SCIENCE,,CAL,,CALJWST,2.0.0,5893,jw05893001005_02101_00005_nrca3_cal.fits,117573120,262821783,PUBLIC,2,F200W
262820604,JWST,image,jw05893001005_02101_00006_nrca2,exposure (L2b): 2D calibrated exposure average over integrations,S,mast:JWST/product/jw05893001005_02101_00006_nrca2_cal.fits,SCIENCE,,CAL,,CALJWST,2.0.0,5893,jw05893001005_02101_00006_nrca2_cal.fits,117570240,262821783,PUBLIC,2,F200W
262820608,JWST,image,jw05893001005_02101_00006_nrca4,exposure (L2b): 2D calibrated exposure average over integrations,S,mast:JWST/product/jw05893001005_02101_00006_nrca4_cal.fits,SCIENCE,,CAL,,CALJWST,2.0.0,5893,jw05893001005_02101_00006_nrca4_cal.fits,117573120,262821783,PUBLIC,2,F200W
262820613,JWST,image,jw05893001005_02101_00005_nrca4,exposure (L2b): 2D calibrated exposure average over integrations,S,mast:JWST/product/jw05893001005_02101_00005_nrca4_cal.fits,SCIENCE,,CAL,,CALJWST,2.0.0,5893,jw05893001005_02101_00005_nrca4_cal.fits,117573120,262821783,PUBLIC,2,F200W
262820615,JWST,image,jw05893001005_02101_00006_nrcb2,exposure (L2b): 2D calibrated exposure average over integrations,S,mast:JWST/product/jw05893001005_02101_00006_nrcb2_cal.fits,SCIENCE,,CAL,,CALJWST,2.0.0,5893,jw05893001005_02101_00006_nrcb2_cal.fits,117573120,262821783,PUBLIC,2,F200W
262820616,JWST,image,jw05893001005_02101_00005_nrcb2,exposure (L2b): 2D calibrated exposure average over integrations,S,mast:JWST/product/jw05893001005_02101_00005_nrcb2_cal.fits,SCIENCE,,CAL,,CALJWST,2.0.0,5893,jw05893001005_02101_00005_nrcb2_cal.fits,117573120,262821783,PUBLIC,2,F200W
262820617,JWST,image,jw05893001005_02101_00005_nrca1,exposure (L2b): 2D calibrated exposure average over integrations,S,mast:JWST/product/jw05893001005_02101_00005_nrca1_cal.fits,SCIENCE,,CAL,,CALJWST,2.0.0,5893,jw05893001005_02101_00005_nrca1_cal.fits,117570240,262821783,PUBLIC,2,F200W
262820624,JWST,image,jw05893001005_02101_00006_nrcb4,exposure (L2b): 2D calibrated exposure average over integrations,S,mast:JWST/product/jw05893001005_02101_00006_nrcb4_cal.fits,SCIENCE,,CAL,,CALJWST,2.0.0,5893,jw05893001005_02101_00006_nrcb4_cal.fits,117573120,262821783,PUBLIC,2,F200W
262820631,JWST,image,jw05893001005_02101_00006_nrca1,exposure (L2b): 2D calibrated exposure average over integrations,S,mast:JWST/product/jw05893001005_02101_00006_nrca1_cal.fits,SCIENCE,,CAL,,CALJWST,2.0.0,5893,jw05893001005_02101_00006_nrca1_cal.fits,117570240,262821783,PUBLIC,2,F200W
262820634,JWST,image,jw05893001005_02101_00006_nrcb1,exposure (L2b): 2D calibrated exposure average over integrations,S,mast:JWST/product/jw05893001005_02101_00006_nrcb1_cal.fits,SCIENCE,,CAL,,CALJWST,2.0.0,5893,jw05893001005_02101_00006_nrcb1_cal.fits,117573120,262821783,PUBLIC,2,F200W
262820637,JWST,image,jw05893001005_02101_00006_nrcb3,exposure (L2b): 2D calibrated exposure average over integrations,S,mast:JWST/product/jw05893001005_02101_00006_nrcb3_cal.fits,SCIENCE,,CAL,,CALJWST,2.0.0,5893,jw05893001005_02101_00006_nrcb3_cal.fits,117573120,262821783,PUBLIC,2,F200W
262820640,JWST,image,jw05893001005_02101_00005_nrca2,exposure (L2b): 2D calibrated exposure average over integrations,S,mast:JWST/product/jw05893001005_02101_00005_nrca2_cal.fits,SCIENCE,,CAL,,CALJWST,2.0.0,5893,jw05893001005_02101_00005_nrca2_cal.fits,117570240,262821783,PUBLIC,2,F200W
262820648,JWST,image,jw05893001006_02101_00001_nrca4,exposure (L2b): 2D calibrated exposure average over integrations,S,mast:JWST/product/jw05893001006_02101_00001_nrca4_cal.fits,SCIENCE,,CAL,,CALJWST,2.0.0,5893,jw05893001006_02101_00001_nrca4_cal.fits,117573120,262821783,PUBLIC,2,F200W
262820649,JWST,image,jw05893001006_02101_00001_nrca2,exposure (L2b): 2D calibrated exposure average over integrations,S,mast:JWST/product/jw05893001006_02101_00001_nrca2_cal.fits,SCIENCE,,CAL,,CALJWST,2.0.0,5893,jw05893001006_02101_00001_nrca2_cal.fits,117570240,262821783,PUBLIC,2,F200W
262820650,JWST,image,jw05893001006_02101_00001_nrca1,exposure (L2b): 2D calibrated exposure average over integrations,S,mast:JWST/product/jw05893001006_02101_00001_nrca1_cal.fits,SCIENCE,,CAL,,CALJWST,2.0.0,5893,jw05893001006_02101_00001_nrca1_cal.fits,117570240,262821783,PUBLIC,2,F200W
262820651,JWST,image,jw05893001006_02101_00001_nrca3,exposure (L2b): 2D calibrated exposure average over integrations,S,mast:JWST/product/jw05893001006_02101_00001_nrca3_cal.fits,SCIENCE,,CAL,,CALJWST,2.0.0,5893,jw05893001006_02101_00001_nrca3_cal.fits,117573120,262821783,PUBLIC,2,F200W
262820652,JWST,image,jw05893001006_02101_00001_nrcb1,exposure (L2b): 2D calibrated exposure average over integrations,S,mast:JWST/product/jw05893001006_02101_00001_nrcb1_cal.fits,SCIENCE,,CAL,,CALJWST,2.0.0,5893,jw05893001006_02101_00001_nrcb1_cal.fits,117573120,262821783,PUBLIC,2,F200W
262820653,JWST,image,jw05893001006_02101_00001_nrcb3,exposure (L2b): 2D calibrated exposure average over integrations,S,mast:JWST/product/jw05893001006_02101_00001_nrcb3_cal.fits,SCIENCE,,CAL,,CALJWST,2.0.0,5893,jw05893001006_02101_00001_nrcb3_cal.fits,117573120,262821783,PUBLIC,2,F200W
262820654,JWST,image,jw05893001006_02101_00001_nrcb2,exposure (L2b): 2D calibrated exposure average over integrations,S,mast:JWST/product/jw05893001006_02101_00001_nrcb2_cal.fits,SCIENCE,,CAL,,CALJWST,2.0.0,5893,jw05893001006_02101_00001_nrcb2_cal.fits,117573120,262821783,PUBLIC,2,F200W
262820655,JWST,image,jw05893001006_02101_00002_nrca4,exposure (L2b): 2D calibrated exposure average over integrations,S,mast:JWST/product/jw05893001006_02101_00002_nrca4_cal.fits,SCIENCE,,CAL,,CALJWST,2.0.0,5893,jw05893001006_02101_00002_nrca4_cal.fits,117573120,262821783,PUBLIC,2,F200W
262820658,JWST,image,jw05893001006_02101_00001_nrcb4,exposure (L2b): 2D calibrated exposure average over integrations,S,mast:JWST/product/jw05893001006_02101_00001_nrcb4_cal.fits,SCIENCE,,CAL,,CALJWST,2.0.0,5893,jw05893001006_02101_00001_nrcb4_cal.fits,117573120,262821783,PUBLIC,2,F200W
262820659,JWST,image,jw05893001006_02101_00002_nrca2,exposure (L2b): 2D calibrated exposure average over integrations,S,mast:JWST/product/jw05893001006_02101_00002_nrca2_cal.fits,SCIENCE,,CAL,,CALJWST,2.0.0,5893,jw05893001006_02101_00002_nrca2_cal.fits,117570240,262821783,PUBLIC,2,F200W
262820675,JWST,image,jw05893001006_02101_00004_nrca1,exposure (L2b): 2D calibrated exposure average over integrations,S,mast:JWST/product/jw05893001006_02101_00004_nrca1_cal.fits,SCIENCE,,CAL,,CALJWST,2.0.0,5893,jw05893001006_02101_00004_nrca1_cal.fits,117570240,262821783,PUBLIC,2,F200W
262820679,JWST,image,jw05893001006_02101_00003_nrca1,exposure (L2b): 2D calibrated exposure average over integrations,S,mast:JWST/product/jw05893001006_02101_00003_nrca1_cal.fits,SCIENCE,,CAL,,CALJWST,2.0.0,5893,jw05893001006_02101_00003_nrca1_cal.fits,117570240,262821783,PUBLIC,2,F200W
262820680,JWST,image,jw05893001006_02101_00003_nrca4,exposure (L2b): 2D calibrated exposure average over integrations,S,mast:JWST/product/jw05893001006_02101_00003_nrca4_cal.fits,SCIENCE,,CAL,,CALJWST,2.0.0,5893,jw05893001006_02101_00003_nrca4_cal.fits,117573120,262821783,PUBLIC,2,F200W
262820681,JWST,image,jw05893001006_02101_00005_nrcb4,exposure (L2b): 2D calibrated exposure average over integrations,S,mast:JWST/product/jw05893001006_02101_00005_nrcb4_cal.fits,SCIENCE,,CAL,,CALJWST,2.0.0,5893,jw05893001006_02101_00005_nrcb4_cal.fits,117573120,262821783,PUBLIC,2,F200W
262820683,JWST,image,jw05893001006_02101_00004_nrcb1,exposure (L2b): 2D calibrated exposure average over integrations,S,mast:JWST/product/jw05893001006_02101_00004_nrcb1_cal.fits,SCIENCE,,CAL,,CALJWST,2.0.0,5893,jw05893001006_02101_00004_nrcb1_cal.fits,117573120,262821783,PUBLIC,2,F200W
262820685,JWST,image,jw05893001006_02101_00004_nrcb4,exposure (L2b): 2D calibrated exposure average over integrations,S,mast:JWST/product/jw05893001006_02101_00004_nrcb4_cal.fits,SCIENCE,,CAL,,CALJWST,2.0.0,5893,jw05893001006_02101_00004_nrcb4_cal.fits,117573120,262821783,PUBLIC,2,F200W
262820688,JWST,image,jw05893001006_02101_00005_nrcb2,exposure (L2b): 2D calibrated exposure average over integrations,S,mast:JWST/product/jw05893001006_02101_00005_nrcb2_cal.fits,SCIENCE,,CAL,,CALJWST,2.0.0,5893,jw05893001006_02101_00005_nrcb2_cal.fits,117573120,262821783,PUBLIC,2,F200W
262820689,JWST,image,jw05893001006_02101_00004_nrca3,exposure (L2b): 2D calibrated exposure average over integrations,S,mast:JWST/product/jw05893001006_02101_00004_nrca3_cal.fits,SCIENCE,,CAL,,CALJWST,2.0.0,5893,jw05893001006_02101_00004_nrca3_cal.fits,117573120,262821783,PUBLIC,2,F200W
262820691,JWST,image,jw05893001006_02101_00005_nrca1,exposure (L2b): 2D calibrated exposure average over integrations,S,mast:JWST/product/jw05893001006_02101_00005_nrca1_cal.fits,SCIENCE,,CAL,,CALJWST,2.0.0,5893,jw05893001006_02101_00005_nrca1_cal.fits,117570240,262821783,PUBLIC,2,F200W
262820692,JWST,image,jw05893001006_02101_00002_nrcb1,exposure (L2b): 2D calibrated exposure average over integrations,S,mast:JWST/product/jw05893001006_02101_00002_nrcb1_cal.fits,SCIENCE,,CAL,,CALJWST,2.0.0,5893,jw05893001006_02101_00002_nrcb1_cal.fits,117573120,262821783,PUBLIC,2,F200W
262820693,JWST,image,jw05893001006_02101_00005_nrca4,exposure (L2b): 2D calibrated exposure average over integrations,S,mast:JWST/product/jw05893001006_02101_00005_nrca4_cal.fits,SCIENCE,,CAL,,CALJWST,2.0.0,5893,jw05893001006_02101_00005_nrca4_cal.fits,117573120,262821783,PUBLIC,2,F200W
262820694,JWST,image,jw05893001006_02101_00004_nrcb3,exposure (L2b): 2D calibrated exposure average over integrations,S,mast:JWST/product/jw05893001006_02101_00004_nrcb3_cal.fits,SCIENCE,,CAL,,CALJWST,2.0.0,5893,jw05893001006_02101_00004_nrcb3_cal.fits,117573120,262821783,PUBLIC,2,F200W
262820696,JWST,image,jw05893001006_02101_00002_nrcb2,exposure (L2b): 2D calibrated exposure average over integrations,S,mast:JWST/product/jw05893001006_02101_00002_nrcb2_cal.fits,SCIENCE,,CAL,,CALJWST,2.0.0,5893,jw05893001006_02101_00002_nrcb2_cal.fits,117573120,262821783,PUBLIC,2,F200W
262820697,JWST,image,jw05893001006_02101_00005_nrca3,exposure (L2b): 2D calibrated exposure average over integrations,S,mast:JWST/product/jw05893001006_02101_00005_nrca3_cal.fits,SCIENCE,,CAL,,CALJWST,2.0.0,5893,jw05893001006_02101_00005_nrca3_cal.fits,117573120,262821783,PUBLIC,2,F200W
262820698,JWST,image,jw05893001006_02101_00005_nrcb3,exposure (L2b): 2D calibrated exposure average over integrations,S,mast:JWST/product/jw05893001006_02101_00005_nrcb3_cal.fits,SCIENCE,,CAL,,CALJWST,2.0.0,5893,jw05893001006_02101_00005_nrcb3_cal.fits,117573120,262821783,PUBLIC,2,F200W
262820699,JWST,image,jw05893001006_02101_00002_nrcb4,exposure (L2b): 2D calibrated exposure average over integrations,S,mast:JWST/product/jw05893001006_02101_00002_nrcb4_cal.fits,SCIENCE,,CAL,,CALJWST,2.0.0,5893,jw05893001006_02101_00002_nrcb4_cal.fits,117573120,262821783,PUBLIC,2,F200W
262820700,JWST,image,jw05893001006_02101_00002_nrca1,exposure (L2b): 2D calibrated exposure average over integrations,S,mast:JWST/product/jw05893001006_02101_00002_nrca1_cal.fits,SCIENCE,,CAL,,CALJWST,2.0.0,5893,jw05893001006_02101_00002_nrca1_cal.fits,117570240,262821783,PUBLIC,2,F200W
262820701,JWST,image,jw05893001006_02101_00003_nrcb2,exposure (L2b): 2D calibrated exposure average over integrations,S,mast:JWST/product/jw05893001006_02101_00003_nrcb2_cal.fits,SCIENCE,,CAL,,CALJWST,2.0.0,5893,jw05893001006_02101_00003_nrcb2_cal.fits,117573120,262821783,PUBLIC,2,F200W
262820702,JWST,image,jw05893001006_02101_00003_nrca2,exposure (L2b): 2D calibrated exposure average over integrations,S,mast:JWST/product/jw05893001006_02101_00003_nrca2_cal.fits,SCIENCE,,CAL,,CALJWST,2.0.0,5893,jw05893001006_02101_00003_nrca2_cal.fits,117570240,262821783,PUBLIC,2,F200W
262820703,JWST,image,jw05893001006_02101_00004_nrca4,exposure (L2b): 2D calibrated exposure average over integrations,S,mast:JWST/product/jw05893001006_02101_00004_nrca4_cal.fits,SCIENCE,,CAL,,CALJWST,2.0.0,5893,jw05893001006_02101_00004_nrca4_cal.fits,117573120,262821783,PUBLIC,2,F200W
262820705,JWST,image,jw05893001006_02101_00005_nrca2,exposure (L2b): 2D calibrated exposure average over integrations,S,mast:JWST/product/jw05893001006_02101_00005_nrca2_cal.fits,SCIENCE,,CAL,,CALJWST,2.0.0,5893,jw05893001006_02101_00005_nrca2_cal.fits,117570240,262821783,PUBLIC,2,F200W
262820706,JWST,image,jw05893001006_02101_00003_nrcb4,exposure (L2b): 2D calibrated exposure average over integrations,S,mast:JWST/product/jw05893001006_02101_00003_nrcb4_cal.fits,SCIENCE,,CAL,,CALJWST,2.0.0,5893,jw05893001006_02101_00003_nrcb4_cal.fits,117573120,262821783,PUBLIC,2,F200W
262820707,JWST,image,jw05893001006_02101_00003_nrcb3,exposure (L2b): 2D calibrated exposure average over integrations,S,mast:JWST/product/jw05893001006_02101_00003_nrcb3_cal.fits,SCIENCE,,CAL,,CALJWST,2.0.0,5893,jw05893001006_02101_00003_nrcb3_cal.fits,117573120,262821783,PUBLIC,2,F200W
262820709,JWST,image,jw05893001006_02101_00002_nrca3,exposure (L2b): 2D calibrated exposure average over integrations,S,mast:JWST/product/jw05893001006_02101_00002_nrca3_cal.fits,SCIENCE,,CAL,,CALJWST,2.0.0,5893,jw05893001006_02101_00002_nrca3_cal.fits,117573120,262821783,PUBLIC,2,F200W
262820710,JWST,image,jw05893001006_02101_00002_nrcb3,exposure (L2b): 2D calibrated exposure average over integrations,S,mast:JWST/product/jw05893001006_02101_00002_nrcb3_cal.fits,SCIENCE,,CAL,,CALJWST,2.0.0,5893,jw05893001006_02101_00002_nrcb3_cal.fits,117573120,262821783,PUBLIC,2,F200W
262820712,JWST,image,jw05893001006_02101_00004_nrcb2,exposure (L2b): 2D calibrated exposure average over integrations,S,mast:JWST/product/jw05893001006_02101_00004_nrcb2_cal.fits,SCIENCE,,CAL,,CALJWST,2.0.0,5893,jw05893001006_02101_00004_nrcb2_cal.fits,117573120,262821783,PUBLIC,2,F200W
262820713,JWST,image,jw05893001006_02101_00004_nrca2,exposure (L2b): 2D calibrated exposure average over integrations,S,mast:JWST/product/jw05893001006_02101_00004_nrca2_cal.fits,SCIENCE,,CAL,,CALJWST,2.0.0,5893,jw05893001006_02101_00004_nrca2_cal.fits,117570240,262821783,PUBLIC,2,F200W
262820715,JWST,image,jw05893001006_02101_00005_nrcb1,exposure (L2b): 2D calibrated exposure average over integrations,S,mast:JWST/product/jw05893001006_02101_00005_nrcb1_cal.fits,SCIENCE,,CAL,,CALJWST,2.0.0,5893,jw05893001006_02101_00005_nrcb1_cal.fits,117573120,262821783,PUBLIC,2,F200W
262820716,JWST,image,jw05893001006_02101_00003_nrca3,exposure (L2b): 2D calibrated exposure average over integrations,S,mast:JWST/product/jw05893001006_02101_00003_nrca3_cal.fits,SCIENCE,,CAL,,CALJWST,2.0.0,5893,jw05893001006_02101_00003_nrca3_cal.fits,117573120,262821783,PUBLIC,2,F200W
262820717,JWST,image,jw05893001006_02101_00003_nrcb1,exposure (L2b): 2D calibrated exposure average over integrations,S,mast:JWST/product/jw05893001006_02101_00003_nrcb1_cal.fits,SCIENCE,,CAL,,CALJWST,2.0.0,5893,jw05893001006_02101_00003_nrcb1_cal.fits,117573120,262821783,PUBLIC,2,F200W
262820851,JWST,image,jw05893001006_02101_00006_nrca2,exposure (L2b): 2D calibrated exposure average over integrations,S,mast:JWST/product/jw05893001006_02101_00006_nrca2_cal.fits,SCIENCE,,CAL,,CALJWST,2.0.0,5893,jw05893001006_02101_00006_nrca2_cal.fits,117570240,262821783,PUBLIC,2,F200W
262820852,JWST,image,jw05893001006_02101_00006_nrcb4,exposure (L2b): 2D calibrated exposure average over integrations,S,mast:JWST/product/jw05893001006_02101_00006_nrcb4_cal.fits,SCIENCE,,CAL,,CALJWST,2.0.0,5893,jw05893001006_02101_00006_nrcb4_cal.fits,117573120,262821783,PUBLIC,2,F200W
262820854,JWST,image,jw05893001006_02101_00006_nrcb1,exposure (L2b): 2D calibrated exposure average over integrations,S,mast:JWST/product/jw05893001006_02101_00006_nrcb1_cal.fits,SCIENCE,,CAL,,CALJWST,2.0.0,5893,jw05893001006_02101_00006_nrcb1_cal.fits,117573120,262821783,PUBLIC,2,F200W
262820856,JWST,image,jw05893001006_02101_00006_nrcb2,exposure (L2b): 2D calibrated exposure average over integrations,S,mast:JWST/product/jw05893001006_02101_00006_nrcb2_cal.fits,SCIENCE,,CAL,,CALJWST,2.0.0,5893,jw05893001006_02101_00006_nrcb2_cal.fits,117573120,262821783,PUBLIC,2,F200W
262820858,JWST,image,jw05893001006_02101_00006_nrcb3,exposure (L2b): 2D calibrated exposure average over integrations,S,mast:JWST/product/jw05893001006_02101_00006_nrcb3_cal.fits,SCIENCE,,CAL,,CALJWST,2.0.0,5893,jw05893001006_02101_00006_nrcb3_cal.fits,117573120,262821783,PUBLIC,2,F200W
262820859,JWST,image,jw05893001004_02101_00001_nrca3,exposure (L2b): 2D calibrated exposure average over integrations,S,mast:JWST/product/jw05893001004_02101_00001_nrca3_cal.fits,SCIENCE,,CAL,,CALJWST,2.0.0,5893,jw05893001004_02101_00001_nrca3_cal.fits,117573120,262821783,PUBLIC,2,F200W
262820861,JWST,image,jw05893001004_02101_00001_nrca4,exposure (L2b): 2D calibrated exposure average over integrations,S,mast:JWST/product/jw05893001004_02101_00001_nrca4_cal.fits,SCIENCE,,CAL,,CALJWST,2.0.0,5893,jw05893001004_02101_00001_nrca4_cal.fits,117573120,262821783,PUBLIC,2,F200W
262820862,JWST,image,jw05893001006_02101_00006_nrca3,exposure (L2b): 2D calibrated exposure average over integrations,S,mast:JWST/product/jw05893001006_02101_00006_nrca3_cal.fits,SCIENCE,,CAL,,CALJWST,2.0.0,5893,jw05893001006_02101_00006_nrca3_cal.fits,117573120,262821783,PUBLIC,2,F200W
262820863,JWST,image,jw05893001004_02101_00001_nrca1,exposure (L2b): 2D calibrated exposure average over integrations,S,mast:JWST/product/jw05893001004_02101_00001_nrca1_cal.fits,SCIENCE,,CAL,,CALJWST,2.0.0,5893,jw05893001004_02101_00001_nrca1_cal.fits,117570240,262821783,PUBLIC,2,F200W
262820864,JWST,image,jw05893001004_02101_00001_nrcb3,exposure (L2b): 2D calibrated exposure average over integrations,S,mast:JWST/product/jw05893001004_02101_00001_nrcb3_cal.fits,SCIENCE,,CAL,,CALJWST,2.0.0,5893,jw05893001004_02101_00001_nrcb3_cal.fits,117573120,262821783,PUBLIC,2,F200W
262820865,JWST,image,jw05893001004_02101_00001_nrcb1,exposure (L2b): 2D calibrated exposure average over integrations,S,mast:JWST/product/jw05893001004_02101_00001_nrcb1_cal.fits,SCIENCE,,CAL,,CALJWST,2.0.0,5893,jw05893001004_02101_00001_nrcb1_cal.fits,117573120,262821783,PUBLIC,2,F200W
262820866,JWST,image,jw05893001004_02101_00001_nrcb2,exposure (L2b): 2D calibrated exposure average over integrations,S,mast:JWST/product/jw05893001004_02101_00001_nrcb2_cal.fits,SCIENCE,,CAL,,CALJWST,2.0.0,5893,jw05893001004_02101_00001_nrcb2_cal.fits,117573120,262821783,PUBLIC,2,F200W
262820867,JWST,image,jw05893001004_02101_00001_nrca2,exposure (L2b): 2D calibrated exposure average over integrations,S,mast:JWST/product/jw05893001004_02101_00001_nrca2_cal.fits,SCIENCE,,CAL,,CALJWST,2.0.0,5893,jw05893001004_02101_00001_nrca2_cal.fits,117570240,262821783,PUBLIC,2,F200W
262820868,JWST,image,jw05893001006_02101_00006_nrca4,exposure (L2b): 2D calibrated exposure average over integrations,S,mast:JWST/product/jw05893001006_02101_00006_nrca4_cal.fits,SCIENCE,,CAL,,CALJWST,2.0.0,5893,jw05893001006_02101_00006_nrca4_cal.fits,117573120,262821783,PUBLIC,2,F200W
262820869,JWST,image,jw05893001006_02101_00006_nrca1,exposure (L2b): 2D calibrated exposure average over integrations,S,mast:JWST/product/jw05893001006_02101_00006_nrca1_cal.fits,SCIENCE,,CAL,,CALJWST,2.0.0,5893,jw05893001006_02101_00006_nrca1_cal.fits,117570240,262821783,PUBLIC,2,F200W
262820870,JWST,image,jw05893001004_02101_00001_nrcb4,exposure (L2b): 2D calibrated exposure average over integrations,S,mast:JWST/product/jw05893001004_02101_00001_nrcb4_cal.fits,SCIENCE,,CAL,,CALJWST,2.0.0,5893,jw05893001004_02101_00001_nrcb4_cal.fits,117573120,262821783,PUBLIC,2,F200W
262820997,JWST,image,jw05893001007_02101_00001_nrcb1,exposure (L2b): 2D calibrated exposure average over integrations,S,mast:JWST/product/jw05893001007_02101_00001_nrcb1_cal.fits,SCIENCE,,CAL,,CALJWST,2.0.0,5893,jw05893001007_02101_00001_nrcb1_cal.fits,117573120,262821783,PUBLIC,2,F200W
262820998,JWST,image,jw05893001007_02101_00001_nrcb3,exposure (L2b): 2D calibrated exposure average over integrations,S,mast:JWST/product/jw05893001007_02101_00001_nrcb3_cal.fits,SCIENCE,,CAL,,CALJWST,2.0.0,5893,jw05893001007_02101_00001_nrcb3_cal.fits,117573120,262821783,PUBLIC,2,F200W
262821000,JWST,image,jw05893001007_02101_00001_nrca4,exposure (L2b): 2D calibrated exposure average over integrations,S,mast:JWST/product/jw05893001007_02101_00001_nrca4_cal.fits,SCIENCE,,CAL,,CALJWST,2.0.0,5893,jw05893001007_02101_00001_nrca4_cal.fits,117573120,262821783,PUBLIC,2,F200W
262821001,JWST,image,jw05893001007_02101_00001_nrca3,exposure (L2b): 2D calibrated exposure average over integrations,S,mast:JWST/product/jw05893001007_02101_00001_nrca3_cal.fits,SCIENCE,,CAL,,CALJWST,2.0.0,5893,jw05893001007_02101_00001_nrca3_cal.fits,117573120,262821783,PUBLIC,2,F200W
262821002,JWST,image,jw05893001007_02101_00001_nrca2,exposure (L2b): 2D calibrated exposure average over integrations,S,mast:JWST/product/jw05893001007_02101_00001_nrca2_cal.fits,SCIENCE,,CAL,,CALJWST,2.0.0,5893,jw05893001007_02101_00001_nrca2_cal.fits,117570240,262821783,PUBLIC,2,F200W
262821003,JWST,image,jw05893001007_02101_00001_nrca1,exposure (L2b): 2D calibrated exposure average over integrations,S,mast:JWST/product/jw05893001007_02101_00001_nrca1_cal.fits,SCIENCE,,CAL,,CALJWST,2.0.0,5893,jw05893001007_02101_00001_nrca1_cal.fits,117570240,262821783,PUBLIC,2,F200W
262821037,JWST,image,jw05893001007_02101_00003_nrcb3,exposure (L2b): 2D calibrated exposure average over integrations,S,mast:JWST/product/jw05893001007_02101_00003_nrcb3_cal.fits,SCIENCE,,CAL,,CALJWST,2.0.0,5893,jw05893001007_02101_00003_nrcb3_cal.fits,117573120,262821783,PUBLIC,2,F200W
262821039,JWST,image,jw05893001007_02101_00002_nrcb3,exposure (L2b): 2D calibrated exposure average over integrations,S,mast:JWST/product/jw05893001007_02101_00002_nrcb3_cal.fits,SCIENCE,,CAL,,CALJWST,2.0.0,5893,jw05893001007_02101_00002_nrcb3_cal.fits,117573120,262821783,PUBLIC,2,F200W
262821040,JWST,image,jw05893001007_02101_00003_nrca1,exposure (L2b): 2D calibrated exposure average over integrations,S,mast:JWST/product/jw05893001007_02101_00003_nrca1_cal.fits,SCIENCE,,CAL,,CALJWST,2.0.0,5893,jw05893001007_02101_00003_nrca1_cal.fits,117570240,262821783,PUBLIC,2,F200W
262821042,JWST,image,jw05893001007_02101_00003_nrca2,exposure (L2b): 2D calibrated exposure average over integrations,S,mast:JWST/product/jw05893001007_02101_00003_nrca2_cal.fits,SCIENCE,,CAL,,CALJWST,2.0.0,5893,jw05893001007_02101_00003_nrca2_cal.fits,117570240,262821783,PUBLIC,2,F200W
262821043,JWST,image,jw05893001007_02101_00002_nrca1,exposure (L2b): 2D calibrated exposure average over integrations,S,mast:JWST/product/jw05893001007_02101_00002_nrca1_cal.fits,SCIENCE,,CAL,,CALJWST,2.0.0,5893,jw05893001007_02101_00002_nrca1_cal.fits,117570240,262821783,PUBLIC,2,F200W
262821045,JWST,image,jw05893001007_02101_00001_nrcb4,exposure (L2b): 2D calibrated exposure average over integrations,S,mast:JWST/product/jw05893001007_02101_00001_nrcb4_cal.fits,SCIENCE,,CAL,,CALJWST,2.0.0,5893,jw05893001007_02101_00001_nrcb4_cal.fits,117573120,262821783,PUBLIC,2,F200W
262821046,JWST,image,jw05893001007_02101_00003_nrcb2,exposure (L2b): 2D calibrated exposure average over integrations,S,mast:JWST/product/jw05893001007_02101_00003_nrcb2_cal.fits,SCIENCE,,CAL,,CALJWST,2.0.0,5893,jw05893001007_02101_00003_nrcb2_cal.fits,117573120,262821783,PUBLIC,2,F200W
262821047,JWST,image,jw05893001007_02101_00004_nrcb4,exposure (L2b): 2D calibrated exposure average over integrations,S,mast:JWST/product/jw05893001007_02101_00004_nrcb4_cal.fits,SCIENCE,,CAL,,CALJWST,2.0.0,5893,jw05893001007_02101_00004_nrcb4_cal.fits,117573120,262821783,PUBLIC,2,F200W
262821048,JWST,image,jw05893001007_02101_00004_nrcb3,exposure (L2b): 2D calibrated exposure average over integrations,S,mast:JWST/product/jw05893001007_02101_00004_nrcb3_cal.fits,SCIENCE,,CAL,,CALJWST,2.0.0,5893,jw05893001007_02101_00004_nrcb3_cal.fits,117573120,262821783,PUBLIC,2,F200W
262821049,JWST,image,jw05893001007_02101_00003_nrca3,exposure (L2b): 2D calibrated exposure average over integrations,S,mast:JWST/product/jw05893001007_02101_00003_nrca3_cal.fits,SCIENCE,,CAL,,CALJWST,2.0.0,5893,jw05893001007_02101_00003_nrca3_cal.fits,117573120,262821783,PUBLIC,2,F200W
262821052,JWST,image,jw05893001007_02101_00004_nrca3,exposure (L2b): 2D calibrated exposure average over integrations,S,mast:JWST/product/jw05893001007_02101_00004_nrca3_cal.fits,SCIENCE,,CAL,,CALJWST,2.0.0,5893,jw05893001007_02101_00004_nrca3_cal.fits,117573120,262821783,PUBLIC,2,F200W
262821053,JWST,image,jw05893001007_02101_00003_nrcb4,exposure (L2b): 2D calibrated exposure average over integrations,S,mast:JWST/product/jw05893001007_02101_00003_nrcb4_cal.fits,SCIENCE,,CAL,,CALJWST,2.0.0,5893,jw05893001007_02101_00003_nrcb4_cal.fits,117573120,262821783,PUBLIC,2,F200W
262821054,JWST,image,jw05893001007_02101_00002_nrca3,exposure (L2b): 2D calibrated exposure average over integrations,S,mast:JWST/product/jw05893001007_02101_00002_nrca3_cal.fits,SCIENCE,,CAL,,CALJWST,2.0.0,5893,jw05893001007_02101_00002_nrca3_cal.fits,117573120,262821783,PUBLIC,2,F200W
262821055,JWST,image,jw05893001007_02101_00002_nrcb1,exposure (L2b): 2D calibrated exposure average over integrations,S,mast:JWST/product/jw05893001007_02101_00002_nrcb1_cal.fits,SCIENCE,,CAL,,CALJWST,2.0.0,5893,jw05893001007_02101_00002_nrcb1_cal.fits,117573120,262821783,PUBLIC,2,F200W
262821056,JWST,image,jw05893001007_02101_00005_nrcb4,exposure (L2b): 2D calibrated exposure average over integrations,S,mast:JWST/product/jw05893001007_02101_00005_nrcb4_cal.fits,SCIENCE,,CAL,,CALJWST,2.0.0,5893,jw05893001007_02101_00005_nrcb4_cal.fits,117573120,262821783,PUBLIC,2,F200W
262821057,JWST,image,jw05893001007_02101_00004_nrca4,exposure (L2b): 2D calibrated exposure average over integrations,S,mast:JWST/product/jw05893001007_02101_00004_nrca4_cal.fits,SCIENCE,,CAL,,CALJWST,2.0.0,5893,jw05893001007_02101_00004_nrca4_cal.fits,117573120,262821783,PUBLIC,2,F200W
262821058,JWST,image,jw05893001007_02101_00003_nrcb1,exposure (L2b): 2D calibrated exposure average over integrations,S,mast:JWST/product/jw05893001007_02101_00003_nrcb1_cal.fits,SCIENCE,,CAL,,CALJWST,2.0.0,5893,jw05893001007_02101_00003_nrcb1_cal.fits,117573120,262821783,PUBLIC,2,F200W
262821059,JWST,image,jw05893001007_02101_00002_nrcb4,exposure (L2b): 2D calibrated exposure average over integrations,S,mast:JWST/product/jw05893001007_02101_00002_nrcb4_cal.fits,SCIENCE,,CAL,,CALJWST,2.0.0,5893,jw05893001007_02101_00002_nrcb4_cal.fits,117573120,262821783,PUBLIC,2,F200W
262821061,JWST,image,jw05893001007_02101_00003_nrca4,exposure (L2b): 2D calibrated exposure average over integrations,S,mast:JWST/product/jw05893001007_02101_00003_nrca4_cal.fits,SCIENCE,,CAL,,CALJWST,2.0.0,5893,jw05893001007_02101_00003_nrca4_cal.fits,117573120,262821783,PUBLIC,2,F200W
262821062,JWST,image,jw05893001007_02101_00005_nrcb3,exposure (L2b): 2D calibrated exposure average over integrations,S,mast:JWST/product/jw05893001007_02101_00005_nrcb3_cal.fits,SCIENCE,,CAL,,CALJWST,2.0.0,5893,jw05893001007_02101_00005_nrcb3_cal.fits,117573120,262821783,PUBLIC,2,F200W
262821063,JWST,image,jw05893001007_02101_00002_nrca2,exposure (L2b): 2D calibrated exposure average over integrations,S,mast:JWST/product/jw05893001007_02101_00002_nrca2_cal.fits,SCIENCE,,CAL,,CALJWST,2.0.0,5893,jw05893001007_02101_00002_nrca2_cal.fits,117570240,262821783,PUBLIC,2,F200W
262821064,JWST,image,jw05893001007_02101_00004_nrca1,exposure (L2b): 2D calibrated exposure average over integrations,S,mast:JWST/product/jw05893001007_02101_00004_nrca1_cal.fits,SCIENCE,,CAL,,CALJWST,2.0.0,5893,jw05893001007_02101_00004_nrca1_cal.fits,117570240,262821783,PUBLIC,2,F200W
262821065,JWST,image,jw05893001007_02101_00004_nrcb1,exposure (L2b): 2D calibrated exposure average over integrations,S,mast:JWST/product/jw05893001007_02101_00004_nrcb1_cal.fits,SCIENCE,,CAL,,CALJWST,2.0.0,5893,jw05893001007_02101_00004_nrcb1_cal.fits,117573120,262821783,PUBLIC,2,F200W
262821066,JWST,image,jw05893001007_02101_00005_nrcb1,exposure (L2b): 2D calibrated exposure average over integrations,S,mast:JWST/product/jw05893001007_02101_00005_nrcb1_cal.fits,SCIENCE,,CAL,,CALJWST,2.0.0,5893,jw05893001007_02101_00005_nrcb1_cal.fits,117573120,262821783,PUBLIC,2,F200W
262821070,JWST,image,jw05893001007_02101_00005_nrca2,exposure (L2b): 2D calibrated exposure average over integrations,S,mast:JWST/product/jw05893001007_02101_00005_nrca2_cal.fits,SCIENCE,,CAL,,CALJWST,2.0.0,5893,jw05893001007_02101_00005_nrca2_cal.fits,117570240,262821783,PUBLIC,2,F200W
262821071,JWST,image,jw05893001007_02101_00002_nrcb2,exposure (L2b): 2D calibrated exposure average over integrations,S,mast:JWST/product/jw05893001007_02101_00002_nrcb2_cal.fits,SCIENCE,,CAL,,CALJWST,2.0.0,5893,jw05893001007_02101_00002_nrcb2_cal.fits,117573120,262821783,PUBLIC,2,F200W
262821072,JWST,image,jw05893001007_02101_00004_nrcb2,exposure (L2b): 2D calibrated exposure average over integrations,S,mast:JWST/product/jw05893001007_02101_00004_nrcb2_cal.fits,SCIENCE,,CAL,,CALJWST,2.0.0,5893,jw05893001007_02101_00004_nrcb2_cal.fits,117573120,262821783,PUBLIC,2,F200W
262821073,JWST,image,jw05893001007_02101_00002_nrca4,exposure (L2b): 2D calibrated exposure average over integrations,S,mast:JWST/product/jw05893001007_02101_00002_nrca4_cal.fits,SCIENCE,,CAL,,CALJWST,2.0.0,5893,jw05893001007_02101_00002_nrca4_cal.fits,117573120,262821783,PUBLIC,2,F200W
262821074,JWST,image,jw05893001007_02101_00004_nrca2,exposure (L2b): 2D calibrated exposure average over integrations,S,mast:JWST/product/jw05893001007_02101_00004_nrca2_cal.fits,SCIENCE,,CAL,,CALJWST,2.0.0,5893,jw05893001007_02101_00004_nrca2_cal.fits,117570240,262821783,PUBLIC,2,F200W
262821076,JWST,image,jw05893001007_02101_00001_nrcb2,exposure (L2b): 2D calibrated exposure average over integrations,S,mast:JWST/product/jw05893001007_02101_00001_nrcb2_cal.fits,SCIENCE,,CAL,,CALJWST,2.0.0,5893,jw05893001007_02101_00001_nrcb2_cal.fits,117573120,262821783,PUBLIC,2,F200W
262821099,JWST,image,jw05893001007_02101_00005_nrca1,exposure (L2b): 2D calibrated exposure average over integrations,S,mast:JWST/product/jw05893001007_02101_00005_nrca1_cal.fits,SCIENCE,,CAL,,CALJWST,2.0.0,5893,jw05893001007_02101_00005_nrca1_cal.fits,117570240,262821783,PUBLIC,2,F200W
262821105,JWST,image,jw05893001007_02101_00006_nrcb2,exposure (L2b): 2D calibrated exposure average over integrations,S,mast:JWST/product/jw05893001007_02101_00006_nrcb2_cal.fits,SCIENCE,,CAL,,CALJWST,2.0.0,5893,jw05893001007_02101_00006_nrcb2_cal.fits,117573120,262821783,PUBLIC,2,F200W
262821108,JWST,image,jw05893001007_02101_00005_nrcb2,exposure (L2b): 2D calibrated exposure average over integrations,S,mast:JWST/product/jw05893001007_02101_00005_nrcb2_cal.fits,SCIENCE,,CAL,,CALJWST,2.0.0,5893,jw05893001007_02101_00005_nrcb2_cal.fits,117573120,262821783,PUBLIC,2,F200W
262821116,JWST,image,jw05893001007_02101_00006_nrca1,exposure (L2b): 2D calibrated exposure average over integrations,S,mast:JWST/product/jw05893001007_02101_00006_nrca1_cal.fits,SCIENCE,,CAL,,CALJWST,2.0.0,5893,jw05893001007_02101_00006_nrca1_cal.fits,117570240,262821783,PUBLIC,2,F200W
262821117,JWST,image,jw05893001007_02101_00006_nrcb1,exposure (L2b): 2D calibrated exposure average over integrations,S,mast:JWST/product/jw05893001007_02101_00006_nrcb1_cal.fits,SCIENCE,,CAL,,CALJWST,2.0.0,5893,jw05893001007_02101_00006_nrcb1_cal.fits,117573120,262821783,PUBLIC,2,F200W
262821123,JWST,image,jw05893001007_02101_00006_nrcb3,exposure (L2b): 2D calibrated exposure average over integrations,S,mast:JWST/product/jw05893001007_02101_00006_nrcb3_cal.fits,SCIENCE,,CAL,,CALJWST,2.0.0,5893,jw05893001007_02101_00006_nrcb3_cal.fits,117573120,262821783,PUBLIC,2,F200W
262821129,JWST,image,jw05893001007_02101_00006_nrca3,exposure (L2b): 2D calibrated exposure average over integrations,S,mast:JWST/product/jw05893001007_02101_00006_nrca3_cal.fits,SCIENCE,,CAL,,CALJWST,2.0.0,5893,jw05893001007_02101_00006_nrca3_cal.fits,117573120,262821783,PUBLIC,2,F200W
262821132,JWST,image,jw05893001007_02101_00006_nrca4,exposure (L2b): 2D calibrated exposure average over integrations,S,mast:JWST/product/jw05893001007_02101_00006_nrca4_cal.fits,SCIENCE,,CAL,,CALJWST,2.0.0,5893,jw05893001007_02101_00006_nrca4_cal.fits,117573120,262821783,PUBLIC,2,F200W
262821134,JWST,image,jw05893001007_02101_00006_nrcb4,exposure (L2b): 2D calibrated exposure average over integrations,S,mast:JWST/product/jw05893001007_02101_00006_nrcb4_cal.fits,SCIENCE,,CAL,,CALJWST,2.0.0,5893,jw05893001007_02101_00006_nrcb4_cal.fits,117573120,262821783,PUBLIC,2,F200W
262821136,JWST,image,jw05893001007_02101_00005_nrca3,exposure (L2b): 2D calibrated exposure average over integrations,S,mast:JWST/product/jw05893001007_02101_00005_nrca3_cal.fits,SCIENCE,,CAL,,CALJWST,2.0.0,5893,jw05893001007_02101_00005_nrca3_cal.fits,117573120,262821783,PUBLIC,2,F200W
262821159,JWST,image,jw05893001007_02101_00006_nrca2,exposure (L2b): 2D calibrated exposure average over integrations,S,mast:JWST/product/jw05893001007_02101_00006_nrca2_cal.fits,SCIENCE,,CAL,,CALJWST,2.0.0,5893,jw05893001007_02101_00006_nrca2_cal.fits,117570240,262821783,PUBLIC,2,F200W
262821162,JWST,image,jw05893001007_02101_00005_nrca4,exposure (L2b): 2D calibrated exposure average over integrations,S,mast:JWST/product/jw05893001007_02101_00005_nrca4_cal.fits,SCIENCE,,CAL,,CALJWST,2.0.0,5893,jw05893001007_02101_00005_nrca4_cal.fits,117573120,262821783,PUBLIC,2,F200W
262821226,JWST,image,jw05893001008_02101_00003_nrca3,exposure (L2b): 2D calibrated exposure average over integrations,S,mast:JWST/product/jw05893001008_02101_00003_nrca3_cal.fits,SCIENCE,,CAL,,CALJWST,2.0.0,5893,jw05893001008_02101_00003_nrca3_cal.fits,117573120,262821783,PUBLIC,2,F200W
262821227,JWST,image,jw05893001008_02101_00001_nrca2,exposure (L2b): 2D calibrated exposure average over integrations,S,mast:JWST/product/jw05893001008_02101_00001_nrca2_cal.fits,SCIENCE,,CAL,,CALJWST,2.0.0,5893,jw05893001008_02101_00001_nrca2_cal.fits,117570240,262821783,PUBLIC,2,F200W
262821228,JWST,image,jw05893001008_02101_00004_nrca4,exposure (L2b): 2D calibrated exposure average over integrations,S,mast:JWST/product/jw05893001008_02101_00004_nrca4_cal.fits,SCIENCE,,CAL,,CALJWST,2.0.0,5893,jw05893001008_02101_00004_nrca4_cal.fits,117573120,262821783,PUBLIC,2,F200W
262821229,JWST,image,jw05893001008_02101_00004_nrca1,exposure (L2b): 2D calibrated exposure average over integrations,S,mast:JWST/product/jw05893001008_02101_00004_nrca1_cal.fits,SCIENCE,,CAL,,CALJWST,2.0.0,5893,jw05893001008_02101_00004_nrca1_cal.fits,117570240,262821783,PUBLIC,2,F200W
262821230,JWST,image,jw05893001008_02101_00004_nrca3,exposure (L2b): 2D calibrated exposure average over integrations,S,mast:JWST/product/jw05893001008_02101_00004_nrca3_cal.fits,SCIENCE,,CAL,,CALJWST,2.0.0,5893,jw05893001008_02101_00004_nrca3_cal.fits,117573120,262821783,PUBLIC,2,F200W
262821231,JWST,image,jw05893001008_02101_00001_nrca3,exposure (L2b): 2D calibrated exposure average over integrations,S,mast:JWST/product/jw05893001008_02101_00001_nrca3_cal.fits,SCIENCE,,CAL,,CALJWST,2.0.0,5893,jw05893001008_02101_00001_nrca3_cal.fits,117573120,262821783,PUBLIC,2,F200W
262821233,JWST,image,jw05893001008_02101_00002_nrca1,exposure (L2b): 2D calibrated exposure average over integrations,S,mast:JWST/product/jw05893001008_02101_00002_nrca1_cal.fits,SCIENCE,,CAL,,CALJWST,2.0.0,5893,jw05893001008_02101_00002_nrca1_cal.fits,117570240,262821783,PUBLIC,2,F200W
262821234,JWST,image,jw05893001008_02101_00001_nrca4,exposure (L2b): 2D calibrated exposure average over integrations,S,mast:JWST/product/jw05893001008_02101_00001_nrca4_cal.fits,SCIENCE,,CAL,,CALJWST,2.0.0,5893,jw05893001008_02101_00001_nrca4_cal.fits,117573120,262821783,PUBLIC,2,F200W
262821235,JWST,image,jw05893001008_02101_00003_nrca2,exposure (L2b): 2D calibrated exposure average over integrations,S,mast:JWST/product/jw05893001008_02101_00003_nrca2_cal.fits,SCIENCE,,CAL,,CALJWST,2.0.0,5893,jw05893001008_02101_00003_nrca2_cal.fits,117570240,262821783,PUBLIC,2,F200W
262821236,JWST,image,jw05893001008_02101_00002_nrca2,exposure (L2b): 2D calibrated exposure average over integrations,S,mast:JWST/product/jw05893001008_02101_00002_nrca2_cal.fits,SCIENCE,,CAL,,CALJWST,2.0.0,5893,jw05893001008_02101_00002_nrca2_cal.fits,117570240,262821783,PUBLIC,2,F200W
262821237,JWST,image,jw05893001008_02101_00002_nrca4,exposure (L2b): 2D calibrated exposure average over integrations,S,mast:JWST/product/jw05893001008_02101_00002_nrca4_cal.fits,SCIENCE,,CAL,,CALJWST,2.0.0,5893,jw05893001008_02101_00002_nrca4_cal.fits,117573120,262821783,PUBLIC,2,F200W
262821238,JWST,image,jw05893001008_02101_00003_nrca4,exposure (L2b): 2D calibrated exposure average over integrations,S,mast:JWST/product/jw05893001008_02101_00003_nrca4_cal.fits,SCIENCE,,CAL,,CALJWST,2.0.0,5893,jw05893001008_02101_00003_nrca4_cal.fits,117573120,262821783,PUBLIC,2,F200W
262821239,JWST,image,jw05893001008_02101_00002_nrca3,exposure (L2b): 2D calibrated exposure average over integrations,S,mast:JWST/product/jw05893001008_02101_00002_nrca3_cal.fits,SCIENCE,,CAL,,CALJWST,2.0.0,5893,jw05893001008_02101_00002_nrca3_cal.fits,117573120,262821783,PUBLIC,2,F200W
262821240,JWST,image,jw05893001008_02101_00004_nrca2,exposure (L2b): 2D calibrated exposure average over integrations,S,mast:JWST/product/jw05893001008_02101_00004_nrca2_cal.fits,SCIENCE,,CAL,,CALJWST,2.0.0,5893,jw05893001008_02101_00004_nrca2_cal.fits,117570240,262821783,PUBLIC,2,F200W
262821241,JWST,image,jw05893001008_02101_00001_nrca1,exposure (L2b): 2D calibrated exposure average over integrations,S,mast:JWST/product/jw05893001008_02101_00001_nrca1_cal.fits,SCIENCE,,CAL,,CALJWST,2.0.0,5893,jw05893001008_02101_00001_nrca1_cal.fits,117570240,262821783,PUBLIC,2,F200W
262821242,JWST,image,jw05893001008_02101_00003_nrca1,exposure (L2b): 2D calibrated exposure average over integrations,S,mast:JWST/product/jw05893001008_02101_00003_nrca1_cal.fits,SCIENCE,,CAL,,CALJWST,2.0.0,5893,jw05893001008_02101_00003_nrca1_cal.fits,117570240,262821783,PUBLIC,2,F200W
262821268,JWST,image,jw05893001008_02101_00004_nrcb3,exposure (L2b): 2D calibrated exposure average over integrations,S,mast:JWST/product/jw05893001008_02101_00004_nrcb3_cal.fits,SCIENCE,,CAL,,CALJWST,2.0.0,5893,jw05893001008_02101_00004_nrcb3_cal.fits,117573120,262821783,PUBLIC,2,F200W
262821269,JWST,image,jw05893001008_02101_00006_nrcb2,exposure (L2b): 2D calibrated exposure average over integrations,S,mast:JWST/product/jw05893001008_02101_00006_nrcb2_cal.fits,SCIENCE,,CAL,,CALJWST,2.0.0,5893,jw05893001008_02101_00006_nrcb2_cal.fits,117573120,262821783,PUBLIC,2,F200W
262821272,JWST,image,jw05893001008_02101_00004_nrcb1,exposure (L2b): 2D calibrated exposure average over integrations,S,mast:JWST/product/jw05893001008_02101_00004_nrcb1_cal.fits,SCIENCE,,CAL,,CALJWST,2.0.0,5893,jw05893001008_02101_00004_nrcb1_cal.fits,117573120,262821783,PUBLIC,2,F200W
262821273,JWST,image,jw05893001008_02101_00005_nrcb2,exposure (L2b): 2D calibrated exposure average over integrations,S,mast:JWST/product/jw05893001008_02101_00005_nrcb2_cal.fits,SCIENCE,,CAL,,CALJWST,2.0.0,5893,jw05893001008_02101_00005_nrcb2_cal.fits,117573120,262821783,PUBLIC,2,F200W
262821274,JWST,image,jw05893001008_02101_00003_nrcb4,exposure (L2b): 2D calibrated exposure average over integrations,S,mast:JWST/product/jw05893001008_02101_00003_nrcb4_cal.fits,SCIENCE,,CAL,,CALJWST,2.0.0,5893,jw05893001008_02101_00003_nrcb4_cal.fits,117573120,262821783,PUBLIC,2,F200W
262821276,JWST,image,jw05893001008_02101_00003_nrcb3,exposure (L2b): 2D calibrated exposure average over integrations,S,mast:JWST/product/jw05893001008_02101_00003_nrcb3_cal.fits,SCIENCE,,CAL,,CALJWST,2.0.0,5893,jw05893001008_02101_00003_nrcb3_cal.fits,117573120,262821783,PUBLIC,2,F200W
262821277,JWST,image,jw05893001008_02101_00005_nrca2,exposure (L2b): 2D calibrated exposure average over integrations,S,mast:JWST/product/jw05893001008_02101_00005_nrca2_cal.fits,SCIENCE,,CAL,,CALJWST,2.0.0,5893,jw05893001008_02101_00005_nrca2_cal.fits,117570240,262821783,PUBLIC,2,F200W
262821278,JWST,image,jw05893001008_02101_00003_nrcb1,exposure (L2b): 2D calibrated exposure average over integrations,S,mast:JWST/product/jw05893001008_02101_00003_nrcb1_cal.fits,SCIENCE,,CAL,,CALJWST,2.0.0,5893,jw05893001008_02101_00003_nrcb1_cal.fits,117573120,262821783,PUBLIC,2,F200W
262821279,JWST,image,jw05893001008_02101_00005_nrcb3,exposure (L2b): 2D calibrated exposure average over integrations,S,mast:JWST/product/jw05893001008_02101_00005_nrcb3_cal.fits,SCIENCE,,CAL,,CALJWST,2.0.0,5893,jw05893001008_02101_00005_nrcb3_cal.fits,117573120,262821783,PUBLIC,2,F200W
262821281,JWST,image,jw05893001008_02101_00002_nrcb4,exposure (L2b): 2D calibrated exposure average over integrations,S,mast:JWST/product/jw05893001008_02101_00002_nrcb4_cal.fits,SCIENCE,,CAL,,CALJWST,2.0.0,5893,jw05893001008_02101_00002_nrcb4_cal.fits,117573120,262821783,PUBLIC,2,F200W
262821282,JWST,image,jw05893001008_02101_00006_nrcb4,exposure (L2b): 2D calibrated exposure average over integrations,S,mast:JWST/product/jw05893001008_02101_00006_nrcb4_cal.fits,SCIENCE,,CAL,,CALJWST,2.0.0,5893,jw05893001008_02101_00006_nrcb4_cal.fits,117573120,262821783,PUBLIC,2,F200W
262821283,JWST,image,jw05893001008_02101_00002_nrcb2,exposure (L2b): 2D calibrated exposure average over integrations,S,mast:JWST/product/jw05893001008_02101_00002_nrcb2_cal.fits,SCIENCE,,CAL,,CALJWST,2.0.0,5893,jw05893001008_02101_00002_nrcb2_cal.fits,117573120,262821783,PUBLIC,2,F200W
262821285,JWST,image,jw05893001008_02101_00001_nrcb4,exposure (L2b): 2D calibrated exposure average over integrations,S,mast:JWST/product/jw05893001008_02101_00001_nrcb4_cal.fits,SCIENCE,,CAL,,CALJWST,2.0.0,5893,jw05893001008_02101_00001_nrcb4_cal.fits,117573120,262821783,PUBLIC,2,F200W
262821287,JWST,image,jw05893001008_02101_00006_nrcb3,exposure (L2b): 2D calibrated exposure average over integrations,S,mast:JWST/product/jw05893001008_02101_00006_nrcb3_cal.fits,SCIENCE,,CAL,,CALJWST,2.0.0,5893,jw05893001008_02101_00006_nrcb3_cal.fits,117573120,262821783,PUBLIC,2,F200W
262821288,JWST,image,jw05893001008_02101_00003_nrcb2,exposure (L2b): 2D calibrated exposure average over integrations,S,mast:JWST/product/jw05893001008_02101_00003_nrcb2_cal.fits,SCIENCE,,CAL,,CALJWST,2.0.0,5893,jw05893001008_02101_00003_nrcb2_cal.fits,117573120,262821783,PUBLIC,2,F200W
262821289,JWST,image,jw05893001008_02101_00004_nrcb4,exposure (L2b): 2D calibrated exposure average over integrations,S,mast:JWST/product/jw05893001008_02101_00004_nrcb4_cal.fits,SCIENCE,,CAL,,CALJWST,2.0.0,5893,jw05893001008_02101_00004_nrcb4_cal.fits,117573120,262821783,PUBLIC,2,F200W
262821290,JWST,image,jw05893001008_02101_00006_nrcb1,exposure (L2b): 2D calibrated exposure average over integrations,S,mast:JWST/product/jw05893001008_02101_00006_nrcb1_cal.fits,SCIENCE,,CAL,,CALJWST,2.0.0,5893,jw05893001008_02101_00006_nrcb1_cal.fits,117573120,262821783,PUBLIC,2,F200W
262821291,JWST,image,jw05893001008_02101_00004_nrcb2,exposure (L2b): 2D calibrated exposure average over integrations,S,mast:JWST/product/jw05893001008_02101_00004_nrcb2_cal.fits,SCIENCE,,CAL,,CALJWST,2.0.0,5893,jw05893001008_02101_00004_nrcb2_cal.fits,117573120,262821783,PUBLIC,2,F200W
262821293,JWST,image,jw05893001008_02101_00002_nrcb3,exposure (L2b): 2D calibrated exposure average over integrations,S,mast:JWST/product/jw05893001008_02101_00002_nrcb3_cal.fits,SCIENCE,,CAL,,CALJWST,2.0.0,5893,jw05893001008_02101_00002_nrcb3_cal.fits,117573120,262821783,PUBLIC,2,F200W
262821294,JWST,image,jw05893001008_02101_00005_nrca4,exposure (L2b): 2D calibrated exposure average over integrations,S,mast:JWST/product/jw05893001008_02101_00005_nrca4_cal.fits,SCIENCE,,CAL,,CALJWST,2.0.0,5893,jw05893001008_02101_00005_nrca4_cal.fits,117573120,262821783,PUBLIC,2,F200W
262821295,JWST,image,jw05893001008_02101_00005_nrcb4,exposure (L2b): 2D calibrated exposure average over integrations,S,mast:JWST/product/jw05893001008_02101_00005_nrcb4_cal.fits,SCIENCE,,CAL,,CALJWST,2.0.0,5893,jw05893001008_02101_00005_nrcb4_cal.fits,117573120,262821783,PUBLIC,2,F200W
262821296,JWST,image,jw05893001008_02101_00001_nrcb1,exposure (L2b): 2D calibrated exposure average over integrations,S,mast:JWST/product/jw05893001008_02101_00001_nrcb1_cal.fits,SCIENCE,,CAL,,CALJWST,2.0.0,5893,jw05893001008_02101_00001_nrcb1_cal.fits,117573120,262821783,PUBLIC,2,F200W
262821299,JWST,image,jw05893001008_02101_00005_nrca1,exposure (L2b): 2D calibrated exposure average over integrations,S,mast:JWST/product/jw05893001008_02101_00005_nrca1_cal.fits,SCIENCE,,CAL,,CALJWST,2.0.0,5893,jw05893001008_02101_00005_nrca1_cal.fits,117570240,262821783,PUBLIC,2,F200W
262821300,JWST,image,jw05893001008_02101_00001_nrcb2,exposure (L2b): 2D calibrated exposure average over integrations,S,mast:JWST/product/jw05893001008_02101_00001_nrcb2_cal.fits,SCIENCE,,CAL,,CALJWST,2.0.0,5893,jw05893001008_02101_00001_nrcb2_cal.fits,117573120,262821783,PUBLIC,2,F200W
262821302,JWST,image,jw05893001008_02101_00002_nrcb1,exposure (L2b): 2D calibrated exposure average over integrations,S,mast:JWST/product/jw05893001008_02101_00002_nrcb1_cal.fits,SCIENCE,,CAL,,CALJWST,2.0.0,5893,jw05893001008_02101_00002_nrcb1_cal.fits,117573120,262821783,PUBLIC,2,F200W
262821303,JWST,image,jw05893001008_02101_00005_nrca3,exposure (L2b): 2D calibrated exposure average over integrations,S,mast:JWST/product/jw05893001008_02101_00005_nrca3_cal.fits,SCIENCE,,CAL,,CALJWST,2.0.0,5893,jw05893001008_02101_00005_nrca3_cal.fits,117573120,262821783,PUBLIC,2,F200W
262821307,JWST,image,jw05893001008_02101_00001_nrcb3,exposure (L2b): 2D calibrated exposure average over integrations,S,mast:JWST/product/jw05893001008_02101_00001_nrcb3_cal.fits,SCIENCE,,CAL,,CALJWST,2.0.0,5893,jw05893001008_02101_00001_nrcb3_cal.fits,117573120,262821783,PUBLIC,2,F200W
262821308,JWST,image,jw05893001008_02101_00006_nrca4,exposure (L2b): 2D calibrated exposure average over integrations,S,mast:JWST/product/jw05893001008_02101_00006_nrca4_cal.fits,SCIENCE,,CAL,,CALJWST,2.0.0,5893,jw05893001008_02101_00006_nrca4_cal.fits,117573120,262821783,PUBLIC,2,F200W
262821310,JWST,image,jw05893001008_02101_00005_nrcb1,exposure (L2b): 2D calibrated exposure average over integrations,S,mast:JWST/product/jw05893001008_02101_00005_nrcb1_cal.fits,SCIENCE,,CAL,,CALJWST,2.0.0,5893,jw05893001008_02101_00005_nrcb1_cal.fits,117573120,262821783,PUBLIC,2,F200W
262821311,JWST,image,jw05893001008_02101_00006_nrca2,exposure (L2b): 2D calibrated exposure average over integrations,S,mast:JWST/product/jw05893001008_02101_00006_nrca2_cal.fits,SCIENCE,,CAL,,CALJWST,2.0.0,5893,jw05893001008_02101_00006_nrca2_cal.fits,117570240,262821783,PUBLIC,2,F200W
262821319,JWST,image,jw05893001008_02101_00006_nrca3,exposure (L2b): 2D calibrated exposure average over integrations,S,mast:JWST/product/jw05893001008_02101_00006_nrca3_cal.fits,SCIENCE,,CAL,,CALJWST,2.0.0,5893,jw05893001008_02101_00006_nrca3_cal.fits,117573120,262821783,PUBLIC,2,F200W
262821331,JWST,image,jw05893001008_02101_00006_nrca1,exposure (L2b): 2D calibrated exposure average over integrations,S,mast:JWST/product/jw05893001008_02101_00006_nrca1_cal.fits,SCIENCE,,CAL,,CALJWST,2.0.0,5893,jw05893001008_02101_00006_nrca1_cal.fits,117570240,262821783,PUBLIC,2,F200W
