intentType,obs_collection,provenance_name,instrument_name,project,filters,wave_region,target_name,target_classification,obs_id,s_ra,s_dec,dataproduct_type,proposal_pi,calib_level,t_min,t_max,t_exptime,wavelength_region,em_min,em_max,obs_title,t_obs_release,proposal_id,proposal_type,sequence_number,s_region,jpegURL,dataURL,dataRights,mtFlag,srcDen,obsid,wave_min,wave_max,distance,candidate_id,candidate_ra_deg,candidate_dec_deg,filter_norm,t_min_numeric
science,JWST,CALJWST,NIRCAM/IMAGE,JWST,F115W,INFRARED,CWEBTILE-1-5,,jw01727-o012_t042_nircam_clear-f115w,150.06509416666668,2.485047222222222,image,"Kartaltepe, Jeyhan",3,60313.80014258102,60313.817664988426,1030.728,INFRARED,1013.0000000000001,1282.0,COSMOS-Web: The JWST Cosmic Origins Survey,60314.21828708,1727,GO,,POLYGON 150.088099843 2.489129742 150.082744152 2.47648756 150.082169329 2.476740342 150.076005219 2.46232624 150.075985914 2.462334479 150.07546995 2.461127933 150.075533162 2.461100445 150.073499104 2.456519225 150.070587802 2.449711251 150.070494145 2.44975122 150.069961866 2.448552374 150.070115756 2.448485454 150.062879078 2.432186049 150.062819834 2.432210591 150.046648295 2.439509754 150.046654131 2.439522982 150.045623842 2.439988001 150.045565761 2.439854912 150.0295211 2.446900812 150.029533603 2.446929643 150.028006417 2.44760028 150.028023232 2.447640799 150.033469051 2.460198347 150.033422775 2.460218668 150.036348771 2.466965608 150.042125353 2.480896175 150.042283356 2.480831414 150.047542661 2.493514208 150.048119281 2.493277868 150.052983264 2.504567725 150.052967458 2.504574583 150.055820888 2.511197594 150.061728255 2.525200223 150.061808594 2.525166886 150.067145994 2.53781815 150.083352006 2.531093147 150.083325629 2.531030224 150.084373843 2.530595236 150.08444309 2.530761084 150.100960118 2.524054136 150.100929087 2.523979322 150.102475559 2.523351342 150.095636009 2.506861455 150.095477993 2.506928176 150.094967798 2.505698093 150.095158361 2.505617431 150.08816183 2.489102483,mast:JWST/product/jw01727-o012_t042_nircam_clear-f115w_i2d.jpg,mast:JWST/product/jw01727-o012_t042_nircam_clear-f115w_i2d.fits,PUBLIC,False,,200499059,1013.0000000000001,1282.0,0.0,2919926,150.05833943525073,2.4809498925704805,F115W,60313.80014258102
science,JWST,CALJWST,NIRCAM/IMAGE,JWST,F150W,INFRARED,CWEBTILE-1-5,,jw01727-o012_t042_nircam_clear-f150w,150.06509416666668,2.485047222222222,image,"Kartaltepe, Jeyhan",3,60313.82412626158,60313.841773113425,1030.728,INFRARED,1331.0,1668.0,COSMOS-Web: The JWST Cosmic Origins Survey,60314.21828708,1727,GO,,POLYGON 150.088092212 2.489124503 150.082739816 2.476489826 150.082168621 2.47674099 150.076001331 2.462318607 150.075978717 2.462328258 150.075462905 2.461121991 150.07552883 2.46109332 150.0734053 2.456310102 150.070584125 2.449712476 150.07049346 2.449751168 150.069961337 2.448552551 150.070111636 2.448487186 150.062875994 2.432188411 150.062766023 2.432233966 150.046644363 2.439511077 150.046650256 2.439524432 150.045620496 2.439989235 150.045562381 2.439856059 150.029516924 2.446902205 150.029529444 2.446931077 150.028013021 2.447596968 150.028214818 2.448083259 150.033465368 2.460191229 150.03342069 2.460210848 150.036320088 2.466896752 150.042124851 2.480896549 150.042284597 2.480831069 150.047540626 2.493506934 150.04811597 2.493271097 150.052979685 2.504561044 150.052965709 2.504567108 150.055698046 2.510909368 150.061727583 2.525200546 150.061809194 2.525166682 150.06714401 2.537810726 150.083349892 2.531085976 150.0833233 2.531022543 150.084371551 2.53058755 150.084440906 2.530753649 150.100957687 2.524046759 150.100926445 2.523971436 150.10247094 2.523344251 150.095631545 2.506854666 150.095470483 2.506922671 150.094960281 2.50569256 150.095153677 2.505610704 150.088157319 2.489095874,mast:JWST/product/jw01727-o012_t042_nircam_clear-f150w_i2d.jpg,mast:JWST/product/jw01727-o012_t042_nircam_clear-f150w_i2d.fits,PUBLIC,False,,200499061,1331.0,1668.0,0.0,2919926,150.05833943525073,2.4809498925704805,F150W,60313.82412626158
science,JWST,CALJWST,NIRCAM/IMAGE,JWST,F277W,INFRARED,CWEBTILE-1-5,Galaxy; Field galaxies,jw01727-o012_t042_nircam_clear-f277w,150.06509416666668,2.485047222222222,image,"Kartaltepe, Jeyhan",3,60313.80014258102,60313.817664988426,1030.728,INFRARED,2416.0,3127.0,COSMOS-Web: The JWST Cosmic Origins Survey,60314.21828708,1727,GO,,POLYGON 150.0297509 2.446911701 150.029763653 2.446941787 150.028238274 2.447613351 150.03872707 2.472357693 150.042086069 2.480260805 150.042140912 2.480238218 150.047495641 2.492870074 150.048053154 2.492640472 150.061781464 2.524750917 150.061805143 2.524741201 150.067199034 2.537356965 150.100417335 2.523725797 150.100390019 2.523660588 150.101932289 2.523027686 150.087920525 2.489578066 150.08780404 2.489629126 150.082500807 2.476968436 150.081996163 2.477189638 150.077057223 2.465779242 150.077089844 2.465765807 150.062660315 2.432428034 150.062306527 2.432578133,mast:JWST/product/jw01727-o012_t042_nircam_clear-f277w_i2d.jpg,mast:JWST/product/jw01727-o012_t042_nircam_clear-f277w_i2d.fits,PUBLIC,False,,200499060,2416.0,3127.0,0.0,2919926,150.05833943525073,2.4809498925704805,F277W,60313.80014258102
science,JWST,CALJWST,NIRCAM/IMAGE,JWST,F444W,INFRARED,CWEBTILE-1-5,Galaxy; Field galaxies,jw01727-o012_t042_nircam_clear-f444w,150.06509416666668,2.485047222222222,image,"Kartaltepe, Jeyhan",3,60313.82412700231,60313.841773113425,1030.728,INFRARED,3880.0,4986.0,COSMOS-Web: The JWST Cosmic Origins Survey,60314.21828708,1727,GO,,POLYGON 150.029758002 2.446915542 150.02976866 2.446940684 150.028244095 2.447611906 150.041910474 2.47985102 150.042085485 2.480262791 150.04214634 2.480237729 150.047503685 2.492875057 150.048057764 2.492646861 150.061783272 2.524752716 150.061806461 2.524743201 150.067202513 2.537364617 150.100421204 2.523733289 150.100392476 2.523664706 150.101934869 2.52303175 150.087923256 2.489581266 150.087806805 2.489632313 150.082504898 2.476974277 150.082004493 2.47719363 150.077065135 2.465783066 150.077098278 2.465769415 150.062665895 2.432427255 150.062607131 2.432452186,mast:JWST/product/jw01727-o012_t042_nircam_clear-f444w_i2d.jpg,mast:JWST/product/jw01727-o012_t042_nircam_clear-f444w_i2d.fits,PUBLIC,False,,200499062,3880.0,4986.0,0.0,2919926,150.05833943525073,2.4809498925704805,F444W,60313.82412700231
science,JWST,CALJWST,MIRI/IMAGE,JWST,F770W,INFRARED,CWEBTILE-0-6,Galaxy; Field galaxies,jw01727-o013_t049_miri_f770w,150.13226333333333,2.563213888888889,image,"Kartaltepe, Jeyhan",3,60308.76271417824,60308.80469395834,2020.232,INFRARED,6600.0,8800.0,COSMOS-Web: The JWST Cosmic Origins Survey,60308.98570595,1727,GO,,POLYGON 150.073387135 2.466157325 150.074331305 2.465662139 150.074323134 2.465646578 150.074331562 2.465642157 150.059584838 2.437564679 150.058110677 2.438355483 150.058077655 2.438292592 150.056763818 2.438987688 150.040090302 2.447929631 150.030439372 2.453104709 150.036815189 2.465201415 150.03585634 2.465715807 150.048707449 2.490094534 150.050518095 2.493510643 150.051986629 2.49274049 150.052024455 2.492812245 150.079748627 2.478272094,mast:JWST/product/jw01727-o013_t049_miri_f770w_i2d.jpg,mast:JWST/product/jw01727-o013_t049_miri_f770w_i2d.fits,PUBLIC,False,,199794435,6600.0,8800.0,0.0,2919926,150.05833943525073,2.4809498925704805,F770W,60308.76271417824
calibration,JWST,CALJWST,NIRSPEC,JWST,OPAQUE;MIRROR,INFRARED,UNKNOWN,,jw04461102001_01201_00001_nrs1,150.0630509002173,2.497920790638113,image,"Zeidler, Peter",2,60405.747326666664,60405.748677488424,102.122,INFRARED,,,MSA Operability Monitor (CAL-NRS-206),60406.01278935,4461,CAL,,POLYGON 150.076280197 2.537135958 150.102785877 2.485200132 150.049265591 2.458138441 150.022138004 2.511160806,mast:JWST/product/jw04461102001_01201_00001_nrs1_rateints.jpg,mast:JWST/product/jw04461102001_01201_00001_nrs1_rateints.fits,PUBLIC,False,,213039702,,,0.0,2919926,150.05833943525073,2.4809498925704805,,60405.747326666664
science,JWST,CALJWST,MIRI/IMAGE,JWST,F1000W,INFRARED,C3D-13_CWEBTILE-2-3,,jw05893-o013_t013_miri_f1000w,149.9637758333333,2.4193055555555554,image,"Kakiichi, Koki",3,60819.67884532407,60821.006943900466,7392.696000000004,INFRARED,9000.0,11000.0,COSMOS-3D: A Legacy Spectroscopic/Imaging Survey of the Early Universe,60821.5715277,5893,GO,,POLYGON 149.955101835 2.472902107 149.954161697 2.470860532 149.925703763 2.483894081 149.928473744 2.48993541 149.927985554 2.490158989 149.938279318 2.51260927 149.936968397 2.513209661 149.939738578 2.519250985 149.939250412 2.519474559 149.952466778 2.548296686 149.980851577 2.534977925 149.979015417 2.530991057 149.979912616 2.530570056 149.968645119 2.506104385 149.969585494 2.505663138 149.967749447 2.501676227 149.968646488 2.501255311 149.955504628 2.472717624 POLYGON 149.987660344 2.46041487 149.986720171 2.458373334 149.95826283 2.471407593 149.961032912 2.4774488 149.960544885 2.477672322 149.970839235 2.500122565 149.969528321 2.500722993 149.972298672 2.506764398 149.971810129 2.506988159 149.98502694 2.535810023 150.013411202 2.522490702 150.011574895 2.518503685 150.012472151 2.518082629 150.001204064 2.493616864 150.002144829 2.493175401 150.000308725 2.489188597 150.001205786 2.48876764 149.988063318 2.46023029 POLYGON 150.02021811 2.447927703 150.019277944 2.445886274 149.990821139 2.458921112 149.993591285 2.464962189 149.993103276 2.465185718 150.003398142 2.487636038 150.002086076 2.48823702 150.004856392 2.494278208 150.004368355 2.494501749 150.017585481 2.523323408 150.045969263 2.510003655 150.044132995 2.506016844 150.045030209 2.505595789 150.033761697 2.481129731 150.034703151 2.480687916 150.032866983 2.476701156 150.033763768 2.476280302 150.020620849 2.447743219 POLYGON 150.052776224 2.435437815 150.051835928 2.43339626 150.023379815 2.446432028 150.026150205 2.45247317 150.025661863 2.452696871 150.03595757 2.475147467 150.034644956 2.475748748 150.037415283 2.481789592 150.036927745 2.482012924 150.050142189 2.5108267 150.051477921 2.510208933 150.078528727 2.497513571 150.076692464 2.493527048 150.077588802 2.493106371 150.066319491 2.468640089 150.067261809 2.46819783 150.065425504 2.464211049 150.066322714 2.463789957 150.05774993 2.445177489 150.053156268 2.435263711,mast:JWST/product/jw05893-o013_t013_miri_f1000w_i2d.jpg,mast:JWST/product/jw05893-o013_t013_miri_f1000w_i2d.fits,PUBLIC,False,,266468177,9000.0,11000.0,0.0,2919926,150.05833943525073,2.4809498925704805,,60819.67884532407
science,JWST,CALJWST,MIRI/IMAGE,JWST,F2100W,INFRARED,C3D-13_CWEBTILE-2-3,,jw05893-o013_t013_miri_f2100w,149.9637758333333,2.4193055555555554,image,"Kakiichi, Koki",3,60819.64829943287,60820.98799355324,14785.392000000014,INFRARED,18500.0,23500.0,COSMOS-3D: A Legacy Spectroscopic/Imaging Survey of the Early Universe,60821.5715277,5893,GO,,POLYGON 149.955516314 2.472716662 149.927057983 2.485750263 149.927681706 2.487110597 149.926080729 2.4878438 149.926704424 2.489204076 149.925103574 2.489937219 149.937543631 2.517068338 149.937345657 2.517159007 149.937969405 2.518519298 149.93636845 2.51925251 149.949584896 2.548074729 149.949988061 2.54788556 149.950135408 2.548206881 149.978520301 2.534887796 149.977901295 2.533543755 149.97949705 2.53279496 149.978877849 2.531450478 149.980005183 2.530921484 149.982145238 2.53558817 149.982546959 2.535399666 149.982694437 2.535721263 150.011078883 2.522401811 150.010459577 2.521057151 150.012056981 2.520307531 150.011438666 2.518965038 150.012564202 2.518436852 150.014703466 2.523101704 150.015105606 2.522912996 150.015253118 2.523234659 150.043637113 2.509914835 150.043017791 2.508570174 150.044614648 2.50782078 150.043995439 2.506476377 150.045123445 2.505947011 150.047263396 2.510613048 150.04766425 2.510424927 150.047802292 2.510725925 150.0515377 2.508998367 150.076195302 2.497426366 150.075575769 2.496081318 150.077173845 2.495331289 150.076554615 2.493986929 150.078150726 2.493237821 150.06566432 2.466128978 150.065907581 2.466014806 150.065288358 2.464670421 150.066884438 2.463921317 150.055548868 2.439310339 150.053731855 2.43538886 150.053336877 2.435569804 150.053190638 2.435252292 150.024734128 2.44828811 150.025357918 2.449648347 150.02375714 2.450381632 150.024380934 2.451741879 150.023210697 2.45227794 150.021182834 2.447874755 150.020778952 2.448059761 150.020632707 2.447742212 149.992175517 2.460777124 149.992799264 2.46213737 149.991198475 2.462870592 149.991822258 2.464230917 149.990653326 2.464766329 149.988624997 2.460361932 149.988221089 2.460546938 149.988074841 2.460229366 149.959617107 2.473263686 149.960240853 2.474623993 149.958639933 2.475357226 149.959263664 2.476717502 149.95809427 2.477253091 149.956066365 2.472849354 149.95566258 2.473034289,mast:JWST/product/jw05893-o013_t013_miri_f2100w_i2d.jpg,mast:JWST/product/jw05893-o013_t013_miri_f2100w_i2d.fits,PUBLIC,False,,266468179,18500.0,23500.0,0.0,2919926,150.05833943525073,2.4809498925704805,,60819.64829943287
science,JWST,CALJWST,NIRCAM/IMAGE,JWST,F115W,INFRARED,C3D-18_CWEBTILE-1-6,,jw05893-o018_t018_nircam_clear-f115w,150.09925833333332,2.4726250000000003,image,"Kakiichi, Koki",3,60665.41761105324,60665.957142962965,7472.784,INFRARED,1013.0000000000001,1282.0,COSMOS-3D: A Legacy Spectroscopic/Imaging Survey of the Early Universe,60666.86155081,5893,GO,,POLYGON 150.163367824 2.466791269 150.163894872 2.466600747 150.16433619 2.467840842 150.163778421 2.468041913 150.169681144 2.484628311 150.170289114 2.484418576 150.171024709 2.486485524 150.187877177 2.480671664 150.181931384 2.463839325 150.181869383 2.463861677 150.181425911 2.462606203 150.181521192 2.462571758 150.175419964 2.445705997 150.175405455 2.445711471 150.173137319 2.439441504 150.172489092 2.439686076 150.17066565 2.434523681 150.170643724 2.434531586 150.170186535 2.433281034 150.170255477 2.433256111 150.164154515 2.416390301 150.164140003 2.416395776 150.161871977 2.410125833 150.161782314 2.410159662 150.155674609 2.394139054 150.15537873 2.394253974 150.153007401 2.38776725 150.153045641 2.387753002 150.151988406 2.384979788 150.151168744 2.382737595 150.151137905 2.382748847 150.150670586 2.381523024 150.150763176 2.381488525 150.144411937 2.364828418 150.144245481 2.364887145 150.127811273 2.371270097 150.129386238 2.375430273 150.128750363 2.375677236 150.134977988 2.39212703 150.135503754 2.391931139 150.135907945 2.393055127 150.135337083 2.393263394 150.140498768 2.407617153 150.137976382 2.400872684 150.1375785 2.401022572 150.135622965 2.395576091 150.135593602 2.395586687 150.135128431 2.394291108 150.135150809 2.394282953 150.134517464 2.392589459 150.133340574 2.389311601 150.133297417 2.389327175 150.132815228 2.388037845 150.13286842 2.388018462 150.126712072 2.371556762 150.110313409 2.377734283 150.110370134 2.377887036 150.095254617 2.383757379 150.096829643 2.38791795 150.096193053 2.388165178 150.102420498 2.404615065 150.102946857 2.404418963 150.103351028 2.405542962 150.10277958 2.405751432 150.107939434 2.420100617 150.105418812 2.413360573 150.105020979 2.413510434 150.103065533 2.408063967 150.103036592 2.40807441 150.102571445 2.406778821 150.102593395 2.406770823 150.101972439 2.405110387 150.100783581 2.401799002 150.100739966 2.40181474 150.100257795 2.400525406 150.100311452 2.400505855 150.094155401 2.38404402 150.077756454 2.390221188 150.077813094 2.390373723 150.06269798 2.396243422 150.064272816 2.400403767 150.063636516 2.400650858 150.069863516 2.417100934 150.070389675 2.416904927 150.070793821 2.418028934 150.070222566 2.418237312 150.075386079 2.432597921 150.072861521 2.425846833 150.072464261 2.425996464 150.07050885 2.420549581 150.070479275 2.420560252 150.070014157 2.419264653 150.070036749 2.419256422 150.069397301 2.417546381 150.068226542 2.414285182 150.068183613 2.414300671 150.06770148 2.41301132 150.067754441 2.412992024 150.061598747 2.396530035 150.045199495 2.402706792 150.045258162 2.402864795 150.030140616 2.408734928 150.031713284 2.412889839 150.031079036 2.413136111 150.037305649 2.429586357 150.037829847 2.429391098 150.038233962 2.430515101 150.03766467 2.430722743 150.043043137 2.445682297 150.040292578 2.438326353 150.039901984 2.438473461 150.03795112 2.4330389 150.037920608 2.433049908 150.037455521 2.431754301 150.037479046 2.431745731 150.036813398 2.429965515 150.035668756 2.426776833 150.035626771 2.42679198 150.035144664 2.425502617 150.035196685 2.425483665 150.029041367 2.409021511 150.012641801 2.415197838 150.014190504 2.419369138 150.013586471 2.41959662 150.013728081 2.419997423 150.019631303 2.435897104 150.020185213 2.435695321 150.020625855 2.436943393 150.020079882 2.437140352 150.025892307 2.453603321 150.026490204 2.453394923 150.026805537 2.454244192 150.02723629 2.455464221 150.027255985 2.455457356 150.03076887 2.464918314 150.030715389 2.464938187 150.032514251 2.469819103 150.037139714 2.482919306 150.037316291 2.482857759 150.043088768 2.498893753 150.043605744 2.498711035 150.048008657 2.510656731 150.048591458 2.510447272 150.048823234 2.51107611 150.049020663 2.511624543 150.048442724 2.511835821 150.05433713 2.528209522 150.054936799 2.527997573 150.055683808 2.530072626 150.072227566 2.524225273 150.066307307 2.507660352 150.066273374 2.507672758 150.065882748 2.506579775 150.06591098 2.506569628 150.060891386 2.492721072 150.061346775 2.492564016 150.062083394 2.494634356 150.062132159 2.494617538 150.065675656 2.50425161 150.066208196 2.504059149 150.06664944 2.505299276 150.06608618 2.505502278 150.071987954 2.522089076 150.072596997 2.521879022 150.073334668 2.523952212 150.090188036 2.518139549 150.089798598 2.517036859 150.104799502 2.51173431 150.098878856 2.495169548 150.098840576 2.495183544 150.098449918 2.494090546 150.098482503 2.494078833 150.09346275 2.48023087 150.093906913 2.480077671 150.094642322 2.482144478 150.094703372 2.482123421 150.098250441 2.491766614 150.09877752 2.491576111 150.099218789 2.492816222 150.098660989 2.493017272 150.104563086 2.509603936 150.105171068 2.509394231 150.105906587 2.511461219 150.122759638 2.505648105 150.122370314 2.504545821 150.137358889 2.499247113 150.131437843 2.48268252 150.131399565 2.482696516 150.131008878 2.481603524 150.131041462 2.481591811 150.126021475 2.46774427 150.126465296 2.467591171 150.127200808 2.469658072 150.127262265 2.469636872 150.130809393 2.479279535 150.1313364 2.479089041 150.131777701 2.480329145 150.131219972 2.480530188 150.137122446 2.497116692 150.137730378 2.496906984 150.138465961 2.49897399 150.155318686 2.493160414 150.154929171 2.492057677 150.169917653 2.486758666 150.163996382 2.470194171 150.163958085 2.470208175 150.163567383 2.469115192 150.163599987 2.469103471 150.158579758 2.455255861 150.159023456 2.455102796 150.159759034 2.457169794 150.15982052 2.457148583,mast:JWST/product/jw05893-o018_t018_nircam_clear-f115w_i2d.jpg,mast:JWST/product/jw05893-o018_t018_nircam_clear-f115w_i2d.fits,PUBLIC,False,,234550239,1013.0000000000001,1282.0,0.0,2919926,150.05833943525073,2.4809498925704805,F115W,60665.41761105324
science,JWST,CALJWST,NIRCAM/IMAGE,JWST,F200W,INFRARED,C3D-18_CWEBTILE-1-6,,jw05893-o018_t018_nircam_clear-f200w,150.09925833333332,2.4726250000000003,image,"Kakiichi, Koki",3,60665.386916261574,60665.938378530096,14945.568,INFRARED,1755.0,2226.0,COSMOS-3D: A Legacy Spectroscopic/Imaging Survey of the Early Universe,60666.86155081,5893,GO,,POLYGON 150.168686751 2.48313937 150.169173473 2.484507003 150.169621443 2.484352478 150.16972359 2.484639499 150.186577789 2.478825629 150.186024727 2.47725989 150.18755478 2.476732085 150.187001731 2.475166379 150.18853172 2.474638592 150.182585818 2.457805392 150.182139443 2.457966303 150.182035713 2.457672631 150.180987895 2.458050348 150.180641605 2.457092889 150.182175205 2.456538605 150.176075066 2.43967222 150.175633325 2.439838851 150.175525036 2.439539432 150.175258468 2.439639984 150.17132013 2.428489716 150.171248443 2.428515558 150.170791473 2.427265597 150.170909537 2.427222926 150.164809674 2.410356488 150.164670202 2.410409098 150.158550106 2.394355227 150.158254246 2.394470148 150.154044239 2.382953665 150.153601665 2.383115145 150.153494136 2.382820996 150.152436062 2.383207049 150.152084365 2.382284465 150.15363861 2.381705281 150.147285475 2.365039347 150.14685039 2.365208347 150.146737673 2.364912658 150.146544675 2.364980751 150.130136851 2.37135391 150.130702617 2.372848288 150.130080872 2.373089783 150.129588458 2.371773057 150.12914979 2.371938306 150.129038369 2.371640363 150.112638794 2.377818036 150.112695489 2.377970708 150.097580036 2.383841488 150.098145819 2.385335984 150.097523949 2.385577513 150.097031521 2.38426069 150.096592965 2.384425886 150.096481541 2.38412792 150.080081697 2.390305281 150.080138168 2.390457358 150.065023425 2.396327301 150.065583335 2.397806402 150.064961524 2.398047884 150.064474934 2.39674657 150.06403636 2.396911757 150.063924911 2.396613701 150.047524736 2.402790581 150.047581473 2.402943385 150.032465746 2.408813362 150.033030248 2.410304656 150.032408344 2.410546154 150.031915969 2.40922928 150.03147741 2.409394447 150.031367219 2.409099742 150.014966787 2.415276345 150.015527663 2.416786963 150.013984965 2.417367936 150.014547863 2.418884034 150.013020109 2.419459378 150.013158988 2.419852445 150.019065112 2.435759697 150.019504864 2.435599513 150.019613127 2.4358911 150.020692897 2.435497782 150.021031095 2.43645571 150.019514063 2.43700302 150.025326463 2.453466158 150.025773127 2.45331045 150.025874493 2.453597556 150.026036051 2.453541237 150.030220524 2.464810861 150.030210914 2.464814432 150.030824635 2.466480311 150.036577538 2.48277406 150.036796494 2.482697731 150.042582839 2.498770634 150.043027085 2.498613631 150.043130908 2.498902018 150.043212559 2.498873161 150.047505579 2.510525307 150.047944542 2.510367571 150.048052362 2.510660211 150.049149216 2.510266067 150.04946623 2.511146613 150.047939809 2.511704697 150.053834748 2.528078365 150.054276755 2.527922152 150.054381563 2.528213258 150.070925631 2.522366145 150.07037191 2.520816995 150.070999945 2.520595026 150.071485191 2.52195878 150.071929493 2.521805561 150.072031997 2.522093641 150.088887082 2.516280928 150.088501387 2.515188805 150.103499216 2.509887695 150.102944425 2.508335659 150.103568754 2.50811498 150.104055417 2.509482613 150.104503417 2.509328103 150.104605565 2.509615163 150.121460345 2.503802034 150.121070629 2.502698601 150.136058547 2.497400492 150.135503748 2.495848551 150.136128093 2.495627845 150.136614767 2.496995404 150.137062734 2.496840891 150.137164883 2.49712793 150.154019342 2.491314353 150.153629448 2.490210499 150.16861727 2.48491208 150.168062426 2.483360082,mast:JWST/product/jw05893-o018_t018_nircam_clear-f200w_i2d.jpg,mast:JWST/product/jw05893-o018_t018_nircam_clear-f200w_i2d.fits,PUBLIC,False,,234456129,1755.0,2226.0,0.0,2919926,150.05833943525073,2.4809498925704805,F200W,60665.386916261574
science,JWST,CALJWST,NIRCAM/IMAGE,JWST,F356W,INFRARED,C3D-18_CWEBTILE-1-6,,jw05893-o018_t018_nircam_clear-f356w,150.09925833333332,2.4726250000000003,image,"Kakiichi, Koki",3,60665.41761105324,60665.9571437037,7472.784,INFRARED,3140.0,3980.0,COSMOS-3D: A Legacy Spectroscopic/Imaging Survey of the Early Universe,60666.86155081,5893,GO,,POLYGON 150.170351449 2.434700546 150.16803453 2.428448074 150.168068843 2.428436045 150.166651041 2.424609919 150.16388804 2.416874373 150.163848369 2.416889285 150.161605503 2.410609905 150.161480683 2.410656825 150.155445216 2.3943687 150.155092404 2.394501997 150.144182437 2.365057912 150.14381171 2.365192265 150.110545882 2.37776002 150.110605709 2.377925307 150.077988928 2.39024693 150.07804867 2.390411993 150.04543197 2.402732539 150.045491727 2.402897653 150.012872689 2.415217991 150.014388698 2.41940718 150.013812632 2.419624752 150.02239629 2.443343638 150.025889206 2.452967431 150.02645988 2.452767444 150.037144227 2.482288965 150.037244597 2.482253791 150.043166758 2.498461099 150.043655863 2.498290413 150.054431665 2.527779286 150.055015539 2.527575524 150.055763763 2.529623063 150.089665156 2.517791637 150.089313688 2.516807537 150.122234787 2.505317115 150.121878302 2.504319042 150.154793827 2.492829436 150.154437152 2.491830908 150.187352318 2.480340695 150.175153487 2.446190072 150.175113819 2.446204984 150.172870843 2.439925578 150.172210315 2.440173874 150.170265988 2.434730506,mast:JWST/product/jw05893-o018_t018_nircam_clear-f356w_i2d.jpg,mast:JWST/product/jw05893-o018_t018_nircam_clear-f356w_i2d.fits,PUBLIC,False,,234492190,3140.0,3980.0,0.0,2919926,150.05833943525073,2.4809498925704805,F356W,60665.41761105324
science,HST,HAP-SVM,ACS/WFC,HAP,F814W,OPTICAL,ANY,UNIDENTIFIED;PARALLEL FIELD,hst_12328_29_acs_wfc_f814w_jbhm29,150.0406798809,2.491140069438,image,"van Dokkum, Pieter",3,55667.49966255,55667.58179134,480.0,OPTICAL,708.0,959.0,,55667.84839113,12328,HAP,,POLYGON 149.99872414115308 2.4757994066255935 149.998793634671 2.476341075137993 150.02123062189457 2.5282165264451275 150.02174501069024 2.528272088167251 150.04872951724093 2.5182443529845373 150.0324500400345 2.4813416203603387 150.03256125600052 2.4811749540888357 150.0368708498573 2.4904388507168433 150.04902146266997 2.5178971282153992 150.04948023938377 2.5179526795006235 150.07560239359685 2.5083410634897203 150.06568964148886 2.486174653515934 150.0522322058359 2.4577165474250653 150.05170394210612 2.457702664400661 150.03232498565237 2.4641193998421387 150.02604138055347 2.4662582507597928 150.02584675217045 2.4666888045867688 150.02491533357582 2.4667026852564233 149.99872414115308 2.4757994066255935,mast:HST/product/hst_12328_29_acs_wfc_f814w_jbhm29_drc.jpg,mast:HST/product/hst_12328_29_acs_wfc_f814w_jbhm29_drc.fits,PUBLIC,False,,26439025,708.0,959.0,0.0,2919926,150.05833943525073,2.4809498925704805,F814W,55667.49966255
science,HST,HAP-SVM,ACS,HAP,,,ANY,,hst_12328_29_acs_wfc_g800l_jbhm29wo,150.0403211944,2.491351777456,image,"van Dokkum, Pieter",2,55667.50321551,55667.50907283,505.0,,,,,55667.8040971,12328,HAP,,POLYGON 149.99869602453555 2.4760826429064737 150.02125435663004 2.5282542392711167 150.04834810329592 2.518205811115975 150.02534971714573 2.4668342443233167 149.99869602453555 2.4760826429064737 POLYGON 150.02599917990926 2.4665521353205655 150.04903687644938 2.5179159442635837 150.07524971128046 2.508275535470448 150.0518885877437 2.4579198908766777 150.02599917990926 2.4665521353205655,,mast:HST/product/hst_12328_29_acs_wfc_g800l_jbhm29wo_flc.fits,PUBLIC,False,,68716594,,,0.0,2919926,150.05833943525073,2.4809498925704805,,55667.50321551
science,HST,HAP-SVM,ACS,HAP,,,ANY,,hst_12328_29_acs_wfc_g800l_jbhm29wv,150.0407137636,2.491393254232,image,"van Dokkum, Pieter",2,55667.5190607,55667.53051949,989.0,,,,,55667.8040971,12328,HAP,,POLYGON 149.99908940448128 2.476124800212634 150.0216469954521 2.528294680881256 150.0487398519647 2.5182465831842897 150.0257422214104 2.4668767057705074 149.99908940448128 2.476124800212634 POLYGON 150.0263916629271 2.466594606049143 150.04942860245083 2.5179567258780313 150.0756405760203 2.508316634121998 150.05228022013873 2.4579626454811683 150.0263916629271 2.466594606049143,,mast:HST/product/hst_12328_29_acs_wfc_g800l_jbhm29wv_flc.fits,PUBLIC,False,,68716620,,,0.0,2919926,150.05833943525073,2.4809498925704805,,55667.5190607
science,HST,HAP-SVM,ACS,HAP,,,ANY,,hst_12328_29_acs_wfc_g800l_jbhm29x2,150.0406798809,2.491140069438,image,"van Dokkum, Pieter",2,55667.56653736,55667.5739569,640.0,,,,,55667.8040971,12328,HAP,,POLYGON 149.99905461475123 2.475870848821397 150.02161303745285 2.5280426624801384 150.04870689258604 2.517994192356087 150.02570841414084 2.466622411567496 149.99905461475123 2.475870848821397 POLYGON 150.02635787955452 2.46634030137137 150.04939566844223 2.5177043243643276 150.07560860823645 2.508063875346584 150.0522473911255 2.457708020869166 150.02635787955452 2.46634030137137,,mast:HST/product/hst_12328_29_acs_wfc_g800l_jbhm29x2_flc.fits,PUBLIC,False,,68716615,,,0.0,2919926,150.05833943525073,2.4809498925704805,,55667.56653736
science,HST,HAP-SVM,ACS,HAP,,,ANY,,hst_12328_29_acs_wfc_g800l_jbhm29x9,150.0402873116,2.491098592653,image,"van Dokkum, Pieter",2,55667.58394477,55667.59540229,989.0,,,,,55667.8040971,12328,HAP,,POLYGON 149.99866292739077 2.475830110044721 150.02122054496172 2.528000063177468 150.04831343299637 2.5179519513962627 150.02531577543596 2.4665820025794103 149.99866292739077 2.475830110044721 POLYGON 150.02596521770687 2.466299902455771 150.04900218426474 2.517662093720777 150.07521418843433 2.508021988494891 150.05185380524006 2.4576679297691393 150.02596521770687 2.466299902455771,,mast:HST/product/hst_12328_29_acs_wfc_g800l_jbhm29x9_flc.fits,PUBLIC,False,,68716597,,,0.0,2919926,150.05833943525073,2.4809498925704805,,55667.58394477
science,HST,HAP-SVM,ACS/WFC,HAP,detection,,ANY,UNIDENTIFIED;PARALLEL FIELD,hst_12328_29_acs_wfc_total_jbhm29,150.0406798809,2.491140069438,image,"van Dokkum, Pieter",3,55667.49966255,55667.58179134,480.0,,,,,55667.84839113,12328,HAP,,POLYGON 149.99872414115308 2.4757994066255935 150.02123062223018 2.528188748679456 150.02174501069024 2.528272088167251 150.04872951724093 2.5182443529845373 150.0324500400345 2.4813416203603387 150.03256125600052 2.4811749540888357 150.0368708498573 2.4904388507168433 150.04902146266997 2.5178971282153992 150.04948023938377 2.5179526795006235 150.07560239319102 2.508327174605085 150.0652586610991 2.485271885095663 150.05223220599518 2.457730436308479 150.05170394210612 2.457702664400661 150.0332703050134 2.4637999585493597 150.02604138055347 2.4662582507597928 150.02584675217045 2.4666888045867688 150.02491533357582 2.4667026852564233 149.99872414115308 2.4757994066255935,mast:HST/product/hst_12328_29_acs_wfc_total_jbhm29_drc.jpg,mast:HST/product/hst_12328_29_acs_wfc_total_jbhm29_drc.fits,PUBLIC,False,,26439040,,,0.0,2919926,150.05833943525073,2.4809498925704805,,55667.49966255
science,HST,HAP-SVM,ACS/WFC,HAP,F606W,OPTICAL,ANY,UNIDENTIFIED;PARALLEL FIELD,hst_12440_44_acs_wfc_f606w_jboa44,150.0504254592,2.488169904439,image,"Faber, Sandra",3,55979.65042157,55979.65957703,632.0,OPTICAL,470.0,720.0,,55979.77055546,12440,HAP,,POLYGON 150.05671126753188 2.4442915320141303 150.0103765044679 2.4771521014454443 150.01036259206674 2.4775132120651775 150.02577935189734 2.501791345036843 150.04888470527936 2.4851804369494106 150.07129438949738 2.468666359342971 150.0713221876358 2.468346914481118 150.06881980290078 2.4641525106280193 150.05671126753188 2.4442915320141303 POLYGON 150.07179486014223 2.4690274618653705 150.0262659205083 2.502152464542793 150.02625201242378 2.5024996864677695 150.04115497526703 2.526013740607777 150.06676292772394 2.5070830912902755 150.08554438999 2.4927493707838906 150.08554437995252 2.492388259752871 150.0836814222997 2.4891660886748674 150.07179486014223 2.4690274618653705,mast:HST/product/hst_12440_44_acs_wfc_f606w_jboa44_drc.jpg,mast:HST/product/hst_12440_44_acs_wfc_f606w_jboa44_drc.fits,PUBLIC,False,,26443169,470.0,720.0,0.0,2919926,150.05833943525073,2.4809498925704805,F606W,55979.65042157
science,HST,HAP-SVM,ACS/WFC,HAP,F814W,OPTICAL,ANY,UNIDENTIFIED;PARALLEL FIELD,hst_12440_44_acs_wfc_f814w_jboa44,150.0503181212,2.488339082383,image,"Faber, Sandra",3,55979.66203046,55979.67998222,1198.0,OPTICAL,708.0,959.0,,55980.09246526,12440,HAP,,POLYGON 150.0566417604394 2.4443887545906606 150.01027919176076 2.477138209734775 150.01019576913532 2.4775270961006357 150.02566813407157 2.5018330097389443 150.05081707607405 2.4836943243773297 150.07123878116738 2.4685969158458256 150.0566417604394 2.4443887545906606 POLYGON 150.07158633326537 2.469027465443119 150.04976052897922 2.485124881080977 150.0261686057623 2.5021385739795905 150.02607128478746 2.5024857944594423 150.04100204876943 2.5260415174578488 150.06604001963274 2.507541434212038 150.08547487787274 2.4926799282873437 150.07158633326537 2.469027465443119,mast:HST/product/hst_12440_44_acs_wfc_f814w_jboa44_drc.jpg,mast:HST/product/hst_12440_44_acs_wfc_f814w_jboa44_drc.fits,PUBLIC,False,,26443153,708.0,959.0,0.0,2919926,150.05833943525073,2.4809498925704805,F814W,55979.66203046
science,HST,HAP-SVM,ACS/WFC,HAP,detection,,ANY,UNIDENTIFIED;PARALLEL FIELD,hst_12440_44_acs_wfc_total_jboa44,150.0504254592,2.488169904439,image,"Faber, Sandra",3,55979.65042157,55979.67998222,1830.0,,,,,55980.09246526,12440,HAP,,POLYGON 150.05679467698218 2.444333198168992 150.01022358223642 2.477207652544491 150.01019576913532 2.4775270961006357 150.02559862387488 2.50180523073747 150.04567334596092 2.4875137664631843 150.07129438949738 2.468666359342971 150.07133608989363 2.468374692019685 150.0707521985618 2.467388590801942 150.05679467698218 2.444333198168992 POLYGON 150.07179486014223 2.4690274618653705 150.0261686057623 2.5021385739795905 150.02607128478746 2.5024857944594423 150.0409325367987 2.526041517036766 150.06166085954936 2.5108887058717975 150.08553048756596 2.492735482284885 150.08554437995252 2.492388259752871 150.08414020949144 2.489957743005941 150.07179486014223 2.4690274618653705,mast:HST/product/hst_12440_44_acs_wfc_total_jboa44_drc_color.jpg,mast:HST/product/hst_12440_44_acs_wfc_total_jboa44_drc.fits,PUBLIC,False,,26443190,,,0.0,2919926,150.05833943525073,2.4809498925704805,,55979.65042157
science,HST,HAP-SVM,WFC3/IR,HAP,F125W,INFRARED,COSMOS-V46,GALAXY;HIGH REDSHIFT GALAXY,hst_12440_46_wfc3_ir_f125w_iboa46,150.073305,2.493844444444,image,"Faber, Sandra",3,55901.94852797,55901.95973094,905.867371,INFRARED,1092.6,1405.5,,55902.18783564,12440,HAP,,POLYGON 150.09486217617794 2.4791700294602705 150.05620855932517 2.4745388414689247 150.0523925916761 2.5080262840191785 150.0899060837846 2.512800098667872 150.09486217617794 2.4791700294602705,mast:HST/product/hst_12440_46_wfc3_ir_f125w_iboa46_drz.jpg,mast:HST/product/hst_12440_46_wfc3_ir_f125w_iboa46_drz.fits,PUBLIC,False,,26550475,1092.6,1405.5,0.0,2919926,150.05833943525073,2.4809498925704805,F125W,55901.94852797
science,HST,HAP-SVM,WFC3/IR,HAP,F160W,INFRARED,COSMOS-V46,GALAXY;HIGH REDSHIFT GALAXY,hst_12440_46_wfc3_ir_f160w_iboa46,150.073305,2.493844444444,image,"Faber, Sandra",3,55901.96044945,55901.97454575,1155.871033,INFRARED,1393.8999999999999,1692.4,,55902.18848375,12440,HAP,,POLYGON 150.05624422268926 2.47414696698353 150.05232127622796 2.507848157892039 150.08990608155338 2.5126219736912008 150.094790859437 2.4791700306114484 150.05624422268926 2.47414696698353,mast:HST/product/hst_12440_46_wfc3_ir_f160w_iboa46_drz.jpg,mast:HST/product/hst_12440_46_wfc3_ir_f160w_iboa46_drz.fits,PUBLIC,False,,26550461,1393.8999999999999,1692.4,0.0,2919926,150.05833943525073,2.4809498925704805,F160W,55901.96044945
science,HST,HAP-SVM,WFC3/IR,HAP,detection,,COSMOS-V46,GALAXY;HIGH REDSHIFT GALAXY,hst_12440_46_wfc3_ir_total_iboa46,150.073305,2.493844444444,image,"Faber, Sandra",3,55901.94852797,55901.97454575,2061.7384039999997,,,,,55902.18848375,12440,HAP,,POLYGON 150.09443427174946 2.478920661336957 150.05777752515849 2.4742894859105675 150.05631553406536 2.474538842851221 150.05606591834777 2.4751444645336638 150.05235693252342 2.5080262834464087 150.08862234831975 2.5126932392246757 150.09008437614455 2.5124794714514445 150.09475521377226 2.4799537811021097 150.09443427174946 2.478920661336957,mast:HST/product/hst_12440_46_wfc3_ir_total_iboa46_drz_color.jpg,mast:HST/product/hst_12440_46_wfc3_ir_total_iboa46_drz.fits,PUBLIC,False,,26550490,,,0.0,2919926,150.05833943525073,2.4809498925704805,,55901.94852797
science,HST,HAP-SVM,WFC3/UVIS,HAP,F350LP,OPTICAL,COSMOS-V46,GALAXY;HIGH REDSHIFT GALAXY,hst_12440_46_wfc3_uvis_f350lp_iboa46,150.073305,2.493844444444,image,"Faber, Sandra",3,55901.97579077,55901.98080242,433.0,OPTICAL,325.5,993.8,,55902.18866893,12440,HAP,,POLYGON 150.09782906432048 2.4731192136929208 150.05293965505362 2.4706760799366547 150.04998704536388 2.4927531752574392 150.09510854363577 2.4954825495300583 150.09782906432048 2.4731192136929208 POLYGON 150.09506448587612 2.4958457336001416 150.04998703916135 2.493116358570618 150.0469682275434 2.5154575787868363 150.09233285920777 2.518495208709206 150.09506448587612 2.4958457336001416,mast:HST/product/hst_12440_46_wfc3_uvis_f350lp_iboa46_drc.jpg,mast:HST/product/hst_12440_46_wfc3_uvis_f350lp_iboa46_drc.fits,PUBLIC,False,,26550471,325.5,993.8,0.0,2919926,150.05833943525073,2.4809498925704805,,55901.97579077
science,HST,HAP-SVM,WFC3/UVIS,HAP,detection,,COSMOS-V46,GALAXY;HIGH REDSHIFT GALAXY,hst_12440_46_wfc3_uvis_total_iboa46,150.073305,2.493844444444,image,"Faber, Sandra",3,55901.97579077,55901.98080242,433.0,,,,,55902.18866893,12440,HAP,,POLYGON 150.09782906432048 2.4731192136929208 150.05293965505362 2.4706760799366547 150.04998704536388 2.4927531752574392 150.09510854363577 2.4954825495300583 150.09782906432048 2.4731192136929208 POLYGON 150.09506448587612 2.4958457336001416 150.04998703916135 2.493116358570618 150.0469682275434 2.5154575787868363 150.09233285920777 2.518495208709206 150.09506448587612 2.4958457336001416,mast:HST/product/hst_12440_46_wfc3_uvis_total_iboa46_drc.jpg,mast:HST/product/hst_12440_46_wfc3_uvis_total_iboa46_drc.fits,PUBLIC,False,,26550484,,,0.0,2919926,150.05833943525073,2.4809498925704805,,55901.97579077
science,HST,HAP-SVM,WFC3/IR,HAP,F125W,INFRARED,COSMOS-V90,GALAXY;HIGH REDSHIFT GALAXY,hst_12440_90_wfc3_ir_f125w_iboa90,150.0721266667,2.495022222222,image,"Faber, Sandra",3,55949.71436197,55949.72556493,905.867371,INFRARED,1092.6,1405.5,,55949.84646987,12440,HAP,,POLYGON 150.09363044782043 2.4802445488620566 150.0550837788735 2.4752927353184564 150.05116082825353 2.509029551202867 150.08874566756216 2.5138033669700377 150.09363044782043 2.4802445488620566,mast:HST/product/hst_12440_90_wfc3_ir_f125w_iboa90_drz.jpg,mast:HST/product/hst_12440_90_wfc3_ir_f125w_iboa90_drz.fits,PUBLIC,False,,26554725,1092.6,1405.5,0.0,2919926,150.05833943525073,2.4809498925704805,F125W,55949.71436197
science,HST,HAP-SVM,WFC3/IR,HAP,F160W,INFRARED,COSMOS-V90,GALAXY;HIGH REDSHIFT GALAXY,hst_12440_90_wfc3_ir_f160w_iboa90,150.0721266667,2.495022222222,image,"Faber, Sandra",3,55949.72628345,55949.74037974,1155.871033,INFRARED,1393.8999999999999,1692.4,,55949.84781237,12440,HAP,,POLYGON 150.09370176636153 2.48035142269841 150.0550481159432 2.475648984808365 150.0512321431953 2.5092433023265133 150.08885264639514 2.5138746156078304 150.09370176636153 2.48035142269841,mast:HST/product/hst_12440_90_wfc3_ir_f160w_iboa90_drz.jpg,mast:HST/product/hst_12440_90_wfc3_ir_f160w_iboa90_drz.fits,PUBLIC,False,,26554721,1393.8999999999999,1692.4,0.0,2919926,150.05833943525073,2.4809498925704805,F160W,55949.72628345
science,HST,HAP-SVM,WFC3/IR,HAP,detection,,COSMOS-V90,GALAXY;HIGH REDSHIFT GALAXY,hst_12440_90_wfc3_ir_total_iboa90,150.0721266667,2.495022222222,image,"Faber, Sandra",3,55949.71436197,55949.74037974,2061.7384039999997,,,,,55949.84781237,12440,HAP,,POLYGON 150.09359480097828 2.4809570493598314 150.09273898394693 2.479995187962168 150.05679537360496 2.475470881336103 150.05515509030948 2.475684611186373 150.0549054743734 2.4762902328676133 150.05116083282678 2.5087445512333035 150.051517414997 2.509350181863853 150.0887456689017 2.513910241956058 150.09359480097828 2.4809570493598314,mast:HST/product/hst_12440_90_wfc3_ir_total_iboa90_drz_color.jpg,mast:HST/product/hst_12440_90_wfc3_ir_total_iboa90_drz.fits,PUBLIC,False,,26554726,,,0.0,2919926,150.05833943525073,2.4809498925704805,,55949.71436197
science,HST,HAP-SVM,WFC3/UVIS,HAP,F350LP,OPTICAL,COSMOS-V90,GALAXY;HIGH REDSHIFT GALAXY,hst_12440_90_wfc3_uvis_f350lp_iboa90,150.0721266667,2.495022222222,image,"Faber, Sandra",3,55949.74161329,55949.74662456,433.0,OPTICAL,325.5,993.8,,55949.84832169,12440,HAP,,POLYGON 150.09661426175472 2.474256809173949 150.0517798927856 2.4718356857267865 150.0488603276562 2.493956803821648 150.09394881870477 2.496653160654915 150.09661426175472 2.474256809173949 POLYGON 150.09386069666604 2.497005339927086 150.0488162580606 2.494286969719556 150.04579744347132 2.516628189897294 150.09117313207514 2.5196658198663346 150.09386069666604 2.497005339927086,mast:HST/product/hst_12440_90_wfc3_uvis_f350lp_iboa90_drc.jpg,mast:HST/product/hst_12440_90_wfc3_uvis_f350lp_iboa90_drc.fits,PUBLIC,False,,26554724,325.5,993.8,0.0,2919926,150.05833943525073,2.4809498925704805,,55949.74161329
science,HST,HAP-SVM,WFC3/UVIS,HAP,detection,,COSMOS-V90,GALAXY;HIGH REDSHIFT GALAXY,hst_12440_90_wfc3_uvis_total_iboa90,150.0721266667,2.495022222222,image,"Faber, Sandra",3,55949.74161329,55949.74662456,433.0,,,,,55949.84832169,12440,HAP,,POLYGON 150.09661426175472 2.474256809173949 150.0517798927856 2.4718356857267865 150.0488603276562 2.493956803821648 150.09394881870477 2.496653160654915 150.09661426175472 2.474256809173949 POLYGON 150.09386069666604 2.497005339927086 150.0488162580606 2.494286969719556 150.04579744347132 2.516628189897294 150.09117313207514 2.5196658198663346 150.09386069666604 2.497005339927086,mast:HST/product/hst_12440_90_wfc3_uvis_total_iboa90_drc.jpg,mast:HST/product/hst_12440_90_wfc3_uvis_total_iboa90_drc.fits,PUBLIC,False,,26554729,,,0.0,2919926,150.05833943525073,2.4809498925704805,,55949.74161329
science,HST,HAP-SVM,ACS/WFC,HAP,F606W,OPTICAL,ANY,UNIDENTIFIED;PARALLEL FIELD,hst_13657_16_acs_wfc_f606w_jcor16,150.0541146022,2.49832341671,image,"Kartaltepe, Jeyhan",3,57312.82580283,57312.85613903,2146.0,OPTICAL,470.0,720.0,,57679.04973374,13657,HAP,,POLYGON 150.07607122164075 2.4632881969455203 150.0757931854776 2.4631770897313157 150.0480730785236 2.471066069269871 150.0575819221208 2.4983299892514386 150.0669660287255 2.524177174910504 150.09435350726736 2.5171211338732142 150.07607122164075 2.4632881969455203 POLYGON 150.06645164194865 2.5243438451958995 150.05749850955107 2.4997327670341587 150.04753090557563 2.471357731934487 150.02050556728398 2.478829475200452 150.02944395247883 2.50374635710623 150.03980069412796 2.5309826434106375 150.05417583393776 2.5275660936067754 150.06645164194865 2.5243438451958995,mast:HST/product/hst_13657_16_acs_wfc_f606w_jcor16_drc.jpg,mast:HST/product/hst_13657_16_acs_wfc_f606w_jcor16_drc.fits,PUBLIC,False,,26470316,470.0,720.0,0.0,2919926,150.05833943525073,2.4809498925704805,F606W,57312.82580283
science,HST,HAP-SVM,ACS/WFC,HAP,detection,,ANY,UNIDENTIFIED;PARALLEL FIELD,hst_13657_16_acs_wfc_total_jcor16,150.0541146022,2.49832341671,image,"Kartaltepe, Jeyhan",3,57312.82580283,57312.85613903,2146.0,,,,,57679.04973374,13657,HAP,,POLYGON 150.07604341778645 2.463260419567033 150.0757931854776 2.4631770897313157 150.0480730785236 2.471066069269871 150.0575819221208 2.4983299892514386 150.0669660287255 2.524177174910504 150.09436740917306 2.5171072445958416 150.07604341778645 2.463260419567033 POLYGON 150.06645164194865 2.5243438451958995 150.0586523882812 2.5029688775868038 150.04753090557563 2.471357731934487 150.02050556728398 2.478829475200452 150.0295968682516 2.504121360311629 150.03980069431466 2.530968754526997 150.05417583393776 2.5275660936067754 150.06645164194865 2.5243438451958995,mast:HST/product/hst_13657_16_acs_wfc_total_jcor16_drc.jpg,mast:HST/product/hst_13657_16_acs_wfc_total_jcor16_drc.fits,PUBLIC,False,,26470332,,,0.0,2919926,150.05833943525073,2.4809498925704805,,57312.82580283
science,HST,HAP-SVM,ACS/WFC,HAP,F814W,OPTICAL,ANY,UNIDENTIFIED;PARALLEL FIELD,hst_13792_04_acs_wfc_f814w_jcnq04,150.0724765152,2.472481878205,image,"Bouwens, Rychard",3,57093.75185027,57093.78258018,2003.0,OPTICAL,708.0,959.0,,57093.89491893,13792,HAP,,POLYGON 150.03073958003074 2.455581517345985 150.05174427146824 2.5091930580786537 150.10750551632566 2.4907065079041524 150.09650846954574 2.4640123412271384 150.08563699584784 2.4388736363467713 150.05965507856348 2.4465125910577203 150.03073958003074 2.455581517345985,mast:HST/product/hst_13792_04_acs_wfc_f814w_jcnq04_drc.jpg,mast:HST/product/hst_13792_04_acs_wfc_f814w_jcnq04_drc.fits,PUBLIC,False,,26469348,708.0,959.0,0.0,2919926,150.05833943525073,2.4809498925704805,F814W,57093.75185027
science,HST,HAP-SVM,ACS/WFC,HAP,detection,,ANY,UNIDENTIFIED;PARALLEL FIELD,hst_13792_04_acs_wfc_total_jcnq04,150.0724765152,2.472481878205,image,"Bouwens, Rychard",3,57093.75185027,57093.78258018,2003.0,,,,,57093.89491893,13792,HAP,,POLYGON 150.10747771108973 2.4906648420592967 150.0963416412684 2.463651233581788 150.08562309437048 2.438873636517154 150.05997481507202 2.4464153710709446 150.0307673833255 2.4555815181428007 150.05182768475328 2.5091930591820186 150.10747771108973 2.4906648420592967,mast:HST/product/hst_13792_04_acs_wfc_total_jcnq04_drc.jpg,mast:HST/product/hst_13792_04_acs_wfc_total_jcnq04_drc.fits,PUBLIC,False,,26469362,,,0.0,2919926,150.05833943525073,2.4809498925704805,,57093.75185027
science,HST,HAP-SVM,WFC3/IR,HAP,F160W,INFRARED,COSMOS-T14,UNIDENTIFIED;BLANK FIELD,hst_14114_14_wfc3_ir_f160w_icxe14,150.038875,2.336383333333,image,"van Dokkum, Pieter",3,57861.40752759,57861.43985315,2073.50055,INFRARED,1393.8999999999999,1692.4,,57861.5201388,14114,HAP,,POLYGON 150.062332355139 2.3273774113461165 150.02692771783572 2.3143389609271 150.0147335625212 2.34579552808302 150.02664223131882 2.350640637890612 150.01519653734124 2.380209172442997 150.05124462680422 2.393675469053688 150.06279655421798 2.361790995540175 150.0517433804935 2.3572311802598795 150.062332355139 2.3273774113461165 POLYGON 150.05926754268367 2.410704084397557 150.02403899770897 2.397843620650969 150.01180834717675 2.4295853053040792 150.02578586618614 2.435036106034771 150.014018493306 2.4653528358286168 150.0247871731535 2.4696992196865044 150.013126452217 2.4997665638759066 150.0231822318288 2.5035785735995293 150.02371711132156 2.504219828398509 150.01216304978342 2.5339308899604216 150.02129192540107 2.537814144439219 150.0097018548262 2.5676676374547744 150.02114890074333 2.5723346805017027 150.00934454208064 2.60290059516488 150.0456125745579 2.6161176302976634 150.05695260259247 2.5843045470790655 150.04696743764492 2.58042156380371 150.04643251603417 2.579744696039063 150.05730865279847 2.549249655046628 150.0490710988114 2.545544772687468 150.05976860376128 2.515334662553229 150.0505327970295 2.5118791755835517 150.05006922038567 2.5112735560710857 150.0607307706524 2.481170285306777 150.0513525644627 2.4776435526287397 150.05088899937434 2.477037932965133 150.06162156763085 2.446720897855895 150.04899876591847 2.4419829551761354 150.04849955695232 2.4413773350253942 150.05926754268367 2.410704084397557,mast:HST/product/hst_14114_14_wfc3_ir_f160w_icxe14_drz.jpg,mast:HST/product/hst_14114_14_wfc3_ir_f160w_icxe14_drz.fits,PUBLIC,False,,359668448,1393.8999999999999,1692.4,0.0,2919926,150.05833943525073,2.4809498925704805,F160W,57861.40752759
science,HST,HAP-SVM,WFC3/IR,HAP,detection,,COSMOS-T14,UNIDENTIFIED;BLANK FIELD,hst_14114_14_wfc3_ir_total_icxe14,150.038875,2.336383333333,image,"van Dokkum, Pieter",3,57861.40752759,57861.43985315,2073.50055,,,,,57861.5201388,14114,HAP,,POLYGON 150.02678509954112 2.314695207544508 150.0147692178857 2.3457599037804386 150.02664223131882 2.350640637890612 150.0152321919489 2.3802804228183976 150.05017494017264 2.3932836061483655 150.05128027961098 2.3933904691119325 150.0517438022453 2.392856089735048 150.06279655421798 2.361790995540175 150.0517433804935 2.3572311802598795 150.06233235302358 2.327270536975499 150.02774775798892 2.314481464934464 150.02678509954112 2.314695207544508 POLYGON 150.05926754268367 2.410704084397557 150.02403899738917 2.3978792456011155 150.01180835300138 2.429264680456992 150.02578586618614 2.435036106034771 150.01405415247942 2.465281586420915 150.0247871731535 2.4696992196865044 150.01316211235982 2.4996953145270266 150.0231822318288 2.5035785735995293 150.02371711132156 2.504219828398509 150.01219871089282 2.5338596407236555 150.02129192540107 2.537814144439219 150.0097375169701 2.5675963884220345 150.02114890074333 2.5723346805017027 150.0093802058999 2.6027937215458214 150.04457837368807 2.615868264526646 150.04561257249637 2.6158326322776517 150.04596918804262 2.615191383923881 150.05695260259247 2.5843045470790655 150.04639685580182 2.5798515709009275 150.05730865279847 2.549249655046628 150.0490710988114 2.545544772687468 150.05976860376128 2.515334662553229 150.0505327970295 2.5118791755835517 150.05006922038567 2.5112735560710857 150.0607307706524 2.481170285306777 150.0513525644627 2.4776435526287397 150.05088899937434 2.477037932965133 150.06162156763085 2.446720897855895 150.04899876591847 2.4419829551761354 150.0484995566174 2.441341710032354 150.05926754268367 2.410704084397557,mast:HST/product/hst_14114_14_wfc3_ir_total_icxe14_drz.jpg,mast:HST/product/hst_14114_14_wfc3_ir_total_icxe14_drz.fits,PUBLIC,False,,359669535,,,0.0,2919926,150.05833943525073,2.4809498925704805,,57861.40752759
science,HST,HAP-SVM,WFC3/IR,HAP,F160W,INFRARED,WFC3-PEAK1-3,CLUSTER OF GALAXIES;FILAMENT;GROUP;HIGH REDSHIFT CLUSTER;POOR CLUSTER,hst_16684_03_wfc3_ir_f160w_ienn03,150.0744379167,2.472188888889,image,"Lemaux, Brian",3,59653.64881263,59653.74670559,711.743532,INFRARED,1393.8999999999999,1692.4,,59837.9308216,16684,HAP,,POLYGON 150.0989412981549 2.4626503363383025 150.0642819090204 2.447296145640209 150.04980438548114 2.477969077516914 150.08492797765769 2.494107391755981 150.08560549261082 2.4938936362972135 150.0989412981549 2.4626503363383025,mast:HST/product/hst_16684_03_wfc3_ir_f160w_ienn03_drz.jpg,mast:HST/product/hst_16684_03_wfc3_ir_f160w_ienn03_drz.fits,PUBLIC,False,,71774422,1393.8999999999999,1692.4,0.0,2919926,150.05833943525073,2.4809498925704805,F160W,59653.64881263
science,HST,HAP-SVM,WFC3/IR,HAP,G141,INFRARED,WFC3-PEAK1-3,,hst_16684_03_wfc3_ir_g141_ienn03kc,150.0744379167,2.472188888889,image,"Lemaux, Brian",2,59653.65120855,59653.65760818,552.93689,INFRARED,810.0,2009.9999999999998,,59837.80689804,16684,HAP,,POLYGON 150.09867511145478 2.4629218404070743 150.0643123786374 2.4475139326543496 150.0498205699308 2.47831699608942 150.085051534314 2.494120831962217 150.09867511145478 2.4629218404070743,,mast:HST/product/hst_16684_03_wfc3_ir_g141_ienn03kc_flt.fits,PUBLIC,False,,71774420,810.0,2009.9999999999998,0.0,2919926,150.05833943525073,2.4809498925704805,,59653.65120855
science,HST,HAP-SVM,WFC3/IR,HAP,G141,INFRARED,WFC3-PEAK1-3,,hst_16684_03_wfc3_ir_g141_ienn03kd,150.0744379167,2.472188888889,image,"Lemaux, Brian",2,59653.65785189,59653.66425189,552.93689,INFRARED,810.0,2009.9999999999998,,59837.80689804,16684,HAP,,POLYGON 150.0986748028171 2.4629219366082626 150.06431251082577 2.447514226521623 150.0498208880584 2.4783168947828518 150.08505140046898 2.494120527905491 150.0986748028171 2.4629219366082626,,mast:HST/product/hst_16684_03_wfc3_ir_g141_ienn03kd_flt.fits,PUBLIC,False,,71774419,810.0,2009.9999999999998,0.0,2919926,150.05833943525073,2.4809498925704805,,59653.65785189
science,HST,HAP-SVM,WFC3/IR,HAP,G141,INFRARED,WFC3-PEAK1-3,,hst_16684_03_wfc3_ir_g141_ienn03kg,150.0744379167,2.472188888889,image,"Lemaux, Brian",2,59653.66498152,59653.67138152,552.93689,INFRARED,810.0,2009.9999999999998,,59837.80701374,16684,HAP,,POLYGON 150.09906631246594 2.462969657898382 150.06470452990644 2.4475621768027316 150.05021312197007 2.4783643872534 150.08544311208007 2.494167785502443 150.09906631246594 2.462969657898382,,mast:HST/product/hst_16684_03_wfc3_ir_g141_ienn03kg_flt.fits,PUBLIC,False,,71774414,810.0,2009.9999999999998,0.0,2919926,150.05833943525073,2.4809498925704805,,59653.66498152
science,HST,HAP-SVM,WFC3/IR,HAP,G141,INFRARED,WFC3-PEAK1-3,,hst_16684_03_wfc3_ir_g141_ienn03ki,150.0744379167,2.472188888889,image,"Lemaux, Brian",2,59653.67162522,59653.67802485,552.93689,INFRARED,810.0,2009.9999999999998,,59837.80701374,16684,HAP,,POLYGON 150.0990660912715 2.4629697268466657 150.0647046246506 2.447562387405913 150.0502133499657 2.4783643146461225 150.08544301614836 2.4941675675968127 150.0990660912715 2.4629697268466657,,mast:HST/product/hst_16684_03_wfc3_ir_g141_ienn03ki_flt.fits,PUBLIC,False,,71774411,810.0,2009.9999999999998,0.0,2919926,150.05833943525073,2.4809498925704805,,59653.67162522
science,HST,HAP-SVM,WFC3/IR,HAP,G141,INFRARED,WFC3-PEAK1-3,,hst_16684_03_wfc3_ir_g141_ienn03kn,150.0744379167,2.472188888889,image,"Lemaux, Brian",2,59653.71749337,59653.723893,552.93689,INFRARED,810.0,2009.9999999999998,,59837.92978002,16684,HAP,,POLYGON 150.0990370551031 2.4627157687467967 150.06467433713215 2.4473078652639937 150.05018253476703 2.4781109201240197 150.08541348387385 2.4939147515859905 150.0990370551031 2.4627157687467967,,mast:HST/product/hst_16684_03_wfc3_ir_g141_ienn03kn_flt.fits,PUBLIC,False,,71774410,810.0,2009.9999999999998,0.0,2919926,150.05833943525073,2.4809498925704805,,59653.71749337
science,HST,HAP-SVM,WFC3/IR,HAP,G141,INFRARED,WFC3-PEAK1-3,,hst_16684_03_wfc3_ir_g141_ienn03kp,150.0744379167,2.472188888889,image,"Lemaux, Brian",2,59653.7241367,59653.7305367,552.93689,INFRARED,810.0,2009.9999999999998,,59837.92978002,16684,HAP,,POLYGON 150.0990367450828 2.462715865372701 150.06467446993497 2.447308160449676 150.05018285431967 2.478110818370058 150.0854133494062 2.49391444616517 150.0990367450828 2.462715865372701,,mast:HST/product/hst_16684_03_wfc3_ir_g141_ienn03kp_flt.fits,PUBLIC,False,,71774417,810.0,2009.9999999999998,0.0,2919926,150.05833943525073,2.4809498925704805,,59653.7241367
science,HST,HAP-SVM,WFC3/IR,HAP,G141,INFRARED,WFC3-PEAK1-3,,hst_16684_03_wfc3_ir_g141_ienn03kr,150.0744379167,2.472188888889,image,"Lemaux, Brian",2,59653.73126633,59653.73766633,552.93689,INFRARED,810.0,2009.9999999999998,,59837.92978002,16684,HAP,,POLYGON 150.09864452130486 2.4626683666877205 150.0642827567545 2.447260890155287 150.04979135647432 2.4780630914624227 150.08502132803997 2.4938664849854475 150.09864452130486 2.4626683666877205,,mast:HST/product/hst_16684_03_wfc3_ir_g141_ienn03kr_flt.fits,PUBLIC,False,,71774412,810.0,2009.9999999999998,0.0,2919926,150.05833943525073,2.4809498925704805,,59653.73126633
science,HST,HAP-SVM,WFC3/IR,HAP,G141,INFRARED,WFC3-PEAK1-3,,hst_16684_03_wfc3_ir_g141_ienn03ks,150.0744379167,2.472188888889,image,"Lemaux, Brian",2,59653.73791004,59653.74430966,552.93689,INFRARED,810.0,2009.9999999999998,,59837.92978002,16684,HAP,,POLYGON 150.0986443028497 2.462668434774574 150.06428285034204 2.447261098144006 150.04979158164636 2.478063019762189 150.08502123327904 2.493866269784958 150.0986443028497 2.462668434774574,,mast:HST/product/hst_16684_03_wfc3_ir_g141_ienn03ks_flt.fits,PUBLIC,False,,71774416,810.0,2009.9999999999998,0.0,2919926,150.05833943525073,2.4809498925704805,,59653.73791004
science,HST,HAP-SVM,WFC3/IR,HAP,detection,,WFC3-PEAK1-3,CLUSTER OF GALAXIES;FILAMENT;GROUP;HIGH REDSHIFT CLUSTER;POOR CLUSTER,hst_16684_03_wfc3_ir_total_ienn03,150.0744379167,2.472188888889,image,"Lemaux, Brian",3,59653.64881263,59653.74670559,711.743532,,,,,59837.9308216,16684,HAP,,POLYGON 150.0989412981549 2.4626503363383025 150.0653872901215 2.4475811536038448 150.06413927754784 2.4474742695078002 150.050018329572 2.478289706459403 150.08410782300933 2.4937155230164887 150.08535588122479 2.4938936383633203 150.08599773141012 2.4930030081147736 150.0989412981549 2.4626503363383025,mast:HST/product/hst_16684_03_wfc3_ir_total_ienn03_drz.jpg,mast:HST/product/hst_16684_03_wfc3_ir_total_ienn03_drz.fits,PUBLIC,False,,71774423,,,0.0,2919926,150.05833943525073,2.4809498925704805,,59653.64881263
science,HST,HAP-SVM,WFC3/IR,HAP,F160W,INFRARED,WFC3-PEAK1-4,CLUSTER OF GALAXIES;FILAMENT;GROUP;HIGH REDSHIFT CLUSTER;POOR CLUSTER,hst_16684_04_wfc3_ir_f160w_ienn04,150.0551579167,2.499358333333,image,"Lemaux, Brian",3,59653.84829189,59653.94523559,711.743532,INFRARED,1393.8999999999999,1692.4,,59838.12490745,16684,HAP,,POLYGON 150.07966179547822 2.4898197827353994 150.04500169689317 2.4744655940568867 150.0305595243715 2.505494774466519 150.06564819031118 2.521276840166895 150.0663257193153 2.5210630846481674 150.07966179547822 2.4898197827353994,mast:HST/product/hst_16684_04_wfc3_ir_f160w_ienn04_drz.jpg,mast:HST/product/hst_16684_04_wfc3_ir_f160w_ienn04_drz.fits,PUBLIC,False,,71774473,1393.8999999999999,1692.4,0.0,2919926,150.05833943525073,2.4809498925704805,F160W,59653.84829189
science,HST,HAP-SVM,WFC3/IR,HAP,G141,INFRARED,WFC3-PEAK1-4,,hst_16684_04_wfc3_ir_g141_ienn04li,150.0551579167,2.499358333333,image,"Lemaux, Brian",2,59653.85068781,59653.85708744,552.93689,INFRARED,810.0,2009.9999999999998,,59837.99934022,16684,HAP,,POLYGON 150.07939556218156 2.490091296860477 150.0450321920955 2.4746834208151225 150.0305401096795 2.505486422818786 150.06577173464646 2.521290230268652 150.07939556218156 2.490091296860477,,mast:HST/product/hst_16684_04_wfc3_ir_g141_ienn04li_flt.fits,PUBLIC,False,,71774472,810.0,2009.9999999999998,0.0,2919926,150.05833943525073,2.4809498925704805,,59653.85068781
science,HST,HAP-SVM,WFC3/IR,HAP,G141,INFRARED,WFC3-PEAK1-4,,hst_16684_04_wfc3_ir_g141_ienn04lj,150.0551579167,2.499358333333,image,"Lemaux, Brian",2,59653.85733115,59653.86373115,552.93689,INFRARED,810.0,2009.9999999999998,,59837.99934022,16684,HAP,,POLYGON 150.0793952417872 2.4900913967231104 150.04503232932814 2.4746837258679757 150.03054043992526 2.5054863176565894 150.06577159569366 2.5212899146385093 150.0793952417872 2.4900913967231104,,mast:HST/product/hst_16684_04_wfc3_ir_g141_ienn04lj_flt.fits,PUBLIC,False,,71774464,810.0,2009.9999999999998,0.0,2919926,150.05833943525073,2.4809498925704805,,59653.85733115
science,HST,HAP-SVM,WFC3/IR,HAP,G141,INFRARED,WFC3-PEAK1-4,,hst_16684_04_wfc3_ir_g141_ienn04ll,150.0551579167,2.499358333333,image,"Lemaux, Brian",2,59653.86446078,59653.87086078,552.93689,INFRARED,810.0,2009.9999999999998,,59837.99928229,16684,HAP,,POLYGON 150.07978676818678 2.4901391153092547 150.0454243528168 2.474731667893752 150.03093267304072 2.505533812972485 150.0661633191631 2.521337180774838 150.07978676818678 2.4901391153092547,,mast:HST/product/hst_16684_04_wfc3_ir_g141_ienn04ll_flt.fits,PUBLIC,False,,71774468,810.0,2009.9999999999998,0.0,2919926,150.05833943525073,2.4809498925704805,,59653.86446078
science,HST,HAP-SVM,WFC3/IR,HAP,G141,INFRARED,WFC3-PEAK1-4,,hst_16684_04_wfc3_ir_g141_ienn04ln,150.0551579167,2.499358333333,image,"Lemaux, Brian",2,59653.87110448,59653.87750411,552.93689,INFRARED,810.0,2009.9999999999998,,59837.99928229,16684,HAP,,POLYGON 150.07978657155238 2.4901391765948473 150.04542443705523 2.474731855111531 150.0309328757211 2.5055337484345075 150.06616323386848 2.5213369870655655 150.07978657155238 2.4901391765948473,,mast:HST/product/hst_16684_04_wfc3_ir_g141_ienn04ln_flt.fits,PUBLIC,False,,71774471,810.0,2009.9999999999998,0.0,2919926,150.05833943525073,2.4809498925704805,,59653.87110448
science,HST,HAP-SVM,WFC3/IR,HAP,G141,INFRARED,WFC3-PEAK1-4,,hst_16684_04_wfc3_ir_g141_ienn04ls,150.0551579167,2.499358333333,image,"Lemaux, Brian",2,59653.91602337,59653.922423,552.93689,INFRARED,810.0,2009.9999999999998,,59838.1243056,16684,HAP,,POLYGON 150.07975755071325 2.4898852134965317 150.04539414198305 2.474477317709398 150.03090204329993 2.5052803591776907 150.06613370783361 2.5210841868460125 150.07975755071325 2.4898852134965317,,mast:HST/product/hst_16684_04_wfc3_ir_g141_ienn04ls_flt.fits,PUBLIC,False,,71774466,810.0,2009.9999999999998,0.0,2919926,150.05833943525073,2.4809498925704805,,59653.91602337
science,HST,HAP-SVM,WFC3/IR,HAP,G141,INFRARED,WFC3-PEAK1-4,,hst_16684_04_wfc3_ir_g141_ienn04lu,150.0551579167,2.499358333333,image,"Lemaux, Brian",2,59653.9226667,59653.9290667,552.93689,INFRARED,810.0,2009.9999999999998,,59838.1243056,16684,HAP,,POLYGON 150.0797572408596 2.4898853100843867 150.04539427471633 2.47447761272114 150.03090236268085 2.505280257464294 150.06613357343628 2.521083881605029 150.0797572408596 2.4898853100843867,,mast:HST/product/hst_16684_04_wfc3_ir_g141_ienn04lu_flt.fits,PUBLIC,False,,71774461,810.0,2009.9999999999998,0.0,2919926,150.05833943525073,2.4809498925704805,,59653.9226667
science,HST,HAP-SVM,WFC3/IR,HAP,G141,INFRARED,WFC3-PEAK1-4,,hst_16684_04_wfc3_ir_g141_ienn04lw,150.0551579167,2.499358333333,image,"Lemaux, Brian",2,59653.9297967,59653.93619633,552.93689,INFRARED,810.0,2009.9999999999998,,59838.12438661,16684,HAP,,POLYGON 150.07936500931942 2.4898378113291013 150.04500255340707 2.4744303422121 150.0305108565907 2.5052325306310497 150.0657415442008 2.5210359206476145 150.07936500931942 2.4898378113291013,,mast:HST/product/hst_16684_04_wfc3_ir_g141_ienn04lw_flt.fits,PUBLIC,False,,71774470,810.0,2009.9999999999998,0.0,2919926,150.05833943525073,2.4809498925704805,,59653.9297967
science,HST,HAP-SVM,WFC3/IR,HAP,G141,INFRARED,WFC3-PEAK1-4,,hst_16684_04_wfc3_ir_g141_ienn04lx,150.0551579167,2.499358333333,image,"Lemaux, Brian",2,59653.93644004,59653.94283966,552.93689,INFRARED,810.0,2009.9999999999998,,59838.12438661,16684,HAP,,POLYGON 150.079364791074 2.489837879356243 150.04500264688218 2.4744305499981913 150.0305110815467 2.505232458993744 150.06574144955408 2.5210357056565784 150.079364791074 2.489837879356243,,mast:HST/product/hst_16684_04_wfc3_ir_g141_ienn04lx_flt.fits,PUBLIC,False,,71774463,810.0,2009.9999999999998,0.0,2919926,150.05833943525073,2.4809498925704805,,59653.93644004
science,HST,HAP-SVM,WFC3/IR,HAP,detection,,WFC3-PEAK1-4,CLUSTER OF GALAXIES;FILAMENT;GROUP;HIGH REDSHIFT CLUSTER;POOR CLUSTER,hst_16684_04_wfc3_ir_total_ienn04,150.0551579167,2.499358333333,image,"Lemaux, Brian",3,59653.84829189,59653.94523559,711.743532,,,,,59838.12490745,16684,HAP,,POLYGON 150.07966179547822 2.4898197827353994 150.0461071004999 2.4747506021096037 150.0448590624984 2.474643717912248 150.0307378204473 2.5054591528194785 150.064828018599 2.520884971494943 150.0660761027458 2.521063086736794 150.0667179661755 2.5201724564292722 150.07966179547822 2.4898197827353994,mast:HST/product/hst_16684_04_wfc3_ir_total_ienn04_drz.jpg,mast:HST/product/hst_16684_04_wfc3_ir_total_ienn04_drz.fits,PUBLIC,False,,71774474,,,0.0,2919926,150.05833943525073,2.4809498925704805,,59653.84829189
science,HST,HAP-SVM,ACS/WFC,HAP,F435W,OPTICAL,ANY,UNIDENTIFIED;PARALLEL FIELD,hst_17719_10_acs_wfc_f435w_jfge10,150.0525259852,2.493023122865,image,"Franco, Maximilien",3,61059.74310395,61059.83546571,4610.0,OPTICAL,370.0,479.99999999999994,,61241.39582167,17719,HAP,,POLYGON 150.09637402407108 2.4991396507746133 150.0634396477907 2.4528486031831296 150.06286968197693 2.4529736064073115 150.03863895590771 2.46833462759909 150.05355554218892 2.489168064293635 150.0719065007304 2.5140290718808713 150.0723513729309 2.514001288429583 150.08992355958034 2.5034315014868054 150.09633232940445 2.4995146519695717 150.09637402407108 2.4991396507746133 POLYGON 150.03841652214177 2.4687374024694515 150.03788825285827 2.4688346178130596 150.01439377029482 2.483639651428195 150.02933795421822 2.5040566948379026 150.047799884896 2.528265260387005 150.04824476244528 2.528237485158516 150.05007988597572 2.5271819388869825 150.0716979720351 2.5144596299613804 150.0716284562349 2.5140985197843015 150.05653057528616 2.4937375096257317 150.03841652214177 2.4687374024694515,mast:HST/product/hst_17719_10_acs_wfc_f435w_jfge10_drc.jpg,mast:HST/product/hst_17719_10_acs_wfc_f435w_jfge10_drc.fits,PUBLIC,False,,377045122,370.0,479.99999999999994,0.0,2919926,150.05833943525073,2.4809498925704805,F435W,61059.74310395
science,HST,HAP-SVM,ACS/WFC,HAP,detection,,ANY,UNIDENTIFIED;PARALLEL FIELD,hst_17719_10_acs_wfc_total_jfge10,150.0525259852,2.493023122865,image,"Franco, Maximilien",3,61059.74310395,61059.83546571,4610.0,,,,,61241.39582167,17719,HAP,,POLYGON 150.09636012196677 2.499139651207228 150.0634396478751 2.4528624920655338 150.0629808945692 2.452904161373596 150.03863895590771 2.46833462759909 150.05255460076197 2.4877930624927065 150.07189259828937 2.514015183169719 150.07242088372897 2.513959620870126 150.08896432595762 2.5040148595376324 150.09633232940445 2.4995146519695717 150.09636012196677 2.499139651207228 POLYGON 150.03841652214177 2.4687374024694515 150.03788825285827 2.4688346178130596 150.01440767266823 2.483625762974212 150.02907382067926 2.5036816896163163 150.04781378739506 2.5282513715855583 150.04827256735766 2.5282235964289916 150.05007988597572 2.5271819388869825 150.0716979720351 2.5144596299613804 150.0716284562349 2.5140985197843015 150.05765664428512 2.495279174873006 150.03841652214177 2.4687374024694515,mast:HST/product/hst_17719_10_acs_wfc_total_jfge10_drc.jpg,mast:HST/product/hst_17719_10_acs_wfc_total_jfge10_drc.fits,PUBLIC,False,,377045123,,,0.0,2919926,150.05833943525073,2.4809498925704805,,61059.74310395
science,HST,HAP-SVM,ACS/WFC,HAP,F606W,OPTICAL,ANY,UNIDENTIFIED;PARALLEL FIELD,hst_17719_11_acs_wfc_f606w_jfge11,150.0525259852,2.493023122865,image,"Franco, Maximilien",3,61058.63117099,61058.72412166,4660.0,OPTICAL,470.0,720.0,,61240.14701381,17719,HAP,,POLYGON 150.06345316280027 2.4528481034570584 150.06293880324637 2.4529314397336908 150.03869417727057 2.468278573310962 150.0387358782223 2.4686257959855515 150.0516922943439 2.4865981163501707 150.07189221215867 2.5140146834608252 150.0730043877886 2.5135841135122803 150.0964292553072 2.4994308157267113 150.06345316280027 2.4528481034570584 POLYGON 150.07162807061763 2.514139686736027 150.05600191062737 2.4930286770457406 150.03843003745123 2.4687369032048636 150.0379156703291 2.4688063409689924 150.01440728717762 2.4835974859552534 150.02929586292234 2.5039867502082016 150.04777169421553 2.52823698293969 150.04829998648964 2.5281675415277647 150.06356478620353 2.5192647607410064 150.0716697811927 2.5144452417136085 150.07162807061763 2.514139686736027,mast:HST/product/hst_17719_11_acs_wfc_f606w_jfge11_drc.jpg,mast:HST/product/hst_17719_11_acs_wfc_f606w_jfge11_drc.fits,PUBLIC,False,,377024125,470.0,720.0,0.0,2919926,150.05833943525073,2.4809498925704805,F606W,61058.63117099
science,HST,HAP-SVM,ACS/WFC,HAP,detection,,ANY,UNIDENTIFIED;PARALLEL FIELD,hst_17719_11_acs_wfc_total_jfge11,150.0525259852,2.493023122865,image,"Franco, Maximilien",3,61058.63117099,61058.72412166,4660.0,,,,,61240.14701381,17719,HAP,,POLYGON 150.0963458344626 2.4991669295079566 150.06343926126237 2.4528619924226778 150.06293880324637 2.4529314397336908 150.03869417727057 2.468278573310962 150.0387358782223 2.4686257959855515 150.0516922943439 2.4865981163501707 150.07187830971785 2.5140007947496423 150.0724900080308 2.513889675821009 150.08714278308648 2.5050977380690638 150.09634584438942 2.499486373865018 150.0963458344626 2.4991669295079566 POLYGON 150.07162807061763 2.514139686736027 150.05671091596523 2.4940008987670343 150.03843003745123 2.4687369032048636 150.0379156703291 2.4688063409689924 150.01444899386263 2.483569709477126 150.01450459039953 2.4839308222100964 150.0283366407727 2.502681175408017 150.0477855966339 2.528236983021485 150.04829998648964 2.5281675415277647 150.06424599736096 2.5188619786348 150.0716697811927 2.5144452417136085 150.07162807061763 2.514139686736027,mast:HST/product/hst_17719_11_acs_wfc_total_jfge11_drc.jpg,mast:HST/product/hst_17719_11_acs_wfc_total_jfge11_drc.fits,PUBLIC,False,,377024126,,,0.0,2919926,150.05833943525073,2.4809498925704805,,61058.63117099
science,HST,HAP-SVM,ACS/WFC,HAP,F814W,OPTICAL,ANY,UNIDENTIFIED;PARALLEL FIELD,hst_17719_12_acs_wfc_f814w_jfge12,150.0525259852,2.493023122865,image,"Franco, Maximilien",3,61053.6624778,61053.75544141,4660.0,OPTICAL,708.0,959.0,,61235.45815973,17719,HAP,,POLYGON 150.06345496604862 2.452856792269226 150.0629823111223 2.452898461661838 150.03864037261255 2.468328927967915 150.05340403717506 2.488940142168117 150.07190791726512 2.5140094832564124 150.07233888719202 2.5139816999835296 150.07407665598637 2.512953898790178 150.09643105768922 2.499411726929557 150.06345496604862 2.452856792269226 POLYGON 150.03847354528975 2.468787259093016 150.0379174733328 2.4688150296644698 150.01449250289582 2.4835645104666715 150.01447859058788 2.4838978432785304 150.0314107430868 2.506787145494375 150.0478152042571 2.5282456719231097 150.0483434966077 2.528162341613702 150.05173569202677 2.5262040231216747 150.07172719260242 2.5143983743330476 150.03847354528975 2.468787259093016,mast:HST/product/hst_17719_12_acs_wfc_f814w_jfge12_drc.jpg,mast:HST/product/hst_17719_12_acs_wfc_f814w_jfge12_drc.fits,PUBLIC,False,,377012715,708.0,959.0,0.0,2919926,150.05833943525073,2.4809498925704805,F814W,61053.6624778
science,HST,HAP-SVM,ACS/WFC,HAP,detection,,ANY,UNIDENTIFIED;PARALLEL FIELD,hst_17719_12_acs_wfc_total_jfge12,150.0525259852,2.493023122865,image,"Franco, Maximilien",3,61053.6624778,61053.75544141,4660.0,,,,,61235.45815973,17719,HAP,,POLYGON 150.06342716280366 2.4528567924353215 150.0629823111223 2.452898461661838 150.03864037261255 2.468328927967915 150.05340403717506 2.488940142168117 150.07190791726512 2.5140094832564124 150.07233888719202 2.5139816999835296 150.07407665598637 2.512953898790178 150.09643105768922 2.499411726929557 150.06342716280366 2.4528567924353215 POLYGON 150.03847354528975 2.468787259093016 150.0379174733328 2.4688150296644698 150.01440908909305 2.4836339523089137 150.02972862235364 2.5045232250712695 150.04782910667555 2.528245672004526 150.0483434966077 2.528162341613702 150.05173569202677 2.5262040231216747 150.07172719260242 2.5143983743330476 150.03847354528975 2.468787259093016,mast:HST/product/hst_17719_12_acs_wfc_total_jfge12_drc.jpg,mast:HST/product/hst_17719_12_acs_wfc_total_jfge12_drc.fits,PUBLIC,False,,377012716,,,0.0,2919926,150.05833943525073,2.4809498925704805,,61053.6624778
science,HST,HAP-SVM,ACS/WFC,HAP,F606W,OPTICAL,CLUTCH-TARGET-CK,GALAXY;HIGH REDSHIFT GALAXY,hst_17802_ck_acs_wfc_f606w_jffuck,150.0185679167,2.543205555556,image,"Kartaltepe, Jeyhan",3,60974.13768423,60974.14888858,800.0,OPTICAL,470.0,720.0,,60974.87464114,17802,HAP,,POLYGON 150.07673645032418 2.416171738331118 150.07498489970817 2.4166717602131462 150.07447054269875 2.415755099985851 150.04719623141412 2.42481069531163 150.04743254602056 2.4257690304137167 150.04694599666175 2.426032915109077 150.04633434575294 2.4251301320878476 150.01990765604756 2.4338240743672395 150.03031928515296 2.4591437741105215 150.0414959110682 2.4849634042447812 150.04319195529317 2.4845050920639005 150.04377582820604 2.4853245429182316 150.06974463171537 2.477657916734412 150.0694943908794 2.476796807872205 150.0697168189224 2.4765606949846393 150.07002265951073 2.4764912479824335 150.07055093822427 2.477352354294842 150.0974091255876 2.469060179111163 150.07673645032418 2.416171738331118,mast:HST/product/hst_17802_ck_acs_wfc_f606w_jffuck_drc.jpg,mast:HST/product/hst_17802_ck_acs_wfc_f606w_jffuck_drc.fits,PUBLIC,False,,355586271,470.0,720.0,0.0,2919926,150.05833943525073,2.4809498925704805,F606W,60974.13768423
science,HST,HAP-SVM,ACS/WFC,HAP,detection,,CLUTCH-TARGET-CK,GALAXY;HIGH REDSHIFT GALAXY,hst_17802_ck_acs_wfc_total_jffuck,150.0185679167,2.543205555556,image,"Kartaltepe, Jeyhan",3,60974.13768423,60974.16388821,1600.0,,,,,60974.90696754,17802,HAP,,POLYGON 150.0974925306797 2.4688657323019494 150.07677815255437 2.4160606267142413 150.0750266021001 2.4165606486476596 150.0744983440306 2.415657877482614 150.04725183770125 2.424699584697772 150.0470989213531 2.4248940277955717 150.04739084269303 2.425685696751071 150.0469877016748 2.4259218043835182 150.04638995212457 2.4250190215092013 150.02003277285783 2.433685189111864 150.01989375220904 2.4339074072741917 150.02004665662585 2.434296300425516 150.02858166799032 2.45497707002627 150.04152371498458 2.4849634046062574 150.04320585724685 2.4845050922268412 150.04372022020158 2.4853384311728512 150.04654232591895 2.48453290487905 150.06974463171537 2.477657916734412 150.06988364868963 2.4774356933987343 150.0695917033203 2.4767134737620657 150.0698558372915 2.47651902716623 150.0701894833912 2.476657913180696 150.07055093822427 2.477352354294842 150.09483731687376 2.469879695597751 150.09733961744996 2.4690879588990065 150.0974925306797 2.4688657323019494,mast:HST/product/hst_17802_ck_acs_wfc_total_jffuck_drc.jpg,mast:HST/product/hst_17802_ck_acs_wfc_total_jffuck_drc.fits,PUBLIC,False,,355586272,,,0.0,2919926,150.05833943525073,2.4809498925704805,,60974.13768423
science,HST,HAP-SVM,ACS/WFC,HAP,F814W,OPTICAL,COSMOS24-23,CLUSTER OF GALAXIES;BLANK SKY,hst_9822_3g_acs_wfc_f814w_j8pu3g,150.0605,2.486241666667,image,"Scoville, Nicholas",3,53112.65907063,53112.72930276,2028.0,OPTICAL,708.0,959.0,,53113.06825225,9822,HAP,,POLYGON 150.02496105460276 2.4624467548987665 150.03612311941592 2.5180025495726492 150.0372631086304 2.5180025701735 150.09554135800482 2.509474522866997 150.0903274741835 2.4851829908277203 150.08327866007264 2.455349804117888 150.0562121398368 2.458322216883945 150.02767190230816 2.461946824048909 150.02496105460276 2.4624467548987665,mast:HST/product/hst_9822_3g_acs_wfc_f814w_j8pu3g_drc.jpg,mast:HST/product/hst_9822_3g_acs_wfc_f814w_j8pu3g_drc.fits,PUBLIC,False,,26355598,708.0,959.0,0.0,2919926,150.05833943525073,2.4809498925704805,F814W,53112.65907063
science,HST,HAP-SVM,ACS/WFC,HAP,detection,,COSMOS24-23,CLUSTER OF GALAXIES;BLANK SKY,hst_9822_3g_acs_wfc_total_j8pu3g,150.0605,2.486241666667,image,"Scoville, Nicholas",3,53112.65907063,53112.72930276,2028.0,,,,,53113.06825225,9822,HAP,,POLYGON 150.0249749552074 2.462488421918364 150.03613702223154 2.5179747720632815 150.09552745430642 2.509418967705481 150.09006331468555 2.484196885823974 150.0832369553713 2.4553636937174828 150.05540584192244 2.4584333252707116 150.02672658217497 2.462085689463977 150.0249749552074 2.462488421918364,mast:HST/product/hst_9822_3g_acs_wfc_total_j8pu3g_drc.jpg,mast:HST/product/hst_9822_3g_acs_wfc_total_j8pu3g_drc.fits,PUBLIC,False,,26355604,,,0.0,2919926,150.05833943525073,2.4809498925704805,,53112.65907063
science,HST,HAP-MVM,ACS/WFC,HAP,F814W,OPTICAL,ANY,CLUSTER OF GALAXIES;BLANK SKY,hst_skycell-p1359x02y13_acs_wfc_f814w_all,150.0378973353,2.527251174981,image,,3,52935.52059596,55721.62646954,13608.0,OPTICAL,708.0,959.0,,55722.04182873,,,,POLYGON 150.02028899187994 2.355876154710384 150.02030741570778 2.388876487891834 150.02068609677428 2.3897309171439156 150.02110826105275 2.3898191261936965 150.04818455525938 2.379763665089101 150.03824942809743 2.3570159033740676 150.03839360235926 2.3568491374838128 150.048506220916 2.3794300814960914 150.0489283140272 2.3794738693291317 150.07505988127042 2.369852632186706 150.0750595021026 2.369552841393772 150.06883397719085 2.355804977657013 150.02028899187994 2.355876154710384 POLYGON 150.02031370553337 2.393984183501382 150.0205226593807 2.563644441840983 150.0459476674983 2.5542553884371046 150.03278137295052 2.524297738982635 150.03290332103526 2.524108793955994 150.03310344780976 2.524263926323418 150.0346516649381 2.527714599781497 150.04624715381095 2.553921821796062 150.04671370899126 2.5539543886828118 150.07278154344368 2.5443642087230685 150.07279215944953 2.5439755915180435 150.07094317549942 2.5398482850958755 150.0593042548319 2.5143854402732497 150.07551276860406 2.5083753010961876 150.07560117308978 2.5080198659737314 150.06350571514474 2.4814581535856894 150.05226923892334 2.4577368493603187 150.0518137793327 2.457670928724025 150.0339168227745 2.4635941913012878 150.03375005215142 2.4634612047589495 150.0280982765073 2.4379095897943412 150.02257145482804 2.4145004146414553 150.02272673169242 2.414322525783591 150.02474770960222 2.4139419972930796 150.02031370553337 2.393984183501382 POLYGON 150.26420350927637 2.4752240596845674 150.24545222311616 2.477598404065067 150.25659956151856 2.533320894274011 150.2575656170608 2.533308111392329 150.26428225045603 2.532275063650089 150.26420350927637 2.4752240596845674 POLYGON 150.04984288415505 2.569227074734712 150.0488653798166 2.569195332308311 150.0386033016514 2.570299825485935 150.02053357320986 2.5725047246780632 150.02058918816675 2.5996183147333336 150.0569452887712 2.5995596750584467 150.04984288415505 2.569227074734712 POLYGON 150.2643552047 2.585128729351103 150.2415829424085 2.5876780300419266 150.24038397973698 2.587946581588881 150.2118596435384 2.5914603222990835 150.21106041778094 2.591728156675335 150.21264758900165 2.599296715321888 150.26435242624527 2.599205153110417 150.2643552047 2.585128729351103,mast:HST/product/hst_skycell-p1359x02y13_acs_wfc_f814w_all_drc.jpg,mast:HST/product/hst_skycell-p1359x02y13_acs_wfc_f814w_all_drc.fits,PUBLIC,False,,83732101,708.0,959.0,0.0,2919926,150.05833943525073,2.4809498925704805,F814W,52935.52059596
science,HST,HAP-MVM,WFC3/IR,HAP,F160W,INFRARED,WFC3-PEAK4N5-2,GALAXY;HIGH REDSHIFT GALAXY,hst_skycell-p1360x19y13_wfc3_ir_f160w_all,150.2229841667,2.343363888889,image,,3,55872.08412869,59951.83577841,78997.83991400003,INFRARED,1393.8999999999999,1692.4,,60133.13140046,,,,POLYGON 150.2122684031066 2.3561937007736136 150.20583603496632 2.356185439052784 150.21220966083274 2.359125420791508 150.2122684031066 2.3561937007736136 POLYGON 150.2019810795305 2.356180473540018 150.05343916433208 2.3559810243924035 150.0512058686326 2.3752659887729513 150.05481524630704 2.375770760829427 150.0550037863784 2.3760153195335283 150.05153583548326 2.4060694739193855 150.05133578977674 2.4061580216188396 150.02892144653828 2.39615444632062 150.02833288679295 2.3960425598662103 150.0191125228574 2.4154722582735646 150.00579780003935 2.4130099611816087 149.99989228227074 2.446567894707952 150.02156915429217 2.4507528366570934 150.02166889591197 2.450941748799011 150.01578894377747 2.4634247903269224 150.01578848715073 2.463802316872529 150.04398745790098 2.4764913292765147 150.0305456412723 2.5050969179085114 150.03053405317783 2.505496633851251 150.06567365624053 2.521272069022749 150.06616235001528 2.52135052145856 150.06634050909 2.520995461510817 150.07915006082177 2.4916553758394233 150.07931683481584 2.491533473986197 150.08501261324514 2.494129013216892 150.0854791710162 2.494140795436172 150.09901243291839 2.46315735766286 150.09904626113598 2.462724338575414 150.06470559775494 2.447295799372411 150.0642835370717 2.447250774439839 150.06392757560738 2.4476722173352883 150.0531584286141 2.44279306923908 150.05302527686808 2.4426707319183416 150.05312542070004 2.4425265241749132 150.08756722351467 2.446851077244667 150.08877791255117 2.446974948005635 150.08904490591573 2.4466421997728696 150.11210322490902 2.4495841718363423 150.11225857021668 2.4497398522879816 150.11293896678052 2.457003092591723 150.1130720696057 2.4571809507709292 150.14935807139196 2.4541556807612155 150.16302085194877 2.4558290999124988 150.1635320159131 2.455718754464318 150.2002115114898 2.4603438306997094 150.200544812827 2.4603442798355672 150.2008349894609 2.459145337820913 150.2016793043497 2.4591908942252054 150.20654894013683 2.4255825377422684 150.20203901993654 2.4249546766367707 150.2018614331655 2.42479897033851 150.20657446983492 2.3920673234329186 150.20206464169442 2.3914395397631174 150.20190926556484 2.3912949696280137 150.2065887919415 2.3586406681130203 150.20190134225476 2.357979417069433 150.20179047983885 2.3577682747821274 150.2019810795305 2.356180473540018 POLYGON 150.05009582088002 2.3559763532227396 150.01386416493756 2.355925218034644 150.0314135245839 2.365044388336907 150.03162457558997 2.3650335832958493 150.03281579470817 2.362747819223595 150.03382449224583 2.364470387837284 150.05009582088002 2.3559763532227396 POLYGON 150.19289570366732 2.475347723783003 150.15865288820797 2.457533217069261 150.15841953863034 2.4575773143976165 150.1529082578911 2.4683078889980425 150.13694571027 2.4570256495702734 150.1364460218492 2.456825071491209 150.1162071228407 2.4841801057762667 150.11619565663432 2.484491010706085 150.14763214430556 2.5068665477831447 150.14807644499137 2.5069449067957272 150.15639992895493 2.4950525867998743 150.17668617157253 2.505408159789493 150.19289570366732 2.475347723783003 POLYGON 150.01012458884767 2.490431559778578 149.97560111588905 2.4732908860650515 149.97521193827612 2.473634499453641 149.9742350517916 2.4731888726928273 149.96828863072295 2.4854490156974833 149.96825874858982 2.5095764621030385 149.99310244055107 2.521861849046754 149.99345836534576 2.5214737782938905 149.99437978339273 2.521908229585063 150.0100564065085 2.491697269056019 150.00966806409016 2.4913413674012514 150.01012458884767 2.490431559778578 POLYGON 150.14365029601754 2.5599951549733087 150.11970497282496 2.5436816666732724 150.11251152371347 2.538851992355782 150.11210060082345 2.538740351850811 150.09247136324686 2.5665269407573543 150.0924599051893 2.566826728630375 150.12436422569647 2.5884934515499913 150.1247973749188 2.5886162355205213 150.14343852701188 2.560594477371973 150.14365029601754 2.5599951549733087 POLYGON 150.00330458616295 2.563293166679071 149.98781608133996 2.5935361334314355 149.9879047018418 2.5937361297949786 149.9990502277555 2.599649556813169 150.04993937563677 2.5997290913013194 150.0379998886848 2.5881741568908985 150.03783344198172 2.5880184514066302 150.03766670310952 2.588107021286547 150.03673463754515 2.587206201627787 150.03234147008996 2.5915297313093073 150.03220827115575 2.591440697434383 150.03767496532325 2.581200682322719 150.00330458616295 2.563293166679071 POLYGON 150.21206326011148 2.5648117466610287 150.1941706650629 2.5686288182395236 150.2013027816341 2.5999313423401054 150.21202496137232 2.599946555105995 150.21206326011148 2.5648117466610287 POLYGON 150.08014186405856 2.5649206669789084 150.07991961428976 2.5649758529628843 150.07902930227758 2.566318078555218 150.0774972702723 2.5654274757265245 150.07727502103288 2.5654826610910724 150.05935519118586 2.5943583596962756 150.068402870266 2.599757441509637 150.10337573674994 2.599810402442112 150.11247046322634 2.584189703135901 150.08014186405856 2.5649206669789084,mast:HST/product/hst_skycell-p1360x19y13_wfc3_ir_f160w_all_drz.jpg,mast:HST/product/hst_skycell-p1360x19y13_wfc3_ir_f160w_all_drz.fits,PUBLIC,False,,208830548,1393.8999999999999,1692.4,0.0,2919926,150.05833943525073,2.4809498925704805,F160W,55872.08412869
science,HST,HAP-MVM,WFC3/IR,HAP,F160W,INFRARED,WFC3-PEAK4N5-2,GALAXY;HIGH REDSHIFT GALAXY,hst_skycell-p1360x19y13_wfc3_ir_f160w_coarse-all,150.2229841667,2.343363888889,image,,3,55872.08412869,59951.83577841,78997.83991400003,INFRARED,1393.8999999999999,1692.4,,60133.13140046,,,,POLYGON 150.21220172200694 2.3562158258583152 150.2061359646673 2.3562080354455666 150.21209861422713 2.3590808571088933 150.21220172200694 2.3562158258583152 POLYGON 150.2065663181419 2.358873849398434 150.20216794282078 2.358001971541455 150.2019032896835 2.35620258368344 150.05347246040952 2.3560032794504826 150.05121706853976 2.3751882749639326 150.05451539308706 2.375725922015841 150.0549812419995 2.376292894056545 150.0515473784796 2.405703053491797 150.05098052533398 2.4060020565347116 150.02833284675833 2.3960758718731734 150.01901262310133 2.4154165932462432 150.00581998749888 2.4130322013283414 149.9998812155091 2.4465345671628103 150.02120266742466 2.450696776668322 150.02156865882395 2.4511636772508343 150.01582183712748 2.4637801590118715 150.04389848664547 2.4765800292037077 150.03056740439516 2.5054744765308445 150.065673643147 2.5212831728832965 150.06627363399426 2.5211841283319854 150.0790052572345 2.4919882869269516 150.07950557928908 2.4916225814390134 150.08553484475883 2.494029835323425 150.09906823424092 2.462935351395944 150.0651941248144 2.4474963776427385 150.06376104384879 2.447594248372212 150.05490146105723 2.4435839796341288 150.05450200453419 2.443216967707959 150.05486912423805 2.442751128091886 150.11171447843702 2.449528102554136 150.1122804940712 2.449995284678742 150.113072095151 2.4571587420126146 150.14960245257205 2.4541782278178745 150.20012263115382 2.460343710916125 150.2009904569922 2.459212176780781 150.2016904996177 2.4591131746996164 150.20652647755557 2.425804609425452 150.2018950547589 2.4245324938491 150.20656319021526 2.3922227810007786 150.20196504479688 2.3910840449902615 150.2065663181419 2.358873849398434 POLYGON 150.04980700131753 2.3559981578514027 150.0141195979131 2.3559477898879226 150.03136910892877 2.3650332212697642 150.03277097959267 2.363069775757879 150.03390228308353 2.364437185498511 150.04980700131753 2.3559981578514027 POLYGON 150.192806884401 2.4752920786791557 150.15863068164973 2.4575220818029324 150.1527861657958 2.4682077780665055 150.1364682024629 2.456858416037251 150.11624006776964 2.4845132826266663 150.14757662084574 2.506844260408729 150.14810981174358 2.5069116405713494 150.15642206107134 2.4951303496193913 150.17674182061336 2.5053194000408685 150.192806884401 2.4752920786791557 POLYGON 150.0100247128521 2.490353683814022 149.97559002236625 2.4732797657196386 149.97419055441443 2.4732443219888167 149.96831099640022 2.4853269132156375 149.96828100458484 2.509543186833099 149.9930247131758 2.52183952252746 149.99439093192888 2.5218749365345965 150.01005637957016 2.4917194762412302 150.0100247128521 2.490353683814022 POLYGON 150.1120783435343 2.5387736317356167 150.0925492840742 2.5663938101888903 150.0927152280569 2.5669936673652893 150.12481962025635 2.588594060365316 150.14361699109705 2.5599728983333314 150.1120783435343 2.5387736317356167 POLYGON 150.00347124989526 2.563260116325157 149.98780491865207 2.5935805280618456 149.99896138764726 2.599627209893013 150.04978387491965 2.5997066444311017 150.03676793743108 2.5872284599877338 150.03333136464127 2.590520857168536 150.03293176755687 2.5902537558338485 150.03757506589437 2.5811339074940878 150.00347124989526 2.563260116325157 POLYGON 150.21204090517423 2.5649338664943464 150.19417061616178 2.568673236235511 150.20130285469781 2.5998647158262567 150.212002811738 2.599879896767738 150.21204090517423 2.5649338664943464 POLYGON 150.07725277658787 2.565504835284892 150.05938859751177 2.5942917894966 150.06831402183394 2.5997350985302496 150.10337576242856 2.5997881948278194 150.1124260751897 2.5841452214604086 150.0802196027544 2.564942991103181 150.07898495636417 2.566240285414519 150.07725277658787 2.565504835284892,mast:HST/product/hst_skycell-p1360x19y13_wfc3_ir_f160w_coarse-all_drz.jpg,mast:HST/product/hst_skycell-p1360x19y13_wfc3_ir_f160w_coarse-all_drz.fits,PUBLIC,False,,208830597,1393.8999999999999,1692.4,0.0,2919926,150.05833943525073,2.4809498925704805,F160W,55872.08412869
science,HST,HAP-MVM,WFC3/UVIS,HAP,F350LP,OPTICAL,COSMOS-V88,,hst_skycell-p1360x19y13_wfc3_uvis_f350lp_all,150.14657375,2.504038888889,image,,3,55901.70971448,56032.42749454,9526.0,OPTICAL,325.5,993.8,,56033.4861111,,,,POLYGON 150.2101455193039 2.448730238807016 150.2093900944788 2.4486737058246373 150.17270754338733 2.446669809133983 150.1725743764927 2.446536370302516 150.1728323589103 2.4443268646549448 150.17207696842794 2.4442703136164488 150.13273000086375 2.442172993264031 150.132507831887 2.4421615803260632 150.13178577995993 2.4421272641799945 150.13167468926636 2.442127109914746 150.1306193789943 2.442081225792459 150.12956407004825 2.44203534089723 150.1291641699788 2.442012575805858 150.12879758452962 2.442000961481123 150.12810886286584 2.4419666898480306 150.12791997148798 2.4419997406528675 150.12765212566478 2.443076507748714 150.12700782785555 2.4430534015362415 150.12694117376287 2.443053308706657 150.12681892388764 2.443097556548659 150.12390547850984 2.4650470431663107 150.12472746533058 2.465125930999507 150.1248606226627 2.4652593717021953 150.12470480276465 2.4655145547114783 150.123849412189 2.465502246305697 150.12235922760297 2.4765712470126484 150.12222576487352 2.4767043108506206 150.09772074548198 2.4753813078071456 150.09758759369063 2.475247866081323 150.09783443500893 2.473138413029653 150.0970791110156 2.4730707058996626 150.09415767244127 2.472911059158563 150.09401342579633 2.472766497304127 150.09577453573849 2.4581002938419574 150.09480818091683 2.4580100825815583 150.09467503122286 2.4578766414722573 150.09469744208224 2.4577101092488576 150.09483090127094 2.4575770481001316 150.09579729453228 2.4576339463130514 150.09850037024003 2.4353180772528704 150.09774506306306 2.4352503862995247 150.05740210211064 2.433094225632601 150.0562913504653 2.4330482108352323 150.05481406208807 2.43297945906192 150.0544475108349 2.4329678269215895 150.05374774599704 2.432933506317918 150.0536477739953 2.4329333622329887 150.0535699784783 2.432966562360351 150.05342436235108 2.4339879280713856 150.05329090819856 2.4341209845745917 150.0531798149998 2.4341319284243164 150.05230228333883 2.434130662435678 150.04939923008908 2.4560680169568823 150.0503544216848 2.4561582413753738 150.05048756070977 2.4562916833570383 150.05047630744076 2.4564138108965983 150.05034285168963 2.456546864293152 150.04937649896587 2.4565010393275544 150.046384074947 2.4788044718018196 150.049016488217 2.4790082195023624 150.05062705416208 2.479121628539615 150.05076019511745 2.479255071458127 150.04883216707293 2.493887158082842 150.04968740477776 2.4939772553356914 150.0498205467148 2.494110698861562 150.04966472600324 2.494365857141774 150.0488205436426 2.4943201915122306 150.04580581483927 2.5166343691780853 150.04844940869174 2.51682708764068 150.05002668510903 2.516940482405756 150.05015982899255 2.517073926796537 150.04881455069312 2.5273762116535523 150.04966981905423 2.527455221246985 150.04980295050555 2.5275997697650068 150.04964713981283 2.5278438185578187 150.04879181844237 2.527809223669001 150.04578814967437 2.5501120168978826 150.04843179746342 2.5503047858892267 150.0719030610764 2.5518724500903205 150.0720362130153 2.5520058951867775 150.07061891334516 2.557489044783112 150.07320672971545 2.558003702842567 150.1152910200802 2.566016638316545 150.1157480230501 2.5647070340180678 150.11644779399933 2.5648302074639076 150.12192796460715 2.542752150767471 150.12115062174448 2.5424623126542047 150.1213287062616 2.542173863308924 150.12201737556833 2.5422859057337908 150.12249716124285 2.5404766225271045 150.12263064189267 2.5403324619672043 150.12276381755237 2.54045480121229 150.1202760057777 2.5591949560807032 150.15761381581981 2.5616920255322317 150.15774697615564 2.561836572917827 150.1575115913063 2.563679550818282 150.16014450483345 2.563872106336568 150.20285029444798 2.56669774025511 150.2030069891565 2.5656541297317537 150.20315158758083 2.565509973023215 150.20405150131018 2.565566758064258 150.20679834445994 2.5429837540602094 150.20589847677064 2.542893667519568 150.2057652944867 2.542760226405082 150.2059211596475 2.5424717209794565 150.2068544441449 2.5424841208362414 150.20952312933497 2.520189486966656 150.2056569172803 2.5199509720491595 150.20552374906327 2.5198064268582985 150.20676828219786 2.509502893522435 150.2058795312169 2.509423942448111 150.2057463516565 2.509290502337464 150.20575762000254 2.5091461553391143 150.20590221363503 2.5090019909813788 150.20679101296832 2.509036522674573 150.20949298750898 2.4867305479678046 150.20873755785877 2.4866628947268676 150.20574906764554 2.4864922670098597 150.205615902125 2.4863477227739037 150.20740977407186 2.4715028873441303 150.20648771245675 2.4714239092446117 150.2063545358455 2.4712904704013448 150.20637693835897 2.471123926635392 150.2065104063487 2.470990847460118 150.20743250414884 2.471036510567849 150.2101455193039 2.448730238807016,mast:HST/product/hst_skycell-p1360x19y13_wfc3_uvis_f350lp_all_drc.jpg,mast:HST/product/hst_skycell-p1360x19y13_wfc3_uvis_f350lp_all_drc.fits,PUBLIC,False,,208831702,325.5,993.8,0.0,2919926,150.05833943525073,2.4809498925704805,,55901.70971448
science,HST,CALWF3,WFC3/IR,HST,F125W,INFRARED,COSMOS-V46,GALAXY;HIGH REDSHIFT GALAXY,iboa46030,150.0734640084,2.493933222222,image,"Faber, Sandra M.",3,55901.948527974535,55901.9597309375,906.0,INFRARED,1092.6,1405.5,"Cosmic Assembly Near-IR Deep Extragalactic Legacy Survey -- GOODS-South Field, Non-SNe-Searched Visits",55902.18783564,12440,GO,,POLYGON 150.09023596 2.51317035 150.0899929118014 2.5131398571285866 150.08999095 2.51315509 150.05214126 2.50840591 150.05648919 2.474652 150.05673223570403 2.4746824996427161 150.0567342 2.47466725 150.09458294 2.47941632 150.09023596 2.51317035 150.09023596 2.51317035,mast:HST/product/iboa46030_drz.jpg,mast:HST/product/iboa46030_drz.fits,PUBLIC,False,,24803703,1092.6,1405.5,0.0,2919926,150.05833943525073,2.4809498925704805,F125W,55901.948527974535
science,HST,CALWF3,WFC3/IR,HST,F160W,INFRARED,COSMOS-V46,GALAXY;HIGH REDSHIFT GALAXY,iboa46ofq,150.0731647084,2.493758352829,image,"Faber, Sandra M.",3,55901.96044945602,55901.96742797454,602.934143,INFRARED,1393.8999999999999,1692.4,"Cosmic Assembly Near-IR Deep Extragalactic Legacy Survey -- GOODS-South Field, Non-SNe-Searched Visits",55902.18842588,12440,GO,,POLYGON 150.0520869719434 2.508246288733122 150.0899366576216 2.5129954766369402 150.09428363483957 2.4792414465922676 150.05643490457206 2.4744923835207775 150.0520869719434 2.508246288733122,mast:HST/product/iboa46ofq_flt.jpg,mast:HST/product/iboa46ofq_drz.fits,PUBLIC,False,,23877737,1393.8999999999999,1692.4,0.0,2919926,150.05833943525073,2.4809498925704805,F160W,55901.96044945602
science,HST,CALWF3,WFC3/IR,HST,F160W,INFRARED,COSMOS-V46,GALAXY;HIGH REDSHIFT GALAXY,iboa46ojq,150.0734094418,2.493773570412,image,"Faber, Sandra M.",3,55901.96814614583,55901.97454575232,552.93689,INFRARED,1393.8999999999999,1692.4,"Cosmic Assembly Near-IR Deep Extragalactic Legacy Survey -- GOODS-South Field, Non-SNe-Searched Visits",55902.18848375,12440,GO,,POLYGON 150.0523317050982 2.5082615063150806 150.09018139121713 2.5130106942192767 150.09452836848246 2.479256664174222 150.05667963778004 2.474507601103118 150.0523317050982 2.5082615063150806,mast:HST/product/iboa46ojq_flt.jpg,mast:HST/product/iboa46ojq_drz.fits,PUBLIC,False,,23877738,1393.8999999999999,1692.4,0.0,2919926,150.05833943525073,2.4809498925704805,F160W,55901.96814614583
science,HST,CALWF3,WFC3/IR,HST,F125W,INFRARED,COSMOS-V90,GALAXY;HIGH REDSHIFT GALAXY,iboa90030,150.0719863749,2.494936130607,image,"Faber, Sandra M.",3,55949.714361956016,55949.72556493056,906.0,INFRARED,1092.6,1405.5,"Cosmic Assembly Near-IR Deep Extragalactic Legacy Survey -- GOODS-South Field, Non-SNe-Searched Visits",55949.84646987,12440,GO,,POLYGON 150.08900307 2.51418847 150.08876030241566 2.5141580123600171 150.08875834 2.51417325 150.05090862 2.50942407 150.05525656 2.47567016 150.05549932635211 2.475700624572382 150.05550129 2.47568538 150.09335005 2.48043444 150.08900307 2.51418847 150.08900307 2.51418847,mast:HST/product/iboa90030_drz.jpg,mast:HST/product/iboa90030_drz.fits,PUBLIC,False,,24803747,1092.6,1405.5,0.0,2919926,150.05833943525073,2.4809498925704805,F125W,55949.714361956016
science,HST,CALWF3,WFC3/IR,HST,F160W,INFRARED,COSMOS-V90,GALAXY;HIGH REDSHIFT GALAXY,iboa90f9q,150.0722856752,2.495111,image,"Faber, Sandra M.",3,55949.726283449076,55949.733261608795,602.934143,INFRARED,1393.8999999999999,1692.4,"Cosmic Assembly Near-IR Deep Extragalactic Legacy Survey -- GOODS-South Field, Non-SNe-Searched Visits",55949.84672445,12440,GO,,POLYGON 150.05120791693977 2.5095989358125803 150.08905764180403 2.5143481237499743 150.09340462323294 2.4805940936713675 150.05555585429923 2.4758450306341024 150.05120791693977 2.5095989358125803,mast:HST/product/iboa90f9q_flt.jpg,mast:HST/product/iboa90f9q_drz.fits,PUBLIC,False,,23877925,1393.8999999999999,1692.4,0.0,2919926,150.05833943525073,2.4809498925704805,F160W,55949.726283449076
science,HST,CALWF3,WFC3/IR,HST,F160W,INFRARED,COSMOS-V90,GALAXY;HIGH REDSHIFT GALAXY,iboa90fdq,150.0720406657,2.495095746975,image,"Faber, Sandra M.",3,55949.73398009259,55949.74037974537,552.93689,INFRARED,1393.8999999999999,1692.4,"Cosmic Assembly Near-IR Deep Extragalactic Legacy Survey -- GOODS-South Field, Non-SNe-Searched Visits",55949.84781237,12440,GO,,POLYGON 150.05096290768572 2.5095836827886226 150.088812632108 2.514332870725638 150.09315961348938 2.4805788406474134 150.0553108449918 2.4758297776097624 150.05096290768572 2.5095836827886226,mast:HST/product/iboa90fdq_flt.jpg,mast:HST/product/iboa90fdq_drz.fits,PUBLIC,False,,23877926,1393.8999999999999,1692.4,0.0,2919926,150.05833943525073,2.4809498925704805,F160W,55949.73398009259
science,HST,CALWF3,WFC3/IR,HST,F160W,INFRARED,COSMOS-T14,UNIDENTIFIED;BLANK FIELD,icxe14010,150.038875,2.336383333333,image,"van Dokkum, Pieter",3,57861.40752758102,57861.439853159725,2074.0,INFRARED,1393.8999999999999,1692.4,A Wide-Field WFC3 Imaging Survey in the COSMOS Field,57861.5201388,14114,GO,,POLYGON 150.06314447 2.36140948 150.05130964 2.39332146 150.01550272 2.38018777 150.02667884055219 2.3500540967275163 150.01503104 2.34578154 150.02686628 2.31386986 150.06267161 2.32700326 150.0514964610681 2.3571372249935383 150.06314447 2.36140948 150.06314447 2.36140948 POLYGON 150.05729621 2.58392914 150.04545943 2.61584114 150.00964645 2.60270743 150.02115814267424 2.5716742651217315 150.01002543 2.56759128 150.02132323742066 2.537133861569663 150.01248066 2.53389073 150.02375585271187 2.5034934828327073 150.01344503 2.49971176 150.024801884281 2.4690935243959049 150.01434434 2.46525789 150.02580127011797 2.4343690421568662 150.01205608 2.42932741 150.02389205 2.39741574 150.05969953 2.41054923 150.0482436434209 2.4414383741245556 150.06198907 2.44647961 150.05063324344945 2.4770981358695323 150.061091 2.48093348 150.04981685153683 2.511331014022105 150.06012787 2.51511244 150.0488311002841 2.5455701927908079 150.05767389 2.5488131 150.04616329997768 2.5798465165373297 150.05729621 2.58392914 150.05729621 2.58392914,mast:HST/product/icxe14010_drz.jpg,mast:HST/product/icxe14010_drz.fits,PUBLIC,False,,25857682,1393.8999999999999,1692.4,0.0,2919926,150.05833943525073,2.4809498925704805,F160W,57861.40752758102
calibration,HST,CALWF3,WFC3/UVIS,HST,F373N,OPTICAL,DARK-NM,,iegj1u010,54.37253680132,-4.98245142604,image,"Kuhn, Benjamin",3,59248.49568900463,59248.51813101852,1800.0,OPTICAL,370.1,376.18,WFC3 UVIS CCD Daily Monitor Part 1,59248.74835641,16394,CAL/WFC3,,POLYGON 150.0734711 2.46905851 150.06561871 2.49034379 150.0221365 2.47736542 150.02998952 2.4560804 150.0734711 2.46905851 150.0734711 2.46905851 POLYGON 54.39128106 -4.96770353 54.35618916 -4.99657262 54.37176247 -5.0131233 54.40685457 -4.98425338 54.39128106 -4.96770353 54.39128106 -4.96770353,,,PUBLIC,False,,26717003,370.1,376.18,0.0,2919926,150.05833943525073,2.4809498925704805,F373N,59248.49568900463
calibration,HST,CALWF3,WFC3/UVIS,HST,F475X,OPTICAL,BIAS,,iel214010,150.4673724977,1.919583598073,image,"Marinelli, Mariarosa",3,59653.819181516206,59653.83142670139,0.0,OPTICAL,377.7,650.1,WFC3 Characterization of UVIS Traps with Charge Injection,59654.20118051,16574,CAL/WFC3,,POLYGON 150.08689847 2.48454032 150.07757909 2.50522661 150.03510847 2.48924986 150.0444284 2.46856387 150.08689847 2.48454032 150.08689847 2.48454032 POLYGON 150.49817736 1.90461066 150.49032798 1.92589591 150.44686222 1.91291781 150.45471209 1.89163277 150.49817736 1.90461066 150.49817736 1.90461066,,,PUBLIC,False,,71774159,377.7,650.1,0.0,2919926,150.05833943525073,2.4809498925704805,,59653.819181516206
science,HST,CALWF3,WFC3/IR,HST,F160W,INFRARED,WFC3-PEAK1-3,CLUSTER OF GALAXIES;FILAMENT;GROUP;HIGH REDSHIFT CLUSTER;POOR CLUSTER,ienn03010,150.0744379167,2.472188888889,image,"Lemaux, Brian",3,59653.64881261574,59653.746705590274,711.743532,INFRARED,1393.8999999999999,1692.4,Peak Efficiency: Mass Assembly in a Forming Supercluster at the Peak of Cosmic Star Formation Activity,59837.9308216,16684,GO,,POLYGON 150.09943853 2.46273461 150.08537386 2.49384301 150.08503014047707 2.4936889029712543 150.08498199 2.4937954 150.05013713 2.47817203 150.05022745610336 2.4779722624054608 150.05010722 2.47791835 150.06417254 2.44681031 150.06451625482345 2.4469644267480288 150.06456441 2.44685792 150.09940861 2.46248093 150.09931829204135 2.4626807014358247 150.09943853 2.46273461 150.09943853 2.46273461,mast:HST/product/ienn03010_drz.jpg,mast:HST/product/ienn03010_drz.fits,PUBLIC,False,,71753105,1393.8999999999999,1692.4,0.0,2919926,150.05833943525073,2.4809498925704805,F160W,59653.64881261574
science,HST,CALWF3,WFC3/IR,HST,F160W,INFRARED,WFC3-PEAK1-4,CLUSTER OF GALAXIES;FILAMENT;GROUP;HIGH REDSHIFT CLUSTER;POOR CLUSTER,ienn04010,150.0551579167,2.499358333333,image,"Lemaux, Brian",3,59653.848291898146,59653.94523561343,712.0,INFRARED,1393.8999999999999,1692.4,Peak Efficiency: Mass Assembly in a Forming Supercluster at the Peak of Cosmic Star Formation Activity,59838.12490745,16684,GO,,POLYGON 150.08015904 2.48990406 150.06609409 2.52101246 150.06575036179694 2.5208583522780579 150.06570221 2.52096485 150.03085663 2.50534147 150.030946958136 2.5051417022271973 150.03082672 2.50508779 150.04489234 2.47397976 150.04523605517142 2.47413387377823 150.04528421 2.47402737 150.08012913 2.48965037 150.0800388046606 2.4898501536980828 150.08015904 2.48990406 150.08015904 2.48990406,mast:HST/product/ienn04010_drz.jpg,mast:HST/product/ienn04010_drz.fits,PUBLIC,False,,71774150,1393.8999999999999,1692.4,0.0,2919926,150.05833943525073,2.4809498925704805,F160W,59653.848291898146
science,HST,CALACS,ACS/WFC,HST,F814W,OPTICAL,COSMOS24-23,CLUSTER OF GALAXIES;BLANK SKY,j8pu3g010,150.0613389638,2.486113628598,image,"Scoville, Nicholas Z.",3,53112.659070636575,53112.72929054398,2028.0,OPTICAL,708.0,959.0,The COSMOS 2-Degree ACS Survey,53113.06825225,9822,GO,,POLYGON 150.09582687999989 2.5091595899999444 150.09414021915387 2.5093763830812925 150.09414892999988 2.5094157100000025 150.06725618423488 2.5128720313964412 150.06733188 2.513236840000042 150.06564836959726 2.5134662083772681 150.06565391000007 2.5134929099999654 150.03728034999992 2.5173583000000872 150.03726558368191 2.5172871271758908 150.03642354999988 2.5174018300000638 150.02490412000006 2.461876380000029 150.02658759916761 2.4616470589773951 150.02658204999986 2.4616203100000669 150.05495445000011 2.4577551600000898 150.0549692186259 2.457826342648822 150.05581120000008 2.4577116300001189 150.05586082768579 2.4579508263959413 150.08284997999988 2.4544822200000751 150.08286431108223 2.4545469261359316 150.08370672999988 2.4544386499999451 150.09582687999989 2.5091595899999444 150.09582687999989 2.5091595899999444,mast:HST/product/j8pu3g010_drz.jpg,mast:HST/product/j8pu3g010_drz.fits,PUBLIC,False,,24820561,708.0,959.0,0.0,2919926,150.05833943525073,2.4809498925704805,F814W,53112.659070636575
science,HST,CALACS,ACS/WFC,HST,F814W,OPTICAL,ANY,UNIDENTIFIED;PARALLEL FIELD,jbhm29010,150.0403211944,2.491351777456,image,"van Dokkum, Pieter",3,55667.49966253472,55667.581779085645,480.0,OPTICAL,708.0,959.0,3D-HST: A Spectroscopic Galaxy Evolution Treasury Part 2,55667.84839113,12328,GO,,POLYGON 150.07570457000008 2.5079573399999471 150.04957885999988 2.5171241600000425 150.04950850482197 2.5169696274360787 150.04918628999985 2.5170826799998904 150.02717745449829 2.4687391311307585 150.04864994999997 2.5176110900001212 150.04858314365529 2.5176350919173376 150.04868383999994 2.5178642700000857 150.02172889999989 2.5275481800000419 150.02165964362746 2.5273905495686568 150.02133632999991 2.5275066999999449 149.99850388000007 2.4755368299999807 149.99857069643596 2.4755128265222948 149.99847001000012 2.4752836400000278 150.02542403999988 2.465600199999864 150.02549329652948 2.4657578368468283 150.02581661000002 2.4656416800000835 150.0259780689191 2.4660091813842659 150.0260108234998 2.4659976892743609 150.02590676999992 2.4657691199999126 150.05203163000013 2.456602770000091 150.05210198118053 2.4567572999369087 150.05242420000008 2.4566442400000956 150.07567067999997 2.50770415999994 150.07560050815258 2.5077287822872516 150.07570457000008 2.5079573399999471 150.07570457000008 2.5079573399999471,mast:HST/product/jbhm29010_drz.jpg,mast:HST/product/jbhm29010_drz.fits,PUBLIC,False,,24834344,708.0,959.0,0.0,2919926,150.05833943525073,2.4809498925704805,F814W,55667.49966253472
science,HST,CALACS,ACS/WFC,HST,F606W,OPTICAL,ANY,UNIDENTIFIED;PARALLEL FIELD,jboa44010,150.0504254592,2.488169904439,image,"Faber, Sandra M.",3,55979.6504215625,55979.65956516204,632.0,OPTICAL,470.0,720.0,"Cosmic Assembly Near-IR Deep Extragalactic Legacy Survey -- GOODS-South Field, Non-SNe-Searched Visits",55979.77055546,12440,GO,,POLYGON 150.07226805000002 2.4685877099999325 150.02613194999998 2.5017037999999285 150.01104831999996 2.4773757700000467 150.01117501681952 2.4772848330746493 150.01108067000004 2.47713266000014 150.05721629000013 2.4440170900000626 150.07230037999986 2.4683445899999792 150.07217369053197 2.4684355311294688 150.07226805000002 2.4685877099999325 150.07226805000002 2.4685877099999325 POLYGON 150.08660863000011 2.4927194400001431 150.0414480500001 2.5260498900000683 150.02704294000009 2.5024243999998581 150.0271674635143 2.5023325012196986 150.02707527999993 2.5021813100001244 150.07223541999997 2.4688513099998697 150.08664097000008 2.4924763000000256 150.08651642350299 2.4925682252487382 150.08660863000011 2.4927194400001431 150.08660863000011 2.4927194400001431,mast:HST/product/jboa44010_drz.jpg,mast:HST/product/jboa44010_drz.fits,PUBLIC,False,,24835052,470.0,720.0,0.0,2919926,150.05833943525073,2.4809498925704805,F606W,55979.6504215625
science,HST,CALACS,ACS/WFC,HST,F814W,OPTICAL,ANY,UNIDENTIFIED;PARALLEL FIELD,jboa44020,150.050229952,2.488455979431,image,"Faber, Sandra M.",3,55979.66203043982,55979.67996998843,1198.0,OPTICAL,708.0,959.0,"Cosmic Assembly Near-IR Deep Extragalactic Legacy Survey -- GOODS-South Field, Non-SNe-Searched Visits",55980.09246526,12440,GO,,POLYGON 150.07219305000015 2.4685137699998974 150.0720818775103 2.4685935725826953 150.07210487999998 2.4686306700000111 150.02596877999989 2.5017467600000263 150.01088515000009 2.477418730000065 150.01099632714846 2.4773389323548658 150.01097332999998 2.4773018400000426 150.01098869230518 2.477290813669967 150.01091744000004 2.477175890000042 150.05705306000007 2.4440603199999238 150.07213716 2.4683878299999664 150.07212179772085 2.4683988574553091 150.07219305000015 2.4685137699998974 150.07219305000015 2.4685137699998974 POLYGON 150.08653362999996 2.4926454999999734 150.08642367429044 2.4927266559877972 150.08644546999989 2.4927623999998954 150.04128488000006 2.5260928500000519 150.02687976999988 2.5024673599999936 150.0269897304695 2.5023862087978839 150.02696794000008 2.5023504700001324 150.02698236341237 2.5023398254704192 150.02691205999989 2.50222451999989 150.07207218999997 2.4688945699999221 150.08647774 2.4925195499999235 150.08646331937894 2.4925301935624868 150.08653362999996 2.4926454999999734 150.08653362999996 2.4926454999999734,mast:HST/product/jboa44020_drz.jpg,mast:HST/product/jboa44020_drz.fits,PUBLIC,False,,24835053,708.0,959.0,0.0,2919926,150.05833943525073,2.4809498925704805,F814W,55979.66203043982
science,HST,CALACS,ACS/WFC,HST,F814W,OPTICAL,ANY,UNIDENTIFIED;PARALLEL FIELD,jcnq04010,150.0724765152,2.472481878205,image,"Bouwens, Rychard",3,57093.751850266206,57093.78256813657,2003.0,OPTICAL,708.0,959.0,A Complete Census of the Bright z~9-10 Galaxies in the CANDELS Data Set,57093.89491893,13792,GO,,POLYGON 150.10755455999995 2.4904275199998818 150.10642549751969 2.4907799782559721 150.10644377000011 2.4908241400000923 150.08007301361164 2.4990559666299625 150.08020468000007 2.4993865300000069 150.07907948585145 2.4997470018937635 150.07909387999993 2.4997831399998995 150.05181742999994 2.5085212199998868 150.03081484000012 2.4557868200000978 150.03084145840097 2.455778293189685 150.03055021 2.4550469799999273 150.03167542584481 2.4546865325320257 150.03166102 2.4546503599998966 150.05893650999991 2.4459127199999831 150.05907258780078 2.4462543879397689 150.05943124066204 2.4461424375173455 150.05941295999995 2.4460982499998916 150.08584169 2.4378484699999525 150.10728988 2.4896876799998711 150.1072531821915 2.4896991359430727 150.10755455999995 2.4904275199998818 150.10755455999995 2.4904275199998818,mast:HST/product/jcnq04010_drz.jpg,mast:HST/product/jcnq04010_drz.fits,PUBLIC,False,,24975153,708.0,959.0,0.0,2919926,150.05833943525073,2.4809498925704805,F814W,57093.751850266206
science,HST,CALACS,ACS/WFC,HST,F606W,OPTICAL,ANY,UNIDENTIFIED;PARALLEL FIELD,jcor16010,150.0541146022,2.49832341671,image,"Kartaltepe, Jeyhan",3,57312.8258028125,57312.85612700231,2146.0,OPTICAL,470.0,720.0,Probing the Most Luminous Galaxies in the Universe at the Peak of Galaxy Assembly,57679.04973374,13657,GO,,POLYGON 150.06646382000002 2.5248069499999692 150.03969581999996 2.5318880699999227 150.039673540679 2.531826708886856 150.03953888000012 2.5318623299999503 150.02039352000008 2.47913042 150.02041721152023 2.4791241531147041 150.02038288000008 2.479029589999961 150.04714991999998 2.471948860000071 150.04717219868681 2.4720102210900627 150.04730685000004 2.4719745999999514 150.06645317999997 2.5247061200000713 150.06642948420202 2.524712388685201 150.06646382000002 2.5248069499999692 150.06646382000002 2.5248069499999692 POLYGON 150.09456630000008 2.5174806899999309 150.06693171999987 2.5250131700000242 150.06690993164227 2.524950592755923 150.06677478 2.5249874299999293 150.04811109000008 2.4713820600000873 150.04813343400704 2.4713759699458167 150.04810044999988 2.4712812300000451 150.07573400999996 2.4637491300000409 150.07575580189703 2.4638117189718831 150.07589095000003 2.4637748799998938 150.0945556500001 2.5173798599998571 150.09453331084526 2.5173859493619983 150.09456630000008 2.5174806899999309 150.09456630000008 2.5174806899999309,mast:HST/product/jcor16010_drz.jpg,mast:HST/product/jcor16010_drz.fits,PUBLIC,False,,25002956,470.0,720.0,0.0,2919926,150.05833943525073,2.4809498925704805,F606W,57312.8258028125
science,HST,CALACS,ACS/WFC,HST,F435W,OPTICAL,ANY,UNIDENTIFIED;PARALLEL FIELD,jfge10010,150.0524397161,2.492782664659,image,"Franco, Maximilien",3,61059.74310393519,61059.835453472224,4610.0,OPTICAL,370.0,479.99999999999994,Brighter than GN-z11? Grism Observations of the brightest z~11 Candidates found in COSMOS-Web,61241.39582167,17719,GO,,POLYGON 150.09663509014828 2.499562682517311 150.0634831260159 2.453473778081213 150.03913434980763 2.468545807152979 150.07228584287986 2.514635321461016 150.09663509014828 2.499562682517311,mast:HST/product/jfge10010_drz.jpg,mast:HST/product/jfge10010_drz.fits,PUBLIC,False,,377024279,370.0,479.99999999999994,0.0,2919926,150.05833943525073,2.4809498925704805,F435W,61059.74310393519
science,HST,CALACS,ACS/WFC,HST,F606W,OPTICAL,ANY,UNIDENTIFIED;PARALLEL FIELD,jfge11010,150.0524397161,2.492782664659,image,"Franco, Maximilien",3,61058.6311709838,61058.72411087963,4660.0,OPTICAL,470.0,720.0,Brighter than GN-z11? Grism Observations of the brightest z~11 Candidates found in COSMOS-Web,61240.14701381,17719,GO,,POLYGON 150.09663509014828 2.499562682517311 150.0634831260159 2.453473778081213 150.03913434980763 2.468545807152979 150.07228584287986 2.514635321461016 150.09663509014828 2.499562682517311,mast:HST/product/jfge11010_drz.jpg,mast:HST/product/jfge11010_drz.fits,PUBLIC,False,,377015601,470.0,720.0,0.0,2919926,150.05833943525073,2.4809498925704805,F606W,61058.6311709838
science,HST,CALACS,ACS/WFC,HST,F814W,OPTICAL,ANY,UNIDENTIFIED;PARALLEL FIELD,jfge12010,150.0524397161,2.492782664659,image,"Franco, Maximilien",3,61053.662477777776,61053.75542920139,4660.0,OPTICAL,708.0,959.0,Brighter than GN-z11? Grism Observations of the brightest z~11 Candidates found in COSMOS-Web,61235.45815973,17719,GO,,POLYGON 150.09672137000013 2.4998031400000591 150.07237211999995 2.5148757799998891 150.07227192671047 2.514736490488926 150.07197956999985 2.5149174599999724 150.07174483676943 2.5145911319305005 150.07171546065393 2.51460901339012 150.07186488000008 2.5148110399999375 150.04821793999989 2.5292047299998783 150.04811733988961 2.5290687071630673 150.0478253900001 2.5292464100000531 150.0144603599999 2.4841310999999537 150.01452350284396 2.4840926673672503 150.01437409999988 2.4838906400000145 150.03802057999994 2.4694975600001268 150.03812117337088 2.469633581946896 150.03841313000007 2.4694558699999907 150.07000861283905 2.5121774127515675 150.03882806999997 2.4688279499999211 150.03888804863166 2.4687908238591096 150.03874180000008 2.4685874900001026 150.06309057999997 2.4535154599999287 150.06319077185435 2.4536547559651232 150.06348312999995 2.45347377999992 150.09663508999998 2.499562680000067 150.09657510802555 2.4995998109425832 150.09672137000013 2.4998031400000591 150.09672137000013 2.4998031400000591,mast:HST/product/jfge12010_drz.jpg,mast:HST/product/jfge12010_drz.fits,PUBLIC,False,,377011813,708.0,959.0,0.0,2919926,150.05833943525073,2.4809498925704805,F814W,61053.662477777776
calibration,HST,CALNIC,NICMOS/NIC3,HST,BLANK,,POST-SAA-DARK,,n6289r030,150.0611189713,2.475064358508,image,"Calzetti, Daniela",3,52935.54582176,52935.55209491,486.71817,,,,NICMOS Post-SAA calibration - CR Persistence Part 3,52935.64302082,8792,CAL/NIC,,POLYGON 150.071135 2.473302 150.062857 2.485076 150.051103 2.476826 150.059381 2.465053 150.071135 2.473302 150.071135 2.473302,,,PUBLIC,False,,24875385,,,0.0,2919926,150.05833943525073,2.4809498925704805,,52935.54582176
science,HST,HAP-SVM,ACS/WFC,HAP,F435W,OPTICAL,CLUTCH-TARGET-CK,GALAXY;HIGH REDSHIFT GALAXY,hst_17802_ck_acs_wfc_f435w_jffuck,150.0185679167,2.543205555556,image,"Kartaltepe, Jeyhan",3,60974.15186238,60974.16388821,800.0,OPTICAL,370.0,479.99999999999994,,60974.90696754,17802,HAP,,POLYGON 150.09750643246554 2.46886573189687 150.07679205360904 2.4160467376465813 150.07506830584347 2.41656064814659 150.0744983440306 2.415657877482614 150.04725183770125 2.424699584697772 150.04748815256082 2.425630142016933 150.0469877016748 2.4259218043835182 150.04638995212457 2.4250190215092013 150.0199493631286 2.4337268533739778 150.03100043968254 2.460504899326718 150.04156542228222 2.4848522940792597 150.04324756439124 2.484393981644748 150.0438036333678 2.4852134321633352 150.04545797142345 2.484741227722104 150.06982804197472 2.4775329160662642 150.06956389889777 2.476630140674231 150.06991144384594 2.4764079156102166 150.07024508980385 2.476532912725127 150.0706343483888 2.4772273535758393 150.09750643246554 2.46886573189687,mast:HST/product/hst_17802_ck_acs_wfc_f435w_jffuck_drc.jpg,mast:HST/product/hst_17802_ck_acs_wfc_f435w_jffuck_drc.fits,PUBLIC,False,,355586270,370.0,479.99999999999994,0.06470445205227357,2919926,150.05833943525073,2.4809498925704805,F435W,60974.15186238
science,HST,CALACS,ACS/WFC,HST,F606W,OPTICAL,CLUTCH-TARGET-CK,GALAXY;HIGH REDSHIFT GALAXY,jffuck010,150.0565237083,2.452941022138,image,"Kartaltepe, Jeyhan",3,60974.144246840275,60974.14887646991,800.0,OPTICAL,470.0,720.0,CLUTCH: The COSMOS Legacy UV-Optical Treasury Campaign with Hubble,60974.87464114,17802,GO,,POLYGON 150.04611509000003 2.425878869999945 150.06756512000007 2.4777172599998591 150.04113615000009 2.4859685000000278 150.01968700999987 2.4341296899999834 150.04611509000003 2.425878869999945 150.04611509000003 2.425878869999945 POLYGON 150.07430941 2.4164301800000811 150.09531670000013 2.4691625000001411 150.06804169 2.477902779999984 150.04703534000006 2.4251700299998746 150.07430941 2.4164301800000811 150.07430941 2.4164301800000811,mast:HST/product/jffuck010_drz.jpg,mast:HST/product/jffuck010_drz.fits,PUBLIC,False,,355585439,470.0,720.0,1.2104127297370662,2919926,150.05833943525073,2.4809498925704805,F606W,60974.144246840275
calibration,HST,CALNIC,NICMOS/NIC3,HST,BLANK,,POST-SAA-DARK,,n6289s030,150.0627968735,2.474808246265,image,"Calzetti, Daniela",3,52935.61454861,52935.62082176,486.71817,,,,NICMOS Post-SAA calibration - CR Persistence Part 3,52935.69230317,8792,CAL/NIC,,POLYGON 150.072813 2.473046 150.064534 2.48482 150.052781 2.47657 150.061059 2.464797 150.072813 2.473046 150.072813 2.473046,,,PUBLIC,False,,24875388,,,1.408378351205104,2919926,150.05833943525073,2.4809498925704805,,52935.61454861
science,HST,CALACS,ACS/WFC,HST,F435W,OPTICAL,CLUTCH-TARGET-CK,GALAXY;HIGH REDSHIFT GALAXY,jffuck020,150.056582798,2.452815305247,image,"Kartaltepe, Jeyhan",3,60974.15924684028,60974.16387646991,800.0,OPTICAL,370.0,479.99999999999994,CLUTCH: The COSMOS Legacy UV-Optical Treasury Campaign with Hubble,60974.90696754,17802,GO,,POLYGON 150.04617306000009 2.4257598400000369 150.06762309 2.4775982199999875 150.04119412000009 2.4858494700000051 150.01974499 2.4340106599999958 150.04617306000009 2.4257598400000369 150.04617306000009 2.4257598400000369 POLYGON 150.07436737999998 2.4163111499999177 150.09537466000012 2.4690434699998702 150.06809965999997 2.4777837500000963 150.04709331000004 2.4250510000000927 150.07436737999998 2.4163111499999177 150.07436737999998 2.4163111499999177,mast:HST/product/jffuck020_drz.jpg,mast:HST/product/jffuck020_drz.fits,PUBLIC,False,,355585475,370.0,479.99999999999994,1.5572476944954703,2919926,150.05833943525073,2.4809498925704805,F435W,60974.15924684028
