intentType,obs_collection,provenance_name,instrument_name,project,filters,wave_region,target_name,target_classification,obs_id,s_ra,s_dec,dataproduct_type,proposal_pi,calib_level,t_min,t_max,t_exptime,wavelength_region,em_min,em_max,obs_title,t_obs_release,proposal_id,proposal_type,sequence_number,s_region,jpegURL,dataURL,dataRights,mtFlag,srcDen,obsid,wave_min,wave_max,distance,candidate_id,candidate_ra_deg,candidate_dec_deg,filter_norm,t_min_numeric
science,JWST,CALJWST,NIRCAM/IMAGE,JWST,F115W,INFRARED,CWEBTILE-3-5,,jw01727-o050_t044_nircam_clear-f115w,149.99909958333333,2.303872222222222,image,"Kartaltepe, Jeyhan",3,60313.69701822917,60313.71466509259,1030.728,INFRARED,1013.0000000000001,1282.0,COSMOS-Web: The JWST Cosmic Origins Survey,60313.99797447,1727,GO,,POLYGON 150.022059467 2.307975018 150.016704912 2.295333412 150.016138439 2.295582546 150.009975056 2.281167721 150.009947419 2.281179517 150.009431562 2.279973024 150.009503077 2.279941922 150.007201709 2.274757788 150.004550473 2.268556959 150.004465187 2.26859336 150.003932968 2.267394451 150.004078503 2.267331158 149.996844978 2.251036241 149.996637861 2.25112205 149.980614187 2.258355202 149.980622354 2.258373716 149.979592176 2.258838737 149.979531791 2.258700348 149.963489144 2.265746093 149.963503942 2.265780221 149.961984901 2.266447358 149.962031067 2.266558624 149.967441931 2.279037386 149.967391001 2.279059754 149.970446267 2.286105843 149.976100683 2.299743824 149.976253778 2.299681068 149.981508759 2.312355408 149.9820901 2.312117107 149.98695332 2.323406898 149.98693274 2.323415828 149.990061616 2.33067931 149.995700677 2.344048003 149.995776091 2.344016706 150.00110907 2.356659525 150.017312964 2.349934683 150.017287643 2.349874268 150.018335717 2.349439297 150.018403903 2.349602632 150.034918783 2.342895864 150.034888802 2.34282357 150.036441041 2.342193189 150.029602643 2.325703203 150.029436363 2.32577342 150.028926255 2.324543339 150.029125077 2.324459174 150.022129706 2.307944127,mast:JWST/product/jw01727-o050_t044_nircam_clear-f115w_i2d.jpg,mast:JWST/product/jw01727-o050_t044_nircam_clear-f115w_i2d.fits,PUBLIC,False,,200460196,1013.0000000000001,1282.0,0.0,2117792,150.02152564060543,2.3448552753162994,F115W,60313.69701822917
science,JWST,CALJWST,NIRCAM/IMAGE,JWST,F150W,INFRARED,CWEBTILE-3-5,,jw01727-o050_t044_nircam_clear-f150w,149.99909958333333,2.303872222222222,image,"Kartaltepe, Jeyhan",3,60313.721001909726,60313.73864877315,1030.728,INFRARED,1331.0,1668.0,COSMOS-Web: The JWST Cosmic Origins Survey,60313.99797447,1727,GO,,POLYGON 150.0220653 2.30797216 150.016714305 2.295338667 150.01614477 2.295589125 150.00997795 2.281165407 150.009953744 2.281175738 150.00943802 2.279969479 150.009505528 2.279940116 150.007330955 2.275041108 150.004560556 2.268561161 150.004471525 2.26859916 150.003939483 2.267400527 150.004088145 2.267335867 149.996854551 2.251039066 149.996677908 2.251112249 149.980624022 2.258359486 149.980628935 2.258370623 149.979599318 2.258835418 149.979542178 2.258704455 149.963498731 2.265750435 149.963510355 2.265777244 149.961987302 2.266446129 149.962108476 2.266738177 149.967443763 2.279043259 149.967401897 2.279061646 149.970224298 2.285570994 149.976100223 2.299744417 149.976262752 2.299677788 149.981519699 2.312357848 149.982092283 2.312123117 149.98695533 2.323413137 149.986943964 2.323418069 149.989526595 2.329413784 149.995700165 2.344048493 149.995784323 2.344013568 150.001120054 2.35666182 150.017323818 2.349937232 150.017295791 2.349870367 150.018343911 2.349435387 150.018414688 2.349604918 150.034929323 2.34289821 150.034896677 2.342819488 150.036443188 2.342191426 150.029604949 2.325701739 150.029442353 2.325770399 150.028932236 2.324540284 150.029127164 2.324457772 150.02213197 2.307942841,mast:JWST/product/jw01727-o050_t044_nircam_clear-f150w_i2d.jpg,mast:JWST/product/jw01727-o050_t044_nircam_clear-f150w_i2d.fits,PUBLIC,False,,200460181,1331.0,1668.0,0.0,2117792,150.02152564060543,2.3448552753162994,F150W,60313.721001909726
science,JWST,CALJWST,NIRCAM/IMAGE,JWST,F277W,INFRARED,CWEBTILE-3-5,Galaxy; Field galaxies,jw01727-o050_t044_nircam_clear-f277w,149.99909958333333,2.303872222222222,image,"Kartaltepe, Jeyhan",3,60313.69701822917,60313.71466509259,1030.728,INFRARED,2416.0,3127.0,COSMOS-Web: The JWST Cosmic Origins Survey,60313.99797447,1727,GO,,POLYGON 149.963727541 2.265762615 149.963739179 2.265790076 149.962215615 2.266460918 149.973076539 2.292086895 149.976060562 2.299108802 149.976117733 2.299085255 149.981473182 2.311720772 149.98202917 2.311491773 149.995753881 2.343598699 149.995778948 2.343588412 150.001173539 2.356207839 150.03438751 2.342577016 150.034358554 2.34250788 150.035898209 2.341875993 150.021888785 2.308426173 150.021771337 2.30847766 150.016470221 2.295819914 150.01596667 2.296040659 150.011028543 2.284630224 150.011060106 2.284617223 149.996633236 2.251280199 149.996211241 2.251459255,mast:JWST/product/jw01727-o050_t044_nircam_clear-f277w_i2d.jpg,mast:JWST/product/jw01727-o050_t044_nircam_clear-f277w_i2d.fits,PUBLIC,False,,200460188,2416.0,3127.0,0.0,2117792,150.02152564060543,2.3448552753162994,F277W,60313.69701822917
science,JWST,CALJWST,NIRCAM/IMAGE,JWST,F444W,INFRARED,CWEBTILE-3-5,Galaxy; Field galaxies,jw01727-o050_t044_nircam_clear-f444w,149.99909958333333,2.303872222222222,image,"Kartaltepe, Jeyhan",3,60313.721001909726,60313.73864877315,1030.728,INFRARED,3880.0,4986.0,COSMOS-Web: The JWST Cosmic Origins Survey,60313.99797447,1727,GO,,POLYGON 149.963732921 2.265755708 149.963746657 2.265788116 149.962221389 2.266459729 149.975122542 2.296897963 149.97606255 2.299109966 149.976124015 2.299084649 149.981481393 2.311724024 149.982033164 2.311496754 149.995755848 2.343600665 149.995781118 2.343590295 150.001177178 2.356213764 150.034391541 2.342582787 150.034362736 2.34251401 150.035904317 2.34188133 150.021895053 2.308430642 150.021777397 2.308482222 150.016472557 2.29581505 150.01597334 2.296033903 150.011034799 2.284623302 150.011066805 2.284610118 149.996640687 2.251276972 149.995900001 2.251591248,mast:JWST/product/jw01727-o050_t044_nircam_clear-f444w_i2d.jpg,mast:JWST/product/jw01727-o050_t044_nircam_clear-f444w_i2d.fits,PUBLIC,False,,200458921,3880.0,4986.0,0.0,2117792,150.02152564060543,2.3448552753162994,F444W,60313.721001909726
science,JWST,CALJWST,NIRSPEC/IMAGE,JWST,F140X;MIRROR,INFRARED,DC-683613,Galaxy; High-redshift galaxies,jw03045005001_05101_00001_nrs1,150.03926083333332,2.3371833333333334,image,"Faisst, Andreas L",2,60451.55899063657,60451.56169228009,218.833,INFRARED,800.0,2000.0,Witnessing the Maturing of Teenage Galaxies at z = 4  6 with a Comprehensive UV - Optical - Sub-mm Benchmark Sample for the Community,60451.76989578,3045,GO,,POLYGON 150.076896454 2.322972485 150.020928798 2.301438859 149.999271103 2.356886772 150.055767073 2.37732245,mast:JWST/product/jw03045005001_05101_00001_nrs1_cal.jpg,mast:JWST/product/jw03045005001_05101_00001_nrs1_cal.fits,PUBLIC,False,,214972496,800.0,2000.0,0.0,2117792,150.02152564060543,2.3448552753162994,,60451.55899063657
calibration,JWST,CALJWST,NIRSPEC,JWST,OPAQUE,INFRARED,UNKNOWN,,jw04455019001_04301_00001_nrs2,150.03057287252452,2.368096870362578,image,"Birkmann, Stephan",2,60268.03867625,60268.07261568287,2917.778,INFRARED,,,NIRSpec Dark Monitor Full Frame (CAL-NRS-201),60268.21120369,4455,CAL,,POLYGON 150.013842463 2.329844526 149.992547996 2.384081099 150.047855305 2.407632898 150.069515448 2.352142588,mast:JWST/product/jw04455019001_04301_00001_nrs2_dark.jpg,,PUBLIC,False,,192782598,,,0.0,2117792,150.02152564060543,2.3448552753162994,,60268.03867625
science,JWST,CALJWST,MIRI/IMAGE,JWST,F2100W,INFRARED,C3D-10_CWEBTILE-4-7,,jw05893-o010_t010_miri_f2100w,150.03442375,2.1884416666666664,image,"Kakiichi, Koki",3,60783.85679627315,60784.94236231482,14785.392000000014,INFRARED,18500.0,23500.0,COSMOS-3D: A Legacy Spectroscopic/Imaging Survey of the Early Universe,60785.67297447,5893,GO,,POLYGON 150.046257619 2.31731363 150.017802401 2.330347975 150.018426063 2.331708257 150.016825319 2.332441478 150.017448969 2.333801735 150.015848371 2.334534887 150.028287923 2.361666509 150.028088154 2.361758013 150.028711849 2.363118315 150.027111085 2.363851539 150.040326405 2.392674064 150.040729802 2.39248476 150.040877129 2.392806068 150.069259022 2.379486602 150.068640031 2.378142459 150.07023553 2.377393682 150.069616418 2.376049263 150.070743183 2.375520464 150.072882863 2.380186766 150.07328492 2.379998078 150.073432466 2.380319855 150.101813928 2.367000013 150.101194628 2.365655233 150.102791252 2.36490588 150.10217211 2.363561459 150.103297622 2.363033215 150.105437484 2.367699774 150.105840645 2.367510559 150.105988082 2.367832083 150.134369 2.354511623 150.133749854 2.353167241 150.135345447 2.352418335 150.134726283 2.351073908 150.135854254 2.350544483 150.137993894 2.355210251 150.138396222 2.355021412 150.138534225 2.355322348 150.142230705 2.353612534 150.166924079 2.342021932 150.166304813 2.340677364 150.167901003 2.339928119 150.167281824 2.338583744 150.168877842 2.337834577 150.156392648 2.310725916 150.156636144 2.310611617 150.156016981 2.309267246 150.157612915 2.308518105 150.146263505 2.283874991 150.144461376 2.279985342 150.144066624 2.280166208 150.143920309 2.279848506 150.115466749 2.292884903 150.116090493 2.294245142 150.114489879 2.294978462 150.115113619 2.296338694 150.113944334 2.296874399 150.111916399 2.292470753 150.111512485 2.292655802 150.111366285 2.292338327 150.082912099 2.305373895 150.083535819 2.306734175 150.081935155 2.307467454 150.08255887 2.308827725 150.081390733 2.309362858 150.079362586 2.30495856 150.07895878 2.305143549 150.078812531 2.304825956 150.050357874 2.317860977 150.050981553 2.319221224 150.049380925 2.319954445 150.050004628 2.321314743 150.0488357 2.321850207 150.046807745 2.3174461 150.046403818 2.317631131,mast:JWST/product/jw05893-o010_t010_miri_f2100w_i2d.jpg,mast:JWST/product/jw05893-o010_t010_miri_f2100w_i2d.fits,PUBLIC,False,,262051262,18500.0,23500.0,0.0,2117792,150.02152564060543,2.3448552753162994,,60783.85679627315
science,JWST,CALJWST,NIRCAM/IMAGE,JWST,F115W,INFRARED,C3D-14_CWEBTILE-2-7,,jw05893-o014_t014_nircam_clear-f115w,150.1004179166667,2.3696166666666665,image,"Kakiichi, Koki",3,60780.92693630787,60783.84420811343,7472.784,INFRARED,1013.0000000000001,1282.0,COSMOS-3D: A Legacy Spectroscopic/Imaging Survey of the Early Universe,60784.14899304,5893,GO,,POLYGON 149.997962825 2.320519574 149.997435717 2.32071006 149.996993601 2.319467066 149.997551417 2.31926604 149.991652665 2.302681657 149.991044662 2.302891335 149.990309475 2.300824325 149.973461179 2.306634592 149.979402538 2.323465038 149.979464545 2.323442693 149.979908776 2.324701077 149.979813507 2.324735504 149.985910571 2.341599336 149.985925082 2.341593863 149.988192132 2.347864172 149.988840887 2.347619493 149.990663408 2.352781939 149.990684777 2.352774238 149.991142796 2.354027683 149.991074398 2.3540524 149.997171763 2.370916171 149.997186247 2.370910708 149.999453409 2.377180998 149.999542483 2.377147403 150.005648176 2.393168953 150.005944664 2.393053837 150.008316195 2.399543453 150.008278028 2.399557669 150.009332812 2.402325371 150.010153289 2.404570554 150.010184172 2.40455929 150.010652429 2.405787966 150.010559766 2.40582248 150.016908548 2.422481046 150.017055817 2.422429098 150.033507371 2.416041368 150.031932657 2.411880972 150.032568684 2.411634015 150.026343409 2.395186491 150.025817497 2.395382383 150.025412386 2.394255516 150.025983363 2.394047265 150.020761948 2.37952303 150.023347024 2.386437267 150.023745563 2.386287172 150.025700499 2.391733574 150.025729804 2.391723002 150.026195859 2.393021414 150.026173554 2.39302954 150.026804615 2.394717382 150.027982305 2.39799836 150.028025507 2.397982775 150.028508627 2.399274922 150.028455364 2.399294325 150.034609444 2.415753734 150.051006182 2.409578333 150.050949293 2.409425116 150.066065834 2.403555063 150.064490856 2.399394373 150.065127286 2.399147229 150.058901432 2.382699922 150.058375166 2.38289597 150.057970025 2.381769136 150.058541354 2.38156073 150.053306818 2.367001611 150.055905145 2.373950585 150.056302912 2.373800763 150.058258186 2.379247543 150.058287461 2.37923698 150.058753551 2.380535356 150.058731276 2.380543472 150.059361512 2.382228936 150.060540162 2.385512257 150.060583396 2.385496658 150.061066551 2.386788767 150.061013255 2.386808185 150.067167866 2.403267399 150.083564257 2.397091415 150.083507617 2.396938883 150.098622856 2.391068936 150.097047812 2.386908284 150.097684225 2.38666113 150.091458101 2.370213922 150.090931844 2.370409981 150.090526692 2.369283177 150.091098013 2.369074759 150.085861278 2.354510276 150.088461684 2.361464239 150.088859252 2.361314477 150.090814744 2.366761569 150.090844042 2.366750997 150.091310145 2.36804934 150.091287847 2.368057465 150.091918765 2.369744665 150.093096854 2.373026248 150.093140066 2.373010656 150.093623234 2.374302733 150.093569961 2.374322144 150.09972485 2.390781258 150.116120992 2.384604942 150.116063054 2.384448921 150.131180135 2.378577784 150.129606236 2.374420422 150.130240686 2.374174011 150.12401423 2.357726947 150.123489876 2.357922312 150.123084706 2.356795534 150.123654118 2.356587795 150.118201196 2.341423029 150.121022257 2.348966663 150.121412128 2.34881979 150.123371101 2.354276239 150.123402544 2.354264892 150.123868672 2.355563217 150.123844229 2.355572124 150.124535966 2.357421856 150.125653744 2.36053523 150.125694736 2.360520438 150.12617793 2.36181251 150.126126877 2.361831114 150.132282111 2.37829008 150.148677955 2.372113366 150.147127931 2.367939611 150.147732571 2.367711824 150.147600145 2.367337176 150.141687078 2.351414801 150.14113304 2.351616699 150.14069134 2.350365901 150.14123741 2.350168839 150.13542499 2.333709122 150.134826181 2.33391791 150.134509378 2.333064817 150.134081782 2.331853923 150.134062234 2.331860739 150.130546022 2.322392138 150.130600497 2.322371889 150.128770635 2.317407439 150.124172037 2.304384595 150.123996617 2.30444576 150.118227502 2.288419865 150.117709573 2.288602981 150.113303163 2.276647796 150.11271629 2.276858787 150.112290885 2.275677044 150.11286811 2.275465959 150.106975058 2.25909528 150.106370666 2.259308967 150.10562316 2.257232399 150.089085588 2.263079259 150.095004158 2.279641257 150.095043448 2.27962689 150.095435043 2.28072268 150.095401457 2.280734754 150.100424765 2.294594371 150.099971482 2.294750739 150.099236763 2.292685617 150.099187991 2.292702442 150.095639318 2.283053588 150.09510744 2.283245855 150.094665234 2.282002919 150.095227821 2.281800113 150.089327766 2.265216221 150.088713972 2.265427962 150.087975892 2.263353341 150.071128519 2.26916509 150.071521881 2.270279123 150.056528876 2.275579471 150.06244713 2.292141599 150.062485389 2.29212761 150.062876963 2.293223404 150.062844408 2.293235107 150.067863201 2.307083105 150.067416816 2.307237081 150.066681589 2.305170402 150.066620322 2.305191535 150.063073766 2.29554789 150.062546427 2.295738502 150.062104244 2.294495559 150.06266229 2.294294405 150.056762536 2.277710389 150.05615436 2.277920176 150.055419163 2.275853529 150.038571517 2.281664903 150.038960773 2.282767376 150.023974504 2.288064809 150.02989232 2.304627086 150.029930653 2.304613071 150.030322206 2.305708899 150.030289578 2.305720627 150.035307923 2.31956852 150.034861224 2.319722592 150.034126041 2.317655922 150.03406489 2.317677014 150.030518782 2.308033792 150.029991677 2.3082243 150.029549519 2.306981322 150.030107332 2.306780272 150.024208026 2.290196105 150.023600003 2.290405817 150.02286475 2.288338843 150.006016812 2.29414972 150.006406406 2.29525324 149.991419248 2.300550332 149.997336516 2.317112822 149.997374821 2.317098819 149.997766337 2.318194662 149.997733738 2.318206378 150.002751593 2.332054363 150.002305585 2.332208177 150.00157034 2.330141114 150.001508442 2.330162461,mast:JWST/product/jw05893-o014_t014_nircam_clear-f115w_i2d.jpg,mast:JWST/product/jw05893-o014_t014_nircam_clear-f115w_i2d.fits,PUBLIC,False,,258844053,1013.0000000000001,1282.0,0.0,2117792,150.02152564060543,2.3448552753162994,F115W,60780.92693630787
science,JWST,CALJWST,NIRCAM/IMAGE,JWST,F200W,INFRARED,C3D-14_CWEBTILE-2-7,,jw05893-o014_t014_nircam_clear-f200w,150.1004179166667,2.3696166666666665,image,"Kakiichi, Koki",3,60780.8962415162,60783.82544369213,14945.568,INFRARED,1755.0,2226.0,COSMOS-3D: A Legacy Spectroscopic/Imaging Survey of the Early Universe,60784.14899304,5893,GO,,POLYGON 149.992646652 2.304170763 149.992160204 2.302803117 149.991712253 2.302957585 149.991610143 2.302670502 149.974760084 2.308480818 149.975312825 2.31004666 149.973782907 2.310574201 149.974335627 2.312139986 149.972805707 2.312667527 149.978747217 2.329498838 149.979193842 2.329337902 149.979297454 2.329631413 149.980344994 2.329253941 149.980692192 2.330214468 149.97915861 2.330768524 149.98525463 2.347632984 149.985696725 2.347466284 149.985804902 2.347765546 149.986071618 2.347664975 149.990008108 2.358815774 149.990079243 2.358790141 149.990537045 2.360042996 149.990419522 2.360085455 149.996515834 2.376949856 149.996654702 2.376897493 150.002772742 2.392952376 150.003069232 2.392837252 150.007277827 2.40435403 150.007720465 2.404192587 150.00782796 2.404486744 150.00888595 2.404100864 150.009238618 2.405026296 150.007684361 2.405605273 150.014034764 2.422269077 150.01446992 2.422100109 150.014582987 2.422396798 150.014744307 2.422339894 150.03118183 2.415957192 150.03061619 2.414462824 150.031240738 2.414220307 150.031733053 2.415537049 150.032171784 2.415371822 150.032283184 2.415669773 150.048680845 2.409494253 150.048623988 2.409341122 150.063740447 2.403470741 150.063174729 2.401976308 150.063799268 2.401733766 150.064291657 2.403050577 150.064730351 2.402885344 150.064841761 2.403183292 150.081239083 2.397007212 150.081182487 2.3968548 150.096297525 2.390984529 150.095733731 2.389495264 150.096358164 2.389252747 150.096848664 2.390564438 150.097287406 2.390399176 150.0973988 2.390697063 150.113795858 2.38452061 150.113739218 2.384368088 150.128854133 2.37849739 150.128287695 2.377001237 150.128916357 2.376757058 150.129410458 2.378078296 150.129844964 2.377914616 150.12995539 2.378209898 150.146352151 2.372033049 150.145789295 2.370517466 150.14733252 2.369936105 150.146771405 2.368425205 150.148305803 2.367847167 150.14818351 2.367501188 150.142259815 2.35155043 150.141813508 2.351713057 150.141705313 2.351421716 150.140626105 2.351814961 150.140286778 2.350854042 150.141809776 2.350304393 150.135997385 2.333844505 150.135544144 2.33400256 150.13544288 2.333715791 150.135289299 2.333769348 150.131103171 2.32249698 150.131111542 2.322493869 150.13052469 2.320901116 150.124740645 2.304521024 150.124520725 2.304597716 150.118740011 2.288541204 150.118289214 2.288700574 150.1181855 2.288412494 150.118111568 2.288438631 150.113812597 2.276770444 150.113369942 2.27692956 150.113263873 2.276641668 150.112162381 2.277037607 150.111842685 2.276149603 150.113377377 2.27558831 150.107483738 2.259217681 150.107038104 2.259375228 150.106935024 2.259088902 150.090397091 2.264935508 150.090950075 2.266482798 150.090323054 2.266704462 150.089836843 2.26533782 150.089388916 2.265492327 150.089288128 2.265209032 150.072438989 2.271020817 150.072828353 2.272123557 150.057829015 2.277425822 150.058383657 2.278977841 150.057756542 2.279199521 150.057270013 2.277831909 150.056822156 2.277986381 150.056720036 2.277699323 150.039870631 2.283510756 150.040260365 2.284614608 150.025274531 2.289911546 150.025829137 2.291463599 150.025202007 2.291685262 150.024715531 2.290317673 150.024267642 2.290472138 150.02416551 2.290185022 150.007315806 2.295995939 150.00770576 2.297100512 149.992719183 2.302397066 149.99327374 2.303949142,mast:JWST/product/jw05893-o014_t014_nircam_clear-f200w_i2d.jpg,mast:JWST/product/jw05893-o014_t014_nircam_clear-f200w_i2d.fits,PUBLIC,False,,260189003,1755.0,2226.0,0.0,2117792,150.02152564060543,2.3448552753162994,F200W,60780.8962415162
science,JWST,CALJWST,NIRCAM/IMAGE,JWST,F356W,INFRARED,C3D-14_CWEBTILE-2-7,,jw05893-o014_t014_nircam_clear-f356w,150.1004179166667,2.3696166666666665,image,"Kakiichi, Koki",3,60780.92693630787,60783.84420811343,7472.784,INFRARED,3140.0,3980.0,COSMOS-3D: A Legacy Spectroscopic/Imaging Survey of the Early Universe,60784.14899304,5893,GO,,POLYGON 149.990980184 2.352609329 149.993296102 2.358862131 149.993261787 2.358874156 149.994695368 2.362744687 149.997439226 2.370430155 149.997478869 2.370415258 149.999720872 2.376694982 149.999845109 2.376648298 150.005878531 2.39293735 150.006231932 2.392803879 150.017139937 2.422252091 150.017281776 2.422200694 150.050771718 2.409551667 150.050711735 2.409385925 150.083329808 2.397064763 150.083270071 2.396899716 150.115886561 2.384578302 150.115826407 2.384412113 150.148443128 2.372089596 150.146926928 2.367901009 150.147504028 2.367682973 150.13804122 2.341540841 150.135428988 2.33434634 150.134859407 2.334546013 150.124174378 2.305026157 150.124071255 2.305062308 150.118148625 2.288854464 150.11766238 2.289024208 150.106887368 2.259536731 150.106300059 2.259741757 150.105543521 2.25767133 150.071654477 2.26950134 150.072013784 2.270507597 150.039098228 2.281996847 150.039454673 2.282995148 150.006543534 2.294481688 150.00690032 2.295481027 149.973987894 2.306966578 149.986178033 2.341113323 149.986217704 2.341098416 149.988459595 2.347378158 149.989120643 2.347129759 149.991066148 2.352579205,mast:JWST/product/jw05893-o014_t014_nircam_clear-f356w_i2d.jpg,mast:JWST/product/jw05893-o014_t014_nircam_clear-f356w_i2d.fits,PUBLIC,False,,258574560,3140.0,3980.0,0.0,2117792,150.02152564060543,2.3448552753162994,F356W,60780.92693630787
science,JWST,CALJWST,MIRI/IMAGE,JWST,F1000W,INFRARED,C3D-18_CWEBTILE-1-6,,jw05893-o018_t018_miri_f1000w,150.09925833333332,2.4726250000000003,image,"Kakiichi, Koki",3,60665.41747930556,60665.95704962963,7392.696000000004,INFRARED,9000.0,11000.0,COSMOS-3D: A Legacy Spectroscopic/Imaging Survey of the Early Universe,60666.30995368,5893,GO,,POLYGON 150.075373577 2.36377086 150.076313811 2.365812843 150.104774323 2.352776483 150.102004439 2.346735286 150.102492123 2.346511895 150.092198787 2.32406137 150.093511076 2.323460256 150.090741317 2.317419089 150.091228931 2.317195729 150.078012411 2.288368278 150.049627119 2.301688596 150.051462481 2.305674941 150.050566111 2.306095563 150.06183136 2.330562991 150.060889348 2.331005033 150.062724833 2.334991497 150.061828261 2.335412213 150.074970647 2.363955416 POLYGON 150.042816003 2.37625761 150.043756245 2.378299684 150.072217235 2.365263813 150.069447431 2.359222572 150.069935165 2.35899917 150.059642152 2.33654852 150.060954485 2.335947418 150.058184684 2.329905946 150.05867313 2.32968222 150.045457119 2.300854478 150.017071285 2.314174179 150.01890684 2.318161138 150.018009121 2.318582373 150.029273993 2.343049711 150.028332292 2.343491583 150.030167692 2.347478011 150.029271319 2.34789861 150.042413292 2.376442055 POLYGON 150.01025917 2.388742261 150.011199333 2.390784296 150.039660953 2.377749215 150.036891277 2.371707863 150.037379094 2.371484442 150.027086473 2.349033164 150.02839978 2.348431673 150.025630328 2.342390491 150.026117513 2.342167359 150.012902112 2.313339283 149.98451569 2.326658267 149.986350954 2.330644826 149.98545402 2.331065655 149.996718378 2.355533647 149.995776277 2.355975669 149.997611629 2.359962257 149.996714912 2.360382984 150.009856245 2.388926789 POLYGON 149.977701711 2.401226401 149.978641671 2.403268122 150.007103904 2.39023381 150.004334417 2.384192494 150.004821985 2.383969204 149.994529769 2.361517516 149.995842815 2.360916187 149.993073431 2.354874835 149.993561147 2.354651477 149.980355877 2.325843747 149.976715884 2.327526406 149.95195936 2.339141282 149.953794596 2.343128023 149.952897722 2.343548791 149.964161585 2.36801725 149.963219184 2.36845938 149.965054531 2.372446188 149.964157404 2.372867078 149.977120996 2.401026288 149.977299045 2.401410798,mast:JWST/product/jw05893-o018_t018_miri_f1000w_i2d.jpg,mast:JWST/product/jw05893-o018_t018_miri_f1000w_i2d.fits,PUBLIC,False,,234492195,9000.0,11000.0,0.0,2117792,150.02152564060543,2.3448552753162994,,60665.41747930556
science,JWST,CALJWST,MIRI/IMAGE,JWST,F2100W,INFRARED,C3D-18_CWEBTILE-1-6,,jw05893-o018_t018_miri_f2100w,150.09925833333332,2.4726250000000003,image,"Kakiichi, Koki",3,60665.38677266204,60665.938324456016,14785.392000000014,INFRARED,18500.0,23500.0,COSMOS-3D: A Legacy Spectroscopic/Imaging Survey of the Early Universe,60666.30995368,5893,GO,,POLYGON 150.074959353 2.363956665 150.103420215 2.350920321 150.102796523 2.349560035 150.104397331 2.348826771 150.103773676 2.347466564 150.10537411 2.346733465 150.092934531 2.319601992 150.093133968 2.319510637 150.092510308 2.318150367 150.094110986 2.317417156 150.080894343 2.288589628 150.08049181 2.288778532 150.080344345 2.28845688 150.051958893 2.301777391 150.052577955 2.303121986 150.050981816 2.303870987 150.051600832 2.30521548 150.05047768 2.305742527 150.048338496 2.301076364 150.047936145 2.301265172 150.047788683 2.300943512 150.019402722 2.314263477 150.020021828 2.315608223 150.018425342 2.316357346 150.019044281 2.317701722 150.01792324 2.318227748 150.015783865 2.313560856 150.015381562 2.313749626 150.015234059 2.313427856 149.986847453 2.326746984 149.987466519 2.328091736 149.985870137 2.328840745 149.986489108 2.330185284 149.985367221 2.330711663 149.983228078 2.326045006 149.982824614 2.326234306 149.982680749 2.325920459 149.981379825 2.326521853 149.954290267 2.339231699 149.954908931 2.340575627 149.953313757 2.341324011 149.953932686 2.342668542 149.952336515 2.343417392 149.964816586 2.370527913 149.964573922 2.37064176 149.965192913 2.371986368 149.963596561 2.372735305 149.973493001 2.39423251 149.976752816 2.401272193 149.977140831 2.401094508 149.977287091 2.401412205 150.005749642 2.388377842 150.005125998 2.387017446 150.006726986 2.386284255 150.006103402 2.384923986 150.007266922 2.384391137 150.009294746 2.388795621 150.00969875 2.3886106 150.009844937 2.388928121 150.038306901 2.375893044 150.037683255 2.374532722 150.039284023 2.373799574 150.038660417 2.372439339 150.039823764 2.371906526 150.041851697 2.37631097 150.042255698 2.376125935 150.042401883 2.376443432 150.070863228 2.363407591 150.070239588 2.362047367 150.071840133 2.36131426 150.071216472 2.359953996 150.072381403 2.359420414 150.074409134 2.363824251 150.074813172 2.363639189,mast:JWST/product/jw05893-o018_t018_miri_f2100w_i2d.jpg,mast:JWST/product/jw05893-o018_t018_miri_f2100w_i2d.fits,PUBLIC,False,,234388089,18500.0,23500.0,0.0,2117792,150.02152564060543,2.3448552753162994,,60665.38677266204
science,JWST,CALJWST,NIRSPEC/IMAGE,JWST,F140X;MIRROR,INFRARED,Cristal-05,Galaxy; Lyman-break galaxies,jw05974001001_03101_00001_nrs1,150.03925916666668,2.337177777777778,image,"Aravena, Manuel",2,60784.417012743055,60784.42055865741,291.778,INFRARED,800.0,2000.0,ORCHIDS: ORigin of the [C II] Halos In Distant Systems,61149.7113309,5974,GO,,POLYGON 150.078044156 2.326589229 150.024532391 2.299529356 149.997392734 2.35251492 150.0515405 2.378535338,mast:JWST/product/jw05974001001_03101_00001_nrs1_cal.jpg,mast:JWST/product/jw05974001001_03101_00001_nrs1_cal.fits,PUBLIC,False,,260624846,800.0,2000.0,0.0,2117792,150.02152564060543,2.3448552753162994,,60784.417012743055
calibration,JWST,CALJWST,NIRSPEC,JWST,OPAQUE;MIRROR,INFRARED,UNKNOWN,,jw06636103001_01201_00001_nrs2,150.02944525018694,2.3536623941729653,image,"Zeidler, Peter",2,60771.41075364583,60771.41210446759,102.122,INFRARED,,,CAL-NRS-304: MSA Operability Monitor,60772.60659712,6636,CAL,,POLYGON 150.038443547 2.394428162 150.069847783 2.345338921 150.020155775 2.311530339 149.988147068 2.361776466,mast:JWST/product/jw06636103001_01201_00001_nrs2_rateints.jpg,mast:JWST/product/jw06636103001_01201_00001_nrs2_rateints.fits,PUBLIC,False,,253845703,,,0.0,2117792,150.02152564060543,2.3448552753162994,,60771.41075364583
science,JWST,CALJWST,MIRI/IMAGE,JWST,F770W,INFRARED,CWEBTILE-4-4,Galaxy; Field galaxies,jw01727-o085_t037_miri_f770w,149.93196125,2.2257083333333334,image,"Kartaltepe, Jeyhan",3,60041.20524587963,60041.246840486114,2020.232,INFRARED,6600.0,8800.0,COSMOS-Web: The JWST Cosmic Origins Survey,60041.75593744,1727,GO,,POLYGON 149.991063653 2.358254845 149.992600304 2.357627286 149.992632682 2.357705435 149.994290108 2.357039416 150.021661891 2.345860321 150.016585114 2.333165704 150.017592407 2.332754296 150.006354989 2.304653989 150.005924304 2.303584006 150.004377961 2.304198957 150.004347869 2.304123707 149.975263132 2.315689748 149.980322925 2.328403081 149.979331372 2.328797439 149.991058118 2.358256315,mast:JWST/product/jw01727-o085_t037_miri_f770w_i2d.jpg,mast:JWST/product/jw01727-o085_t037_miri_f770w_i2d.fits,PUBLIC,False,,126571784,6600.0,8800.0,0.8874401324980908,2117792,150.02152564060543,2.3448552753162994,F770W,60041.20524587963
science,JWST,CALJWST,NIRCAM/IMAGE,JWST,F150W,INFRARED,CWEBTILE-2-5,,jw01727-o049_t043_nircam_clear-f150w,150.03208916666665,2.394461111111111,image,"Kartaltepe, Jeyhan",3,60313.7726122338,60313.79038280093,1030.728,INFRARED,1331.0,1668.0,COSMOS-Web: The JWST Cosmic Origins Survey,60314.18480321,1727,GO,,POLYGON 150.055055313 2.398560068 150.049700778 2.385919162 150.049129725 2.386170274 150.042965682 2.371753974 150.042942899 2.371763697 150.042427133 2.370557429 150.042493229 2.370528682 150.040363575 2.365731176 150.037546143 2.359141701 150.037455626 2.359180332 150.036923554 2.357981708 150.037073697 2.357916408 150.029837787 2.341615564 150.029792564 2.341634299 150.013608054 2.348940096 150.013616864 2.348960064 150.012587147 2.34942488 150.012526141 2.349285068 149.996481689 2.356331086 149.996497169 2.356366787 149.994972189 2.357036483 149.995040808 2.357201852 150.000428805 2.369627558 150.000385704 2.369646486 150.003244676 2.376239769 150.009088155 2.390333835 150.009249253 2.390267796 150.014504395 2.402942698 150.015078453 2.402707378 150.019941865 2.413997356 150.01992901 2.414002934 150.022601077 2.420205876 150.028689598 2.434637814 150.028772115 2.434603572 150.03410603 2.447246685 150.050310865 2.440522093 150.050284331 2.440458794 150.051332516 2.440023816 150.051401807 2.440189778 150.067917527 2.433483057 150.067886365 2.433407918 150.069432652 2.432779988 150.062593957 2.416290304 150.062432866 2.416358324 150.061922711 2.41512821 150.06211614 2.415046337 150.055120487 2.398531409,mast:JWST/product/jw01727-o049_t043_nircam_clear-f150w_i2d.jpg,mast:JWST/product/jw01727-o049_t043_nircam_clear-f150w_i2d.fits,PUBLIC,False,,200498889,1331.0,1668.0,1.6757858812648785,2117792,150.02152564060543,2.3448552753162994,F150W,60313.7726122338
science,JWST,CALJWST,NIRCAM/IMAGE,JWST,F115W,INFRARED,CWEBTILE-2-5,,jw01727-o049_t043_nircam_clear-f115w,150.03208916666665,2.394461111111111,image,"Kartaltepe, Jeyhan",3,60313.74850410879,60313.766150972224,1030.728,INFRARED,1013.0000000000001,1282.0,COSMOS-Web: The JWST Cosmic Origins Survey,60314.18480321,1727,GO,,POLYGON 150.055062327 2.398562355 150.049709446 2.385925652 150.049138401 2.386176783 150.042972506 2.371757094 150.042949402 2.371766954 150.042433494 2.370560431 150.042500494 2.370531295 150.040344152 2.36567419 150.03755413 2.359149242 150.037464391 2.359187541 150.036932149 2.357988662 150.037082126 2.357923441 150.029846669 2.341625357 150.02974284 2.34166837 150.013616288 2.348947558 150.013620814 2.348957816 150.012590601 2.349422818 150.012533824 2.349292707 149.996490172 2.356338491 149.996501366 2.356364305 149.994978253 2.357033178 149.995179116 2.357517261 150.000431846 2.369630733 150.000386538 2.36965063 150.003287285 2.376339949 150.009088908 2.390332291 150.009247879 2.390267131 150.014505196 2.402946289 150.015080712 2.402710392 150.019944243 2.414000325 150.019929529 2.41400671 150.022721198 2.420486967 150.028689965 2.434636572 150.02877143 2.434602766 150.034106799 2.447250404 150.050311761 2.440525553 150.05028579 2.440463592 150.051333935 2.440028617 150.051402773 2.440193501 150.067918736 2.433486715 150.067888102 2.433412851 150.069440357 2.4327825 150.062601467 2.416292532 150.06243984 2.41636078 150.061929692 2.415130696 150.062123866 2.415048503 150.055127999 2.398533474,mast:JWST/product/jw01727-o049_t043_nircam_clear-f115w_i2d.jpg,mast:JWST/product/jw01727-o049_t043_nircam_clear-f115w_i2d.fits,PUBLIC,False,,200499056,1013.0000000000001,1282.0,1.7131984156519444,2117792,150.02152564060543,2.3448552753162994,F115W,60313.74850410879
science,JWST,CALJWST,NIRCAM/IMAGE,JWST,F277W,INFRARED,CWEBTILE-2-5,Galaxy; Field galaxies,jw01727-o049_t043_nircam_clear-f277w,150.03208916666665,2.394461111111111,image,"Kartaltepe, Jeyhan",3,60313.74850410879,60313.766150972224,1030.728,INFRARED,2416.0,3127.0,COSMOS-Web: The JWST Cosmic Origins Survey,60314.18480321,1727,GO,,POLYGON 149.996716041 2.356347348 149.996728851 2.356377571 149.99520313 2.35704931 150.005100785 2.38040139 150.009050964 2.389696373 150.009108335 2.389672745 150.014465778 2.402312155 150.015019378 2.402084154 150.028743175 2.434187268 150.028770826 2.434175922 150.034167433 2.44679922 150.067383587 2.433168371 150.06735367 2.433096946 150.068893152 2.432465166 150.054882728 2.399015382 150.054765594 2.399066728 150.049462197 2.386404491 150.048958259 2.386625393 150.044019786 2.375214961 150.044051692 2.375201819 150.029626724 2.341871626 150.028701612 2.342264128,mast:JWST/product/jw01727-o049_t043_nircam_clear-f277w_i2d.jpg,mast:JWST/product/jw01727-o049_t043_nircam_clear-f277w_i2d.fits,PUBLIC,False,,224964857,2416.0,3127.0,1.872855357231512,2117792,150.02152564060543,2.3448552753162994,F277W,60313.74850410879
science,JWST,CALJWST,NIRCAM/IMAGE,JWST,F444W,INFRARED,CWEBTILE-2-5,Galaxy; Field galaxies,jw01727-o049_t043_nircam_clear-f444w,150.03208916666665,2.394461111111111,image,"Kartaltepe, Jeyhan",3,60313.772612974535,60313.79038280093,1030.728,INFRARED,3880.0,4986.0,COSMOS-Web: The JWST Cosmic Origins Survey,60314.18480321,1727,GO,,POLYGON 149.996720099 2.356347562 149.996732955 2.356377893 149.995208279 2.357049211 150.008492082 2.388387817 150.009049633 2.38969973 150.009109497 2.389675074 150.014465634 2.402310721 150.015019945 2.40208242 150.028745282 2.434189984 150.028767872 2.434180714 150.034162706 2.446800478 150.067379256 2.433169482 150.067349737 2.433099004 150.068893132 2.43246562 150.054882941 2.399014937 150.054765343 2.399066488 150.04946322 2.386406749 150.048964036 2.386625576 150.044025177 2.375214973 150.044057066 2.375201838 150.029627449 2.341863033 150.029310026 2.341997711,mast:JWST/product/jw01727-o049_t043_nircam_clear-f444w_i2d.jpg,mast:JWST/product/jw01727-o049_t043_nircam_clear-f444w_i2d.fits,PUBLIC,False,,200493955,3880.0,4986.0,1.8781187124274359,2117792,150.02152564060543,2.3448552753162994,F444W,60313.772612974535
science,JWST,CALJWST,MIRI/IMAGE,JWST,F2100W,INFRARED,C3D-09_CWEBTILE-4-3,,jw05893-o009_t009_miri_f2100w,149.89779666666666,2.2381305555555557,image,"Kakiichi, Koki",3,60812.8738980787,60816.71494392361,14785.392000000014,INFRARED,18500.0,23500.0,COSMOS-3D: A Legacy Spectroscopic/Imaging Survey of the Early Universe,60817.56752303,5893,GO,,POLYGON 149.915426481 2.36666912 149.886970671 2.37970335 149.887594354 2.381063624 149.885993618 2.381796819 149.886617293 2.383157076 149.885016622 2.38389024 149.897456579 2.411021617 149.897257223 2.41111293 149.89788093 2.41247319 149.896280179 2.413206394 149.909495966 2.442028429 149.909898234 2.441839659 149.910045698 2.442161255 149.938428216 2.428841979 149.937809049 2.427497502 149.939405487 2.426748302 149.938786311 2.42540381 149.939914945 2.424874145 149.942054718 2.429540326 149.94245741 2.429351341 149.942604795 2.42967274 149.970986628 2.416352565 149.970367499 2.41500827 149.97196367 2.41425913 149.971344489 2.412914721 149.972469208 2.412386848 149.974609476 2.417054046 149.975013539 2.416864412 149.975161427 2.417186905 150.003542903 2.403866525 150.002923269 2.402521146 150.00451795 2.401772683 150.003898787 2.400428329 150.005026581 2.399898998 150.007166313 2.404564767 150.00756786 2.4043763 150.007705835 2.404677161 150.011444814 2.402947755 150.036096411 2.391377218 150.035476925 2.390032215 150.0370743 2.38928243 150.036455095 2.387938064 150.038051115 2.387188913 150.025565472 2.360080571 150.025809073 2.359966226 150.025189944 2.358621985 150.026785644 2.357872978 150.015593277 2.333571794 150.013633029 2.329341005 150.013239218 2.329521434 150.013092866 2.329203663 149.984638757 2.342239916 149.985262546 2.3436002 149.983661798 2.344333557 149.984285242 2.345693091 149.983115385 2.34622904 149.981087634 2.341825971 149.980683903 2.342010931 149.980537616 2.341693283 149.952082899 2.354728765 149.952706631 2.356089011 149.951105922 2.356822293 149.95172967 2.358182574 149.95056095 2.35871796 149.948532686 2.354313611 149.948128727 2.354498665 149.947982525 2.354181188 149.919527292 2.367216116 149.920150996 2.368576359 149.918550318 2.369309582 149.919174017 2.370669814 149.918004356 2.3712056 149.915976483 2.366801833 149.915572753 2.366986768,mast:JWST/product/jw05893-o009_t009_miri_f2100w_i2d.jpg,mast:JWST/product/jw05893-o009_t009_miri_f2100w_i2d.fits,PUBLIC,False,,266380136,18500.0,23500.0,2.403629578812566,2117792,150.02152564060543,2.3448552753162994,,60812.8738980787
science,HST,HAP-SVM,ACS/WFC,HAP,F814W,OPTICAL,ANY,UNIDENTIFIED;PARALLEL FIELD,hst_12328_33_acs_wfc_f814w_jbhm33,150.0397347676,2.35276528118,image,"van Dokkum, Pieter",3,55717.48284566,55717.61957076,480.0,OPTICAL,708.0,959.0,,55717.76069437,12328,HAP,,POLYGON 149.9981864062564 2.3373199980601447 149.99825589359332 2.337861666460057 150.0206906362176 2.389737092098179 150.02120497166305 2.3897926534808027 150.0481866824483 2.3797649161371237 150.031769876634 2.3425566251267274 150.03188108123763 2.342389958844842 150.03620413520787 2.351681633229455 150.0484785978749 2.3794176915125584 150.04893732714515 2.3794732430322076 150.07505679719637 2.369861655013093 150.06513119119109 2.3476674535378455 150.05168904759887 2.319237112549243 150.0511608371303 2.31922322919438 150.03178383550568 2.325639960648149 150.02550086654128 2.327778813673548 150.02530625805377 2.3282093675923927 150.02437493371303 2.328223248723844 149.9981864062564 2.3373199980601447,mast:HST/product/hst_12328_33_acs_wfc_f814w_jbhm33_drc.jpg,mast:HST/product/hst_12328_33_acs_wfc_f814w_jbhm33_drc.fits,PUBLIC,False,,26439412,708.0,959.0,0.0,2117792,150.02152564060543,2.3448552753162994,F814W,55717.48284566
science,HST,HAP-SVM,ACS,HAP,,,ANY,,hst_12328_33_acs_wfc_g800l_jbhm33mk,150.0397686472,2.353018465937,image,"van Dokkum, Pieter",2,55717.486399,55717.49225594,505.0,,,,,55717.76347217,12328,HAP,,POLYGON 149.99815847235078 2.337603969213086 150.0207144376407 2.3897745453424983 150.04780497010327 2.3797262165457793 150.02480905346263 2.3283556335715563 149.99815847235078 2.337603969213086 POLYGON 150.02545843137486 2.3280735250462237 150.04849367096696 2.3794363554310505 150.0747034185794 2.3697960718430604 150.05134483774978 2.3194413660871462 150.02545843137486 2.3280735250462237,,mast:HST/product/hst_12328_33_acs_wfc_g800l_jbhm33mk_flc.fits,PUBLIC,False,,68716591,,,0.0,2117792,150.02152564060543,2.3448552753162994,,55717.486399
science,HST,HAP-SVM,ACS,HAP,,,ANY,,hst_12328_33_acs_wfc_g800l_jbhm33mr,150.0401611765,2.353059942184,image,"van Dokkum, Pieter",2,55717.50224381,55717.51370298,989.0,,,,,55717.76347217,12328,HAP,,POLYGON 149.9985518504299 2.337646157827691 150.02110703980705 2.389814937919556 150.0481966404296 2.3797669551147385 150.02520151484822 2.32839814062841 149.9985518504299 2.337646157827691 POLYGON 150.02585087039532 2.3281160417848454 150.0488853176771 2.3794771039755744 150.07509416374754 2.369837152266038 150.05173638636379 2.3194841799918247 150.02585087039532 2.3281160417848454,,mast:HST/product/hst_12328_33_acs_wfc_g800l_jbhm33mr_flc.fits,PUBLIC,False,,68716556,,,0.0,2117792,150.02152564060543,2.3448552753162994,,55717.50224381
science,HST,HAP-SVM,ACS,HAP,,,ANY,,hst_12328_33_acs_wfc_g800l_jbhm33my,150.0401272968,2.352806757436,image,"van Dokkum, Pieter",2,55717.55391048,55717.56133001,640.0,,,,,55717.76347217,12328,HAP,,POLYGON 149.99851721234828 2.3373923313832474 150.02107309747848 2.3895627295910775 150.04816353338902 2.3795144350009885 150.02516769855566 2.3281440271813607 149.99851721234828 2.3373923313832474 POLYGON 150.02581707417772 2.327861919591366 150.04885223184567 2.3792245748308725 150.0750618860741 2.369584324106117 150.051703388396 2.3192297900184995 150.02581707417772 2.327861919591366,,mast:HST/product/hst_12328_33_acs_wfc_g800l_jbhm33my_flc.fits,PUBLIC,False,,68716616,,,0.0,2117792,150.02152564060543,2.3448552753162994,,55717.55391048
science,HST,HAP-SVM,ACS,HAP,,,ANY,,hst_12328_33_acs_wfc_g800l_jbhm33n5,150.0397347676,2.35276528118,image,"van Dokkum, Pieter",2,55717.62172307,55717.63318224,989.0,,,,,55717.76347217,12328,HAP,,POLYGON 149.99812485755268 2.337351000290087 150.0206805838602 2.389521032538775 150.04777082889083 2.3794728084540147 150.02477515600154 2.3281027609707596 149.99812485755268 2.337351000290087 POLYGON 150.02542452700732 2.3278206554554877 150.0484595224808 2.379182950257553 150.07466899204 2.3695427671300333 150.0513106588554 2.3191885863962565 150.02542452700732 2.3278206554554877,,mast:HST/product/hst_12328_33_acs_wfc_g800l_jbhm33n5_flc.fits,PUBLIC,False,,68716609,,,0.0,2117792,150.02152564060543,2.3448552753162994,,55717.62172307
science,HST,HAP-SVM,ACS/WFC,HAP,detection,,ANY,UNIDENTIFIED;PARALLEL FIELD,hst_12328_33_acs_wfc_total_jbhm33,150.0397347676,2.35276528118,image,"van Dokkum, Pieter",3,55717.48284566,55717.61957076,480.0,,,,,55717.76069437,12328,HAP,,POLYGON 149.9981864062564 2.3373199980601447 150.0206906365345 2.3897093143325123 150.02120497166305 2.3897926534808027 150.0481866824483 2.3797649161371237 150.031769876634 2.3425566251267274 150.03188108123763 2.342389958844842 150.03620413520787 2.351681633229455 150.0484785978749 2.3794176915125584 150.04893732714515 2.3794732430322076 150.0750567968132 2.369847766128459 150.06470025585563 2.346764684598049 150.05168904774925 2.3192510014326753 150.0511608371303 2.31922322919438 150.03277076030156 2.325306630410314 150.02550086654128 2.327778813673548 150.02530625805377 2.3282093675923927 150.02437493371303 2.328223248723844 149.9981864062564 2.3373199980601447,mast:HST/product/hst_12328_33_acs_wfc_total_jbhm33_drc.jpg,mast:HST/product/hst_12328_33_acs_wfc_total_jbhm33_drc.fits,PUBLIC,False,,26439429,,,0.0,2117792,150.02152564060543,2.3448552753162994,,55717.48284566
science,HST,HAP-SVM,ACS/WFC,HAP,F814W,OPTICAL,ANY,UNIDENTIFIED;PARALLEL FIELD,hst_12328_34_acs_wfc_f814w_jbhm34,150.0422131082,2.316973429628,image,"van Dokkum, Pieter",3,55721.41028852,55721.49241843,480.0,OPTICAL,708.0,959.0,,55721.6447569,12328,HAP,,POLYGON 150.00025901906105 2.301532312803867 150.0003285048668 2.302073981174718 150.02276268879385 2.35394940017995 150.02327701094217 2.354004961474834 150.05025802493049 2.343977223572793 150.03384164009128 2.30676893195676 150.03395284186664 2.306602265669098 150.03845648935882 2.3162967177489433 150.05054993288175 2.3436299989855844 150.05107815265734 2.3436577721808454 150.07711355118676 2.3340739701594346 150.07679381284538 2.333004534726354 150.06728551199208 2.3120603185342445 150.05376030982853 2.283449420494383 150.05323211262103 2.283435537054116 150.03385559772045 2.289852267477447 150.02757278716575 2.2919911210474915 150.02737818363443 2.292421674990075 150.0264468827643 2.2924355562408563 150.00025901906105 2.301532312803867,mast:HST/product/hst_12328_34_acs_wfc_f814w_jbhm34_drc.jpg,mast:HST/product/hst_12328_34_acs_wfc_f814w_jbhm34_drc.fits,PUBLIC,False,,26438235,708.0,959.0,0.0,2117792,150.02152564060543,2.3448552753162994,F814W,55721.41028852
science,HST,HAP-SVM,ACS,HAP,,,ANY,,hst_12328_34_acs_wfc_g800l_jbhm34yb,150.0418544678,2.317185138254,image,"van Dokkum, Pieter",2,55721.41384185,55721.4196988,505.0,,,,,55721.64754627,12328,HAP,,POLYGON 150.0002308197828 2.301815700418892 150.02278626983357 2.353986279152832 150.04987611667738 2.3439379322304545 150.02688073944714 2.292567340752786 150.0002308197828 2.301815700418892 POLYGON 150.02753010055255 2.2922852314926616 150.0505648009313 2.343648070862492 150.07677389098234 2.33400777757865 150.05341586978093 2.2836530570023332 150.02753010055255 2.2922852314926616,,mast:HST/product/hst_12328_34_acs_wfc_g800l_jbhm34yb_flc.fits,PUBLIC,False,,68716578,,,0.0,2117792,150.02152564060543,2.3448552753162994,,55721.41384185
science,HST,HAP-SVM,ACS,HAP,,,ANY,,hst_12328_34_acs_wfc_g800l_jbhm34yi,150.042246987,2.317226614364,image,"van Dokkum, Pieter",2,55721.42968667,55721.44114584,989.0,,,,,55721.64754627,12328,HAP,,POLYGON 150.0006241492753 2.3018578566680223 150.02317885856993 2.354026720696455 150.0502678158074 2.343978704037732 150.02727319379173 2.2926098009657516 150.0006241492753 2.3018578566680223 POLYGON 150.02792253350052 2.292327701000077 150.0509564774957 2.3436888522036883 150.07716470693694 2.334048875777492 150.053807452747 2.283695810226818 150.02792253350052 2.292327701000077,,mast:HST/product/hst_12328_34_acs_wfc_g800l_jbhm34yi_flc.fits,PUBLIC,False,,68716557,,,0.0,2117792,150.02152564060543,2.3448552753162994,,55721.42968667
science,HST,HAP-SVM,ACS,HAP,,,ANY,,hst_12328_34_acs_wfc_g800l_jbhm34yp,150.0422131082,2.316973429628,image,"van Dokkum, Pieter",2,55721.47716371,55721.48458324,640.0,,,,,55721.64754627,12328,HAP,,POLYGON 150.00058936124938 2.3016039038978096 150.0231449041103 2.3537747045442123 150.05023486212215 2.3437263147559277 150.02723939034993 2.292355504734746 150.00058936124938 2.3016039038978096 POLYGON 150.0278887540836 2.2920733942576574 150.05092354919543 2.343436452217137 150.07713274689456 2.333796117862519 150.0537746297011 2.2834411829515986 150.0278887540836 2.2920733942576574,,mast:HST/product/hst_12328_34_acs_wfc_g800l_jbhm34yp_flc.fits,PUBLIC,False,,68716563,,,0.0,2117792,150.02152564060543,2.3448552753162994,,55721.47716371
science,HST,HAP-SVM,ACS,HAP,,,ANY,,hst_12328_34_acs_wfc_g800l_jbhm34yw,150.041820589,2.316931953509,image,"van Dokkum, Pieter",2,55721.49457111,55721.50602991,989.0,,,,,55721.64754627,12328,HAP,,POLYGON 150.00019772327173 2.301563165364133 150.0227524615446 2.353732106539869 150.0498414531801 2.343684074899441 150.02684680173337 2.292315095812868 150.00019772327173 2.301563165364133 POLYGON 150.02749614229737 2.2920329953981455 150.05053011573827 2.3433942226658666 150.07673837845667 2.333754231922432 150.05338109451034 2.2834010917491288 150.02749614229737 2.2920329953981455,,mast:HST/product/hst_12328_34_acs_wfc_g800l_jbhm34yw_flc.fits,PUBLIC,False,,68716601,,,0.0,2117792,150.02152564060543,2.3448552753162994,,55721.49457111
science,HST,HAP-SVM,ACS/WFC,HAP,detection,,ANY,UNIDENTIFIED;PARALLEL FIELD,hst_12328_34_acs_wfc_total_jbhm34,150.0422131082,2.316973429628,image,"van Dokkum, Pieter",3,55721.41028852,55721.49241843,480.0,,,,,55721.6447569,12328,HAP,,POLYGON 150.00025901906105 2.301532312803867 150.02276268910592 2.3539216224142865 150.02327701094217 2.354004961474834 150.05025802493049 2.343977223572793 150.03384164009128 2.30676893195676 150.03395284186664 2.306602265669098 150.03853989082018 2.316477273314228 150.05054993288175 2.3436299989855844 150.05107815265734 2.3436577721808454 150.0771274512239 2.3340600808951506 150.0670213973191 2.311518657233136 150.05376030997664 2.2834633093778134 150.05323211262103 2.283435537054116 150.0348007976727 2.2895328259670045 150.02757278716575 2.2919911210474915 150.02737818363443 2.292421674990075 150.0264468827643 2.2924355562408563 150.00025901906105 2.301532312803867,mast:HST/product/hst_12328_34_acs_wfc_total_jbhm34_drc.jpg,mast:HST/product/hst_12328_34_acs_wfc_total_jbhm34_drc.fits,PUBLIC,False,,26438252,,,0.0,2117792,150.02152564060543,2.3448552753162994,,55721.41028852
science,HST,HAP-SVM,ACS/WFC,HAP,F606W,OPTICAL,ANY,UNIDENTIFIED;PARALLEL FIELD,hst_13657_08_acs_wfc_f606w_jcor08,150.0352160318,2.336005053368,image,"Kartaltepe, Jeyhan",3,57041.56077329,57041.59110949,2146.0,OPTICAL,470.0,720.0,,57406.85541655,13657,HAP,,POLYGON 150.0456293007598 2.2960364201037264 150.02142913438942 2.311716889508544 150.03742825066604 2.333508654893846 150.05509595847514 2.356939108575399 150.07924094509607 2.3421191692739036 150.04586560159743 2.2960503077583083 150.0456293007598 2.2960364201037264 POLYGON 150.0546372402113 2.3572030028599738 150.03933261015032 2.3369808770191747 150.02097042233962 2.3121613283415243 149.99733964001686 2.3272858386414406 150.01406137714983 2.349508444657968 150.03114506946088 2.3714252982858546 150.04635248316956 2.362453074197876 150.05460944149075 2.357425225363888 150.0546372402113 2.3572030028599738,mast:HST/product/hst_13657_08_acs_wfc_f606w_jcor08_drc.jpg,mast:HST/product/hst_13657_08_acs_wfc_f606w_jcor08_drc.fits,PUBLIC,False,,26469990,470.0,720.0,0.0,2117792,150.02152564060543,2.3448552753162994,F606W,57041.56077329
science,HST,HAP-SVM,ACS/WFC,HAP,detection,,ANY,UNIDENTIFIED;PARALLEL FIELD,hst_13657_08_acs_wfc_total_jcor08,150.0352160318,2.336005053368,image,"Kartaltepe, Jeyhan",3,57041.56077329,57041.59110949,2146.0,,,,,57406.85541655,13657,HAP,,POLYGON 150.079185338273 2.3419525042731624 150.04587950186686 2.2960919743322368 150.04553200073104 2.2960919761278378 150.02142913438942 2.311716889508544 150.03742825066604 2.333508654893846 150.05509595847514 2.356939108575399 150.07244370663173 2.346383239097359 150.0791297435658 2.3422025058240377 150.079185338273 2.3419525042731624 POLYGON 150.02077581931988 2.31217521484022 149.99735354076876 2.327271950159564 150.01395017546676 2.349341776085177 150.03115897025148 2.3714252983576523 150.05460944149075 2.357425225363888 150.0546372402113 2.3572030028599738 150.0395272166802 2.337244765752596 150.02108162243394 2.3122863296689022 150.02077581931988 2.31217521484022,mast:HST/product/hst_13657_08_acs_wfc_total_jcor08_drc.jpg,mast:HST/product/hst_13657_08_acs_wfc_total_jcor08_drc.fits,PUBLIC,False,,26470011,,,0.0,2117792,150.02152564060543,2.3448552753162994,,57041.56077329
science,HST,HAP-SVM,WFC3/IR,HAP,F160W,INFRARED,HYLIRG-37,GALAXY;ULTRALUMINOUS IR GAL,hst_13657_19_wfc3_ir_f160w_icor19,150.0222458333,2.340861111111,image,"Kartaltepe, Jeyhan",3,57149.64188153,57149.67426524,2611.750976,INFRARED,1393.8999999999999,1692.4,,57516.02729163,13657,HAP,,POLYGON 150.04671020222312 2.3344136366673753 150.01315934362887 2.317313824804738 149.99704313109754 2.3473098781961337 150.03148589917927 2.3650513194434746 150.04671020222312 2.3344136366673753,mast:HST/product/hst_13657_19_wfc3_ir_f160w_icor19_drz.jpg,mast:HST/product/hst_13657_19_wfc3_ir_f160w_icor19_drz.fits,PUBLIC,False,,26624470,1393.8999999999999,1692.4,0.0,2117792,150.02152564060543,2.3448552753162994,F160W,57149.64188153
science,HST,HAP-SVM,WFC3/IR,HAP,detection,,HYLIRG-37,GALAXY;ULTRALUMINOUS IR GAL,hst_13657_19_wfc3_ir_total_icor19,150.0222458333,2.340861111111,image,"Kartaltepe, Jeyhan",3,57149.64188153,57149.67426524,2611.750976,,,,,57516.02729163,13657,HAP,,POLYGON 150.01337326811023 2.3173850761241117 149.99772059733203 2.345991765253119 149.99739967518997 2.3475948845050882 150.03038057959364 2.364516951564155 150.03159286311012 2.364730693768916 150.0320920338298 2.364125065362448 150.04681716848737 2.334556134780661 150.01337326811023 2.3173850761241117,mast:HST/product/hst_13657_19_wfc3_ir_total_icor19_drz.jpg,mast:HST/product/hst_13657_19_wfc3_ir_total_icor19_drz.fits,PUBLIC,False,,26624484,,,0.0,2117792,150.02152564060543,2.3448552753162994,,57149.64188153
science,HST,HAP-SVM,WFC3/IR,HAP,F160W,INFRARED,COSMOS-T14,UNIDENTIFIED;BLANK FIELD,hst_14114_14_wfc3_ir_f160w_icxe14,150.038875,2.336383333333,image,"van Dokkum, Pieter",3,57861.40752759,57861.43985315,2073.50055,INFRARED,1393.8999999999999,1692.4,,57861.5201388,14114,HAP,,POLYGON 150.062332355139 2.3273774113461165 150.02692771783572 2.3143389609271 150.0147335625212 2.34579552808302 150.02664223131882 2.350640637890612 150.01519653734124 2.380209172442997 150.05124462680422 2.393675469053688 150.06279655421798 2.361790995540175 150.0517433804935 2.3572311802598795 150.062332355139 2.3273774113461165 POLYGON 150.05926754268367 2.410704084397557 150.02403899770897 2.397843620650969 150.01180834717675 2.4295853053040792 150.02578586618614 2.435036106034771 150.014018493306 2.4653528358286168 150.0247871731535 2.4696992196865044 150.013126452217 2.4997665638759066 150.0231822318288 2.5035785735995293 150.02371711132156 2.504219828398509 150.01216304978342 2.5339308899604216 150.02129192540107 2.537814144439219 150.0097018548262 2.5676676374547744 150.02114890074333 2.5723346805017027 150.00934454208064 2.60290059516488 150.0456125745579 2.6161176302976634 150.05695260259247 2.5843045470790655 150.04696743764492 2.58042156380371 150.04643251603417 2.579744696039063 150.05730865279847 2.549249655046628 150.0490710988114 2.545544772687468 150.05976860376128 2.515334662553229 150.0505327970295 2.5118791755835517 150.05006922038567 2.5112735560710857 150.0607307706524 2.481170285306777 150.0513525644627 2.4776435526287397 150.05088899937434 2.477037932965133 150.06162156763085 2.446720897855895 150.04899876591847 2.4419829551761354 150.04849955695232 2.4413773350253942 150.05926754268367 2.410704084397557,mast:HST/product/hst_14114_14_wfc3_ir_f160w_icxe14_drz.jpg,mast:HST/product/hst_14114_14_wfc3_ir_f160w_icxe14_drz.fits,PUBLIC,False,,359668448,1393.8999999999999,1692.4,0.0,2117792,150.02152564060543,2.3448552753162994,F160W,57861.40752759
science,HST,HAP-SVM,WFC3/IR,HAP,detection,,COSMOS-T14,UNIDENTIFIED;BLANK FIELD,hst_14114_14_wfc3_ir_total_icxe14,150.038875,2.336383333333,image,"van Dokkum, Pieter",3,57861.40752759,57861.43985315,2073.50055,,,,,57861.5201388,14114,HAP,,POLYGON 150.02678509954112 2.314695207544508 150.0147692178857 2.3457599037804386 150.02664223131882 2.350640637890612 150.0152321919489 2.3802804228183976 150.05017494017264 2.3932836061483655 150.05128027961098 2.3933904691119325 150.0517438022453 2.392856089735048 150.06279655421798 2.361790995540175 150.0517433804935 2.3572311802598795 150.06233235302358 2.327270536975499 150.02774775798892 2.314481464934464 150.02678509954112 2.314695207544508 POLYGON 150.05926754268367 2.410704084397557 150.02403899738917 2.3978792456011155 150.01180835300138 2.429264680456992 150.02578586618614 2.435036106034771 150.01405415247942 2.465281586420915 150.0247871731535 2.4696992196865044 150.01316211235982 2.4996953145270266 150.0231822318288 2.5035785735995293 150.02371711132156 2.504219828398509 150.01219871089282 2.5338596407236555 150.02129192540107 2.537814144439219 150.0097375169701 2.5675963884220345 150.02114890074333 2.5723346805017027 150.0093802058999 2.6027937215458214 150.04457837368807 2.615868264526646 150.04561257249637 2.6158326322776517 150.04596918804262 2.615191383923881 150.05695260259247 2.5843045470790655 150.04639685580182 2.5798515709009275 150.05730865279847 2.549249655046628 150.0490710988114 2.545544772687468 150.05976860376128 2.515334662553229 150.0505327970295 2.5118791755835517 150.05006922038567 2.5112735560710857 150.0607307706524 2.481170285306777 150.0513525644627 2.4776435526287397 150.05088899937434 2.477037932965133 150.06162156763085 2.446720897855895 150.04899876591847 2.4419829551761354 150.0484995566174 2.441341710032354 150.05926754268367 2.410704084397557,mast:HST/product/hst_14114_14_wfc3_ir_total_icxe14_drz.jpg,mast:HST/product/hst_14114_14_wfc3_ir_total_icxe14_drz.fits,PUBLIC,False,,359669535,,,0.0,2117792,150.02152564060543,2.3448552753162994,,57861.40752759
science,HST,HAP-SVM,ACS/WFC,HAP,F435W,OPTICAL,ANY,UNIDENTIFIED;PARALLEL FIELD,hst_15100_04_acs_wfc_f435w_jdnb04,150.0271574504,2.325816284251,image,"Cooke, Jeff",3,58185.57559832,58185.87117785,13326.0,OPTICAL,370.0,479.99999999999994,,58370.8713657,15100,HAP,,POLYGON 150.00185972710725 2.2929275786228143 149.99631236587413 2.3494135656743547 150.02504483733674 2.353886136431001 150.0252255460781 2.3534694701968273 150.02735234537934 2.3301778078891506 150.02999336500898 2.2976083638408378 150.00229063076227 2.2927470308454887 150.00185972710725 2.2929275786228143 POLYGON 150.03070226819563 2.297622251410641 150.03045206710618 2.297636140800745 150.03035476716877 2.297900029812087 150.0284226709262 2.3225805855330175 150.02561476270986 2.353816692968303 150.05340217225213 2.358233122787027 150.0554589986873 2.3343164229613493 150.05752949190978 2.302663608378494 150.03070226819563 2.297622251410641,mast:HST/product/hst_15100_04_acs_wfc_f435w_jdnb04_drc.jpg,mast:HST/product/hst_15100_04_acs_wfc_f435w_jdnb04_drc.fits,PUBLIC,False,,26489673,370.0,479.99999999999994,0.0,2117792,150.02152564060543,2.3448552753162994,F435W,58185.57559832
science,HST,HAP-SVM,ACS/WFC,HAP,detection,,ANY,UNIDENTIFIED;PARALLEL FIELD,hst_15100_04_acs_wfc_total_jdnb04,150.0271574504,2.325816284251,image,"Cooke, Jeff",3,58185.57559832,58185.87117785,13326.0,,,,,58370.8713657,15100,HAP,,POLYGON 150.0018736273744 2.292913689990292 149.9963262661335 2.3494274548705 150.02504483733674 2.353886136431001 150.0252255460538 2.3534833590823836 150.02728284323115 2.3309833634197386 150.02999336498635 2.297594474955226 150.00230453077359 2.2927470310917673 150.0018736273744 2.292913689990292 POLYGON 150.0303686670492 2.2978028075866197 150.02835316976336 2.3233861411211345 150.02562866328492 2.3538444707598813 150.0533882715957 2.3582331230433837 150.05544509881338 2.334344201009274 150.0575155918018 2.3026636086690253 150.03348228264417 2.2981222427415777 150.03074396841177 2.2976361402078944 150.0303686670492 2.2978028075866197,mast:HST/product/hst_15100_04_acs_wfc_total_jdnb04_drc.jpg,mast:HST/product/hst_15100_04_acs_wfc_total_jdnb04_drc.fits,PUBLIC,False,,26489675,,,0.0,2117792,150.02152564060543,2.3448552753162994,,58185.57559832
science,HST,HAP-SVM,ACS/WFC,HAP,F435W,OPTICAL,ANY,UNIDENTIFIED;PARALLEL FIELD,hst_15100_05_acs_wfc_f435w_jdnb05,150.0280467242,2.325636179439,image,"Cooke, Jeff",3,58186.43655906,58186.73215008,13326.0,OPTICAL,370.0,479.99999999999994,,58371.48912038,15100,HAP,,POLYGON 150.0027463911905 2.292726437586378 149.99719903025863 2.3492402024191255 150.0259453987943 2.353698884271887 150.0282390058909 2.3300183334814033 150.03088002513823 2.297407222766891 150.00317729478456 2.2925458898081637 150.0027463911905 2.292726437586378 POLYGON 150.03125532712562 2.29760166651248 150.02919812942199 2.323698888953594 150.0265014234763 2.353629440782491 150.0542888292799 2.3580458706024703 150.05631786199822 2.3345041712756527 150.0584161481529 2.3024624673147764 150.0341882412726 2.297879435729603 150.03161672834514 2.2974211102776207 150.03125532712562 2.29760166651248,mast:HST/product/hst_15100_05_acs_wfc_f435w_jdnb05_drc.jpg,mast:HST/product/hst_15100_05_acs_wfc_f435w_jdnb05_drc.fits,PUBLIC,False,,26489660,370.0,479.99999999999994,0.0,2117792,150.02152564060543,2.3448552753162994,F435W,58186.43655906
science,HST,HAP-SVM,ACS/WFC,HAP,detection,,ANY,UNIDENTIFIED;PARALLEL FIELD,hst_15100_05_acs_wfc_total_jdnb05,150.0280467242,2.325636179439,image,"Cooke, Jeff",3,58186.43655906,58186.73215008,13326.0,,,,,58371.48912038,15100,HAP,,POLYGON 150.00276029145567 2.292712548953823 149.9971990308764 2.3492124246503576 149.9975187396186 2.3494068761668045 150.02595929940878 2.3536988842980224 150.02830850794604 2.3292405557231928 150.03088002511558 2.297393333881286 150.0031911947939 2.2925458900543942 150.00276029145567 2.292712548953823 POLYGON 150.03158892825462 2.2974349992219714 150.03124142722103 2.2976849998522866 150.02918422917455 2.3238655556261527 150.0265014234763 2.353629440782491 150.05427492862535 2.3580458708588274 150.05630396212186 2.3345319493232783 150.05840224834046 2.302476356490092 150.03158892825462 2.2974349992219714,mast:HST/product/hst_15100_05_acs_wfc_total_jdnb05_drc.jpg,mast:HST/product/hst_15100_05_acs_wfc_total_jdnb05_drc.fits,PUBLIC,False,,26489664,,,0.0,2117792,150.02152564060543,2.3448552753162994,,58186.43655906
science,HST,HAP-SVM,ACS/WFC,HAP,F435W,OPTICAL,ANY,UNIDENTIFIED;PARALLEL FIELD,hst_15100_06_acs_wfc_f435w_jdnb06,150.0262681764,2.32599638852,image,"Cooke, Jeff",3,58187.49621165,58187.79179008,13326.0,OPTICAL,370.0,479.99999999999994,,58372.61026608,15100,HAP,,POLYGON 150.0009638834335 2.2930963889462297 149.99540262091693 2.3495823756805825 150.02414899640053 2.354068835641976 150.0263731021567 2.331249395959573 150.0290975246561 2.2977771741632305 150.00139478713947 2.2929158411692216 150.0009638834335 2.2930963889462297 POLYGON 150.02947282671445 2.297957729023057 150.0275546308594 2.3224438402855854 150.0247328224455 2.3540132810850865 150.05250633503988 2.3584158219611764 150.05454926400438 2.334638011276726 150.05663365482152 2.3028324186604423 150.03342044746458 2.2984299382970947 150.02983422805386 2.2977910616737067 150.02947282671445 2.297957729023057,mast:HST/product/hst_15100_06_acs_wfc_f435w_jdnb06_drc.jpg,mast:HST/product/hst_15100_06_acs_wfc_f435w_jdnb06_drc.fits,PUBLIC,False,,26489243,370.0,479.99999999999994,0.0,2117792,150.02152564060543,2.3448552753162994,F435W,58187.49621165
science,HST,HAP-SVM,ACS/WFC,HAP,detection,,ANY,UNIDENTIFIED;PARALLEL FIELD,hst_15100_06_acs_wfc_total_jdnb06,150.0262681764,2.32599638852,image,"Cooke, Jeff",3,58187.49621165,58187.79179008,13326.0,,,,,58372.61026608,15100,HAP,,POLYGON 150.0009777837023 2.2930825003137087 149.99541652148676 2.349582375992502 150.02414899640053 2.354068835641976 150.02641480346074 2.330791062642193 150.0290975246561 2.2977771741632305 150.00391068277176 2.2933325500497332 150.00140868715243 2.2929158414155197 150.0009777837023 2.2930825003137087 POLYGON 150.0294728267408 2.2979716179086935 150.02741562850676 2.324068840350235 150.0247189218483 2.3539993921789892 150.05249243438163 2.3584158222175535 150.05453536412705 2.3346657893245424 150.0566197547119 2.302832418950994 150.03304514533306 2.298374384443912 150.02984812814756 2.2978049505297053 150.0294728267408 2.2979716179086935,mast:HST/product/hst_15100_06_acs_wfc_total_jdnb06_drc.jpg,mast:HST/product/hst_15100_06_acs_wfc_total_jdnb06_drc.fits,PUBLIC,False,,26489259,,,0.0,2117792,150.02152564060543,2.3448552753162994,,58187.49621165
science,HST,HAP-SVM,ACS/WFC,HAP,F435W,OPTICAL,CLUTCH-TARGET-BT,GALAXY;HIGH REDSHIFT GALAXY,hst_17802_bt_acs_wfc_f435w_jffubt,149.9748,2.4496,image,"Kartaltepe, Jeyhan",3,60694.56596148,60694.57798731,800.0,OPTICAL,370.0,479.99999999999994,,60694.84449069,17802,HAP,,POLYGON 150.0535991012288 2.3752692992560087 150.03290008198908 2.322478065631108 150.0311625501438 2.3229919754484665 150.03063432800425 2.3220753151702653 150.00334796446668 2.3311309098265696 150.0035981639907 2.332061467181855 150.00308384675103 2.3323531295972124 150.0024861374473 2.3314503469228818 149.9761168548225 2.3401165330770572 149.98573549173267 2.3636723171151433 149.9976480627836 2.391269732418896 149.9992883847629 2.390811418763473 149.9998444152366 2.391644757952246 150.0012484194623 2.391255883784284 150.02590871963596 2.3839642413863866 150.02565849596698 2.38304757691138 150.0259504134969 2.382853130181539 150.02635354071828 2.382964237955064 150.0267149702651 2.3836586791756087 150.0535991012288 2.3752692992560087,mast:HST/product/hst_17802_bt_acs_wfc_f435w_jffubt_drc.jpg,mast:HST/product/hst_17802_bt_acs_wfc_f435w_jffubt_drc.fits,PUBLIC,False,,250804823,370.0,479.99999999999994,0.0,2117792,150.02152564060543,2.3448552753162994,F435W,60694.56596148
science,HST,HAP-SVM,ACS/WFC,HAP,F606W,OPTICAL,CLUTCH-TARGET-BT,GALAXY;HIGH REDSHIFT GALAXY,hst_17802_bt_acs_wfc_f606w_jffubt,149.9748,2.4496,image,"Kartaltepe, Jeyhan",3,60694.55178333,60694.56298731,800.0,OPTICAL,470.0,720.0,,60694.77719904,17802,HAP,,POLYGON 150.03284448239702 2.322603066287088 150.03112085068372 2.3231169758786585 150.03057872822347 2.322200315737499 150.00327846147957 2.3312559092300886 150.00354256138021 2.332186466710716 150.00302824408288 2.332478129106042 150.0024583356742 2.331561457764556 149.9760612494448 2.3402415315034757 149.98581888616673 2.364144541013281 149.99760635809534 2.391408620732557 149.99928838321333 2.3909503076010306 149.99987221588304 2.3917697582068578 150.02588091879414 2.38408924158139 150.02560289340838 2.3831864662068694 150.02596431529423 2.3829642411569316 150.02629793823266 2.383103127278415 150.02665936778794 2.3837975685120014 150.05351570284395 2.3755054126265094 150.03284448239702 2.322603066287088,mast:HST/product/hst_17802_bt_acs_wfc_f606w_jffubt_drc.jpg,mast:HST/product/hst_17802_bt_acs_wfc_f606w_jffubt_drc.fits,PUBLIC,False,,250804483,470.0,720.0,0.0,2117792,150.02152564060543,2.3448552753162994,F606W,60694.55178333
science,HST,HAP-SVM,ACS/WFC,HAP,detection,,CLUTCH-TARGET-BT,GALAXY;HIGH REDSHIFT GALAXY,hst_17802_bt_acs_wfc_total_jffubt,149.9748,2.4496,image,"Kartaltepe, Jeyhan",3,60694.55178333,60694.57798731,1600.0,,,,,60694.84449069,17802,HAP,,POLYGON 150.05358520040352 2.3752692996456015 150.0329139831953 2.32254750986796 150.03113474952715 2.3229919757694875 150.030592627264 2.3220892045187838 150.00334796446668 2.3311309098265696 150.00320895894328 2.331325353087827 150.00350086085538 2.332103133061594 150.00308384675103 2.3323531295972124 150.0024861374473 2.3314503469228818 149.9761168548225 2.3401165330770572 149.97600564405715 2.3403665299276915 149.98481808664607 2.361727853462445 149.997620259087 2.3914086209065264 149.99930228420064 2.390950307757957 149.99987221588304 2.3917697582068578 150.00365329542583 2.3906864611718683 150.02588091879414 2.38408924158139 150.02599212447453 2.383880907398136 150.02570019945426 2.3831447987843766 150.02604772040593 2.3829225738222193 150.0266593676697 2.383783679626258 150.0533627952781 2.375560972433191 150.05358520040352 2.3752692996456015,mast:HST/product/hst_17802_bt_acs_wfc_total_jffubt_drc.jpg,mast:HST/product/hst_17802_bt_acs_wfc_total_jffubt_drc.fits,PUBLIC,False,,250804406,,,0.0,2117792,150.02152564060543,2.3448552753162994,,60694.55178333
science,HST,HAP-SVM,ACS/WFC,HAP,F435W,OPTICAL,CLUTCH-TARGET-CH,GALAXY;HIGH REDSHIFT GALAXY,hst_17802_ch_acs_wfc_f435w_jffuch,149.9868495833,2.418227777778,image,"Kartaltepe, Jeyhan",3,60704.32927148,60704.34129768,800.0,OPTICAL,370.0,479.99999999999994,,60704.67459475,17802,HAP,,POLYGON 150.06565251667732 2.343919035035103 150.04489837214587 2.2910722411214937 150.04320257889444 2.291613927890785 150.04266046871376 2.2907111565665086 150.01537470764458 2.2997667503482933 150.0156388017012 2.3007111966746208 150.01513839620247 2.300975081488004 150.01455460011258 2.3000722990068154 149.98810250040634 2.308863489754725 149.99913871001206 2.3355165214902742 150.00970274266166 2.359905573990272 150.01138472948165 2.359433371645325 150.01195464815476 2.360266710880766 150.01360883333842 2.3597945055533165 150.03797665893975 2.3525861929113843 150.03771254052967 2.3516834174088403 150.03801835195483 2.3514750817104035 150.03839366885302 2.3515861897500603 150.03878289133698 2.3522806307746014 150.06565251667732 2.343919035035103,mast:HST/product/hst_17802_ch_acs_wfc_f435w_jffuch_drc.jpg,mast:HST/product/hst_17802_ch_acs_wfc_f435w_jffuch_drc.fits,PUBLIC,False,,250805590,370.0,479.99999999999994,0.0,2117792,150.02152564060543,2.3448552753162994,F435W,60704.32927148
science,HST,HAP-SVM,ACS/WFC,HAP,F606W,OPTICAL,CLUTCH-TARGET-CH,GALAXY;HIGH REDSHIFT GALAXY,hst_17802_ch_acs_wfc_f606w_jffuch,149.9868495833,2.418227777778,image,"Kartaltepe, Jeyhan",3,60704.26353074,60704.27473509,800.0,OPTICAL,470.0,720.0,,60704.53751157,17802,HAP,,POLYGON 150.04488447410282 2.291225019008508 150.04314698017143 2.291725039589195 150.0426326698158 2.2908083790533054 150.01534690668615 2.2998639723239314 150.01558320044563 2.3008223073235663 150.0150966949928 2.3010861922321872 150.01448509871068 2.300183409491826 149.98806079952513 2.308877377503153 149.99855491471746 2.334377621144687 150.0096471386075 2.3600166843723662 150.01134302609617 2.3595583711353467 150.01192684562164 2.3603778216514395 150.03789325629901 2.3527111935443603 150.037643038833 2.3518500845782127 150.03782374485192 2.351627860996756 150.03818515961913 2.3515445247980367 150.03869948878625 2.3524056314558868 150.06559691882654 2.344071814301013 150.04488447410282 2.291225019008508,mast:HST/product/hst_17802_ch_acs_wfc_f606w_jffuch_drc.jpg,mast:HST/product/hst_17802_ch_acs_wfc_f606w_jffuch_drc.fits,PUBLIC,False,,250805600,470.0,720.0,0.0,2117792,150.02152564060543,2.3448552753162994,F606W,60704.26353074
science,HST,HAP-SVM,ACS/WFC,HAP,detection,,CLUTCH-TARGET-CH,GALAXY;HIGH REDSHIFT GALAXY,hst_17802_ch_acs_wfc_total_jffuch,149.9868495833,2.418227777778,image,"Kartaltepe, Jeyhan",3,60704.26353074,60704.34129768,1600.0,,,,,60704.67459475,17802,HAP,,POLYGON 150.06563861616544 2.3439190354196606 150.0449400728463 2.291127796128005 150.04318867889282 2.2916139280491707 150.04266046871376 2.2907111565665086 150.01537470764458 2.2997667503482933 150.01526350538612 2.2999611938491524 150.01555540115004 2.300711196017244 150.01534689818558 2.300905638754097 150.0149298960783 2.300822302018085 150.01455460011258 2.3000722990068154 149.98804689821205 2.308919043777427 149.9992499042261 2.3359887458312354 150.00964713877698 2.3600027954888727 150.01135692676755 2.359558371290097 150.0118712427559 2.360391709937676 150.01348372595558 2.359933393195561 150.03789325629901 2.3527111935443603 150.03803226058193 2.352488970267442 150.0377403422542 2.3517528616222796 150.03796275035165 2.3515723043551544 150.03832416667726 2.351683412523597 150.0386994886696 2.3523917425701453 150.0624971298475 2.345085785119161 150.06548571662125 2.3441412617914463 150.06563861616544 2.3439190354196606,mast:HST/product/hst_17802_ch_acs_wfc_total_jffuch_drc.jpg,mast:HST/product/hst_17802_ch_acs_wfc_total_jffuch_drc.fits,PUBLIC,False,,250805227,,,0.0,2117792,150.02152564060543,2.3448552753162994,,60704.26353074
science,HST,HAP-SVM,WFC3/UVIS,HAP,F275W,UV,CLUTCH-TARGET-CU,GALAXY;HIGH REDSHIFT GALAXY,hst_17802_cu_wfc3_uvis_f275w_iffucu,150.0229983333,2.324111111111,image,"Kartaltepe, Jeyhan",3,60984.03101782,60984.04489501,1060.0,UV,243.20000000000002,305.8,,60984.45563651,17802,HAP,,POLYGON 150.05279015855123 2.3118554838156764 150.0109791575404 2.2957326661878623 150.01056060819047 2.2960518242131074 150.0086771526333 2.2953364482610117 149.9990722917563 2.3154104626194747 150.00099982428927 2.3163349577385675 150.00082358906184 2.3165000385581886 149.99889605279776 2.3158066598424596 149.98918076356864 2.336067699392747 150.0313341758393 2.3529835588789094 150.03169766284705 2.35262037291786 150.0336032363739 2.3533577290997094 150.04319684108003 2.332733202779873 150.04126925821535 2.3317867540735335 150.04145650497608 2.331599656944616 150.04338408387454 2.3323039831982717 150.05279015855123 2.3118554838156764,mast:HST/product/hst_17802_cu_wfc3_uvis_f275w_iffucu_drc.jpg,mast:HST/product/hst_17802_cu_wfc3_uvis_f275w_iffucu_drc.fits,PUBLIC,False,,357637061,243.20000000000002,305.8,0.0,2117792,150.02152564060543,2.3448552753162994,F275W,60984.03101782
science,HST,HAP-SVM,WFC3/UVIS,HAP,detection,,CLUTCH-TARGET-CU,GALAXY;HIGH REDSHIFT GALAXY,hst_17802_cu_wfc3_uvis_total_iffucu,150.0229983333,2.324111111111,image,"Kartaltepe, Jeyhan",3,60984.03101782,60984.04489501,1060.0,,,,,60984.45563651,17802,HAP,,POLYGON 150.05279015855123 2.3118554838156764 150.01115538700037 2.2958537284957954 150.01082495578225 2.295765681753624 150.01056060786362 2.2960958464240933 150.008655123272 2.295402481385866 149.99911635148055 2.315311413310291 149.99912736380534 2.315454485688887 150.00101083915555 2.316312946784758 150.00081257403352 2.3165330550652072 149.99888503790277 2.3158286707795415 149.98918076356864 2.336067699392747 150.0313341758393 2.3529835588789094 150.03169766284705 2.35262037291786 150.0336032363739 2.3533577290997094 150.0431858267437 2.332755214061999 150.0412472294964 2.331830776608189 150.04148954867628 2.331577645356316 150.04339509820426 2.3322819719146124 150.05279015855123 2.3118554838156764,mast:HST/product/hst_17802_cu_wfc3_uvis_total_iffucu_drc.jpg,mast:HST/product/hst_17802_cu_wfc3_uvis_total_iffucu_drc.fits,PUBLIC,False,,357637088,,,0.0,2117792,150.02152564060543,2.3448552753162994,,60984.03101782
science,HST,HAP-SVM,WFC3/IR,HAP,F098M,INFRARED,CLUTCH-TARGET-CV,GALAXY;HIGH REDSHIFT GALAXY,hst_17802_cv_wfc3_ir_f098m_iffucv,150.01094875,2.355483333333,image,"Kartaltepe, Jeyhan",3,60984.86601205,60984.87818724,805.867066,INFRARED,895.5,1076.7,,60985.09954865,17802,HAP,,POLYGON 150.03583644926056 2.3480214176513345 150.0010373403889 2.3316341272757772 150.0003242475989 2.331990372464472 149.99871979982868 2.3312778605949047 149.99839890450747 2.3318478578682043 149.98460005080491 2.362235796800171 150.01829440038068 2.3780891291357213 150.02093292524518 2.378445360840288 150.03583644926056 2.3480214176513345,mast:HST/product/hst_17802_cv_wfc3_ir_f098m_iffucv_drz.jpg,mast:HST/product/hst_17802_cv_wfc3_ir_f098m_iffucv_drz.fits,PUBLIC,False,,358181289,895.5,1076.7,0.0,2117792,150.02152564060543,2.3448552753162994,F098M,60984.86601205
science,HST,HAP-SVM,WFC3/IR,HAP,detection,,CLUTCH-TARGET-CV,GALAXY;HIGH REDSHIFT GALAXY,hst_17802_cv_wfc3_ir_total_iffucv,150.01094875,2.355483333333,image,"Kartaltepe, Jeyhan",3,60984.86601205,60984.87818724,805.867066,,,,,60985.09954865,17802,HAP,,POLYGON 149.9984702138438 2.3318122334632476 149.98460005080491 2.362235796800171 150.01815177715056 2.378017879989818 150.01915013565124 2.377839748817993 150.02082595865747 2.3785166116643093 150.03558687651085 2.348662672152115 150.03508768872737 2.3476295562811718 150.0020713184662 2.3321328834323283 149.99900503502377 2.3313847378411996 149.9984702138438 2.3318122334632476,mast:HST/product/hst_17802_cv_wfc3_ir_total_iffucv_drz.jpg,mast:HST/product/hst_17802_cv_wfc3_ir_total_iffucv_drz.fits,PUBLIC,False,,358181332,,,0.0,2117792,150.02152564060543,2.3448552753162994,,60984.86601205
science,HST,HAP-SVM,WFC3/UVIS,HAP,F275W,UV,CLUTCH-TARGET-CV,GALAXY;HIGH REDSHIFT GALAXY,hst_17802_cv_wfc3_uvis_f275w_iffucv,150.01094875,2.355483333333,image,"Kartaltepe, Jeyhan",3,60984.88052004,60984.89439724,1060.0,UV,243.20000000000002,305.8,,60985.70913186,17802,HAP,,POLYGON 150.04074116364984 2.3432276692513287 149.99892923366014 2.3271048559551626 149.9985106750277 2.3274240139392885 149.9966271779226 2.326708637781581 149.98702210057962 2.3467826505640508 149.98894967589933 2.3477071460701326 149.9887734367102 2.3478722268558485 149.98684585760878 2.3471788477498863 149.9771303456119 2.367439884792788 150.01928470747183 2.3843557486243268 150.01964820267526 2.383992562626871 150.02155381944422 2.384729918597357 150.03114763710022 2.3641053906862766 150.02922001076738 2.3631589423702657 150.0294072616946 2.362971845204984 150.03133488400758 2.3636761710648693 150.04074116364984 2.3432276692513287,mast:HST/product/hst_17802_cv_wfc3_uvis_f275w_iffucv_drc.jpg,mast:HST/product/hst_17802_cv_wfc3_uvis_f275w_iffucv_drc.fits,PUBLIC,False,,358181327,243.20000000000002,305.8,0.0,2117792,150.02152564060543,2.3448552753162994,F275W,60984.88052004
science,HST,HAP-SVM,WFC3/UVIS,HAP,detection,,CLUTCH-TARGET-CV,GALAXY;HIGH REDSHIFT GALAXY,hst_17802_cv_wfc3_uvis_total_iffucv,150.01094875,2.355483333333,image,"Kartaltepe, Jeyhan",3,60984.88052004,60984.89439724,1060.0,,,,,60985.70913186,17802,HAP,,POLYGON 150.04074116364984 2.3432276692513287 149.9991054670036 2.327225918279915 149.9987750284907 2.3271378715059665 149.99851067469643 2.3274680361503077 149.99660514806664 2.326774670903823 149.98706616130673 2.3466836012641017 149.98707717384696 2.3468266736450136 149.98896069101545 2.3476851351184282 149.9887624214298 2.3479052433607333 149.98683484246354 2.34720085868463 149.9771303456119 2.367439884792788 150.01928470747183 2.3843557486243268 150.01964820267526 2.383992562626871 150.02155381944422 2.384729918597357 150.0311366225212 2.3641274019707312 150.0292089961651 2.3631809536397657 150.02944030613216 2.362949833610247 150.03134589857984 2.363654159778849 150.04074116364984 2.3432276692513287,mast:HST/product/hst_17802_cv_wfc3_uvis_total_iffucv_drc.jpg,mast:HST/product/hst_17802_cv_wfc3_uvis_total_iffucv_drc.fits,PUBLIC,False,,358181333,,,0.0,2117792,150.02152564060543,2.3448552753162994,,60984.88052004
science,HST,HAP-SVM,WFPC2/PC,HAP,F300W,UV,ANY,UNIDENTIFIED;PARALLEL FIELD,hst_9822_45_wfpc2_pc_f300w_u8pu45,150.0208777338,2.350065464947,image,"Scoville, Nicholas Z.",3,52930.87309805,52930.93606101,1600.0,UV,254.97,328.99,,52931.10461808,9822,HAP,,POLYGON 149.99933575008473 2.3397647157412202 150.00840754045527 2.346199559266534 150.00380194271938 2.352823897407914 150.0109000298441 2.357893373344416 150.00448504158325 2.3670460910262183 150.0221736056675 2.379726024198714 150.0225784959677 2.3793720486883583 150.0230972639801 2.3797007375034687 150.0235021536242 2.3792329842515594 150.023907045874 2.3794984634706733 150.02423601846482 2.3791192038904954 150.02478009247514 2.379447891967754 150.03572462139428 2.364290109757066 150.0375212717981 2.3617364137254375 150.03748330975782 2.3614456495501925 150.04862998621763 2.3457062337935324 150.0302204219701 2.332470394714334 150.01437961598668 2.3215225162642197 150.01401269733935 2.321889131461361 150.0134939529529 2.321560439276877 150.01308907668462 2.3220281896313364 150.01265889845274 2.3217753491187367 150.01232993628702 2.3221419640344365 150.0117479302548 2.3218764806411136 149.99933575008473 2.3397647157412202,mast:HST/product/hst_9822_45_wfpc2_pc_f300w_u8pu45_drz.jpg,mast:HST/product/hst_9822_45_wfpc2_pc_f300w_u8pu45_drz.fits,PUBLIC,False,,207848980,254.97,328.99,0.0,2117792,150.02152564060543,2.3448552753162994,F300W,52930.87309805
science,HST,HAP-SVM,WFPC2/PC,HAP,detection,,ANY,UNIDENTIFIED;PARALLEL FIELD,hst_9822_45_wfpc2_pc_total_u8pu45,150.0208777338,2.350065464947,image,"Scoville, Nicholas Z.",3,52930.87309805,52930.93606101,1600.0,,,,,52931.10461808,9822,HAP,,POLYGON 149.99933575008473 2.3397647157412202 150.00840754045527 2.346199559266534 150.00380194271938 2.352823897407914 150.0109000298441 2.357893373344416 150.00448504158325 2.3670460910262183 150.0221736056675 2.379726024198714 150.0225784959677 2.3793720486883583 150.0230972639801 2.3797007375034687 150.0235021536242 2.3792329842515594 150.023907045874 2.3794984634706733 150.02423601846482 2.3791192038904954 150.02478009247514 2.379447891967754 150.03572462139428 2.364290109757066 150.0375212717981 2.3617364137254375 150.03748330975782 2.3614456495501925 150.04862998621763 2.3457062337935324 150.0302204219701 2.332470394714334 150.01437961598668 2.3215225162642197 150.01401269733935 2.321889131461361 150.0134939529529 2.321560439276877 150.01308907668462 2.3220281896313364 150.01265889845274 2.3217753491187367 150.01232993628702 2.3221419640344365 150.0117479302548 2.3218764806411136 149.99933575008473 2.3397647157412202,mast:HST/product/hst_9822_45_wfpc2_pc_total_u8pu45_drz.jpg,mast:HST/product/hst_9822_45_wfpc2_pc_total_u8pu45_drz.fits,PUBLIC,False,,207848993,,,0.0,2117792,150.02152564060543,2.3448552753162994,,52930.87309805
science,HST,HAP-SVM,WFPC2/PC,HAP,F300W,UV,ANY,UNIDENTIFIED;PARALLEL FIELD,hst_9822_46_wfpc2_pc_f300w_u8pu46,150.0208777338,2.350065464947,image,"Scoville, Nicholas Z.",3,52930.98212583,52931.01175546,1600.0,UV,254.97,328.99,,52931.22621533,9822,HAP,,POLYGON 149.99933556572017 2.3397647471260776 150.0084073560909 2.3461995906513917 150.00380175835494 2.3528239287927732 150.0108998454798 2.357893404729268 150.0044848572188 2.3670461224110784 150.02218607419226 2.3797386974903785 150.02257831160367 2.379372080073219 150.0230970796161 2.3797007688883287 150.02350196926022 2.37923301563642 150.02390686151 2.379498494855534 150.02423583410084 2.379119235275344 150.02477990811116 2.3794479233526147 150.03572443703055 2.364290141141924 150.0375210874344 2.3617364451102953 150.03748312539412 2.36144568093505 150.0486298018542 2.345706265178388 150.03022023760624 2.3324704260991735 150.01437943162247 2.3215225476490677 150.0140125129751 2.321889162846222 150.01349376858866 2.3215604706617383 150.01308889232038 2.3220282210161973 150.0126587140885 2.3217753805035977 150.01232975192275 2.3221419954192974 150.0117730507319 2.321838586321687 149.99933556572017 2.3397647471260776,mast:HST/product/hst_9822_46_wfpc2_pc_f300w_u8pu46_drz.jpg,mast:HST/product/hst_9822_46_wfpc2_pc_f300w_u8pu46_drz.fits,PUBLIC,False,,207852138,254.97,328.99,0.0,2117792,150.02152564060543,2.3448552753162994,F300W,52930.98212583
science,HST,HAP-SVM,WFPC2/PC,HAP,detection,,ANY,UNIDENTIFIED;PARALLEL FIELD,hst_9822_46_wfpc2_pc_total_u8pu46,150.0208777338,2.350065464947,image,"Scoville, Nicholas Z.",3,52930.98212583,52931.01175546,1600.0,,,,,52931.22621533,9822,HAP,,POLYGON 150.04864245357615 2.3456683390778252 150.028714591089 2.3314085146912755 150.01437943162247 2.3215225476490677 150.0140125129751 2.321889162846222 150.01349376858866 2.3215604706617383 150.01308889232038 2.3220282210161973 150.0126587140885 2.3217753805035977 150.01232975192275 2.3221419954192974 150.0117730507319 2.321838586321687 149.99933556572017 2.3397647471260776 150.0084073560909 2.3461995906513917 150.00380175835494 2.3528239287927732 150.0108998454798 2.357893404729268 150.0044848572188 2.3670461224110784 150.02218607419226 2.3797386974903785 150.02257831160367 2.379372080073219 150.0230970796161 2.3797007688883287 150.02350196926022 2.37923301563642 150.02390686151 2.379498494855534 150.02423583410084 2.379119235275344 150.02477990811116 2.3794479233526147 150.03617992652474 2.3636453962992516 150.0375210874344 2.3617364451102953 150.03748312539412 2.36144568093505 150.04864245357615 2.3456683390778252,mast:HST/product/hst_9822_46_wfpc2_pc_total_u8pu46_drz.jpg,mast:HST/product/hst_9822_46_wfpc2_pc_total_u8pu46_drz.fits,PUBLIC,False,,207852163,,,0.0,2117792,150.02152564060543,2.3448552753162994,,52930.98212583
science,HST,HAP-SVM,ACS/WFC,HAP,F814W,OPTICAL,COSMOS25-21,CLUSTER OF GALAXIES;BLANK SKY,hst_9822_4c_acs_wfc_f814w_j8pu4c,150.0327916667,2.329077777778,image,"Scoville, Nicholas",3,52935.52059596,52935.65438142,2028.0,OPTICAL,708.0,959.0,,52935.81093743,9822,HAP,,POLYGON 150.05724672125825 2.2973397019776747 150.05627371731 2.297339718074353 149.99772645892497 2.305964464924292 150.0041060286554 2.3348396039505053 150.01011060153607 2.3600341543522596 150.03679989341907 2.35710378431267 150.0684376619757 2.3529922317964687 150.05724672125825 2.2973397019776747,mast:HST/product/hst_9822_4c_acs_wfc_f814w_j8pu4c_drc.jpg,mast:HST/product/hst_9822_4c_acs_wfc_f814w_j8pu4c_drc.fits,PUBLIC,False,,26353568,708.0,959.0,0.0,2117792,150.02152564060543,2.3448552753162994,F814W,52935.52059596
science,HST,HAP-SVM,ACS/WFC,HAP,detection,,COSMOS25-21,CLUSTER OF GALAXIES;BLANK SKY,hst_9822_4c_acs_wfc_total_j8pu4c,150.0327916667,2.329077777778,image,"Scoville, Nicholas",3,52935.52059596,52935.65438142,2028.0,,,,,52935.81093743,9822,HAP,,POLYGON 150.05724672244898 2.2974091463941533 150.0562876182813 2.2973952733826026 149.99783766003387 2.3059644676796873 150.00366125945558 2.332714595011772 150.01013840311302 2.3600202659270093 150.03668868823078 2.357103784603705 150.0684237606762 2.352964454380309 150.05724672244898 2.2974091463941533,mast:HST/product/hst_9822_4c_acs_wfc_total_j8pu4c_drc.jpg,mast:HST/product/hst_9822_4c_acs_wfc_total_j8pu4c_drc.fits,PUBLIC,False,,26353572,,,0.0,2117792,150.02152564060543,2.3448552753162994,,52935.52059596
science,HST,HAP-MVM,ACS/WFC,HAP,F814W,OPTICAL,ANY,CLUSTER OF GALAXIES;BLANK SKY,hst_skycell-p1359x02y12_acs_wfc_f814w_all,150.0397347676,2.35276528118,image,,3,52935.52059596,56026.35663794,14880.0,OPTICAL,708.0,959.0,,56026.45376155,,,,POLYGON 150.02553717048016 2.11777696321321 150.01997367355693 2.117806427810599 150.02027372478688 2.3615169017658517 150.0401986109964 2.361510030330097 150.03824942809743 2.3570159033740676 150.0384269210891 2.3568490887579214 150.04059843590377 2.361509443893571 150.07137324794095 2.3614639607687575 150.0676980068946 2.3532861743470264 150.06844163403005 2.352918658157161 150.05725492545645 2.297328301052299 150.05129109624173 2.2705990685115687 150.04606611821328 2.2484765570978738 150.04622137228674 2.248298678258267 150.0495411865144 2.247738834181924 150.0437446965355 2.221419661847971 150.03789464546998 2.1965659816569825 150.03802764539347 2.196354824947992 150.04061455002972 2.195873827330443 150.03005534010774 2.1435103542847833 150.0301772193798 2.1432881111010005 150.03108757408057 2.1430870313767665 150.02553717048016 2.11777696321321,mast:HST/product/hst_skycell-p1359x02y12_acs_wfc_f814w_all_drc.jpg,mast:HST/product/hst_skycell-p1359x02y12_acs_wfc_f814w_all_drc.fits,PUBLIC,False,,83207656,708.0,959.0,0.0,2117792,150.02152564060543,2.3448552753162994,F814W,52935.52059596
science,HST,HAP-MVM,WFC3/IR,HAP,F160W,INFRARED,WFC3-PEAK3-2,GALAXY;ULTRALUMINOUS IR GAL,hst_skycell-p1359x02y12_wfc3_ir_f160w_all,150.0216520833,2.243694444444,image,,3,57149.64188153,59750.07363036,3323.4945079999993,INFRARED,1393.8999999999999,1692.4,,59758.10947918,,,,POLYGON 150.04623710216094 2.23419676875771 150.02010253921063 2.222484827736668 150.02014889768336 2.2601385197680526 150.03218323939382 2.265618177396937 150.03267195930775 2.2656730118106143 150.04628192495957 2.234518718288714 150.04623710216094 2.23419676875771 POLYGON 150.02022368271625 2.320876955137988 150.02027094916448 2.3592628374078632 150.02461639140526 2.361532795819066 150.03335713181184 2.361520047156884 150.0468287828277 2.334607293615882 150.03792695731985 2.329878921681168 150.02022368271625 2.320876955137988,mast:HST/product/hst_skycell-p1359x02y12_wfc3_ir_f160w_all_drz.jpg,mast:HST/product/hst_skycell-p1359x02y12_wfc3_ir_f160w_all_drz.fits,PUBLIC,False,,83207647,1393.8999999999999,1692.4,0.0,2117792,150.02152564060543,2.3448552753162994,F160W,57149.64188153
science,HST,HAP-MVM,WFC3/IR,HAP,F160W,INFRARED,WFC3-PEAK3-2,GALAXY;ULTRALUMINOUS IR GAL,hst_skycell-p1359x02y12_wfc3_ir_f160w_coarse-all,150.0216520833,2.243694444444,image,,3,57149.64188153,59750.07363036,3323.4945079999993,INFRARED,1393.8999999999999,1692.4,,59758.10947918,,,,POLYGON 150.04612596603096 2.2341303002693156 150.02012485974595 2.222573629682965 150.02017108201758 2.260116280941637 150.03267190428375 2.2656285962870157 150.04612596603096 2.2341303002693156 POLYGON 150.02024601826696 2.320976858142132 150.02029314850833 2.3592517014114733 150.0245275122803 2.361510717663556 150.033357104289 2.361497839811207 150.0468177461121 2.3346628279869632 150.02024601826696 2.320976858142132,mast:HST/product/hst_skycell-p1359x02y12_wfc3_ir_f160w_coarse-all_drz.jpg,mast:HST/product/hst_skycell-p1359x02y12_wfc3_ir_f160w_coarse-all_drz.fits,PUBLIC,False,,83207645,1393.8999999999999,1692.4,0.0,2117792,150.02152564060543,2.3448552753162994,F160W,57149.64188153
science,HST,HAP-MVM,ACS/WFC,HAP,F814W,OPTICAL,ANY,CLUSTER OF GALAXIES;BLANK SKY,hst_skycell-p1359x03y12_acs_wfc_f814w_all,150.0397347676,2.35276528118,image,,3,52935.52059596,57149.14217706,78034.0,OPTICAL,708.0,959.0,,57515.43319445,,,,POLYGON 150.02553717048016 2.11777696321321 149.78182936481997 2.11809832846432 149.78209409027642 2.3618424178935213 150.02591584671734 2.3615309039940957 150.02553717048016 2.11777696321321,mast:HST/product/hst_skycell-p1359x03y12_acs_wfc_f814w_all_drc.jpg,mast:HST/product/hst_skycell-p1359x03y12_acs_wfc_f814w_all_drc.fits,PUBLIC,False,,87616468,708.0,959.0,0.0,2117792,150.02152564060543,2.3448552753162994,F814W,52935.52059596
science,HST,HAP-MVM,WFC3/IR,HAP,F160W,INFRARED,WFC3-PEAK3N7-2,GALAXY;HIGH REDSHIFT GALAXY,hst_skycell-p1359x03y12_wfc3_ir_f160w_all,149.9876591667,2.229266666667,image,,3,55491.17355316,60024.66707753,49633.340186000016,INFRARED,1393.8999999999999,1692.4,,59759.11665507,,,,POLYGON 150.0201846388529 2.1177839446659776 149.91208272944834 2.117920992392316 149.90631340202071 2.132631014856892 149.90642480233043 2.1329196048213803 149.92213684142115 2.139396389244927 149.91677474887598 2.1508632868653095 149.91683064447494 2.1511741520270697 149.9512228888086 2.1665992982010183 149.95134524111975 2.166754604994759 149.9505477510033 2.1685656803116142 149.95067007709304 2.1686987778962936 149.98491714250778 2.184033817123963 149.98533881349422 2.1837445475784727 149.99905215894674 2.1545776765394393 149.99922968314573 2.1544441923218143 150.00371869607952 2.1564370646552207 150.00394049134513 2.156181375090846 150.00412932304806 2.156214439420063 150.0186060655334 2.1254478869267097 150.01702809682678 2.124583820442957 150.0201846388529 2.1177839446659776 POLYGON 149.90467290976696 2.1258812459824807 149.88944776694765 2.117948734488807 149.86527946207121 2.1179779913368417 149.8529210146726 2.140880746345555 149.85292116515706 2.141014009155357 149.8886514425016 2.1594602890592767 149.90401023280498 2.1290802847579604 149.90335439561562 2.1286035815915145 149.90467290976696 2.1258812459824807 POLYGON 150.02576943826944 2.224964370943863 150.01195759836338 2.218820475844325 150.01149109200315 2.218765589177445 150.01112521704613 2.2192657717989484 149.97830056137266 2.204541217830292 149.97792275554846 2.204375153893557 149.97726752616384 2.2043982322282716 149.94787580374117 2.1911891852270964 149.94406432013196 2.1895062322247347 149.94359783887222 2.18949573202843 149.92912893828674 2.2202743938565144 149.92928481191012 2.2205962258953837 149.94474251355962 2.227582961572074 149.93538080555436 2.247472510498788 149.93519210632863 2.247572701608713 149.93062389560632 2.244802589084533 149.9128420072061 2.273831440639766 149.9129533397309 2.2740533868705137 149.9247580408395 2.2815111012822786 149.94495454736028 2.2940208829305933 149.96063122481746 2.270080723998991 149.96634316699812 2.272671388573247 149.96675416615756 2.272715246721832 149.9670427391612 2.2725482890730184 150.00130262659968 2.287935942841601 150.0017136131708 2.287979786193022 150.01483761686927 2.2579695019491894 150.0150707179303 2.2578692427849973 150.0258159951917 2.2626734372995445 150.02576943826944 2.224964370943863 POLYGON 149.79880939600505 2.236152828887248 149.78236762182777 2.2659357071968196 149.7824455774178 2.266113299522093 149.78203551164682 2.267002244596457 149.7859815006328 2.2691296399067324 149.7847286689391 2.271407810086959 149.78480662484523 2.2715854016675214 149.7843520396659 2.2723966632357464 149.78450772206486 2.2725408423961255 149.8183870799219 2.290444729030847 149.81865363857028 2.290399970090265 149.819509497616 2.2908430942107754 149.83499461635114 2.2608394006652492 149.83549312122952 2.2596171993956506 149.8315916646885 2.2574232855338594 149.83275547758012 2.255134144837721 149.83309864207217 2.254067611800419 149.80485568092735 2.2391105609369895 149.79985398756747 2.236506924030583 149.799676336418 2.2365848798989707 149.79880939600505 2.236152828887248 POLYGON 149.92863373758362 2.318683879958346 149.90764037542107 2.3091512089981814 149.91105832180094 2.3063926740434897 149.88857457853797 2.2760288108157836 149.86081611950098 2.2957318051996434 149.8806639582141 2.322823826470345 149.88049743846662 2.322912886217783 149.87838515387833 2.321394334784295 149.8781741249393 2.3214168244856395 149.8776749581289 2.322028251523491 149.87695235727696 2.321529493611462 149.8767413279554 2.3215519831333338 149.87505538847978 2.323741868867594 149.87286574299716 2.3225787631481376 149.86273262094264 2.34006012775989 149.8562216627756 2.348663940924135 149.85723353680692 2.349539883219626 149.85582567274008 2.352129190300377 149.86611927756212 2.3583452730523606 149.8640873229035 2.359147540021298 149.865023408041 2.3617559153158973 149.90134766325602 2.361706740873013 149.89958658967413 2.35653440959178 149.90685057443523 2.346386031551097 149.91518575772062 2.3500391440048523 149.92876731426057 2.3189279969018153 149.92863373758362 2.318683879958346 POLYGON 150.01311125149937 2.3173005198634753 149.99705467373107 2.3474261952514373 150.02461639140526 2.361532795819066 150.02593803218792 2.361508664197153 150.02589135997323 2.323711436016686 150.01311125149937 2.3173005198634753 POLYGON 149.81272031561397 2.349576087880258 149.78233438052138 2.3273711073501175 149.782056767283 2.3274825117397184 149.78209409027642 2.3618424178935213 149.80394641675593 2.3618364615681826 149.81272031561397 2.349576087880258 POLYGON 149.95646612942198 2.3538573588386553 149.95618841964074 2.353835539644065 149.95518084084435 2.356513071959317 149.95502548327 2.356635436384916 149.95438101757367 2.3564364637944006 149.9524656239784 2.3616359332245813 149.97821226404247 2.361599558413644 149.95646612942198 2.3538573588386553 POLYGON 149.94118939896717 2.3598750242165667 149.94040286228875 2.361652811607071 149.94483478097484 2.3616466225563695 149.94118939896717 2.3598750242165667,mast:HST/product/hst_skycell-p1359x03y12_wfc3_ir_f160w_all_drz.jpg,mast:HST/product/hst_skycell-p1359x03y12_wfc3_ir_f160w_all_drz.fits,PUBLIC,False,,83785801,1393.8999999999999,1692.4,0.0,2117792,150.02152564060543,2.3448552753162994,F160W,55491.17355316
science,HST,HAP-MVM,WFC3/IR,HAP,F160W,INFRARED,WFC3-PEAK3N7-2,GALAXY;HIGH REDSHIFT GALAXY,hst_skycell-p1359x03y12_wfc3_ir_f160w_coarse-all,149.9876591667,2.229266666667,image,,3,55491.17355316,60024.66707753,49633.340186000016,INFRARED,1393.8999999999999,1692.4,,59759.11665507,,,,POLYGON 150.02008472231995 2.117806283167836 149.91210496795364 2.117943174760207 149.90632456011227 2.1326754207186673 149.92202588219567 2.1394853666409417 149.91690844169764 2.151218473690297 149.95051170012647 2.1662670754688724 149.95124533876057 2.1667991519532035 149.95064786478784 2.168698806503924 149.98425048536305 2.183779296736917 149.98534991928702 2.183744532919782 149.99890815382565 2.154877681109199 149.9993741346071 2.1545106285908817 150.00360760179666 2.156403898037661 150.00417364952037 2.156136651354273 150.01856179599673 2.1255700907444064 150.01712778214295 2.1243727107382737 150.02008472231995 2.117806283167836 POLYGON 149.85302119285873 2.1410694145862017 149.88856253620975 2.1594159794244177 149.9039880971322 2.12914694169453 149.90345413509826 2.1284146745790453 149.9046508901899 2.1260478471471806 149.88954775195208 2.1179708227461864 149.86525727349607 2.118000228407811 149.85302119285873 2.1410694145862017 POLYGON 150.02574722722198 2.2249644014213255 150.01197980970423 2.2188204456575193 150.0109474308062 2.2191882844904325 149.94354242531642 2.1895957453502803 149.92915121713622 2.2203298881383797 149.94465388425607 2.2277718558708326 149.9355137345053 2.2471725107518865 149.9351142795138 2.247506177147414 149.93057952014462 2.244847066104095 149.91285310161857 2.2738203212674177 149.94483234318201 2.2939988400308247 149.9606646378257 2.2701584093684257 149.96626539383584 2.272649285702437 149.9671316322081 2.2725814810938516 150.00173575799096 2.2879242349726603 150.01469363560093 2.2582917184029836 150.01519295093004 2.257924593644174 150.02579366024906 2.262573532892049 150.02574722722198 2.2249644014213255 POLYGON 149.79880943253107 2.2361861452282894 149.782013100759 2.2668245839750027 149.7858815808394 2.2691852905849546 149.78438528198697 2.2723188837960953 149.7847522760953 2.27268491178604 149.81839821320182 2.2904669254082903 149.8196314957215 2.290665255610626 149.83545973438257 2.259561715556795 149.8316581779743 2.257301044337354 149.83298748527162 2.2540011202700923 149.79880943253107 2.2361861452282894 POLYGON 149.88853017335745 2.2760510785881602 149.86079395353693 2.2957762539129005 149.87991858248608 2.3218364905502202 149.87955243471004 2.3222034353560113 149.878418490961 2.321405395343469 149.8776193539017 2.3219728012600767 149.87671913707024 2.321574222199745 149.8750219877885 2.3236752842200565 149.87278809967012 2.3226788095182034 149.86274371678192 2.340049008172844 149.85628818865283 2.348552803784836 149.85715594015383 2.349684349696579 149.85592575077925 2.352217896363228 149.86576367828033 2.3582347013240526 149.86413178237748 2.3591696901315835 149.8650678170545 2.361733646177113 149.90125877269278 2.3616846532283926 149.899586615389 2.356556618741846 149.90687286773039 2.3464526286082386 149.91524118027488 2.3499391275089856 149.92876732731492 2.318939101373774 149.90786251578885 2.309139806468863 149.91099153390726 2.306270612704957 149.88853017335745 2.2760510785881602 POLYGON 150.01310017242568 2.3173227434612023 149.99714360877718 2.3474926921741854 150.02451640581458 2.361510733826925 150.0259157370281 2.3614420742020936 150.0258691338807 2.323700364035824 150.01310017242568 2.3173227434612023 POLYGON 149.8126980973459 2.3495761166834463 149.7820789980598 2.3274935890630917 149.78211623707446 2.3617757576642786 149.80394639233396 2.361814251245178 149.8126980973459 2.3495761166834463 POLYGON 149.95636611047954 2.353813082123319 149.95530262483373 2.356179774236466 149.95427023480744 2.356680912303241 149.95257667189802 2.3616135688873303 149.97780127471776 2.3615779346624346 149.95636611047954 2.353813082123319 POLYGON 149.94141157666598 2.359896923021729 149.94051391196092 2.361630448071584 149.94454595865443 2.361624817741324 149.94141157666598 2.359896923021729,mast:HST/product/hst_skycell-p1359x03y12_wfc3_ir_f160w_coarse-all_drz.jpg,mast:HST/product/hst_skycell-p1359x03y12_wfc3_ir_f160w_coarse-all_drz.fits,PUBLIC,False,,83783005,1393.8999999999999,1692.4,0.0,2117792,150.02152564060543,2.3448552753162994,F160W,55491.17355316
science,HST,CALWF3,WFC3/IR,HST,F160W,INFRARED,HYLIRG-37,GALAXY;ULTRALUMINOUS IR GAL,icor19020,150.0222458333,2.340861111111,image,"Kartaltepe, Jeyhan",3,57149.6418815162,57149.674265243055,2612.0,INFRARED,1393.8999999999999,1692.4,Probing the Most Luminous Galaxies in the Universe at the Peak of Galaxy Assembly,57516.02729163,13657,GO,,POLYGON 150.04716577 2.33447054 150.03153 2.36470512 150.0313958382703 2.3646363691122265 150.03137285 2.36468082 149.99743388 2.34728823 149.99747263285374 2.3472132997007553 149.99742231 2.34718751 150.01305862 2.31695329 150.01319278398461 2.3170220466044165 150.01321577 2.3169776 150.0471542 2.33436981 150.04711544518111 2.33444475128431 150.04716577 2.33447054 150.04716577 2.33447054,mast:HST/product/icor19020_drz.jpg,mast:HST/product/icor19020_drz.fits,PUBLIC,False,,24982095,1393.8999999999999,1692.4,0.0,2117792,150.02152564060543,2.3448552753162994,F160W,57149.6418815162
science,HST,CALWF3,WFC3/IR,HST,F160W,INFRARED,COSMOS-T14,UNIDENTIFIED;BLANK FIELD,icxe14010,150.038875,2.336383333333,image,"van Dokkum, Pieter",3,57861.40752758102,57861.439853159725,2074.0,INFRARED,1393.8999999999999,1692.4,A Wide-Field WFC3 Imaging Survey in the COSMOS Field,57861.5201388,14114,GO,,POLYGON 150.06314447 2.36140948 150.05130964 2.39332146 150.01550272 2.38018777 150.02667884055219 2.3500540967275163 150.01503104 2.34578154 150.02686628 2.31386986 150.06267161 2.32700326 150.0514964610681 2.3571372249935383 150.06314447 2.36140948 150.06314447 2.36140948 POLYGON 150.05729621 2.58392914 150.04545943 2.61584114 150.00964645 2.60270743 150.02115814267424 2.5716742651217315 150.01002543 2.56759128 150.02132323742066 2.537133861569663 150.01248066 2.53389073 150.02375585271187 2.5034934828327073 150.01344503 2.49971176 150.024801884281 2.4690935243959049 150.01434434 2.46525789 150.02580127011797 2.4343690421568662 150.01205608 2.42932741 150.02389205 2.39741574 150.05969953 2.41054923 150.0482436434209 2.4414383741245556 150.06198907 2.44647961 150.05063324344945 2.4770981358695323 150.061091 2.48093348 150.04981685153683 2.511331014022105 150.06012787 2.51511244 150.0488311002841 2.5455701927908079 150.05767389 2.5488131 150.04616329997768 2.5798465165373297 150.05729621 2.58392914 150.05729621 2.58392914,mast:HST/product/icxe14010_drz.jpg,mast:HST/product/icxe14010_drz.fits,PUBLIC,False,,25857682,1393.8999999999999,1692.4,0.0,2117792,150.02152564060543,2.3448552753162994,F160W,57861.40752758102
calibration,HST,CALWF3,WFC3/IR,HST,F153M,INFRARED,DARK-EARTH-CALIB,,ifdm3lskq,150.0090501128,2.355257539228,image,"Dauphin, Frederick",3,60984.912030555555,60984.91322207176,102.934334,INFRARED,1493.9,1574.1000000000001,WFC3 CSM Monitor with Earth Flats,60985.23097226,17692,CAL/WFC3,,POLYGON 149.98423317581387 2.362299133291434 150.01880949070545 2.3784993710223503 150.0334691004706 2.3476672450181963 149.99889337937114 2.331467370887372 149.98423317581387 2.362299133291434,mast:HST/product/ifdm3lskq_flt.jpg,mast:HST/product/ifdm3lskq_drz.fits,PUBLIC,False,,357210064,1493.9,1574.1000000000001,0.0,2117792,150.02152564060543,2.3448552753162994,F153M,60984.912030555555
science,HST,CALWF3,WFC3/UVIS,HST,F275W,UV,CLUTCH-TARGET-CU,GALAXY;HIGH REDSHIFT GALAXY,iffucu040,150.023057422,2.323985395615,image,"Kartaltepe, Jeyhan",3,60984.031017824076,60984.04489502315,1060.0,UV,243.20000000000002,305.8,CLUTCH: The COSMOS Legacy UV-Optical Treasury Campaign with Hubble,60984.45563651,17802,GO,,POLYGON 150.04313354 2.33268085 150.03345511 2.35320129 150.03147397932688 2.3524162450069412 150.03127764 2.35283252 149.98909747 2.33611728 149.99877644 2.31559713 150.00075752599219 2.3163822312802615 150.00095386 2.31596598 150.04313354 2.33268085 150.04313354 2.33268085,mast:HST/product/iffucu040_drz.jpg,mast:HST/product/iffucu040_drz.fits,PUBLIC,False,,356370345,243.20000000000002,305.8,0.0,2117792,150.02152564060543,2.3448552753162994,F275W,60984.031017824076
science,HST,CALWF3,WFC3/IR,HST,F098M,INFRARED,CLUTCH-TARGET-CV,GALAXY;HIGH REDSHIFT GALAXY,iffucv030,150.01094875,2.355483333333,image,"Kartaltepe, Jeyhan",3,60984.86601203704,60984.87818723379,806.0,INFRARED,895.5,1076.7,CLUTCH: The COSMOS Legacy UV-Optical Treasury Campaign with Hubble,60985.09954865,17802,GO,,POLYGON 150.03552182 2.34819687 150.02094844 2.37895689 150.01902240316329 2.3780530598767786 150.0187721 2.37858136 149.98424756 2.36237946 149.99882154 2.3316199 150.00074750607698 2.3325237576493767 150.00099787 2.33199533 150.03552182 2.34819687 150.03552182 2.34819687,mast:HST/product/iffucv030_drz.jpg,mast:HST/product/iffucv030_drz.fits,PUBLIC,False,,357053515,895.5,1076.7,0.0,2117792,150.02152564060543,2.3448552753162994,F098M,60984.86601203704
science,HST,CALACS,ACS/WFC,HST,F814W,OPTICAL,COSMOS25-21,CLUSTER OF GALAXIES;BLANK SKY,j8pu4c010,150.0319527995,2.329205815331,image,"Scoville, Nicholas Z.",3,52935.52059594908,52935.65436917824,2028.0,OPTICAL,708.0,959.0,The COSMOS 2-Degree ACS Survey,52935.81093743,9822,GO,,POLYGON 150.06838463999995 2.3534420799998941 150.066701328774 2.3536714839729735 150.06670687 2.3536981899999558 150.03833688000009 2.357564169999955 150.03832210985567 2.3574929780235125 150.03748016999992 2.3576076999999578 150.03743057765229 2.3573686644286793 150.01044327000005 2.3608369499999915 150.01042893533554 2.3607722131194389 150.0095865800001 2.3608804599999149 149.99747007000005 2.3061588600000125 149.99915651030673 2.3059421496826729 149.99914780000003 2.3059028100000054 150.02603658117098 2.3024472903497362 150.02596094000003 2.3020826699999928 150.02764417477613 2.3018533178386775 150.02763863000013 2.3018265899999322 150.05600753000013 2.29796083000005 150.0560222985703 2.2980320128324578 150.05686419999989 2.2979172800000573 150.06838463999995 2.3534420799998941 150.06838463999995 2.3534420799998941,mast:HST/product/j8pu4c010_drz.jpg,mast:HST/product/j8pu4c010_drz.fits,PUBLIC,False,,24820593,708.0,959.0,0.0,2117792,150.02152564060543,2.3448552753162994,F814W,52935.52059594908
science,HST,CALACS,ACS/WFC,HST,F814W,OPTICAL,ANY,UNIDENTIFIED;PARALLEL FIELD,jbhm33010,150.0397686472,2.353018465937,image,"van Dokkum, Pieter",3,55717.48284568287,55717.619558645834,480.0,OPTICAL,708.0,959.0,3D-HST: A Spectroscopic Galaxy Evolution Treasury Part 2,55717.76069437,12328,GO,,POLYGON 150.07514841 2.3696240100001416 150.04902538000002 2.3787908500000574 150.04895503557344 2.3786363253893867 150.04863284999988 2.3787493799998884 150.02662644938553 2.3304063693774908 150.04809660000004 2.3792777899999558 150.04802979473433 2.3793017940567114 150.04813048000003 2.3795309699999918 150.02117832999988 2.38921493000012 150.02110908007319 2.3890572987727339 150.02078579999991 2.3891734500000368 149.99795554000011 2.3372035899999544 149.99802234731021 2.337179587139643 149.99792167000007 2.3369504000000343 150.0248729599999 2.327266889999875 150.02494220633051 2.3274245186794134 150.02526548999998 2.3273083599999493 150.02542694127709 2.3276758791474212 150.02545967990747 2.3276643914002211 150.0253556400001 2.3274358299999811 150.05147786000006 2.3182694199999037 150.05154820822523 2.3184239587615254 150.05187039000003 2.3183108999998754 150.07511452000011 2.3693708299998586 150.07504435847858 2.3693954512314845 150.07514841 2.3696240100001416 150.07514841 2.3696240100001416,mast:HST/product/jbhm33010_drz.jpg,mast:HST/product/jbhm33010_drz.fits,PUBLIC,False,,24834352,708.0,959.0,0.0,2117792,150.02152564060543,2.3448552753162994,F814W,55717.48284568287
science,HST,CALACS,ACS/WFC,HST,F814W,OPTICAL,ANY,UNIDENTIFIED;PARALLEL FIELD,jbhm34010,150.0418544678,2.317185138254,image,"van Dokkum, Pieter",3,55721.410288506944,55721.49240667824,480.0,OPTICAL,708.0,959.0,3D-HST: A Spectroscopic Galaxy Evolution Treasury Part 2,55721.6447569,12328,GO,,POLYGON 150.07723331999998 2.33379068000004 150.05111097000014 2.3429575200001076 150.051040623496 2.3428029868746236 150.05071844999995 2.3429160399998761 150.02871264177944 2.2945731417655115 150.05018222 2.3434444600001032 150.0501154133394 2.343468465218804 150.05021609999986 2.3436976499999584 150.02326464999993 2.3533816100000684 150.02319540543238 2.3532239872445162 150.02287213000011 2.3533401400000997 150.00004240000013 2.3013702800000169 150.00010920131481 2.3013462786263159 150.00000852999995 2.3011171000000692 150.02695914999998 2.2914335599999753 150.02702839471806 2.2915911887772737 150.02735166999992 2.2914750299999636 150.02751312160427 2.2918425586797162 150.02754586138917 2.2918310702188136 150.02744182000015 2.2916025000000912 150.05356338999988 2.2824360899999334 150.05363373640125 2.2825906286492668 150.05395591 2.2824775699998794 150.07719944000013 2.3335374999999972 150.07712927247036 2.3335621239593562 150.07723331999998 2.33379068000004 150.07723331999998 2.33379068000004,mast:HST/product/jbhm34010_drz.jpg,mast:HST/product/jbhm34010_drz.fits,PUBLIC,False,,24834354,708.0,959.0,0.0,2117792,150.02152564060543,2.3448552753162994,F814W,55721.410288506944
science,HST,CALACS,ACS/WFC,HST,F606W,OPTICAL,ANY,UNIDENTIFIED;PARALLEL FIELD,jcor08010,150.0352160318,2.336005053368,image,"Kartaltepe, Jeyhan",3,57041.56077329861,57041.591097453704,2146.0,OPTICAL,470.0,720.0,Probing the Most Luminous Galaxies in the Universe at the Peak of Galaxy Assembly,57406.85541655,13657,GO,,POLYGON 150.05481473000006 2.3576873199999611 150.03131928999994 2.3723220699999086 150.03127992745371 2.3722699656688895 150.03116174000004 2.372343580000047 149.99734003999995 2.3275718599999182 149.99736083094297 2.3275589104158767 149.99730017999994 2.3274786200000062 150.02079521999991 2.3128444399999029 150.02083458520963 2.3128965508373778 150.02095278000002 2.3128229299999479 150.05477487000007 2.3575940799999993 150.05475407514245 2.3576070329333625 150.05481473000006 2.3576873199999611 150.05481473000006 2.3576873199999611 POLYGON 150.07951329000002 2.3424259799999629 150.05532256 2.3577468000000752 150.05528331404949 2.3576933957904989 150.05516501000005 2.3577683200001194 150.02154688999991 2.3120203399999029 150.02156644483625 2.3120079557984847 150.02150702999998 2.3119271000001174 150.04569732999997 2.2966068599999017 150.04573657866416 2.2966602709255848 150.04585489000007 2.2965853399999063 150.07947341999989 2.3423327399999478 150.07945386807103 2.342345123217469 150.07951329000002 2.3424259799999629 150.07951329000002 2.3424259799999629,mast:HST/product/jcor08010_drz.jpg,mast:HST/product/jcor08010_drz.fits,PUBLIC,False,,24839647,470.0,720.0,0.0,2117792,150.02152564060543,2.3448552753162994,F606W,57041.56077329861
science,HST,CALACS,ACS/WFC,HST,F435W,OPTICAL,ANY,UNIDENTIFIED;PARALLEL FIELD,jdnb04010,150.0271574504,2.325816284251,image,"Cooke, Jeff",3,58185.57559829861,58185.80493869213,10622.0,OPTICAL,370.0,479.99999999999994,Mapping the escaping ionizing flux of Lyman continuum galaxies,58370.8713657,15100,GO,,POLYGON 150.02521218999991 2.3534938100001361 150.02517273105482 2.3534874086292121 150.02515856999986 2.3536398500000031 149.99688761999994 2.349053190000006 149.9968949239917 2.3489745803809456 149.99667599999992 2.3489390599998634 150.00192665000003 2.2924264799999992 150.00196610700146 2.292432881984606 150.00198027000005 2.2922804400000381 150.0302501 2.2968669900001037 150.0302427977534 2.2969456039162806 150.03046172000006 2.2969811200000447 150.02521218999991 2.3534938100001361 150.02521218999991 2.3534938100001361 POLYGON 150.05364913000003 2.3579171000000563 150.05360768418029 2.3579100588678892 150.05359551000006 2.3580631399999796 150.02630048000006 2.3534257700000674 150.02630661633938 2.3533486286591394 150.02608885999985 2.3533116299999022 150.03053671000009 2.2973944600000311 150.03057815381473 2.2974015017896452 150.03059033000011 2.2972484200001246 150.05788429 2.3018857099999415 150.05787815610239 2.3019628454406051 150.05809591 2.3019998399999615 150.05364913000003 2.3579171000000563 150.05364913000003 2.3579171000000563,mast:HST/product/jdnb04010_drz.jpg,mast:HST/product/jdnb04010_drz.fits,PUBLIC,False,,26076960,370.0,479.99999999999994,0.0,2117792,150.02152564060543,2.3448552753162994,F435W,58185.57559829861
science,HST,CALACS,ACS/WFC,HST,F435W,OPTICAL,ANY,UNIDENTIFIED;PARALLEL FIELD,jdnb04020,150.0274768775,2.325670394621,image,"Cooke, Jeff",3,58185.83827202546,58185.871165358796,2704.0,OPTICAL,370.0,479.99999999999994,Mapping the escaping ionizing flux of Lyman continuum galaxies,58370.23615739,15100,GO,,POLYGON 150.02526639000004 2.3533798300001143 149.99699543000011 2.3487931700001248 150.00224608000002 2.29228058999995 150.03051591999991 2.2968671400000957 150.02526639000004 2.3533798300001143 150.02526639000004 2.3533798300001143 POLYGON 150.0537033199999 2.3578031200000904 150.02640828999998 2.3531657400000179 150.03085614 2.2972485700001322 150.05815009999989 2.3018858599999592 150.0537033199999 2.3578031200000904 150.0537033199999 2.3578031200000904,mast:HST/product/jdnb04021_drz.jpg,mast:HST/product/jdnb04021_drz.fits,PUBLIC,False,,26081497,370.0,479.99999999999994,0.0,2117792,150.02152564060543,2.3448552753162994,F435W,58185.83827202546
science,HST,CALACS,ACS/WFC,HST,F435W,OPTICAL,ANY,UNIDENTIFIED;PARALLEL FIELD,jdnb05010,150.0280467242,2.325636179439,image,"Cooke, Jeff",3,58186.4365590625,58186.66591091435,10622.0,OPTICAL,370.0,479.99999999999994,Mapping the escaping ionizing flux of Lyman continuum galaxies,58371.48912038,15100,GO,,POLYGON 150.02610146000004 2.3533136999999273 150.02606201088258 2.3533073002208833 150.02604785 2.3534597400000989 149.99777688999993 2.3488730799999842 149.9977841941529 2.3487944687971178 149.99756528000012 2.3487589499999584 150.00281592000007 2.2922463700000484 150.00285537702672 2.2922527720026058 150.00286954 2.2921003300000433 150.03113937999998 2.2966868900000605 150.03113207761183 2.2967655054253648 150.03135099000008 2.2968010200000144 150.02610146000004 2.3533136999999273 150.02610146000004 2.3533136999999273 POLYGON 150.05453839999993 2.3577369999999949 150.05449695417926 2.3577299588526812 150.05448477999997 2.35788303999989 150.02718975000002 2.3532456599999021 150.02719588568667 2.3531685268624409 150.02697814000012 2.3531315299998967 150.03142599000012 2.2972143500000524 150.03146742394767 2.297221390115459 150.0314796 2.2970683099998732 150.05877356000008 2.3017055999999223 150.05876742610462 2.3017827354272025 150.05898517999992 2.301819729999945 150.05453839999993 2.3577369999999949 150.05453839999993 2.3577369999999949,mast:HST/product/jdnb05010_drz.jpg,mast:HST/product/jdnb05010_drz.fits,PUBLIC,False,,26076961,370.0,479.99999999999994,0.0,2117792,150.02152564060543,2.3448552753162994,F435W,58186.4365590625
science,HST,CALACS,ACS/WFC,HST,F435W,OPTICAL,ANY,UNIDENTIFIED;PARALLEL FIELD,jdnb05020,150.0283699835,2.325475273017,image,"Cooke, Jeff",3,58186.699244247684,58186.73213758102,2704.0,OPTICAL,370.0,479.99999999999994,Mapping the escaping ionizing flux of Lyman continuum galaxies,58371.07936345,15100,GO,,POLYGON 150.02615949000014 2.3531847099999763 149.99788854000005 2.3485980400000441 150.00313919 2.292085469999976 150.03140901999998 2.2966720200000519 150.02615949000014 2.3531847099999763 150.02615949000014 2.3531847099999763 POLYGON 150.05459641999983 2.3576080000001118 150.02730139999997 2.3529706199998763 150.0317492499999 2.2970534500001354 150.05904320000002 2.3016907400000335 150.05459641999983 2.3576080000001118 150.05459641999983 2.3576080000001118,mast:HST/product/jdnb05021_drz.jpg,mast:HST/product/jdnb05021_drz.fits,PUBLIC,False,,26081498,370.0,479.99999999999994,0.0,2117792,150.02152564060543,2.3448552753162994,F435W,58186.699244247684
science,HST,CALACS,ACS/WFC,HST,F435W,OPTICAL,ANY,UNIDENTIFIED;PARALLEL FIELD,jdnb06010,150.0262681764,2.32599638852,image,"Cooke, Jeff",3,58187.496211655096,58187.72555200232,10622.0,OPTICAL,370.0,479.99999999999994,Mapping the escaping ionizing flux of Lyman continuum galaxies,58372.61026608,15100,GO,,POLYGON 150.02432286000004 2.3536739100001367 150.02406448818851 2.353631994306336 150.02405762999993 2.3537058200000036 149.99578667000006 2.3491191200000086 150.00103743999992 2.2926065400001439 150.00107689667729 2.2926129419879886 150.00109105999991 2.2924604999999292 150.02936090000009 2.2970470999999968 150.02935359746093 2.2971257151041939 150.02957251000015 2.2971612299999533 150.02432286000004 2.3536739100001367 150.02432286000004 2.3536739100001367 POLYGON 150.05275980999994 2.358097249999906 150.05250061971967 2.3580532162820056 150.05249458000006 2.3581291599999483 150.02519954999988 2.3534917400001114 150.02964748000008 2.2975745700000294 150.02968891372475 2.2975816101385895 150.02970109000006 2.2974285299998858 150.05699505999993 2.3020658599999884 150.05698892587259 2.3021429967681031 150.05720666999997 2.3021799900001372 150.05275980999994 2.358097249999906 150.05275980999994 2.358097249999906,mast:HST/product/jdnb06010_drz.jpg,mast:HST/product/jdnb06010_drz.fits,PUBLIC,False,,26077068,370.0,479.99999999999994,0.0,2117792,150.02152564060543,2.3448552753162994,F435W,58187.496211655096
science,HST,CALACS,ACS/WFC,HST,F435W,OPTICAL,ANY,UNIDENTIFIED;PARALLEL FIELD,jdnb06020,150.0265795239,2.325841889653,image,"Cooke, Jeff",3,58187.75888336806,58187.79177762732,2704.0,OPTICAL,370.0,479.99999999999994,Mapping the escaping ionizing flux of Lyman continuum galaxies,58372.15822907,15100,GO,,POLYGON 150.02436897999996 2.3535513199999185 149.99609802000006 2.348964619999915 150.00134879000012 2.2924520400001054 150.02961862999993 2.2970386399998621 150.02436897999996 2.3535513199999185 150.02436897999996 2.3535513199999185 POLYGON 150.05280593000012 2.3579746600000986 150.02551089000002 2.3533372400000467 150.02995882999988 2.2974200700000074 150.05725279 2.3020573999999852 150.05280593000012 2.3579746600000986 150.05280593000012 2.3579746600000986,mast:HST/product/jdnb06021_drz.jpg,mast:HST/product/jdnb06021_drz.fits,PUBLIC,False,,26081499,370.0,479.99999999999994,0.0,2117792,150.02152564060543,2.3448552753162994,F435W,58187.75888336806
science,HST,CALACS,ACS/WFC,HST,F606W,OPTICAL,CLUTCH-TARGET-BT,GALAXY;HIGH REDSHIFT GALAXY,jffubt010,150.0127531861,2.359335487119,image,"Kartaltepe, Jeyhan",3,60694.551783333336,60694.56297519676,800.0,OPTICAL,470.0,720.0,CLUTCH: The COSMOS Legacy UV-Optical Treasury Campaign with Hubble,60694.77719904,17802,GO,,POLYGON 150.05371988000013 2.3759323700000761 150.02644674999982 2.3846726399998746 150.02606776613888 2.383721241837875 150.0257018360401 2.383838507657142 150.02597021999992 2.3844871300000237 149.99954307000002 2.3927383899999866 149.99915650213782 2.391804098963199 149.99736656000002 2.3923629400000608 149.97591891999986 2.3405241399998635 150.00234540999995 2.3322733399999587 150.00273192728437 2.3332075422054581 150.00378853599122 2.3328776356336491 150.00326549999997 2.3315645000001135 150.03053771999993 2.3228246900000262 150.03091668152953 2.3237760638454392 150.03271404000006 2.3232000500000467 150.05371988000013 2.3759323700000761 150.05371988000013 2.3759323700000761,mast:HST/product/jffubt010_drz.jpg,mast:HST/product/jffubt010_drz.fits,PUBLIC,False,,236602588,470.0,720.0,0.0,2117792,150.02152564060543,2.3448552753162994,F606W,60694.551783333336
science,HST,CALACS,ACS/WFC,HST,F435W,OPTICAL,CLUTCH-TARGET-BT,GALAXY;HIGH REDSHIFT GALAXY,jffubt020,150.0128122719,2.359209770292,image,"Kartaltepe, Jeyhan",3,60694.565961458335,60694.57797519676,800.0,OPTICAL,370.0,479.99999999999994,CLUTCH: The COSMOS Legacy UV-Optical Treasury Campaign with Hubble,60694.84449069,17802,GO,,POLYGON 150.0537789599999 2.3758066600000127 150.02650583999994 2.3845469200001093 150.02612909212991 2.3836011355048607 150.02576323001949 2.3837183797150172 150.02602930000009 2.3843614099999262 149.99960216000014 2.3926126700001418 149.99921791511613 2.3916839933424141 149.99742453000007 2.3922439099998609 149.97597688999994 2.3404051099999235 150.00240337 2.3321543000001306 150.00278756911882 2.3330828988288168 150.00384425991467 2.3327529666298639 150.00332347000011 2.3314454699999563 150.03059567999989 2.3227056599999441 150.0309724062767 2.3236514221197204 150.03277313000007 2.3230743300001073 150.0537789599999 2.3758066600000127 150.0537789599999 2.3758066600000127,mast:HST/product/jffubt020_drz.jpg,mast:HST/product/jffubt020_drz.fits,PUBLIC,False,,236602605,370.0,479.99999999999994,0.0,2117792,150.02152564060543,2.3448552753162994,F435W,60694.565961458335
science,HST,CALACS,ACS/WFC,HST,F606W,OPTICAL,CLUTCH-TARGET-CH,GALAXY;HIGH REDSHIFT GALAXY,jffuch010,150.0248019189,2.32796327178,image,"Kartaltepe, Jeyhan",3,60704.263530752316,60704.27472295139,800.0,OPTICAL,470.0,720.0,CLUTCH: The COSMOS Legacy UV-Optical Treasury Campaign with Hubble,60704.53751157,17802,GO,,POLYGON 150.0657676699999 2.3445601800001095 150.03849515999991 2.3533004200000018 150.03811618566198 2.3523490227691135 150.03775025437102 2.3524662914186583 150.03801862999993 2.3531149100001336 150.01159208 2.3613661699998967 150.01120552143817 2.3604318787306084 150.00941562000014 2.3609907200000597 149.98796849999988 2.3091519300001435 150.01439439000004 2.3009011200000424 150.01478089899192 2.301835324317878 150.01583748991263 2.3015054162029247 150.01531447 2.3001922900000968 150.04258607999995 2.2914524899999988 150.0429650318803 2.2924038626637646 150.04476235000004 2.2918278500000411 150.0657676699999 2.3445601800001095 150.0657676699999 2.3445601800001095,mast:HST/product/jffuch010_drz.jpg,mast:HST/product/jffuch010_drz.fits,PUBLIC,False,,238237218,470.0,720.0,0.0,2117792,150.02152564060543,2.3448552753162994,F606W,60704.263530752316
science,HST,CALACS,ACS/WFC,HST,F435W,OPTICAL,CLUTCH-TARGET-CH,GALAXY;HIGH REDSHIFT GALAXY,jffuch020,150.0248610034,2.327837554974,image,"Kartaltepe, Jeyhan",3,60704.32927149306,60704.341285532406,800.0,OPTICAL,370.0,479.99999999999994,CLUTCH: The COSMOS Legacy UV-Optical Treasury Campaign with Hubble,60704.67459475,17802,GO,,POLYGON 150.06582674999996 2.3444344600001434 150.03855425000003 2.3531746999999288 150.03817751093229 2.3522289143117683 150.03781164376565 2.3523461624128728 150.03807770999998 2.3529891999998873 150.01165117000008 2.3612404500000319 150.01126693346188 2.3603117709393584 150.00947357999996 2.3608716899998932 149.98802646000001 2.3090328899999344 150.01445236000004 2.3007820799999181 150.01483654935683 2.3017106783012347 150.0158932084517 2.3013807489033145 150.01537242999993 2.3000732499999605 150.04264403999994 2.2913334599999162 150.04302075563737 2.2922792184953367 150.0448214299999 2.2917021299998792 150.06582674999996 2.3444344600001434 150.06582674999996 2.3444344600001434,mast:HST/product/jffuch020_drz.jpg,mast:HST/product/jffuch020_drz.fits,PUBLIC,False,,238237534,370.0,479.99999999999994,0.0,2117792,150.02152564060543,2.3448552753162994,F435W,60704.32927149306
calibration,HST,CALSTIS,STIS/CCD,HST,MIRVIS,Optical,BIAS,,o8tu1d010,150.0212908381,2.350769736322,image,"Diaz-Miller, Rosa",3,52931.01492195602,52931.02361380787,0.0,Optical,,,CCD Bias Monitor - Part 1,52931.26334486,10019,CAL/STIS,,POLYGON 150.01616345531963 2.3445139227366387 150.01861135888285 2.358391073192443 150.0264166339431 2.357016553569659 150.02396873037986 2.343139403113854 150.01616345531963 2.3445139227366387,,,PUBLIC,False,,24952767,,,0.0,2117792,150.02152564060543,2.3448552753162994,,52931.01492195602
calibration,HST,CALSTIS,STIS/CCD,HST,MIRVIS,Optical,BIAS,,o8tu1d020,150.0212908381,2.350769736322,image,"Diaz-Miller, Rosa",3,52931.02619494213,52931.02721346065,0.0,Optical,,,CCD Bias Monitor - Part 1,52931.26371523,10019,CAL/STIS,,POLYGON 150.01616345531963 2.3445139227366387 150.01861135888285 2.358391073192443 150.0264166339431 2.357016553569659 150.02396873037986 2.343139403113854 150.01616345531963 2.3445139227366387,,,PUBLIC,False,,24952768,,,0.0,2117792,150.02152564060543,2.3448552753162994,,52931.02619494213
calibration,HST,CALSTIS,STIS/CCD,HST,MIRVIS,Optical,BIAS,,o8tu1d030,150.0212908381,2.350769736322,image,"Diaz-Miller, Rosa",3,52931.027722719904,52931.02812789352,0.0,Optical,,,CCD Bias Monitor - Part 1,52931.2637268,10019,CAL/STIS,,POLYGON 150.01616345531963 2.3445139227366387 150.01861135888285 2.358391073192443 150.0264166339431 2.357016553569659 150.02396873037986 2.343139403113854 150.01616345531963 2.3445139227366387,,,PUBLIC,False,,24952769,,,0.0,2117792,150.02152564060543,2.3448552753162994,,52931.027722719904
calibration,HST,CALSTIS,STIS/CCD,HST,MIRVIS,Optical,BIAS,,o8tu1d040,150.0212908381,2.350769736322,image,"Diaz-Miller, Rosa",3,52931.02853306713,52931.02889158565,0.0,Optical,,,CCD Bias Monitor - Part 1,52931.26373838,10019,CAL/STIS,,POLYGON 150.01616345531963 2.3445139227366387 150.01861135888285 2.358391073192443 150.0264166339431 2.357016553569659 150.02396873037986 2.343139403113854 150.01616345531963 2.3445139227366387,,,PUBLIC,False,,24952770,,,0.0,2117792,150.02152564060543,2.3448552753162994,,52931.02853306713
calibration,HST,CALSTIS,STIS/CCD,HST,MIRVIS,Optical,BIAS,,o8tu1d050,150.0212908381,2.350769736322,image,"Diaz-Miller, Rosa",3,52931.02925046296,52931.02955158565,0.0,Optical,,,CCD Bias Monitor - Part 1,52931.26374995,10019,CAL/STIS,,POLYGON 150.01616345531963 2.3445139227366387 150.01861135888285 2.358391073192443 150.0264166339431 2.357016553569659 150.02396873037986 2.343139403113854 150.01616345531963 2.3445139227366387,,,PUBLIC,False,,24952771,,,0.0,2117792,150.02152564060543,2.3448552753162994,,52931.02925046296
calibration,HST,CALWFPC2,WFPC2,HST,F1042M;F437N,Optical,DARK,,u8u11701m,150.0212908381,2.350769736322,image,"Brammer, Gabriel",2,52931.02031883102,52931.03189290509,1000.0,Optical,435.65000000000003,1044.49,"WFPC2 CYCLE 12 Supplemental Darks,  Part 1/3",52931.2669791,10069,CAL/WF2,,POLYGON 149.98858119 2.35571565 150.02472791 2.38128978 150.05030094 2.34520829 150.01415694 2.3196316 149.98858119 2.35571565,mast:HST/product/u8u11701m_c0f.jpg,mast:HST/product/u8u11701m_c0f.fits,PUBLIC,False,,24677675,435.65000000000003,1044.49,0.0,2117792,150.02152564060543,2.3448552753162994,F437N,52931.02031883102
calibration,HST,CALSTIS,STIS/NUV-MAMA,HST,MIRVIS,OPTICAL,DARK,,ocpun1c6q,150.0221811567,2.340508487726,image,"Cox, Colin",1,57149.66370358796,57149.67874988426,1300.198625,OPTICAL,,,STIS NUV MAMA Dark Monitor,57150.02126154,13996,CAL/STIS,,POLYGON 150.0266961227067 2.3428035677154146 150.0245179909232 2.3361084006776878 150.01781723392602 2.3382847154025903 150.01999536570955 2.3449798824403167 150.0266961227067 2.3428035677154146,,mast:HST/product/ocpun1c6q_raw.fits,PUBLIC,False,,24982018,,,1.274996748788118,2117792,150.02152564060543,2.3448552753162994,,57149.66370358796
