obsID,obs_collection,dataproduct_type,obs_id,description,type,dataURI,productType,productGroupDescription,productSubGroupDescription,productDocumentationURL,project,prvversion,proposal_id,productFilename,size,parent_obsid,dataRights,calib_level,filters
254150667,JWST,image,jw05893015002_03101_00002_nrcb4,exposure (L2b): 2D calibrated exposure average over integrations,S,mast:JWST/product/jw05893015002_03101_00002_nrcb4_cal.fits,SCIENCE,,CAL,,CALJWST,2.0.0,5893,jw05893015002_03101_00002_nrcb4_cal.fits,117573120,257933064,PUBLIC,2,F200W
254150671,JWST,image,jw05893015002_03101_00002_nrca3,exposure (L2b): 2D calibrated exposure average over integrations,S,mast:JWST/product/jw05893015002_03101_00002_nrca3_cal.fits,SCIENCE,,CAL,,CALJWST,2.0.0,5893,jw05893015002_03101_00002_nrca3_cal.fits,117573120,257933064,PUBLIC,2,F200W
254150672,JWST,image,jw05893015002_03101_00002_nrcb2,exposure (L2b): 2D calibrated exposure average over integrations,S,mast:JWST/product/jw05893015002_03101_00002_nrcb2_cal.fits,SCIENCE,,CAL,,CALJWST,2.0.0,5893,jw05893015002_03101_00002_nrcb2_cal.fits,117573120,257933064,PUBLIC,2,F200W
254150673,JWST,image,jw05893015002_03101_00002_nrca4,exposure (L2b): 2D calibrated exposure average over integrations,S,mast:JWST/product/jw05893015002_03101_00002_nrca4_cal.fits,SCIENCE,,CAL,,CALJWST,2.0.0,5893,jw05893015002_03101_00002_nrca4_cal.fits,117573120,257933064,PUBLIC,2,F200W
254150674,JWST,image,jw05893015002_03101_00002_nrca1,exposure (L2b): 2D calibrated exposure average over integrations,S,mast:JWST/product/jw05893015002_03101_00002_nrca1_cal.fits,SCIENCE,,CAL,,CALJWST,2.0.0,5893,jw05893015002_03101_00002_nrca1_cal.fits,117570240,257933064,PUBLIC,2,F200W
254150695,JWST,image,jw05893015002_03101_00003_nrcb4,exposure (L2b): 2D calibrated exposure average over integrations,S,mast:JWST/product/jw05893015002_03101_00003_nrcb4_cal.fits,SCIENCE,,CAL,,CALJWST,2.0.0,5893,jw05893015002_03101_00003_nrcb4_cal.fits,117573120,257933064,PUBLIC,2,F200W
254150734,JWST,image,jw05893015002_03101_00002_nrcb1,exposure (L2b): 2D calibrated exposure average over integrations,S,mast:JWST/product/jw05893015002_03101_00002_nrcb1_cal.fits,SCIENCE,,CAL,,CALJWST,2.0.0,5893,jw05893015002_03101_00002_nrcb1_cal.fits,117573120,257933064,PUBLIC,2,F200W
254150772,JWST,image,jw05893015002_03101_00003_nrca2,exposure (L2b): 2D calibrated exposure average over integrations,S,mast:JWST/product/jw05893015002_03101_00003_nrca2_cal.fits,SCIENCE,,CAL,,CALJWST,2.0.0,5893,jw05893015002_03101_00003_nrca2_cal.fits,117570240,257933064,PUBLIC,2,F200W
254150773,JWST,image,jw05893015002_03101_00003_nrca4,exposure (L2b): 2D calibrated exposure average over integrations,S,mast:JWST/product/jw05893015002_03101_00003_nrca4_cal.fits,SCIENCE,,CAL,,CALJWST,2.0.0,5893,jw05893015002_03101_00003_nrca4_cal.fits,117573120,257933064,PUBLIC,2,F200W
254150774,JWST,image,jw05893015002_03101_00003_nrca1,exposure (L2b): 2D calibrated exposure average over integrations,S,mast:JWST/product/jw05893015002_03101_00003_nrca1_cal.fits,SCIENCE,,CAL,,CALJWST,2.0.0,5893,jw05893015002_03101_00003_nrca1_cal.fits,117570240,257933064,PUBLIC,2,F200W
254150775,JWST,image,jw05893015002_03101_00002_nrcb3,exposure (L2b): 2D calibrated exposure average over integrations,S,mast:JWST/product/jw05893015002_03101_00002_nrcb3_cal.fits,SCIENCE,,CAL,,CALJWST,2.0.0,5893,jw05893015002_03101_00002_nrcb3_cal.fits,117573120,257933064,PUBLIC,2,F200W
254150776,JWST,image,jw05893015002_03101_00003_nrcb3,exposure (L2b): 2D calibrated exposure average over integrations,S,mast:JWST/product/jw05893015002_03101_00003_nrcb3_cal.fits,SCIENCE,,CAL,,CALJWST,2.0.0,5893,jw05893015002_03101_00003_nrcb3_cal.fits,117573120,257933064,PUBLIC,2,F200W
254150777,JWST,image,jw05893015002_03101_00002_nrca2,exposure (L2b): 2D calibrated exposure average over integrations,S,mast:JWST/product/jw05893015002_03101_00002_nrca2_cal.fits,SCIENCE,,CAL,,CALJWST,2.0.0,5893,jw05893015002_03101_00002_nrca2_cal.fits,117570240,257933064,PUBLIC,2,F200W
254152618,JWST,image,jw05893015001_02101_00006_nrca1,exposure (L2b): 2D calibrated exposure average over integrations,S,mast:JWST/product/jw05893015001_02101_00006_nrca1_cal.fits,SCIENCE,,CAL,,CALJWST,2.0.0,5893,jw05893015001_02101_00006_nrca1_cal.fits,117570240,257933064,PUBLIC,2,F200W
254152631,JWST,image,jw05893015001_02101_00001_nrca1,exposure (L2b): 2D calibrated exposure average over integrations,S,mast:JWST/product/jw05893015001_02101_00001_nrca1_cal.fits,SCIENCE,,CAL,,CALJWST,2.0.0,5893,jw05893015001_02101_00001_nrca1_cal.fits,117570240,257933064,PUBLIC,2,F200W
254152634,JWST,image,jw05893015001_02101_00005_nrca1,exposure (L2b): 2D calibrated exposure average over integrations,S,mast:JWST/product/jw05893015001_02101_00005_nrca1_cal.fits,SCIENCE,,CAL,,CALJWST,2.0.0,5893,jw05893015001_02101_00005_nrca1_cal.fits,117570240,257933064,PUBLIC,2,F200W
254152637,JWST,image,jw05893015001_02101_00002_nrca1,exposure (L2b): 2D calibrated exposure average over integrations,S,mast:JWST/product/jw05893015001_02101_00002_nrca1_cal.fits,SCIENCE,,CAL,,CALJWST,2.0.0,5893,jw05893015001_02101_00002_nrca1_cal.fits,117570240,257933064,PUBLIC,2,F200W
254152642,JWST,image,jw05893015001_02101_00004_nrca1,exposure (L2b): 2D calibrated exposure average over integrations,S,mast:JWST/product/jw05893015001_02101_00004_nrca1_cal.fits,SCIENCE,,CAL,,CALJWST,2.0.0,5893,jw05893015001_02101_00004_nrca1_cal.fits,117570240,257933064,PUBLIC,2,F200W
254152644,JWST,image,jw05893015001_02101_00003_nrca1,exposure (L2b): 2D calibrated exposure average over integrations,S,mast:JWST/product/jw05893015001_02101_00003_nrca1_cal.fits,SCIENCE,,CAL,,CALJWST,2.0.0,5893,jw05893015001_02101_00003_nrca1_cal.fits,117570240,257933064,PUBLIC,2,F200W
254153572,JWST,image,jw05893015002_03101_00005_nrca3,exposure (L2b): 2D calibrated exposure average over integrations,S,mast:JWST/product/jw05893015002_03101_00005_nrca3_cal.fits,SCIENCE,,CAL,,CALJWST,2.0.0,5893,jw05893015002_03101_00005_nrca3_cal.fits,117573120,257933064,PUBLIC,2,F200W
254153573,JWST,image,jw05893015002_03101_00005_nrca4,exposure (L2b): 2D calibrated exposure average over integrations,S,mast:JWST/product/jw05893015002_03101_00005_nrca4_cal.fits,SCIENCE,,CAL,,CALJWST,2.0.0,5893,jw05893015002_03101_00005_nrca4_cal.fits,117573120,257933064,PUBLIC,2,F200W
254153574,JWST,image,jw05893015002_03101_00003_nrcb2,exposure (L2b): 2D calibrated exposure average over integrations,S,mast:JWST/product/jw05893015002_03101_00003_nrcb2_cal.fits,SCIENCE,,CAL,,CALJWST,2.0.0,5893,jw05893015002_03101_00003_nrcb2_cal.fits,117573120,257933064,PUBLIC,2,F200W
254153576,JWST,image,jw05893015002_03101_00004_nrca1,exposure (L2b): 2D calibrated exposure average over integrations,S,mast:JWST/product/jw05893015002_03101_00004_nrca1_cal.fits,SCIENCE,,CAL,,CALJWST,2.0.0,5893,jw05893015002_03101_00004_nrca1_cal.fits,117570240,257933064,PUBLIC,2,F200W
254153643,JWST,image,jw05893015002_03101_00005_nrcb3,exposure (L2b): 2D calibrated exposure average over integrations,S,mast:JWST/product/jw05893015002_03101_00005_nrcb3_cal.fits,SCIENCE,,CAL,,CALJWST,2.0.0,5893,jw05893015002_03101_00005_nrcb3_cal.fits,117573120,257933064,PUBLIC,2,F200W
254153678,JWST,image,jw05893015002_03101_00003_nrcb1,exposure (L2b): 2D calibrated exposure average over integrations,S,mast:JWST/product/jw05893015002_03101_00003_nrcb1_cal.fits,SCIENCE,,CAL,,CALJWST,2.0.0,5893,jw05893015002_03101_00003_nrcb1_cal.fits,117573120,257933064,PUBLIC,2,F200W
254153679,JWST,image,jw05893015002_03101_00004_nrcb1,exposure (L2b): 2D calibrated exposure average over integrations,S,mast:JWST/product/jw05893015002_03101_00004_nrcb1_cal.fits,SCIENCE,,CAL,,CALJWST,2.0.0,5893,jw05893015002_03101_00004_nrcb1_cal.fits,117573120,257933064,PUBLIC,2,F200W
254153680,JWST,image,jw05893015002_03101_00005_nrca1,exposure (L2b): 2D calibrated exposure average over integrations,S,mast:JWST/product/jw05893015002_03101_00005_nrca1_cal.fits,SCIENCE,,CAL,,CALJWST,2.0.0,5893,jw05893015002_03101_00005_nrca1_cal.fits,117570240,257933064,PUBLIC,2,F200W
254153681,JWST,image,jw05893015002_03101_00004_nrcb3,exposure (L2b): 2D calibrated exposure average over integrations,S,mast:JWST/product/jw05893015002_03101_00004_nrcb3_cal.fits,SCIENCE,,CAL,,CALJWST,2.0.0,5893,jw05893015002_03101_00004_nrcb3_cal.fits,117573120,257933064,PUBLIC,2,F200W
254153682,JWST,image,jw05893015002_03101_00003_nrca3,exposure (L2b): 2D calibrated exposure average over integrations,S,mast:JWST/product/jw05893015002_03101_00003_nrca3_cal.fits,SCIENCE,,CAL,,CALJWST,2.0.0,5893,jw05893015002_03101_00003_nrca3_cal.fits,117573120,257933064,PUBLIC,2,F200W
254153683,JWST,image,jw05893015002_03101_00004_nrcb4,exposure (L2b): 2D calibrated exposure average over integrations,S,mast:JWST/product/jw05893015002_03101_00004_nrcb4_cal.fits,SCIENCE,,CAL,,CALJWST,2.0.0,5893,jw05893015002_03101_00004_nrcb4_cal.fits,117573120,257933064,PUBLIC,2,F200W
254153684,JWST,image,jw05893015002_03101_00004_nrca2,exposure (L2b): 2D calibrated exposure average over integrations,S,mast:JWST/product/jw05893015002_03101_00004_nrca2_cal.fits,SCIENCE,,CAL,,CALJWST,2.0.0,5893,jw05893015002_03101_00004_nrca2_cal.fits,117570240,257933064,PUBLIC,2,F200W
254153685,JWST,image,jw05893015002_03101_00004_nrcb2,exposure (L2b): 2D calibrated exposure average over integrations,S,mast:JWST/product/jw05893015002_03101_00004_nrcb2_cal.fits,SCIENCE,,CAL,,CALJWST,2.0.0,5893,jw05893015002_03101_00004_nrcb2_cal.fits,117573120,257933064,PUBLIC,2,F200W
254153686,JWST,image,jw05893015002_03101_00005_nrcb2,exposure (L2b): 2D calibrated exposure average over integrations,S,mast:JWST/product/jw05893015002_03101_00005_nrcb2_cal.fits,SCIENCE,,CAL,,CALJWST,2.0.0,5893,jw05893015002_03101_00005_nrcb2_cal.fits,117573120,257933064,PUBLIC,2,F200W
254153687,JWST,image,jw05893015002_03101_00004_nrca3,exposure (L2b): 2D calibrated exposure average over integrations,S,mast:JWST/product/jw05893015002_03101_00004_nrca3_cal.fits,SCIENCE,,CAL,,CALJWST,2.0.0,5893,jw05893015002_03101_00004_nrca3_cal.fits,117573120,257933064,PUBLIC,2,F200W
254153689,JWST,image,jw05893015002_03101_00005_nrcb4,exposure (L2b): 2D calibrated exposure average over integrations,S,mast:JWST/product/jw05893015002_03101_00005_nrcb4_cal.fits,SCIENCE,,CAL,,CALJWST,2.0.0,5893,jw05893015002_03101_00005_nrcb4_cal.fits,117573120,257933064,PUBLIC,2,F200W
254153690,JWST,image,jw05893015002_03101_00005_nrcb1,exposure (L2b): 2D calibrated exposure average over integrations,S,mast:JWST/product/jw05893015002_03101_00005_nrcb1_cal.fits,SCIENCE,,CAL,,CALJWST,2.0.0,5893,jw05893015002_03101_00005_nrcb1_cal.fits,117573120,257933064,PUBLIC,2,F200W
254153691,JWST,image,jw05893015002_03101_00005_nrca2,exposure (L2b): 2D calibrated exposure average over integrations,S,mast:JWST/product/jw05893015002_03101_00005_nrca2_cal.fits,SCIENCE,,CAL,,CALJWST,2.0.0,5893,jw05893015002_03101_00005_nrca2_cal.fits,117570240,257933064,PUBLIC,2,F200W
254153692,JWST,image,jw05893015002_03101_00004_nrca4,exposure (L2b): 2D calibrated exposure average over integrations,S,mast:JWST/product/jw05893015002_03101_00004_nrca4_cal.fits,SCIENCE,,CAL,,CALJWST,2.0.0,5893,jw05893015002_03101_00004_nrca4_cal.fits,117573120,257933064,PUBLIC,2,F200W
254155741,JWST,image,jw05893015001_02101_00001_nrca4,exposure (L2b): 2D calibrated exposure average over integrations,S,mast:JWST/product/jw05893015001_02101_00001_nrca4_cal.fits,SCIENCE,,CAL,,CALJWST,2.0.0,5893,jw05893015001_02101_00001_nrca4_cal.fits,117573120,257933064,PUBLIC,2,F200W
254155748,JWST,image,jw05893015001_02101_00005_nrca4,exposure (L2b): 2D calibrated exposure average over integrations,S,mast:JWST/product/jw05893015001_02101_00005_nrca4_cal.fits,SCIENCE,,CAL,,CALJWST,2.0.0,5893,jw05893015001_02101_00005_nrca4_cal.fits,117573120,257933064,PUBLIC,2,F200W
254155752,JWST,image,jw05893015001_02101_00003_nrca4,exposure (L2b): 2D calibrated exposure average over integrations,S,mast:JWST/product/jw05893015001_02101_00003_nrca4_cal.fits,SCIENCE,,CAL,,CALJWST,2.0.0,5893,jw05893015001_02101_00003_nrca4_cal.fits,117573120,257933064,PUBLIC,2,F200W
254155754,JWST,image,jw05893015001_02101_00002_nrca4,exposure (L2b): 2D calibrated exposure average over integrations,S,mast:JWST/product/jw05893015001_02101_00002_nrca4_cal.fits,SCIENCE,,CAL,,CALJWST,2.0.0,5893,jw05893015001_02101_00002_nrca4_cal.fits,117573120,257933064,PUBLIC,2,F200W
254155755,JWST,image,jw05893015001_02101_00006_nrca3,exposure (L2b): 2D calibrated exposure average over integrations,S,mast:JWST/product/jw05893015001_02101_00006_nrca3_cal.fits,SCIENCE,,CAL,,CALJWST,2.0.0,5893,jw05893015001_02101_00006_nrca3_cal.fits,117573120,257933064,PUBLIC,2,F200W
254155761,JWST,image,jw05893015001_02101_00006_nrca2,exposure (L2b): 2D calibrated exposure average over integrations,S,mast:JWST/product/jw05893015001_02101_00006_nrca2_cal.fits,SCIENCE,,CAL,,CALJWST,2.0.0,5893,jw05893015001_02101_00006_nrca2_cal.fits,117570240,257933064,PUBLIC,2,F200W
254155764,JWST,image,jw05893015001_02101_00004_nrca3,exposure (L2b): 2D calibrated exposure average over integrations,S,mast:JWST/product/jw05893015001_02101_00004_nrca3_cal.fits,SCIENCE,,CAL,,CALJWST,2.0.0,5893,jw05893015001_02101_00004_nrca3_cal.fits,117573120,257933064,PUBLIC,2,F200W
254155785,JWST,image,jw05893015001_02101_00005_nrca2,exposure (L2b): 2D calibrated exposure average over integrations,S,mast:JWST/product/jw05893015001_02101_00005_nrca2_cal.fits,SCIENCE,,CAL,,CALJWST,2.0.0,5893,jw05893015001_02101_00005_nrca2_cal.fits,117570240,257933064,PUBLIC,2,F200W
254155821,JWST,image,jw05893015001_02101_00003_nrca3,exposure (L2b): 2D calibrated exposure average over integrations,S,mast:JWST/product/jw05893015001_02101_00003_nrca3_cal.fits,SCIENCE,,CAL,,CALJWST,2.0.0,5893,jw05893015001_02101_00003_nrca3_cal.fits,117573120,257933064,PUBLIC,2,F200W
254155864,JWST,image,jw05893015001_02101_00005_nrca3,exposure (L2b): 2D calibrated exposure average over integrations,S,mast:JWST/product/jw05893015001_02101_00005_nrca3_cal.fits,SCIENCE,,CAL,,CALJWST,2.0.0,5893,jw05893015001_02101_00005_nrca3_cal.fits,117573120,257933064,PUBLIC,2,F200W
254155865,JWST,image,jw05893015001_02101_00003_nrca2,exposure (L2b): 2D calibrated exposure average over integrations,S,mast:JWST/product/jw05893015001_02101_00003_nrca2_cal.fits,SCIENCE,,CAL,,CALJWST,2.0.0,5893,jw05893015001_02101_00003_nrca2_cal.fits,117570240,257933064,PUBLIC,2,F200W
254155871,JWST,image,jw05893015001_02101_00004_nrca4,exposure (L2b): 2D calibrated exposure average over integrations,S,mast:JWST/product/jw05893015001_02101_00004_nrca4_cal.fits,SCIENCE,,CAL,,CALJWST,2.0.0,5893,jw05893015001_02101_00004_nrca4_cal.fits,117573120,257933064,PUBLIC,2,F200W
254155877,JWST,image,jw05893015001_02101_00002_nrca3,exposure (L2b): 2D calibrated exposure average over integrations,S,mast:JWST/product/jw05893015001_02101_00002_nrca3_cal.fits,SCIENCE,,CAL,,CALJWST,2.0.0,5893,jw05893015001_02101_00002_nrca3_cal.fits,117573120,257933064,PUBLIC,2,F200W
254155879,JWST,image,jw05893015001_02101_00006_nrca4,exposure (L2b): 2D calibrated exposure average over integrations,S,mast:JWST/product/jw05893015001_02101_00006_nrca4_cal.fits,SCIENCE,,CAL,,CALJWST,2.0.0,5893,jw05893015001_02101_00006_nrca4_cal.fits,117573120,257933064,PUBLIC,2,F200W
254155882,JWST,image,jw05893015001_02101_00002_nrca2,exposure (L2b): 2D calibrated exposure average over integrations,S,mast:JWST/product/jw05893015001_02101_00002_nrca2_cal.fits,SCIENCE,,CAL,,CALJWST,2.0.0,5893,jw05893015001_02101_00002_nrca2_cal.fits,117570240,257933064,PUBLIC,2,F200W
254155886,JWST,image,jw05893015001_02101_00004_nrca2,exposure (L2b): 2D calibrated exposure average over integrations,S,mast:JWST/product/jw05893015001_02101_00004_nrca2_cal.fits,SCIENCE,,CAL,,CALJWST,2.0.0,5893,jw05893015001_02101_00004_nrca2_cal.fits,117570240,257933064,PUBLIC,2,F200W
254155889,JWST,image,jw05893015001_02101_00001_nrca3,exposure (L2b): 2D calibrated exposure average over integrations,S,mast:JWST/product/jw05893015001_02101_00001_nrca3_cal.fits,SCIENCE,,CAL,,CALJWST,2.0.0,5893,jw05893015001_02101_00001_nrca3_cal.fits,117573120,257933064,PUBLIC,2,F200W
254155891,JWST,image,jw05893015001_02101_00001_nrca2,exposure (L2b): 2D calibrated exposure average over integrations,S,mast:JWST/product/jw05893015001_02101_00001_nrca2_cal.fits,SCIENCE,,CAL,,CALJWST,2.0.0,5893,jw05893015001_02101_00001_nrca2_cal.fits,117570240,257933064,PUBLIC,2,F200W
254158775,JWST,image,jw05893015001_02101_00002_nrcb4,exposure (L2b): 2D calibrated exposure average over integrations,S,mast:JWST/product/jw05893015001_02101_00002_nrcb4_cal.fits,SCIENCE,,CAL,,CALJWST,2.0.0,5893,jw05893015001_02101_00002_nrcb4_cal.fits,117573120,257933064,PUBLIC,2,F200W
254158779,JWST,image,jw05893015001_02101_00002_nrcb1,exposure (L2b): 2D calibrated exposure average over integrations,S,mast:JWST/product/jw05893015001_02101_00002_nrcb1_cal.fits,SCIENCE,,CAL,,CALJWST,2.0.0,5893,jw05893015001_02101_00002_nrcb1_cal.fits,117573120,257933064,PUBLIC,2,F200W
254158782,JWST,image,jw05893015001_02101_00004_nrcb3,exposure (L2b): 2D calibrated exposure average over integrations,S,mast:JWST/product/jw05893015001_02101_00004_nrcb3_cal.fits,SCIENCE,,CAL,,CALJWST,2.0.0,5893,jw05893015001_02101_00004_nrcb3_cal.fits,117573120,257933064,PUBLIC,2,F200W
254158787,JWST,image,jw05893015001_02101_00001_nrcb2,exposure (L2b): 2D calibrated exposure average over integrations,S,mast:JWST/product/jw05893015001_02101_00001_nrcb2_cal.fits,SCIENCE,,CAL,,CALJWST,2.0.0,5893,jw05893015001_02101_00001_nrcb2_cal.fits,117573120,257933064,PUBLIC,2,F200W
254158791,JWST,image,jw05893015001_02101_00002_nrcb3,exposure (L2b): 2D calibrated exposure average over integrations,S,mast:JWST/product/jw05893015001_02101_00002_nrcb3_cal.fits,SCIENCE,,CAL,,CALJWST,2.0.0,5893,jw05893015001_02101_00002_nrcb3_cal.fits,117573120,257933064,PUBLIC,2,F200W
254158792,JWST,image,jw05893015001_02101_00003_nrcb2,exposure (L2b): 2D calibrated exposure average over integrations,S,mast:JWST/product/jw05893015001_02101_00003_nrcb2_cal.fits,SCIENCE,,CAL,,CALJWST,2.0.0,5893,jw05893015001_02101_00003_nrcb2_cal.fits,117573120,257933064,PUBLIC,2,F200W
254158888,JWST,image,jw05893015001_02101_00004_nrcb2,exposure (L2b): 2D calibrated exposure average over integrations,S,mast:JWST/product/jw05893015001_02101_00004_nrcb2_cal.fits,SCIENCE,,CAL,,CALJWST,2.0.0,5893,jw05893015001_02101_00004_nrcb2_cal.fits,117573120,257933064,PUBLIC,2,F200W
254158889,JWST,image,jw05893015001_02101_00003_nrcb3,exposure (L2b): 2D calibrated exposure average over integrations,S,mast:JWST/product/jw05893015001_02101_00003_nrcb3_cal.fits,SCIENCE,,CAL,,CALJWST,2.0.0,5893,jw05893015001_02101_00003_nrcb3_cal.fits,117573120,257933064,PUBLIC,2,F200W
254158891,JWST,image,jw05893015001_02101_00006_nrcb2,exposure (L2b): 2D calibrated exposure average over integrations,S,mast:JWST/product/jw05893015001_02101_00006_nrcb2_cal.fits,SCIENCE,,CAL,,CALJWST,2.0.0,5893,jw05893015001_02101_00006_nrcb2_cal.fits,117573120,257933064,PUBLIC,2,F200W
254158900,JWST,image,jw05893015001_02101_00005_nrcb3,exposure (L2b): 2D calibrated exposure average over integrations,S,mast:JWST/product/jw05893015001_02101_00005_nrcb3_cal.fits,SCIENCE,,CAL,,CALJWST,2.0.0,5893,jw05893015001_02101_00005_nrcb3_cal.fits,117573120,257933064,PUBLIC,2,F200W
254158903,JWST,image,jw05893015001_02101_00006_nrcb1,exposure (L2b): 2D calibrated exposure average over integrations,S,mast:JWST/product/jw05893015001_02101_00006_nrcb1_cal.fits,SCIENCE,,CAL,,CALJWST,2.0.0,5893,jw05893015001_02101_00006_nrcb1_cal.fits,117573120,257933064,PUBLIC,2,F200W
254158908,JWST,image,jw05893015001_02101_00003_nrcb1,exposure (L2b): 2D calibrated exposure average over integrations,S,mast:JWST/product/jw05893015001_02101_00003_nrcb1_cal.fits,SCIENCE,,CAL,,CALJWST,2.0.0,5893,jw05893015001_02101_00003_nrcb1_cal.fits,117573120,257933064,PUBLIC,2,F200W
254158910,JWST,image,jw05893015001_02101_00005_nrcb2,exposure (L2b): 2D calibrated exposure average over integrations,S,mast:JWST/product/jw05893015001_02101_00005_nrcb2_cal.fits,SCIENCE,,CAL,,CALJWST,2.0.0,5893,jw05893015001_02101_00005_nrcb2_cal.fits,117573120,257933064,PUBLIC,2,F200W
254159004,JWST,image,jw05893015001_02101_00006_nrcb3,exposure (L2b): 2D calibrated exposure average over integrations,S,mast:JWST/product/jw05893015001_02101_00006_nrcb3_cal.fits,SCIENCE,,CAL,,CALJWST,2.0.0,5893,jw05893015001_02101_00006_nrcb3_cal.fits,117573120,257933064,PUBLIC,2,F200W
254159005,JWST,image,jw05893015001_02101_00001_nrcb1,exposure (L2b): 2D calibrated exposure average over integrations,S,mast:JWST/product/jw05893015001_02101_00001_nrcb1_cal.fits,SCIENCE,,CAL,,CALJWST,2.0.0,5893,jw05893015001_02101_00001_nrcb1_cal.fits,117573120,257933064,PUBLIC,2,F200W
254159006,JWST,image,jw05893015001_02101_00001_nrcb3,exposure (L2b): 2D calibrated exposure average over integrations,S,mast:JWST/product/jw05893015001_02101_00001_nrcb3_cal.fits,SCIENCE,,CAL,,CALJWST,2.0.0,5893,jw05893015001_02101_00001_nrcb3_cal.fits,117573120,257933064,PUBLIC,2,F200W
254159007,JWST,image,jw05893015001_02101_00002_nrcb2,exposure (L2b): 2D calibrated exposure average over integrations,S,mast:JWST/product/jw05893015001_02101_00002_nrcb2_cal.fits,SCIENCE,,CAL,,CALJWST,2.0.0,5893,jw05893015001_02101_00002_nrcb2_cal.fits,117573120,257933064,PUBLIC,2,F200W
254159009,JWST,image,jw05893015001_02101_00004_nrcb1,exposure (L2b): 2D calibrated exposure average over integrations,S,mast:JWST/product/jw05893015001_02101_00004_nrcb1_cal.fits,SCIENCE,,CAL,,CALJWST,2.0.0,5893,jw05893015001_02101_00004_nrcb1_cal.fits,117573120,257933064,PUBLIC,2,F200W
254159010,JWST,image,jw05893015001_02101_00005_nrcb1,exposure (L2b): 2D calibrated exposure average over integrations,S,mast:JWST/product/jw05893015001_02101_00005_nrcb1_cal.fits,SCIENCE,,CAL,,CALJWST,2.0.0,5893,jw05893015001_02101_00005_nrcb1_cal.fits,117573120,257933064,PUBLIC,2,F200W
254160693,JWST,image,jw05893015002_03101_00006_nrca3,exposure (L2b): 2D calibrated exposure average over integrations,S,mast:JWST/product/jw05893015002_03101_00006_nrca3_cal.fits,SCIENCE,,CAL,,CALJWST,2.0.0,5893,jw05893015002_03101_00006_nrca3_cal.fits,117573120,257933064,PUBLIC,2,F200W
254160754,JWST,image,jw05893015002_03101_00006_nrca2,exposure (L2b): 2D calibrated exposure average over integrations,S,mast:JWST/product/jw05893015002_03101_00006_nrca2_cal.fits,SCIENCE,,CAL,,CALJWST,2.0.0,5893,jw05893015002_03101_00006_nrca2_cal.fits,117570240,257933064,PUBLIC,2,F200W
254160787,JWST,image,jw05893015002_03101_00006_nrcb1,exposure (L2b): 2D calibrated exposure average over integrations,S,mast:JWST/product/jw05893015002_03101_00006_nrcb1_cal.fits,SCIENCE,,CAL,,CALJWST,2.0.0,5893,jw05893015002_03101_00006_nrcb1_cal.fits,117573120,257933064,PUBLIC,2,F200W
254160788,JWST,image,jw05893015002_03101_00006_nrca1,exposure (L2b): 2D calibrated exposure average over integrations,S,mast:JWST/product/jw05893015002_03101_00006_nrca1_cal.fits,SCIENCE,,CAL,,CALJWST,2.0.0,5893,jw05893015002_03101_00006_nrca1_cal.fits,117570240,257933064,PUBLIC,2,F200W
254160791,JWST,image,jw05893015002_03101_00006_nrcb3,exposure (L2b): 2D calibrated exposure average over integrations,S,mast:JWST/product/jw05893015002_03101_00006_nrcb3_cal.fits,SCIENCE,,CAL,,CALJWST,2.0.0,5893,jw05893015002_03101_00006_nrcb3_cal.fits,117573120,257933064,PUBLIC,2,F200W
254160793,JWST,image,jw05893015002_03101_00006_nrcb2,exposure (L2b): 2D calibrated exposure average over integrations,S,mast:JWST/product/jw05893015002_03101_00006_nrcb2_cal.fits,SCIENCE,,CAL,,CALJWST,2.0.0,5893,jw05893015002_03101_00006_nrcb2_cal.fits,117573120,257933064,PUBLIC,2,F200W
254160818,JWST,image,jw05893015002_03101_00006_nrca4,exposure (L2b): 2D calibrated exposure average over integrations,S,mast:JWST/product/jw05893015002_03101_00006_nrca4_cal.fits,SCIENCE,,CAL,,CALJWST,2.0.0,5893,jw05893015002_03101_00006_nrca4_cal.fits,117573120,257933064,PUBLIC,2,F200W
254161831,JWST,image,jw05893015002_03101_00006_nrcb4,exposure (L2b): 2D calibrated exposure average over integrations,S,mast:JWST/product/jw05893015002_03101_00006_nrcb4_cal.fits,SCIENCE,,CAL,,CALJWST,2.0.0,5893,jw05893015002_03101_00006_nrcb4_cal.fits,117573120,257933064,PUBLIC,2,F200W
254161935,JWST,image,jw05893015001_02101_00001_nrcb4,exposure (L2b): 2D calibrated exposure average over integrations,S,mast:JWST/product/jw05893015001_02101_00001_nrcb4_cal.fits,SCIENCE,,CAL,,CALJWST,2.0.0,5893,jw05893015001_02101_00001_nrcb4_cal.fits,117573120,257933064,PUBLIC,2,F200W
254161940,JWST,image,jw05893015001_02101_00004_nrcb4,exposure (L2b): 2D calibrated exposure average over integrations,S,mast:JWST/product/jw05893015001_02101_00004_nrcb4_cal.fits,SCIENCE,,CAL,,CALJWST,2.0.0,5893,jw05893015001_02101_00004_nrcb4_cal.fits,117573120,257933064,PUBLIC,2,F200W
254162050,JWST,image,jw05893015001_02101_00005_nrcb4,exposure (L2b): 2D calibrated exposure average over integrations,S,mast:JWST/product/jw05893015001_02101_00005_nrcb4_cal.fits,SCIENCE,,CAL,,CALJWST,2.0.0,5893,jw05893015001_02101_00005_nrcb4_cal.fits,117573120,257933064,PUBLIC,2,F200W
254162105,JWST,image,jw05893015001_02101_00006_nrcb4,exposure (L2b): 2D calibrated exposure average over integrations,S,mast:JWST/product/jw05893015001_02101_00006_nrcb4_cal.fits,SCIENCE,,CAL,,CALJWST,2.0.0,5893,jw05893015001_02101_00006_nrcb4_cal.fits,117573120,257933064,PUBLIC,2,F200W
254162154,JWST,image,jw05893015001_02101_00003_nrcb4,exposure (L2b): 2D calibrated exposure average over integrations,S,mast:JWST/product/jw05893015001_02101_00003_nrcb4_cal.fits,SCIENCE,,CAL,,CALJWST,2.0.0,5893,jw05893015001_02101_00003_nrcb4_cal.fits,117573120,257933064,PUBLIC,2,F200W
254166055,JWST,image,jw05893015002_03101_00001_nrca4,exposure (L2b): 2D calibrated exposure average over integrations,S,mast:JWST/product/jw05893015002_03101_00001_nrca4_cal.fits,SCIENCE,,CAL,,CALJWST,2.0.0,5893,jw05893015002_03101_00001_nrca4_cal.fits,117573120,257933064,PUBLIC,2,F200W
254166154,JWST,image,jw05893015002_03101_00001_nrcb2,exposure (L2b): 2D calibrated exposure average over integrations,S,mast:JWST/product/jw05893015002_03101_00001_nrcb2_cal.fits,SCIENCE,,CAL,,CALJWST,2.0.0,5893,jw05893015002_03101_00001_nrcb2_cal.fits,117573120,257933064,PUBLIC,2,F200W
254166155,JWST,image,jw05893015002_03101_00001_nrca1,exposure (L2b): 2D calibrated exposure average over integrations,S,mast:JWST/product/jw05893015002_03101_00001_nrca1_cal.fits,SCIENCE,,CAL,,CALJWST,2.0.0,5893,jw05893015002_03101_00001_nrca1_cal.fits,117570240,257933064,PUBLIC,2,F200W
254166160,JWST,image,jw05893015002_03101_00001_nrcb4,exposure (L2b): 2D calibrated exposure average over integrations,S,mast:JWST/product/jw05893015002_03101_00001_nrcb4_cal.fits,SCIENCE,,CAL,,CALJWST,2.0.0,5893,jw05893015002_03101_00001_nrcb4_cal.fits,117573120,257933064,PUBLIC,2,F200W
254166162,JWST,image,jw05893015002_03101_00001_nrca3,exposure (L2b): 2D calibrated exposure average over integrations,S,mast:JWST/product/jw05893015002_03101_00001_nrca3_cal.fits,SCIENCE,,CAL,,CALJWST,2.0.0,5893,jw05893015002_03101_00001_nrca3_cal.fits,117573120,257933064,PUBLIC,2,F200W
254166258,JWST,image,jw05893015002_03101_00001_nrca2,exposure (L2b): 2D calibrated exposure average over integrations,S,mast:JWST/product/jw05893015002_03101_00001_nrca2_cal.fits,SCIENCE,,CAL,,CALJWST,2.0.0,5893,jw05893015002_03101_00001_nrca2_cal.fits,117570240,257933064,PUBLIC,2,F200W
254166260,JWST,image,jw05893015002_03101_00001_nrcb3,exposure (L2b): 2D calibrated exposure average over integrations,S,mast:JWST/product/jw05893015002_03101_00001_nrcb3_cal.fits,SCIENCE,,CAL,,CALJWST,2.0.0,5893,jw05893015002_03101_00001_nrcb3_cal.fits,117573120,257933064,PUBLIC,2,F200W
254166263,JWST,image,jw05893015002_03101_00001_nrcb1,exposure (L2b): 2D calibrated exposure average over integrations,S,mast:JWST/product/jw05893015002_03101_00001_nrcb1_cal.fits,SCIENCE,,CAL,,CALJWST,2.0.0,5893,jw05893015002_03101_00001_nrcb1_cal.fits,117573120,257933064,PUBLIC,2,F200W
255059619,JWST,image,jw05893015005_02101_00006_nrca2,exposure (L2b): 2D calibrated exposure average over integrations,S,mast:JWST/product/jw05893015005_02101_00006_nrca2_cal.fits,SCIENCE,,CAL,,CALJWST,2.0.0,5893,jw05893015005_02101_00006_nrca2_cal.fits,117570240,257933064,PUBLIC,2,F200W
255059766,JWST,image,jw05893015005_02101_00006_nrca3,exposure (L2b): 2D calibrated exposure average over integrations,S,mast:JWST/product/jw05893015005_02101_00006_nrca3_cal.fits,SCIENCE,,CAL,,CALJWST,2.0.0,5893,jw05893015005_02101_00006_nrca3_cal.fits,117573120,257933064,PUBLIC,2,F200W
255059814,JWST,image,jw05893015005_02101_00003_nrca3,exposure (L2b): 2D calibrated exposure average over integrations,S,mast:JWST/product/jw05893015005_02101_00003_nrca3_cal.fits,SCIENCE,,CAL,,CALJWST,2.0.0,5893,jw05893015005_02101_00003_nrca3_cal.fits,117573120,257933064,PUBLIC,2,F200W
255059852,JWST,image,jw05893015005_02101_00002_nrca1,exposure (L2b): 2D calibrated exposure average over integrations,S,mast:JWST/product/jw05893015005_02101_00002_nrca1_cal.fits,SCIENCE,,CAL,,CALJWST,2.0.0,5893,jw05893015005_02101_00002_nrca1_cal.fits,117570240,257933064,PUBLIC,2,F200W
255059911,JWST,image,jw05893015005_02101_00003_nrca1,exposure (L2b): 2D calibrated exposure average over integrations,S,mast:JWST/product/jw05893015005_02101_00003_nrca1_cal.fits,SCIENCE,,CAL,,CALJWST,2.0.0,5893,jw05893015005_02101_00003_nrca1_cal.fits,117570240,257933064,PUBLIC,2,F200W
255060035,JWST,image,jw05893015005_02101_00005_nrca1,exposure (L2b): 2D calibrated exposure average over integrations,S,mast:JWST/product/jw05893015005_02101_00005_nrca1_cal.fits,SCIENCE,,CAL,,CALJWST,2.0.0,5893,jw05893015005_02101_00005_nrca1_cal.fits,117570240,257933064,PUBLIC,2,F200W
255060105,JWST,image,jw05893015005_02101_00004_nrca2,exposure (L2b): 2D calibrated exposure average over integrations,S,mast:JWST/product/jw05893015005_02101_00004_nrca2_cal.fits,SCIENCE,,CAL,,CALJWST,2.0.0,5893,jw05893015005_02101_00004_nrca2_cal.fits,117570240,257933064,PUBLIC,2,F200W
255060160,JWST,image,jw05893015005_02101_00002_nrca2,exposure (L2b): 2D calibrated exposure average over integrations,S,mast:JWST/product/jw05893015005_02101_00002_nrca2_cal.fits,SCIENCE,,CAL,,CALJWST,2.0.0,5893,jw05893015005_02101_00002_nrca2_cal.fits,117570240,257933064,PUBLIC,2,F200W
255060193,JWST,image,jw05893015005_02101_00005_nrca2,exposure (L2b): 2D calibrated exposure average over integrations,S,mast:JWST/product/jw05893015005_02101_00005_nrca2_cal.fits,SCIENCE,,CAL,,CALJWST,2.0.0,5893,jw05893015005_02101_00005_nrca2_cal.fits,117570240,257933064,PUBLIC,2,F200W
255060201,JWST,image,jw05893015005_02101_00001_nrca1,exposure (L2b): 2D calibrated exposure average over integrations,S,mast:JWST/product/jw05893015005_02101_00001_nrca1_cal.fits,SCIENCE,,CAL,,CALJWST,2.0.0,5893,jw05893015005_02101_00001_nrca1_cal.fits,117570240,257933064,PUBLIC,2,F200W
255060214,JWST,image,jw05893015005_02101_00002_nrca3,exposure (L2b): 2D calibrated exposure average over integrations,S,mast:JWST/product/jw05893015005_02101_00002_nrca3_cal.fits,SCIENCE,,CAL,,CALJWST,2.0.0,5893,jw05893015005_02101_00002_nrca3_cal.fits,117573120,257933064,PUBLIC,2,F200W
255060455,JWST,image,jw05893015005_02101_00004_nrca1,exposure (L2b): 2D calibrated exposure average over integrations,S,mast:JWST/product/jw05893015005_02101_00004_nrca1_cal.fits,SCIENCE,,CAL,,CALJWST,2.0.0,5893,jw05893015005_02101_00004_nrca1_cal.fits,117570240,257933064,PUBLIC,2,F200W
255060515,JWST,image,jw05893015005_02101_00001_nrca2,exposure (L2b): 2D calibrated exposure average over integrations,S,mast:JWST/product/jw05893015005_02101_00001_nrca2_cal.fits,SCIENCE,,CAL,,CALJWST,2.0.0,5893,jw05893015005_02101_00001_nrca2_cal.fits,117570240,257933064,PUBLIC,2,F200W
255060546,JWST,image,jw05893015005_02101_00006_nrca1,exposure (L2b): 2D calibrated exposure average over integrations,S,mast:JWST/product/jw05893015005_02101_00006_nrca1_cal.fits,SCIENCE,,CAL,,CALJWST,2.0.0,5893,jw05893015005_02101_00006_nrca1_cal.fits,117570240,257933064,PUBLIC,2,F200W
255060548,JWST,image,jw05893015005_02101_00003_nrca2,exposure (L2b): 2D calibrated exposure average over integrations,S,mast:JWST/product/jw05893015005_02101_00003_nrca2_cal.fits,SCIENCE,,CAL,,CALJWST,2.0.0,5893,jw05893015005_02101_00003_nrca2_cal.fits,117570240,257933064,PUBLIC,2,F200W
255119572,JWST,image,jw05893015005_02101_00004_nrcb1,exposure (L2b): 2D calibrated exposure average over integrations,S,mast:JWST/product/jw05893015005_02101_00004_nrcb1_cal.fits,SCIENCE,,CAL,,CALJWST,2.0.0,5893,jw05893015005_02101_00004_nrcb1_cal.fits,117573120,257933064,PUBLIC,2,F200W
255119632,JWST,image,jw05893015005_02101_00005_nrcb4,exposure (L2b): 2D calibrated exposure average over integrations,S,mast:JWST/product/jw05893015005_02101_00005_nrcb4_cal.fits,SCIENCE,,CAL,,CALJWST,2.0.0,5893,jw05893015005_02101_00005_nrcb4_cal.fits,117573120,257933064,PUBLIC,2,F200W
255119905,JWST,image,jw05893015005_02101_00002_nrcb4,exposure (L2b): 2D calibrated exposure average over integrations,S,mast:JWST/product/jw05893015005_02101_00002_nrcb4_cal.fits,SCIENCE,,CAL,,CALJWST,2.0.0,5893,jw05893015005_02101_00002_nrcb4_cal.fits,117573120,257933064,PUBLIC,2,F200W
255120102,JWST,image,jw05893015005_02101_00006_nrcb1,exposure (L2b): 2D calibrated exposure average over integrations,S,mast:JWST/product/jw05893015005_02101_00006_nrcb1_cal.fits,SCIENCE,,CAL,,CALJWST,2.0.0,5893,jw05893015005_02101_00006_nrcb1_cal.fits,117573120,257933064,PUBLIC,2,F200W
255120143,JWST,image,jw05893015005_02101_00001_nrca3,exposure (L2b): 2D calibrated exposure average over integrations,S,mast:JWST/product/jw05893015005_02101_00001_nrca3_cal.fits,SCIENCE,,CAL,,CALJWST,2.0.0,5893,jw05893015005_02101_00001_nrca3_cal.fits,117573120,257933064,PUBLIC,2,F200W
255120413,JWST,image,jw05893015005_02101_00003_nrcb1,exposure (L2b): 2D calibrated exposure average over integrations,S,mast:JWST/product/jw05893015005_02101_00003_nrcb1_cal.fits,SCIENCE,,CAL,,CALJWST,2.0.0,5893,jw05893015005_02101_00003_nrcb1_cal.fits,117573120,257933064,PUBLIC,2,F200W
255120417,JWST,image,jw05893015005_02101_00001_nrcb1,exposure (L2b): 2D calibrated exposure average over integrations,S,mast:JWST/product/jw05893015005_02101_00001_nrcb1_cal.fits,SCIENCE,,CAL,,CALJWST,2.0.0,5893,jw05893015005_02101_00001_nrcb1_cal.fits,117573120,257933064,PUBLIC,2,F200W
255120627,JWST,image,jw05893015005_02101_00004_nrcb2,exposure (L2b): 2D calibrated exposure average over integrations,S,mast:JWST/product/jw05893015005_02101_00004_nrcb2_cal.fits,SCIENCE,,CAL,,CALJWST,2.0.0,5893,jw05893015005_02101_00004_nrcb2_cal.fits,117573120,257933064,PUBLIC,2,F200W
255120817,JWST,image,jw05893015005_02101_00006_nrcb3,exposure (L2b): 2D calibrated exposure average over integrations,S,mast:JWST/product/jw05893015005_02101_00006_nrcb3_cal.fits,SCIENCE,,CAL,,CALJWST,2.0.0,5893,jw05893015005_02101_00006_nrcb3_cal.fits,117573120,257933064,PUBLIC,2,F200W
255121002,JWST,image,jw05893015005_02101_00004_nrca3,exposure (L2b): 2D calibrated exposure average over integrations,S,mast:JWST/product/jw05893015005_02101_00004_nrca3_cal.fits,SCIENCE,,CAL,,CALJWST,2.0.0,5893,jw05893015005_02101_00004_nrca3_cal.fits,117573120,257933064,PUBLIC,2,F200W
255121059,JWST,image,jw05893015005_02101_00005_nrca4,exposure (L2b): 2D calibrated exposure average over integrations,S,mast:JWST/product/jw05893015005_02101_00005_nrca4_cal.fits,SCIENCE,,CAL,,CALJWST,2.0.0,5893,jw05893015005_02101_00005_nrca4_cal.fits,117573120,257933064,PUBLIC,2,F200W
255121114,JWST,image,jw05893015005_02101_00003_nrcb2,exposure (L2b): 2D calibrated exposure average over integrations,S,mast:JWST/product/jw05893015005_02101_00003_nrcb2_cal.fits,SCIENCE,,CAL,,CALJWST,2.0.0,5893,jw05893015005_02101_00003_nrcb2_cal.fits,117573120,257933064,PUBLIC,2,F200W
255121183,JWST,image,jw05893015005_02101_00004_nrca4,exposure (L2b): 2D calibrated exposure average over integrations,S,mast:JWST/product/jw05893015005_02101_00004_nrca4_cal.fits,SCIENCE,,CAL,,CALJWST,2.0.0,5893,jw05893015005_02101_00004_nrca4_cal.fits,117573120,257933064,PUBLIC,2,F200W
255121260,JWST,image,jw05893015005_02101_00004_nrcb4,exposure (L2b): 2D calibrated exposure average over integrations,S,mast:JWST/product/jw05893015005_02101_00004_nrcb4_cal.fits,SCIENCE,,CAL,,CALJWST,2.0.0,5893,jw05893015005_02101_00004_nrcb4_cal.fits,117573120,257933064,PUBLIC,2,F200W
255121372,JWST,image,jw05893015005_02101_00005_nrca3,exposure (L2b): 2D calibrated exposure average over integrations,S,mast:JWST/product/jw05893015005_02101_00005_nrca3_cal.fits,SCIENCE,,CAL,,CALJWST,2.0.0,5893,jw05893015005_02101_00005_nrca3_cal.fits,117573120,257933064,PUBLIC,2,F200W
255121503,JWST,image,jw05893015005_02101_00003_nrcb4,exposure (L2b): 2D calibrated exposure average over integrations,S,mast:JWST/product/jw05893015005_02101_00003_nrcb4_cal.fits,SCIENCE,,CAL,,CALJWST,2.0.0,5893,jw05893015005_02101_00003_nrcb4_cal.fits,117573120,257933064,PUBLIC,2,F200W
255121648,JWST,image,jw05893015005_02101_00001_nrca4,exposure (L2b): 2D calibrated exposure average over integrations,S,mast:JWST/product/jw05893015005_02101_00001_nrca4_cal.fits,SCIENCE,,CAL,,CALJWST,2.0.0,5893,jw05893015005_02101_00001_nrca4_cal.fits,117573120,257933064,PUBLIC,2,F200W
255121758,JWST,image,jw05893015005_02101_00002_nrcb3,exposure (L2b): 2D calibrated exposure average over integrations,S,mast:JWST/product/jw05893015005_02101_00002_nrcb3_cal.fits,SCIENCE,,CAL,,CALJWST,2.0.0,5893,jw05893015005_02101_00002_nrcb3_cal.fits,117573120,257933064,PUBLIC,2,F200W
255121792,JWST,image,jw05893015005_02101_00003_nrcb3,exposure (L2b): 2D calibrated exposure average over integrations,S,mast:JWST/product/jw05893015005_02101_00003_nrcb3_cal.fits,SCIENCE,,CAL,,CALJWST,2.0.0,5893,jw05893015005_02101_00003_nrcb3_cal.fits,117573120,257933064,PUBLIC,2,F200W
255121844,JWST,image,jw05893015005_02101_00006_nrcb2,exposure (L2b): 2D calibrated exposure average over integrations,S,mast:JWST/product/jw05893015005_02101_00006_nrcb2_cal.fits,SCIENCE,,CAL,,CALJWST,2.0.0,5893,jw05893015005_02101_00006_nrcb2_cal.fits,117573120,257933064,PUBLIC,2,F200W
255121918,JWST,image,jw05893015005_02101_00001_nrcb2,exposure (L2b): 2D calibrated exposure average over integrations,S,mast:JWST/product/jw05893015005_02101_00001_nrcb2_cal.fits,SCIENCE,,CAL,,CALJWST,2.0.0,5893,jw05893015005_02101_00001_nrcb2_cal.fits,117573120,257933064,PUBLIC,2,F200W
255122037,JWST,image,jw05893015005_02101_00002_nrca4,exposure (L2b): 2D calibrated exposure average over integrations,S,mast:JWST/product/jw05893015005_02101_00002_nrca4_cal.fits,SCIENCE,,CAL,,CALJWST,2.0.0,5893,jw05893015005_02101_00002_nrca4_cal.fits,117573120,257933064,PUBLIC,2,F200W
255122068,JWST,image,jw05893015005_02101_00004_nrcb3,exposure (L2b): 2D calibrated exposure average over integrations,S,mast:JWST/product/jw05893015005_02101_00004_nrcb3_cal.fits,SCIENCE,,CAL,,CALJWST,2.0.0,5893,jw05893015005_02101_00004_nrcb3_cal.fits,117573120,257933064,PUBLIC,2,F200W
255122136,JWST,image,jw05893015005_02101_00002_nrcb1,exposure (L2b): 2D calibrated exposure average over integrations,S,mast:JWST/product/jw05893015005_02101_00002_nrcb1_cal.fits,SCIENCE,,CAL,,CALJWST,2.0.0,5893,jw05893015005_02101_00002_nrcb1_cal.fits,117573120,257933064,PUBLIC,2,F200W
255122270,JWST,image,jw05893015005_02101_00003_nrca4,exposure (L2b): 2D calibrated exposure average over integrations,S,mast:JWST/product/jw05893015005_02101_00003_nrca4_cal.fits,SCIENCE,,CAL,,CALJWST,2.0.0,5893,jw05893015005_02101_00003_nrca4_cal.fits,117573120,257933064,PUBLIC,2,F200W
255122607,JWST,image,jw05893015005_02101_00002_nrcb2,exposure (L2b): 2D calibrated exposure average over integrations,S,mast:JWST/product/jw05893015005_02101_00002_nrcb2_cal.fits,SCIENCE,,CAL,,CALJWST,2.0.0,5893,jw05893015005_02101_00002_nrcb2_cal.fits,117573120,257933064,PUBLIC,2,F200W
255122875,JWST,image,jw05893015005_02101_00005_nrcb1,exposure (L2b): 2D calibrated exposure average over integrations,S,mast:JWST/product/jw05893015005_02101_00005_nrcb1_cal.fits,SCIENCE,,CAL,,CALJWST,2.0.0,5893,jw05893015005_02101_00005_nrcb1_cal.fits,117573120,257933064,PUBLIC,2,F200W
255123193,JWST,image,jw05893015005_02101_00005_nrcb2,exposure (L2b): 2D calibrated exposure average over integrations,S,mast:JWST/product/jw05893015005_02101_00005_nrcb2_cal.fits,SCIENCE,,CAL,,CALJWST,2.0.0,5893,jw05893015005_02101_00005_nrcb2_cal.fits,117573120,257933064,PUBLIC,2,F200W
255123254,JWST,image,jw05893015005_02101_00001_nrcb4,exposure (L2b): 2D calibrated exposure average over integrations,S,mast:JWST/product/jw05893015005_02101_00001_nrcb4_cal.fits,SCIENCE,,CAL,,CALJWST,2.0.0,5893,jw05893015005_02101_00001_nrcb4_cal.fits,117573120,257933064,PUBLIC,2,F200W
255123319,JWST,image,jw05893015005_02101_00001_nrcb3,exposure (L2b): 2D calibrated exposure average over integrations,S,mast:JWST/product/jw05893015005_02101_00001_nrcb3_cal.fits,SCIENCE,,CAL,,CALJWST,2.0.0,5893,jw05893015005_02101_00001_nrcb3_cal.fits,117573120,257933064,PUBLIC,2,F200W
255123375,JWST,image,jw05893015005_02101_00006_nrca4,exposure (L2b): 2D calibrated exposure average over integrations,S,mast:JWST/product/jw05893015005_02101_00006_nrca4_cal.fits,SCIENCE,,CAL,,CALJWST,2.0.0,5893,jw05893015005_02101_00006_nrca4_cal.fits,117573120,257933064,PUBLIC,2,F200W
255123833,JWST,image,jw05893015005_02101_00005_nrcb3,exposure (L2b): 2D calibrated exposure average over integrations,S,mast:JWST/product/jw05893015005_02101_00005_nrcb3_cal.fits,SCIENCE,,CAL,,CALJWST,2.0.0,5893,jw05893015005_02101_00005_nrcb3_cal.fits,117573120,257933064,PUBLIC,2,F200W
255138972,JWST,image,jw05893015003_02101_00006_nrcb1,exposure (L2b): 2D calibrated exposure average over integrations,S,mast:JWST/product/jw05893015003_02101_00006_nrcb1_cal.fits,SCIENCE,,CAL,,CALJWST,2.0.0,5893,jw05893015003_02101_00006_nrcb1_cal.fits,117573120,257933064,PUBLIC,2,F200W
255139082,JWST,image,jw05893015003_02101_00006_nrca3,exposure (L2b): 2D calibrated exposure average over integrations,S,mast:JWST/product/jw05893015003_02101_00006_nrca3_cal.fits,SCIENCE,,CAL,,CALJWST,2.0.0,5893,jw05893015003_02101_00006_nrca3_cal.fits,117573120,257933064,PUBLIC,2,F200W
255161537,JWST,image,jw05893015003_02101_00006_nrcb3,exposure (L2b): 2D calibrated exposure average over integrations,S,mast:JWST/product/jw05893015003_02101_00006_nrcb3_cal.fits,SCIENCE,,CAL,,CALJWST,2.0.0,5893,jw05893015003_02101_00006_nrcb3_cal.fits,117573120,257933064,PUBLIC,2,F200W
255161763,JWST,image,jw05893015003_02101_00006_nrca1,exposure (L2b): 2D calibrated exposure average over integrations,S,mast:JWST/product/jw05893015003_02101_00006_nrca1_cal.fits,SCIENCE,,CAL,,CALJWST,2.0.0,5893,jw05893015003_02101_00006_nrca1_cal.fits,117570240,257933064,PUBLIC,2,F200W
255161822,JWST,image,jw05893015003_02101_00006_nrcb4,exposure (L2b): 2D calibrated exposure average over integrations,S,mast:JWST/product/jw05893015003_02101_00006_nrcb4_cal.fits,SCIENCE,,CAL,,CALJWST,2.0.0,5893,jw05893015003_02101_00006_nrcb4_cal.fits,117573120,257933064,PUBLIC,2,F200W
255161931,JWST,image,jw05893015003_02101_00006_nrca4,exposure (L2b): 2D calibrated exposure average over integrations,S,mast:JWST/product/jw05893015003_02101_00006_nrca4_cal.fits,SCIENCE,,CAL,,CALJWST,2.0.0,5893,jw05893015003_02101_00006_nrca4_cal.fits,117573120,257933064,PUBLIC,2,F200W
255162190,JWST,image,jw05893015003_02101_00006_nrca2,exposure (L2b): 2D calibrated exposure average over integrations,S,mast:JWST/product/jw05893015003_02101_00006_nrca2_cal.fits,SCIENCE,,CAL,,CALJWST,2.0.0,5893,jw05893015003_02101_00006_nrca2_cal.fits,117570240,257933064,PUBLIC,2,F200W
255162313,JWST,image,jw05893015003_02101_00006_nrcb2,exposure (L2b): 2D calibrated exposure average over integrations,S,mast:JWST/product/jw05893015003_02101_00006_nrcb2_cal.fits,SCIENCE,,CAL,,CALJWST,2.0.0,5893,jw05893015003_02101_00006_nrcb2_cal.fits,117573120,257933064,PUBLIC,2,F200W
255183342,JWST,image,jw05893015007_02101_00001_nrca4,exposure (L2b): 2D calibrated exposure average over integrations,S,mast:JWST/product/jw05893015007_02101_00001_nrca4_cal.fits,SCIENCE,,CAL,,CALJWST,2.0.0,5893,jw05893015007_02101_00001_nrca4_cal.fits,117573120,257933064,PUBLIC,2,F200W
255183392,JWST,image,jw05893015007_02101_00001_nrca3,exposure (L2b): 2D calibrated exposure average over integrations,S,mast:JWST/product/jw05893015007_02101_00001_nrca3_cal.fits,SCIENCE,,CAL,,CALJWST,2.0.0,5893,jw05893015007_02101_00001_nrca3_cal.fits,117573120,257933064,PUBLIC,2,F200W
255183434,JWST,image,jw05893015007_02101_00001_nrcb3,exposure (L2b): 2D calibrated exposure average over integrations,S,mast:JWST/product/jw05893015007_02101_00001_nrcb3_cal.fits,SCIENCE,,CAL,,CALJWST,2.0.0,5893,jw05893015007_02101_00001_nrcb3_cal.fits,117573120,257933064,PUBLIC,2,F200W
255183443,JWST,image,jw05893015007_02101_00001_nrca2,exposure (L2b): 2D calibrated exposure average over integrations,S,mast:JWST/product/jw05893015007_02101_00001_nrca2_cal.fits,SCIENCE,,CAL,,CALJWST,2.0.0,5893,jw05893015007_02101_00001_nrca2_cal.fits,117570240,257933064,PUBLIC,2,F200W
255185593,JWST,image,jw05893015005_02101_00006_nrcb4,exposure (L2b): 2D calibrated exposure average over integrations,S,mast:JWST/product/jw05893015005_02101_00006_nrcb4_cal.fits,SCIENCE,,CAL,,CALJWST,2.0.0,5893,jw05893015005_02101_00006_nrcb4_cal.fits,117573120,257933064,PUBLIC,2,F200W
255226615,JWST,image,jw05893015004_02101_00006_nrca1,exposure (L2b): 2D calibrated exposure average over integrations,S,mast:JWST/product/jw05893015004_02101_00006_nrca1_cal.fits,SCIENCE,,CAL,,CALJWST,2.0.0,5893,jw05893015004_02101_00006_nrca1_cal.fits,117570240,257933064,PUBLIC,2,F200W
255226729,JWST,image,jw05893015004_02101_00006_nrca2,exposure (L2b): 2D calibrated exposure average over integrations,S,mast:JWST/product/jw05893015004_02101_00006_nrca2_cal.fits,SCIENCE,,CAL,,CALJWST,2.0.0,5893,jw05893015004_02101_00006_nrca2_cal.fits,117570240,257933064,PUBLIC,2,F200W
255226793,JWST,image,jw05893015004_02101_00002_nrca1,exposure (L2b): 2D calibrated exposure average over integrations,S,mast:JWST/product/jw05893015004_02101_00002_nrca1_cal.fits,SCIENCE,,CAL,,CALJWST,2.0.0,5893,jw05893015004_02101_00002_nrca1_cal.fits,117570240,257933064,PUBLIC,2,F200W
255226892,JWST,image,jw05893015004_02101_00001_nrca1,exposure (L2b): 2D calibrated exposure average over integrations,S,mast:JWST/product/jw05893015004_02101_00001_nrca1_cal.fits,SCIENCE,,CAL,,CALJWST,2.0.0,5893,jw05893015004_02101_00001_nrca1_cal.fits,117570240,257933064,PUBLIC,2,F200W
255226917,JWST,image,jw05893015004_02101_00003_nrca1,exposure (L2b): 2D calibrated exposure average over integrations,S,mast:JWST/product/jw05893015004_02101_00003_nrca1_cal.fits,SCIENCE,,CAL,,CALJWST,2.0.0,5893,jw05893015004_02101_00003_nrca1_cal.fits,117570240,257933064,PUBLIC,2,F200W
255226976,JWST,image,jw05893015004_02101_00004_nrca1,exposure (L2b): 2D calibrated exposure average over integrations,S,mast:JWST/product/jw05893015004_02101_00004_nrca1_cal.fits,SCIENCE,,CAL,,CALJWST,2.0.0,5893,jw05893015004_02101_00004_nrca1_cal.fits,117570240,257933064,PUBLIC,2,F200W
255227025,JWST,image,jw05893015004_02101_00005_nrca2,exposure (L2b): 2D calibrated exposure average over integrations,S,mast:JWST/product/jw05893015004_02101_00005_nrca2_cal.fits,SCIENCE,,CAL,,CALJWST,2.0.0,5893,jw05893015004_02101_00005_nrca2_cal.fits,117570240,257933064,PUBLIC,2,F200W
255227053,JWST,image,jw05893015004_02101_00004_nrca2,exposure (L2b): 2D calibrated exposure average over integrations,S,mast:JWST/product/jw05893015004_02101_00004_nrca2_cal.fits,SCIENCE,,CAL,,CALJWST,2.0.0,5893,jw05893015004_02101_00004_nrca2_cal.fits,117570240,257933064,PUBLIC,2,F200W
255227086,JWST,image,jw05893015004_02101_00003_nrca2,exposure (L2b): 2D calibrated exposure average over integrations,S,mast:JWST/product/jw05893015004_02101_00003_nrca2_cal.fits,SCIENCE,,CAL,,CALJWST,2.0.0,5893,jw05893015004_02101_00003_nrca2_cal.fits,117570240,257933064,PUBLIC,2,F200W
255237721,JWST,image,jw05893015007_02101_00002_nrcb4,exposure (L2b): 2D calibrated exposure average over integrations,S,mast:JWST/product/jw05893015007_02101_00002_nrcb4_cal.fits,SCIENCE,,CAL,,CALJWST,2.0.0,5893,jw05893015007_02101_00002_nrcb4_cal.fits,117573120,257933064,PUBLIC,2,F200W
255237770,JWST,image,jw05893015007_02101_00001_nrca1,exposure (L2b): 2D calibrated exposure average over integrations,S,mast:JWST/product/jw05893015007_02101_00001_nrca1_cal.fits,SCIENCE,,CAL,,CALJWST,2.0.0,5893,jw05893015007_02101_00001_nrca1_cal.fits,117570240,257933064,PUBLIC,2,F200W
255237825,JWST,image,jw05893015007_02101_00003_nrca4,exposure (L2b): 2D calibrated exposure average over integrations,S,mast:JWST/product/jw05893015007_02101_00003_nrca4_cal.fits,SCIENCE,,CAL,,CALJWST,2.0.0,5893,jw05893015007_02101_00003_nrca4_cal.fits,117573120,257933064,PUBLIC,2,F200W
255237879,JWST,image,jw05893015007_02101_00002_nrcb2,exposure (L2b): 2D calibrated exposure average over integrations,S,mast:JWST/product/jw05893015007_02101_00002_nrcb2_cal.fits,SCIENCE,,CAL,,CALJWST,2.0.0,5893,jw05893015007_02101_00002_nrcb2_cal.fits,117573120,257933064,PUBLIC,2,F200W
255237936,JWST,image,jw05893015007_02101_00002_nrcb3,exposure (L2b): 2D calibrated exposure average over integrations,S,mast:JWST/product/jw05893015007_02101_00002_nrcb3_cal.fits,SCIENCE,,CAL,,CALJWST,2.0.0,5893,jw05893015007_02101_00002_nrcb3_cal.fits,117573120,257933064,PUBLIC,2,F200W
255238000,JWST,image,jw05893015007_02101_00002_nrca1,exposure (L2b): 2D calibrated exposure average over integrations,S,mast:JWST/product/jw05893015007_02101_00002_nrca1_cal.fits,SCIENCE,,CAL,,CALJWST,2.0.0,5893,jw05893015007_02101_00002_nrca1_cal.fits,117570240,257933064,PUBLIC,2,F200W
255238054,JWST,image,jw05893015007_02101_00001_nrcb2,exposure (L2b): 2D calibrated exposure average over integrations,S,mast:JWST/product/jw05893015007_02101_00001_nrcb2_cal.fits,SCIENCE,,CAL,,CALJWST,2.0.0,5893,jw05893015007_02101_00001_nrcb2_cal.fits,117573120,257933064,PUBLIC,2,F200W
255238115,JWST,image,jw05893015007_02101_00002_nrca2,exposure (L2b): 2D calibrated exposure average over integrations,S,mast:JWST/product/jw05893015007_02101_00002_nrca2_cal.fits,SCIENCE,,CAL,,CALJWST,2.0.0,5893,jw05893015007_02101_00002_nrca2_cal.fits,117570240,257933064,PUBLIC,2,F200W
255238162,JWST,image,jw05893015007_02101_00003_nrca1,exposure (L2b): 2D calibrated exposure average over integrations,S,mast:JWST/product/jw05893015007_02101_00003_nrca1_cal.fits,SCIENCE,,CAL,,CALJWST,2.0.0,5893,jw05893015007_02101_00003_nrca1_cal.fits,117570240,257933064,PUBLIC,2,F200W
255238225,JWST,image,jw05893015007_02101_00001_nrcb1,exposure (L2b): 2D calibrated exposure average over integrations,S,mast:JWST/product/jw05893015007_02101_00001_nrcb1_cal.fits,SCIENCE,,CAL,,CALJWST,2.0.0,5893,jw05893015007_02101_00001_nrcb1_cal.fits,117573120,257933064,PUBLIC,2,F200W
255238420,JWST,image,jw05893015007_02101_00003_nrca2,exposure (L2b): 2D calibrated exposure average over integrations,S,mast:JWST/product/jw05893015007_02101_00003_nrca2_cal.fits,SCIENCE,,CAL,,CALJWST,2.0.0,5893,jw05893015007_02101_00003_nrca2_cal.fits,117570240,257933064,PUBLIC,2,F200W
255238486,JWST,image,jw05893015007_02101_00003_nrcb1,exposure (L2b): 2D calibrated exposure average over integrations,S,mast:JWST/product/jw05893015007_02101_00003_nrcb1_cal.fits,SCIENCE,,CAL,,CALJWST,2.0.0,5893,jw05893015007_02101_00003_nrcb1_cal.fits,117573120,257933064,PUBLIC,2,F200W
255238635,JWST,image,jw05893015007_02101_00003_nrcb2,exposure (L2b): 2D calibrated exposure average over integrations,S,mast:JWST/product/jw05893015007_02101_00003_nrcb2_cal.fits,SCIENCE,,CAL,,CALJWST,2.0.0,5893,jw05893015007_02101_00003_nrcb2_cal.fits,117573120,257933064,PUBLIC,2,F200W
255238696,JWST,image,jw05893015007_02101_00001_nrcb4,exposure (L2b): 2D calibrated exposure average over integrations,S,mast:JWST/product/jw05893015007_02101_00001_nrcb4_cal.fits,SCIENCE,,CAL,,CALJWST,2.0.0,5893,jw05893015007_02101_00001_nrcb4_cal.fits,117573120,257933064,PUBLIC,2,F200W
255238823,JWST,image,jw05893015007_02101_00002_nrca4,exposure (L2b): 2D calibrated exposure average over integrations,S,mast:JWST/product/jw05893015007_02101_00002_nrca4_cal.fits,SCIENCE,,CAL,,CALJWST,2.0.0,5893,jw05893015007_02101_00002_nrca4_cal.fits,117573120,257933064,PUBLIC,2,F200W
255238888,JWST,image,jw05893015007_02101_00002_nrca3,exposure (L2b): 2D calibrated exposure average over integrations,S,mast:JWST/product/jw05893015007_02101_00002_nrca3_cal.fits,SCIENCE,,CAL,,CALJWST,2.0.0,5893,jw05893015007_02101_00002_nrca3_cal.fits,117573120,257933064,PUBLIC,2,F200W
255238955,JWST,image,jw05893015007_02101_00002_nrcb1,exposure (L2b): 2D calibrated exposure average over integrations,S,mast:JWST/product/jw05893015007_02101_00002_nrcb1_cal.fits,SCIENCE,,CAL,,CALJWST,2.0.0,5893,jw05893015007_02101_00002_nrcb1_cal.fits,117573120,257933064,PUBLIC,2,F200W
255239013,JWST,image,jw05893015007_02101_00003_nrcb3,exposure (L2b): 2D calibrated exposure average over integrations,S,mast:JWST/product/jw05893015007_02101_00003_nrcb3_cal.fits,SCIENCE,,CAL,,CALJWST,2.0.0,5893,jw05893015007_02101_00003_nrcb3_cal.fits,117573120,257933064,PUBLIC,2,F200W
255239079,JWST,image,jw05893015007_02101_00003_nrca3,exposure (L2b): 2D calibrated exposure average over integrations,S,mast:JWST/product/jw05893015007_02101_00003_nrca3_cal.fits,SCIENCE,,CAL,,CALJWST,2.0.0,5893,jw05893015007_02101_00003_nrca3_cal.fits,117573120,257933064,PUBLIC,2,F200W
255239095,JWST,image,jw05893015007_02101_00003_nrcb4,exposure (L2b): 2D calibrated exposure average over integrations,S,mast:JWST/product/jw05893015007_02101_00003_nrcb4_cal.fits,SCIENCE,,CAL,,CALJWST,2.0.0,5893,jw05893015007_02101_00003_nrcb4_cal.fits,117573120,257933064,PUBLIC,2,F200W
255239516,JWST,image,jw05893015003_02101_00004_nrca2,exposure (L2b): 2D calibrated exposure average over integrations,S,mast:JWST/product/jw05893015003_02101_00004_nrca2_cal.fits,SCIENCE,,CAL,,CALJWST,2.0.0,5893,jw05893015003_02101_00004_nrca2_cal.fits,117570240,257933064,PUBLIC,2,F200W
255239517,JWST,image,jw05893015003_02101_00001_nrca2,exposure (L2b): 2D calibrated exposure average over integrations,S,mast:JWST/product/jw05893015003_02101_00001_nrca2_cal.fits,SCIENCE,,CAL,,CALJWST,2.0.0,5893,jw05893015003_02101_00001_nrca2_cal.fits,117570240,257933064,PUBLIC,2,F200W
255239580,JWST,image,jw05893015003_02101_00002_nrca2,exposure (L2b): 2D calibrated exposure average over integrations,S,mast:JWST/product/jw05893015003_02101_00002_nrca2_cal.fits,SCIENCE,,CAL,,CALJWST,2.0.0,5893,jw05893015003_02101_00002_nrca2_cal.fits,117570240,257933064,PUBLIC,2,F200W
255240107,JWST,image,jw05893015003_02101_00005_nrca3,exposure (L2b): 2D calibrated exposure average over integrations,S,mast:JWST/product/jw05893015003_02101_00005_nrca3_cal.fits,SCIENCE,,CAL,,CALJWST,2.0.0,5893,jw05893015003_02101_00005_nrca3_cal.fits,117573120,257933064,PUBLIC,2,F200W
255240343,JWST,image,jw05893015003_02101_00002_nrca1,exposure (L2b): 2D calibrated exposure average over integrations,S,mast:JWST/product/jw05893015003_02101_00002_nrca1_cal.fits,SCIENCE,,CAL,,CALJWST,2.0.0,5893,jw05893015003_02101_00002_nrca1_cal.fits,117570240,257933064,PUBLIC,2,F200W
255240404,JWST,image,jw05893015003_02101_00004_nrca1,exposure (L2b): 2D calibrated exposure average over integrations,S,mast:JWST/product/jw05893015003_02101_00004_nrca1_cal.fits,SCIENCE,,CAL,,CALJWST,2.0.0,5893,jw05893015003_02101_00004_nrca1_cal.fits,117570240,257933064,PUBLIC,2,F200W
255240469,JWST,image,jw05893015003_02101_00005_nrca2,exposure (L2b): 2D calibrated exposure average over integrations,S,mast:JWST/product/jw05893015003_02101_00005_nrca2_cal.fits,SCIENCE,,CAL,,CALJWST,2.0.0,5893,jw05893015003_02101_00005_nrca2_cal.fits,117570240,257933064,PUBLIC,2,F200W
255240693,JWST,image,jw05893015003_02101_00005_nrca1,exposure (L2b): 2D calibrated exposure average over integrations,S,mast:JWST/product/jw05893015003_02101_00005_nrca1_cal.fits,SCIENCE,,CAL,,CALJWST,2.0.0,5893,jw05893015003_02101_00005_nrca1_cal.fits,117570240,257933064,PUBLIC,2,F200W
255240987,JWST,image,jw05893015003_02101_00003_nrca2,exposure (L2b): 2D calibrated exposure average over integrations,S,mast:JWST/product/jw05893015003_02101_00003_nrca2_cal.fits,SCIENCE,,CAL,,CALJWST,2.0.0,5893,jw05893015003_02101_00003_nrca2_cal.fits,117570240,257933064,PUBLIC,2,F200W
255241091,JWST,image,jw05893015003_02101_00003_nrca1,exposure (L2b): 2D calibrated exposure average over integrations,S,mast:JWST/product/jw05893015003_02101_00003_nrca1_cal.fits,SCIENCE,,CAL,,CALJWST,2.0.0,5893,jw05893015003_02101_00003_nrca1_cal.fits,117570240,257933064,PUBLIC,2,F200W
255241177,JWST,image,jw05893015003_02101_00002_nrca3,exposure (L2b): 2D calibrated exposure average over integrations,S,mast:JWST/product/jw05893015003_02101_00002_nrca3_cal.fits,SCIENCE,,CAL,,CALJWST,2.0.0,5893,jw05893015003_02101_00002_nrca3_cal.fits,117573120,257933064,PUBLIC,2,F200W
255241347,JWST,image,jw05893015003_02101_00003_nrca3,exposure (L2b): 2D calibrated exposure average over integrations,S,mast:JWST/product/jw05893015003_02101_00003_nrca3_cal.fits,SCIENCE,,CAL,,CALJWST,2.0.0,5893,jw05893015003_02101_00003_nrca3_cal.fits,117573120,257933064,PUBLIC,2,F200W
255241509,JWST,image,jw05893015003_02101_00004_nrca3,exposure (L2b): 2D calibrated exposure average over integrations,S,mast:JWST/product/jw05893015003_02101_00004_nrca3_cal.fits,SCIENCE,,CAL,,CALJWST,2.0.0,5893,jw05893015003_02101_00004_nrca3_cal.fits,117573120,257933064,PUBLIC,2,F200W
255241654,JWST,image,jw05893015003_02101_00001_nrca1,exposure (L2b): 2D calibrated exposure average over integrations,S,mast:JWST/product/jw05893015003_02101_00001_nrca1_cal.fits,SCIENCE,,CAL,,CALJWST,2.0.0,5893,jw05893015003_02101_00001_nrca1_cal.fits,117570240,257933064,PUBLIC,2,F200W
255286568,JWST,image,jw05893015007_02101_00004_nrcb4,exposure (L2b): 2D calibrated exposure average over integrations,S,mast:JWST/product/jw05893015007_02101_00004_nrcb4_cal.fits,SCIENCE,,CAL,,CALJWST,2.0.0,5893,jw05893015007_02101_00004_nrcb4_cal.fits,117573120,257933064,PUBLIC,2,F200W
255287998,JWST,image,jw05893015004_02101_00005_nrcb1,exposure (L2b): 2D calibrated exposure average over integrations,S,mast:JWST/product/jw05893015004_02101_00005_nrcb1_cal.fits,SCIENCE,,CAL,,CALJWST,2.0.0,5893,jw05893015004_02101_00005_nrcb1_cal.fits,117573120,257933064,PUBLIC,2,F200W
255288494,JWST,image,jw05893015004_02101_00002_nrca3,exposure (L2b): 2D calibrated exposure average over integrations,S,mast:JWST/product/jw05893015004_02101_00002_nrca3_cal.fits,SCIENCE,,CAL,,CALJWST,2.0.0,5893,jw05893015004_02101_00002_nrca3_cal.fits,117573120,257933064,PUBLIC,2,F200W
255288627,JWST,image,jw05893015004_02101_00006_nrca4,exposure (L2b): 2D calibrated exposure average over integrations,S,mast:JWST/product/jw05893015004_02101_00006_nrca4_cal.fits,SCIENCE,,CAL,,CALJWST,2.0.0,5893,jw05893015004_02101_00006_nrca4_cal.fits,117573120,257933064,PUBLIC,2,F200W
255288801,JWST,image,jw05893015004_02101_00004_nrca4,exposure (L2b): 2D calibrated exposure average over integrations,S,mast:JWST/product/jw05893015004_02101_00004_nrca4_cal.fits,SCIENCE,,CAL,,CALJWST,2.0.0,5893,jw05893015004_02101_00004_nrca4_cal.fits,117573120,257933064,PUBLIC,2,F200W
255288839,JWST,image,jw05893015004_02101_00003_nrca4,exposure (L2b): 2D calibrated exposure average over integrations,S,mast:JWST/product/jw05893015004_02101_00003_nrca4_cal.fits,SCIENCE,,CAL,,CALJWST,2.0.0,5893,jw05893015004_02101_00003_nrca4_cal.fits,117573120,257933064,PUBLIC,2,F200W
255288849,JWST,image,jw05893015004_02101_00003_nrcb1,exposure (L2b): 2D calibrated exposure average over integrations,S,mast:JWST/product/jw05893015004_02101_00003_nrcb1_cal.fits,SCIENCE,,CAL,,CALJWST,2.0.0,5893,jw05893015004_02101_00003_nrcb1_cal.fits,117573120,257933064,PUBLIC,2,F200W
255288904,JWST,image,jw05893015004_02101_00006_nrca3,exposure (L2b): 2D calibrated exposure average over integrations,S,mast:JWST/product/jw05893015004_02101_00006_nrca3_cal.fits,SCIENCE,,CAL,,CALJWST,2.0.0,5893,jw05893015004_02101_00006_nrca3_cal.fits,117573120,257933064,PUBLIC,2,F200W
255289078,JWST,image,jw05893015004_02101_00003_nrca3,exposure (L2b): 2D calibrated exposure average over integrations,S,mast:JWST/product/jw05893015004_02101_00003_nrca3_cal.fits,SCIENCE,,CAL,,CALJWST,2.0.0,5893,jw05893015004_02101_00003_nrca3_cal.fits,117573120,257933064,PUBLIC,2,F200W
255289190,JWST,image,jw05893015004_02101_00004_nrca3,exposure (L2b): 2D calibrated exposure average over integrations,S,mast:JWST/product/jw05893015004_02101_00004_nrca3_cal.fits,SCIENCE,,CAL,,CALJWST,2.0.0,5893,jw05893015004_02101_00004_nrca3_cal.fits,117573120,257933064,PUBLIC,2,F200W
255289351,JWST,image,jw05893015004_02101_00002_nrca2,exposure (L2b): 2D calibrated exposure average over integrations,S,mast:JWST/product/jw05893015004_02101_00002_nrca2_cal.fits,SCIENCE,,CAL,,CALJWST,2.0.0,5893,jw05893015004_02101_00002_nrca2_cal.fits,117570240,257933064,PUBLIC,2,F200W
255289415,JWST,image,jw05893015004_02101_00005_nrca4,exposure (L2b): 2D calibrated exposure average over integrations,S,mast:JWST/product/jw05893015004_02101_00005_nrca4_cal.fits,SCIENCE,,CAL,,CALJWST,2.0.0,5893,jw05893015004_02101_00005_nrca4_cal.fits,117573120,257933064,PUBLIC,2,F200W
255289694,JWST,image,jw05893015004_02101_00001_nrca4,exposure (L2b): 2D calibrated exposure average over integrations,S,mast:JWST/product/jw05893015004_02101_00001_nrca4_cal.fits,SCIENCE,,CAL,,CALJWST,2.0.0,5893,jw05893015004_02101_00001_nrca4_cal.fits,117573120,257933064,PUBLIC,2,F200W
255289944,JWST,image,jw05893015004_02101_00001_nrca3,exposure (L2b): 2D calibrated exposure average over integrations,S,mast:JWST/product/jw05893015004_02101_00001_nrca3_cal.fits,SCIENCE,,CAL,,CALJWST,2.0.0,5893,jw05893015004_02101_00001_nrca3_cal.fits,117573120,257933064,PUBLIC,2,F200W
255290011,JWST,image,jw05893015004_02101_00005_nrca1,exposure (L2b): 2D calibrated exposure average over integrations,S,mast:JWST/product/jw05893015004_02101_00005_nrca1_cal.fits,SCIENCE,,CAL,,CALJWST,2.0.0,5893,jw05893015004_02101_00005_nrca1_cal.fits,117570240,257933064,PUBLIC,2,F200W
255290077,JWST,image,jw05893015004_02101_00001_nrca2,exposure (L2b): 2D calibrated exposure average over integrations,S,mast:JWST/product/jw05893015004_02101_00001_nrca2_cal.fits,SCIENCE,,CAL,,CALJWST,2.0.0,5893,jw05893015004_02101_00001_nrca2_cal.fits,117570240,257933064,PUBLIC,2,F200W
255290192,JWST,image,jw05893015004_02101_00005_nrca3,exposure (L2b): 2D calibrated exposure average over integrations,S,mast:JWST/product/jw05893015004_02101_00005_nrca3_cal.fits,SCIENCE,,CAL,,CALJWST,2.0.0,5893,jw05893015004_02101_00005_nrca3_cal.fits,117573120,257933064,PUBLIC,2,F200W
255290202,JWST,image,jw05893015004_02101_00002_nrca4,exposure (L2b): 2D calibrated exposure average over integrations,S,mast:JWST/product/jw05893015004_02101_00002_nrca4_cal.fits,SCIENCE,,CAL,,CALJWST,2.0.0,5893,jw05893015004_02101_00002_nrca4_cal.fits,117573120,257933064,PUBLIC,2,F200W
255306607,JWST,image,jw05893015003_02101_00001_nrcb2,exposure (L2b): 2D calibrated exposure average over integrations,S,mast:JWST/product/jw05893015003_02101_00001_nrcb2_cal.fits,SCIENCE,,CAL,,CALJWST,2.0.0,5893,jw05893015003_02101_00001_nrcb2_cal.fits,117573120,257933064,PUBLIC,2,F200W
255307228,JWST,image,jw05893015003_02101_00002_nrcb2,exposure (L2b): 2D calibrated exposure average over integrations,S,mast:JWST/product/jw05893015003_02101_00002_nrcb2_cal.fits,SCIENCE,,CAL,,CALJWST,2.0.0,5893,jw05893015003_02101_00002_nrcb2_cal.fits,117573120,257933064,PUBLIC,2,F200W
255307586,JWST,image,jw05893015003_02101_00004_nrcb2,exposure (L2b): 2D calibrated exposure average over integrations,S,mast:JWST/product/jw05893015003_02101_00004_nrcb2_cal.fits,SCIENCE,,CAL,,CALJWST,2.0.0,5893,jw05893015003_02101_00004_nrcb2_cal.fits,117573120,257933064,PUBLIC,2,F200W
255307645,JWST,image,jw05893015003_02101_00005_nrca4,exposure (L2b): 2D calibrated exposure average over integrations,S,mast:JWST/product/jw05893015003_02101_00005_nrca4_cal.fits,SCIENCE,,CAL,,CALJWST,2.0.0,5893,jw05893015003_02101_00005_nrca4_cal.fits,117573120,257933064,PUBLIC,2,F200W
255307728,JWST,image,jw05893015003_02101_00002_nrca4,exposure (L2b): 2D calibrated exposure average over integrations,S,mast:JWST/product/jw05893015003_02101_00002_nrca4_cal.fits,SCIENCE,,CAL,,CALJWST,2.0.0,5893,jw05893015003_02101_00002_nrca4_cal.fits,117573120,257933064,PUBLIC,2,F200W
255307845,JWST,image,jw05893015003_02101_00005_nrcb2,exposure (L2b): 2D calibrated exposure average over integrations,S,mast:JWST/product/jw05893015003_02101_00005_nrcb2_cal.fits,SCIENCE,,CAL,,CALJWST,2.0.0,5893,jw05893015003_02101_00005_nrcb2_cal.fits,117573120,257933064,PUBLIC,2,F200W
255307910,JWST,image,jw05893015003_02101_00005_nrcb1,exposure (L2b): 2D calibrated exposure average over integrations,S,mast:JWST/product/jw05893015003_02101_00005_nrcb1_cal.fits,SCIENCE,,CAL,,CALJWST,2.0.0,5893,jw05893015003_02101_00005_nrcb1_cal.fits,117573120,257933064,PUBLIC,2,F200W
255308160,JWST,image,jw05893015003_02101_00001_nrca3,exposure (L2b): 2D calibrated exposure average over integrations,S,mast:JWST/product/jw05893015003_02101_00001_nrca3_cal.fits,SCIENCE,,CAL,,CALJWST,2.0.0,5893,jw05893015003_02101_00001_nrca3_cal.fits,117573120,257933064,PUBLIC,2,F200W
255308287,JWST,image,jw05893015003_02101_00003_nrca4,exposure (L2b): 2D calibrated exposure average over integrations,S,mast:JWST/product/jw05893015003_02101_00003_nrca4_cal.fits,SCIENCE,,CAL,,CALJWST,2.0.0,5893,jw05893015003_02101_00003_nrca4_cal.fits,117573120,257933064,PUBLIC,2,F200W
255308393,JWST,image,jw05893015003_02101_00001_nrcb1,exposure (L2b): 2D calibrated exposure average over integrations,S,mast:JWST/product/jw05893015003_02101_00001_nrcb1_cal.fits,SCIENCE,,CAL,,CALJWST,2.0.0,5893,jw05893015003_02101_00001_nrcb1_cal.fits,117573120,257933064,PUBLIC,2,F200W
255308519,JWST,image,jw05893015003_02101_00003_nrcb2,exposure (L2b): 2D calibrated exposure average over integrations,S,mast:JWST/product/jw05893015003_02101_00003_nrcb2_cal.fits,SCIENCE,,CAL,,CALJWST,2.0.0,5893,jw05893015003_02101_00003_nrcb2_cal.fits,117573120,257933064,PUBLIC,2,F200W
255308595,JWST,image,jw05893015003_02101_00001_nrca4,exposure (L2b): 2D calibrated exposure average over integrations,S,mast:JWST/product/jw05893015003_02101_00001_nrca4_cal.fits,SCIENCE,,CAL,,CALJWST,2.0.0,5893,jw05893015003_02101_00001_nrca4_cal.fits,117573120,257933064,PUBLIC,2,F200W
255308957,JWST,image,jw05893015003_02101_00002_nrcb1,exposure (L2b): 2D calibrated exposure average over integrations,S,mast:JWST/product/jw05893015003_02101_00002_nrcb1_cal.fits,SCIENCE,,CAL,,CALJWST,2.0.0,5893,jw05893015003_02101_00002_nrcb1_cal.fits,117573120,257933064,PUBLIC,2,F200W
255309250,JWST,image,jw05893015003_02101_00004_nrca4,exposure (L2b): 2D calibrated exposure average over integrations,S,mast:JWST/product/jw05893015003_02101_00004_nrca4_cal.fits,SCIENCE,,CAL,,CALJWST,2.0.0,5893,jw05893015003_02101_00004_nrca4_cal.fits,117573120,257933064,PUBLIC,2,F200W
255309655,JWST,image,jw05893015003_02101_00004_nrcb1,exposure (L2b): 2D calibrated exposure average over integrations,S,mast:JWST/product/jw05893015003_02101_00004_nrcb1_cal.fits,SCIENCE,,CAL,,CALJWST,2.0.0,5893,jw05893015003_02101_00004_nrcb1_cal.fits,117573120,257933064,PUBLIC,2,F200W
255309831,JWST,image,jw05893015003_02101_00003_nrcb1,exposure (L2b): 2D calibrated exposure average over integrations,S,mast:JWST/product/jw05893015003_02101_00003_nrcb1_cal.fits,SCIENCE,,CAL,,CALJWST,2.0.0,5893,jw05893015003_02101_00003_nrcb1_cal.fits,117573120,257933064,PUBLIC,2,F200W
255323619,JWST,image,jw05893015003_02101_00005_nrcb4,exposure (L2b): 2D calibrated exposure average over integrations,S,mast:JWST/product/jw05893015003_02101_00005_nrcb4_cal.fits,SCIENCE,,CAL,,CALJWST,2.0.0,5893,jw05893015003_02101_00005_nrcb4_cal.fits,117573120,257933064,PUBLIC,2,F200W
255324853,JWST,image,jw05893015003_02101_00004_nrcb3,exposure (L2b): 2D calibrated exposure average over integrations,S,mast:JWST/product/jw05893015003_02101_00004_nrcb3_cal.fits,SCIENCE,,CAL,,CALJWST,2.0.0,5893,jw05893015003_02101_00004_nrcb3_cal.fits,117573120,257933064,PUBLIC,2,F200W
255325546,JWST,image,jw05893015003_02101_00001_nrcb3,exposure (L2b): 2D calibrated exposure average over integrations,S,mast:JWST/product/jw05893015003_02101_00001_nrcb3_cal.fits,SCIENCE,,CAL,,CALJWST,2.0.0,5893,jw05893015003_02101_00001_nrcb3_cal.fits,117573120,257933064,PUBLIC,2,F200W
255326657,JWST,image,jw05893015003_02101_00005_nrcb3,exposure (L2b): 2D calibrated exposure average over integrations,S,mast:JWST/product/jw05893015003_02101_00005_nrcb3_cal.fits,SCIENCE,,CAL,,CALJWST,2.0.0,5893,jw05893015003_02101_00005_nrcb3_cal.fits,117573120,257933064,PUBLIC,2,F200W
255327505,JWST,image,jw05893015003_02101_00002_nrcb3,exposure (L2b): 2D calibrated exposure average over integrations,S,mast:JWST/product/jw05893015003_02101_00002_nrcb3_cal.fits,SCIENCE,,CAL,,CALJWST,2.0.0,5893,jw05893015003_02101_00002_nrcb3_cal.fits,117573120,257933064,PUBLIC,2,F200W
255327667,JWST,image,jw05893015003_02101_00003_nrcb3,exposure (L2b): 2D calibrated exposure average over integrations,S,mast:JWST/product/jw05893015003_02101_00003_nrcb3_cal.fits,SCIENCE,,CAL,,CALJWST,2.0.0,5893,jw05893015003_02101_00003_nrcb3_cal.fits,117573120,257933064,PUBLIC,2,F200W
255349991,JWST,image,jw05893015007_02101_00004_nrcb1,exposure (L2b): 2D calibrated exposure average over integrations,S,mast:JWST/product/jw05893015007_02101_00004_nrcb1_cal.fits,SCIENCE,,CAL,,CALJWST,2.0.0,5893,jw05893015007_02101_00004_nrcb1_cal.fits,117573120,257933064,PUBLIC,2,F200W
255351044,JWST,image,jw05893015007_02101_00004_nrcb3,exposure (L2b): 2D calibrated exposure average over integrations,S,mast:JWST/product/jw05893015007_02101_00004_nrcb3_cal.fits,SCIENCE,,CAL,,CALJWST,2.0.0,5893,jw05893015007_02101_00004_nrcb3_cal.fits,117573120,257933064,PUBLIC,2,F200W
255353039,JWST,image,jw05893015004_02101_00002_nrcb4,exposure (L2b): 2D calibrated exposure average over integrations,S,mast:JWST/product/jw05893015004_02101_00002_nrcb4_cal.fits,SCIENCE,,CAL,,CALJWST,2.0.0,5893,jw05893015004_02101_00002_nrcb4_cal.fits,117573120,257933064,PUBLIC,2,F200W
255353042,JWST,image,jw05893015004_02101_00005_nrcb2,exposure (L2b): 2D calibrated exposure average over integrations,S,mast:JWST/product/jw05893015004_02101_00005_nrcb2_cal.fits,SCIENCE,,CAL,,CALJWST,2.0.0,5893,jw05893015004_02101_00005_nrcb2_cal.fits,117573120,257933064,PUBLIC,2,F200W
255353247,JWST,image,jw05893015004_02101_00003_nrcb3,exposure (L2b): 2D calibrated exposure average over integrations,S,mast:JWST/product/jw05893015004_02101_00003_nrcb3_cal.fits,SCIENCE,,CAL,,CALJWST,2.0.0,5893,jw05893015004_02101_00003_nrcb3_cal.fits,117573120,257933064,PUBLIC,2,F200W
255353381,JWST,image,jw05893015004_02101_00002_nrcb1,exposure (L2b): 2D calibrated exposure average over integrations,S,mast:JWST/product/jw05893015004_02101_00002_nrcb1_cal.fits,SCIENCE,,CAL,,CALJWST,2.0.0,5893,jw05893015004_02101_00002_nrcb1_cal.fits,117573120,257933064,PUBLIC,2,F200W
255353791,JWST,image,jw05893015004_02101_00004_nrcb2,exposure (L2b): 2D calibrated exposure average over integrations,S,mast:JWST/product/jw05893015004_02101_00004_nrcb2_cal.fits,SCIENCE,,CAL,,CALJWST,2.0.0,5893,jw05893015004_02101_00004_nrcb2_cal.fits,117573120,257933064,PUBLIC,2,F200W
255353909,JWST,image,jw05893015004_02101_00001_nrcb1,exposure (L2b): 2D calibrated exposure average over integrations,S,mast:JWST/product/jw05893015004_02101_00001_nrcb1_cal.fits,SCIENCE,,CAL,,CALJWST,2.0.0,5893,jw05893015004_02101_00001_nrcb1_cal.fits,117573120,257933064,PUBLIC,2,F200W
255354100,JWST,image,jw05893015004_02101_00006_nrcb1,exposure (L2b): 2D calibrated exposure average over integrations,S,mast:JWST/product/jw05893015004_02101_00006_nrcb1_cal.fits,SCIENCE,,CAL,,CALJWST,2.0.0,5893,jw05893015004_02101_00006_nrcb1_cal.fits,117573120,257933064,PUBLIC,2,F200W
255354514,JWST,image,jw05893015004_02101_00002_nrcb3,exposure (L2b): 2D calibrated exposure average over integrations,S,mast:JWST/product/jw05893015004_02101_00002_nrcb3_cal.fits,SCIENCE,,CAL,,CALJWST,2.0.0,5893,jw05893015004_02101_00002_nrcb3_cal.fits,117573120,257933064,PUBLIC,2,F200W
255354583,JWST,image,jw05893015004_02101_00001_nrcb3,exposure (L2b): 2D calibrated exposure average over integrations,S,mast:JWST/product/jw05893015004_02101_00001_nrcb3_cal.fits,SCIENCE,,CAL,,CALJWST,2.0.0,5893,jw05893015004_02101_00001_nrcb3_cal.fits,117573120,257933064,PUBLIC,2,F200W
255354637,JWST,image,jw05893015004_02101_00005_nrcb4,exposure (L2b): 2D calibrated exposure average over integrations,S,mast:JWST/product/jw05893015004_02101_00005_nrcb4_cal.fits,SCIENCE,,CAL,,CALJWST,2.0.0,5893,jw05893015004_02101_00005_nrcb4_cal.fits,117573120,257933064,PUBLIC,2,F200W
255354904,JWST,image,jw05893015004_02101_00005_nrcb3,exposure (L2b): 2D calibrated exposure average over integrations,S,mast:JWST/product/jw05893015004_02101_00005_nrcb3_cal.fits,SCIENCE,,CAL,,CALJWST,2.0.0,5893,jw05893015004_02101_00005_nrcb3_cal.fits,117573120,257933064,PUBLIC,2,F200W
255355078,JWST,image,jw05893015004_02101_00001_nrcb4,exposure (L2b): 2D calibrated exposure average over integrations,S,mast:JWST/product/jw05893015004_02101_00001_nrcb4_cal.fits,SCIENCE,,CAL,,CALJWST,2.0.0,5893,jw05893015004_02101_00001_nrcb4_cal.fits,117573120,257933064,PUBLIC,2,F200W
255355191,JWST,image,jw05893015004_02101_00006_nrcb4,exposure (L2b): 2D calibrated exposure average over integrations,S,mast:JWST/product/jw05893015004_02101_00006_nrcb4_cal.fits,SCIENCE,,CAL,,CALJWST,2.0.0,5893,jw05893015004_02101_00006_nrcb4_cal.fits,117573120,257933064,PUBLIC,2,F200W
255355224,JWST,image,jw05893015004_02101_00003_nrcb4,exposure (L2b): 2D calibrated exposure average over integrations,S,mast:JWST/product/jw05893015004_02101_00003_nrcb4_cal.fits,SCIENCE,,CAL,,CALJWST,2.0.0,5893,jw05893015004_02101_00003_nrcb4_cal.fits,117573120,257933064,PUBLIC,2,F200W
255355419,JWST,image,jw05893015004_02101_00006_nrcb2,exposure (L2b): 2D calibrated exposure average over integrations,S,mast:JWST/product/jw05893015004_02101_00006_nrcb2_cal.fits,SCIENCE,,CAL,,CALJWST,2.0.0,5893,jw05893015004_02101_00006_nrcb2_cal.fits,117573120,257933064,PUBLIC,2,F200W
255355536,JWST,image,jw05893015004_02101_00004_nrcb4,exposure (L2b): 2D calibrated exposure average over integrations,S,mast:JWST/product/jw05893015004_02101_00004_nrcb4_cal.fits,SCIENCE,,CAL,,CALJWST,2.0.0,5893,jw05893015004_02101_00004_nrcb4_cal.fits,117573120,257933064,PUBLIC,2,F200W
255355976,JWST,image,jw05893015004_02101_00006_nrcb3,exposure (L2b): 2D calibrated exposure average over integrations,S,mast:JWST/product/jw05893015004_02101_00006_nrcb3_cal.fits,SCIENCE,,CAL,,CALJWST,2.0.0,5893,jw05893015004_02101_00006_nrcb3_cal.fits,117573120,257933064,PUBLIC,2,F200W
255356304,JWST,image,jw05893015004_02101_00002_nrcb2,exposure (L2b): 2D calibrated exposure average over integrations,S,mast:JWST/product/jw05893015004_02101_00002_nrcb2_cal.fits,SCIENCE,,CAL,,CALJWST,2.0.0,5893,jw05893015004_02101_00002_nrcb2_cal.fits,117573120,257933064,PUBLIC,2,F200W
255356424,JWST,image,jw05893015004_02101_00001_nrcb2,exposure (L2b): 2D calibrated exposure average over integrations,S,mast:JWST/product/jw05893015004_02101_00001_nrcb2_cal.fits,SCIENCE,,CAL,,CALJWST,2.0.0,5893,jw05893015004_02101_00001_nrcb2_cal.fits,117573120,257933064,PUBLIC,2,F200W
255356548,JWST,image,jw05893015004_02101_00004_nrcb1,exposure (L2b): 2D calibrated exposure average over integrations,S,mast:JWST/product/jw05893015004_02101_00004_nrcb1_cal.fits,SCIENCE,,CAL,,CALJWST,2.0.0,5893,jw05893015004_02101_00004_nrcb1_cal.fits,117573120,257933064,PUBLIC,2,F200W
255356670,JWST,image,jw05893015004_02101_00004_nrcb3,exposure (L2b): 2D calibrated exposure average over integrations,S,mast:JWST/product/jw05893015004_02101_00004_nrcb3_cal.fits,SCIENCE,,CAL,,CALJWST,2.0.0,5893,jw05893015004_02101_00004_nrcb3_cal.fits,117573120,257933064,PUBLIC,2,F200W
255356884,JWST,image,jw05893015004_02101_00003_nrcb2,exposure (L2b): 2D calibrated exposure average over integrations,S,mast:JWST/product/jw05893015004_02101_00003_nrcb2_cal.fits,SCIENCE,,CAL,,CALJWST,2.0.0,5893,jw05893015004_02101_00003_nrcb2_cal.fits,117573120,257933064,PUBLIC,2,F200W
255380885,JWST,image,jw05893015007_02101_00004_nrca3,exposure (L2b): 2D calibrated exposure average over integrations,S,mast:JWST/product/jw05893015007_02101_00004_nrca3_cal.fits,SCIENCE,,CAL,,CALJWST,2.0.0,5893,jw05893015007_02101_00004_nrca3_cal.fits,117573120,257933064,PUBLIC,2,F200W
255380918,JWST,image,jw05893015007_02101_00005_nrcb4,exposure (L2b): 2D calibrated exposure average over integrations,S,mast:JWST/product/jw05893015007_02101_00005_nrcb4_cal.fits,SCIENCE,,CAL,,CALJWST,2.0.0,5893,jw05893015007_02101_00005_nrcb4_cal.fits,117573120,257933064,PUBLIC,2,F200W
255381518,JWST,image,jw05893015007_02101_00004_nrca2,exposure (L2b): 2D calibrated exposure average over integrations,S,mast:JWST/product/jw05893015007_02101_00004_nrca2_cal.fits,SCIENCE,,CAL,,CALJWST,2.0.0,5893,jw05893015007_02101_00004_nrca2_cal.fits,117570240,257933064,PUBLIC,2,F200W
255381570,JWST,image,jw05893015007_02101_00005_nrcb3,exposure (L2b): 2D calibrated exposure average over integrations,S,mast:JWST/product/jw05893015007_02101_00005_nrcb3_cal.fits,SCIENCE,,CAL,,CALJWST,2.0.0,5893,jw05893015007_02101_00005_nrcb3_cal.fits,117573120,257933064,PUBLIC,2,F200W
255381733,JWST,image,jw05893015007_02101_00005_nrcb1,exposure (L2b): 2D calibrated exposure average over integrations,S,mast:JWST/product/jw05893015007_02101_00005_nrcb1_cal.fits,SCIENCE,,CAL,,CALJWST,2.0.0,5893,jw05893015007_02101_00005_nrcb1_cal.fits,117573120,257933064,PUBLIC,2,F200W
255381789,JWST,image,jw05893015007_02101_00005_nrca2,exposure (L2b): 2D calibrated exposure average over integrations,S,mast:JWST/product/jw05893015007_02101_00005_nrca2_cal.fits,SCIENCE,,CAL,,CALJWST,2.0.0,5893,jw05893015007_02101_00005_nrca2_cal.fits,117570240,257933064,PUBLIC,2,F200W
255381858,JWST,image,jw05893015007_02101_00004_nrcb2,exposure (L2b): 2D calibrated exposure average over integrations,S,mast:JWST/product/jw05893015007_02101_00004_nrcb2_cal.fits,SCIENCE,,CAL,,CALJWST,2.0.0,5893,jw05893015007_02101_00004_nrcb2_cal.fits,117573120,257933064,PUBLIC,2,F200W
255381970,JWST,image,jw05893015007_02101_00005_nrca1,exposure (L2b): 2D calibrated exposure average over integrations,S,mast:JWST/product/jw05893015007_02101_00005_nrca1_cal.fits,SCIENCE,,CAL,,CALJWST,2.0.0,5893,jw05893015007_02101_00005_nrca1_cal.fits,117570240,257933064,PUBLIC,2,F200W
255382547,JWST,image,jw05893015007_02101_00004_nrca1,exposure (L2b): 2D calibrated exposure average over integrations,S,mast:JWST/product/jw05893015007_02101_00004_nrca1_cal.fits,SCIENCE,,CAL,,CALJWST,2.0.0,5893,jw05893015007_02101_00004_nrca1_cal.fits,117570240,257933064,PUBLIC,2,F200W
255382606,JWST,image,jw05893015007_02101_00005_nrca3,exposure (L2b): 2D calibrated exposure average over integrations,S,mast:JWST/product/jw05893015007_02101_00005_nrca3_cal.fits,SCIENCE,,CAL,,CALJWST,2.0.0,5893,jw05893015007_02101_00005_nrca3_cal.fits,117573120,257933064,PUBLIC,2,F200W
255383000,JWST,image,jw05893015007_02101_00004_nrca4,exposure (L2b): 2D calibrated exposure average over integrations,S,mast:JWST/product/jw05893015007_02101_00004_nrca4_cal.fits,SCIENCE,,CAL,,CALJWST,2.0.0,5893,jw05893015007_02101_00004_nrca4_cal.fits,117573120,257933064,PUBLIC,2,F200W
255389304,JWST,image,jw05893015003_02101_00002_nrcb4,exposure (L2b): 2D calibrated exposure average over integrations,S,mast:JWST/product/jw05893015003_02101_00002_nrcb4_cal.fits,SCIENCE,,CAL,,CALJWST,2.0.0,5893,jw05893015003_02101_00002_nrcb4_cal.fits,117573120,257933064,PUBLIC,2,F200W
255390857,JWST,image,jw05893015003_02101_00003_nrcb4,exposure (L2b): 2D calibrated exposure average over integrations,S,mast:JWST/product/jw05893015003_02101_00003_nrcb4_cal.fits,SCIENCE,,CAL,,CALJWST,2.0.0,5893,jw05893015003_02101_00003_nrcb4_cal.fits,117573120,257933064,PUBLIC,2,F200W
255391618,JWST,image,jw05893015003_02101_00004_nrcb4,exposure (L2b): 2D calibrated exposure average over integrations,S,mast:JWST/product/jw05893015003_02101_00004_nrcb4_cal.fits,SCIENCE,,CAL,,CALJWST,2.0.0,5893,jw05893015003_02101_00004_nrcb4_cal.fits,117573120,257933064,PUBLIC,2,F200W
255392276,JWST,image,jw05893015003_02101_00001_nrcb4,exposure (L2b): 2D calibrated exposure average over integrations,S,mast:JWST/product/jw05893015003_02101_00001_nrcb4_cal.fits,SCIENCE,,CAL,,CALJWST,2.0.0,5893,jw05893015003_02101_00001_nrcb4_cal.fits,117573120,257933064,PUBLIC,2,F200W
255439128,JWST,image,jw05893015008_02101_00002_nrcb4,exposure (L2b): 2D calibrated exposure average over integrations,S,mast:JWST/product/jw05893015008_02101_00002_nrcb4_cal.fits,SCIENCE,,CAL,,CALJWST,2.0.0,5893,jw05893015008_02101_00002_nrcb4_cal.fits,117573120,257933064,PUBLIC,2,F200W
255439129,JWST,image,jw05893015008_02101_00001_nrcb3,exposure (L2b): 2D calibrated exposure average over integrations,S,mast:JWST/product/jw05893015008_02101_00001_nrcb3_cal.fits,SCIENCE,,CAL,,CALJWST,2.0.0,5893,jw05893015008_02101_00001_nrcb3_cal.fits,117573120,257933064,PUBLIC,2,F200W
255439269,JWST,image,jw05893015008_02101_00001_nrcb2,exposure (L2b): 2D calibrated exposure average over integrations,S,mast:JWST/product/jw05893015008_02101_00001_nrcb2_cal.fits,SCIENCE,,CAL,,CALJWST,2.0.0,5893,jw05893015008_02101_00001_nrcb2_cal.fits,117573120,257933064,PUBLIC,2,F200W
255439330,JWST,image,jw05893015008_02101_00002_nrcb2,exposure (L2b): 2D calibrated exposure average over integrations,S,mast:JWST/product/jw05893015008_02101_00002_nrcb2_cal.fits,SCIENCE,,CAL,,CALJWST,2.0.0,5893,jw05893015008_02101_00002_nrcb2_cal.fits,117573120,257933064,PUBLIC,2,F200W
255439384,JWST,image,jw05893015008_02101_00002_nrcb1,exposure (L2b): 2D calibrated exposure average over integrations,S,mast:JWST/product/jw05893015008_02101_00002_nrcb1_cal.fits,SCIENCE,,CAL,,CALJWST,2.0.0,5893,jw05893015008_02101_00002_nrcb1_cal.fits,117573120,257933064,PUBLIC,2,F200W
255439437,JWST,image,jw05893015008_02101_00002_nrca4,exposure (L2b): 2D calibrated exposure average over integrations,S,mast:JWST/product/jw05893015008_02101_00002_nrca4_cal.fits,SCIENCE,,CAL,,CALJWST,2.0.0,5893,jw05893015008_02101_00002_nrca4_cal.fits,117573120,257933064,PUBLIC,2,F200W
255439468,JWST,image,jw05893015008_02101_00001_nrca3,exposure (L2b): 2D calibrated exposure average over integrations,S,mast:JWST/product/jw05893015008_02101_00001_nrca3_cal.fits,SCIENCE,,CAL,,CALJWST,2.0.0,5893,jw05893015008_02101_00001_nrca3_cal.fits,117573120,257933064,PUBLIC,2,F200W
255439469,JWST,image,jw05893015008_02101_00001_nrca2,exposure (L2b): 2D calibrated exposure average over integrations,S,mast:JWST/product/jw05893015008_02101_00001_nrca2_cal.fits,SCIENCE,,CAL,,CALJWST,2.0.0,5893,jw05893015008_02101_00001_nrca2_cal.fits,117570240,257933064,PUBLIC,2,F200W
255439471,JWST,image,jw05893015008_02101_00002_nrca1,exposure (L2b): 2D calibrated exposure average over integrations,S,mast:JWST/product/jw05893015008_02101_00002_nrca1_cal.fits,SCIENCE,,CAL,,CALJWST,2.0.0,5893,jw05893015008_02101_00002_nrca1_cal.fits,117570240,257933064,PUBLIC,2,F200W
255439499,JWST,image,jw05893015008_02101_00001_nrcb4,exposure (L2b): 2D calibrated exposure average over integrations,S,mast:JWST/product/jw05893015008_02101_00001_nrcb4_cal.fits,SCIENCE,,CAL,,CALJWST,2.0.0,5893,jw05893015008_02101_00001_nrcb4_cal.fits,117573120,257933064,PUBLIC,2,F200W
255439559,JWST,image,jw05893015008_02101_00001_nrcb1,exposure (L2b): 2D calibrated exposure average over integrations,S,mast:JWST/product/jw05893015008_02101_00001_nrcb1_cal.fits,SCIENCE,,CAL,,CALJWST,2.0.0,5893,jw05893015008_02101_00001_nrcb1_cal.fits,117573120,257933064,PUBLIC,2,F200W
255439692,JWST,image,jw05893015008_02101_00001_nrca1,exposure (L2b): 2D calibrated exposure average over integrations,S,mast:JWST/product/jw05893015008_02101_00001_nrca1_cal.fits,SCIENCE,,CAL,,CALJWST,2.0.0,5893,jw05893015008_02101_00001_nrca1_cal.fits,117570240,257933064,PUBLIC,2,F200W
255439749,JWST,image,jw05893015008_02101_00001_nrca4,exposure (L2b): 2D calibrated exposure average over integrations,S,mast:JWST/product/jw05893015008_02101_00001_nrca4_cal.fits,SCIENCE,,CAL,,CALJWST,2.0.0,5893,jw05893015008_02101_00001_nrca4_cal.fits,117573120,257933064,PUBLIC,2,F200W
255441195,JWST,image,jw05893015007_02101_00006_nrca2,exposure (L2b): 2D calibrated exposure average over integrations,S,mast:JWST/product/jw05893015007_02101_00006_nrca2_cal.fits,SCIENCE,,CAL,,CALJWST,2.0.0,5893,jw05893015007_02101_00006_nrca2_cal.fits,117570240,257933064,PUBLIC,2,F200W
255441243,JWST,image,jw05893015007_02101_00005_nrcb2,exposure (L2b): 2D calibrated exposure average over integrations,S,mast:JWST/product/jw05893015007_02101_00005_nrcb2_cal.fits,SCIENCE,,CAL,,CALJWST,2.0.0,5893,jw05893015007_02101_00005_nrcb2_cal.fits,117573120,257933064,PUBLIC,2,F200W
255441656,JWST,image,jw05893015007_02101_00006_nrca4,exposure (L2b): 2D calibrated exposure average over integrations,S,mast:JWST/product/jw05893015007_02101_00006_nrca4_cal.fits,SCIENCE,,CAL,,CALJWST,2.0.0,5893,jw05893015007_02101_00006_nrca4_cal.fits,117573120,257933064,PUBLIC,2,F200W
255441876,JWST,image,jw05893015007_02101_00006_nrca3,exposure (L2b): 2D calibrated exposure average over integrations,S,mast:JWST/product/jw05893015007_02101_00006_nrca3_cal.fits,SCIENCE,,CAL,,CALJWST,2.0.0,5893,jw05893015007_02101_00006_nrca3_cal.fits,117573120,257933064,PUBLIC,2,F200W
255442149,JWST,image,jw05893015007_02101_00006_nrcb2,exposure (L2b): 2D calibrated exposure average over integrations,S,mast:JWST/product/jw05893015007_02101_00006_nrcb2_cal.fits,SCIENCE,,CAL,,CALJWST,2.0.0,5893,jw05893015007_02101_00006_nrcb2_cal.fits,117573120,257933064,PUBLIC,2,F200W
255442370,JWST,image,jw05893015007_02101_00006_nrcb4,exposure (L2b): 2D calibrated exposure average over integrations,S,mast:JWST/product/jw05893015007_02101_00006_nrcb4_cal.fits,SCIENCE,,CAL,,CALJWST,2.0.0,5893,jw05893015007_02101_00006_nrcb4_cal.fits,117573120,257933064,PUBLIC,2,F200W
255442675,JWST,image,jw05893015007_02101_00006_nrcb1,exposure (L2b): 2D calibrated exposure average over integrations,S,mast:JWST/product/jw05893015007_02101_00006_nrcb1_cal.fits,SCIENCE,,CAL,,CALJWST,2.0.0,5893,jw05893015007_02101_00006_nrcb1_cal.fits,117573120,257933064,PUBLIC,2,F200W
255442803,JWST,image,jw05893015007_02101_00006_nrcb3,exposure (L2b): 2D calibrated exposure average over integrations,S,mast:JWST/product/jw05893015007_02101_00006_nrcb3_cal.fits,SCIENCE,,CAL,,CALJWST,2.0.0,5893,jw05893015007_02101_00006_nrcb3_cal.fits,117573120,257933064,PUBLIC,2,F200W
255442951,JWST,image,jw05893015007_02101_00006_nrca1,exposure (L2b): 2D calibrated exposure average over integrations,S,mast:JWST/product/jw05893015007_02101_00006_nrca1_cal.fits,SCIENCE,,CAL,,CALJWST,2.0.0,5893,jw05893015007_02101_00006_nrca1_cal.fits,117570240,257933064,PUBLIC,2,F200W
255443267,JWST,image,jw05893015007_02101_00005_nrca4,exposure (L2b): 2D calibrated exposure average over integrations,S,mast:JWST/product/jw05893015007_02101_00005_nrca4_cal.fits,SCIENCE,,CAL,,CALJWST,2.0.0,5893,jw05893015007_02101_00005_nrca4_cal.fits,117573120,257933064,PUBLIC,2,F200W
255479407,JWST,image,jw05893015008_02101_00004_nrcb4,exposure (L2b): 2D calibrated exposure average over integrations,S,mast:JWST/product/jw05893015008_02101_00004_nrcb4_cal.fits,SCIENCE,,CAL,,CALJWST,2.0.0,5893,jw05893015008_02101_00004_nrcb4_cal.fits,117573120,257933064,PUBLIC,2,F200W
255479629,JWST,image,jw05893015008_02101_00003_nrcb4,exposure (L2b): 2D calibrated exposure average over integrations,S,mast:JWST/product/jw05893015008_02101_00003_nrcb4_cal.fits,SCIENCE,,CAL,,CALJWST,2.0.0,5893,jw05893015008_02101_00003_nrcb4_cal.fits,117573120,257933064,PUBLIC,2,F200W
255479664,JWST,image,jw05893015008_02101_00006_nrca1,exposure (L2b): 2D calibrated exposure average over integrations,S,mast:JWST/product/jw05893015008_02101_00006_nrca1_cal.fits,SCIENCE,,CAL,,CALJWST,2.0.0,5893,jw05893015008_02101_00006_nrca1_cal.fits,117570240,257933064,PUBLIC,2,F200W
255479849,JWST,image,jw05893015008_02101_00005_nrcb2,exposure (L2b): 2D calibrated exposure average over integrations,S,mast:JWST/product/jw05893015008_02101_00005_nrcb2_cal.fits,SCIENCE,,CAL,,CALJWST,2.0.0,5893,jw05893015008_02101_00005_nrcb2_cal.fits,117573120,257933064,PUBLIC,2,F200W
255479892,JWST,image,jw05893015008_02101_00002_nrca2,exposure (L2b): 2D calibrated exposure average over integrations,S,mast:JWST/product/jw05893015008_02101_00002_nrca2_cal.fits,SCIENCE,,CAL,,CALJWST,2.0.0,5893,jw05893015008_02101_00002_nrca2_cal.fits,117570240,257933064,PUBLIC,2,F200W
255479948,JWST,image,jw05893015008_02101_00004_nrcb3,exposure (L2b): 2D calibrated exposure average over integrations,S,mast:JWST/product/jw05893015008_02101_00004_nrcb3_cal.fits,SCIENCE,,CAL,,CALJWST,2.0.0,5893,jw05893015008_02101_00004_nrcb3_cal.fits,117573120,257933064,PUBLIC,2,F200W
255480004,JWST,image,jw05893015008_02101_00005_nrcb3,exposure (L2b): 2D calibrated exposure average over integrations,S,mast:JWST/product/jw05893015008_02101_00005_nrcb3_cal.fits,SCIENCE,,CAL,,CALJWST,2.0.0,5893,jw05893015008_02101_00005_nrcb3_cal.fits,117573120,257933064,PUBLIC,2,F200W
255480354,JWST,image,jw05893015008_02101_00003_nrca2,exposure (L2b): 2D calibrated exposure average over integrations,S,mast:JWST/product/jw05893015008_02101_00003_nrca2_cal.fits,SCIENCE,,CAL,,CALJWST,2.0.0,5893,jw05893015008_02101_00003_nrca2_cal.fits,117570240,257933064,PUBLIC,2,F200W
255480392,JWST,image,jw05893015008_02101_00004_nrcb2,exposure (L2b): 2D calibrated exposure average over integrations,S,mast:JWST/product/jw05893015008_02101_00004_nrcb2_cal.fits,SCIENCE,,CAL,,CALJWST,2.0.0,5893,jw05893015008_02101_00004_nrcb2_cal.fits,117573120,257933064,PUBLIC,2,F200W
255480535,JWST,image,jw05893015008_02101_00005_nrca4,exposure (L2b): 2D calibrated exposure average over integrations,S,mast:JWST/product/jw05893015008_02101_00005_nrca4_cal.fits,SCIENCE,,CAL,,CALJWST,2.0.0,5893,jw05893015008_02101_00005_nrca4_cal.fits,117573120,257933064,PUBLIC,2,F200W
255480714,JWST,image,jw05893015008_02101_00004_nrca2,exposure (L2b): 2D calibrated exposure average over integrations,S,mast:JWST/product/jw05893015008_02101_00004_nrca2_cal.fits,SCIENCE,,CAL,,CALJWST,2.0.0,5893,jw05893015008_02101_00004_nrca2_cal.fits,117570240,257933064,PUBLIC,2,F200W
255480751,JWST,image,jw05893015008_02101_00005_nrcb4,exposure (L2b): 2D calibrated exposure average over integrations,S,mast:JWST/product/jw05893015008_02101_00005_nrcb4_cal.fits,SCIENCE,,CAL,,CALJWST,2.0.0,5893,jw05893015008_02101_00005_nrcb4_cal.fits,117573120,257933064,PUBLIC,2,F200W
255480770,JWST,image,jw05893015008_02101_00005_nrca1,exposure (L2b): 2D calibrated exposure average over integrations,S,mast:JWST/product/jw05893015008_02101_00005_nrca1_cal.fits,SCIENCE,,CAL,,CALJWST,2.0.0,5893,jw05893015008_02101_00005_nrca1_cal.fits,117570240,257933064,PUBLIC,2,F200W
255480900,JWST,image,jw05893015008_02101_00002_nrcb3,exposure (L2b): 2D calibrated exposure average over integrations,S,mast:JWST/product/jw05893015008_02101_00002_nrcb3_cal.fits,SCIENCE,,CAL,,CALJWST,2.0.0,5893,jw05893015008_02101_00002_nrcb3_cal.fits,117573120,257933064,PUBLIC,2,F200W
255480930,JWST,image,jw05893015008_02101_00005_nrca2,exposure (L2b): 2D calibrated exposure average over integrations,S,mast:JWST/product/jw05893015008_02101_00005_nrca2_cal.fits,SCIENCE,,CAL,,CALJWST,2.0.0,5893,jw05893015008_02101_00005_nrca2_cal.fits,117570240,257933064,PUBLIC,2,F200W
255481096,JWST,image,jw05893015008_02101_00003_nrcb3,exposure (L2b): 2D calibrated exposure average over integrations,S,mast:JWST/product/jw05893015008_02101_00003_nrcb3_cal.fits,SCIENCE,,CAL,,CALJWST,2.0.0,5893,jw05893015008_02101_00003_nrcb3_cal.fits,117573120,257933064,PUBLIC,2,F200W
255481342,JWST,image,jw05893015008_02101_00003_nrcb2,exposure (L2b): 2D calibrated exposure average over integrations,S,mast:JWST/product/jw05893015008_02101_00003_nrcb2_cal.fits,SCIENCE,,CAL,,CALJWST,2.0.0,5893,jw05893015008_02101_00003_nrcb2_cal.fits,117573120,257933064,PUBLIC,2,F200W
255481473,JWST,image,jw05893015008_02101_00006_nrcb2,exposure (L2b): 2D calibrated exposure average over integrations,S,mast:JWST/product/jw05893015008_02101_00006_nrcb2_cal.fits,SCIENCE,,CAL,,CALJWST,2.0.0,5893,jw05893015008_02101_00006_nrcb2_cal.fits,117573120,257933064,PUBLIC,2,F200W
255481589,JWST,image,jw05893015008_02101_00003_nrca4,exposure (L2b): 2D calibrated exposure average over integrations,S,mast:JWST/product/jw05893015008_02101_00003_nrca4_cal.fits,SCIENCE,,CAL,,CALJWST,2.0.0,5893,jw05893015008_02101_00003_nrca4_cal.fits,117573120,257933064,PUBLIC,2,F200W
255481641,JWST,image,jw05893015008_02101_00002_nrca3,exposure (L2b): 2D calibrated exposure average over integrations,S,mast:JWST/product/jw05893015008_02101_00002_nrca3_cal.fits,SCIENCE,,CAL,,CALJWST,2.0.0,5893,jw05893015008_02101_00002_nrca3_cal.fits,117573120,257933064,PUBLIC,2,F200W
255481693,JWST,image,jw05893015008_02101_00003_nrca3,exposure (L2b): 2D calibrated exposure average over integrations,S,mast:JWST/product/jw05893015008_02101_00003_nrca3_cal.fits,SCIENCE,,CAL,,CALJWST,2.0.0,5893,jw05893015008_02101_00003_nrca3_cal.fits,117573120,257933064,PUBLIC,2,F200W
255481755,JWST,image,jw05893015008_02101_00004_nrca4,exposure (L2b): 2D calibrated exposure average over integrations,S,mast:JWST/product/jw05893015008_02101_00004_nrca4_cal.fits,SCIENCE,,CAL,,CALJWST,2.0.0,5893,jw05893015008_02101_00004_nrca4_cal.fits,117573120,257933064,PUBLIC,2,F200W
255481965,JWST,image,jw05893015008_02101_00004_nrca3,exposure (L2b): 2D calibrated exposure average over integrations,S,mast:JWST/product/jw05893015008_02101_00004_nrca3_cal.fits,SCIENCE,,CAL,,CALJWST,2.0.0,5893,jw05893015008_02101_00004_nrca3_cal.fits,117573120,257933064,PUBLIC,2,F200W
255482023,JWST,image,jw05893015008_02101_00006_nrcb4,exposure (L2b): 2D calibrated exposure average over integrations,S,mast:JWST/product/jw05893015008_02101_00006_nrcb4_cal.fits,SCIENCE,,CAL,,CALJWST,2.0.0,5893,jw05893015008_02101_00006_nrcb4_cal.fits,117573120,257933064,PUBLIC,2,F200W
255482079,JWST,image,jw05893015008_02101_00006_nrcb1,exposure (L2b): 2D calibrated exposure average over integrations,S,mast:JWST/product/jw05893015008_02101_00006_nrcb1_cal.fits,SCIENCE,,CAL,,CALJWST,2.0.0,5893,jw05893015008_02101_00006_nrcb1_cal.fits,117573120,257933064,PUBLIC,2,F200W
255482189,JWST,image,jw05893015008_02101_00006_nrca4,exposure (L2b): 2D calibrated exposure average over integrations,S,mast:JWST/product/jw05893015008_02101_00006_nrca4_cal.fits,SCIENCE,,CAL,,CALJWST,2.0.0,5893,jw05893015008_02101_00006_nrca4_cal.fits,117573120,257933064,PUBLIC,2,F200W
255482199,JWST,image,jw05893015008_02101_00004_nrca1,exposure (L2b): 2D calibrated exposure average over integrations,S,mast:JWST/product/jw05893015008_02101_00004_nrca1_cal.fits,SCIENCE,,CAL,,CALJWST,2.0.0,5893,jw05893015008_02101_00004_nrca1_cal.fits,117570240,257933064,PUBLIC,2,F200W
255482232,JWST,image,jw05893015008_02101_00004_nrcb1,exposure (L2b): 2D calibrated exposure average over integrations,S,mast:JWST/product/jw05893015008_02101_00004_nrcb1_cal.fits,SCIENCE,,CAL,,CALJWST,2.0.0,5893,jw05893015008_02101_00004_nrcb1_cal.fits,117573120,257933064,PUBLIC,2,F200W
255482295,JWST,image,jw05893015008_02101_00003_nrca1,exposure (L2b): 2D calibrated exposure average over integrations,S,mast:JWST/product/jw05893015008_02101_00003_nrca1_cal.fits,SCIENCE,,CAL,,CALJWST,2.0.0,5893,jw05893015008_02101_00003_nrca1_cal.fits,117570240,257933064,PUBLIC,2,F200W
255482358,JWST,image,jw05893015008_02101_00006_nrca2,exposure (L2b): 2D calibrated exposure average over integrations,S,mast:JWST/product/jw05893015008_02101_00006_nrca2_cal.fits,SCIENCE,,CAL,,CALJWST,2.0.0,5893,jw05893015008_02101_00006_nrca2_cal.fits,117570240,257933064,PUBLIC,2,F200W
255482565,JWST,image,jw05893015008_02101_00003_nrcb1,exposure (L2b): 2D calibrated exposure average over integrations,S,mast:JWST/product/jw05893015008_02101_00003_nrcb1_cal.fits,SCIENCE,,CAL,,CALJWST,2.0.0,5893,jw05893015008_02101_00003_nrcb1_cal.fits,117573120,257933064,PUBLIC,2,F200W
255482657,JWST,image,jw05893015008_02101_00005_nrca3,exposure (L2b): 2D calibrated exposure average over integrations,S,mast:JWST/product/jw05893015008_02101_00005_nrca3_cal.fits,SCIENCE,,CAL,,CALJWST,2.0.0,5893,jw05893015008_02101_00005_nrca3_cal.fits,117573120,257933064,PUBLIC,2,F200W
255482758,JWST,image,jw05893015008_02101_00006_nrca3,exposure (L2b): 2D calibrated exposure average over integrations,S,mast:JWST/product/jw05893015008_02101_00006_nrca3_cal.fits,SCIENCE,,CAL,,CALJWST,2.0.0,5893,jw05893015008_02101_00006_nrca3_cal.fits,117573120,257933064,PUBLIC,2,F200W
255482765,JWST,image,jw05893015008_02101_00005_nrcb1,exposure (L2b): 2D calibrated exposure average over integrations,S,mast:JWST/product/jw05893015008_02101_00005_nrcb1_cal.fits,SCIENCE,,CAL,,CALJWST,2.0.0,5893,jw05893015008_02101_00005_nrcb1_cal.fits,117573120,257933064,PUBLIC,2,F200W
255482844,JWST,image,jw05893015008_02101_00006_nrcb3,exposure (L2b): 2D calibrated exposure average over integrations,S,mast:JWST/product/jw05893015008_02101_00006_nrcb3_cal.fits,SCIENCE,,CAL,,CALJWST,2.0.0,5893,jw05893015008_02101_00006_nrcb3_cal.fits,117573120,257933064,PUBLIC,2,F200W
257040482,JWST,image,jw05893015006_02101_00006_nrca1,exposure (L2b): 2D calibrated exposure average over integrations,S,mast:JWST/product/jw05893015006_02101_00006_nrca1_cal.fits,SCIENCE,,CAL,,CALJWST,2.0.0,5893,jw05893015006_02101_00006_nrca1_cal.fits,117570240,257933064,PUBLIC,2,F200W
257040515,JWST,image,jw05893015006_02101_00001_nrca1,exposure (L2b): 2D calibrated exposure average over integrations,S,mast:JWST/product/jw05893015006_02101_00001_nrca1_cal.fits,SCIENCE,,CAL,,CALJWST,2.0.0,5893,jw05893015006_02101_00001_nrca1_cal.fits,117570240,257933064,PUBLIC,2,F200W
257040597,JWST,image,jw05893015006_02101_00002_nrca1,exposure (L2b): 2D calibrated exposure average over integrations,S,mast:JWST/product/jw05893015006_02101_00002_nrca1_cal.fits,SCIENCE,,CAL,,CALJWST,2.0.0,5893,jw05893015006_02101_00002_nrca1_cal.fits,117570240,257933064,PUBLIC,2,F200W
257040647,JWST,image,jw05893015006_02101_00003_nrca2,exposure (L2b): 2D calibrated exposure average over integrations,S,mast:JWST/product/jw05893015006_02101_00003_nrca2_cal.fits,SCIENCE,,CAL,,CALJWST,2.0.0,5893,jw05893015006_02101_00003_nrca2_cal.fits,117570240,257933064,PUBLIC,2,F200W
257040700,JWST,image,jw05893015006_02101_00001_nrca3,exposure (L2b): 2D calibrated exposure average over integrations,S,mast:JWST/product/jw05893015006_02101_00001_nrca3_cal.fits,SCIENCE,,CAL,,CALJWST,2.0.0,5893,jw05893015006_02101_00001_nrca3_cal.fits,117573120,257933064,PUBLIC,2,F200W
257040759,JWST,image,jw05893015006_02101_00001_nrca2,exposure (L2b): 2D calibrated exposure average over integrations,S,mast:JWST/product/jw05893015006_02101_00001_nrca2_cal.fits,SCIENCE,,CAL,,CALJWST,2.0.0,5893,jw05893015006_02101_00001_nrca2_cal.fits,117570240,257933064,PUBLIC,2,F200W
257040823,JWST,image,jw05893015006_02101_00005_nrca1,exposure (L2b): 2D calibrated exposure average over integrations,S,mast:JWST/product/jw05893015006_02101_00005_nrca1_cal.fits,SCIENCE,,CAL,,CALJWST,2.0.0,5893,jw05893015006_02101_00005_nrca1_cal.fits,117570240,257933064,PUBLIC,2,F200W
257040872,JWST,image,jw05893015006_02101_00003_nrca3,exposure (L2b): 2D calibrated exposure average over integrations,S,mast:JWST/product/jw05893015006_02101_00003_nrca3_cal.fits,SCIENCE,,CAL,,CALJWST,2.0.0,5893,jw05893015006_02101_00003_nrca3_cal.fits,117573120,257933064,PUBLIC,2,F200W
257040913,JWST,image,jw05893015006_02101_00002_nrca3,exposure (L2b): 2D calibrated exposure average over integrations,S,mast:JWST/product/jw05893015006_02101_00002_nrca3_cal.fits,SCIENCE,,CAL,,CALJWST,2.0.0,5893,jw05893015006_02101_00002_nrca3_cal.fits,117573120,257933064,PUBLIC,2,F200W
257040961,JWST,image,jw05893015006_02101_00003_nrca1,exposure (L2b): 2D calibrated exposure average over integrations,S,mast:JWST/product/jw05893015006_02101_00003_nrca1_cal.fits,SCIENCE,,CAL,,CALJWST,2.0.0,5893,jw05893015006_02101_00003_nrca1_cal.fits,117570240,257933064,PUBLIC,2,F200W
257041025,JWST,image,jw05893015006_02101_00004_nrca2,exposure (L2b): 2D calibrated exposure average over integrations,S,mast:JWST/product/jw05893015006_02101_00004_nrca2_cal.fits,SCIENCE,,CAL,,CALJWST,2.0.0,5893,jw05893015006_02101_00004_nrca2_cal.fits,117570240,257933064,PUBLIC,2,F200W
257041082,JWST,image,jw05893015006_02101_00004_nrca1,exposure (L2b): 2D calibrated exposure average over integrations,S,mast:JWST/product/jw05893015006_02101_00004_nrca1_cal.fits,SCIENCE,,CAL,,CALJWST,2.0.0,5893,jw05893015006_02101_00004_nrca1_cal.fits,117570240,257933064,PUBLIC,2,F200W
257041197,JWST,image,jw05893015006_02101_00002_nrca2,exposure (L2b): 2D calibrated exposure average over integrations,S,mast:JWST/product/jw05893015006_02101_00002_nrca2_cal.fits,SCIENCE,,CAL,,CALJWST,2.0.0,5893,jw05893015006_02101_00002_nrca2_cal.fits,117570240,257933064,PUBLIC,2,F200W
257109253,JWST,image,jw05893015006_02101_00003_nrcb1,exposure (L2b): 2D calibrated exposure average over integrations,S,mast:JWST/product/jw05893015006_02101_00003_nrcb1_cal.fits,SCIENCE,,CAL,,CALJWST,2.0.0,5893,jw05893015006_02101_00003_nrcb1_cal.fits,117573120,257933064,PUBLIC,2,F200W
257109344,JWST,image,jw05893015006_02101_00006_nrca3,exposure (L2b): 2D calibrated exposure average over integrations,S,mast:JWST/product/jw05893015006_02101_00006_nrca3_cal.fits,SCIENCE,,CAL,,CALJWST,2.0.0,5893,jw05893015006_02101_00006_nrca3_cal.fits,117573120,257933064,PUBLIC,2,F200W
257109411,JWST,image,jw05893015006_02101_00002_nrcb2,exposure (L2b): 2D calibrated exposure average over integrations,S,mast:JWST/product/jw05893015006_02101_00002_nrcb2_cal.fits,SCIENCE,,CAL,,CALJWST,2.0.0,5893,jw05893015006_02101_00002_nrcb2_cal.fits,117573120,257933064,PUBLIC,2,F200W
257109616,JWST,image,jw05893015006_02101_00003_nrca4,exposure (L2b): 2D calibrated exposure average over integrations,S,mast:JWST/product/jw05893015006_02101_00003_nrca4_cal.fits,SCIENCE,,CAL,,CALJWST,2.0.0,5893,jw05893015006_02101_00003_nrca4_cal.fits,117573120,257933064,PUBLIC,2,F200W
257109702,JWST,image,jw05893015006_02101_00004_nrcb3,exposure (L2b): 2D calibrated exposure average over integrations,S,mast:JWST/product/jw05893015006_02101_00004_nrcb3_cal.fits,SCIENCE,,CAL,,CALJWST,2.0.0,5893,jw05893015006_02101_00004_nrcb3_cal.fits,117573120,257933064,PUBLIC,2,F200W
257109777,JWST,image,jw05893015006_02101_00004_nrca3,exposure (L2b): 2D calibrated exposure average over integrations,S,mast:JWST/product/jw05893015006_02101_00004_nrca3_cal.fits,SCIENCE,,CAL,,CALJWST,2.0.0,5893,jw05893015006_02101_00004_nrca3_cal.fits,117573120,257933064,PUBLIC,2,F200W
257110482,JWST,image,jw05893015006_02101_00006_nrcb2,exposure (L2b): 2D calibrated exposure average over integrations,S,mast:JWST/product/jw05893015006_02101_00006_nrcb2_cal.fits,SCIENCE,,CAL,,CALJWST,2.0.0,5893,jw05893015006_02101_00006_nrcb2_cal.fits,117573120,257933064,PUBLIC,2,F200W
257110628,JWST,image,jw05893015006_02101_00006_nrcb1,exposure (L2b): 2D calibrated exposure average over integrations,S,mast:JWST/product/jw05893015006_02101_00006_nrcb1_cal.fits,SCIENCE,,CAL,,CALJWST,2.0.0,5893,jw05893015006_02101_00006_nrcb1_cal.fits,117573120,257933064,PUBLIC,2,F200W
257110863,JWST,image,jw05893015006_02101_00004_nrcb1,exposure (L2b): 2D calibrated exposure average over integrations,S,mast:JWST/product/jw05893015006_02101_00004_nrcb1_cal.fits,SCIENCE,,CAL,,CALJWST,2.0.0,5893,jw05893015006_02101_00004_nrcb1_cal.fits,117573120,257933064,PUBLIC,2,F200W
257110934,JWST,image,jw05893015006_02101_00002_nrcb1,exposure (L2b): 2D calibrated exposure average over integrations,S,mast:JWST/product/jw05893015006_02101_00002_nrcb1_cal.fits,SCIENCE,,CAL,,CALJWST,2.0.0,5893,jw05893015006_02101_00002_nrcb1_cal.fits,117573120,257933064,PUBLIC,2,F200W
257111124,JWST,image,jw05893015006_02101_00001_nrcb3,exposure (L2b): 2D calibrated exposure average over integrations,S,mast:JWST/product/jw05893015006_02101_00001_nrcb3_cal.fits,SCIENCE,,CAL,,CALJWST,2.0.0,5893,jw05893015006_02101_00001_nrcb3_cal.fits,117573120,257933064,PUBLIC,2,F200W
257111326,JWST,image,jw05893015006_02101_00002_nrcb4,exposure (L2b): 2D calibrated exposure average over integrations,S,mast:JWST/product/jw05893015006_02101_00002_nrcb4_cal.fits,SCIENCE,,CAL,,CALJWST,2.0.0,5893,jw05893015006_02101_00002_nrcb4_cal.fits,117573120,257933064,PUBLIC,2,F200W
257111462,JWST,image,jw05893015006_02101_00002_nrcb3,exposure (L2b): 2D calibrated exposure average over integrations,S,mast:JWST/product/jw05893015006_02101_00002_nrcb3_cal.fits,SCIENCE,,CAL,,CALJWST,2.0.0,5893,jw05893015006_02101_00002_nrcb3_cal.fits,117573120,257933064,PUBLIC,2,F200W
257111533,JWST,image,jw05893015006_02101_00003_nrcb3,exposure (L2b): 2D calibrated exposure average over integrations,S,mast:JWST/product/jw05893015006_02101_00003_nrcb3_cal.fits,SCIENCE,,CAL,,CALJWST,2.0.0,5893,jw05893015006_02101_00003_nrcb3_cal.fits,117573120,257933064,PUBLIC,2,F200W
257111607,JWST,image,jw05893015006_02101_00004_nrcb2,exposure (L2b): 2D calibrated exposure average over integrations,S,mast:JWST/product/jw05893015006_02101_00004_nrcb2_cal.fits,SCIENCE,,CAL,,CALJWST,2.0.0,5893,jw05893015006_02101_00004_nrcb2_cal.fits,117573120,257933064,PUBLIC,2,F200W
257111661,JWST,image,jw05893015006_02101_00001_nrcb4,exposure (L2b): 2D calibrated exposure average over integrations,S,mast:JWST/product/jw05893015006_02101_00001_nrcb4_cal.fits,SCIENCE,,CAL,,CALJWST,2.0.0,5893,jw05893015006_02101_00001_nrcb4_cal.fits,117573120,257933064,PUBLIC,2,F200W
257111710,JWST,image,jw05893015006_02101_00005_nrca4,exposure (L2b): 2D calibrated exposure average over integrations,S,mast:JWST/product/jw05893015006_02101_00005_nrca4_cal.fits,SCIENCE,,CAL,,CALJWST,2.0.0,5893,jw05893015006_02101_00005_nrca4_cal.fits,117573120,257933064,PUBLIC,2,F200W
257111791,JWST,image,jw05893015006_02101_00003_nrcb2,exposure (L2b): 2D calibrated exposure average over integrations,S,mast:JWST/product/jw05893015006_02101_00003_nrcb2_cal.fits,SCIENCE,,CAL,,CALJWST,2.0.0,5893,jw05893015006_02101_00003_nrcb2_cal.fits,117573120,257933064,PUBLIC,2,F200W
257111846,JWST,image,jw05893015006_02101_00005_nrca3,exposure (L2b): 2D calibrated exposure average over integrations,S,mast:JWST/product/jw05893015006_02101_00005_nrca3_cal.fits,SCIENCE,,CAL,,CALJWST,2.0.0,5893,jw05893015006_02101_00005_nrca3_cal.fits,117573120,257933064,PUBLIC,2,F200W
257112259,JWST,image,jw05893015006_02101_00006_nrca4,exposure (L2b): 2D calibrated exposure average over integrations,S,mast:JWST/product/jw05893015006_02101_00006_nrca4_cal.fits,SCIENCE,,CAL,,CALJWST,2.0.0,5893,jw05893015006_02101_00006_nrca4_cal.fits,117573120,257933064,PUBLIC,2,F200W
257112536,JWST,image,jw05893015006_02101_00001_nrcb2,exposure (L2b): 2D calibrated exposure average over integrations,S,mast:JWST/product/jw05893015006_02101_00001_nrcb2_cal.fits,SCIENCE,,CAL,,CALJWST,2.0.0,5893,jw05893015006_02101_00001_nrcb2_cal.fits,117573120,257933064,PUBLIC,2,F200W
257112743,JWST,image,jw05893015006_02101_00005_nrcb3,exposure (L2b): 2D calibrated exposure average over integrations,S,mast:JWST/product/jw05893015006_02101_00005_nrcb3_cal.fits,SCIENCE,,CAL,,CALJWST,2.0.0,5893,jw05893015006_02101_00005_nrcb3_cal.fits,117573120,257933064,PUBLIC,2,F200W
257112821,JWST,image,jw05893015006_02101_00005_nrcb2,exposure (L2b): 2D calibrated exposure average over integrations,S,mast:JWST/product/jw05893015006_02101_00005_nrcb2_cal.fits,SCIENCE,,CAL,,CALJWST,2.0.0,5893,jw05893015006_02101_00005_nrcb2_cal.fits,117573120,257933064,PUBLIC,2,F200W
257112860,JWST,image,jw05893015006_02101_00005_nrcb1,exposure (L2b): 2D calibrated exposure average over integrations,S,mast:JWST/product/jw05893015006_02101_00005_nrcb1_cal.fits,SCIENCE,,CAL,,CALJWST,2.0.0,5893,jw05893015006_02101_00005_nrcb1_cal.fits,117573120,257933064,PUBLIC,2,F200W
257112923,JWST,image,jw05893015006_02101_00004_nrcb4,exposure (L2b): 2D calibrated exposure average over integrations,S,mast:JWST/product/jw05893015006_02101_00004_nrcb4_cal.fits,SCIENCE,,CAL,,CALJWST,2.0.0,5893,jw05893015006_02101_00004_nrcb4_cal.fits,117573120,257933064,PUBLIC,2,F200W
257112992,JWST,image,jw05893015006_02101_00001_nrca4,exposure (L2b): 2D calibrated exposure average over integrations,S,mast:JWST/product/jw05893015006_02101_00001_nrca4_cal.fits,SCIENCE,,CAL,,CALJWST,2.0.0,5893,jw05893015006_02101_00001_nrca4_cal.fits,117573120,257933064,PUBLIC,2,F200W
257113067,JWST,image,jw05893015006_02101_00005_nrca2,exposure (L2b): 2D calibrated exposure average over integrations,S,mast:JWST/product/jw05893015006_02101_00005_nrca2_cal.fits,SCIENCE,,CAL,,CALJWST,2.0.0,5893,jw05893015006_02101_00005_nrca2_cal.fits,117570240,257933064,PUBLIC,2,F200W
257113145,JWST,image,jw05893015006_02101_00006_nrca2,exposure (L2b): 2D calibrated exposure average over integrations,S,mast:JWST/product/jw05893015006_02101_00006_nrca2_cal.fits,SCIENCE,,CAL,,CALJWST,2.0.0,5893,jw05893015006_02101_00006_nrca2_cal.fits,117570240,257933064,PUBLIC,2,F200W
257113208,JWST,image,jw05893015006_02101_00002_nrca4,exposure (L2b): 2D calibrated exposure average over integrations,S,mast:JWST/product/jw05893015006_02101_00002_nrca4_cal.fits,SCIENCE,,CAL,,CALJWST,2.0.0,5893,jw05893015006_02101_00002_nrca4_cal.fits,117573120,257933064,PUBLIC,2,F200W
257113527,JWST,image,jw05893015006_02101_00004_nrca4,exposure (L2b): 2D calibrated exposure average over integrations,S,mast:JWST/product/jw05893015006_02101_00004_nrca4_cal.fits,SCIENCE,,CAL,,CALJWST,2.0.0,5893,jw05893015006_02101_00004_nrca4_cal.fits,117573120,257933064,PUBLIC,2,F200W
257113804,JWST,image,jw05893015006_02101_00001_nrcb1,exposure (L2b): 2D calibrated exposure average over integrations,S,mast:JWST/product/jw05893015006_02101_00001_nrcb1_cal.fits,SCIENCE,,CAL,,CALJWST,2.0.0,5893,jw05893015006_02101_00001_nrcb1_cal.fits,117573120,257933064,PUBLIC,2,F200W
257113881,JWST,image,jw05893015006_02101_00006_nrcb3,exposure (L2b): 2D calibrated exposure average over integrations,S,mast:JWST/product/jw05893015006_02101_00006_nrcb3_cal.fits,SCIENCE,,CAL,,CALJWST,2.0.0,5893,jw05893015006_02101_00006_nrcb3_cal.fits,117573120,257933064,PUBLIC,2,F200W
257177564,JWST,image,jw05893015006_02101_00003_nrcb4,exposure (L2b): 2D calibrated exposure average over integrations,S,mast:JWST/product/jw05893015006_02101_00003_nrcb4_cal.fits,SCIENCE,,CAL,,CALJWST,2.0.0,5893,jw05893015006_02101_00003_nrcb4_cal.fits,117573120,257933064,PUBLIC,2,F200W
257177609,JWST,image,jw05893015006_02101_00005_nrcb4,exposure (L2b): 2D calibrated exposure average over integrations,S,mast:JWST/product/jw05893015006_02101_00005_nrcb4_cal.fits,SCIENCE,,CAL,,CALJWST,2.0.0,5893,jw05893015006_02101_00005_nrcb4_cal.fits,117573120,257933064,PUBLIC,2,F200W
257180354,JWST,image,jw05893015006_02101_00006_nrcb4,exposure (L2b): 2D calibrated exposure average over integrations,S,mast:JWST/product/jw05893015006_02101_00006_nrcb4_cal.fits,SCIENCE,,CAL,,CALJWST,2.0.0,5893,jw05893015006_02101_00006_nrcb4_cal.fits,117573120,257933064,PUBLIC,2,F200W
