obsID,obs_collection,dataproduct_type,obs_id,description,type,dataURI,productType,productGroupDescription,productSubGroupDescription,productDocumentationURL,project,prvversion,proposal_id,productFilename,size,parent_obsid,dataRights,calib_level,filters
263000553,JWST,image,jw05893006001_02101_00001_nrcb3,exposure (L2b): 2D calibrated exposure average over integrations,S,mast:JWST/product/jw05893006001_02101_00001_nrcb3_cal.fits,SCIENCE,,CAL,,CALJWST,2.0.0,5893,jw05893006001_02101_00001_nrcb3_cal.fits,117573120,263954198,PUBLIC,2,F200W
263000555,JWST,image,jw05893006001_02101_00001_nrcb2,exposure (L2b): 2D calibrated exposure average over integrations,S,mast:JWST/product/jw05893006001_02101_00001_nrcb2_cal.fits,SCIENCE,,CAL,,CALJWST,2.0.0,5893,jw05893006001_02101_00001_nrcb2_cal.fits,117573120,263954198,PUBLIC,2,F200W
263000556,JWST,image,jw05893006001_02101_00001_nrca3,exposure (L2b): 2D calibrated exposure average over integrations,S,mast:JWST/product/jw05893006001_02101_00001_nrca3_cal.fits,SCIENCE,,CAL,,CALJWST,2.0.0,5893,jw05893006001_02101_00001_nrca3_cal.fits,117573120,263954198,PUBLIC,2,F200W
263000558,JWST,image,jw05893006001_02101_00001_nrca4,exposure (L2b): 2D calibrated exposure average over integrations,S,mast:JWST/product/jw05893006001_02101_00001_nrca4_cal.fits,SCIENCE,,CAL,,CALJWST,2.0.0,5893,jw05893006001_02101_00001_nrca4_cal.fits,117573120,263954198,PUBLIC,2,F200W
263000559,JWST,image,jw05893006001_02101_00001_nrca2,exposure (L2b): 2D calibrated exposure average over integrations,S,mast:JWST/product/jw05893006001_02101_00001_nrca2_cal.fits,SCIENCE,,CAL,,CALJWST,2.0.0,5893,jw05893006001_02101_00001_nrca2_cal.fits,117570240,263954198,PUBLIC,2,F200W
263000561,JWST,image,jw05893006001_02101_00001_nrcb1,exposure (L2b): 2D calibrated exposure average over integrations,S,mast:JWST/product/jw05893006001_02101_00001_nrcb1_cal.fits,SCIENCE,,CAL,,CALJWST,2.0.0,5893,jw05893006001_02101_00001_nrcb1_cal.fits,117573120,263954198,PUBLIC,2,F200W
263000562,JWST,image,jw05893006001_02101_00001_nrcb4,exposure (L2b): 2D calibrated exposure average over integrations,S,mast:JWST/product/jw05893006001_02101_00001_nrcb4_cal.fits,SCIENCE,,CAL,,CALJWST,2.0.0,5893,jw05893006001_02101_00001_nrcb4_cal.fits,117573120,263954198,PUBLIC,2,F200W
263000563,JWST,image,jw05893006001_02101_00001_nrca1,exposure (L2b): 2D calibrated exposure average over integrations,S,mast:JWST/product/jw05893006001_02101_00001_nrca1_cal.fits,SCIENCE,,CAL,,CALJWST,2.0.0,5893,jw05893006001_02101_00001_nrca1_cal.fits,117570240,263954198,PUBLIC,2,F200W
263000564,JWST,image,jw05893006001_02101_00002_nrcb2,exposure (L2b): 2D calibrated exposure average over integrations,S,mast:JWST/product/jw05893006001_02101_00002_nrcb2_cal.fits,SCIENCE,,CAL,,CALJWST,2.0.0,5893,jw05893006001_02101_00002_nrcb2_cal.fits,117573120,263954198,PUBLIC,2,F200W
263000565,JWST,image,jw05893006001_02101_00002_nrca1,exposure (L2b): 2D calibrated exposure average over integrations,S,mast:JWST/product/jw05893006001_02101_00002_nrca1_cal.fits,SCIENCE,,CAL,,CALJWST,2.0.0,5893,jw05893006001_02101_00002_nrca1_cal.fits,117570240,263954198,PUBLIC,2,F200W
263000567,JWST,image,jw05893006001_02101_00002_nrca4,exposure (L2b): 2D calibrated exposure average over integrations,S,mast:JWST/product/jw05893006001_02101_00002_nrca4_cal.fits,SCIENCE,,CAL,,CALJWST,2.0.0,5893,jw05893006001_02101_00002_nrca4_cal.fits,117573120,263954198,PUBLIC,2,F200W
263000568,JWST,image,jw05893006001_02101_00002_nrca2,exposure (L2b): 2D calibrated exposure average over integrations,S,mast:JWST/product/jw05893006001_02101_00002_nrca2_cal.fits,SCIENCE,,CAL,,CALJWST,2.0.0,5893,jw05893006001_02101_00002_nrca2_cal.fits,117570240,263954198,PUBLIC,2,F200W
263000569,JWST,image,jw05893006001_02101_00002_nrcb1,exposure (L2b): 2D calibrated exposure average over integrations,S,mast:JWST/product/jw05893006001_02101_00002_nrcb1_cal.fits,SCIENCE,,CAL,,CALJWST,2.0.0,5893,jw05893006001_02101_00002_nrcb1_cal.fits,117573120,263954198,PUBLIC,2,F200W
263000570,JWST,image,jw05893006001_02101_00002_nrcb4,exposure (L2b): 2D calibrated exposure average over integrations,S,mast:JWST/product/jw05893006001_02101_00002_nrcb4_cal.fits,SCIENCE,,CAL,,CALJWST,2.0.0,5893,jw05893006001_02101_00002_nrcb4_cal.fits,117573120,263954198,PUBLIC,2,F200W
263000571,JWST,image,jw05893006001_02101_00002_nrcb3,exposure (L2b): 2D calibrated exposure average over integrations,S,mast:JWST/product/jw05893006001_02101_00002_nrcb3_cal.fits,SCIENCE,,CAL,,CALJWST,2.0.0,5893,jw05893006001_02101_00002_nrcb3_cal.fits,117573120,263954198,PUBLIC,2,F200W
263000573,JWST,image,jw05893006001_02101_00002_nrca3,exposure (L2b): 2D calibrated exposure average over integrations,S,mast:JWST/product/jw05893006001_02101_00002_nrca3_cal.fits,SCIENCE,,CAL,,CALJWST,2.0.0,5893,jw05893006001_02101_00002_nrca3_cal.fits,117573120,263954198,PUBLIC,2,F200W
263000576,JWST,image,jw05893006001_02101_00006_nrcb2,exposure (L2b): 2D calibrated exposure average over integrations,S,mast:JWST/product/jw05893006001_02101_00006_nrcb2_cal.fits,SCIENCE,,CAL,,CALJWST,2.0.0,5893,jw05893006001_02101_00006_nrcb2_cal.fits,117573120,263954198,PUBLIC,2,F200W
263000578,JWST,image,jw05893006001_02101_00004_nrcb2,exposure (L2b): 2D calibrated exposure average over integrations,S,mast:JWST/product/jw05893006001_02101_00004_nrcb2_cal.fits,SCIENCE,,CAL,,CALJWST,2.0.0,5893,jw05893006001_02101_00004_nrcb2_cal.fits,117573120,263954198,PUBLIC,2,F200W
263000579,JWST,image,jw05893006001_02101_00003_nrca4,exposure (L2b): 2D calibrated exposure average over integrations,S,mast:JWST/product/jw05893006001_02101_00003_nrca4_cal.fits,SCIENCE,,CAL,,CALJWST,2.0.0,5893,jw05893006001_02101_00003_nrca4_cal.fits,117573120,263954198,PUBLIC,2,F200W
263000582,JWST,image,jw05893006001_02101_00003_nrca1,exposure (L2b): 2D calibrated exposure average over integrations,S,mast:JWST/product/jw05893006001_02101_00003_nrca1_cal.fits,SCIENCE,,CAL,,CALJWST,2.0.0,5893,jw05893006001_02101_00003_nrca1_cal.fits,117570240,263954198,PUBLIC,2,F200W
263000583,JWST,image,jw05893006001_02101_00003_nrcb2,exposure (L2b): 2D calibrated exposure average over integrations,S,mast:JWST/product/jw05893006001_02101_00003_nrcb2_cal.fits,SCIENCE,,CAL,,CALJWST,2.0.0,5893,jw05893006001_02101_00003_nrcb2_cal.fits,117573120,263954198,PUBLIC,2,F200W
263000584,JWST,image,jw05893006001_02101_00005_nrca4,exposure (L2b): 2D calibrated exposure average over integrations,S,mast:JWST/product/jw05893006001_02101_00005_nrca4_cal.fits,SCIENCE,,CAL,,CALJWST,2.0.0,5893,jw05893006001_02101_00005_nrca4_cal.fits,117573120,263954198,PUBLIC,2,F200W
263000585,JWST,image,jw05893006001_02101_00006_nrca2,exposure (L2b): 2D calibrated exposure average over integrations,S,mast:JWST/product/jw05893006001_02101_00006_nrca2_cal.fits,SCIENCE,,CAL,,CALJWST,2.0.0,5893,jw05893006001_02101_00006_nrca2_cal.fits,117570240,263954198,PUBLIC,2,F200W
263000587,JWST,image,jw05893006001_02101_00005_nrca2,exposure (L2b): 2D calibrated exposure average over integrations,S,mast:JWST/product/jw05893006001_02101_00005_nrca2_cal.fits,SCIENCE,,CAL,,CALJWST,2.0.0,5893,jw05893006001_02101_00005_nrca2_cal.fits,117570240,263954198,PUBLIC,2,F200W
263000588,JWST,image,jw05893006001_02101_00005_nrca1,exposure (L2b): 2D calibrated exposure average over integrations,S,mast:JWST/product/jw05893006001_02101_00005_nrca1_cal.fits,SCIENCE,,CAL,,CALJWST,2.0.0,5893,jw05893006001_02101_00005_nrca1_cal.fits,117570240,263954198,PUBLIC,2,F200W
263000589,JWST,image,jw05893006001_02101_00005_nrcb2,exposure (L2b): 2D calibrated exposure average over integrations,S,mast:JWST/product/jw05893006001_02101_00005_nrcb2_cal.fits,SCIENCE,,CAL,,CALJWST,2.0.0,5893,jw05893006001_02101_00005_nrcb2_cal.fits,117573120,263954198,PUBLIC,2,F200W
263000591,JWST,image,jw05893006001_02101_00005_nrcb4,exposure (L2b): 2D calibrated exposure average over integrations,S,mast:JWST/product/jw05893006001_02101_00005_nrcb4_cal.fits,SCIENCE,,CAL,,CALJWST,2.0.0,5893,jw05893006001_02101_00005_nrcb4_cal.fits,117573120,263954198,PUBLIC,2,F200W
263000592,JWST,image,jw05893006001_02101_00005_nrcb3,exposure (L2b): 2D calibrated exposure average over integrations,S,mast:JWST/product/jw05893006001_02101_00005_nrcb3_cal.fits,SCIENCE,,CAL,,CALJWST,2.0.0,5893,jw05893006001_02101_00005_nrcb3_cal.fits,117573120,263954198,PUBLIC,2,F200W
263000593,JWST,image,jw05893006001_02101_00004_nrcb3,exposure (L2b): 2D calibrated exposure average over integrations,S,mast:JWST/product/jw05893006001_02101_00004_nrcb3_cal.fits,SCIENCE,,CAL,,CALJWST,2.0.0,5893,jw05893006001_02101_00004_nrcb3_cal.fits,117573120,263954198,PUBLIC,2,F200W
263000595,JWST,image,jw05893006001_02101_00004_nrca1,exposure (L2b): 2D calibrated exposure average over integrations,S,mast:JWST/product/jw05893006001_02101_00004_nrca1_cal.fits,SCIENCE,,CAL,,CALJWST,2.0.0,5893,jw05893006001_02101_00004_nrca1_cal.fits,117570240,263954198,PUBLIC,2,F200W
263000596,JWST,image,jw05893006001_02101_00006_nrcb4,exposure (L2b): 2D calibrated exposure average over integrations,S,mast:JWST/product/jw05893006001_02101_00006_nrcb4_cal.fits,SCIENCE,,CAL,,CALJWST,2.0.0,5893,jw05893006001_02101_00006_nrcb4_cal.fits,117573120,263954198,PUBLIC,2,F200W
263000598,JWST,image,jw05893006001_02101_00003_nrcb1,exposure (L2b): 2D calibrated exposure average over integrations,S,mast:JWST/product/jw05893006001_02101_00003_nrcb1_cal.fits,SCIENCE,,CAL,,CALJWST,2.0.0,5893,jw05893006001_02101_00003_nrcb1_cal.fits,117573120,263954198,PUBLIC,2,F200W
263000599,JWST,image,jw05893006001_02101_00006_nrcb1,exposure (L2b): 2D calibrated exposure average over integrations,S,mast:JWST/product/jw05893006001_02101_00006_nrcb1_cal.fits,SCIENCE,,CAL,,CALJWST,2.0.0,5893,jw05893006001_02101_00006_nrcb1_cal.fits,117573120,263954198,PUBLIC,2,F200W
263000600,JWST,image,jw05893006001_02101_00003_nrcb3,exposure (L2b): 2D calibrated exposure average over integrations,S,mast:JWST/product/jw05893006001_02101_00003_nrcb3_cal.fits,SCIENCE,,CAL,,CALJWST,2.0.0,5893,jw05893006001_02101_00003_nrcb3_cal.fits,117573120,263954198,PUBLIC,2,F200W
263000601,JWST,image,jw05893006001_02101_00005_nrcb1,exposure (L2b): 2D calibrated exposure average over integrations,S,mast:JWST/product/jw05893006001_02101_00005_nrcb1_cal.fits,SCIENCE,,CAL,,CALJWST,2.0.0,5893,jw05893006001_02101_00005_nrcb1_cal.fits,117573120,263954198,PUBLIC,2,F200W
263000603,JWST,image,jw05893006001_02101_00004_nrcb1,exposure (L2b): 2D calibrated exposure average over integrations,S,mast:JWST/product/jw05893006001_02101_00004_nrcb1_cal.fits,SCIENCE,,CAL,,CALJWST,2.0.0,5893,jw05893006001_02101_00004_nrcb1_cal.fits,117573120,263954198,PUBLIC,2,F200W
263000606,JWST,image,jw05893006001_02101_00004_nrca4,exposure (L2b): 2D calibrated exposure average over integrations,S,mast:JWST/product/jw05893006001_02101_00004_nrca4_cal.fits,SCIENCE,,CAL,,CALJWST,2.0.0,5893,jw05893006001_02101_00004_nrca4_cal.fits,117573120,263954198,PUBLIC,2,F200W
263000607,JWST,image,jw05893006001_02101_00006_nrca4,exposure (L2b): 2D calibrated exposure average over integrations,S,mast:JWST/product/jw05893006001_02101_00006_nrca4_cal.fits,SCIENCE,,CAL,,CALJWST,2.0.0,5893,jw05893006001_02101_00006_nrca4_cal.fits,117573120,263954198,PUBLIC,2,F200W
263000608,JWST,image,jw05893006001_02101_00003_nrcb4,exposure (L2b): 2D calibrated exposure average over integrations,S,mast:JWST/product/jw05893006001_02101_00003_nrcb4_cal.fits,SCIENCE,,CAL,,CALJWST,2.0.0,5893,jw05893006001_02101_00003_nrcb4_cal.fits,117573120,263954198,PUBLIC,2,F200W
263000610,JWST,image,jw05893006001_02101_00006_nrca3,exposure (L2b): 2D calibrated exposure average over integrations,S,mast:JWST/product/jw05893006001_02101_00006_nrca3_cal.fits,SCIENCE,,CAL,,CALJWST,2.0.0,5893,jw05893006001_02101_00006_nrca3_cal.fits,117573120,263954198,PUBLIC,2,F200W
263000611,JWST,image,jw05893006001_02101_00006_nrcb3,exposure (L2b): 2D calibrated exposure average over integrations,S,mast:JWST/product/jw05893006001_02101_00006_nrcb3_cal.fits,SCIENCE,,CAL,,CALJWST,2.0.0,5893,jw05893006001_02101_00006_nrcb3_cal.fits,117573120,263954198,PUBLIC,2,F200W
263000613,JWST,image,jw05893006001_02101_00004_nrca3,exposure (L2b): 2D calibrated exposure average over integrations,S,mast:JWST/product/jw05893006001_02101_00004_nrca3_cal.fits,SCIENCE,,CAL,,CALJWST,2.0.0,5893,jw05893006001_02101_00004_nrca3_cal.fits,117573120,263954198,PUBLIC,2,F200W
263000614,JWST,image,jw05893006001_02101_00004_nrcb4,exposure (L2b): 2D calibrated exposure average over integrations,S,mast:JWST/product/jw05893006001_02101_00004_nrcb4_cal.fits,SCIENCE,,CAL,,CALJWST,2.0.0,5893,jw05893006001_02101_00004_nrcb4_cal.fits,117573120,263954198,PUBLIC,2,F200W
263000615,JWST,image,jw05893006001_02101_00003_nrca3,exposure (L2b): 2D calibrated exposure average over integrations,S,mast:JWST/product/jw05893006001_02101_00003_nrca3_cal.fits,SCIENCE,,CAL,,CALJWST,2.0.0,5893,jw05893006001_02101_00003_nrca3_cal.fits,117573120,263954198,PUBLIC,2,F200W
263000616,JWST,image,jw05893006001_02101_00005_nrca3,exposure (L2b): 2D calibrated exposure average over integrations,S,mast:JWST/product/jw05893006001_02101_00005_nrca3_cal.fits,SCIENCE,,CAL,,CALJWST,2.0.0,5893,jw05893006001_02101_00005_nrca3_cal.fits,117573120,263954198,PUBLIC,2,F200W
263000617,JWST,image,jw05893006001_02101_00003_nrca2,exposure (L2b): 2D calibrated exposure average over integrations,S,mast:JWST/product/jw05893006001_02101_00003_nrca2_cal.fits,SCIENCE,,CAL,,CALJWST,2.0.0,5893,jw05893006001_02101_00003_nrca2_cal.fits,117570240,263954198,PUBLIC,2,F200W
263000619,JWST,image,jw05893006001_02101_00004_nrca2,exposure (L2b): 2D calibrated exposure average over integrations,S,mast:JWST/product/jw05893006001_02101_00004_nrca2_cal.fits,SCIENCE,,CAL,,CALJWST,2.0.0,5893,jw05893006001_02101_00004_nrca2_cal.fits,117570240,263954198,PUBLIC,2,F200W
263000621,JWST,image,jw05893006001_02101_00006_nrca1,exposure (L2b): 2D calibrated exposure average over integrations,S,mast:JWST/product/jw05893006001_02101_00006_nrca1_cal.fits,SCIENCE,,CAL,,CALJWST,2.0.0,5893,jw05893006001_02101_00006_nrca1_cal.fits,117570240,263954198,PUBLIC,2,F200W
263000632,JWST,image,jw05893006002_02101_00001_nrca3,exposure (L2b): 2D calibrated exposure average over integrations,S,mast:JWST/product/jw05893006002_02101_00001_nrca3_cal.fits,SCIENCE,,CAL,,CALJWST,2.0.0,5893,jw05893006002_02101_00001_nrca3_cal.fits,117573120,263954198,PUBLIC,2,F200W
263000633,JWST,image,jw05893006002_02101_00001_nrca2,exposure (L2b): 2D calibrated exposure average over integrations,S,mast:JWST/product/jw05893006002_02101_00001_nrca2_cal.fits,SCIENCE,,CAL,,CALJWST,2.0.0,5893,jw05893006002_02101_00001_nrca2_cal.fits,117570240,263954198,PUBLIC,2,F200W
263000635,JWST,image,jw05893006002_02101_00001_nrcb3,exposure (L2b): 2D calibrated exposure average over integrations,S,mast:JWST/product/jw05893006002_02101_00001_nrcb3_cal.fits,SCIENCE,,CAL,,CALJWST,2.0.0,5893,jw05893006002_02101_00001_nrcb3_cal.fits,117573120,263954198,PUBLIC,2,F200W
263000636,JWST,image,jw05893006002_02101_00001_nrcb1,exposure (L2b): 2D calibrated exposure average over integrations,S,mast:JWST/product/jw05893006002_02101_00001_nrcb1_cal.fits,SCIENCE,,CAL,,CALJWST,2.0.0,5893,jw05893006002_02101_00001_nrcb1_cal.fits,117573120,263954198,PUBLIC,2,F200W
263000637,JWST,image,jw05893006002_02101_00001_nrcb4,exposure (L2b): 2D calibrated exposure average over integrations,S,mast:JWST/product/jw05893006002_02101_00001_nrcb4_cal.fits,SCIENCE,,CAL,,CALJWST,2.0.0,5893,jw05893006002_02101_00001_nrcb4_cal.fits,117573120,263954198,PUBLIC,2,F200W
263000638,JWST,image,jw05893006002_02101_00001_nrca1,exposure (L2b): 2D calibrated exposure average over integrations,S,mast:JWST/product/jw05893006002_02101_00001_nrca1_cal.fits,SCIENCE,,CAL,,CALJWST,2.0.0,5893,jw05893006002_02101_00001_nrca1_cal.fits,117570240,263954198,PUBLIC,2,F200W
263000669,JWST,image,jw05893006002_02101_00004_nrcb3,exposure (L2b): 2D calibrated exposure average over integrations,S,mast:JWST/product/jw05893006002_02101_00004_nrcb3_cal.fits,SCIENCE,,CAL,,CALJWST,2.0.0,5893,jw05893006002_02101_00004_nrcb3_cal.fits,117573120,263954198,PUBLIC,2,F200W
263000670,JWST,image,jw05893006002_02101_00004_nrcb4,exposure (L2b): 2D calibrated exposure average over integrations,S,mast:JWST/product/jw05893006002_02101_00004_nrcb4_cal.fits,SCIENCE,,CAL,,CALJWST,2.0.0,5893,jw05893006002_02101_00004_nrcb4_cal.fits,117573120,263954198,PUBLIC,2,F200W
263000671,JWST,image,jw05893006002_02101_00002_nrcb2,exposure (L2b): 2D calibrated exposure average over integrations,S,mast:JWST/product/jw05893006002_02101_00002_nrcb2_cal.fits,SCIENCE,,CAL,,CALJWST,2.0.0,5893,jw05893006002_02101_00002_nrcb2_cal.fits,117573120,263954198,PUBLIC,2,F200W
263000672,JWST,image,jw05893006002_02101_00001_nrcb2,exposure (L2b): 2D calibrated exposure average over integrations,S,mast:JWST/product/jw05893006002_02101_00001_nrcb2_cal.fits,SCIENCE,,CAL,,CALJWST,2.0.0,5893,jw05893006002_02101_00001_nrcb2_cal.fits,117573120,263954198,PUBLIC,2,F200W
263000675,JWST,image,jw05893006002_02101_00004_nrca4,exposure (L2b): 2D calibrated exposure average over integrations,S,mast:JWST/product/jw05893006002_02101_00004_nrca4_cal.fits,SCIENCE,,CAL,,CALJWST,2.0.0,5893,jw05893006002_02101_00004_nrca4_cal.fits,117573120,263954198,PUBLIC,2,F200W
263000676,JWST,image,jw05893006002_02101_00002_nrcb1,exposure (L2b): 2D calibrated exposure average over integrations,S,mast:JWST/product/jw05893006002_02101_00002_nrcb1_cal.fits,SCIENCE,,CAL,,CALJWST,2.0.0,5893,jw05893006002_02101_00002_nrcb1_cal.fits,117573120,263954198,PUBLIC,2,F200W
263000677,JWST,image,jw05893006002_02101_00004_nrca2,exposure (L2b): 2D calibrated exposure average over integrations,S,mast:JWST/product/jw05893006002_02101_00004_nrca2_cal.fits,SCIENCE,,CAL,,CALJWST,2.0.0,5893,jw05893006002_02101_00004_nrca2_cal.fits,117570240,263954198,PUBLIC,2,F200W
263000678,JWST,image,jw05893006002_02101_00004_nrca1,exposure (L2b): 2D calibrated exposure average over integrations,S,mast:JWST/product/jw05893006002_02101_00004_nrca1_cal.fits,SCIENCE,,CAL,,CALJWST,2.0.0,5893,jw05893006002_02101_00004_nrca1_cal.fits,117570240,263954198,PUBLIC,2,F200W
263000679,JWST,image,jw05893006002_02101_00002_nrcb3,exposure (L2b): 2D calibrated exposure average over integrations,S,mast:JWST/product/jw05893006002_02101_00002_nrcb3_cal.fits,SCIENCE,,CAL,,CALJWST,2.0.0,5893,jw05893006002_02101_00002_nrcb3_cal.fits,117573120,263954198,PUBLIC,2,F200W
263000680,JWST,image,jw05893006002_02101_00003_nrcb1,exposure (L2b): 2D calibrated exposure average over integrations,S,mast:JWST/product/jw05893006002_02101_00003_nrcb1_cal.fits,SCIENCE,,CAL,,CALJWST,2.0.0,5893,jw05893006002_02101_00003_nrcb1_cal.fits,117573120,263954198,PUBLIC,2,F200W
263000681,JWST,image,jw05893006002_02101_00003_nrca4,exposure (L2b): 2D calibrated exposure average over integrations,S,mast:JWST/product/jw05893006002_02101_00003_nrca4_cal.fits,SCIENCE,,CAL,,CALJWST,2.0.0,5893,jw05893006002_02101_00003_nrca4_cal.fits,117573120,263954198,PUBLIC,2,F200W
263000682,JWST,image,jw05893006002_02101_00002_nrcb4,exposure (L2b): 2D calibrated exposure average over integrations,S,mast:JWST/product/jw05893006002_02101_00002_nrcb4_cal.fits,SCIENCE,,CAL,,CALJWST,2.0.0,5893,jw05893006002_02101_00002_nrcb4_cal.fits,117573120,263954198,PUBLIC,2,F200W
263000685,JWST,image,jw05893006002_02101_00003_nrcb4,exposure (L2b): 2D calibrated exposure average over integrations,S,mast:JWST/product/jw05893006002_02101_00003_nrcb4_cal.fits,SCIENCE,,CAL,,CALJWST,2.0.0,5893,jw05893006002_02101_00003_nrcb4_cal.fits,117573120,263954198,PUBLIC,2,F200W
263000688,JWST,image,jw05893006002_02101_00002_nrca1,exposure (L2b): 2D calibrated exposure average over integrations,S,mast:JWST/product/jw05893006002_02101_00002_nrca1_cal.fits,SCIENCE,,CAL,,CALJWST,2.0.0,5893,jw05893006002_02101_00002_nrca1_cal.fits,117570240,263954198,PUBLIC,2,F200W
263000689,JWST,image,jw05893006002_02101_00003_nrcb2,exposure (L2b): 2D calibrated exposure average over integrations,S,mast:JWST/product/jw05893006002_02101_00003_nrcb2_cal.fits,SCIENCE,,CAL,,CALJWST,2.0.0,5893,jw05893006002_02101_00003_nrcb2_cal.fits,117573120,263954198,PUBLIC,2,F200W
263000690,JWST,image,jw05893006002_02101_00004_nrca3,exposure (L2b): 2D calibrated exposure average over integrations,S,mast:JWST/product/jw05893006002_02101_00004_nrca3_cal.fits,SCIENCE,,CAL,,CALJWST,2.0.0,5893,jw05893006002_02101_00004_nrca3_cal.fits,117573120,263954198,PUBLIC,2,F200W
263000691,JWST,image,jw05893006002_02101_00004_nrcb2,exposure (L2b): 2D calibrated exposure average over integrations,S,mast:JWST/product/jw05893006002_02101_00004_nrcb2_cal.fits,SCIENCE,,CAL,,CALJWST,2.0.0,5893,jw05893006002_02101_00004_nrcb2_cal.fits,117573120,263954198,PUBLIC,2,F200W
263000692,JWST,image,jw05893006002_02101_00001_nrca4,exposure (L2b): 2D calibrated exposure average over integrations,S,mast:JWST/product/jw05893006002_02101_00001_nrca4_cal.fits,SCIENCE,,CAL,,CALJWST,2.0.0,5893,jw05893006002_02101_00001_nrca4_cal.fits,117573120,263954198,PUBLIC,2,F200W
263000695,JWST,image,jw05893006002_02101_00002_nrca4,exposure (L2b): 2D calibrated exposure average over integrations,S,mast:JWST/product/jw05893006002_02101_00002_nrca4_cal.fits,SCIENCE,,CAL,,CALJWST,2.0.0,5893,jw05893006002_02101_00002_nrca4_cal.fits,117573120,263954198,PUBLIC,2,F200W
263000697,JWST,image,jw05893006002_02101_00003_nrca2,exposure (L2b): 2D calibrated exposure average over integrations,S,mast:JWST/product/jw05893006002_02101_00003_nrca2_cal.fits,SCIENCE,,CAL,,CALJWST,2.0.0,5893,jw05893006002_02101_00003_nrca2_cal.fits,117570240,263954198,PUBLIC,2,F200W
263000698,JWST,image,jw05893006002_02101_00002_nrca3,exposure (L2b): 2D calibrated exposure average over integrations,S,mast:JWST/product/jw05893006002_02101_00002_nrca3_cal.fits,SCIENCE,,CAL,,CALJWST,2.0.0,5893,jw05893006002_02101_00002_nrca3_cal.fits,117573120,263954198,PUBLIC,2,F200W
263000699,JWST,image,jw05893006002_02101_00002_nrca2,exposure (L2b): 2D calibrated exposure average over integrations,S,mast:JWST/product/jw05893006002_02101_00002_nrca2_cal.fits,SCIENCE,,CAL,,CALJWST,2.0.0,5893,jw05893006002_02101_00002_nrca2_cal.fits,117570240,263954198,PUBLIC,2,F200W
263000700,JWST,image,jw05893006002_02101_00003_nrca3,exposure (L2b): 2D calibrated exposure average over integrations,S,mast:JWST/product/jw05893006002_02101_00003_nrca3_cal.fits,SCIENCE,,CAL,,CALJWST,2.0.0,5893,jw05893006002_02101_00003_nrca3_cal.fits,117573120,263954198,PUBLIC,2,F200W
263000701,JWST,image,jw05893006002_02101_00003_nrcb3,exposure (L2b): 2D calibrated exposure average over integrations,S,mast:JWST/product/jw05893006002_02101_00003_nrcb3_cal.fits,SCIENCE,,CAL,,CALJWST,2.0.0,5893,jw05893006002_02101_00003_nrcb3_cal.fits,117573120,263954198,PUBLIC,2,F200W
263000702,JWST,image,jw05893006002_02101_00003_nrca1,exposure (L2b): 2D calibrated exposure average over integrations,S,mast:JWST/product/jw05893006002_02101_00003_nrca1_cal.fits,SCIENCE,,CAL,,CALJWST,2.0.0,5893,jw05893006002_02101_00003_nrca1_cal.fits,117570240,263954198,PUBLIC,2,F200W
263000703,JWST,image,jw05893006002_02101_00004_nrcb1,exposure (L2b): 2D calibrated exposure average over integrations,S,mast:JWST/product/jw05893006002_02101_00004_nrcb1_cal.fits,SCIENCE,,CAL,,CALJWST,2.0.0,5893,jw05893006002_02101_00004_nrcb1_cal.fits,117573120,263954198,PUBLIC,2,F200W
263000705,JWST,image,jw05893006002_02101_00005_nrcb1,exposure (L2b): 2D calibrated exposure average over integrations,S,mast:JWST/product/jw05893006002_02101_00005_nrcb1_cal.fits,SCIENCE,,CAL,,CALJWST,2.0.0,5893,jw05893006002_02101_00005_nrcb1_cal.fits,117573120,263954198,PUBLIC,2,F200W
263033635,JWST,image,jw05893006002_02101_00006_nrca4,exposure (L2b): 2D calibrated exposure average over integrations,S,mast:JWST/product/jw05893006002_02101_00006_nrca4_cal.fits,SCIENCE,,CAL,,CALJWST,2.0.0,5893,jw05893006002_02101_00006_nrca4_cal.fits,117573120,263954198,PUBLIC,2,F200W
263033676,JWST,image,jw05893006002_02101_00005_nrca2,exposure (L2b): 2D calibrated exposure average over integrations,S,mast:JWST/product/jw05893006002_02101_00005_nrca2_cal.fits,SCIENCE,,CAL,,CALJWST,2.0.0,5893,jw05893006002_02101_00005_nrca2_cal.fits,117570240,263954198,PUBLIC,2,F200W
263033727,JWST,image,jw05893006002_02101_00005_nrca3,exposure (L2b): 2D calibrated exposure average over integrations,S,mast:JWST/product/jw05893006002_02101_00005_nrca3_cal.fits,SCIENCE,,CAL,,CALJWST,2.0.0,5893,jw05893006002_02101_00005_nrca3_cal.fits,117573120,263954198,PUBLIC,2,F200W
263033948,JWST,image,jw05893006002_02101_00006_nrca2,exposure (L2b): 2D calibrated exposure average over integrations,S,mast:JWST/product/jw05893006002_02101_00006_nrca2_cal.fits,SCIENCE,,CAL,,CALJWST,2.0.0,5893,jw05893006002_02101_00006_nrca2_cal.fits,117570240,263954198,PUBLIC,2,F200W
263034017,JWST,image,jw05893006002_02101_00006_nrca3,exposure (L2b): 2D calibrated exposure average over integrations,S,mast:JWST/product/jw05893006002_02101_00006_nrca3_cal.fits,SCIENCE,,CAL,,CALJWST,2.0.0,5893,jw05893006002_02101_00006_nrca3_cal.fits,117573120,263954198,PUBLIC,2,F200W
263034070,JWST,image,jw05893006002_02101_00006_nrcb3,exposure (L2b): 2D calibrated exposure average over integrations,S,mast:JWST/product/jw05893006002_02101_00006_nrcb3_cal.fits,SCIENCE,,CAL,,CALJWST,2.0.0,5893,jw05893006002_02101_00006_nrcb3_cal.fits,117573120,263954198,PUBLIC,2,F200W
263034163,JWST,image,jw05893006002_02101_00005_nrcb4,exposure (L2b): 2D calibrated exposure average over integrations,S,mast:JWST/product/jw05893006002_02101_00005_nrcb4_cal.fits,SCIENCE,,CAL,,CALJWST,2.0.0,5893,jw05893006002_02101_00005_nrcb4_cal.fits,117573120,263954198,PUBLIC,2,F200W
263034963,JWST,image,jw05893006002_02101_00006_nrcb1,exposure (L2b): 2D calibrated exposure average over integrations,S,mast:JWST/product/jw05893006002_02101_00006_nrcb1_cal.fits,SCIENCE,,CAL,,CALJWST,2.0.0,5893,jw05893006002_02101_00006_nrcb1_cal.fits,117573120,263954198,PUBLIC,2,F200W
263035035,JWST,image,jw05893006002_02101_00005_nrcb2,exposure (L2b): 2D calibrated exposure average over integrations,S,mast:JWST/product/jw05893006002_02101_00005_nrcb2_cal.fits,SCIENCE,,CAL,,CALJWST,2.0.0,5893,jw05893006002_02101_00005_nrcb2_cal.fits,117573120,263954198,PUBLIC,2,F200W
263035065,JWST,image,jw05893006002_02101_00006_nrcb2,exposure (L2b): 2D calibrated exposure average over integrations,S,mast:JWST/product/jw05893006002_02101_00006_nrcb2_cal.fits,SCIENCE,,CAL,,CALJWST,2.0.0,5893,jw05893006002_02101_00006_nrcb2_cal.fits,117573120,263954198,PUBLIC,2,F200W
263035376,JWST,image,jw05893006002_02101_00005_nrca1,exposure (L2b): 2D calibrated exposure average over integrations,S,mast:JWST/product/jw05893006002_02101_00005_nrca1_cal.fits,SCIENCE,,CAL,,CALJWST,2.0.0,5893,jw05893006002_02101_00005_nrca1_cal.fits,117570240,263954198,PUBLIC,2,F200W
263035399,JWST,image,jw05893006002_02101_00006_nrcb4,exposure (L2b): 2D calibrated exposure average over integrations,S,mast:JWST/product/jw05893006002_02101_00006_nrcb4_cal.fits,SCIENCE,,CAL,,CALJWST,2.0.0,5893,jw05893006002_02101_00006_nrcb4_cal.fits,117573120,263954198,PUBLIC,2,F200W
263035539,JWST,image,jw05893006002_02101_00005_nrcb3,exposure (L2b): 2D calibrated exposure average over integrations,S,mast:JWST/product/jw05893006002_02101_00005_nrcb3_cal.fits,SCIENCE,,CAL,,CALJWST,2.0.0,5893,jw05893006002_02101_00005_nrcb3_cal.fits,117573120,263954198,PUBLIC,2,F200W
263035698,JWST,image,jw05893006002_02101_00006_nrca1,exposure (L2b): 2D calibrated exposure average over integrations,S,mast:JWST/product/jw05893006002_02101_00006_nrca1_cal.fits,SCIENCE,,CAL,,CALJWST,2.0.0,5893,jw05893006002_02101_00006_nrca1_cal.fits,117570240,263954198,PUBLIC,2,F200W
263035783,JWST,image,jw05893006002_02101_00005_nrca4,exposure (L2b): 2D calibrated exposure average over integrations,S,mast:JWST/product/jw05893006002_02101_00005_nrca4_cal.fits,SCIENCE,,CAL,,CALJWST,2.0.0,5893,jw05893006002_02101_00005_nrca4_cal.fits,117573120,263954198,PUBLIC,2,F200W
263055045,JWST,image,jw05893006003_02101_00001_nrca3,exposure (L2b): 2D calibrated exposure average over integrations,S,mast:JWST/product/jw05893006003_02101_00001_nrca3_cal.fits,SCIENCE,,CAL,,CALJWST,2.0.0,5893,jw05893006003_02101_00001_nrca3_cal.fits,117573120,263954198,PUBLIC,2,F200W
263055067,JWST,image,jw05893006003_02101_00001_nrcb2,exposure (L2b): 2D calibrated exposure average over integrations,S,mast:JWST/product/jw05893006003_02101_00001_nrcb2_cal.fits,SCIENCE,,CAL,,CALJWST,2.0.0,5893,jw05893006003_02101_00001_nrcb2_cal.fits,117573120,263954198,PUBLIC,2,F200W
263055079,JWST,image,jw05893006003_02101_00001_nrcb3,exposure (L2b): 2D calibrated exposure average over integrations,S,mast:JWST/product/jw05893006003_02101_00001_nrcb3_cal.fits,SCIENCE,,CAL,,CALJWST,2.0.0,5893,jw05893006003_02101_00001_nrcb3_cal.fits,117573120,263954198,PUBLIC,2,F200W
263055086,JWST,image,jw05893006003_02101_00001_nrca2,exposure (L2b): 2D calibrated exposure average over integrations,S,mast:JWST/product/jw05893006003_02101_00001_nrca2_cal.fits,SCIENCE,,CAL,,CALJWST,2.0.0,5893,jw05893006003_02101_00001_nrca2_cal.fits,117570240,263954198,PUBLIC,2,F200W
263055087,JWST,image,jw05893006003_02101_00001_nrcb4,exposure (L2b): 2D calibrated exposure average over integrations,S,mast:JWST/product/jw05893006003_02101_00001_nrcb4_cal.fits,SCIENCE,,CAL,,CALJWST,2.0.0,5893,jw05893006003_02101_00001_nrcb4_cal.fits,117573120,263954198,PUBLIC,2,F200W
263055103,JWST,image,jw05893006003_02101_00001_nrcb1,exposure (L2b): 2D calibrated exposure average over integrations,S,mast:JWST/product/jw05893006003_02101_00001_nrcb1_cal.fits,SCIENCE,,CAL,,CALJWST,2.0.0,5893,jw05893006003_02101_00001_nrcb1_cal.fits,117573120,263954198,PUBLIC,2,F200W
263055144,JWST,image,jw05893006003_02101_00001_nrca1,exposure (L2b): 2D calibrated exposure average over integrations,S,mast:JWST/product/jw05893006003_02101_00001_nrca1_cal.fits,SCIENCE,,CAL,,CALJWST,2.0.0,5893,jw05893006003_02101_00001_nrca1_cal.fits,117570240,263954198,PUBLIC,2,F200W
263055166,JWST,image,jw05893006003_02101_00001_nrca4,exposure (L2b): 2D calibrated exposure average over integrations,S,mast:JWST/product/jw05893006003_02101_00001_nrca4_cal.fits,SCIENCE,,CAL,,CALJWST,2.0.0,5893,jw05893006003_02101_00001_nrca4_cal.fits,117573120,263954198,PUBLIC,2,F200W
263068036,JWST,image,jw05893006003_02101_00002_nrcb2,exposure (L2b): 2D calibrated exposure average over integrations,S,mast:JWST/product/jw05893006003_02101_00002_nrcb2_cal.fits,SCIENCE,,CAL,,CALJWST,2.0.0,5893,jw05893006003_02101_00002_nrcb2_cal.fits,117573120,263954198,PUBLIC,2,F200W
263068045,JWST,image,jw05893006003_02101_00002_nrcb1,exposure (L2b): 2D calibrated exposure average over integrations,S,mast:JWST/product/jw05893006003_02101_00002_nrcb1_cal.fits,SCIENCE,,CAL,,CALJWST,2.0.0,5893,jw05893006003_02101_00002_nrcb1_cal.fits,117573120,263954198,PUBLIC,2,F200W
263068076,JWST,image,jw05893006003_02101_00002_nrca2,exposure (L2b): 2D calibrated exposure average over integrations,S,mast:JWST/product/jw05893006003_02101_00002_nrca2_cal.fits,SCIENCE,,CAL,,CALJWST,2.0.0,5893,jw05893006003_02101_00002_nrca2_cal.fits,117570240,263954198,PUBLIC,2,F200W
263068138,JWST,image,jw05893006003_02101_00002_nrca3,exposure (L2b): 2D calibrated exposure average over integrations,S,mast:JWST/product/jw05893006003_02101_00002_nrca3_cal.fits,SCIENCE,,CAL,,CALJWST,2.0.0,5893,jw05893006003_02101_00002_nrca3_cal.fits,117573120,263954198,PUBLIC,2,F200W
263068183,JWST,image,jw05893006003_02101_00002_nrca1,exposure (L2b): 2D calibrated exposure average over integrations,S,mast:JWST/product/jw05893006003_02101_00002_nrca1_cal.fits,SCIENCE,,CAL,,CALJWST,2.0.0,5893,jw05893006003_02101_00002_nrca1_cal.fits,117570240,263954198,PUBLIC,2,F200W
263068253,JWST,image,jw05893006003_02101_00002_nrcb4,exposure (L2b): 2D calibrated exposure average over integrations,S,mast:JWST/product/jw05893006003_02101_00002_nrcb4_cal.fits,SCIENCE,,CAL,,CALJWST,2.0.0,5893,jw05893006003_02101_00002_nrcb4_cal.fits,117573120,263954198,PUBLIC,2,F200W
263068269,JWST,image,jw05893006003_02101_00003_nrcb1,exposure (L2b): 2D calibrated exposure average over integrations,S,mast:JWST/product/jw05893006003_02101_00003_nrcb1_cal.fits,SCIENCE,,CAL,,CALJWST,2.0.0,5893,jw05893006003_02101_00003_nrcb1_cal.fits,117573120,263954198,PUBLIC,2,F200W
263068287,JWST,image,jw05893006003_02101_00002_nrcb3,exposure (L2b): 2D calibrated exposure average over integrations,S,mast:JWST/product/jw05893006003_02101_00002_nrcb3_cal.fits,SCIENCE,,CAL,,CALJWST,2.0.0,5893,jw05893006003_02101_00002_nrcb3_cal.fits,117573120,263954198,PUBLIC,2,F200W
263068400,JWST,image,jw05893006003_02101_00003_nrcb3,exposure (L2b): 2D calibrated exposure average over integrations,S,mast:JWST/product/jw05893006003_02101_00003_nrcb3_cal.fits,SCIENCE,,CAL,,CALJWST,2.0.0,5893,jw05893006003_02101_00003_nrcb3_cal.fits,117573120,263954198,PUBLIC,2,F200W
263068424,JWST,image,jw05893006003_02101_00002_nrca4,exposure (L2b): 2D calibrated exposure average over integrations,S,mast:JWST/product/jw05893006003_02101_00002_nrca4_cal.fits,SCIENCE,,CAL,,CALJWST,2.0.0,5893,jw05893006003_02101_00002_nrca4_cal.fits,117573120,263954198,PUBLIC,2,F200W
263104140,JWST,image,jw05893006003_02101_00004_nrcb4,exposure (L2b): 2D calibrated exposure average over integrations,S,mast:JWST/product/jw05893006003_02101_00004_nrcb4_cal.fits,SCIENCE,,CAL,,CALJWST,2.0.0,5893,jw05893006003_02101_00004_nrcb4_cal.fits,117573120,263954198,PUBLIC,2,F200W
263104193,JWST,image,jw05893006003_02101_00004_nrcb1,exposure (L2b): 2D calibrated exposure average over integrations,S,mast:JWST/product/jw05893006003_02101_00004_nrcb1_cal.fits,SCIENCE,,CAL,,CALJWST,2.0.0,5893,jw05893006003_02101_00004_nrcb1_cal.fits,117573120,263954198,PUBLIC,2,F200W
263104204,JWST,image,jw05893006003_02101_00004_nrcb2,exposure (L2b): 2D calibrated exposure average over integrations,S,mast:JWST/product/jw05893006003_02101_00004_nrcb2_cal.fits,SCIENCE,,CAL,,CALJWST,2.0.0,5893,jw05893006003_02101_00004_nrcb2_cal.fits,117573120,263954198,PUBLIC,2,F200W
263104208,JWST,image,jw05893006003_02101_00006_nrcb3,exposure (L2b): 2D calibrated exposure average over integrations,S,mast:JWST/product/jw05893006003_02101_00006_nrcb3_cal.fits,SCIENCE,,CAL,,CALJWST,2.0.0,5893,jw05893006003_02101_00006_nrcb3_cal.fits,117573120,263954198,PUBLIC,2,F200W
263104264,JWST,image,jw05893006003_02101_00005_nrcb1,exposure (L2b): 2D calibrated exposure average over integrations,S,mast:JWST/product/jw05893006003_02101_00005_nrcb1_cal.fits,SCIENCE,,CAL,,CALJWST,2.0.0,5893,jw05893006003_02101_00005_nrcb1_cal.fits,117573120,263954198,PUBLIC,2,F200W
263104300,JWST,image,jw05893006003_02101_00003_nrca3,exposure (L2b): 2D calibrated exposure average over integrations,S,mast:JWST/product/jw05893006003_02101_00003_nrca3_cal.fits,SCIENCE,,CAL,,CALJWST,2.0.0,5893,jw05893006003_02101_00003_nrca3_cal.fits,117573120,263954198,PUBLIC,2,F200W
263104361,JWST,image,jw05893006003_02101_00004_nrca4,exposure (L2b): 2D calibrated exposure average over integrations,S,mast:JWST/product/jw05893006003_02101_00004_nrca4_cal.fits,SCIENCE,,CAL,,CALJWST,2.0.0,5893,jw05893006003_02101_00004_nrca4_cal.fits,117573120,263954198,PUBLIC,2,F200W
263104376,JWST,image,jw05893006003_02101_00005_nrca1,exposure (L2b): 2D calibrated exposure average over integrations,S,mast:JWST/product/jw05893006003_02101_00005_nrca1_cal.fits,SCIENCE,,CAL,,CALJWST,2.0.0,5893,jw05893006003_02101_00005_nrca1_cal.fits,117570240,263954198,PUBLIC,2,F200W
263104403,JWST,image,jw05893006003_02101_00004_nrca3,exposure (L2b): 2D calibrated exposure average over integrations,S,mast:JWST/product/jw05893006003_02101_00004_nrca3_cal.fits,SCIENCE,,CAL,,CALJWST,2.0.0,5893,jw05893006003_02101_00004_nrca3_cal.fits,117573120,263954198,PUBLIC,2,F200W
263104429,JWST,image,jw05893006003_02101_00006_nrca4,exposure (L2b): 2D calibrated exposure average over integrations,S,mast:JWST/product/jw05893006003_02101_00006_nrca4_cal.fits,SCIENCE,,CAL,,CALJWST,2.0.0,5893,jw05893006003_02101_00006_nrca4_cal.fits,117573120,263954198,PUBLIC,2,F200W
263104496,JWST,image,jw05893006003_02101_00005_nrcb4,exposure (L2b): 2D calibrated exposure average over integrations,S,mast:JWST/product/jw05893006003_02101_00005_nrcb4_cal.fits,SCIENCE,,CAL,,CALJWST,2.0.0,5893,jw05893006003_02101_00005_nrcb4_cal.fits,117573120,263954198,PUBLIC,2,F200W
263104497,JWST,image,jw05893006003_02101_00006_nrcb2,exposure (L2b): 2D calibrated exposure average over integrations,S,mast:JWST/product/jw05893006003_02101_00006_nrcb2_cal.fits,SCIENCE,,CAL,,CALJWST,2.0.0,5893,jw05893006003_02101_00006_nrcb2_cal.fits,117573120,263954198,PUBLIC,2,F200W
263104687,JWST,image,jw05893006003_02101_00004_nrca2,exposure (L2b): 2D calibrated exposure average over integrations,S,mast:JWST/product/jw05893006003_02101_00004_nrca2_cal.fits,SCIENCE,,CAL,,CALJWST,2.0.0,5893,jw05893006003_02101_00004_nrca2_cal.fits,117570240,263954198,PUBLIC,2,F200W
263104746,JWST,image,jw05893006003_02101_00005_nrcb3,exposure (L2b): 2D calibrated exposure average over integrations,S,mast:JWST/product/jw05893006003_02101_00005_nrcb3_cal.fits,SCIENCE,,CAL,,CALJWST,2.0.0,5893,jw05893006003_02101_00005_nrcb3_cal.fits,117573120,263954198,PUBLIC,2,F200W
263104851,JWST,image,jw05893006003_02101_00005_nrca2,exposure (L2b): 2D calibrated exposure average over integrations,S,mast:JWST/product/jw05893006003_02101_00005_nrca2_cal.fits,SCIENCE,,CAL,,CALJWST,2.0.0,5893,jw05893006003_02101_00005_nrca2_cal.fits,117570240,263954198,PUBLIC,2,F200W
263104887,JWST,image,jw05893006003_02101_00004_nrcb3,exposure (L2b): 2D calibrated exposure average over integrations,S,mast:JWST/product/jw05893006003_02101_00004_nrcb3_cal.fits,SCIENCE,,CAL,,CALJWST,2.0.0,5893,jw05893006003_02101_00004_nrcb3_cal.fits,117573120,263954198,PUBLIC,2,F200W
263104941,JWST,image,jw05893006003_02101_00003_nrcb4,exposure (L2b): 2D calibrated exposure average over integrations,S,mast:JWST/product/jw05893006003_02101_00003_nrcb4_cal.fits,SCIENCE,,CAL,,CALJWST,2.0.0,5893,jw05893006003_02101_00003_nrcb4_cal.fits,117573120,263954198,PUBLIC,2,F200W
263104949,JWST,image,jw05893006003_02101_00003_nrcb2,exposure (L2b): 2D calibrated exposure average over integrations,S,mast:JWST/product/jw05893006003_02101_00003_nrcb2_cal.fits,SCIENCE,,CAL,,CALJWST,2.0.0,5893,jw05893006003_02101_00003_nrcb2_cal.fits,117573120,263954198,PUBLIC,2,F200W
263104959,JWST,image,jw05893006003_02101_00004_nrca1,exposure (L2b): 2D calibrated exposure average over integrations,S,mast:JWST/product/jw05893006003_02101_00004_nrca1_cal.fits,SCIENCE,,CAL,,CALJWST,2.0.0,5893,jw05893006003_02101_00004_nrca1_cal.fits,117570240,263954198,PUBLIC,2,F200W
263104984,JWST,image,jw05893006003_02101_00005_nrcb2,exposure (L2b): 2D calibrated exposure average over integrations,S,mast:JWST/product/jw05893006003_02101_00005_nrcb2_cal.fits,SCIENCE,,CAL,,CALJWST,2.0.0,5893,jw05893006003_02101_00005_nrcb2_cal.fits,117573120,263954198,PUBLIC,2,F200W
263105107,JWST,image,jw05893006003_02101_00003_nrca1,exposure (L2b): 2D calibrated exposure average over integrations,S,mast:JWST/product/jw05893006003_02101_00003_nrca1_cal.fits,SCIENCE,,CAL,,CALJWST,2.0.0,5893,jw05893006003_02101_00003_nrca1_cal.fits,117570240,263954198,PUBLIC,2,F200W
263105139,JWST,image,jw05893006003_02101_00003_nrca4,exposure (L2b): 2D calibrated exposure average over integrations,S,mast:JWST/product/jw05893006003_02101_00003_nrca4_cal.fits,SCIENCE,,CAL,,CALJWST,2.0.0,5893,jw05893006003_02101_00003_nrca4_cal.fits,117573120,263954198,PUBLIC,2,F200W
263105195,JWST,image,jw05893006003_02101_00006_nrca1,exposure (L2b): 2D calibrated exposure average over integrations,S,mast:JWST/product/jw05893006003_02101_00006_nrca1_cal.fits,SCIENCE,,CAL,,CALJWST,2.0.0,5893,jw05893006003_02101_00006_nrca1_cal.fits,117570240,263954198,PUBLIC,2,F200W
263105300,JWST,image,jw05893006003_02101_00006_nrcb1,exposure (L2b): 2D calibrated exposure average over integrations,S,mast:JWST/product/jw05893006003_02101_00006_nrcb1_cal.fits,SCIENCE,,CAL,,CALJWST,2.0.0,5893,jw05893006003_02101_00006_nrcb1_cal.fits,117573120,263954198,PUBLIC,2,F200W
263105360,JWST,image,jw05893006003_02101_00006_nrca2,exposure (L2b): 2D calibrated exposure average over integrations,S,mast:JWST/product/jw05893006003_02101_00006_nrca2_cal.fits,SCIENCE,,CAL,,CALJWST,2.0.0,5893,jw05893006003_02101_00006_nrca2_cal.fits,117570240,263954198,PUBLIC,2,F200W
263105390,JWST,image,jw05893006003_02101_00006_nrcb4,exposure (L2b): 2D calibrated exposure average over integrations,S,mast:JWST/product/jw05893006003_02101_00006_nrcb4_cal.fits,SCIENCE,,CAL,,CALJWST,2.0.0,5893,jw05893006003_02101_00006_nrcb4_cal.fits,117573120,263954198,PUBLIC,2,F200W
263105406,JWST,image,jw05893006003_02101_00005_nrca4,exposure (L2b): 2D calibrated exposure average over integrations,S,mast:JWST/product/jw05893006003_02101_00005_nrca4_cal.fits,SCIENCE,,CAL,,CALJWST,2.0.0,5893,jw05893006003_02101_00005_nrca4_cal.fits,117573120,263954198,PUBLIC,2,F200W
263105489,JWST,image,jw05893006003_02101_00006_nrca3,exposure (L2b): 2D calibrated exposure average over integrations,S,mast:JWST/product/jw05893006003_02101_00006_nrca3_cal.fits,SCIENCE,,CAL,,CALJWST,2.0.0,5893,jw05893006003_02101_00006_nrca3_cal.fits,117573120,263954198,PUBLIC,2,F200W
263105520,JWST,image,jw05893006003_02101_00003_nrca2,exposure (L2b): 2D calibrated exposure average over integrations,S,mast:JWST/product/jw05893006003_02101_00003_nrca2_cal.fits,SCIENCE,,CAL,,CALJWST,2.0.0,5893,jw05893006003_02101_00003_nrca2_cal.fits,117570240,263954198,PUBLIC,2,F200W
263105580,JWST,image,jw05893006003_02101_00005_nrca3,exposure (L2b): 2D calibrated exposure average over integrations,S,mast:JWST/product/jw05893006003_02101_00005_nrca3_cal.fits,SCIENCE,,CAL,,CALJWST,2.0.0,5893,jw05893006003_02101_00005_nrca3_cal.fits,117573120,263954198,PUBLIC,2,F200W
263307117,JWST,image,jw05893006004_02101_00002_nrca4,exposure (L2b): 2D calibrated exposure average over integrations,S,mast:JWST/product/jw05893006004_02101_00002_nrca4_cal.fits,SCIENCE,,CAL,,CALJWST,2.0.0,5893,jw05893006004_02101_00002_nrca4_cal.fits,117573120,263954198,PUBLIC,2,F200W
263307133,JWST,image,jw05893006004_02101_00001_nrcb2,exposure (L2b): 2D calibrated exposure average over integrations,S,mast:JWST/product/jw05893006004_02101_00001_nrcb2_cal.fits,SCIENCE,,CAL,,CALJWST,2.0.0,5893,jw05893006004_02101_00001_nrcb2_cal.fits,117573120,263954198,PUBLIC,2,F200W
263307151,JWST,image,jw05893006004_02101_00001_nrca3,exposure (L2b): 2D calibrated exposure average over integrations,S,mast:JWST/product/jw05893006004_02101_00001_nrca3_cal.fits,SCIENCE,,CAL,,CALJWST,2.0.0,5893,jw05893006004_02101_00001_nrca3_cal.fits,117573120,263954198,PUBLIC,2,F200W
263307165,JWST,image,jw05893006004_02101_00002_nrcb4,exposure (L2b): 2D calibrated exposure average over integrations,S,mast:JWST/product/jw05893006004_02101_00002_nrcb4_cal.fits,SCIENCE,,CAL,,CALJWST,2.0.0,5893,jw05893006004_02101_00002_nrcb4_cal.fits,117573120,263954198,PUBLIC,2,F200W
263307167,JWST,image,jw05893006004_02101_00001_nrcb1,exposure (L2b): 2D calibrated exposure average over integrations,S,mast:JWST/product/jw05893006004_02101_00001_nrcb1_cal.fits,SCIENCE,,CAL,,CALJWST,2.0.0,5893,jw05893006004_02101_00001_nrcb1_cal.fits,117573120,263954198,PUBLIC,2,F200W
263307177,JWST,image,jw05893006004_02101_00002_nrca2,exposure (L2b): 2D calibrated exposure average over integrations,S,mast:JWST/product/jw05893006004_02101_00002_nrca2_cal.fits,SCIENCE,,CAL,,CALJWST,2.0.0,5893,jw05893006004_02101_00002_nrca2_cal.fits,117570240,263954198,PUBLIC,2,F200W
263307203,JWST,image,jw05893006004_02101_00001_nrcb4,exposure (L2b): 2D calibrated exposure average over integrations,S,mast:JWST/product/jw05893006004_02101_00001_nrcb4_cal.fits,SCIENCE,,CAL,,CALJWST,2.0.0,5893,jw05893006004_02101_00001_nrcb4_cal.fits,117573120,263954198,PUBLIC,2,F200W
263307226,JWST,image,jw05893006004_02101_00001_nrca2,exposure (L2b): 2D calibrated exposure average over integrations,S,mast:JWST/product/jw05893006004_02101_00001_nrca2_cal.fits,SCIENCE,,CAL,,CALJWST,2.0.0,5893,jw05893006004_02101_00001_nrca2_cal.fits,117570240,263954198,PUBLIC,2,F200W
263307275,JWST,image,jw05893006004_02101_00001_nrca4,exposure (L2b): 2D calibrated exposure average over integrations,S,mast:JWST/product/jw05893006004_02101_00001_nrca4_cal.fits,SCIENCE,,CAL,,CALJWST,2.0.0,5893,jw05893006004_02101_00001_nrca4_cal.fits,117573120,263954198,PUBLIC,2,F200W
263307300,JWST,image,jw05893006004_02101_00001_nrca1,exposure (L2b): 2D calibrated exposure average over integrations,S,mast:JWST/product/jw05893006004_02101_00001_nrca1_cal.fits,SCIENCE,,CAL,,CALJWST,2.0.0,5893,jw05893006004_02101_00001_nrca1_cal.fits,117570240,263954198,PUBLIC,2,F200W
263307348,JWST,image,jw05893006004_02101_00001_nrcb3,exposure (L2b): 2D calibrated exposure average over integrations,S,mast:JWST/product/jw05893006004_02101_00001_nrcb3_cal.fits,SCIENCE,,CAL,,CALJWST,2.0.0,5893,jw05893006004_02101_00001_nrcb3_cal.fits,117573120,263954198,PUBLIC,2,F200W
263332385,JWST,image,jw05893006004_02101_00003_nrca4,exposure (L2b): 2D calibrated exposure average over integrations,S,mast:JWST/product/jw05893006004_02101_00003_nrca4_cal.fits,SCIENCE,,CAL,,CALJWST,2.0.0,5893,jw05893006004_02101_00003_nrca4_cal.fits,117573120,263954198,PUBLIC,2,F200W
263332386,JWST,image,jw05893006004_02101_00002_nrcb2,exposure (L2b): 2D calibrated exposure average over integrations,S,mast:JWST/product/jw05893006004_02101_00002_nrcb2_cal.fits,SCIENCE,,CAL,,CALJWST,2.0.0,5893,jw05893006004_02101_00002_nrcb2_cal.fits,117573120,263954198,PUBLIC,2,F200W
263332388,JWST,image,jw05893006004_02101_00005_nrcb3,exposure (L2b): 2D calibrated exposure average over integrations,S,mast:JWST/product/jw05893006004_02101_00005_nrcb3_cal.fits,SCIENCE,,CAL,,CALJWST,2.0.0,5893,jw05893006004_02101_00005_nrcb3_cal.fits,117573120,263954198,PUBLIC,2,F200W
263332389,JWST,image,jw05893006004_02101_00004_nrcb2,exposure (L2b): 2D calibrated exposure average over integrations,S,mast:JWST/product/jw05893006004_02101_00004_nrcb2_cal.fits,SCIENCE,,CAL,,CALJWST,2.0.0,5893,jw05893006004_02101_00004_nrcb2_cal.fits,117573120,263954198,PUBLIC,2,F200W
263332390,JWST,image,jw05893006004_02101_00005_nrcb1,exposure (L2b): 2D calibrated exposure average over integrations,S,mast:JWST/product/jw05893006004_02101_00005_nrcb1_cal.fits,SCIENCE,,CAL,,CALJWST,2.0.0,5893,jw05893006004_02101_00005_nrcb1_cal.fits,117573120,263954198,PUBLIC,2,F200W
263332391,JWST,image,jw05893006004_02101_00004_nrca2,exposure (L2b): 2D calibrated exposure average over integrations,S,mast:JWST/product/jw05893006004_02101_00004_nrca2_cal.fits,SCIENCE,,CAL,,CALJWST,2.0.0,5893,jw05893006004_02101_00004_nrca2_cal.fits,117570240,263954198,PUBLIC,2,F200W
263332392,JWST,image,jw05893006004_02101_00004_nrca3,exposure (L2b): 2D calibrated exposure average over integrations,S,mast:JWST/product/jw05893006004_02101_00004_nrca3_cal.fits,SCIENCE,,CAL,,CALJWST,2.0.0,5893,jw05893006004_02101_00004_nrca3_cal.fits,117573120,263954198,PUBLIC,2,F200W
263332394,JWST,image,jw05893006004_02101_00005_nrca3,exposure (L2b): 2D calibrated exposure average over integrations,S,mast:JWST/product/jw05893006004_02101_00005_nrca3_cal.fits,SCIENCE,,CAL,,CALJWST,2.0.0,5893,jw05893006004_02101_00005_nrca3_cal.fits,117573120,263954198,PUBLIC,2,F200W
263332396,JWST,image,jw05893006004_02101_00002_nrcb3,exposure (L2b): 2D calibrated exposure average over integrations,S,mast:JWST/product/jw05893006004_02101_00002_nrcb3_cal.fits,SCIENCE,,CAL,,CALJWST,2.0.0,5893,jw05893006004_02101_00002_nrcb3_cal.fits,117573120,263954198,PUBLIC,2,F200W
263332397,JWST,image,jw05893006004_02101_00003_nrcb1,exposure (L2b): 2D calibrated exposure average over integrations,S,mast:JWST/product/jw05893006004_02101_00003_nrcb1_cal.fits,SCIENCE,,CAL,,CALJWST,2.0.0,5893,jw05893006004_02101_00003_nrcb1_cal.fits,117573120,263954198,PUBLIC,2,F200W
263332399,JWST,image,jw05893006004_02101_00003_nrcb2,exposure (L2b): 2D calibrated exposure average over integrations,S,mast:JWST/product/jw05893006004_02101_00003_nrcb2_cal.fits,SCIENCE,,CAL,,CALJWST,2.0.0,5893,jw05893006004_02101_00003_nrcb2_cal.fits,117573120,263954198,PUBLIC,2,F200W
263332400,JWST,image,jw05893006004_02101_00004_nrcb4,exposure (L2b): 2D calibrated exposure average over integrations,S,mast:JWST/product/jw05893006004_02101_00004_nrcb4_cal.fits,SCIENCE,,CAL,,CALJWST,2.0.0,5893,jw05893006004_02101_00004_nrcb4_cal.fits,117573120,263954198,PUBLIC,2,F200W
263332402,JWST,image,jw05893006004_02101_00004_nrca4,exposure (L2b): 2D calibrated exposure average over integrations,S,mast:JWST/product/jw05893006004_02101_00004_nrca4_cal.fits,SCIENCE,,CAL,,CALJWST,2.0.0,5893,jw05893006004_02101_00004_nrca4_cal.fits,117573120,263954198,PUBLIC,2,F200W
263332403,JWST,image,jw05893006004_02101_00005_nrcb4,exposure (L2b): 2D calibrated exposure average over integrations,S,mast:JWST/product/jw05893006004_02101_00005_nrcb4_cal.fits,SCIENCE,,CAL,,CALJWST,2.0.0,5893,jw05893006004_02101_00005_nrcb4_cal.fits,117573120,263954198,PUBLIC,2,F200W
263332404,JWST,image,jw05893006004_02101_00002_nrcb1,exposure (L2b): 2D calibrated exposure average over integrations,S,mast:JWST/product/jw05893006004_02101_00002_nrcb1_cal.fits,SCIENCE,,CAL,,CALJWST,2.0.0,5893,jw05893006004_02101_00002_nrcb1_cal.fits,117573120,263954198,PUBLIC,2,F200W
263332406,JWST,image,jw05893006004_02101_00003_nrcb4,exposure (L2b): 2D calibrated exposure average over integrations,S,mast:JWST/product/jw05893006004_02101_00003_nrcb4_cal.fits,SCIENCE,,CAL,,CALJWST,2.0.0,5893,jw05893006004_02101_00003_nrcb4_cal.fits,117573120,263954198,PUBLIC,2,F200W
263332407,JWST,image,jw05893006004_02101_00002_nrca3,exposure (L2b): 2D calibrated exposure average over integrations,S,mast:JWST/product/jw05893006004_02101_00002_nrca3_cal.fits,SCIENCE,,CAL,,CALJWST,2.0.0,5893,jw05893006004_02101_00002_nrca3_cal.fits,117573120,263954198,PUBLIC,2,F200W
263332408,JWST,image,jw05893006004_02101_00003_nrcb3,exposure (L2b): 2D calibrated exposure average over integrations,S,mast:JWST/product/jw05893006004_02101_00003_nrcb3_cal.fits,SCIENCE,,CAL,,CALJWST,2.0.0,5893,jw05893006004_02101_00003_nrcb3_cal.fits,117573120,263954198,PUBLIC,2,F200W
263332409,JWST,image,jw05893006004_02101_00003_nrca3,exposure (L2b): 2D calibrated exposure average over integrations,S,mast:JWST/product/jw05893006004_02101_00003_nrca3_cal.fits,SCIENCE,,CAL,,CALJWST,2.0.0,5893,jw05893006004_02101_00003_nrca3_cal.fits,117573120,263954198,PUBLIC,2,F200W
263332410,JWST,image,jw05893006004_02101_00004_nrca1,exposure (L2b): 2D calibrated exposure average over integrations,S,mast:JWST/product/jw05893006004_02101_00004_nrca1_cal.fits,SCIENCE,,CAL,,CALJWST,2.0.0,5893,jw05893006004_02101_00004_nrca1_cal.fits,117570240,263954198,PUBLIC,2,F200W
263332411,JWST,image,jw05893006004_02101_00005_nrca4,exposure (L2b): 2D calibrated exposure average over integrations,S,mast:JWST/product/jw05893006004_02101_00005_nrca4_cal.fits,SCIENCE,,CAL,,CALJWST,2.0.0,5893,jw05893006004_02101_00005_nrca4_cal.fits,117573120,263954198,PUBLIC,2,F200W
263332412,JWST,image,jw05893006004_02101_00005_nrcb2,exposure (L2b): 2D calibrated exposure average over integrations,S,mast:JWST/product/jw05893006004_02101_00005_nrcb2_cal.fits,SCIENCE,,CAL,,CALJWST,2.0.0,5893,jw05893006004_02101_00005_nrcb2_cal.fits,117573120,263954198,PUBLIC,2,F200W
263332413,JWST,image,jw05893006004_02101_00004_nrcb3,exposure (L2b): 2D calibrated exposure average over integrations,S,mast:JWST/product/jw05893006004_02101_00004_nrcb3_cal.fits,SCIENCE,,CAL,,CALJWST,2.0.0,5893,jw05893006004_02101_00004_nrcb3_cal.fits,117573120,263954198,PUBLIC,2,F200W
263332414,JWST,image,jw05893006004_02101_00005_nrca2,exposure (L2b): 2D calibrated exposure average over integrations,S,mast:JWST/product/jw05893006004_02101_00005_nrca2_cal.fits,SCIENCE,,CAL,,CALJWST,2.0.0,5893,jw05893006004_02101_00005_nrca2_cal.fits,117570240,263954198,PUBLIC,2,F200W
263332415,JWST,image,jw05893006004_02101_00002_nrca1,exposure (L2b): 2D calibrated exposure average over integrations,S,mast:JWST/product/jw05893006004_02101_00002_nrca1_cal.fits,SCIENCE,,CAL,,CALJWST,2.0.0,5893,jw05893006004_02101_00002_nrca1_cal.fits,117570240,263954198,PUBLIC,2,F200W
263332416,JWST,image,jw05893006004_02101_00003_nrca1,exposure (L2b): 2D calibrated exposure average over integrations,S,mast:JWST/product/jw05893006004_02101_00003_nrca1_cal.fits,SCIENCE,,CAL,,CALJWST,2.0.0,5893,jw05893006004_02101_00003_nrca1_cal.fits,117570240,263954198,PUBLIC,2,F200W
263332419,JWST,image,jw05893006004_02101_00004_nrcb1,exposure (L2b): 2D calibrated exposure average over integrations,S,mast:JWST/product/jw05893006004_02101_00004_nrcb1_cal.fits,SCIENCE,,CAL,,CALJWST,2.0.0,5893,jw05893006004_02101_00004_nrcb1_cal.fits,117573120,263954198,PUBLIC,2,F200W
263332420,JWST,image,jw05893006004_02101_00003_nrca2,exposure (L2b): 2D calibrated exposure average over integrations,S,mast:JWST/product/jw05893006004_02101_00003_nrca2_cal.fits,SCIENCE,,CAL,,CALJWST,2.0.0,5893,jw05893006004_02101_00003_nrca2_cal.fits,117570240,263954198,PUBLIC,2,F200W
263344908,JWST,image,jw05893006004_02101_00006_nrcb2,exposure (L2b): 2D calibrated exposure average over integrations,S,mast:JWST/product/jw05893006004_02101_00006_nrcb2_cal.fits,SCIENCE,,CAL,,CALJWST,2.0.0,5893,jw05893006004_02101_00006_nrcb2_cal.fits,117573120,263954198,PUBLIC,2,F200W
263344981,JWST,image,jw05893006004_02101_00006_nrcb4,exposure (L2b): 2D calibrated exposure average over integrations,S,mast:JWST/product/jw05893006004_02101_00006_nrcb4_cal.fits,SCIENCE,,CAL,,CALJWST,2.0.0,5893,jw05893006004_02101_00006_nrcb4_cal.fits,117573120,263954198,PUBLIC,2,F200W
263345254,JWST,image,jw05893006004_02101_00005_nrca1,exposure (L2b): 2D calibrated exposure average over integrations,S,mast:JWST/product/jw05893006004_02101_00005_nrca1_cal.fits,SCIENCE,,CAL,,CALJWST,2.0.0,5893,jw05893006004_02101_00005_nrca1_cal.fits,117570240,263954198,PUBLIC,2,F200W
263345554,JWST,image,jw05893006004_02101_00006_nrcb1,exposure (L2b): 2D calibrated exposure average over integrations,S,mast:JWST/product/jw05893006004_02101_00006_nrcb1_cal.fits,SCIENCE,,CAL,,CALJWST,2.0.0,5893,jw05893006004_02101_00006_nrcb1_cal.fits,117573120,263954198,PUBLIC,2,F200W
263345619,JWST,image,jw05893006004_02101_00006_nrcb3,exposure (L2b): 2D calibrated exposure average over integrations,S,mast:JWST/product/jw05893006004_02101_00006_nrcb3_cal.fits,SCIENCE,,CAL,,CALJWST,2.0.0,5893,jw05893006004_02101_00006_nrcb3_cal.fits,117573120,263954198,PUBLIC,2,F200W
263346156,JWST,image,jw05893006004_02101_00006_nrca4,exposure (L2b): 2D calibrated exposure average over integrations,S,mast:JWST/product/jw05893006004_02101_00006_nrca4_cal.fits,SCIENCE,,CAL,,CALJWST,2.0.0,5893,jw05893006004_02101_00006_nrca4_cal.fits,117573120,263954198,PUBLIC,2,F200W
263346346,JWST,image,jw05893006004_02101_00006_nrca1,exposure (L2b): 2D calibrated exposure average over integrations,S,mast:JWST/product/jw05893006004_02101_00006_nrca1_cal.fits,SCIENCE,,CAL,,CALJWST,2.0.0,5893,jw05893006004_02101_00006_nrca1_cal.fits,117570240,263954198,PUBLIC,2,F200W
263346909,JWST,image,jw05893006004_02101_00006_nrca3,exposure (L2b): 2D calibrated exposure average over integrations,S,mast:JWST/product/jw05893006004_02101_00006_nrca3_cal.fits,SCIENCE,,CAL,,CALJWST,2.0.0,5893,jw05893006004_02101_00006_nrca3_cal.fits,117573120,263954198,PUBLIC,2,F200W
263347155,JWST,image,jw05893006004_02101_00006_nrca2,exposure (L2b): 2D calibrated exposure average over integrations,S,mast:JWST/product/jw05893006004_02101_00006_nrca2_cal.fits,SCIENCE,,CAL,,CALJWST,2.0.0,5893,jw05893006004_02101_00006_nrca2_cal.fits,117570240,263954198,PUBLIC,2,F200W
263355911,JWST,image,jw05893006005_02101_00001_nrca2,exposure (L2b): 2D calibrated exposure average over integrations,S,mast:JWST/product/jw05893006005_02101_00001_nrca2_cal.fits,SCIENCE,,CAL,,CALJWST,2.0.0,5893,jw05893006005_02101_00001_nrca2_cal.fits,117570240,263954198,PUBLIC,2,F200W
263355912,JWST,image,jw05893006005_02101_00001_nrcb2,exposure (L2b): 2D calibrated exposure average over integrations,S,mast:JWST/product/jw05893006005_02101_00001_nrcb2_cal.fits,SCIENCE,,CAL,,CALJWST,2.0.0,5893,jw05893006005_02101_00001_nrcb2_cal.fits,117573120,263954198,PUBLIC,2,F200W
263355913,JWST,image,jw05893006005_02101_00001_nrcb3,exposure (L2b): 2D calibrated exposure average over integrations,S,mast:JWST/product/jw05893006005_02101_00001_nrcb3_cal.fits,SCIENCE,,CAL,,CALJWST,2.0.0,5893,jw05893006005_02101_00001_nrcb3_cal.fits,117573120,263954198,PUBLIC,2,F200W
263355914,JWST,image,jw05893006005_02101_00001_nrca4,exposure (L2b): 2D calibrated exposure average over integrations,S,mast:JWST/product/jw05893006005_02101_00001_nrca4_cal.fits,SCIENCE,,CAL,,CALJWST,2.0.0,5893,jw05893006005_02101_00001_nrca4_cal.fits,117573120,263954198,PUBLIC,2,F200W
263355915,JWST,image,jw05893006005_02101_00001_nrcb1,exposure (L2b): 2D calibrated exposure average over integrations,S,mast:JWST/product/jw05893006005_02101_00001_nrcb1_cal.fits,SCIENCE,,CAL,,CALJWST,2.0.0,5893,jw05893006005_02101_00001_nrcb1_cal.fits,117573120,263954198,PUBLIC,2,F200W
263355916,JWST,image,jw05893006005_02101_00001_nrca3,exposure (L2b): 2D calibrated exposure average over integrations,S,mast:JWST/product/jw05893006005_02101_00001_nrca3_cal.fits,SCIENCE,,CAL,,CALJWST,2.0.0,5893,jw05893006005_02101_00001_nrca3_cal.fits,117573120,263954198,PUBLIC,2,F200W
263355917,JWST,image,jw05893006005_02101_00001_nrcb4,exposure (L2b): 2D calibrated exposure average over integrations,S,mast:JWST/product/jw05893006005_02101_00001_nrcb4_cal.fits,SCIENCE,,CAL,,CALJWST,2.0.0,5893,jw05893006005_02101_00001_nrcb4_cal.fits,117573120,263954198,PUBLIC,2,F200W
263355918,JWST,image,jw05893006005_02101_00001_nrca1,exposure (L2b): 2D calibrated exposure average over integrations,S,mast:JWST/product/jw05893006005_02101_00001_nrca1_cal.fits,SCIENCE,,CAL,,CALJWST,2.0.0,5893,jw05893006005_02101_00001_nrca1_cal.fits,117570240,263954198,PUBLIC,2,F200W
263355936,JWST,image,jw05893006005_02101_00002_nrcb1,exposure (L2b): 2D calibrated exposure average over integrations,S,mast:JWST/product/jw05893006005_02101_00002_nrcb1_cal.fits,SCIENCE,,CAL,,CALJWST,2.0.0,5893,jw05893006005_02101_00002_nrcb1_cal.fits,117573120,263954198,PUBLIC,2,F200W
263355938,JWST,image,jw05893006005_02101_00002_nrcb3,exposure (L2b): 2D calibrated exposure average over integrations,S,mast:JWST/product/jw05893006005_02101_00002_nrcb3_cal.fits,SCIENCE,,CAL,,CALJWST,2.0.0,5893,jw05893006005_02101_00002_nrcb3_cal.fits,117573120,263954198,PUBLIC,2,F200W
263355939,JWST,image,jw05893006005_02101_00002_nrca4,exposure (L2b): 2D calibrated exposure average over integrations,S,mast:JWST/product/jw05893006005_02101_00002_nrca4_cal.fits,SCIENCE,,CAL,,CALJWST,2.0.0,5893,jw05893006005_02101_00002_nrca4_cal.fits,117573120,263954198,PUBLIC,2,F200W
263355940,JWST,image,jw05893006005_02101_00002_nrcb2,exposure (L2b): 2D calibrated exposure average over integrations,S,mast:JWST/product/jw05893006005_02101_00002_nrcb2_cal.fits,SCIENCE,,CAL,,CALJWST,2.0.0,5893,jw05893006005_02101_00002_nrcb2_cal.fits,117573120,263954198,PUBLIC,2,F200W
263355941,JWST,image,jw05893006005_02101_00002_nrcb4,exposure (L2b): 2D calibrated exposure average over integrations,S,mast:JWST/product/jw05893006005_02101_00002_nrcb4_cal.fits,SCIENCE,,CAL,,CALJWST,2.0.0,5893,jw05893006005_02101_00002_nrcb4_cal.fits,117573120,263954198,PUBLIC,2,F200W
263355942,JWST,image,jw05893006005_02101_00002_nrca3,exposure (L2b): 2D calibrated exposure average over integrations,S,mast:JWST/product/jw05893006005_02101_00002_nrca3_cal.fits,SCIENCE,,CAL,,CALJWST,2.0.0,5893,jw05893006005_02101_00002_nrca3_cal.fits,117573120,263954198,PUBLIC,2,F200W
263355943,JWST,image,jw05893006005_02101_00002_nrca2,exposure (L2b): 2D calibrated exposure average over integrations,S,mast:JWST/product/jw05893006005_02101_00002_nrca2_cal.fits,SCIENCE,,CAL,,CALJWST,2.0.0,5893,jw05893006005_02101_00002_nrca2_cal.fits,117570240,263954198,PUBLIC,2,F200W
263355944,JWST,image,jw05893006005_02101_00002_nrca1,exposure (L2b): 2D calibrated exposure average over integrations,S,mast:JWST/product/jw05893006005_02101_00002_nrca1_cal.fits,SCIENCE,,CAL,,CALJWST,2.0.0,5893,jw05893006005_02101_00002_nrca1_cal.fits,117570240,263954198,PUBLIC,2,F200W
263355946,JWST,image,jw05893006005_02101_00003_nrca2,exposure (L2b): 2D calibrated exposure average over integrations,S,mast:JWST/product/jw05893006005_02101_00003_nrca2_cal.fits,SCIENCE,,CAL,,CALJWST,2.0.0,5893,jw05893006005_02101_00003_nrca2_cal.fits,117570240,263954198,PUBLIC,2,F200W
263393607,JWST,image,jw05893006005_02101_00003_nrca4,exposure (L2b): 2D calibrated exposure average over integrations,S,mast:JWST/product/jw05893006005_02101_00003_nrca4_cal.fits,SCIENCE,,CAL,,CALJWST,2.0.0,5893,jw05893006005_02101_00003_nrca4_cal.fits,117573120,263954198,PUBLIC,2,F200W
263393648,JWST,image,jw05893006005_02101_00004_nrca4,exposure (L2b): 2D calibrated exposure average over integrations,S,mast:JWST/product/jw05893006005_02101_00004_nrca4_cal.fits,SCIENCE,,CAL,,CALJWST,2.0.0,5893,jw05893006005_02101_00004_nrca4_cal.fits,117573120,263954198,PUBLIC,2,F200W
263393679,JWST,image,jw05893006005_02101_00006_nrcb2,exposure (L2b): 2D calibrated exposure average over integrations,S,mast:JWST/product/jw05893006005_02101_00006_nrcb2_cal.fits,SCIENCE,,CAL,,CALJWST,2.0.0,5893,jw05893006005_02101_00006_nrcb2_cal.fits,117573120,263954198,PUBLIC,2,F200W
263393702,JWST,image,jw05893006005_02101_00003_nrca3,exposure (L2b): 2D calibrated exposure average over integrations,S,mast:JWST/product/jw05893006005_02101_00003_nrca3_cal.fits,SCIENCE,,CAL,,CALJWST,2.0.0,5893,jw05893006005_02101_00003_nrca3_cal.fits,117573120,263954198,PUBLIC,2,F200W
263393704,JWST,image,jw05893006005_02101_00006_nrcb1,exposure (L2b): 2D calibrated exposure average over integrations,S,mast:JWST/product/jw05893006005_02101_00006_nrcb1_cal.fits,SCIENCE,,CAL,,CALJWST,2.0.0,5893,jw05893006005_02101_00006_nrcb1_cal.fits,117573120,263954198,PUBLIC,2,F200W
263393738,JWST,image,jw05893006005_02101_00005_nrcb4,exposure (L2b): 2D calibrated exposure average over integrations,S,mast:JWST/product/jw05893006005_02101_00005_nrcb4_cal.fits,SCIENCE,,CAL,,CALJWST,2.0.0,5893,jw05893006005_02101_00005_nrcb4_cal.fits,117573120,263954198,PUBLIC,2,F200W
263393774,JWST,image,jw05893006005_02101_00005_nrca1,exposure (L2b): 2D calibrated exposure average over integrations,S,mast:JWST/product/jw05893006005_02101_00005_nrca1_cal.fits,SCIENCE,,CAL,,CALJWST,2.0.0,5893,jw05893006005_02101_00005_nrca1_cal.fits,117570240,263954198,PUBLIC,2,F200W
263393884,JWST,image,jw05893006005_02101_00004_nrcb2,exposure (L2b): 2D calibrated exposure average over integrations,S,mast:JWST/product/jw05893006005_02101_00004_nrcb2_cal.fits,SCIENCE,,CAL,,CALJWST,2.0.0,5893,jw05893006005_02101_00004_nrcb2_cal.fits,117573120,263954198,PUBLIC,2,F200W
263393913,JWST,image,jw05893006005_02101_00005_nrcb3,exposure (L2b): 2D calibrated exposure average over integrations,S,mast:JWST/product/jw05893006005_02101_00005_nrcb3_cal.fits,SCIENCE,,CAL,,CALJWST,2.0.0,5893,jw05893006005_02101_00005_nrcb3_cal.fits,117573120,263954198,PUBLIC,2,F200W
263393938,JWST,image,jw05893006005_02101_00003_nrca1,exposure (L2b): 2D calibrated exposure average over integrations,S,mast:JWST/product/jw05893006005_02101_00003_nrca1_cal.fits,SCIENCE,,CAL,,CALJWST,2.0.0,5893,jw05893006005_02101_00003_nrca1_cal.fits,117570240,263954198,PUBLIC,2,F200W
263393948,JWST,image,jw05893006005_02101_00004_nrca1,exposure (L2b): 2D calibrated exposure average over integrations,S,mast:JWST/product/jw05893006005_02101_00004_nrca1_cal.fits,SCIENCE,,CAL,,CALJWST,2.0.0,5893,jw05893006005_02101_00004_nrca1_cal.fits,117570240,263954198,PUBLIC,2,F200W
263394159,JWST,image,jw05893006005_02101_00003_nrcb2,exposure (L2b): 2D calibrated exposure average over integrations,S,mast:JWST/product/jw05893006005_02101_00003_nrcb2_cal.fits,SCIENCE,,CAL,,CALJWST,2.0.0,5893,jw05893006005_02101_00003_nrcb2_cal.fits,117573120,263954198,PUBLIC,2,F200W
263394220,JWST,image,jw05893006005_02101_00006_nrca2,exposure (L2b): 2D calibrated exposure average over integrations,S,mast:JWST/product/jw05893006005_02101_00006_nrca2_cal.fits,SCIENCE,,CAL,,CALJWST,2.0.0,5893,jw05893006005_02101_00006_nrca2_cal.fits,117570240,263954198,PUBLIC,2,F200W
263394247,JWST,image,jw05893006005_02101_00006_nrcb3,exposure (L2b): 2D calibrated exposure average over integrations,S,mast:JWST/product/jw05893006005_02101_00006_nrcb3_cal.fits,SCIENCE,,CAL,,CALJWST,2.0.0,5893,jw05893006005_02101_00006_nrcb3_cal.fits,117573120,263954198,PUBLIC,2,F200W
263394271,JWST,image,jw05893006005_02101_00005_nrca2,exposure (L2b): 2D calibrated exposure average over integrations,S,mast:JWST/product/jw05893006005_02101_00005_nrca2_cal.fits,SCIENCE,,CAL,,CALJWST,2.0.0,5893,jw05893006005_02101_00005_nrca2_cal.fits,117570240,263954198,PUBLIC,2,F200W
263394281,JWST,image,jw05893006005_02101_00004_nrcb3,exposure (L2b): 2D calibrated exposure average over integrations,S,mast:JWST/product/jw05893006005_02101_00004_nrcb3_cal.fits,SCIENCE,,CAL,,CALJWST,2.0.0,5893,jw05893006005_02101_00004_nrcb3_cal.fits,117573120,263954198,PUBLIC,2,F200W
263394299,JWST,image,jw05893006005_02101_00005_nrca3,exposure (L2b): 2D calibrated exposure average over integrations,S,mast:JWST/product/jw05893006005_02101_00005_nrca3_cal.fits,SCIENCE,,CAL,,CALJWST,2.0.0,5893,jw05893006005_02101_00005_nrca3_cal.fits,117573120,263954198,PUBLIC,2,F200W
263394321,JWST,image,jw05893006005_02101_00005_nrcb2,exposure (L2b): 2D calibrated exposure average over integrations,S,mast:JWST/product/jw05893006005_02101_00005_nrcb2_cal.fits,SCIENCE,,CAL,,CALJWST,2.0.0,5893,jw05893006005_02101_00005_nrcb2_cal.fits,117573120,263954198,PUBLIC,2,F200W
263394385,JWST,image,jw05893006005_02101_00003_nrcb4,exposure (L2b): 2D calibrated exposure average over integrations,S,mast:JWST/product/jw05893006005_02101_00003_nrcb4_cal.fits,SCIENCE,,CAL,,CALJWST,2.0.0,5893,jw05893006005_02101_00003_nrcb4_cal.fits,117573120,263954198,PUBLIC,2,F200W
263394412,JWST,image,jw05893006005_02101_00003_nrcb1,exposure (L2b): 2D calibrated exposure average over integrations,S,mast:JWST/product/jw05893006005_02101_00003_nrcb1_cal.fits,SCIENCE,,CAL,,CALJWST,2.0.0,5893,jw05893006005_02101_00003_nrcb1_cal.fits,117573120,263954198,PUBLIC,2,F200W
263394440,JWST,image,jw05893006005_02101_00006_nrca4,exposure (L2b): 2D calibrated exposure average over integrations,S,mast:JWST/product/jw05893006005_02101_00006_nrca4_cal.fits,SCIENCE,,CAL,,CALJWST,2.0.0,5893,jw05893006005_02101_00006_nrca4_cal.fits,117573120,263954198,PUBLIC,2,F200W
263394472,JWST,image,jw05893006005_02101_00004_nrca2,exposure (L2b): 2D calibrated exposure average over integrations,S,mast:JWST/product/jw05893006005_02101_00004_nrca2_cal.fits,SCIENCE,,CAL,,CALJWST,2.0.0,5893,jw05893006005_02101_00004_nrca2_cal.fits,117570240,263954198,PUBLIC,2,F200W
263394601,JWST,image,jw05893006005_02101_00003_nrcb3,exposure (L2b): 2D calibrated exposure average over integrations,S,mast:JWST/product/jw05893006005_02101_00003_nrcb3_cal.fits,SCIENCE,,CAL,,CALJWST,2.0.0,5893,jw05893006005_02101_00003_nrcb3_cal.fits,117573120,263954198,PUBLIC,2,F200W
263394630,JWST,image,jw05893006005_02101_00005_nrcb1,exposure (L2b): 2D calibrated exposure average over integrations,S,mast:JWST/product/jw05893006005_02101_00005_nrcb1_cal.fits,SCIENCE,,CAL,,CALJWST,2.0.0,5893,jw05893006005_02101_00005_nrcb1_cal.fits,117573120,263954198,PUBLIC,2,F200W
263394721,JWST,image,jw05893006005_02101_00005_nrca4,exposure (L2b): 2D calibrated exposure average over integrations,S,mast:JWST/product/jw05893006005_02101_00005_nrca4_cal.fits,SCIENCE,,CAL,,CALJWST,2.0.0,5893,jw05893006005_02101_00005_nrca4_cal.fits,117573120,263954198,PUBLIC,2,F200W
263394785,JWST,image,jw05893006005_02101_00006_nrca3,exposure (L2b): 2D calibrated exposure average over integrations,S,mast:JWST/product/jw05893006005_02101_00006_nrca3_cal.fits,SCIENCE,,CAL,,CALJWST,2.0.0,5893,jw05893006005_02101_00006_nrca3_cal.fits,117573120,263954198,PUBLIC,2,F200W
263394959,JWST,image,jw05893006005_02101_00004_nrcb1,exposure (L2b): 2D calibrated exposure average over integrations,S,mast:JWST/product/jw05893006005_02101_00004_nrcb1_cal.fits,SCIENCE,,CAL,,CALJWST,2.0.0,5893,jw05893006005_02101_00004_nrcb1_cal.fits,117573120,263954198,PUBLIC,2,F200W
263394987,JWST,image,jw05893006005_02101_00004_nrca3,exposure (L2b): 2D calibrated exposure average over integrations,S,mast:JWST/product/jw05893006005_02101_00004_nrca3_cal.fits,SCIENCE,,CAL,,CALJWST,2.0.0,5893,jw05893006005_02101_00004_nrca3_cal.fits,117573120,263954198,PUBLIC,2,F200W
263395052,JWST,image,jw05893006005_02101_00004_nrcb4,exposure (L2b): 2D calibrated exposure average over integrations,S,mast:JWST/product/jw05893006005_02101_00004_nrcb4_cal.fits,SCIENCE,,CAL,,CALJWST,2.0.0,5893,jw05893006005_02101_00004_nrcb4_cal.fits,117573120,263954198,PUBLIC,2,F200W
263395119,JWST,image,jw05893006005_02101_00006_nrca1,exposure (L2b): 2D calibrated exposure average over integrations,S,mast:JWST/product/jw05893006005_02101_00006_nrca1_cal.fits,SCIENCE,,CAL,,CALJWST,2.0.0,5893,jw05893006005_02101_00006_nrca1_cal.fits,117570240,263954198,PUBLIC,2,F200W
263395132,JWST,image,jw05893006005_02101_00006_nrcb4,exposure (L2b): 2D calibrated exposure average over integrations,S,mast:JWST/product/jw05893006005_02101_00006_nrcb4_cal.fits,SCIENCE,,CAL,,CALJWST,2.0.0,5893,jw05893006005_02101_00006_nrcb4_cal.fits,117573120,263954198,PUBLIC,2,F200W
263431174,JWST,image,jw05893006006_02101_00001_nrca4,exposure (L2b): 2D calibrated exposure average over integrations,S,mast:JWST/product/jw05893006006_02101_00001_nrca4_cal.fits,SCIENCE,,CAL,,CALJWST,2.0.0,5893,jw05893006006_02101_00001_nrca4_cal.fits,117573120,263954198,PUBLIC,2,F200W
263431202,JWST,image,jw05893006006_02101_00001_nrca1,exposure (L2b): 2D calibrated exposure average over integrations,S,mast:JWST/product/jw05893006006_02101_00001_nrca1_cal.fits,SCIENCE,,CAL,,CALJWST,2.0.0,5893,jw05893006006_02101_00001_nrca1_cal.fits,117570240,263954198,PUBLIC,2,F200W
263431218,JWST,image,jw05893006006_02101_00001_nrcb3,exposure (L2b): 2D calibrated exposure average over integrations,S,mast:JWST/product/jw05893006006_02101_00001_nrcb3_cal.fits,SCIENCE,,CAL,,CALJWST,2.0.0,5893,jw05893006006_02101_00001_nrcb3_cal.fits,117573120,263954198,PUBLIC,2,F200W
263458716,JWST,image,jw05893006006_02101_00002_nrcb3,exposure (L2b): 2D calibrated exposure average over integrations,S,mast:JWST/product/jw05893006006_02101_00002_nrcb3_cal.fits,SCIENCE,,CAL,,CALJWST,2.0.0,5893,jw05893006006_02101_00002_nrcb3_cal.fits,117573120,263954198,PUBLIC,2,F200W
263458718,JWST,image,jw05893006006_02101_00001_nrca2,exposure (L2b): 2D calibrated exposure average over integrations,S,mast:JWST/product/jw05893006006_02101_00001_nrca2_cal.fits,SCIENCE,,CAL,,CALJWST,2.0.0,5893,jw05893006006_02101_00001_nrca2_cal.fits,117570240,263954198,PUBLIC,2,F200W
263458724,JWST,image,jw05893006006_02101_00003_nrcb1,exposure (L2b): 2D calibrated exposure average over integrations,S,mast:JWST/product/jw05893006006_02101_00003_nrcb1_cal.fits,SCIENCE,,CAL,,CALJWST,2.0.0,5893,jw05893006006_02101_00003_nrcb1_cal.fits,117573120,263954198,PUBLIC,2,F200W
263458743,JWST,image,jw05893006006_02101_00002_nrca2,exposure (L2b): 2D calibrated exposure average over integrations,S,mast:JWST/product/jw05893006006_02101_00002_nrca2_cal.fits,SCIENCE,,CAL,,CALJWST,2.0.0,5893,jw05893006006_02101_00002_nrca2_cal.fits,117570240,263954198,PUBLIC,2,F200W
263458767,JWST,image,jw05893006006_02101_00001_nrcb1,exposure (L2b): 2D calibrated exposure average over integrations,S,mast:JWST/product/jw05893006006_02101_00001_nrcb1_cal.fits,SCIENCE,,CAL,,CALJWST,2.0.0,5893,jw05893006006_02101_00001_nrcb1_cal.fits,117573120,263954198,PUBLIC,2,F200W
263458815,JWST,image,jw05893006006_02101_00003_nrcb4,exposure (L2b): 2D calibrated exposure average over integrations,S,mast:JWST/product/jw05893006006_02101_00003_nrcb4_cal.fits,SCIENCE,,CAL,,CALJWST,2.0.0,5893,jw05893006006_02101_00003_nrcb4_cal.fits,117573120,263954198,PUBLIC,2,F200W
263458816,JWST,image,jw05893006006_02101_00004_nrcb2,exposure (L2b): 2D calibrated exposure average over integrations,S,mast:JWST/product/jw05893006006_02101_00004_nrcb2_cal.fits,SCIENCE,,CAL,,CALJWST,2.0.0,5893,jw05893006006_02101_00004_nrcb2_cal.fits,117573120,263954198,PUBLIC,2,F200W
263458820,JWST,image,jw05893006006_02101_00003_nrca4,exposure (L2b): 2D calibrated exposure average over integrations,S,mast:JWST/product/jw05893006006_02101_00003_nrca4_cal.fits,SCIENCE,,CAL,,CALJWST,2.0.0,5893,jw05893006006_02101_00003_nrca4_cal.fits,117573120,263954198,PUBLIC,2,F200W
263458856,JWST,image,jw05893006006_02101_00003_nrcb2,exposure (L2b): 2D calibrated exposure average over integrations,S,mast:JWST/product/jw05893006006_02101_00003_nrcb2_cal.fits,SCIENCE,,CAL,,CALJWST,2.0.0,5893,jw05893006006_02101_00003_nrcb2_cal.fits,117573120,263954198,PUBLIC,2,F200W
263458888,JWST,image,jw05893006006_02101_00004_nrca2,exposure (L2b): 2D calibrated exposure average over integrations,S,mast:JWST/product/jw05893006006_02101_00004_nrca2_cal.fits,SCIENCE,,CAL,,CALJWST,2.0.0,5893,jw05893006006_02101_00004_nrca2_cal.fits,117570240,263954198,PUBLIC,2,F200W
263458917,JWST,image,jw05893006006_02101_00003_nrca1,exposure (L2b): 2D calibrated exposure average over integrations,S,mast:JWST/product/jw05893006006_02101_00003_nrca1_cal.fits,SCIENCE,,CAL,,CALJWST,2.0.0,5893,jw05893006006_02101_00003_nrca1_cal.fits,117570240,263954198,PUBLIC,2,F200W
263458947,JWST,image,jw05893006006_02101_00001_nrcb4,exposure (L2b): 2D calibrated exposure average over integrations,S,mast:JWST/product/jw05893006006_02101_00001_nrcb4_cal.fits,SCIENCE,,CAL,,CALJWST,2.0.0,5893,jw05893006006_02101_00001_nrcb4_cal.fits,117573120,263954198,PUBLIC,2,F200W
263459004,JWST,image,jw05893006006_02101_00003_nrcb3,exposure (L2b): 2D calibrated exposure average over integrations,S,mast:JWST/product/jw05893006006_02101_00003_nrcb3_cal.fits,SCIENCE,,CAL,,CALJWST,2.0.0,5893,jw05893006006_02101_00003_nrcb3_cal.fits,117573120,263954198,PUBLIC,2,F200W
263459031,JWST,image,jw05893006006_02101_00003_nrca3,exposure (L2b): 2D calibrated exposure average over integrations,S,mast:JWST/product/jw05893006006_02101_00003_nrca3_cal.fits,SCIENCE,,CAL,,CALJWST,2.0.0,5893,jw05893006006_02101_00003_nrca3_cal.fits,117573120,263954198,PUBLIC,2,F200W
263459060,JWST,image,jw05893006006_02101_00004_nrca1,exposure (L2b): 2D calibrated exposure average over integrations,S,mast:JWST/product/jw05893006006_02101_00004_nrca1_cal.fits,SCIENCE,,CAL,,CALJWST,2.0.0,5893,jw05893006006_02101_00004_nrca1_cal.fits,117570240,263954198,PUBLIC,2,F200W
263459094,JWST,image,jw05893006006_02101_00001_nrcb2,exposure (L2b): 2D calibrated exposure average over integrations,S,mast:JWST/product/jw05893006006_02101_00001_nrcb2_cal.fits,SCIENCE,,CAL,,CALJWST,2.0.0,5893,jw05893006006_02101_00001_nrcb2_cal.fits,117573120,263954198,PUBLIC,2,F200W
263459122,JWST,image,jw05893006006_02101_00004_nrcb1,exposure (L2b): 2D calibrated exposure average over integrations,S,mast:JWST/product/jw05893006006_02101_00004_nrcb1_cal.fits,SCIENCE,,CAL,,CALJWST,2.0.0,5893,jw05893006006_02101_00004_nrcb1_cal.fits,117573120,263954198,PUBLIC,2,F200W
263459156,JWST,image,jw05893006006_02101_00004_nrcb4,exposure (L2b): 2D calibrated exposure average over integrations,S,mast:JWST/product/jw05893006006_02101_00004_nrcb4_cal.fits,SCIENCE,,CAL,,CALJWST,2.0.0,5893,jw05893006006_02101_00004_nrcb4_cal.fits,117573120,263954198,PUBLIC,2,F200W
263459158,JWST,image,jw05893006006_02101_00002_nrca4,exposure (L2b): 2D calibrated exposure average over integrations,S,mast:JWST/product/jw05893006006_02101_00002_nrca4_cal.fits,SCIENCE,,CAL,,CALJWST,2.0.0,5893,jw05893006006_02101_00002_nrca4_cal.fits,117573120,263954198,PUBLIC,2,F200W
263459162,JWST,image,jw05893006006_02101_00004_nrca3,exposure (L2b): 2D calibrated exposure average over integrations,S,mast:JWST/product/jw05893006006_02101_00004_nrca3_cal.fits,SCIENCE,,CAL,,CALJWST,2.0.0,5893,jw05893006006_02101_00004_nrca3_cal.fits,117573120,263954198,PUBLIC,2,F200W
263459167,JWST,image,jw05893006006_02101_00002_nrcb2,exposure (L2b): 2D calibrated exposure average over integrations,S,mast:JWST/product/jw05893006006_02101_00002_nrcb2_cal.fits,SCIENCE,,CAL,,CALJWST,2.0.0,5893,jw05893006006_02101_00002_nrcb2_cal.fits,117573120,263954198,PUBLIC,2,F200W
263459172,JWST,image,jw05893006006_02101_00001_nrca3,exposure (L2b): 2D calibrated exposure average over integrations,S,mast:JWST/product/jw05893006006_02101_00001_nrca3_cal.fits,SCIENCE,,CAL,,CALJWST,2.0.0,5893,jw05893006006_02101_00001_nrca3_cal.fits,117573120,263954198,PUBLIC,2,F200W
263459176,JWST,image,jw05893006006_02101_00004_nrcb3,exposure (L2b): 2D calibrated exposure average over integrations,S,mast:JWST/product/jw05893006006_02101_00004_nrcb3_cal.fits,SCIENCE,,CAL,,CALJWST,2.0.0,5893,jw05893006006_02101_00004_nrcb3_cal.fits,117573120,263954198,PUBLIC,2,F200W
263459203,JWST,image,jw05893006006_02101_00002_nrca1,exposure (L2b): 2D calibrated exposure average over integrations,S,mast:JWST/product/jw05893006006_02101_00002_nrca1_cal.fits,SCIENCE,,CAL,,CALJWST,2.0.0,5893,jw05893006006_02101_00002_nrca1_cal.fits,117570240,263954198,PUBLIC,2,F200W
263459230,JWST,image,jw05893006006_02101_00002_nrcb4,exposure (L2b): 2D calibrated exposure average over integrations,S,mast:JWST/product/jw05893006006_02101_00002_nrcb4_cal.fits,SCIENCE,,CAL,,CALJWST,2.0.0,5893,jw05893006006_02101_00002_nrcb4_cal.fits,117573120,263954198,PUBLIC,2,F200W
263459259,JWST,image,jw05893006006_02101_00003_nrca2,exposure (L2b): 2D calibrated exposure average over integrations,S,mast:JWST/product/jw05893006006_02101_00003_nrca2_cal.fits,SCIENCE,,CAL,,CALJWST,2.0.0,5893,jw05893006006_02101_00003_nrca2_cal.fits,117570240,263954198,PUBLIC,2,F200W
263459288,JWST,image,jw05893006006_02101_00002_nrca3,exposure (L2b): 2D calibrated exposure average over integrations,S,mast:JWST/product/jw05893006006_02101_00002_nrca3_cal.fits,SCIENCE,,CAL,,CALJWST,2.0.0,5893,jw05893006006_02101_00002_nrca3_cal.fits,117573120,263954198,PUBLIC,2,F200W
263459320,JWST,image,jw05893006006_02101_00002_nrcb1,exposure (L2b): 2D calibrated exposure average over integrations,S,mast:JWST/product/jw05893006006_02101_00002_nrcb1_cal.fits,SCIENCE,,CAL,,CALJWST,2.0.0,5893,jw05893006006_02101_00002_nrcb1_cal.fits,117573120,263954198,PUBLIC,2,F200W
263487176,JWST,image,jw05893006006_02101_00006_nrcb1,exposure (L2b): 2D calibrated exposure average over integrations,S,mast:JWST/product/jw05893006006_02101_00006_nrcb1_cal.fits,SCIENCE,,CAL,,CALJWST,2.0.0,5893,jw05893006006_02101_00006_nrcb1_cal.fits,117573120,263954198,PUBLIC,2,F200W
263487178,JWST,image,jw05893006006_02101_00005_nrca2,exposure (L2b): 2D calibrated exposure average over integrations,S,mast:JWST/product/jw05893006006_02101_00005_nrca2_cal.fits,SCIENCE,,CAL,,CALJWST,2.0.0,5893,jw05893006006_02101_00005_nrca2_cal.fits,117570240,263954198,PUBLIC,2,F200W
263487196,JWST,image,jw05893006006_02101_00004_nrca4,exposure (L2b): 2D calibrated exposure average over integrations,S,mast:JWST/product/jw05893006006_02101_00004_nrca4_cal.fits,SCIENCE,,CAL,,CALJWST,2.0.0,5893,jw05893006006_02101_00004_nrca4_cal.fits,117573120,263954198,PUBLIC,2,F200W
263487263,JWST,image,jw05893006006_02101_00005_nrca3,exposure (L2b): 2D calibrated exposure average over integrations,S,mast:JWST/product/jw05893006006_02101_00005_nrca3_cal.fits,SCIENCE,,CAL,,CALJWST,2.0.0,5893,jw05893006006_02101_00005_nrca3_cal.fits,117573120,263954198,PUBLIC,2,F200W
263487326,JWST,image,jw05893006006_02101_00006_nrcb4,exposure (L2b): 2D calibrated exposure average over integrations,S,mast:JWST/product/jw05893006006_02101_00006_nrcb4_cal.fits,SCIENCE,,CAL,,CALJWST,2.0.0,5893,jw05893006006_02101_00006_nrcb4_cal.fits,117573120,263954198,PUBLIC,2,F200W
263487373,JWST,image,jw05893006006_02101_00006_nrca3,exposure (L2b): 2D calibrated exposure average over integrations,S,mast:JWST/product/jw05893006006_02101_00006_nrca3_cal.fits,SCIENCE,,CAL,,CALJWST,2.0.0,5893,jw05893006006_02101_00006_nrca3_cal.fits,117573120,263954198,PUBLIC,2,F200W
263487399,JWST,image,jw05893006006_02101_00006_nrcb3,exposure (L2b): 2D calibrated exposure average over integrations,S,mast:JWST/product/jw05893006006_02101_00006_nrcb3_cal.fits,SCIENCE,,CAL,,CALJWST,2.0.0,5893,jw05893006006_02101_00006_nrcb3_cal.fits,117573120,263954198,PUBLIC,2,F200W
263487454,JWST,image,jw05893006006_02101_00005_nrcb2,exposure (L2b): 2D calibrated exposure average over integrations,S,mast:JWST/product/jw05893006006_02101_00005_nrcb2_cal.fits,SCIENCE,,CAL,,CALJWST,2.0.0,5893,jw05893006006_02101_00005_nrcb2_cal.fits,117573120,263954198,PUBLIC,2,F200W
263487467,JWST,image,jw05893006006_02101_00005_nrcb1,exposure (L2b): 2D calibrated exposure average over integrations,S,mast:JWST/product/jw05893006006_02101_00005_nrcb1_cal.fits,SCIENCE,,CAL,,CALJWST,2.0.0,5893,jw05893006006_02101_00005_nrcb1_cal.fits,117573120,263954198,PUBLIC,2,F200W
263487510,JWST,image,jw05893006006_02101_00006_nrcb2,exposure (L2b): 2D calibrated exposure average over integrations,S,mast:JWST/product/jw05893006006_02101_00006_nrcb2_cal.fits,SCIENCE,,CAL,,CALJWST,2.0.0,5893,jw05893006006_02101_00006_nrcb2_cal.fits,117573120,263954198,PUBLIC,2,F200W
263487512,JWST,image,jw05893006006_02101_00005_nrcb4,exposure (L2b): 2D calibrated exposure average over integrations,S,mast:JWST/product/jw05893006006_02101_00005_nrcb4_cal.fits,SCIENCE,,CAL,,CALJWST,2.0.0,5893,jw05893006006_02101_00005_nrcb4_cal.fits,117573120,263954198,PUBLIC,2,F200W
263487516,JWST,image,jw05893006006_02101_00005_nrca1,exposure (L2b): 2D calibrated exposure average over integrations,S,mast:JWST/product/jw05893006006_02101_00005_nrca1_cal.fits,SCIENCE,,CAL,,CALJWST,2.0.0,5893,jw05893006006_02101_00005_nrca1_cal.fits,117570240,263954198,PUBLIC,2,F200W
263487540,JWST,image,jw05893006006_02101_00006_nrca1,exposure (L2b): 2D calibrated exposure average over integrations,S,mast:JWST/product/jw05893006006_02101_00006_nrca1_cal.fits,SCIENCE,,CAL,,CALJWST,2.0.0,5893,jw05893006006_02101_00006_nrca1_cal.fits,117570240,263954198,PUBLIC,2,F200W
263487588,JWST,image,jw05893006006_02101_00005_nrca4,exposure (L2b): 2D calibrated exposure average over integrations,S,mast:JWST/product/jw05893006006_02101_00005_nrca4_cal.fits,SCIENCE,,CAL,,CALJWST,2.0.0,5893,jw05893006006_02101_00005_nrca4_cal.fits,117573120,263954198,PUBLIC,2,F200W
263487837,JWST,image,jw05893006006_02101_00005_nrcb3,exposure (L2b): 2D calibrated exposure average over integrations,S,mast:JWST/product/jw05893006006_02101_00005_nrcb3_cal.fits,SCIENCE,,CAL,,CALJWST,2.0.0,5893,jw05893006006_02101_00005_nrcb3_cal.fits,117573120,263954198,PUBLIC,2,F200W
263487960,JWST,image,jw05893006006_02101_00006_nrca2,exposure (L2b): 2D calibrated exposure average over integrations,S,mast:JWST/product/jw05893006006_02101_00006_nrca2_cal.fits,SCIENCE,,CAL,,CALJWST,2.0.0,5893,jw05893006006_02101_00006_nrca2_cal.fits,117570240,263954198,PUBLIC,2,F200W
263488084,JWST,image,jw05893006006_02101_00006_nrca4,exposure (L2b): 2D calibrated exposure average over integrations,S,mast:JWST/product/jw05893006006_02101_00006_nrca4_cal.fits,SCIENCE,,CAL,,CALJWST,2.0.0,5893,jw05893006006_02101_00006_nrca4_cal.fits,117573120,263954198,PUBLIC,2,F200W
263933908,JWST,image,jw05893006007_02101_00001_nrca4,exposure (L2b): 2D calibrated exposure average over integrations,S,mast:JWST/product/jw05893006007_02101_00001_nrca4_cal.fits,SCIENCE,,CAL,,CALJWST,2.0.0,5893,jw05893006007_02101_00001_nrca4_cal.fits,117573120,263954198,PUBLIC,2,F200W
263933951,JWST,image,jw05893006007_02101_00002_nrca3,exposure (L2b): 2D calibrated exposure average over integrations,S,mast:JWST/product/jw05893006007_02101_00002_nrca3_cal.fits,SCIENCE,,CAL,,CALJWST,2.0.0,5893,jw05893006007_02101_00002_nrca3_cal.fits,117573120,263954198,PUBLIC,2,F200W
263933991,JWST,image,jw05893006007_02101_00002_nrca4,exposure (L2b): 2D calibrated exposure average over integrations,S,mast:JWST/product/jw05893006007_02101_00002_nrca4_cal.fits,SCIENCE,,CAL,,CALJWST,2.0.0,5893,jw05893006007_02101_00002_nrca4_cal.fits,117573120,263954198,PUBLIC,2,F200W
263934026,JWST,image,jw05893006007_02101_00001_nrca1,exposure (L2b): 2D calibrated exposure average over integrations,S,mast:JWST/product/jw05893006007_02101_00001_nrca1_cal.fits,SCIENCE,,CAL,,CALJWST,2.0.0,5893,jw05893006007_02101_00001_nrca1_cal.fits,117570240,263954198,PUBLIC,2,F200W
263934079,JWST,image,jw05893006007_02101_00002_nrcb1,exposure (L2b): 2D calibrated exposure average over integrations,S,mast:JWST/product/jw05893006007_02101_00002_nrcb1_cal.fits,SCIENCE,,CAL,,CALJWST,2.0.0,5893,jw05893006007_02101_00002_nrcb1_cal.fits,117573120,263954198,PUBLIC,2,F200W
263934124,JWST,image,jw05893006007_02101_00001_nrcb2,exposure (L2b): 2D calibrated exposure average over integrations,S,mast:JWST/product/jw05893006007_02101_00001_nrcb2_cal.fits,SCIENCE,,CAL,,CALJWST,2.0.0,5893,jw05893006007_02101_00001_nrcb2_cal.fits,117573120,263954198,PUBLIC,2,F200W
263934177,JWST,image,jw05893006007_02101_00001_nrcb4,exposure (L2b): 2D calibrated exposure average over integrations,S,mast:JWST/product/jw05893006007_02101_00001_nrcb4_cal.fits,SCIENCE,,CAL,,CALJWST,2.0.0,5893,jw05893006007_02101_00001_nrcb4_cal.fits,117573120,263954198,PUBLIC,2,F200W
263934205,JWST,image,jw05893006007_02101_00001_nrca2,exposure (L2b): 2D calibrated exposure average over integrations,S,mast:JWST/product/jw05893006007_02101_00001_nrca2_cal.fits,SCIENCE,,CAL,,CALJWST,2.0.0,5893,jw05893006007_02101_00001_nrca2_cal.fits,117570240,263954198,PUBLIC,2,F200W
263934337,JWST,image,jw05893006007_02101_00002_nrcb4,exposure (L2b): 2D calibrated exposure average over integrations,S,mast:JWST/product/jw05893006007_02101_00002_nrcb4_cal.fits,SCIENCE,,CAL,,CALJWST,2.0.0,5893,jw05893006007_02101_00002_nrcb4_cal.fits,117573120,263954198,PUBLIC,2,F200W
263934423,JWST,image,jw05893006007_02101_00002_nrca2,exposure (L2b): 2D calibrated exposure average over integrations,S,mast:JWST/product/jw05893006007_02101_00002_nrca2_cal.fits,SCIENCE,,CAL,,CALJWST,2.0.0,5893,jw05893006007_02101_00002_nrca2_cal.fits,117570240,263954198,PUBLIC,2,F200W
263934448,JWST,image,jw05893006007_02101_00002_nrca1,exposure (L2b): 2D calibrated exposure average over integrations,S,mast:JWST/product/jw05893006007_02101_00002_nrca1_cal.fits,SCIENCE,,CAL,,CALJWST,2.0.0,5893,jw05893006007_02101_00002_nrca1_cal.fits,117570240,263954198,PUBLIC,2,F200W
263934466,JWST,image,jw05893006007_02101_00002_nrcb3,exposure (L2b): 2D calibrated exposure average over integrations,S,mast:JWST/product/jw05893006007_02101_00002_nrcb3_cal.fits,SCIENCE,,CAL,,CALJWST,2.0.0,5893,jw05893006007_02101_00002_nrcb3_cal.fits,117573120,263954198,PUBLIC,2,F200W
263934511,JWST,image,jw05893006007_02101_00001_nrcb3,exposure (L2b): 2D calibrated exposure average over integrations,S,mast:JWST/product/jw05893006007_02101_00001_nrcb3_cal.fits,SCIENCE,,CAL,,CALJWST,2.0.0,5893,jw05893006007_02101_00001_nrcb3_cal.fits,117573120,263954198,PUBLIC,2,F200W
263934547,JWST,image,jw05893006007_02101_00003_nrca2,exposure (L2b): 2D calibrated exposure average over integrations,S,mast:JWST/product/jw05893006007_02101_00003_nrca2_cal.fits,SCIENCE,,CAL,,CALJWST,2.0.0,5893,jw05893006007_02101_00003_nrca2_cal.fits,117570240,263954198,PUBLIC,2,F200W
263934587,JWST,image,jw05893006007_02101_00003_nrca3,exposure (L2b): 2D calibrated exposure average over integrations,S,mast:JWST/product/jw05893006007_02101_00003_nrca3_cal.fits,SCIENCE,,CAL,,CALJWST,2.0.0,5893,jw05893006007_02101_00003_nrca3_cal.fits,117573120,263954198,PUBLIC,2,F200W
263934593,JWST,image,jw05893006007_02101_00002_nrcb2,exposure (L2b): 2D calibrated exposure average over integrations,S,mast:JWST/product/jw05893006007_02101_00002_nrcb2_cal.fits,SCIENCE,,CAL,,CALJWST,2.0.0,5893,jw05893006007_02101_00002_nrcb2_cal.fits,117573120,263954198,PUBLIC,2,F200W
263934637,JWST,image,jw05893006007_02101_00001_nrca3,exposure (L2b): 2D calibrated exposure average over integrations,S,mast:JWST/product/jw05893006007_02101_00001_nrca3_cal.fits,SCIENCE,,CAL,,CALJWST,2.0.0,5893,jw05893006007_02101_00001_nrca3_cal.fits,117573120,263954198,PUBLIC,2,F200W
263934676,JWST,image,jw05893006007_02101_00001_nrcb1,exposure (L2b): 2D calibrated exposure average over integrations,S,mast:JWST/product/jw05893006007_02101_00001_nrcb1_cal.fits,SCIENCE,,CAL,,CALJWST,2.0.0,5893,jw05893006007_02101_00001_nrcb1_cal.fits,117573120,263954198,PUBLIC,2,F200W
263945578,JWST,image,jw05893006007_02101_00004_nrcb1,exposure (L2b): 2D calibrated exposure average over integrations,S,mast:JWST/product/jw05893006007_02101_00004_nrcb1_cal.fits,SCIENCE,,CAL,,CALJWST,2.0.0,5893,jw05893006007_02101_00004_nrcb1_cal.fits,117573120,263954198,PUBLIC,2,F200W
263945597,JWST,image,jw05893006007_02101_00006_nrca2,exposure (L2b): 2D calibrated exposure average over integrations,S,mast:JWST/product/jw05893006007_02101_00006_nrca2_cal.fits,SCIENCE,,CAL,,CALJWST,2.0.0,5893,jw05893006007_02101_00006_nrca2_cal.fits,117570240,263954198,PUBLIC,2,F200W
263945610,JWST,image,jw05893006007_02101_00003_nrcb3,exposure (L2b): 2D calibrated exposure average over integrations,S,mast:JWST/product/jw05893006007_02101_00003_nrcb3_cal.fits,SCIENCE,,CAL,,CALJWST,2.0.0,5893,jw05893006007_02101_00003_nrcb3_cal.fits,117573120,263954198,PUBLIC,2,F200W
263945646,JWST,image,jw05893006007_02101_00005_nrcb2,exposure (L2b): 2D calibrated exposure average over integrations,S,mast:JWST/product/jw05893006007_02101_00005_nrcb2_cal.fits,SCIENCE,,CAL,,CALJWST,2.0.0,5893,jw05893006007_02101_00005_nrcb2_cal.fits,117573120,263954198,PUBLIC,2,F200W
263945651,JWST,image,jw05893006007_02101_00004_nrca1,exposure (L2b): 2D calibrated exposure average over integrations,S,mast:JWST/product/jw05893006007_02101_00004_nrca1_cal.fits,SCIENCE,,CAL,,CALJWST,2.0.0,5893,jw05893006007_02101_00004_nrca1_cal.fits,117570240,263954198,PUBLIC,2,F200W
263945657,JWST,image,jw05893006007_02101_00003_nrcb4,exposure (L2b): 2D calibrated exposure average over integrations,S,mast:JWST/product/jw05893006007_02101_00003_nrcb4_cal.fits,SCIENCE,,CAL,,CALJWST,2.0.0,5893,jw05893006007_02101_00003_nrcb4_cal.fits,117573120,263954198,PUBLIC,2,F200W
263945659,JWST,image,jw05893006007_02101_00006_nrca3,exposure (L2b): 2D calibrated exposure average over integrations,S,mast:JWST/product/jw05893006007_02101_00006_nrca3_cal.fits,SCIENCE,,CAL,,CALJWST,2.0.0,5893,jw05893006007_02101_00006_nrca3_cal.fits,117573120,263954198,PUBLIC,2,F200W
263945687,JWST,image,jw05893006007_02101_00004_nrcb2,exposure (L2b): 2D calibrated exposure average over integrations,S,mast:JWST/product/jw05893006007_02101_00004_nrcb2_cal.fits,SCIENCE,,CAL,,CALJWST,2.0.0,5893,jw05893006007_02101_00004_nrcb2_cal.fits,117573120,263954198,PUBLIC,2,F200W
263945697,JWST,image,jw05893006007_02101_00005_nrcb1,exposure (L2b): 2D calibrated exposure average over integrations,S,mast:JWST/product/jw05893006007_02101_00005_nrcb1_cal.fits,SCIENCE,,CAL,,CALJWST,2.0.0,5893,jw05893006007_02101_00005_nrcb1_cal.fits,117573120,263954198,PUBLIC,2,F200W
263945705,JWST,image,jw05893006007_02101_00003_nrcb1,exposure (L2b): 2D calibrated exposure average over integrations,S,mast:JWST/product/jw05893006007_02101_00003_nrcb1_cal.fits,SCIENCE,,CAL,,CALJWST,2.0.0,5893,jw05893006007_02101_00003_nrcb1_cal.fits,117573120,263954198,PUBLIC,2,F200W
263945711,JWST,image,jw05893006007_02101_00005_nrca1,exposure (L2b): 2D calibrated exposure average over integrations,S,mast:JWST/product/jw05893006007_02101_00005_nrca1_cal.fits,SCIENCE,,CAL,,CALJWST,2.0.0,5893,jw05893006007_02101_00005_nrca1_cal.fits,117570240,263954198,PUBLIC,2,F200W
263945733,JWST,image,jw05893006007_02101_00004_nrca3,exposure (L2b): 2D calibrated exposure average over integrations,S,mast:JWST/product/jw05893006007_02101_00004_nrca3_cal.fits,SCIENCE,,CAL,,CALJWST,2.0.0,5893,jw05893006007_02101_00004_nrca3_cal.fits,117573120,263954198,PUBLIC,2,F200W
263945735,JWST,image,jw05893006007_02101_00004_nrcb4,exposure (L2b): 2D calibrated exposure average over integrations,S,mast:JWST/product/jw05893006007_02101_00004_nrcb4_cal.fits,SCIENCE,,CAL,,CALJWST,2.0.0,5893,jw05893006007_02101_00004_nrcb4_cal.fits,117573120,263954198,PUBLIC,2,F200W
263945750,JWST,image,jw05893006007_02101_00006_nrcb2,exposure (L2b): 2D calibrated exposure average over integrations,S,mast:JWST/product/jw05893006007_02101_00006_nrcb2_cal.fits,SCIENCE,,CAL,,CALJWST,2.0.0,5893,jw05893006007_02101_00006_nrcb2_cal.fits,117573120,263954198,PUBLIC,2,F200W
263945823,JWST,image,jw05893006007_02101_00003_nrca4,exposure (L2b): 2D calibrated exposure average over integrations,S,mast:JWST/product/jw05893006007_02101_00003_nrca4_cal.fits,SCIENCE,,CAL,,CALJWST,2.0.0,5893,jw05893006007_02101_00003_nrca4_cal.fits,117573120,263954198,PUBLIC,2,F200W
263945835,JWST,image,jw05893006007_02101_00003_nrcb2,exposure (L2b): 2D calibrated exposure average over integrations,S,mast:JWST/product/jw05893006007_02101_00003_nrcb2_cal.fits,SCIENCE,,CAL,,CALJWST,2.0.0,5893,jw05893006007_02101_00003_nrcb2_cal.fits,117573120,263954198,PUBLIC,2,F200W
263945853,JWST,image,jw05893006007_02101_00005_nrcb3,exposure (L2b): 2D calibrated exposure average over integrations,S,mast:JWST/product/jw05893006007_02101_00005_nrcb3_cal.fits,SCIENCE,,CAL,,CALJWST,2.0.0,5893,jw05893006007_02101_00005_nrcb3_cal.fits,117573120,263954198,PUBLIC,2,F200W
263945859,JWST,image,jw05893006007_02101_00006_nrcb1,exposure (L2b): 2D calibrated exposure average over integrations,S,mast:JWST/product/jw05893006007_02101_00006_nrcb1_cal.fits,SCIENCE,,CAL,,CALJWST,2.0.0,5893,jw05893006007_02101_00006_nrcb1_cal.fits,117573120,263954198,PUBLIC,2,F200W
263945874,JWST,image,jw05893006007_02101_00006_nrcb3,exposure (L2b): 2D calibrated exposure average over integrations,S,mast:JWST/product/jw05893006007_02101_00006_nrcb3_cal.fits,SCIENCE,,CAL,,CALJWST,2.0.0,5893,jw05893006007_02101_00006_nrcb3_cal.fits,117573120,263954198,PUBLIC,2,F200W
263945902,JWST,image,jw05893006007_02101_00005_nrcb4,exposure (L2b): 2D calibrated exposure average over integrations,S,mast:JWST/product/jw05893006007_02101_00005_nrcb4_cal.fits,SCIENCE,,CAL,,CALJWST,2.0.0,5893,jw05893006007_02101_00005_nrcb4_cal.fits,117573120,263954198,PUBLIC,2,F200W
263945907,JWST,image,jw05893006007_02101_00005_nrca3,exposure (L2b): 2D calibrated exposure average over integrations,S,mast:JWST/product/jw05893006007_02101_00005_nrca3_cal.fits,SCIENCE,,CAL,,CALJWST,2.0.0,5893,jw05893006007_02101_00005_nrca3_cal.fits,117573120,263954198,PUBLIC,2,F200W
263945931,JWST,image,jw05893006007_02101_00006_nrca1,exposure (L2b): 2D calibrated exposure average over integrations,S,mast:JWST/product/jw05893006007_02101_00006_nrca1_cal.fits,SCIENCE,,CAL,,CALJWST,2.0.0,5893,jw05893006007_02101_00006_nrca1_cal.fits,117570240,263954198,PUBLIC,2,F200W
263945936,JWST,image,jw05893006007_02101_00003_nrca1,exposure (L2b): 2D calibrated exposure average over integrations,S,mast:JWST/product/jw05893006007_02101_00003_nrca1_cal.fits,SCIENCE,,CAL,,CALJWST,2.0.0,5893,jw05893006007_02101_00003_nrca1_cal.fits,117570240,263954198,PUBLIC,2,F200W
263945947,JWST,image,jw05893006007_02101_00004_nrca4,exposure (L2b): 2D calibrated exposure average over integrations,S,mast:JWST/product/jw05893006007_02101_00004_nrca4_cal.fits,SCIENCE,,CAL,,CALJWST,2.0.0,5893,jw05893006007_02101_00004_nrca4_cal.fits,117573120,263954198,PUBLIC,2,F200W
263945996,JWST,image,jw05893006007_02101_00006_nrcb4,exposure (L2b): 2D calibrated exposure average over integrations,S,mast:JWST/product/jw05893006007_02101_00006_nrcb4_cal.fits,SCIENCE,,CAL,,CALJWST,2.0.0,5893,jw05893006007_02101_00006_nrcb4_cal.fits,117573120,263954198,PUBLIC,2,F200W
263946014,JWST,image,jw05893006007_02101_00004_nrcb3,exposure (L2b): 2D calibrated exposure average over integrations,S,mast:JWST/product/jw05893006007_02101_00004_nrcb3_cal.fits,SCIENCE,,CAL,,CALJWST,2.0.0,5893,jw05893006007_02101_00004_nrcb3_cal.fits,117573120,263954198,PUBLIC,2,F200W
263946020,JWST,image,jw05893006007_02101_00005_nrca2,exposure (L2b): 2D calibrated exposure average over integrations,S,mast:JWST/product/jw05893006007_02101_00005_nrca2_cal.fits,SCIENCE,,CAL,,CALJWST,2.0.0,5893,jw05893006007_02101_00005_nrca2_cal.fits,117570240,263954198,PUBLIC,2,F200W
263946046,JWST,image,jw05893006007_02101_00006_nrca4,exposure (L2b): 2D calibrated exposure average over integrations,S,mast:JWST/product/jw05893006007_02101_00006_nrca4_cal.fits,SCIENCE,,CAL,,CALJWST,2.0.0,5893,jw05893006007_02101_00006_nrca4_cal.fits,117573120,263954198,PUBLIC,2,F200W
263946051,JWST,image,jw05893006007_02101_00005_nrca4,exposure (L2b): 2D calibrated exposure average over integrations,S,mast:JWST/product/jw05893006007_02101_00005_nrca4_cal.fits,SCIENCE,,CAL,,CALJWST,2.0.0,5893,jw05893006007_02101_00005_nrca4_cal.fits,117573120,263954198,PUBLIC,2,F200W
263946072,JWST,image,jw05893006007_02101_00004_nrca2,exposure (L2b): 2D calibrated exposure average over integrations,S,mast:JWST/product/jw05893006007_02101_00004_nrca2_cal.fits,SCIENCE,,CAL,,CALJWST,2.0.0,5893,jw05893006007_02101_00004_nrca2_cal.fits,117570240,263954198,PUBLIC,2,F200W
263948825,JWST,image,jw05893006008_02101_00002_nrca4,exposure (L2b): 2D calibrated exposure average over integrations,S,mast:JWST/product/jw05893006008_02101_00002_nrca4_cal.fits,SCIENCE,,CAL,,CALJWST,2.0.0,5893,jw05893006008_02101_00002_nrca4_cal.fits,117573120,263954198,PUBLIC,2,F200W
263948829,JWST,image,jw05893006008_02101_00002_nrca1,exposure (L2b): 2D calibrated exposure average over integrations,S,mast:JWST/product/jw05893006008_02101_00002_nrca1_cal.fits,SCIENCE,,CAL,,CALJWST,2.0.0,5893,jw05893006008_02101_00002_nrca1_cal.fits,117570240,263954198,PUBLIC,2,F200W
263948833,JWST,image,jw05893006008_02101_00002_nrcb2,exposure (L2b): 2D calibrated exposure average over integrations,S,mast:JWST/product/jw05893006008_02101_00002_nrcb2_cal.fits,SCIENCE,,CAL,,CALJWST,2.0.0,5893,jw05893006008_02101_00002_nrcb2_cal.fits,117573120,263954198,PUBLIC,2,F200W
263948838,JWST,image,jw05893006008_02101_00002_nrcb1,exposure (L2b): 2D calibrated exposure average over integrations,S,mast:JWST/product/jw05893006008_02101_00002_nrcb1_cal.fits,SCIENCE,,CAL,,CALJWST,2.0.0,5893,jw05893006008_02101_00002_nrcb1_cal.fits,117573120,263954198,PUBLIC,2,F200W
263948843,JWST,image,jw05893006008_02101_00002_nrcb3,exposure (L2b): 2D calibrated exposure average over integrations,S,mast:JWST/product/jw05893006008_02101_00002_nrcb3_cal.fits,SCIENCE,,CAL,,CALJWST,2.0.0,5893,jw05893006008_02101_00002_nrcb3_cal.fits,117573120,263954198,PUBLIC,2,F200W
263948846,JWST,image,jw05893006008_02101_00001_nrcb3,exposure (L2b): 2D calibrated exposure average over integrations,S,mast:JWST/product/jw05893006008_02101_00001_nrcb3_cal.fits,SCIENCE,,CAL,,CALJWST,2.0.0,5893,jw05893006008_02101_00001_nrcb3_cal.fits,117573120,263954198,PUBLIC,2,F200W
263948849,JWST,image,jw05893006008_02101_00001_nrcb4,exposure (L2b): 2D calibrated exposure average over integrations,S,mast:JWST/product/jw05893006008_02101_00001_nrcb4_cal.fits,SCIENCE,,CAL,,CALJWST,2.0.0,5893,jw05893006008_02101_00001_nrcb4_cal.fits,117573120,263954198,PUBLIC,2,F200W
263948854,JWST,image,jw05893006008_02101_00002_nrca2,exposure (L2b): 2D calibrated exposure average over integrations,S,mast:JWST/product/jw05893006008_02101_00002_nrca2_cal.fits,SCIENCE,,CAL,,CALJWST,2.0.0,5893,jw05893006008_02101_00002_nrca2_cal.fits,117570240,263954198,PUBLIC,2,F200W
263948856,JWST,image,jw05893006008_02101_00002_nrcb4,exposure (L2b): 2D calibrated exposure average over integrations,S,mast:JWST/product/jw05893006008_02101_00002_nrcb4_cal.fits,SCIENCE,,CAL,,CALJWST,2.0.0,5893,jw05893006008_02101_00002_nrcb4_cal.fits,117573120,263954198,PUBLIC,2,F200W
263948867,JWST,image,jw05893006008_02101_00001_nrca2,exposure (L2b): 2D calibrated exposure average over integrations,S,mast:JWST/product/jw05893006008_02101_00001_nrca2_cal.fits,SCIENCE,,CAL,,CALJWST,2.0.0,5893,jw05893006008_02101_00001_nrca2_cal.fits,117570240,263954198,PUBLIC,2,F200W
263948874,JWST,image,jw05893006008_02101_00001_nrca4,exposure (L2b): 2D calibrated exposure average over integrations,S,mast:JWST/product/jw05893006008_02101_00001_nrca4_cal.fits,SCIENCE,,CAL,,CALJWST,2.0.0,5893,jw05893006008_02101_00001_nrca4_cal.fits,117573120,263954198,PUBLIC,2,F200W
263948877,JWST,image,jw05893006008_02101_00002_nrca3,exposure (L2b): 2D calibrated exposure average over integrations,S,mast:JWST/product/jw05893006008_02101_00002_nrca3_cal.fits,SCIENCE,,CAL,,CALJWST,2.0.0,5893,jw05893006008_02101_00002_nrca3_cal.fits,117573120,263954198,PUBLIC,2,F200W
263948881,JWST,image,jw05893006008_02101_00001_nrca3,exposure (L2b): 2D calibrated exposure average over integrations,S,mast:JWST/product/jw05893006008_02101_00001_nrca3_cal.fits,SCIENCE,,CAL,,CALJWST,2.0.0,5893,jw05893006008_02101_00001_nrca3_cal.fits,117573120,263954198,PUBLIC,2,F200W
263948886,JWST,image,jw05893006008_02101_00001_nrcb1,exposure (L2b): 2D calibrated exposure average over integrations,S,mast:JWST/product/jw05893006008_02101_00001_nrcb1_cal.fits,SCIENCE,,CAL,,CALJWST,2.0.0,5893,jw05893006008_02101_00001_nrcb1_cal.fits,117573120,263954198,PUBLIC,2,F200W
263948901,JWST,image,jw05893006008_02101_00001_nrca1,exposure (L2b): 2D calibrated exposure average over integrations,S,mast:JWST/product/jw05893006008_02101_00001_nrca1_cal.fits,SCIENCE,,CAL,,CALJWST,2.0.0,5893,jw05893006008_02101_00001_nrca1_cal.fits,117570240,263954198,PUBLIC,2,F200W
263948911,JWST,image,jw05893006008_02101_00003_nrca4,exposure (L2b): 2D calibrated exposure average over integrations,S,mast:JWST/product/jw05893006008_02101_00003_nrca4_cal.fits,SCIENCE,,CAL,,CALJWST,2.0.0,5893,jw05893006008_02101_00003_nrca4_cal.fits,117573120,263954198,PUBLIC,2,F200W
263948917,JWST,image,jw05893006008_02101_00001_nrcb2,exposure (L2b): 2D calibrated exposure average over integrations,S,mast:JWST/product/jw05893006008_02101_00001_nrcb2_cal.fits,SCIENCE,,CAL,,CALJWST,2.0.0,5893,jw05893006008_02101_00001_nrcb2_cal.fits,117573120,263954198,PUBLIC,2,F200W
263948919,JWST,image,jw05893006008_02101_00003_nrcb4,exposure (L2b): 2D calibrated exposure average over integrations,S,mast:JWST/product/jw05893006008_02101_00003_nrcb4_cal.fits,SCIENCE,,CAL,,CALJWST,2.0.0,5893,jw05893006008_02101_00003_nrcb4_cal.fits,117573120,263954198,PUBLIC,2,F200W
263948936,JWST,image,jw05893006008_02101_00003_nrca1,exposure (L2b): 2D calibrated exposure average over integrations,S,mast:JWST/product/jw05893006008_02101_00003_nrca1_cal.fits,SCIENCE,,CAL,,CALJWST,2.0.0,5893,jw05893006008_02101_00003_nrca1_cal.fits,117570240,263954198,PUBLIC,2,F200W
263953276,JWST,image,jw05893006008_02101_00006_nrca3,exposure (L2b): 2D calibrated exposure average over integrations,S,mast:JWST/product/jw05893006008_02101_00006_nrca3_cal.fits,SCIENCE,,CAL,,CALJWST,2.0.0,5893,jw05893006008_02101_00006_nrca3_cal.fits,117573120,263954198,PUBLIC,2,F200W
263953286,JWST,image,jw05893006008_02101_00004_nrca2,exposure (L2b): 2D calibrated exposure average over integrations,S,mast:JWST/product/jw05893006008_02101_00004_nrca2_cal.fits,SCIENCE,,CAL,,CALJWST,2.0.0,5893,jw05893006008_02101_00004_nrca2_cal.fits,117570240,263954198,PUBLIC,2,F200W
263953297,JWST,image,jw05893006008_02101_00004_nrcb1,exposure (L2b): 2D calibrated exposure average over integrations,S,mast:JWST/product/jw05893006008_02101_00004_nrcb1_cal.fits,SCIENCE,,CAL,,CALJWST,2.0.0,5893,jw05893006008_02101_00004_nrcb1_cal.fits,117573120,263954198,PUBLIC,2,F200W
263953329,JWST,image,jw05893006008_02101_00004_nrcb3,exposure (L2b): 2D calibrated exposure average over integrations,S,mast:JWST/product/jw05893006008_02101_00004_nrcb3_cal.fits,SCIENCE,,CAL,,CALJWST,2.0.0,5893,jw05893006008_02101_00004_nrcb3_cal.fits,117573120,263954198,PUBLIC,2,F200W
263953334,JWST,image,jw05893006008_02101_00004_nrcb2,exposure (L2b): 2D calibrated exposure average over integrations,S,mast:JWST/product/jw05893006008_02101_00004_nrcb2_cal.fits,SCIENCE,,CAL,,CALJWST,2.0.0,5893,jw05893006008_02101_00004_nrcb2_cal.fits,117573120,263954198,PUBLIC,2,F200W
263953346,JWST,image,jw05893006008_02101_00003_nrca2,exposure (L2b): 2D calibrated exposure average over integrations,S,mast:JWST/product/jw05893006008_02101_00003_nrca2_cal.fits,SCIENCE,,CAL,,CALJWST,2.0.0,5893,jw05893006008_02101_00003_nrca2_cal.fits,117570240,263954198,PUBLIC,2,F200W
263953349,JWST,image,jw05893006008_02101_00006_nrcb3,exposure (L2b): 2D calibrated exposure average over integrations,S,mast:JWST/product/jw05893006008_02101_00006_nrcb3_cal.fits,SCIENCE,,CAL,,CALJWST,2.0.0,5893,jw05893006008_02101_00006_nrcb3_cal.fits,117573120,263954198,PUBLIC,2,F200W
263953358,JWST,image,jw05893006008_02101_00004_nrca4,exposure (L2b): 2D calibrated exposure average over integrations,S,mast:JWST/product/jw05893006008_02101_00004_nrca4_cal.fits,SCIENCE,,CAL,,CALJWST,2.0.0,5893,jw05893006008_02101_00004_nrca4_cal.fits,117573120,263954198,PUBLIC,2,F200W
263953382,JWST,image,jw05893006008_02101_00005_nrcb4,exposure (L2b): 2D calibrated exposure average over integrations,S,mast:JWST/product/jw05893006008_02101_00005_nrcb4_cal.fits,SCIENCE,,CAL,,CALJWST,2.0.0,5893,jw05893006008_02101_00005_nrcb4_cal.fits,117573120,263954198,PUBLIC,2,F200W
263953387,JWST,image,jw05893006008_02101_00006_nrcb2,exposure (L2b): 2D calibrated exposure average over integrations,S,mast:JWST/product/jw05893006008_02101_00006_nrcb2_cal.fits,SCIENCE,,CAL,,CALJWST,2.0.0,5893,jw05893006008_02101_00006_nrcb2_cal.fits,117573120,263954198,PUBLIC,2,F200W
263953394,JWST,image,jw05893006008_02101_00004_nrca1,exposure (L2b): 2D calibrated exposure average over integrations,S,mast:JWST/product/jw05893006008_02101_00004_nrca1_cal.fits,SCIENCE,,CAL,,CALJWST,2.0.0,5893,jw05893006008_02101_00004_nrca1_cal.fits,117570240,263954198,PUBLIC,2,F200W
263953429,JWST,image,jw05893006008_02101_00005_nrca3,exposure (L2b): 2D calibrated exposure average over integrations,S,mast:JWST/product/jw05893006008_02101_00005_nrca3_cal.fits,SCIENCE,,CAL,,CALJWST,2.0.0,5893,jw05893006008_02101_00005_nrca3_cal.fits,117573120,263954198,PUBLIC,2,F200W
263953481,JWST,image,jw05893006008_02101_00003_nrcb2,exposure (L2b): 2D calibrated exposure average over integrations,S,mast:JWST/product/jw05893006008_02101_00003_nrcb2_cal.fits,SCIENCE,,CAL,,CALJWST,2.0.0,5893,jw05893006008_02101_00003_nrcb2_cal.fits,117573120,263954198,PUBLIC,2,F200W
263953484,JWST,image,jw05893006008_02101_00006_nrca4,exposure (L2b): 2D calibrated exposure average over integrations,S,mast:JWST/product/jw05893006008_02101_00006_nrca4_cal.fits,SCIENCE,,CAL,,CALJWST,2.0.0,5893,jw05893006008_02101_00006_nrca4_cal.fits,117573120,263954198,PUBLIC,2,F200W
263953527,JWST,image,jw05893006008_02101_00003_nrcb1,exposure (L2b): 2D calibrated exposure average over integrations,S,mast:JWST/product/jw05893006008_02101_00003_nrcb1_cal.fits,SCIENCE,,CAL,,CALJWST,2.0.0,5893,jw05893006008_02101_00003_nrcb1_cal.fits,117573120,263954198,PUBLIC,2,F200W
263953541,JWST,image,jw05893006008_02101_00004_nrca3,exposure (L2b): 2D calibrated exposure average over integrations,S,mast:JWST/product/jw05893006008_02101_00004_nrca3_cal.fits,SCIENCE,,CAL,,CALJWST,2.0.0,5893,jw05893006008_02101_00004_nrca3_cal.fits,117573120,263954198,PUBLIC,2,F200W
263953594,JWST,image,jw05893006008_02101_00003_nrca3,exposure (L2b): 2D calibrated exposure average over integrations,S,mast:JWST/product/jw05893006008_02101_00003_nrca3_cal.fits,SCIENCE,,CAL,,CALJWST,2.0.0,5893,jw05893006008_02101_00003_nrca3_cal.fits,117573120,263954198,PUBLIC,2,F200W
263953603,JWST,image,jw05893006008_02101_00005_nrcb1,exposure (L2b): 2D calibrated exposure average over integrations,S,mast:JWST/product/jw05893006008_02101_00005_nrcb1_cal.fits,SCIENCE,,CAL,,CALJWST,2.0.0,5893,jw05893006008_02101_00005_nrcb1_cal.fits,117573120,263954198,PUBLIC,2,F200W
263953640,JWST,image,jw05893006008_02101_00003_nrcb3,exposure (L2b): 2D calibrated exposure average over integrations,S,mast:JWST/product/jw05893006008_02101_00003_nrcb3_cal.fits,SCIENCE,,CAL,,CALJWST,2.0.0,5893,jw05893006008_02101_00003_nrcb3_cal.fits,117573120,263954198,PUBLIC,2,F200W
263953648,JWST,image,jw05893006008_02101_00006_nrca2,exposure (L2b): 2D calibrated exposure average over integrations,S,mast:JWST/product/jw05893006008_02101_00006_nrca2_cal.fits,SCIENCE,,CAL,,CALJWST,2.0.0,5893,jw05893006008_02101_00006_nrca2_cal.fits,117570240,263954198,PUBLIC,2,F200W
263953690,JWST,image,jw05893006008_02101_00005_nrcb2,exposure (L2b): 2D calibrated exposure average over integrations,S,mast:JWST/product/jw05893006008_02101_00005_nrcb2_cal.fits,SCIENCE,,CAL,,CALJWST,2.0.0,5893,jw05893006008_02101_00005_nrcb2_cal.fits,117573120,263954198,PUBLIC,2,F200W
263953697,JWST,image,jw05893006008_02101_00006_nrcb4,exposure (L2b): 2D calibrated exposure average over integrations,S,mast:JWST/product/jw05893006008_02101_00006_nrcb4_cal.fits,SCIENCE,,CAL,,CALJWST,2.0.0,5893,jw05893006008_02101_00006_nrcb4_cal.fits,117573120,263954198,PUBLIC,2,F200W
263953698,JWST,image,jw05893006008_02101_00005_nrcb3,exposure (L2b): 2D calibrated exposure average over integrations,S,mast:JWST/product/jw05893006008_02101_00005_nrcb3_cal.fits,SCIENCE,,CAL,,CALJWST,2.0.0,5893,jw05893006008_02101_00005_nrcb3_cal.fits,117573120,263954198,PUBLIC,2,F200W
263953699,JWST,image,jw05893006008_02101_00005_nrca2,exposure (L2b): 2D calibrated exposure average over integrations,S,mast:JWST/product/jw05893006008_02101_00005_nrca2_cal.fits,SCIENCE,,CAL,,CALJWST,2.0.0,5893,jw05893006008_02101_00005_nrca2_cal.fits,117570240,263954198,PUBLIC,2,F200W
263953706,JWST,image,jw05893006008_02101_00006_nrca1,exposure (L2b): 2D calibrated exposure average over integrations,S,mast:JWST/product/jw05893006008_02101_00006_nrca1_cal.fits,SCIENCE,,CAL,,CALJWST,2.0.0,5893,jw05893006008_02101_00006_nrca1_cal.fits,117570240,263954198,PUBLIC,2,F200W
263953707,JWST,image,jw05893006008_02101_00006_nrcb1,exposure (L2b): 2D calibrated exposure average over integrations,S,mast:JWST/product/jw05893006008_02101_00006_nrcb1_cal.fits,SCIENCE,,CAL,,CALJWST,2.0.0,5893,jw05893006008_02101_00006_nrcb1_cal.fits,117573120,263954198,PUBLIC,2,F200W
263953714,JWST,image,jw05893006008_02101_00005_nrca1,exposure (L2b): 2D calibrated exposure average over integrations,S,mast:JWST/product/jw05893006008_02101_00005_nrca1_cal.fits,SCIENCE,,CAL,,CALJWST,2.0.0,5893,jw05893006008_02101_00005_nrca1_cal.fits,117570240,263954198,PUBLIC,2,F200W
263953717,JWST,image,jw05893006008_02101_00005_nrca4,exposure (L2b): 2D calibrated exposure average over integrations,S,mast:JWST/product/jw05893006008_02101_00005_nrca4_cal.fits,SCIENCE,,CAL,,CALJWST,2.0.0,5893,jw05893006008_02101_00005_nrca4_cal.fits,117573120,263954198,PUBLIC,2,F200W
263953719,JWST,image,jw05893006008_02101_00004_nrcb4,exposure (L2b): 2D calibrated exposure average over integrations,S,mast:JWST/product/jw05893006008_02101_00004_nrcb4_cal.fits,SCIENCE,,CAL,,CALJWST,2.0.0,5893,jw05893006008_02101_00004_nrcb4_cal.fits,117573120,263954198,PUBLIC,2,F200W
