obsID,obs_collection,dataproduct_type,obs_id,description,type,dataURI,productType,productGroupDescription,productSubGroupDescription,productDocumentationURL,project,prvversion,proposal_id,productFilename,size,parent_obsid,dataRights,calib_level,filters
266230175,JWST,image,jw05893009007_02101_00001_nrcb4,exposure (L2b): 2D calibrated exposure average over integrations,S,mast:JWST/product/jw05893009007_02101_00001_nrcb4_cal.fits,SCIENCE,,CAL,,CALJWST,2.0.0,5893,jw05893009007_02101_00001_nrcb4_cal.fits,117573120,266448265,PUBLIC,2,F200W
266230178,JWST,image,jw05893009007_02101_00001_nrcb2,exposure (L2b): 2D calibrated exposure average over integrations,S,mast:JWST/product/jw05893009007_02101_00001_nrcb2_cal.fits,SCIENCE,,CAL,,CALJWST,2.0.0,5893,jw05893009007_02101_00001_nrcb2_cal.fits,117573120,266448265,PUBLIC,2,F200W
266230179,JWST,image,jw05893009007_02101_00001_nrca3,exposure (L2b): 2D calibrated exposure average over integrations,S,mast:JWST/product/jw05893009007_02101_00001_nrca3_cal.fits,SCIENCE,,CAL,,CALJWST,2.0.0,5893,jw05893009007_02101_00001_nrca3_cal.fits,117573120,266448265,PUBLIC,2,F200W
266230180,JWST,image,jw05893009007_02101_00001_nrcb3,exposure (L2b): 2D calibrated exposure average over integrations,S,mast:JWST/product/jw05893009007_02101_00001_nrcb3_cal.fits,SCIENCE,,CAL,,CALJWST,2.0.0,5893,jw05893009007_02101_00001_nrcb3_cal.fits,117573120,266448265,PUBLIC,2,F200W
266230181,JWST,image,jw05893009007_02101_00001_nrca2,exposure (L2b): 2D calibrated exposure average over integrations,S,mast:JWST/product/jw05893009007_02101_00001_nrca2_cal.fits,SCIENCE,,CAL,,CALJWST,2.0.0,5893,jw05893009007_02101_00001_nrca2_cal.fits,117570240,266448265,PUBLIC,2,F200W
266230182,JWST,image,jw05893009007_02101_00001_nrca1,exposure (L2b): 2D calibrated exposure average over integrations,S,mast:JWST/product/jw05893009007_02101_00001_nrca1_cal.fits,SCIENCE,,CAL,,CALJWST,2.0.0,5893,jw05893009007_02101_00001_nrca1_cal.fits,117570240,266448265,PUBLIC,2,F200W
266230183,JWST,image,jw05893009007_02101_00001_nrcb1,exposure (L2b): 2D calibrated exposure average over integrations,S,mast:JWST/product/jw05893009007_02101_00001_nrcb1_cal.fits,SCIENCE,,CAL,,CALJWST,2.0.0,5893,jw05893009007_02101_00001_nrcb1_cal.fits,117573120,266448265,PUBLIC,2,F200W
266230184,JWST,image,jw05893009007_02101_00001_nrca4,exposure (L2b): 2D calibrated exposure average over integrations,S,mast:JWST/product/jw05893009007_02101_00001_nrca4_cal.fits,SCIENCE,,CAL,,CALJWST,2.0.0,5893,jw05893009007_02101_00001_nrca4_cal.fits,117573120,266448265,PUBLIC,2,F200W
266230248,JWST,image,jw05893009007_02101_00003_nrcb3,exposure (L2b): 2D calibrated exposure average over integrations,S,mast:JWST/product/jw05893009007_02101_00003_nrcb3_cal.fits,SCIENCE,,CAL,,CALJWST,2.0.0,5893,jw05893009007_02101_00003_nrcb3_cal.fits,117573120,266448265,PUBLIC,2,F200W
266230249,JWST,image,jw05893009007_02101_00002_nrca4,exposure (L2b): 2D calibrated exposure average over integrations,S,mast:JWST/product/jw05893009007_02101_00002_nrca4_cal.fits,SCIENCE,,CAL,,CALJWST,2.0.0,5893,jw05893009007_02101_00002_nrca4_cal.fits,117573120,266448265,PUBLIC,2,F200W
266230251,JWST,image,jw05893009007_02101_00002_nrcb1,exposure (L2b): 2D calibrated exposure average over integrations,S,mast:JWST/product/jw05893009007_02101_00002_nrcb1_cal.fits,SCIENCE,,CAL,,CALJWST,2.0.0,5893,jw05893009007_02101_00002_nrcb1_cal.fits,117573120,266448265,PUBLIC,2,F200W
266230254,JWST,image,jw05893009007_02101_00002_nrca3,exposure (L2b): 2D calibrated exposure average over integrations,S,mast:JWST/product/jw05893009007_02101_00002_nrca3_cal.fits,SCIENCE,,CAL,,CALJWST,2.0.0,5893,jw05893009007_02101_00002_nrca3_cal.fits,117573120,266448265,PUBLIC,2,F200W
266230255,JWST,image,jw05893009007_02101_00003_nrcb2,exposure (L2b): 2D calibrated exposure average over integrations,S,mast:JWST/product/jw05893009007_02101_00003_nrcb2_cal.fits,SCIENCE,,CAL,,CALJWST,2.0.0,5893,jw05893009007_02101_00003_nrcb2_cal.fits,117573120,266448265,PUBLIC,2,F200W
266230257,JWST,image,jw05893009007_02101_00002_nrcb4,exposure (L2b): 2D calibrated exposure average over integrations,S,mast:JWST/product/jw05893009007_02101_00002_nrcb4_cal.fits,SCIENCE,,CAL,,CALJWST,2.0.0,5893,jw05893009007_02101_00002_nrcb4_cal.fits,117573120,266448265,PUBLIC,2,F200W
266230258,JWST,image,jw05893009007_02101_00002_nrcb2,exposure (L2b): 2D calibrated exposure average over integrations,S,mast:JWST/product/jw05893009007_02101_00002_nrcb2_cal.fits,SCIENCE,,CAL,,CALJWST,2.0.0,5893,jw05893009007_02101_00002_nrcb2_cal.fits,117573120,266448265,PUBLIC,2,F200W
266230259,JWST,image,jw05893009007_02101_00002_nrca2,exposure (L2b): 2D calibrated exposure average over integrations,S,mast:JWST/product/jw05893009007_02101_00002_nrca2_cal.fits,SCIENCE,,CAL,,CALJWST,2.0.0,5893,jw05893009007_02101_00002_nrca2_cal.fits,117570240,266448265,PUBLIC,2,F200W
266230260,JWST,image,jw05893009007_02101_00002_nrca1,exposure (L2b): 2D calibrated exposure average over integrations,S,mast:JWST/product/jw05893009007_02101_00002_nrca1_cal.fits,SCIENCE,,CAL,,CALJWST,2.0.0,5893,jw05893009007_02101_00002_nrca1_cal.fits,117570240,266448265,PUBLIC,2,F200W
266230261,JWST,image,jw05893009007_02101_00002_nrcb3,exposure (L2b): 2D calibrated exposure average over integrations,S,mast:JWST/product/jw05893009007_02101_00002_nrcb3_cal.fits,SCIENCE,,CAL,,CALJWST,2.0.0,5893,jw05893009007_02101_00002_nrcb3_cal.fits,117573120,266448265,PUBLIC,2,F200W
266230262,JWST,image,jw05893009007_02101_00003_nrcb1,exposure (L2b): 2D calibrated exposure average over integrations,S,mast:JWST/product/jw05893009007_02101_00003_nrcb1_cal.fits,SCIENCE,,CAL,,CALJWST,2.0.0,5893,jw05893009007_02101_00003_nrcb1_cal.fits,117573120,266448265,PUBLIC,2,F200W
266230356,JWST,image,jw05893009007_02101_00004_nrca3,exposure (L2b): 2D calibrated exposure average over integrations,S,mast:JWST/product/jw05893009007_02101_00004_nrca3_cal.fits,SCIENCE,,CAL,,CALJWST,2.0.0,5893,jw05893009007_02101_00004_nrca3_cal.fits,117573120,266448265,PUBLIC,2,F200W
266230358,JWST,image,jw05893009007_02101_00003_nrcb4,exposure (L2b): 2D calibrated exposure average over integrations,S,mast:JWST/product/jw05893009007_02101_00003_nrcb4_cal.fits,SCIENCE,,CAL,,CALJWST,2.0.0,5893,jw05893009007_02101_00003_nrcb4_cal.fits,117573120,266448265,PUBLIC,2,F200W
266230360,JWST,image,jw05893009007_02101_00004_nrcb1,exposure (L2b): 2D calibrated exposure average over integrations,S,mast:JWST/product/jw05893009007_02101_00004_nrcb1_cal.fits,SCIENCE,,CAL,,CALJWST,2.0.0,5893,jw05893009007_02101_00004_nrcb1_cal.fits,117573120,266448265,PUBLIC,2,F200W
266230362,JWST,image,jw05893009007_02101_00004_nrca1,exposure (L2b): 2D calibrated exposure average over integrations,S,mast:JWST/product/jw05893009007_02101_00004_nrca1_cal.fits,SCIENCE,,CAL,,CALJWST,2.0.0,5893,jw05893009007_02101_00004_nrca1_cal.fits,117570240,266448265,PUBLIC,2,F200W
266230363,JWST,image,jw05893009007_02101_00005_nrca4,exposure (L2b): 2D calibrated exposure average over integrations,S,mast:JWST/product/jw05893009007_02101_00005_nrca4_cal.fits,SCIENCE,,CAL,,CALJWST,2.0.0,5893,jw05893009007_02101_00005_nrca4_cal.fits,117573120,266448265,PUBLIC,2,F200W
266230364,JWST,image,jw05893009007_02101_00003_nrca4,exposure (L2b): 2D calibrated exposure average over integrations,S,mast:JWST/product/jw05893009007_02101_00003_nrca4_cal.fits,SCIENCE,,CAL,,CALJWST,2.0.0,5893,jw05893009007_02101_00003_nrca4_cal.fits,117573120,266448265,PUBLIC,2,F200W
266230365,JWST,image,jw05893009007_02101_00005_nrca2,exposure (L2b): 2D calibrated exposure average over integrations,S,mast:JWST/product/jw05893009007_02101_00005_nrca2_cal.fits,SCIENCE,,CAL,,CALJWST,2.0.0,5893,jw05893009007_02101_00005_nrca2_cal.fits,117570240,266448265,PUBLIC,2,F200W
266230366,JWST,image,jw05893009007_02101_00005_nrcb1,exposure (L2b): 2D calibrated exposure average over integrations,S,mast:JWST/product/jw05893009007_02101_00005_nrcb1_cal.fits,SCIENCE,,CAL,,CALJWST,2.0.0,5893,jw05893009007_02101_00005_nrcb1_cal.fits,117573120,266448265,PUBLIC,2,F200W
266230367,JWST,image,jw05893009007_02101_00003_nrca2,exposure (L2b): 2D calibrated exposure average over integrations,S,mast:JWST/product/jw05893009007_02101_00003_nrca2_cal.fits,SCIENCE,,CAL,,CALJWST,2.0.0,5893,jw05893009007_02101_00003_nrca2_cal.fits,117570240,266448265,PUBLIC,2,F200W
266230369,JWST,image,jw05893009007_02101_00005_nrcb4,exposure (L2b): 2D calibrated exposure average over integrations,S,mast:JWST/product/jw05893009007_02101_00005_nrcb4_cal.fits,SCIENCE,,CAL,,CALJWST,2.0.0,5893,jw05893009007_02101_00005_nrcb4_cal.fits,117573120,266448265,PUBLIC,2,F200W
266230370,JWST,image,jw05893009007_02101_00005_nrca3,exposure (L2b): 2D calibrated exposure average over integrations,S,mast:JWST/product/jw05893009007_02101_00005_nrca3_cal.fits,SCIENCE,,CAL,,CALJWST,2.0.0,5893,jw05893009007_02101_00005_nrca3_cal.fits,117573120,266448265,PUBLIC,2,F200W
266230371,JWST,image,jw05893009007_02101_00005_nrca1,exposure (L2b): 2D calibrated exposure average over integrations,S,mast:JWST/product/jw05893009007_02101_00005_nrca1_cal.fits,SCIENCE,,CAL,,CALJWST,2.0.0,5893,jw05893009007_02101_00005_nrca1_cal.fits,117570240,266448265,PUBLIC,2,F200W
266230372,JWST,image,jw05893009007_02101_00006_nrca4,exposure (L2b): 2D calibrated exposure average over integrations,S,mast:JWST/product/jw05893009007_02101_00006_nrca4_cal.fits,SCIENCE,,CAL,,CALJWST,2.0.0,5893,jw05893009007_02101_00006_nrca4_cal.fits,117573120,266448265,PUBLIC,2,F200W
266230373,JWST,image,jw05893009007_02101_00006_nrcb3,exposure (L2b): 2D calibrated exposure average over integrations,S,mast:JWST/product/jw05893009007_02101_00006_nrcb3_cal.fits,SCIENCE,,CAL,,CALJWST,2.0.0,5893,jw05893009007_02101_00006_nrcb3_cal.fits,117573120,266448265,PUBLIC,2,F200W
266230374,JWST,image,jw05893009007_02101_00004_nrcb2,exposure (L2b): 2D calibrated exposure average over integrations,S,mast:JWST/product/jw05893009007_02101_00004_nrcb2_cal.fits,SCIENCE,,CAL,,CALJWST,2.0.0,5893,jw05893009007_02101_00004_nrcb2_cal.fits,117573120,266448265,PUBLIC,2,F200W
266230375,JWST,image,jw05893009007_02101_00005_nrcb2,exposure (L2b): 2D calibrated exposure average over integrations,S,mast:JWST/product/jw05893009007_02101_00005_nrcb2_cal.fits,SCIENCE,,CAL,,CALJWST,2.0.0,5893,jw05893009007_02101_00005_nrcb2_cal.fits,117573120,266448265,PUBLIC,2,F200W
266230378,JWST,image,jw05893009007_02101_00003_nrca1,exposure (L2b): 2D calibrated exposure average over integrations,S,mast:JWST/product/jw05893009007_02101_00003_nrca1_cal.fits,SCIENCE,,CAL,,CALJWST,2.0.0,5893,jw05893009007_02101_00003_nrca1_cal.fits,117570240,266448265,PUBLIC,2,F200W
266230379,JWST,image,jw05893009007_02101_00004_nrca4,exposure (L2b): 2D calibrated exposure average over integrations,S,mast:JWST/product/jw05893009007_02101_00004_nrca4_cal.fits,SCIENCE,,CAL,,CALJWST,2.0.0,5893,jw05893009007_02101_00004_nrca4_cal.fits,117573120,266448265,PUBLIC,2,F200W
266230381,JWST,image,jw05893009007_02101_00006_nrca3,exposure (L2b): 2D calibrated exposure average over integrations,S,mast:JWST/product/jw05893009007_02101_00006_nrca3_cal.fits,SCIENCE,,CAL,,CALJWST,2.0.0,5893,jw05893009007_02101_00006_nrca3_cal.fits,117573120,266448265,PUBLIC,2,F200W
266230382,JWST,image,jw05893009007_02101_00005_nrcb3,exposure (L2b): 2D calibrated exposure average over integrations,S,mast:JWST/product/jw05893009007_02101_00005_nrcb3_cal.fits,SCIENCE,,CAL,,CALJWST,2.0.0,5893,jw05893009007_02101_00005_nrcb3_cal.fits,117573120,266448265,PUBLIC,2,F200W
266230383,JWST,image,jw05893009007_02101_00004_nrcb3,exposure (L2b): 2D calibrated exposure average over integrations,S,mast:JWST/product/jw05893009007_02101_00004_nrcb3_cal.fits,SCIENCE,,CAL,,CALJWST,2.0.0,5893,jw05893009007_02101_00004_nrcb3_cal.fits,117573120,266448265,PUBLIC,2,F200W
266230384,JWST,image,jw05893009007_02101_00006_nrcb1,exposure (L2b): 2D calibrated exposure average over integrations,S,mast:JWST/product/jw05893009007_02101_00006_nrcb1_cal.fits,SCIENCE,,CAL,,CALJWST,2.0.0,5893,jw05893009007_02101_00006_nrcb1_cal.fits,117573120,266448265,PUBLIC,2,F200W
266230386,JWST,image,jw05893009007_02101_00004_nrcb4,exposure (L2b): 2D calibrated exposure average over integrations,S,mast:JWST/product/jw05893009007_02101_00004_nrcb4_cal.fits,SCIENCE,,CAL,,CALJWST,2.0.0,5893,jw05893009007_02101_00004_nrcb4_cal.fits,117573120,266448265,PUBLIC,2,F200W
266230387,JWST,image,jw05893009007_02101_00006_nrcb4,exposure (L2b): 2D calibrated exposure average over integrations,S,mast:JWST/product/jw05893009007_02101_00006_nrcb4_cal.fits,SCIENCE,,CAL,,CALJWST,2.0.0,5893,jw05893009007_02101_00006_nrcb4_cal.fits,117573120,266448265,PUBLIC,2,F200W
266230391,JWST,image,jw05893009007_02101_00004_nrca2,exposure (L2b): 2D calibrated exposure average over integrations,S,mast:JWST/product/jw05893009007_02101_00004_nrca2_cal.fits,SCIENCE,,CAL,,CALJWST,2.0.0,5893,jw05893009007_02101_00004_nrca2_cal.fits,117570240,266448265,PUBLIC,2,F200W
266230392,JWST,image,jw05893009007_02101_00003_nrca3,exposure (L2b): 2D calibrated exposure average over integrations,S,mast:JWST/product/jw05893009007_02101_00003_nrca3_cal.fits,SCIENCE,,CAL,,CALJWST,2.0.0,5893,jw05893009007_02101_00003_nrca3_cal.fits,117573120,266448265,PUBLIC,2,F200W
266230393,JWST,image,jw05893009007_02101_00006_nrca2,exposure (L2b): 2D calibrated exposure average over integrations,S,mast:JWST/product/jw05893009007_02101_00006_nrca2_cal.fits,SCIENCE,,CAL,,CALJWST,2.0.0,5893,jw05893009007_02101_00006_nrca2_cal.fits,117570240,266448265,PUBLIC,2,F200W
266230448,JWST,image,jw05893009007_02101_00006_nrca1,exposure (L2b): 2D calibrated exposure average over integrations,S,mast:JWST/product/jw05893009007_02101_00006_nrca1_cal.fits,SCIENCE,,CAL,,CALJWST,2.0.0,5893,jw05893009007_02101_00006_nrca1_cal.fits,117570240,266448265,PUBLIC,2,F200W
266230452,JWST,image,jw05893009008_02101_00001_nrcb3,exposure (L2b): 2D calibrated exposure average over integrations,S,mast:JWST/product/jw05893009008_02101_00001_nrcb3_cal.fits,SCIENCE,,CAL,,CALJWST,2.0.0,5893,jw05893009008_02101_00001_nrcb3_cal.fits,117573120,266448265,PUBLIC,2,F200W
266230453,JWST,image,jw05893009008_02101_00001_nrca3,exposure (L2b): 2D calibrated exposure average over integrations,S,mast:JWST/product/jw05893009008_02101_00001_nrca3_cal.fits,SCIENCE,,CAL,,CALJWST,2.0.0,5893,jw05893009008_02101_00001_nrca3_cal.fits,117573120,266448265,PUBLIC,2,F200W
266230454,JWST,image,jw05893009008_02101_00001_nrcb4,exposure (L2b): 2D calibrated exposure average over integrations,S,mast:JWST/product/jw05893009008_02101_00001_nrcb4_cal.fits,SCIENCE,,CAL,,CALJWST,2.0.0,5893,jw05893009008_02101_00001_nrcb4_cal.fits,117573120,266448265,PUBLIC,2,F200W
266230455,JWST,image,jw05893009008_02101_00001_nrcb1,exposure (L2b): 2D calibrated exposure average over integrations,S,mast:JWST/product/jw05893009008_02101_00001_nrcb1_cal.fits,SCIENCE,,CAL,,CALJWST,2.0.0,5893,jw05893009008_02101_00001_nrcb1_cal.fits,117573120,266448265,PUBLIC,2,F200W
266230456,JWST,image,jw05893009008_02101_00001_nrca1,exposure (L2b): 2D calibrated exposure average over integrations,S,mast:JWST/product/jw05893009008_02101_00001_nrca1_cal.fits,SCIENCE,,CAL,,CALJWST,2.0.0,5893,jw05893009008_02101_00001_nrca1_cal.fits,117570240,266448265,PUBLIC,2,F200W
266230457,JWST,image,jw05893009008_02101_00001_nrca2,exposure (L2b): 2D calibrated exposure average over integrations,S,mast:JWST/product/jw05893009008_02101_00001_nrca2_cal.fits,SCIENCE,,CAL,,CALJWST,2.0.0,5893,jw05893009008_02101_00001_nrca2_cal.fits,117570240,266448265,PUBLIC,2,F200W
266230479,JWST,image,jw05893009007_02101_00006_nrcb2,exposure (L2b): 2D calibrated exposure average over integrations,S,mast:JWST/product/jw05893009007_02101_00006_nrcb2_cal.fits,SCIENCE,,CAL,,CALJWST,2.0.0,5893,jw05893009007_02101_00006_nrcb2_cal.fits,117573120,266448265,PUBLIC,2,F200W
266230560,JWST,image,jw05893009008_02101_00001_nrcb2,exposure (L2b): 2D calibrated exposure average over integrations,S,mast:JWST/product/jw05893009008_02101_00001_nrcb2_cal.fits,SCIENCE,,CAL,,CALJWST,2.0.0,5893,jw05893009008_02101_00001_nrcb2_cal.fits,117573120,266448265,PUBLIC,2,F200W
266230561,JWST,image,jw05893009008_02101_00003_nrcb1,exposure (L2b): 2D calibrated exposure average over integrations,S,mast:JWST/product/jw05893009008_02101_00003_nrcb1_cal.fits,SCIENCE,,CAL,,CALJWST,2.0.0,5893,jw05893009008_02101_00003_nrcb1_cal.fits,117573120,266448265,PUBLIC,2,F200W
266230562,JWST,image,jw05893009008_02101_00003_nrca1,exposure (L2b): 2D calibrated exposure average over integrations,S,mast:JWST/product/jw05893009008_02101_00003_nrca1_cal.fits,SCIENCE,,CAL,,CALJWST,2.0.0,5893,jw05893009008_02101_00003_nrca1_cal.fits,117570240,266448265,PUBLIC,2,F200W
266230564,JWST,image,jw05893009008_02101_00003_nrca2,exposure (L2b): 2D calibrated exposure average over integrations,S,mast:JWST/product/jw05893009008_02101_00003_nrca2_cal.fits,SCIENCE,,CAL,,CALJWST,2.0.0,5893,jw05893009008_02101_00003_nrca2_cal.fits,117570240,266448265,PUBLIC,2,F200W
266230566,JWST,image,jw05893009008_02101_00003_nrcb3,exposure (L2b): 2D calibrated exposure average over integrations,S,mast:JWST/product/jw05893009008_02101_00003_nrcb3_cal.fits,SCIENCE,,CAL,,CALJWST,2.0.0,5893,jw05893009008_02101_00003_nrcb3_cal.fits,117573120,266448265,PUBLIC,2,F200W
266230567,JWST,image,jw05893009008_02101_00003_nrca4,exposure (L2b): 2D calibrated exposure average over integrations,S,mast:JWST/product/jw05893009008_02101_00003_nrca4_cal.fits,SCIENCE,,CAL,,CALJWST,2.0.0,5893,jw05893009008_02101_00003_nrca4_cal.fits,117573120,266448265,PUBLIC,2,F200W
266230568,JWST,image,jw05893009008_02101_00001_nrca4,exposure (L2b): 2D calibrated exposure average over integrations,S,mast:JWST/product/jw05893009008_02101_00001_nrca4_cal.fits,SCIENCE,,CAL,,CALJWST,2.0.0,5893,jw05893009008_02101_00001_nrca4_cal.fits,117573120,266448265,PUBLIC,2,F200W
266230570,JWST,image,jw05893009008_02101_00003_nrcb2,exposure (L2b): 2D calibrated exposure average over integrations,S,mast:JWST/product/jw05893009008_02101_00003_nrcb2_cal.fits,SCIENCE,,CAL,,CALJWST,2.0.0,5893,jw05893009008_02101_00003_nrcb2_cal.fits,117573120,266448265,PUBLIC,2,F200W
266230572,JWST,image,jw05893009008_02101_00002_nrcb1,exposure (L2b): 2D calibrated exposure average over integrations,S,mast:JWST/product/jw05893009008_02101_00002_nrcb1_cal.fits,SCIENCE,,CAL,,CALJWST,2.0.0,5893,jw05893009008_02101_00002_nrcb1_cal.fits,117573120,266448265,PUBLIC,2,F200W
266230573,JWST,image,jw05893009008_02101_00002_nrca4,exposure (L2b): 2D calibrated exposure average over integrations,S,mast:JWST/product/jw05893009008_02101_00002_nrca4_cal.fits,SCIENCE,,CAL,,CALJWST,2.0.0,5893,jw05893009008_02101_00002_nrca4_cal.fits,117573120,266448265,PUBLIC,2,F200W
266230574,JWST,image,jw05893009008_02101_00002_nrcb3,exposure (L2b): 2D calibrated exposure average over integrations,S,mast:JWST/product/jw05893009008_02101_00002_nrcb3_cal.fits,SCIENCE,,CAL,,CALJWST,2.0.0,5893,jw05893009008_02101_00002_nrcb3_cal.fits,117573120,266448265,PUBLIC,2,F200W
266230575,JWST,image,jw05893009008_02101_00002_nrcb2,exposure (L2b): 2D calibrated exposure average over integrations,S,mast:JWST/product/jw05893009008_02101_00002_nrcb2_cal.fits,SCIENCE,,CAL,,CALJWST,2.0.0,5893,jw05893009008_02101_00002_nrcb2_cal.fits,117573120,266448265,PUBLIC,2,F200W
266230577,JWST,image,jw05893009008_02101_00002_nrca2,exposure (L2b): 2D calibrated exposure average over integrations,S,mast:JWST/product/jw05893009008_02101_00002_nrca2_cal.fits,SCIENCE,,CAL,,CALJWST,2.0.0,5893,jw05893009008_02101_00002_nrca2_cal.fits,117570240,266448265,PUBLIC,2,F200W
266230578,JWST,image,jw05893009008_02101_00003_nrcb4,exposure (L2b): 2D calibrated exposure average over integrations,S,mast:JWST/product/jw05893009008_02101_00003_nrcb4_cal.fits,SCIENCE,,CAL,,CALJWST,2.0.0,5893,jw05893009008_02101_00003_nrcb4_cal.fits,117573120,266448265,PUBLIC,2,F200W
266230581,JWST,image,jw05893009008_02101_00002_nrca3,exposure (L2b): 2D calibrated exposure average over integrations,S,mast:JWST/product/jw05893009008_02101_00002_nrca3_cal.fits,SCIENCE,,CAL,,CALJWST,2.0.0,5893,jw05893009008_02101_00002_nrca3_cal.fits,117573120,266448265,PUBLIC,2,F200W
266230582,JWST,image,jw05893009008_02101_00004_nrcb1,exposure (L2b): 2D calibrated exposure average over integrations,S,mast:JWST/product/jw05893009008_02101_00004_nrcb1_cal.fits,SCIENCE,,CAL,,CALJWST,2.0.0,5893,jw05893009008_02101_00004_nrcb1_cal.fits,117573120,266448265,PUBLIC,2,F200W
266230583,JWST,image,jw05893009008_02101_00002_nrcb4,exposure (L2b): 2D calibrated exposure average over integrations,S,mast:JWST/product/jw05893009008_02101_00002_nrcb4_cal.fits,SCIENCE,,CAL,,CALJWST,2.0.0,5893,jw05893009008_02101_00002_nrcb4_cal.fits,117573120,266448265,PUBLIC,2,F200W
266230585,JWST,image,jw05893009008_02101_00002_nrca1,exposure (L2b): 2D calibrated exposure average over integrations,S,mast:JWST/product/jw05893009008_02101_00002_nrca1_cal.fits,SCIENCE,,CAL,,CALJWST,2.0.0,5893,jw05893009008_02101_00002_nrca1_cal.fits,117570240,266448265,PUBLIC,2,F200W
266230587,JWST,image,jw05893009008_02101_00003_nrca3,exposure (L2b): 2D calibrated exposure average over integrations,S,mast:JWST/product/jw05893009008_02101_00003_nrca3_cal.fits,SCIENCE,,CAL,,CALJWST,2.0.0,5893,jw05893009008_02101_00003_nrca3_cal.fits,117573120,266448265,PUBLIC,2,F200W
266230597,JWST,image,jw05893009008_02101_00005_nrca4,exposure (L2b): 2D calibrated exposure average over integrations,S,mast:JWST/product/jw05893009008_02101_00005_nrca4_cal.fits,SCIENCE,,CAL,,CALJWST,2.0.0,5893,jw05893009008_02101_00005_nrca4_cal.fits,117573120,266448265,PUBLIC,2,F200W
266230598,JWST,image,jw05893009008_02101_00006_nrca4,exposure (L2b): 2D calibrated exposure average over integrations,S,mast:JWST/product/jw05893009008_02101_00006_nrca4_cal.fits,SCIENCE,,CAL,,CALJWST,2.0.0,5893,jw05893009008_02101_00006_nrca4_cal.fits,117573120,266448265,PUBLIC,2,F200W
266230599,JWST,image,jw05893009008_02101_00004_nrcb4,exposure (L2b): 2D calibrated exposure average over integrations,S,mast:JWST/product/jw05893009008_02101_00004_nrcb4_cal.fits,SCIENCE,,CAL,,CALJWST,2.0.0,5893,jw05893009008_02101_00004_nrcb4_cal.fits,117573120,266448265,PUBLIC,2,F200W
266230601,JWST,image,jw05893009008_02101_00005_nrca2,exposure (L2b): 2D calibrated exposure average over integrations,S,mast:JWST/product/jw05893009008_02101_00005_nrca2_cal.fits,SCIENCE,,CAL,,CALJWST,2.0.0,5893,jw05893009008_02101_00005_nrca2_cal.fits,117570240,266448265,PUBLIC,2,F200W
266230605,JWST,image,jw05893009008_02101_00004_nrca3,exposure (L2b): 2D calibrated exposure average over integrations,S,mast:JWST/product/jw05893009008_02101_00004_nrca3_cal.fits,SCIENCE,,CAL,,CALJWST,2.0.0,5893,jw05893009008_02101_00004_nrca3_cal.fits,117573120,266448265,PUBLIC,2,F200W
266230606,JWST,image,jw05893009008_02101_00004_nrca4,exposure (L2b): 2D calibrated exposure average over integrations,S,mast:JWST/product/jw05893009008_02101_00004_nrca4_cal.fits,SCIENCE,,CAL,,CALJWST,2.0.0,5893,jw05893009008_02101_00004_nrca4_cal.fits,117573120,266448265,PUBLIC,2,F200W
266230607,JWST,image,jw05893009008_02101_00005_nrca1,exposure (L2b): 2D calibrated exposure average over integrations,S,mast:JWST/product/jw05893009008_02101_00005_nrca1_cal.fits,SCIENCE,,CAL,,CALJWST,2.0.0,5893,jw05893009008_02101_00005_nrca1_cal.fits,117570240,266448265,PUBLIC,2,F200W
266230608,JWST,image,jw05893009008_02101_00004_nrca2,exposure (L2b): 2D calibrated exposure average over integrations,S,mast:JWST/product/jw05893009008_02101_00004_nrca2_cal.fits,SCIENCE,,CAL,,CALJWST,2.0.0,5893,jw05893009008_02101_00004_nrca2_cal.fits,117570240,266448265,PUBLIC,2,F200W
266230610,JWST,image,jw05893009008_02101_00004_nrcb3,exposure (L2b): 2D calibrated exposure average over integrations,S,mast:JWST/product/jw05893009008_02101_00004_nrcb3_cal.fits,SCIENCE,,CAL,,CALJWST,2.0.0,5893,jw05893009008_02101_00004_nrcb3_cal.fits,117573120,266448265,PUBLIC,2,F200W
266230612,JWST,image,jw05893009008_02101_00005_nrcb3,exposure (L2b): 2D calibrated exposure average over integrations,S,mast:JWST/product/jw05893009008_02101_00005_nrcb3_cal.fits,SCIENCE,,CAL,,CALJWST,2.0.0,5893,jw05893009008_02101_00005_nrcb3_cal.fits,117573120,266448265,PUBLIC,2,F200W
266230614,JWST,image,jw05893009008_02101_00005_nrcb2,exposure (L2b): 2D calibrated exposure average over integrations,S,mast:JWST/product/jw05893009008_02101_00005_nrcb2_cal.fits,SCIENCE,,CAL,,CALJWST,2.0.0,5893,jw05893009008_02101_00005_nrcb2_cal.fits,117573120,266448265,PUBLIC,2,F200W
266230615,JWST,image,jw05893009008_02101_00006_nrcb2,exposure (L2b): 2D calibrated exposure average over integrations,S,mast:JWST/product/jw05893009008_02101_00006_nrcb2_cal.fits,SCIENCE,,CAL,,CALJWST,2.0.0,5893,jw05893009008_02101_00006_nrcb2_cal.fits,117573120,266448265,PUBLIC,2,F200W
266230617,JWST,image,jw05893009008_02101_00006_nrcb3,exposure (L2b): 2D calibrated exposure average over integrations,S,mast:JWST/product/jw05893009008_02101_00006_nrcb3_cal.fits,SCIENCE,,CAL,,CALJWST,2.0.0,5893,jw05893009008_02101_00006_nrcb3_cal.fits,117573120,266448265,PUBLIC,2,F200W
266230619,JWST,image,jw05893009008_02101_00005_nrca3,exposure (L2b): 2D calibrated exposure average over integrations,S,mast:JWST/product/jw05893009008_02101_00005_nrca3_cal.fits,SCIENCE,,CAL,,CALJWST,2.0.0,5893,jw05893009008_02101_00005_nrca3_cal.fits,117573120,266448265,PUBLIC,2,F200W
266230621,JWST,image,jw05893009008_02101_00006_nrca1,exposure (L2b): 2D calibrated exposure average over integrations,S,mast:JWST/product/jw05893009008_02101_00006_nrca1_cal.fits,SCIENCE,,CAL,,CALJWST,2.0.0,5893,jw05893009008_02101_00006_nrca1_cal.fits,117570240,266448265,PUBLIC,2,F200W
266230622,JWST,image,jw05893009008_02101_00004_nrcb2,exposure (L2b): 2D calibrated exposure average over integrations,S,mast:JWST/product/jw05893009008_02101_00004_nrcb2_cal.fits,SCIENCE,,CAL,,CALJWST,2.0.0,5893,jw05893009008_02101_00004_nrcb2_cal.fits,117573120,266448265,PUBLIC,2,F200W
266230628,JWST,image,jw05893009008_02101_00004_nrca1,exposure (L2b): 2D calibrated exposure average over integrations,S,mast:JWST/product/jw05893009008_02101_00004_nrca1_cal.fits,SCIENCE,,CAL,,CALJWST,2.0.0,5893,jw05893009008_02101_00004_nrca1_cal.fits,117570240,266448265,PUBLIC,2,F200W
266230631,JWST,image,jw05893009008_02101_00006_nrca3,exposure (L2b): 2D calibrated exposure average over integrations,S,mast:JWST/product/jw05893009008_02101_00006_nrca3_cal.fits,SCIENCE,,CAL,,CALJWST,2.0.0,5893,jw05893009008_02101_00006_nrca3_cal.fits,117573120,266448265,PUBLIC,2,F200W
266230632,JWST,image,jw05893009008_02101_00005_nrcb1,exposure (L2b): 2D calibrated exposure average over integrations,S,mast:JWST/product/jw05893009008_02101_00005_nrcb1_cal.fits,SCIENCE,,CAL,,CALJWST,2.0.0,5893,jw05893009008_02101_00005_nrcb1_cal.fits,117573120,266448265,PUBLIC,2,F200W
266230633,JWST,image,jw05893009008_02101_00005_nrcb4,exposure (L2b): 2D calibrated exposure average over integrations,S,mast:JWST/product/jw05893009008_02101_00005_nrcb4_cal.fits,SCIENCE,,CAL,,CALJWST,2.0.0,5893,jw05893009008_02101_00005_nrcb4_cal.fits,117573120,266448265,PUBLIC,2,F200W
266230634,JWST,image,jw05893009008_02101_00006_nrca2,exposure (L2b): 2D calibrated exposure average over integrations,S,mast:JWST/product/jw05893009008_02101_00006_nrca2_cal.fits,SCIENCE,,CAL,,CALJWST,2.0.0,5893,jw05893009008_02101_00006_nrca2_cal.fits,117570240,266448265,PUBLIC,2,F200W
266230637,JWST,image,jw05893009008_02101_00006_nrcb1,exposure (L2b): 2D calibrated exposure average over integrations,S,mast:JWST/product/jw05893009008_02101_00006_nrcb1_cal.fits,SCIENCE,,CAL,,CALJWST,2.0.0,5893,jw05893009008_02101_00006_nrcb1_cal.fits,117573120,266448265,PUBLIC,2,F200W
266230638,JWST,image,jw05893009008_02101_00006_nrcb4,exposure (L2b): 2D calibrated exposure average over integrations,S,mast:JWST/product/jw05893009008_02101_00006_nrcb4_cal.fits,SCIENCE,,CAL,,CALJWST,2.0.0,5893,jw05893009008_02101_00006_nrcb4_cal.fits,117573120,266448265,PUBLIC,2,F200W
266230673,JWST,image,jw05893009006_02101_00001_nrcb1,exposure (L2b): 2D calibrated exposure average over integrations,S,mast:JWST/product/jw05893009006_02101_00001_nrcb1_cal.fits,SCIENCE,,CAL,,CALJWST,2.0.0,5893,jw05893009006_02101_00001_nrcb1_cal.fits,117573120,266448265,PUBLIC,2,F200W
266230674,JWST,image,jw05893009006_02101_00001_nrca1,exposure (L2b): 2D calibrated exposure average over integrations,S,mast:JWST/product/jw05893009006_02101_00001_nrca1_cal.fits,SCIENCE,,CAL,,CALJWST,2.0.0,5893,jw05893009006_02101_00001_nrca1_cal.fits,117570240,266448265,PUBLIC,2,F200W
266230675,JWST,image,jw05893009006_02101_00001_nrcb4,exposure (L2b): 2D calibrated exposure average over integrations,S,mast:JWST/product/jw05893009006_02101_00001_nrcb4_cal.fits,SCIENCE,,CAL,,CALJWST,2.0.0,5893,jw05893009006_02101_00001_nrcb4_cal.fits,117573120,266448265,PUBLIC,2,F200W
266230677,JWST,image,jw05893009006_02101_00001_nrca2,exposure (L2b): 2D calibrated exposure average over integrations,S,mast:JWST/product/jw05893009006_02101_00001_nrca2_cal.fits,SCIENCE,,CAL,,CALJWST,2.0.0,5893,jw05893009006_02101_00001_nrca2_cal.fits,117570240,266448265,PUBLIC,2,F200W
266230678,JWST,image,jw05893009006_02101_00001_nrca3,exposure (L2b): 2D calibrated exposure average over integrations,S,mast:JWST/product/jw05893009006_02101_00001_nrca3_cal.fits,SCIENCE,,CAL,,CALJWST,2.0.0,5893,jw05893009006_02101_00001_nrca3_cal.fits,117573120,266448265,PUBLIC,2,F200W
266230679,JWST,image,jw05893009006_02101_00001_nrca4,exposure (L2b): 2D calibrated exposure average over integrations,S,mast:JWST/product/jw05893009006_02101_00001_nrca4_cal.fits,SCIENCE,,CAL,,CALJWST,2.0.0,5893,jw05893009006_02101_00001_nrca4_cal.fits,117573120,266448265,PUBLIC,2,F200W
266230680,JWST,image,jw05893009006_02101_00001_nrcb2,exposure (L2b): 2D calibrated exposure average over integrations,S,mast:JWST/product/jw05893009006_02101_00001_nrcb2_cal.fits,SCIENCE,,CAL,,CALJWST,2.0.0,5893,jw05893009006_02101_00001_nrcb2_cal.fits,117573120,266448265,PUBLIC,2,F200W
266230682,JWST,image,jw05893009006_02101_00001_nrcb3,exposure (L2b): 2D calibrated exposure average over integrations,S,mast:JWST/product/jw05893009006_02101_00001_nrcb3_cal.fits,SCIENCE,,CAL,,CALJWST,2.0.0,5893,jw05893009006_02101_00001_nrcb3_cal.fits,117573120,266448265,PUBLIC,2,F200W
266230684,JWST,image,jw05893009006_02101_00002_nrca4,exposure (L2b): 2D calibrated exposure average over integrations,S,mast:JWST/product/jw05893009006_02101_00002_nrca4_cal.fits,SCIENCE,,CAL,,CALJWST,2.0.0,5893,jw05893009006_02101_00002_nrca4_cal.fits,117573120,266448265,PUBLIC,2,F200W
266230685,JWST,image,jw05893009006_02101_00002_nrca1,exposure (L2b): 2D calibrated exposure average over integrations,S,mast:JWST/product/jw05893009006_02101_00002_nrca1_cal.fits,SCIENCE,,CAL,,CALJWST,2.0.0,5893,jw05893009006_02101_00002_nrca1_cal.fits,117570240,266448265,PUBLIC,2,F200W
266230686,JWST,image,jw05893009006_02101_00002_nrcb4,exposure (L2b): 2D calibrated exposure average over integrations,S,mast:JWST/product/jw05893009006_02101_00002_nrcb4_cal.fits,SCIENCE,,CAL,,CALJWST,2.0.0,5893,jw05893009006_02101_00002_nrcb4_cal.fits,117573120,266448265,PUBLIC,2,F200W
266230687,JWST,image,jw05893009006_02101_00002_nrca2,exposure (L2b): 2D calibrated exposure average over integrations,S,mast:JWST/product/jw05893009006_02101_00002_nrca2_cal.fits,SCIENCE,,CAL,,CALJWST,2.0.0,5893,jw05893009006_02101_00002_nrca2_cal.fits,117570240,266448265,PUBLIC,2,F200W
266230688,JWST,image,jw05893009006_02101_00002_nrca3,exposure (L2b): 2D calibrated exposure average over integrations,S,mast:JWST/product/jw05893009006_02101_00002_nrca3_cal.fits,SCIENCE,,CAL,,CALJWST,2.0.0,5893,jw05893009006_02101_00002_nrca3_cal.fits,117573120,266448265,PUBLIC,2,F200W
266230689,JWST,image,jw05893009006_02101_00002_nrcb3,exposure (L2b): 2D calibrated exposure average over integrations,S,mast:JWST/product/jw05893009006_02101_00002_nrcb3_cal.fits,SCIENCE,,CAL,,CALJWST,2.0.0,5893,jw05893009006_02101_00002_nrcb3_cal.fits,117573120,266448265,PUBLIC,2,F200W
266230690,JWST,image,jw05893009006_02101_00002_nrcb2,exposure (L2b): 2D calibrated exposure average over integrations,S,mast:JWST/product/jw05893009006_02101_00002_nrcb2_cal.fits,SCIENCE,,CAL,,CALJWST,2.0.0,5893,jw05893009006_02101_00002_nrcb2_cal.fits,117573120,266448265,PUBLIC,2,F200W
266230691,JWST,image,jw05893009006_02101_00002_nrcb1,exposure (L2b): 2D calibrated exposure average over integrations,S,mast:JWST/product/jw05893009006_02101_00002_nrcb1_cal.fits,SCIENCE,,CAL,,CALJWST,2.0.0,5893,jw05893009006_02101_00002_nrcb1_cal.fits,117573120,266448265,PUBLIC,2,F200W
266230708,JWST,image,jw05893009006_02101_00003_nrcb2,exposure (L2b): 2D calibrated exposure average over integrations,S,mast:JWST/product/jw05893009006_02101_00003_nrcb2_cal.fits,SCIENCE,,CAL,,CALJWST,2.0.0,5893,jw05893009006_02101_00003_nrcb2_cal.fits,117573120,266448265,PUBLIC,2,F200W
266230710,JWST,image,jw05893009006_02101_00005_nrcb1,exposure (L2b): 2D calibrated exposure average over integrations,S,mast:JWST/product/jw05893009006_02101_00005_nrcb1_cal.fits,SCIENCE,,CAL,,CALJWST,2.0.0,5893,jw05893009006_02101_00005_nrcb1_cal.fits,117573120,266448265,PUBLIC,2,F200W
266230711,JWST,image,jw05893009006_02101_00005_nrca4,exposure (L2b): 2D calibrated exposure average over integrations,S,mast:JWST/product/jw05893009006_02101_00005_nrca4_cal.fits,SCIENCE,,CAL,,CALJWST,2.0.0,5893,jw05893009006_02101_00005_nrca4_cal.fits,117573120,266448265,PUBLIC,2,F200W
266230712,JWST,image,jw05893009006_02101_00004_nrca3,exposure (L2b): 2D calibrated exposure average over integrations,S,mast:JWST/product/jw05893009006_02101_00004_nrca3_cal.fits,SCIENCE,,CAL,,CALJWST,2.0.0,5893,jw05893009006_02101_00004_nrca3_cal.fits,117573120,266448265,PUBLIC,2,F200W
266230713,JWST,image,jw05893009006_02101_00003_nrca1,exposure (L2b): 2D calibrated exposure average over integrations,S,mast:JWST/product/jw05893009006_02101_00003_nrca1_cal.fits,SCIENCE,,CAL,,CALJWST,2.0.0,5893,jw05893009006_02101_00003_nrca1_cal.fits,117570240,266448265,PUBLIC,2,F200W
266230714,JWST,image,jw05893009006_02101_00003_nrcb3,exposure (L2b): 2D calibrated exposure average over integrations,S,mast:JWST/product/jw05893009006_02101_00003_nrcb3_cal.fits,SCIENCE,,CAL,,CALJWST,2.0.0,5893,jw05893009006_02101_00003_nrcb3_cal.fits,117573120,266448265,PUBLIC,2,F200W
266230717,JWST,image,jw05893009006_02101_00006_nrca2,exposure (L2b): 2D calibrated exposure average over integrations,S,mast:JWST/product/jw05893009006_02101_00006_nrca2_cal.fits,SCIENCE,,CAL,,CALJWST,2.0.0,5893,jw05893009006_02101_00006_nrca2_cal.fits,117570240,266448265,PUBLIC,2,F200W
266230718,JWST,image,jw05893009006_02101_00004_nrca1,exposure (L2b): 2D calibrated exposure average over integrations,S,mast:JWST/product/jw05893009006_02101_00004_nrca1_cal.fits,SCIENCE,,CAL,,CALJWST,2.0.0,5893,jw05893009006_02101_00004_nrca1_cal.fits,117570240,266448265,PUBLIC,2,F200W
266230719,JWST,image,jw05893009006_02101_00005_nrcb3,exposure (L2b): 2D calibrated exposure average over integrations,S,mast:JWST/product/jw05893009006_02101_00005_nrcb3_cal.fits,SCIENCE,,CAL,,CALJWST,2.0.0,5893,jw05893009006_02101_00005_nrcb3_cal.fits,117573120,266448265,PUBLIC,2,F200W
266230720,JWST,image,jw05893009006_02101_00003_nrca3,exposure (L2b): 2D calibrated exposure average over integrations,S,mast:JWST/product/jw05893009006_02101_00003_nrca3_cal.fits,SCIENCE,,CAL,,CALJWST,2.0.0,5893,jw05893009006_02101_00003_nrca3_cal.fits,117573120,266448265,PUBLIC,2,F200W
266230721,JWST,image,jw05893009006_02101_00005_nrca2,exposure (L2b): 2D calibrated exposure average over integrations,S,mast:JWST/product/jw05893009006_02101_00005_nrca2_cal.fits,SCIENCE,,CAL,,CALJWST,2.0.0,5893,jw05893009006_02101_00005_nrca2_cal.fits,117570240,266448265,PUBLIC,2,F200W
266230722,JWST,image,jw05893009006_02101_00005_nrca3,exposure (L2b): 2D calibrated exposure average over integrations,S,mast:JWST/product/jw05893009006_02101_00005_nrca3_cal.fits,SCIENCE,,CAL,,CALJWST,2.0.0,5893,jw05893009006_02101_00005_nrca3_cal.fits,117573120,266448265,PUBLIC,2,F200W
266230724,JWST,image,jw05893009006_02101_00005_nrcb4,exposure (L2b): 2D calibrated exposure average over integrations,S,mast:JWST/product/jw05893009006_02101_00005_nrcb4_cal.fits,SCIENCE,,CAL,,CALJWST,2.0.0,5893,jw05893009006_02101_00005_nrcb4_cal.fits,117573120,266448265,PUBLIC,2,F200W
266230725,JWST,image,jw05893009006_02101_00006_nrcb1,exposure (L2b): 2D calibrated exposure average over integrations,S,mast:JWST/product/jw05893009006_02101_00006_nrcb1_cal.fits,SCIENCE,,CAL,,CALJWST,2.0.0,5893,jw05893009006_02101_00006_nrcb1_cal.fits,117573120,266448265,PUBLIC,2,F200W
266230726,JWST,image,jw05893009006_02101_00003_nrca4,exposure (L2b): 2D calibrated exposure average over integrations,S,mast:JWST/product/jw05893009006_02101_00003_nrca4_cal.fits,SCIENCE,,CAL,,CALJWST,2.0.0,5893,jw05893009006_02101_00003_nrca4_cal.fits,117573120,266448265,PUBLIC,2,F200W
266230727,JWST,image,jw05893009006_02101_00003_nrcb4,exposure (L2b): 2D calibrated exposure average over integrations,S,mast:JWST/product/jw05893009006_02101_00003_nrcb4_cal.fits,SCIENCE,,CAL,,CALJWST,2.0.0,5893,jw05893009006_02101_00003_nrcb4_cal.fits,117573120,266448265,PUBLIC,2,F200W
266230728,JWST,image,jw05893009006_02101_00004_nrca4,exposure (L2b): 2D calibrated exposure average over integrations,S,mast:JWST/product/jw05893009006_02101_00004_nrca4_cal.fits,SCIENCE,,CAL,,CALJWST,2.0.0,5893,jw05893009006_02101_00004_nrca4_cal.fits,117573120,266448265,PUBLIC,2,F200W
266230729,JWST,image,jw05893009006_02101_00005_nrcb2,exposure (L2b): 2D calibrated exposure average over integrations,S,mast:JWST/product/jw05893009006_02101_00005_nrcb2_cal.fits,SCIENCE,,CAL,,CALJWST,2.0.0,5893,jw05893009006_02101_00005_nrcb2_cal.fits,117573120,266448265,PUBLIC,2,F200W
266230730,JWST,image,jw05893009006_02101_00004_nrca2,exposure (L2b): 2D calibrated exposure average over integrations,S,mast:JWST/product/jw05893009006_02101_00004_nrca2_cal.fits,SCIENCE,,CAL,,CALJWST,2.0.0,5893,jw05893009006_02101_00004_nrca2_cal.fits,117570240,266448265,PUBLIC,2,F200W
266230731,JWST,image,jw05893009006_02101_00003_nrcb1,exposure (L2b): 2D calibrated exposure average over integrations,S,mast:JWST/product/jw05893009006_02101_00003_nrcb1_cal.fits,SCIENCE,,CAL,,CALJWST,2.0.0,5893,jw05893009006_02101_00003_nrcb1_cal.fits,117573120,266448265,PUBLIC,2,F200W
266230733,JWST,image,jw05893009006_02101_00006_nrca1,exposure (L2b): 2D calibrated exposure average over integrations,S,mast:JWST/product/jw05893009006_02101_00006_nrca1_cal.fits,SCIENCE,,CAL,,CALJWST,2.0.0,5893,jw05893009006_02101_00006_nrca1_cal.fits,117570240,266448265,PUBLIC,2,F200W
266230735,JWST,image,jw05893009006_02101_00004_nrcb3,exposure (L2b): 2D calibrated exposure average over integrations,S,mast:JWST/product/jw05893009006_02101_00004_nrcb3_cal.fits,SCIENCE,,CAL,,CALJWST,2.0.0,5893,jw05893009006_02101_00004_nrcb3_cal.fits,117573120,266448265,PUBLIC,2,F200W
266230737,JWST,image,jw05893009006_02101_00004_nrcb4,exposure (L2b): 2D calibrated exposure average over integrations,S,mast:JWST/product/jw05893009006_02101_00004_nrcb4_cal.fits,SCIENCE,,CAL,,CALJWST,2.0.0,5893,jw05893009006_02101_00004_nrcb4_cal.fits,117573120,266448265,PUBLIC,2,F200W
266230739,JWST,image,jw05893009006_02101_00006_nrca4,exposure (L2b): 2D calibrated exposure average over integrations,S,mast:JWST/product/jw05893009006_02101_00006_nrca4_cal.fits,SCIENCE,,CAL,,CALJWST,2.0.0,5893,jw05893009006_02101_00006_nrca4_cal.fits,117573120,266448265,PUBLIC,2,F200W
266230740,JWST,image,jw05893009006_02101_00003_nrca2,exposure (L2b): 2D calibrated exposure average over integrations,S,mast:JWST/product/jw05893009006_02101_00003_nrca2_cal.fits,SCIENCE,,CAL,,CALJWST,2.0.0,5893,jw05893009006_02101_00003_nrca2_cal.fits,117570240,266448265,PUBLIC,2,F200W
266230741,JWST,image,jw05893009006_02101_00005_nrca1,exposure (L2b): 2D calibrated exposure average over integrations,S,mast:JWST/product/jw05893009006_02101_00005_nrca1_cal.fits,SCIENCE,,CAL,,CALJWST,2.0.0,5893,jw05893009006_02101_00005_nrca1_cal.fits,117570240,266448265,PUBLIC,2,F200W
266230742,JWST,image,jw05893009006_02101_00004_nrcb2,exposure (L2b): 2D calibrated exposure average over integrations,S,mast:JWST/product/jw05893009006_02101_00004_nrcb2_cal.fits,SCIENCE,,CAL,,CALJWST,2.0.0,5893,jw05893009006_02101_00004_nrcb2_cal.fits,117573120,266448265,PUBLIC,2,F200W
266230743,JWST,image,jw05893009006_02101_00006_nrcb2,exposure (L2b): 2D calibrated exposure average over integrations,S,mast:JWST/product/jw05893009006_02101_00006_nrcb2_cal.fits,SCIENCE,,CAL,,CALJWST,2.0.0,5893,jw05893009006_02101_00006_nrcb2_cal.fits,117573120,266448265,PUBLIC,2,F200W
266230745,JWST,image,jw05893009006_02101_00004_nrcb1,exposure (L2b): 2D calibrated exposure average over integrations,S,mast:JWST/product/jw05893009006_02101_00004_nrcb1_cal.fits,SCIENCE,,CAL,,CALJWST,2.0.0,5893,jw05893009006_02101_00004_nrcb1_cal.fits,117573120,266448265,PUBLIC,2,F200W
266230782,JWST,image,jw05893009006_02101_00006_nrca3,exposure (L2b): 2D calibrated exposure average over integrations,S,mast:JWST/product/jw05893009006_02101_00006_nrca3_cal.fits,SCIENCE,,CAL,,CALJWST,2.0.0,5893,jw05893009006_02101_00006_nrca3_cal.fits,117573120,266448265,PUBLIC,2,F200W
266230791,JWST,image,jw05893009005_02101_00001_nrca4,exposure (L2b): 2D calibrated exposure average over integrations,S,mast:JWST/product/jw05893009005_02101_00001_nrca4_cal.fits,SCIENCE,,CAL,,CALJWST,2.0.0,5893,jw05893009005_02101_00001_nrca4_cal.fits,117573120,266448265,PUBLIC,2,F200W
266230793,JWST,image,jw05893009005_02101_00001_nrcb4,exposure (L2b): 2D calibrated exposure average over integrations,S,mast:JWST/product/jw05893009005_02101_00001_nrcb4_cal.fits,SCIENCE,,CAL,,CALJWST,2.0.0,5893,jw05893009005_02101_00001_nrcb4_cal.fits,117573120,266448265,PUBLIC,2,F200W
266230794,JWST,image,jw05893009005_02101_00001_nrca1,exposure (L2b): 2D calibrated exposure average over integrations,S,mast:JWST/product/jw05893009005_02101_00001_nrca1_cal.fits,SCIENCE,,CAL,,CALJWST,2.0.0,5893,jw05893009005_02101_00001_nrca1_cal.fits,117570240,266448265,PUBLIC,2,F200W
266230795,JWST,image,jw05893009005_02101_00001_nrca3,exposure (L2b): 2D calibrated exposure average over integrations,S,mast:JWST/product/jw05893009005_02101_00001_nrca3_cal.fits,SCIENCE,,CAL,,CALJWST,2.0.0,5893,jw05893009005_02101_00001_nrca3_cal.fits,117573120,266448265,PUBLIC,2,F200W
266230799,JWST,image,jw05893009005_02101_00001_nrcb1,exposure (L2b): 2D calibrated exposure average over integrations,S,mast:JWST/product/jw05893009005_02101_00001_nrcb1_cal.fits,SCIENCE,,CAL,,CALJWST,2.0.0,5893,jw05893009005_02101_00001_nrcb1_cal.fits,117573120,266448265,PUBLIC,2,F200W
266230800,JWST,image,jw05893009005_02101_00001_nrca2,exposure (L2b): 2D calibrated exposure average over integrations,S,mast:JWST/product/jw05893009005_02101_00001_nrca2_cal.fits,SCIENCE,,CAL,,CALJWST,2.0.0,5893,jw05893009005_02101_00001_nrca2_cal.fits,117570240,266448265,PUBLIC,2,F200W
266230801,JWST,image,jw05893009005_02101_00001_nrcb3,exposure (L2b): 2D calibrated exposure average over integrations,S,mast:JWST/product/jw05893009005_02101_00001_nrcb3_cal.fits,SCIENCE,,CAL,,CALJWST,2.0.0,5893,jw05893009005_02101_00001_nrcb3_cal.fits,117573120,266448265,PUBLIC,2,F200W
266230803,JWST,image,jw05893009005_02101_00001_nrcb2,exposure (L2b): 2D calibrated exposure average over integrations,S,mast:JWST/product/jw05893009005_02101_00001_nrcb2_cal.fits,SCIENCE,,CAL,,CALJWST,2.0.0,5893,jw05893009005_02101_00001_nrcb2_cal.fits,117573120,266448265,PUBLIC,2,F200W
266230805,JWST,image,jw05893009006_02101_00006_nrcb3,exposure (L2b): 2D calibrated exposure average over integrations,S,mast:JWST/product/jw05893009006_02101_00006_nrcb3_cal.fits,SCIENCE,,CAL,,CALJWST,2.0.0,5893,jw05893009006_02101_00006_nrcb3_cal.fits,117573120,266448265,PUBLIC,2,F200W
266230808,JWST,image,jw05893009006_02101_00006_nrcb4,exposure (L2b): 2D calibrated exposure average over integrations,S,mast:JWST/product/jw05893009006_02101_00006_nrcb4_cal.fits,SCIENCE,,CAL,,CALJWST,2.0.0,5893,jw05893009006_02101_00006_nrcb4_cal.fits,117573120,266448265,PUBLIC,2,F200W
266230810,JWST,image,jw05893009005_02101_00002_nrca2,exposure (L2b): 2D calibrated exposure average over integrations,S,mast:JWST/product/jw05893009005_02101_00002_nrca2_cal.fits,SCIENCE,,CAL,,CALJWST,2.0.0,5893,jw05893009005_02101_00002_nrca2_cal.fits,117570240,266448265,PUBLIC,2,F200W
266230811,JWST,image,jw05893009005_02101_00002_nrcb3,exposure (L2b): 2D calibrated exposure average over integrations,S,mast:JWST/product/jw05893009005_02101_00002_nrcb3_cal.fits,SCIENCE,,CAL,,CALJWST,2.0.0,5893,jw05893009005_02101_00002_nrcb3_cal.fits,117573120,266448265,PUBLIC,2,F200W
266230814,JWST,image,jw05893009005_02101_00002_nrcb2,exposure (L2b): 2D calibrated exposure average over integrations,S,mast:JWST/product/jw05893009005_02101_00002_nrcb2_cal.fits,SCIENCE,,CAL,,CALJWST,2.0.0,5893,jw05893009005_02101_00002_nrcb2_cal.fits,117573120,266448265,PUBLIC,2,F200W
266230815,JWST,image,jw05893009005_02101_00002_nrca4,exposure (L2b): 2D calibrated exposure average over integrations,S,mast:JWST/product/jw05893009005_02101_00002_nrca4_cal.fits,SCIENCE,,CAL,,CALJWST,2.0.0,5893,jw05893009005_02101_00002_nrca4_cal.fits,117573120,266448265,PUBLIC,2,F200W
266230816,JWST,image,jw05893009005_02101_00002_nrcb1,exposure (L2b): 2D calibrated exposure average over integrations,S,mast:JWST/product/jw05893009005_02101_00002_nrcb1_cal.fits,SCIENCE,,CAL,,CALJWST,2.0.0,5893,jw05893009005_02101_00002_nrcb1_cal.fits,117573120,266448265,PUBLIC,2,F200W
266230817,JWST,image,jw05893009005_02101_00002_nrcb4,exposure (L2b): 2D calibrated exposure average over integrations,S,mast:JWST/product/jw05893009005_02101_00002_nrcb4_cal.fits,SCIENCE,,CAL,,CALJWST,2.0.0,5893,jw05893009005_02101_00002_nrcb4_cal.fits,117573120,266448265,PUBLIC,2,F200W
266230818,JWST,image,jw05893009005_02101_00002_nrca3,exposure (L2b): 2D calibrated exposure average over integrations,S,mast:JWST/product/jw05893009005_02101_00002_nrca3_cal.fits,SCIENCE,,CAL,,CALJWST,2.0.0,5893,jw05893009005_02101_00002_nrca3_cal.fits,117573120,266448265,PUBLIC,2,F200W
266230823,JWST,image,jw05893009005_02101_00005_nrcb3,exposure (L2b): 2D calibrated exposure average over integrations,S,mast:JWST/product/jw05893009005_02101_00005_nrcb3_cal.fits,SCIENCE,,CAL,,CALJWST,2.0.0,5893,jw05893009005_02101_00005_nrcb3_cal.fits,117573120,266448265,PUBLIC,2,F200W
266230824,JWST,image,jw05893009005_02101_00005_nrcb4,exposure (L2b): 2D calibrated exposure average over integrations,S,mast:JWST/product/jw05893009005_02101_00005_nrcb4_cal.fits,SCIENCE,,CAL,,CALJWST,2.0.0,5893,jw05893009005_02101_00005_nrcb4_cal.fits,117573120,266448265,PUBLIC,2,F200W
266230825,JWST,image,jw05893009005_02101_00003_nrcb2,exposure (L2b): 2D calibrated exposure average over integrations,S,mast:JWST/product/jw05893009005_02101_00003_nrcb2_cal.fits,SCIENCE,,CAL,,CALJWST,2.0.0,5893,jw05893009005_02101_00003_nrcb2_cal.fits,117573120,266448265,PUBLIC,2,F200W
266230827,JWST,image,jw05893009005_02101_00004_nrca2,exposure (L2b): 2D calibrated exposure average over integrations,S,mast:JWST/product/jw05893009005_02101_00004_nrca2_cal.fits,SCIENCE,,CAL,,CALJWST,2.0.0,5893,jw05893009005_02101_00004_nrca2_cal.fits,117570240,266448265,PUBLIC,2,F200W
266230828,JWST,image,jw05893009005_02101_00006_nrcb2,exposure (L2b): 2D calibrated exposure average over integrations,S,mast:JWST/product/jw05893009005_02101_00006_nrcb2_cal.fits,SCIENCE,,CAL,,CALJWST,2.0.0,5893,jw05893009005_02101_00006_nrcb2_cal.fits,117573120,266448265,PUBLIC,2,F200W
266230830,JWST,image,jw05893009005_02101_00006_nrca1,exposure (L2b): 2D calibrated exposure average over integrations,S,mast:JWST/product/jw05893009005_02101_00006_nrca1_cal.fits,SCIENCE,,CAL,,CALJWST,2.0.0,5893,jw05893009005_02101_00006_nrca1_cal.fits,117570240,266448265,PUBLIC,2,F200W
266230831,JWST,image,jw05893009005_02101_00004_nrca4,exposure (L2b): 2D calibrated exposure average over integrations,S,mast:JWST/product/jw05893009005_02101_00004_nrca4_cal.fits,SCIENCE,,CAL,,CALJWST,2.0.0,5893,jw05893009005_02101_00004_nrca4_cal.fits,117573120,266448265,PUBLIC,2,F200W
266230832,JWST,image,jw05893009005_02101_00004_nrca3,exposure (L2b): 2D calibrated exposure average over integrations,S,mast:JWST/product/jw05893009005_02101_00004_nrca3_cal.fits,SCIENCE,,CAL,,CALJWST,2.0.0,5893,jw05893009005_02101_00004_nrca3_cal.fits,117573120,266448265,PUBLIC,2,F200W
266230833,JWST,image,jw05893009005_02101_00006_nrca4,exposure (L2b): 2D calibrated exposure average over integrations,S,mast:JWST/product/jw05893009005_02101_00006_nrca4_cal.fits,SCIENCE,,CAL,,CALJWST,2.0.0,5893,jw05893009005_02101_00006_nrca4_cal.fits,117573120,266448265,PUBLIC,2,F200W
266230834,JWST,image,jw05893009005_02101_00004_nrcb4,exposure (L2b): 2D calibrated exposure average over integrations,S,mast:JWST/product/jw05893009005_02101_00004_nrcb4_cal.fits,SCIENCE,,CAL,,CALJWST,2.0.0,5893,jw05893009005_02101_00004_nrcb4_cal.fits,117573120,266448265,PUBLIC,2,F200W
266230836,JWST,image,jw05893009005_02101_00003_nrca3,exposure (L2b): 2D calibrated exposure average over integrations,S,mast:JWST/product/jw05893009005_02101_00003_nrca3_cal.fits,SCIENCE,,CAL,,CALJWST,2.0.0,5893,jw05893009005_02101_00003_nrca3_cal.fits,117573120,266448265,PUBLIC,2,F200W
266230838,JWST,image,jw05893009005_02101_00003_nrca2,exposure (L2b): 2D calibrated exposure average over integrations,S,mast:JWST/product/jw05893009005_02101_00003_nrca2_cal.fits,SCIENCE,,CAL,,CALJWST,2.0.0,5893,jw05893009005_02101_00003_nrca2_cal.fits,117570240,266448265,PUBLIC,2,F200W
266230839,JWST,image,jw05893009005_02101_00003_nrcb1,exposure (L2b): 2D calibrated exposure average over integrations,S,mast:JWST/product/jw05893009005_02101_00003_nrcb1_cal.fits,SCIENCE,,CAL,,CALJWST,2.0.0,5893,jw05893009005_02101_00003_nrcb1_cal.fits,117573120,266448265,PUBLIC,2,F200W
266230840,JWST,image,jw05893009005_02101_00003_nrca4,exposure (L2b): 2D calibrated exposure average over integrations,S,mast:JWST/product/jw05893009005_02101_00003_nrca4_cal.fits,SCIENCE,,CAL,,CALJWST,2.0.0,5893,jw05893009005_02101_00003_nrca4_cal.fits,117573120,266448265,PUBLIC,2,F200W
266230842,JWST,image,jw05893009005_02101_00003_nrca1,exposure (L2b): 2D calibrated exposure average over integrations,S,mast:JWST/product/jw05893009005_02101_00003_nrca1_cal.fits,SCIENCE,,CAL,,CALJWST,2.0.0,5893,jw05893009005_02101_00003_nrca1_cal.fits,117570240,266448265,PUBLIC,2,F200W
266230844,JWST,image,jw05893009005_02101_00004_nrcb3,exposure (L2b): 2D calibrated exposure average over integrations,S,mast:JWST/product/jw05893009005_02101_00004_nrcb3_cal.fits,SCIENCE,,CAL,,CALJWST,2.0.0,5893,jw05893009005_02101_00004_nrcb3_cal.fits,117573120,266448265,PUBLIC,2,F200W
266230845,JWST,image,jw05893009005_02101_00005_nrcb1,exposure (L2b): 2D calibrated exposure average over integrations,S,mast:JWST/product/jw05893009005_02101_00005_nrcb1_cal.fits,SCIENCE,,CAL,,CALJWST,2.0.0,5893,jw05893009005_02101_00005_nrcb1_cal.fits,117573120,266448265,PUBLIC,2,F200W
266230846,JWST,image,jw05893009005_02101_00003_nrcb4,exposure (L2b): 2D calibrated exposure average over integrations,S,mast:JWST/product/jw05893009005_02101_00003_nrcb4_cal.fits,SCIENCE,,CAL,,CALJWST,2.0.0,5893,jw05893009005_02101_00003_nrcb4_cal.fits,117573120,266448265,PUBLIC,2,F200W
266230847,JWST,image,jw05893009005_02101_00004_nrcb1,exposure (L2b): 2D calibrated exposure average over integrations,S,mast:JWST/product/jw05893009005_02101_00004_nrcb1_cal.fits,SCIENCE,,CAL,,CALJWST,2.0.0,5893,jw05893009005_02101_00004_nrcb1_cal.fits,117573120,266448265,PUBLIC,2,F200W
266230848,JWST,image,jw05893009005_02101_00005_nrcb2,exposure (L2b): 2D calibrated exposure average over integrations,S,mast:JWST/product/jw05893009005_02101_00005_nrcb2_cal.fits,SCIENCE,,CAL,,CALJWST,2.0.0,5893,jw05893009005_02101_00005_nrcb2_cal.fits,117573120,266448265,PUBLIC,2,F200W
266230849,JWST,image,jw05893009005_02101_00003_nrcb3,exposure (L2b): 2D calibrated exposure average over integrations,S,mast:JWST/product/jw05893009005_02101_00003_nrcb3_cal.fits,SCIENCE,,CAL,,CALJWST,2.0.0,5893,jw05893009005_02101_00003_nrcb3_cal.fits,117573120,266448265,PUBLIC,2,F200W
266230850,JWST,image,jw05893009005_02101_00005_nrca4,exposure (L2b): 2D calibrated exposure average over integrations,S,mast:JWST/product/jw05893009005_02101_00005_nrca4_cal.fits,SCIENCE,,CAL,,CALJWST,2.0.0,5893,jw05893009005_02101_00005_nrca4_cal.fits,117573120,266448265,PUBLIC,2,F200W
266230852,JWST,image,jw05893009005_02101_00005_nrca3,exposure (L2b): 2D calibrated exposure average over integrations,S,mast:JWST/product/jw05893009005_02101_00005_nrca3_cal.fits,SCIENCE,,CAL,,CALJWST,2.0.0,5893,jw05893009005_02101_00005_nrca3_cal.fits,117573120,266448265,PUBLIC,2,F200W
266230854,JWST,image,jw05893009005_02101_00004_nrca1,exposure (L2b): 2D calibrated exposure average over integrations,S,mast:JWST/product/jw05893009005_02101_00004_nrca1_cal.fits,SCIENCE,,CAL,,CALJWST,2.0.0,5893,jw05893009005_02101_00004_nrca1_cal.fits,117570240,266448265,PUBLIC,2,F200W
266230856,JWST,image,jw05893009005_02101_00005_nrca1,exposure (L2b): 2D calibrated exposure average over integrations,S,mast:JWST/product/jw05893009005_02101_00005_nrca1_cal.fits,SCIENCE,,CAL,,CALJWST,2.0.0,5893,jw05893009005_02101_00005_nrca1_cal.fits,117570240,266448265,PUBLIC,2,F200W
266230857,JWST,image,jw05893009005_02101_00004_nrcb2,exposure (L2b): 2D calibrated exposure average over integrations,S,mast:JWST/product/jw05893009005_02101_00004_nrcb2_cal.fits,SCIENCE,,CAL,,CALJWST,2.0.0,5893,jw05893009005_02101_00004_nrcb2_cal.fits,117573120,266448265,PUBLIC,2,F200W
266230858,JWST,image,jw05893009005_02101_00002_nrca1,exposure (L2b): 2D calibrated exposure average over integrations,S,mast:JWST/product/jw05893009005_02101_00002_nrca1_cal.fits,SCIENCE,,CAL,,CALJWST,2.0.0,5893,jw05893009005_02101_00002_nrca1_cal.fits,117570240,266448265,PUBLIC,2,F200W
266230860,JWST,image,jw05893009005_02101_00005_nrca2,exposure (L2b): 2D calibrated exposure average over integrations,S,mast:JWST/product/jw05893009005_02101_00005_nrca2_cal.fits,SCIENCE,,CAL,,CALJWST,2.0.0,5893,jw05893009005_02101_00005_nrca2_cal.fits,117570240,266448265,PUBLIC,2,F200W
266230861,JWST,image,jw05893009004_02101_00001_nrca2,exposure (L2b): 2D calibrated exposure average over integrations,S,mast:JWST/product/jw05893009004_02101_00001_nrca2_cal.fits,SCIENCE,,CAL,,CALJWST,2.0.0,5893,jw05893009004_02101_00001_nrca2_cal.fits,117570240,266448265,PUBLIC,2,F200W
266230862,JWST,image,jw05893009004_02101_00001_nrca4,exposure (L2b): 2D calibrated exposure average over integrations,S,mast:JWST/product/jw05893009004_02101_00001_nrca4_cal.fits,SCIENCE,,CAL,,CALJWST,2.0.0,5893,jw05893009004_02101_00001_nrca4_cal.fits,117573120,266448265,PUBLIC,2,F200W
266230863,JWST,image,jw05893009004_02101_00001_nrca3,exposure (L2b): 2D calibrated exposure average over integrations,S,mast:JWST/product/jw05893009004_02101_00001_nrca3_cal.fits,SCIENCE,,CAL,,CALJWST,2.0.0,5893,jw05893009004_02101_00001_nrca3_cal.fits,117573120,266448265,PUBLIC,2,F200W
266230883,JWST,image,jw05893009005_02101_00006_nrcb4,exposure (L2b): 2D calibrated exposure average over integrations,S,mast:JWST/product/jw05893009005_02101_00006_nrcb4_cal.fits,SCIENCE,,CAL,,CALJWST,2.0.0,5893,jw05893009005_02101_00006_nrcb4_cal.fits,117573120,266448265,PUBLIC,2,F200W
266230887,JWST,image,jw05893009005_02101_00006_nrcb1,exposure (L2b): 2D calibrated exposure average over integrations,S,mast:JWST/product/jw05893009005_02101_00006_nrcb1_cal.fits,SCIENCE,,CAL,,CALJWST,2.0.0,5893,jw05893009005_02101_00006_nrcb1_cal.fits,117573120,266448265,PUBLIC,2,F200W
266230891,JWST,image,jw05893009005_02101_00006_nrca2,exposure (L2b): 2D calibrated exposure average over integrations,S,mast:JWST/product/jw05893009005_02101_00006_nrca2_cal.fits,SCIENCE,,CAL,,CALJWST,2.0.0,5893,jw05893009005_02101_00006_nrca2_cal.fits,117570240,266448265,PUBLIC,2,F200W
266230898,JWST,image,jw05893009005_02101_00006_nrcb3,exposure (L2b): 2D calibrated exposure average over integrations,S,mast:JWST/product/jw05893009005_02101_00006_nrcb3_cal.fits,SCIENCE,,CAL,,CALJWST,2.0.0,5893,jw05893009005_02101_00006_nrcb3_cal.fits,117573120,266448265,PUBLIC,2,F200W
266230903,JWST,image,jw05893009005_02101_00006_nrca3,exposure (L2b): 2D calibrated exposure average over integrations,S,mast:JWST/product/jw05893009005_02101_00006_nrca3_cal.fits,SCIENCE,,CAL,,CALJWST,2.0.0,5893,jw05893009005_02101_00006_nrca3_cal.fits,117573120,266448265,PUBLIC,2,F200W
266230904,JWST,image,jw05893009004_02101_00002_nrca2,exposure (L2b): 2D calibrated exposure average over integrations,S,mast:JWST/product/jw05893009004_02101_00002_nrca2_cal.fits,SCIENCE,,CAL,,CALJWST,2.0.0,5893,jw05893009004_02101_00002_nrca2_cal.fits,117570240,266448265,PUBLIC,2,F200W
266230905,JWST,image,jw05893009004_02101_00002_nrca1,exposure (L2b): 2D calibrated exposure average over integrations,S,mast:JWST/product/jw05893009004_02101_00002_nrca1_cal.fits,SCIENCE,,CAL,,CALJWST,2.0.0,5893,jw05893009004_02101_00002_nrca1_cal.fits,117570240,266448265,PUBLIC,2,F200W
266230906,JWST,image,jw05893009004_02101_00001_nrcb1,exposure (L2b): 2D calibrated exposure average over integrations,S,mast:JWST/product/jw05893009004_02101_00001_nrcb1_cal.fits,SCIENCE,,CAL,,CALJWST,2.0.0,5893,jw05893009004_02101_00001_nrcb1_cal.fits,117573120,266448265,PUBLIC,2,F200W
266230907,JWST,image,jw05893009004_02101_00002_nrca4,exposure (L2b): 2D calibrated exposure average over integrations,S,mast:JWST/product/jw05893009004_02101_00002_nrca4_cal.fits,SCIENCE,,CAL,,CALJWST,2.0.0,5893,jw05893009004_02101_00002_nrca4_cal.fits,117573120,266448265,PUBLIC,2,F200W
266230909,JWST,image,jw05893009004_02101_00002_nrca3,exposure (L2b): 2D calibrated exposure average over integrations,S,mast:JWST/product/jw05893009004_02101_00002_nrca3_cal.fits,SCIENCE,,CAL,,CALJWST,2.0.0,5893,jw05893009004_02101_00002_nrca3_cal.fits,117573120,266448265,PUBLIC,2,F200W
266230910,JWST,image,jw05893009004_02101_00001_nrcb2,exposure (L2b): 2D calibrated exposure average over integrations,S,mast:JWST/product/jw05893009004_02101_00001_nrcb2_cal.fits,SCIENCE,,CAL,,CALJWST,2.0.0,5893,jw05893009004_02101_00001_nrcb2_cal.fits,117573120,266448265,PUBLIC,2,F200W
266230911,JWST,image,jw05893009004_02101_00002_nrcb3,exposure (L2b): 2D calibrated exposure average over integrations,S,mast:JWST/product/jw05893009004_02101_00002_nrcb3_cal.fits,SCIENCE,,CAL,,CALJWST,2.0.0,5893,jw05893009004_02101_00002_nrcb3_cal.fits,117573120,266448265,PUBLIC,2,F200W
266230912,JWST,image,jw05893009004_02101_00001_nrcb4,exposure (L2b): 2D calibrated exposure average over integrations,S,mast:JWST/product/jw05893009004_02101_00001_nrcb4_cal.fits,SCIENCE,,CAL,,CALJWST,2.0.0,5893,jw05893009004_02101_00001_nrcb4_cal.fits,117573120,266448265,PUBLIC,2,F200W
266230918,JWST,image,jw05893009004_02101_00001_nrca1,exposure (L2b): 2D calibrated exposure average over integrations,S,mast:JWST/product/jw05893009004_02101_00001_nrca1_cal.fits,SCIENCE,,CAL,,CALJWST,2.0.0,5893,jw05893009004_02101_00001_nrca1_cal.fits,117570240,266448265,PUBLIC,2,F200W
266230919,JWST,image,jw05893009004_02101_00001_nrcb3,exposure (L2b): 2D calibrated exposure average over integrations,S,mast:JWST/product/jw05893009004_02101_00001_nrcb3_cal.fits,SCIENCE,,CAL,,CALJWST,2.0.0,5893,jw05893009004_02101_00001_nrcb3_cal.fits,117573120,266448265,PUBLIC,2,F200W
266230928,JWST,image,jw05893009004_02101_00004_nrcb1,exposure (L2b): 2D calibrated exposure average over integrations,S,mast:JWST/product/jw05893009004_02101_00004_nrcb1_cal.fits,SCIENCE,,CAL,,CALJWST,2.0.0,5893,jw05893009004_02101_00004_nrcb1_cal.fits,117573120,266448265,PUBLIC,2,F200W
266230929,JWST,image,jw05893009004_02101_00005_nrcb3,exposure (L2b): 2D calibrated exposure average over integrations,S,mast:JWST/product/jw05893009004_02101_00005_nrcb3_cal.fits,SCIENCE,,CAL,,CALJWST,2.0.0,5893,jw05893009004_02101_00005_nrcb3_cal.fits,117573120,266448265,PUBLIC,2,F200W
266230930,JWST,image,jw05893009004_02101_00003_nrca3,exposure (L2b): 2D calibrated exposure average over integrations,S,mast:JWST/product/jw05893009004_02101_00003_nrca3_cal.fits,SCIENCE,,CAL,,CALJWST,2.0.0,5893,jw05893009004_02101_00003_nrca3_cal.fits,117573120,266448265,PUBLIC,2,F200W
266230931,JWST,image,jw05893009004_02101_00004_nrcb4,exposure (L2b): 2D calibrated exposure average over integrations,S,mast:JWST/product/jw05893009004_02101_00004_nrcb4_cal.fits,SCIENCE,,CAL,,CALJWST,2.0.0,5893,jw05893009004_02101_00004_nrcb4_cal.fits,117573120,266448265,PUBLIC,2,F200W
266230932,JWST,image,jw05893009004_02101_00002_nrcb1,exposure (L2b): 2D calibrated exposure average over integrations,S,mast:JWST/product/jw05893009004_02101_00002_nrcb1_cal.fits,SCIENCE,,CAL,,CALJWST,2.0.0,5893,jw05893009004_02101_00002_nrcb1_cal.fits,117573120,266448265,PUBLIC,2,F200W
266230933,JWST,image,jw05893009004_02101_00004_nrca1,exposure (L2b): 2D calibrated exposure average over integrations,S,mast:JWST/product/jw05893009004_02101_00004_nrca1_cal.fits,SCIENCE,,CAL,,CALJWST,2.0.0,5893,jw05893009004_02101_00004_nrca1_cal.fits,117570240,266448265,PUBLIC,2,F200W
266230934,JWST,image,jw05893009004_02101_00002_nrcb2,exposure (L2b): 2D calibrated exposure average over integrations,S,mast:JWST/product/jw05893009004_02101_00002_nrcb2_cal.fits,SCIENCE,,CAL,,CALJWST,2.0.0,5893,jw05893009004_02101_00002_nrcb2_cal.fits,117573120,266448265,PUBLIC,2,F200W
266230936,JWST,image,jw05893009004_02101_00002_nrcb4,exposure (L2b): 2D calibrated exposure average over integrations,S,mast:JWST/product/jw05893009004_02101_00002_nrcb4_cal.fits,SCIENCE,,CAL,,CALJWST,2.0.0,5893,jw05893009004_02101_00002_nrcb4_cal.fits,117573120,266448265,PUBLIC,2,F200W
266230938,JWST,image,jw05893009004_02101_00006_nrca1,exposure (L2b): 2D calibrated exposure average over integrations,S,mast:JWST/product/jw05893009004_02101_00006_nrca1_cal.fits,SCIENCE,,CAL,,CALJWST,2.0.0,5893,jw05893009004_02101_00006_nrca1_cal.fits,117570240,266448265,PUBLIC,2,F200W
266230939,JWST,image,jw05893009004_02101_00004_nrca4,exposure (L2b): 2D calibrated exposure average over integrations,S,mast:JWST/product/jw05893009004_02101_00004_nrca4_cal.fits,SCIENCE,,CAL,,CALJWST,2.0.0,5893,jw05893009004_02101_00004_nrca4_cal.fits,117573120,266448265,PUBLIC,2,F200W
266230941,JWST,image,jw05893009004_02101_00005_nrca2,exposure (L2b): 2D calibrated exposure average over integrations,S,mast:JWST/product/jw05893009004_02101_00005_nrca2_cal.fits,SCIENCE,,CAL,,CALJWST,2.0.0,5893,jw05893009004_02101_00005_nrca2_cal.fits,117570240,266448265,PUBLIC,2,F200W
266230942,JWST,image,jw05893009004_02101_00005_nrca3,exposure (L2b): 2D calibrated exposure average over integrations,S,mast:JWST/product/jw05893009004_02101_00005_nrca3_cal.fits,SCIENCE,,CAL,,CALJWST,2.0.0,5893,jw05893009004_02101_00005_nrca3_cal.fits,117573120,266448265,PUBLIC,2,F200W
266230944,JWST,image,jw05893009004_02101_00003_nrca4,exposure (L2b): 2D calibrated exposure average over integrations,S,mast:JWST/product/jw05893009004_02101_00003_nrca4_cal.fits,SCIENCE,,CAL,,CALJWST,2.0.0,5893,jw05893009004_02101_00003_nrca4_cal.fits,117573120,266448265,PUBLIC,2,F200W
266230946,JWST,image,jw05893009004_02101_00006_nrcb4,exposure (L2b): 2D calibrated exposure average over integrations,S,mast:JWST/product/jw05893009004_02101_00006_nrcb4_cal.fits,SCIENCE,,CAL,,CALJWST,2.0.0,5893,jw05893009004_02101_00006_nrcb4_cal.fits,117573120,266448265,PUBLIC,2,F200W
266230948,JWST,image,jw05893009004_02101_00003_nrcb2,exposure (L2b): 2D calibrated exposure average over integrations,S,mast:JWST/product/jw05893009004_02101_00003_nrcb2_cal.fits,SCIENCE,,CAL,,CALJWST,2.0.0,5893,jw05893009004_02101_00003_nrcb2_cal.fits,117573120,266448265,PUBLIC,2,F200W
266230949,JWST,image,jw05893009004_02101_00003_nrca1,exposure (L2b): 2D calibrated exposure average over integrations,S,mast:JWST/product/jw05893009004_02101_00003_nrca1_cal.fits,SCIENCE,,CAL,,CALJWST,2.0.0,5893,jw05893009004_02101_00003_nrca1_cal.fits,117570240,266448265,PUBLIC,2,F200W
266230950,JWST,image,jw05893009004_02101_00005_nrca4,exposure (L2b): 2D calibrated exposure average over integrations,S,mast:JWST/product/jw05893009004_02101_00005_nrca4_cal.fits,SCIENCE,,CAL,,CALJWST,2.0.0,5893,jw05893009004_02101_00005_nrca4_cal.fits,117573120,266448265,PUBLIC,2,F200W
266230952,JWST,image,jw05893009004_02101_00004_nrcb3,exposure (L2b): 2D calibrated exposure average over integrations,S,mast:JWST/product/jw05893009004_02101_00004_nrcb3_cal.fits,SCIENCE,,CAL,,CALJWST,2.0.0,5893,jw05893009004_02101_00004_nrcb3_cal.fits,117573120,266448265,PUBLIC,2,F200W
266230953,JWST,image,jw05893009004_02101_00004_nrca3,exposure (L2b): 2D calibrated exposure average over integrations,S,mast:JWST/product/jw05893009004_02101_00004_nrca3_cal.fits,SCIENCE,,CAL,,CALJWST,2.0.0,5893,jw05893009004_02101_00004_nrca3_cal.fits,117573120,266448265,PUBLIC,2,F200W
266230954,JWST,image,jw05893009004_02101_00003_nrcb4,exposure (L2b): 2D calibrated exposure average over integrations,S,mast:JWST/product/jw05893009004_02101_00003_nrcb4_cal.fits,SCIENCE,,CAL,,CALJWST,2.0.0,5893,jw05893009004_02101_00003_nrcb4_cal.fits,117573120,266448265,PUBLIC,2,F200W
266230955,JWST,image,jw05893009004_02101_00005_nrcb1,exposure (L2b): 2D calibrated exposure average over integrations,S,mast:JWST/product/jw05893009004_02101_00005_nrcb1_cal.fits,SCIENCE,,CAL,,CALJWST,2.0.0,5893,jw05893009004_02101_00005_nrcb1_cal.fits,117573120,266448265,PUBLIC,2,F200W
266230957,JWST,image,jw05893009004_02101_00003_nrcb1,exposure (L2b): 2D calibrated exposure average over integrations,S,mast:JWST/product/jw05893009004_02101_00003_nrcb1_cal.fits,SCIENCE,,CAL,,CALJWST,2.0.0,5893,jw05893009004_02101_00003_nrcb1_cal.fits,117573120,266448265,PUBLIC,2,F200W
266230958,JWST,image,jw05893009004_02101_00005_nrca1,exposure (L2b): 2D calibrated exposure average over integrations,S,mast:JWST/product/jw05893009004_02101_00005_nrca1_cal.fits,SCIENCE,,CAL,,CALJWST,2.0.0,5893,jw05893009004_02101_00005_nrca1_cal.fits,117570240,266448265,PUBLIC,2,F200W
266230959,JWST,image,jw05893009004_02101_00003_nrca2,exposure (L2b): 2D calibrated exposure average over integrations,S,mast:JWST/product/jw05893009004_02101_00003_nrca2_cal.fits,SCIENCE,,CAL,,CALJWST,2.0.0,5893,jw05893009004_02101_00003_nrca2_cal.fits,117570240,266448265,PUBLIC,2,F200W
266230960,JWST,image,jw05893009004_02101_00004_nrcb2,exposure (L2b): 2D calibrated exposure average over integrations,S,mast:JWST/product/jw05893009004_02101_00004_nrcb2_cal.fits,SCIENCE,,CAL,,CALJWST,2.0.0,5893,jw05893009004_02101_00004_nrcb2_cal.fits,117573120,266448265,PUBLIC,2,F200W
266230961,JWST,image,jw05893009004_02101_00005_nrcb2,exposure (L2b): 2D calibrated exposure average over integrations,S,mast:JWST/product/jw05893009004_02101_00005_nrcb2_cal.fits,SCIENCE,,CAL,,CALJWST,2.0.0,5893,jw05893009004_02101_00005_nrcb2_cal.fits,117573120,266448265,PUBLIC,2,F200W
266230962,JWST,image,jw05893009004_02101_00003_nrcb3,exposure (L2b): 2D calibrated exposure average over integrations,S,mast:JWST/product/jw05893009004_02101_00003_nrcb3_cal.fits,SCIENCE,,CAL,,CALJWST,2.0.0,5893,jw05893009004_02101_00003_nrcb3_cal.fits,117573120,266448265,PUBLIC,2,F200W
266230964,JWST,image,jw05893009004_02101_00005_nrcb4,exposure (L2b): 2D calibrated exposure average over integrations,S,mast:JWST/product/jw05893009004_02101_00005_nrcb4_cal.fits,SCIENCE,,CAL,,CALJWST,2.0.0,5893,jw05893009004_02101_00005_nrcb4_cal.fits,117573120,266448265,PUBLIC,2,F200W
266230965,JWST,image,jw05893009004_02101_00004_nrca2,exposure (L2b): 2D calibrated exposure average over integrations,S,mast:JWST/product/jw05893009004_02101_00004_nrca2_cal.fits,SCIENCE,,CAL,,CALJWST,2.0.0,5893,jw05893009004_02101_00004_nrca2_cal.fits,117570240,266448265,PUBLIC,2,F200W
266230966,JWST,image,jw05893009004_02101_00006_nrca4,exposure (L2b): 2D calibrated exposure average over integrations,S,mast:JWST/product/jw05893009004_02101_00006_nrca4_cal.fits,SCIENCE,,CAL,,CALJWST,2.0.0,5893,jw05893009004_02101_00006_nrca4_cal.fits,117573120,266448265,PUBLIC,2,F200W
266230972,JWST,image,jw05893009004_02101_00006_nrcb1,exposure (L2b): 2D calibrated exposure average over integrations,S,mast:JWST/product/jw05893009004_02101_00006_nrcb1_cal.fits,SCIENCE,,CAL,,CALJWST,2.0.0,5893,jw05893009004_02101_00006_nrcb1_cal.fits,117573120,266448265,PUBLIC,2,F200W
266230973,JWST,image,jw05893009004_02101_00006_nrca2,exposure (L2b): 2D calibrated exposure average over integrations,S,mast:JWST/product/jw05893009004_02101_00006_nrca2_cal.fits,SCIENCE,,CAL,,CALJWST,2.0.0,5893,jw05893009004_02101_00006_nrca2_cal.fits,117570240,266448265,PUBLIC,2,F200W
266230974,JWST,image,jw05893009004_02101_00006_nrca3,exposure (L2b): 2D calibrated exposure average over integrations,S,mast:JWST/product/jw05893009004_02101_00006_nrca3_cal.fits,SCIENCE,,CAL,,CALJWST,2.0.0,5893,jw05893009004_02101_00006_nrca3_cal.fits,117573120,266448265,PUBLIC,2,F200W
266230977,JWST,image,jw05893009004_02101_00006_nrcb2,exposure (L2b): 2D calibrated exposure average over integrations,S,mast:JWST/product/jw05893009004_02101_00006_nrcb2_cal.fits,SCIENCE,,CAL,,CALJWST,2.0.0,5893,jw05893009004_02101_00006_nrcb2_cal.fits,117573120,266448265,PUBLIC,2,F200W
266230978,JWST,image,jw05893009004_02101_00006_nrcb3,exposure (L2b): 2D calibrated exposure average over integrations,S,mast:JWST/product/jw05893009004_02101_00006_nrcb3_cal.fits,SCIENCE,,CAL,,CALJWST,2.0.0,5893,jw05893009004_02101_00006_nrcb3_cal.fits,117573120,266448265,PUBLIC,2,F200W
266333891,JWST,image,jw05893009003_02101_00001_nrcb1,exposure (L2b): 2D calibrated exposure average over integrations,S,mast:JWST/product/jw05893009003_02101_00001_nrcb1_cal.fits,SCIENCE,,CAL,,CALJWST,2.0.0,5893,jw05893009003_02101_00001_nrcb1_cal.fits,117573120,266448265,PUBLIC,2,F200W
266333893,JWST,image,jw05893009003_02101_00001_nrcb4,exposure (L2b): 2D calibrated exposure average over integrations,S,mast:JWST/product/jw05893009003_02101_00001_nrcb4_cal.fits,SCIENCE,,CAL,,CALJWST,2.0.0,5893,jw05893009003_02101_00001_nrcb4_cal.fits,117573120,266448265,PUBLIC,2,F200W
266333894,JWST,image,jw05893009003_02101_00001_nrca4,exposure (L2b): 2D calibrated exposure average over integrations,S,mast:JWST/product/jw05893009003_02101_00001_nrca4_cal.fits,SCIENCE,,CAL,,CALJWST,2.0.0,5893,jw05893009003_02101_00001_nrca4_cal.fits,117573120,266448265,PUBLIC,2,F200W
266333895,JWST,image,jw05893009003_02101_00002_nrcb2,exposure (L2b): 2D calibrated exposure average over integrations,S,mast:JWST/product/jw05893009003_02101_00002_nrcb2_cal.fits,SCIENCE,,CAL,,CALJWST,2.0.0,5893,jw05893009003_02101_00002_nrcb2_cal.fits,117573120,266448265,PUBLIC,2,F200W
266333896,JWST,image,jw05893009003_02101_00001_nrcb2,exposure (L2b): 2D calibrated exposure average over integrations,S,mast:JWST/product/jw05893009003_02101_00001_nrcb2_cal.fits,SCIENCE,,CAL,,CALJWST,2.0.0,5893,jw05893009003_02101_00001_nrcb2_cal.fits,117573120,266448265,PUBLIC,2,F200W
266333897,JWST,image,jw05893009003_02101_00001_nrca2,exposure (L2b): 2D calibrated exposure average over integrations,S,mast:JWST/product/jw05893009003_02101_00001_nrca2_cal.fits,SCIENCE,,CAL,,CALJWST,2.0.0,5893,jw05893009003_02101_00001_nrca2_cal.fits,117570240,266448265,PUBLIC,2,F200W
266333898,JWST,image,jw05893009003_02101_00001_nrcb3,exposure (L2b): 2D calibrated exposure average over integrations,S,mast:JWST/product/jw05893009003_02101_00001_nrcb3_cal.fits,SCIENCE,,CAL,,CALJWST,2.0.0,5893,jw05893009003_02101_00001_nrcb3_cal.fits,117573120,266448265,PUBLIC,2,F200W
266333899,JWST,image,jw05893009003_02101_00001_nrca3,exposure (L2b): 2D calibrated exposure average over integrations,S,mast:JWST/product/jw05893009003_02101_00001_nrca3_cal.fits,SCIENCE,,CAL,,CALJWST,2.0.0,5893,jw05893009003_02101_00001_nrca3_cal.fits,117573120,266448265,PUBLIC,2,F200W
266333901,JWST,image,jw05893009003_02101_00001_nrca1,exposure (L2b): 2D calibrated exposure average over integrations,S,mast:JWST/product/jw05893009003_02101_00001_nrca1_cal.fits,SCIENCE,,CAL,,CALJWST,2.0.0,5893,jw05893009003_02101_00001_nrca1_cal.fits,117570240,266448265,PUBLIC,2,F200W
266333909,JWST,image,jw05893009001_02101_00003_nrca2,exposure (L2b): 2D calibrated exposure average over integrations,S,mast:JWST/product/jw05893009001_02101_00003_nrca2_cal.fits,SCIENCE,,CAL,,CALJWST,2.0.0,5893,jw05893009001_02101_00003_nrca2_cal.fits,117570240,266448265,PUBLIC,2,F200W
266333910,JWST,image,jw05893009001_02101_00002_nrca1,exposure (L2b): 2D calibrated exposure average over integrations,S,mast:JWST/product/jw05893009001_02101_00002_nrca1_cal.fits,SCIENCE,,CAL,,CALJWST,2.0.0,5893,jw05893009001_02101_00002_nrca1_cal.fits,117570240,266448265,PUBLIC,2,F200W
266333912,JWST,image,jw05893009001_02101_00001_nrca1,exposure (L2b): 2D calibrated exposure average over integrations,S,mast:JWST/product/jw05893009001_02101_00001_nrca1_cal.fits,SCIENCE,,CAL,,CALJWST,2.0.0,5893,jw05893009001_02101_00001_nrca1_cal.fits,117570240,266448265,PUBLIC,2,F200W
266333913,JWST,image,jw05893009001_02101_00006_nrca2,exposure (L2b): 2D calibrated exposure average over integrations,S,mast:JWST/product/jw05893009001_02101_00006_nrca2_cal.fits,SCIENCE,,CAL,,CALJWST,2.0.0,5893,jw05893009001_02101_00006_nrca2_cal.fits,117570240,266448265,PUBLIC,2,F200W
266333914,JWST,image,jw05893009001_02101_00001_nrca2,exposure (L2b): 2D calibrated exposure average over integrations,S,mast:JWST/product/jw05893009001_02101_00001_nrca2_cal.fits,SCIENCE,,CAL,,CALJWST,2.0.0,5893,jw05893009001_02101_00001_nrca2_cal.fits,117570240,266448265,PUBLIC,2,F200W
266333915,JWST,image,jw05893009001_02101_00003_nrca1,exposure (L2b): 2D calibrated exposure average over integrations,S,mast:JWST/product/jw05893009001_02101_00003_nrca1_cal.fits,SCIENCE,,CAL,,CALJWST,2.0.0,5893,jw05893009001_02101_00003_nrca1_cal.fits,117570240,266448265,PUBLIC,2,F200W
266333916,JWST,image,jw05893009001_02101_00004_nrca1,exposure (L2b): 2D calibrated exposure average over integrations,S,mast:JWST/product/jw05893009001_02101_00004_nrca1_cal.fits,SCIENCE,,CAL,,CALJWST,2.0.0,5893,jw05893009001_02101_00004_nrca1_cal.fits,117570240,266448265,PUBLIC,2,F200W
266333917,JWST,image,jw05893009001_02101_00002_nrca2,exposure (L2b): 2D calibrated exposure average over integrations,S,mast:JWST/product/jw05893009001_02101_00002_nrca2_cal.fits,SCIENCE,,CAL,,CALJWST,2.0.0,5893,jw05893009001_02101_00002_nrca2_cal.fits,117570240,266448265,PUBLIC,2,F200W
266333920,JWST,image,jw05893009001_02101_00004_nrca2,exposure (L2b): 2D calibrated exposure average over integrations,S,mast:JWST/product/jw05893009001_02101_00004_nrca2_cal.fits,SCIENCE,,CAL,,CALJWST,2.0.0,5893,jw05893009001_02101_00004_nrca2_cal.fits,117570240,266448265,PUBLIC,2,F200W
266333921,JWST,image,jw05893009001_02101_00006_nrca1,exposure (L2b): 2D calibrated exposure average over integrations,S,mast:JWST/product/jw05893009001_02101_00006_nrca1_cal.fits,SCIENCE,,CAL,,CALJWST,2.0.0,5893,jw05893009001_02101_00006_nrca1_cal.fits,117570240,266448265,PUBLIC,2,F200W
266333922,JWST,image,jw05893009001_02101_00005_nrca1,exposure (L2b): 2D calibrated exposure average over integrations,S,mast:JWST/product/jw05893009001_02101_00005_nrca1_cal.fits,SCIENCE,,CAL,,CALJWST,2.0.0,5893,jw05893009001_02101_00005_nrca1_cal.fits,117570240,266448265,PUBLIC,2,F200W
266333923,JWST,image,jw05893009002_02101_00006_nrca2,exposure (L2b): 2D calibrated exposure average over integrations,S,mast:JWST/product/jw05893009002_02101_00006_nrca2_cal.fits,SCIENCE,,CAL,,CALJWST,2.0.0,5893,jw05893009002_02101_00006_nrca2_cal.fits,117570240,266448265,PUBLIC,2,F200W
266333926,JWST,image,jw05893009002_02101_00004_nrca1,exposure (L2b): 2D calibrated exposure average over integrations,S,mast:JWST/product/jw05893009002_02101_00004_nrca1_cal.fits,SCIENCE,,CAL,,CALJWST,2.0.0,5893,jw05893009002_02101_00004_nrca1_cal.fits,117570240,266448265,PUBLIC,2,F200W
266333930,JWST,image,jw05893009002_02101_00006_nrca1,exposure (L2b): 2D calibrated exposure average over integrations,S,mast:JWST/product/jw05893009002_02101_00006_nrca1_cal.fits,SCIENCE,,CAL,,CALJWST,2.0.0,5893,jw05893009002_02101_00006_nrca1_cal.fits,117570240,266448265,PUBLIC,2,F200W
266333932,JWST,image,jw05893009002_02101_00005_nrca1,exposure (L2b): 2D calibrated exposure average over integrations,S,mast:JWST/product/jw05893009002_02101_00005_nrca1_cal.fits,SCIENCE,,CAL,,CALJWST,2.0.0,5893,jw05893009002_02101_00005_nrca1_cal.fits,117570240,266448265,PUBLIC,2,F200W
266333933,JWST,image,jw05893009002_02101_00004_nrca2,exposure (L2b): 2D calibrated exposure average over integrations,S,mast:JWST/product/jw05893009002_02101_00004_nrca2_cal.fits,SCIENCE,,CAL,,CALJWST,2.0.0,5893,jw05893009002_02101_00004_nrca2_cal.fits,117570240,266448265,PUBLIC,2,F200W
266333934,JWST,image,jw05893009002_02101_00002_nrca1,exposure (L2b): 2D calibrated exposure average over integrations,S,mast:JWST/product/jw05893009002_02101_00002_nrca1_cal.fits,SCIENCE,,CAL,,CALJWST,2.0.0,5893,jw05893009002_02101_00002_nrca1_cal.fits,117570240,266448265,PUBLIC,2,F200W
266333937,JWST,image,jw05893009002_02101_00003_nrca1,exposure (L2b): 2D calibrated exposure average over integrations,S,mast:JWST/product/jw05893009002_02101_00003_nrca1_cal.fits,SCIENCE,,CAL,,CALJWST,2.0.0,5893,jw05893009002_02101_00003_nrca1_cal.fits,117570240,266448265,PUBLIC,2,F200W
266333939,JWST,image,jw05893009002_02101_00001_nrca1,exposure (L2b): 2D calibrated exposure average over integrations,S,mast:JWST/product/jw05893009002_02101_00001_nrca1_cal.fits,SCIENCE,,CAL,,CALJWST,2.0.0,5893,jw05893009002_02101_00001_nrca1_cal.fits,117570240,266448265,PUBLIC,2,F200W
266333947,JWST,image,jw05893009003_02101_00002_nrcb4,exposure (L2b): 2D calibrated exposure average over integrations,S,mast:JWST/product/jw05893009003_02101_00002_nrcb4_cal.fits,SCIENCE,,CAL,,CALJWST,2.0.0,5893,jw05893009003_02101_00002_nrcb4_cal.fits,117573120,266448265,PUBLIC,2,F200W
266333950,JWST,image,jw05893009003_02101_00002_nrca4,exposure (L2b): 2D calibrated exposure average over integrations,S,mast:JWST/product/jw05893009003_02101_00002_nrca4_cal.fits,SCIENCE,,CAL,,CALJWST,2.0.0,5893,jw05893009003_02101_00002_nrca4_cal.fits,117573120,266448265,PUBLIC,2,F200W
266333951,JWST,image,jw05893009003_02101_00002_nrca3,exposure (L2b): 2D calibrated exposure average over integrations,S,mast:JWST/product/jw05893009003_02101_00002_nrca3_cal.fits,SCIENCE,,CAL,,CALJWST,2.0.0,5893,jw05893009003_02101_00002_nrca3_cal.fits,117573120,266448265,PUBLIC,2,F200W
266333952,JWST,image,jw05893009003_02101_00002_nrcb1,exposure (L2b): 2D calibrated exposure average over integrations,S,mast:JWST/product/jw05893009003_02101_00002_nrcb1_cal.fits,SCIENCE,,CAL,,CALJWST,2.0.0,5893,jw05893009003_02101_00002_nrcb1_cal.fits,117573120,266448265,PUBLIC,2,F200W
266333953,JWST,image,jw05893009003_02101_00002_nrcb3,exposure (L2b): 2D calibrated exposure average over integrations,S,mast:JWST/product/jw05893009003_02101_00002_nrcb3_cal.fits,SCIENCE,,CAL,,CALJWST,2.0.0,5893,jw05893009003_02101_00002_nrcb3_cal.fits,117573120,266448265,PUBLIC,2,F200W
266333955,JWST,image,jw05893009003_02101_00002_nrca1,exposure (L2b): 2D calibrated exposure average over integrations,S,mast:JWST/product/jw05893009003_02101_00002_nrca1_cal.fits,SCIENCE,,CAL,,CALJWST,2.0.0,5893,jw05893009003_02101_00002_nrca1_cal.fits,117570240,266448265,PUBLIC,2,F200W
266333956,JWST,image,jw05893009003_02101_00002_nrca2,exposure (L2b): 2D calibrated exposure average over integrations,S,mast:JWST/product/jw05893009003_02101_00002_nrca2_cal.fits,SCIENCE,,CAL,,CALJWST,2.0.0,5893,jw05893009003_02101_00002_nrca2_cal.fits,117570240,266448265,PUBLIC,2,F200W
266333959,JWST,image,jw05893009001_02101_00005_nrca4,exposure (L2b): 2D calibrated exposure average over integrations,S,mast:JWST/product/jw05893009001_02101_00005_nrca4_cal.fits,SCIENCE,,CAL,,CALJWST,2.0.0,5893,jw05893009001_02101_00005_nrca4_cal.fits,117573120,266448265,PUBLIC,2,F200W
266333963,JWST,image,jw05893009001_02101_00006_nrca3,exposure (L2b): 2D calibrated exposure average over integrations,S,mast:JWST/product/jw05893009001_02101_00006_nrca3_cal.fits,SCIENCE,,CAL,,CALJWST,2.0.0,5893,jw05893009001_02101_00006_nrca3_cal.fits,117573120,266448265,PUBLIC,2,F200W
266333965,JWST,image,jw05893009001_02101_00005_nrca2,exposure (L2b): 2D calibrated exposure average over integrations,S,mast:JWST/product/jw05893009001_02101_00005_nrca2_cal.fits,SCIENCE,,CAL,,CALJWST,2.0.0,5893,jw05893009001_02101_00005_nrca2_cal.fits,117570240,266448265,PUBLIC,2,F200W
266333966,JWST,image,jw05893009001_02101_00004_nrca4,exposure (L2b): 2D calibrated exposure average over integrations,S,mast:JWST/product/jw05893009001_02101_00004_nrca4_cal.fits,SCIENCE,,CAL,,CALJWST,2.0.0,5893,jw05893009001_02101_00004_nrca4_cal.fits,117573120,266448265,PUBLIC,2,F200W
266333968,JWST,image,jw05893009001_02101_00002_nrca3,exposure (L2b): 2D calibrated exposure average over integrations,S,mast:JWST/product/jw05893009001_02101_00002_nrca3_cal.fits,SCIENCE,,CAL,,CALJWST,2.0.0,5893,jw05893009001_02101_00002_nrca3_cal.fits,117573120,266448265,PUBLIC,2,F200W
266333970,JWST,image,jw05893009001_02101_00003_nrcb1,exposure (L2b): 2D calibrated exposure average over integrations,S,mast:JWST/product/jw05893009001_02101_00003_nrcb1_cal.fits,SCIENCE,,CAL,,CALJWST,2.0.0,5893,jw05893009001_02101_00003_nrcb1_cal.fits,117573120,266448265,PUBLIC,2,F200W
266333973,JWST,image,jw05893009001_02101_00002_nrca4,exposure (L2b): 2D calibrated exposure average over integrations,S,mast:JWST/product/jw05893009001_02101_00002_nrca4_cal.fits,SCIENCE,,CAL,,CALJWST,2.0.0,5893,jw05893009001_02101_00002_nrca4_cal.fits,117573120,266448265,PUBLIC,2,F200W
266333974,JWST,image,jw05893009001_02101_00002_nrcb1,exposure (L2b): 2D calibrated exposure average over integrations,S,mast:JWST/product/jw05893009001_02101_00002_nrcb1_cal.fits,SCIENCE,,CAL,,CALJWST,2.0.0,5893,jw05893009001_02101_00002_nrcb1_cal.fits,117573120,266448265,PUBLIC,2,F200W
266333975,JWST,image,jw05893009001_02101_00004_nrca3,exposure (L2b): 2D calibrated exposure average over integrations,S,mast:JWST/product/jw05893009001_02101_00004_nrca3_cal.fits,SCIENCE,,CAL,,CALJWST,2.0.0,5893,jw05893009001_02101_00004_nrca3_cal.fits,117573120,266448265,PUBLIC,2,F200W
266333979,JWST,image,jw05893009001_02101_00003_nrca4,exposure (L2b): 2D calibrated exposure average over integrations,S,mast:JWST/product/jw05893009001_02101_00003_nrca4_cal.fits,SCIENCE,,CAL,,CALJWST,2.0.0,5893,jw05893009001_02101_00003_nrca4_cal.fits,117573120,266448265,PUBLIC,2,F200W
266333981,JWST,image,jw05893009001_02101_00006_nrca4,exposure (L2b): 2D calibrated exposure average over integrations,S,mast:JWST/product/jw05893009001_02101_00006_nrca4_cal.fits,SCIENCE,,CAL,,CALJWST,2.0.0,5893,jw05893009001_02101_00006_nrca4_cal.fits,117573120,266448265,PUBLIC,2,F200W
266333985,JWST,image,jw05893009001_02101_00003_nrca3,exposure (L2b): 2D calibrated exposure average over integrations,S,mast:JWST/product/jw05893009001_02101_00003_nrca3_cal.fits,SCIENCE,,CAL,,CALJWST,2.0.0,5893,jw05893009001_02101_00003_nrca3_cal.fits,117573120,266448265,PUBLIC,2,F200W
266333986,JWST,image,jw05893009001_02101_00001_nrca4,exposure (L2b): 2D calibrated exposure average over integrations,S,mast:JWST/product/jw05893009001_02101_00001_nrca4_cal.fits,SCIENCE,,CAL,,CALJWST,2.0.0,5893,jw05893009001_02101_00001_nrca4_cal.fits,117573120,266448265,PUBLIC,2,F200W
266333987,JWST,image,jw05893009001_02101_00001_nrca3,exposure (L2b): 2D calibrated exposure average over integrations,S,mast:JWST/product/jw05893009001_02101_00001_nrca3_cal.fits,SCIENCE,,CAL,,CALJWST,2.0.0,5893,jw05893009001_02101_00001_nrca3_cal.fits,117573120,266448265,PUBLIC,2,F200W
266333991,JWST,image,jw05893009001_02101_00005_nrca3,exposure (L2b): 2D calibrated exposure average over integrations,S,mast:JWST/product/jw05893009001_02101_00005_nrca3_cal.fits,SCIENCE,,CAL,,CALJWST,2.0.0,5893,jw05893009001_02101_00005_nrca3_cal.fits,117573120,266448265,PUBLIC,2,F200W
266333992,JWST,image,jw05893009002_02101_00005_nrca4,exposure (L2b): 2D calibrated exposure average over integrations,S,mast:JWST/product/jw05893009002_02101_00005_nrca4_cal.fits,SCIENCE,,CAL,,CALJWST,2.0.0,5893,jw05893009002_02101_00005_nrca4_cal.fits,117573120,266448265,PUBLIC,2,F200W
266333993,JWST,image,jw05893009002_02101_00001_nrca2,exposure (L2b): 2D calibrated exposure average over integrations,S,mast:JWST/product/jw05893009002_02101_00001_nrca2_cal.fits,SCIENCE,,CAL,,CALJWST,2.0.0,5893,jw05893009002_02101_00001_nrca2_cal.fits,117570240,266448265,PUBLIC,2,F200W
266333994,JWST,image,jw05893009002_02101_00004_nrca3,exposure (L2b): 2D calibrated exposure average over integrations,S,mast:JWST/product/jw05893009002_02101_00004_nrca3_cal.fits,SCIENCE,,CAL,,CALJWST,2.0.0,5893,jw05893009002_02101_00004_nrca3_cal.fits,117573120,266448265,PUBLIC,2,F200W
266333995,JWST,image,jw05893009002_02101_00002_nrca3,exposure (L2b): 2D calibrated exposure average over integrations,S,mast:JWST/product/jw05893009002_02101_00002_nrca3_cal.fits,SCIENCE,,CAL,,CALJWST,2.0.0,5893,jw05893009002_02101_00002_nrca3_cal.fits,117573120,266448265,PUBLIC,2,F200W
266333996,JWST,image,jw05893009002_02101_00005_nrca2,exposure (L2b): 2D calibrated exposure average over integrations,S,mast:JWST/product/jw05893009002_02101_00005_nrca2_cal.fits,SCIENCE,,CAL,,CALJWST,2.0.0,5893,jw05893009002_02101_00005_nrca2_cal.fits,117570240,266448265,PUBLIC,2,F200W
266333999,JWST,image,jw05893009002_02101_00006_nrca3,exposure (L2b): 2D calibrated exposure average over integrations,S,mast:JWST/product/jw05893009002_02101_00006_nrca3_cal.fits,SCIENCE,,CAL,,CALJWST,2.0.0,5893,jw05893009002_02101_00006_nrca3_cal.fits,117573120,266448265,PUBLIC,2,F200W
266334001,JWST,image,jw05893009002_02101_00001_nrca3,exposure (L2b): 2D calibrated exposure average over integrations,S,mast:JWST/product/jw05893009002_02101_00001_nrca3_cal.fits,SCIENCE,,CAL,,CALJWST,2.0.0,5893,jw05893009002_02101_00001_nrca3_cal.fits,117573120,266448265,PUBLIC,2,F200W
266334002,JWST,image,jw05893009002_02101_00002_nrca2,exposure (L2b): 2D calibrated exposure average over integrations,S,mast:JWST/product/jw05893009002_02101_00002_nrca2_cal.fits,SCIENCE,,CAL,,CALJWST,2.0.0,5893,jw05893009002_02101_00002_nrca2_cal.fits,117570240,266448265,PUBLIC,2,F200W
266334003,JWST,image,jw05893009002_02101_00003_nrca4,exposure (L2b): 2D calibrated exposure average over integrations,S,mast:JWST/product/jw05893009002_02101_00003_nrca4_cal.fits,SCIENCE,,CAL,,CALJWST,2.0.0,5893,jw05893009002_02101_00003_nrca4_cal.fits,117573120,266448265,PUBLIC,2,F200W
266334005,JWST,image,jw05893009002_02101_00004_nrca4,exposure (L2b): 2D calibrated exposure average over integrations,S,mast:JWST/product/jw05893009002_02101_00004_nrca4_cal.fits,SCIENCE,,CAL,,CALJWST,2.0.0,5893,jw05893009002_02101_00004_nrca4_cal.fits,117573120,266448265,PUBLIC,2,F200W
266334006,JWST,image,jw05893009002_02101_00005_nrca3,exposure (L2b): 2D calibrated exposure average over integrations,S,mast:JWST/product/jw05893009002_02101_00005_nrca3_cal.fits,SCIENCE,,CAL,,CALJWST,2.0.0,5893,jw05893009002_02101_00005_nrca3_cal.fits,117573120,266448265,PUBLIC,2,F200W
266334007,JWST,image,jw05893009002_02101_00002_nrca4,exposure (L2b): 2D calibrated exposure average over integrations,S,mast:JWST/product/jw05893009002_02101_00002_nrca4_cal.fits,SCIENCE,,CAL,,CALJWST,2.0.0,5893,jw05893009002_02101_00002_nrca4_cal.fits,117573120,266448265,PUBLIC,2,F200W
266334008,JWST,image,jw05893009002_02101_00003_nrca3,exposure (L2b): 2D calibrated exposure average over integrations,S,mast:JWST/product/jw05893009002_02101_00003_nrca3_cal.fits,SCIENCE,,CAL,,CALJWST,2.0.0,5893,jw05893009002_02101_00003_nrca3_cal.fits,117573120,266448265,PUBLIC,2,F200W
266334012,JWST,image,jw05893009002_02101_00006_nrca4,exposure (L2b): 2D calibrated exposure average over integrations,S,mast:JWST/product/jw05893009002_02101_00006_nrca4_cal.fits,SCIENCE,,CAL,,CALJWST,2.0.0,5893,jw05893009002_02101_00006_nrca4_cal.fits,117573120,266448265,PUBLIC,2,F200W
266334014,JWST,image,jw05893009002_02101_00001_nrca4,exposure (L2b): 2D calibrated exposure average over integrations,S,mast:JWST/product/jw05893009002_02101_00001_nrca4_cal.fits,SCIENCE,,CAL,,CALJWST,2.0.0,5893,jw05893009002_02101_00001_nrca4_cal.fits,117573120,266448265,PUBLIC,2,F200W
266334015,JWST,image,jw05893009002_02101_00003_nrca2,exposure (L2b): 2D calibrated exposure average over integrations,S,mast:JWST/product/jw05893009002_02101_00003_nrca2_cal.fits,SCIENCE,,CAL,,CALJWST,2.0.0,5893,jw05893009002_02101_00003_nrca2_cal.fits,117570240,266448265,PUBLIC,2,F200W
266334017,JWST,image,jw05893009002_02101_00002_nrcb1,exposure (L2b): 2D calibrated exposure average over integrations,S,mast:JWST/product/jw05893009002_02101_00002_nrcb1_cal.fits,SCIENCE,,CAL,,CALJWST,2.0.0,5893,jw05893009002_02101_00002_nrcb1_cal.fits,117573120,266448265,PUBLIC,2,F200W
266334018,JWST,image,jw05893009002_02101_00001_nrcb1,exposure (L2b): 2D calibrated exposure average over integrations,S,mast:JWST/product/jw05893009002_02101_00001_nrcb1_cal.fits,SCIENCE,,CAL,,CALJWST,2.0.0,5893,jw05893009002_02101_00001_nrcb1_cal.fits,117573120,266448265,PUBLIC,2,F200W
266334019,JWST,image,jw05893009002_02101_00004_nrcb1,exposure (L2b): 2D calibrated exposure average over integrations,S,mast:JWST/product/jw05893009002_02101_00004_nrcb1_cal.fits,SCIENCE,,CAL,,CALJWST,2.0.0,5893,jw05893009002_02101_00004_nrcb1_cal.fits,117573120,266448265,PUBLIC,2,F200W
266334020,JWST,image,jw05893009002_02101_00003_nrcb1,exposure (L2b): 2D calibrated exposure average over integrations,S,mast:JWST/product/jw05893009002_02101_00003_nrcb1_cal.fits,SCIENCE,,CAL,,CALJWST,2.0.0,5893,jw05893009002_02101_00003_nrcb1_cal.fits,117573120,266448265,PUBLIC,2,F200W
266334021,JWST,image,jw05893009002_02101_00006_nrcb1,exposure (L2b): 2D calibrated exposure average over integrations,S,mast:JWST/product/jw05893009002_02101_00006_nrcb1_cal.fits,SCIENCE,,CAL,,CALJWST,2.0.0,5893,jw05893009002_02101_00006_nrcb1_cal.fits,117573120,266448265,PUBLIC,2,F200W
266334022,JWST,image,jw05893009002_02101_00005_nrcb1,exposure (L2b): 2D calibrated exposure average over integrations,S,mast:JWST/product/jw05893009002_02101_00005_nrcb1_cal.fits,SCIENCE,,CAL,,CALJWST,2.0.0,5893,jw05893009002_02101_00005_nrcb1_cal.fits,117573120,266448265,PUBLIC,2,F200W
266334026,JWST,image,jw05893009002_02101_00005_nrcb2,exposure (L2b): 2D calibrated exposure average over integrations,S,mast:JWST/product/jw05893009002_02101_00005_nrcb2_cal.fits,SCIENCE,,CAL,,CALJWST,2.0.0,5893,jw05893009002_02101_00005_nrcb2_cal.fits,117573120,266448265,PUBLIC,2,F200W
266334027,JWST,image,jw05893009002_02101_00001_nrcb2,exposure (L2b): 2D calibrated exposure average over integrations,S,mast:JWST/product/jw05893009002_02101_00001_nrcb2_cal.fits,SCIENCE,,CAL,,CALJWST,2.0.0,5893,jw05893009002_02101_00001_nrcb2_cal.fits,117573120,266448265,PUBLIC,2,F200W
266334028,JWST,image,jw05893009002_02101_00006_nrcb2,exposure (L2b): 2D calibrated exposure average over integrations,S,mast:JWST/product/jw05893009002_02101_00006_nrcb2_cal.fits,SCIENCE,,CAL,,CALJWST,2.0.0,5893,jw05893009002_02101_00006_nrcb2_cal.fits,117573120,266448265,PUBLIC,2,F200W
266334029,JWST,image,jw05893009002_02101_00002_nrcb2,exposure (L2b): 2D calibrated exposure average over integrations,S,mast:JWST/product/jw05893009002_02101_00002_nrcb2_cal.fits,SCIENCE,,CAL,,CALJWST,2.0.0,5893,jw05893009002_02101_00002_nrcb2_cal.fits,117573120,266448265,PUBLIC,2,F200W
266334030,JWST,image,jw05893009002_02101_00004_nrcb2,exposure (L2b): 2D calibrated exposure average over integrations,S,mast:JWST/product/jw05893009002_02101_00004_nrcb2_cal.fits,SCIENCE,,CAL,,CALJWST,2.0.0,5893,jw05893009002_02101_00004_nrcb2_cal.fits,117573120,266448265,PUBLIC,2,F200W
266334031,JWST,image,jw05893009002_02101_00003_nrcb2,exposure (L2b): 2D calibrated exposure average over integrations,S,mast:JWST/product/jw05893009002_02101_00003_nrcb2_cal.fits,SCIENCE,,CAL,,CALJWST,2.0.0,5893,jw05893009002_02101_00003_nrcb2_cal.fits,117573120,266448265,PUBLIC,2,F200W
266334038,JWST,image,jw05893009001_02101_00001_nrcb2,exposure (L2b): 2D calibrated exposure average over integrations,S,mast:JWST/product/jw05893009001_02101_00001_nrcb2_cal.fits,SCIENCE,,CAL,,CALJWST,2.0.0,5893,jw05893009001_02101_00001_nrcb2_cal.fits,117573120,266448265,PUBLIC,2,F200W
266334040,JWST,image,jw05893009001_02101_00003_nrcb2,exposure (L2b): 2D calibrated exposure average over integrations,S,mast:JWST/product/jw05893009001_02101_00003_nrcb2_cal.fits,SCIENCE,,CAL,,CALJWST,2.0.0,5893,jw05893009001_02101_00003_nrcb2_cal.fits,117573120,266448265,PUBLIC,2,F200W
266334041,JWST,image,jw05893009001_02101_00005_nrcb3,exposure (L2b): 2D calibrated exposure average over integrations,S,mast:JWST/product/jw05893009001_02101_00005_nrcb3_cal.fits,SCIENCE,,CAL,,CALJWST,2.0.0,5893,jw05893009001_02101_00005_nrcb3_cal.fits,117573120,266448265,PUBLIC,2,F200W
266334042,JWST,image,jw05893009001_02101_00005_nrcb2,exposure (L2b): 2D calibrated exposure average over integrations,S,mast:JWST/product/jw05893009001_02101_00005_nrcb2_cal.fits,SCIENCE,,CAL,,CALJWST,2.0.0,5893,jw05893009001_02101_00005_nrcb2_cal.fits,117573120,266448265,PUBLIC,2,F200W
266334047,JWST,image,jw05893009001_02101_00002_nrcb3,exposure (L2b): 2D calibrated exposure average over integrations,S,mast:JWST/product/jw05893009001_02101_00002_nrcb3_cal.fits,SCIENCE,,CAL,,CALJWST,2.0.0,5893,jw05893009001_02101_00002_nrcb3_cal.fits,117573120,266448265,PUBLIC,2,F200W
266334048,JWST,image,jw05893009001_02101_00004_nrcb2,exposure (L2b): 2D calibrated exposure average over integrations,S,mast:JWST/product/jw05893009001_02101_00004_nrcb2_cal.fits,SCIENCE,,CAL,,CALJWST,2.0.0,5893,jw05893009001_02101_00004_nrcb2_cal.fits,117573120,266448265,PUBLIC,2,F200W
266334049,JWST,image,jw05893009001_02101_00006_nrcb1,exposure (L2b): 2D calibrated exposure average over integrations,S,mast:JWST/product/jw05893009001_02101_00006_nrcb1_cal.fits,SCIENCE,,CAL,,CALJWST,2.0.0,5893,jw05893009001_02101_00006_nrcb1_cal.fits,117573120,266448265,PUBLIC,2,F200W
266334050,JWST,image,jw05893009001_02101_00002_nrcb2,exposure (L2b): 2D calibrated exposure average over integrations,S,mast:JWST/product/jw05893009001_02101_00002_nrcb2_cal.fits,SCIENCE,,CAL,,CALJWST,2.0.0,5893,jw05893009001_02101_00002_nrcb2_cal.fits,117573120,266448265,PUBLIC,2,F200W
266334051,JWST,image,jw05893009001_02101_00001_nrcb1,exposure (L2b): 2D calibrated exposure average over integrations,S,mast:JWST/product/jw05893009001_02101_00001_nrcb1_cal.fits,SCIENCE,,CAL,,CALJWST,2.0.0,5893,jw05893009001_02101_00001_nrcb1_cal.fits,117573120,266448265,PUBLIC,2,F200W
266334052,JWST,image,jw05893009001_02101_00003_nrcb4,exposure (L2b): 2D calibrated exposure average over integrations,S,mast:JWST/product/jw05893009001_02101_00003_nrcb4_cal.fits,SCIENCE,,CAL,,CALJWST,2.0.0,5893,jw05893009001_02101_00003_nrcb4_cal.fits,117573120,266448265,PUBLIC,2,F200W
266334053,JWST,image,jw05893009001_02101_00005_nrcb4,exposure (L2b): 2D calibrated exposure average over integrations,S,mast:JWST/product/jw05893009001_02101_00005_nrcb4_cal.fits,SCIENCE,,CAL,,CALJWST,2.0.0,5893,jw05893009001_02101_00005_nrcb4_cal.fits,117573120,266448265,PUBLIC,2,F200W
266334055,JWST,image,jw05893009001_02101_00004_nrcb1,exposure (L2b): 2D calibrated exposure average over integrations,S,mast:JWST/product/jw05893009001_02101_00004_nrcb1_cal.fits,SCIENCE,,CAL,,CALJWST,2.0.0,5893,jw05893009001_02101_00004_nrcb1_cal.fits,117573120,266448265,PUBLIC,2,F200W
266334056,JWST,image,jw05893009001_02101_00004_nrcb4,exposure (L2b): 2D calibrated exposure average over integrations,S,mast:JWST/product/jw05893009001_02101_00004_nrcb4_cal.fits,SCIENCE,,CAL,,CALJWST,2.0.0,5893,jw05893009001_02101_00004_nrcb4_cal.fits,117573120,266448265,PUBLIC,2,F200W
266334057,JWST,image,jw05893009001_02101_00001_nrcb4,exposure (L2b): 2D calibrated exposure average over integrations,S,mast:JWST/product/jw05893009001_02101_00001_nrcb4_cal.fits,SCIENCE,,CAL,,CALJWST,2.0.0,5893,jw05893009001_02101_00001_nrcb4_cal.fits,117573120,266448265,PUBLIC,2,F200W
266334058,JWST,image,jw05893009001_02101_00006_nrcb4,exposure (L2b): 2D calibrated exposure average over integrations,S,mast:JWST/product/jw05893009001_02101_00006_nrcb4_cal.fits,SCIENCE,,CAL,,CALJWST,2.0.0,5893,jw05893009001_02101_00006_nrcb4_cal.fits,117573120,266448265,PUBLIC,2,F200W
266334059,JWST,image,jw05893009001_02101_00004_nrcb3,exposure (L2b): 2D calibrated exposure average over integrations,S,mast:JWST/product/jw05893009001_02101_00004_nrcb3_cal.fits,SCIENCE,,CAL,,CALJWST,2.0.0,5893,jw05893009001_02101_00004_nrcb3_cal.fits,117573120,266448265,PUBLIC,2,F200W
266334060,JWST,image,jw05893009001_02101_00006_nrcb2,exposure (L2b): 2D calibrated exposure average over integrations,S,mast:JWST/product/jw05893009001_02101_00006_nrcb2_cal.fits,SCIENCE,,CAL,,CALJWST,2.0.0,5893,jw05893009001_02101_00006_nrcb2_cal.fits,117573120,266448265,PUBLIC,2,F200W
266334061,JWST,image,jw05893009001_02101_00001_nrcb3,exposure (L2b): 2D calibrated exposure average over integrations,S,mast:JWST/product/jw05893009001_02101_00001_nrcb3_cal.fits,SCIENCE,,CAL,,CALJWST,2.0.0,5893,jw05893009001_02101_00001_nrcb3_cal.fits,117573120,266448265,PUBLIC,2,F200W
266334062,JWST,image,jw05893009001_02101_00003_nrcb3,exposure (L2b): 2D calibrated exposure average over integrations,S,mast:JWST/product/jw05893009001_02101_00003_nrcb3_cal.fits,SCIENCE,,CAL,,CALJWST,2.0.0,5893,jw05893009001_02101_00003_nrcb3_cal.fits,117573120,266448265,PUBLIC,2,F200W
266334067,JWST,image,jw05893009001_02101_00002_nrcb4,exposure (L2b): 2D calibrated exposure average over integrations,S,mast:JWST/product/jw05893009001_02101_00002_nrcb4_cal.fits,SCIENCE,,CAL,,CALJWST,2.0.0,5893,jw05893009001_02101_00002_nrcb4_cal.fits,117573120,266448265,PUBLIC,2,F200W
266334074,JWST,image,jw05893009001_02101_00005_nrcb1,exposure (L2b): 2D calibrated exposure average over integrations,S,mast:JWST/product/jw05893009001_02101_00005_nrcb1_cal.fits,SCIENCE,,CAL,,CALJWST,2.0.0,5893,jw05893009001_02101_00005_nrcb1_cal.fits,117573120,266448265,PUBLIC,2,F200W
266334075,JWST,image,jw05893009001_02101_00006_nrcb3,exposure (L2b): 2D calibrated exposure average over integrations,S,mast:JWST/product/jw05893009001_02101_00006_nrcb3_cal.fits,SCIENCE,,CAL,,CALJWST,2.0.0,5893,jw05893009001_02101_00006_nrcb3_cal.fits,117573120,266448265,PUBLIC,2,F200W
266334098,JWST,image,jw05893009002_02101_00006_nrcb4,exposure (L2b): 2D calibrated exposure average over integrations,S,mast:JWST/product/jw05893009002_02101_00006_nrcb4_cal.fits,SCIENCE,,CAL,,CALJWST,2.0.0,5893,jw05893009002_02101_00006_nrcb4_cal.fits,117573120,266448265,PUBLIC,2,F200W
266334099,JWST,image,jw05893009002_02101_00003_nrcb4,exposure (L2b): 2D calibrated exposure average over integrations,S,mast:JWST/product/jw05893009002_02101_00003_nrcb4_cal.fits,SCIENCE,,CAL,,CALJWST,2.0.0,5893,jw05893009002_02101_00003_nrcb4_cal.fits,117573120,266448265,PUBLIC,2,F200W
266334100,JWST,image,jw05893009002_02101_00001_nrcb4,exposure (L2b): 2D calibrated exposure average over integrations,S,mast:JWST/product/jw05893009002_02101_00001_nrcb4_cal.fits,SCIENCE,,CAL,,CALJWST,2.0.0,5893,jw05893009002_02101_00001_nrcb4_cal.fits,117573120,266448265,PUBLIC,2,F200W
266334101,JWST,image,jw05893009002_02101_00005_nrcb3,exposure (L2b): 2D calibrated exposure average over integrations,S,mast:JWST/product/jw05893009002_02101_00005_nrcb3_cal.fits,SCIENCE,,CAL,,CALJWST,2.0.0,5893,jw05893009002_02101_00005_nrcb3_cal.fits,117573120,266448265,PUBLIC,2,F200W
266334104,JWST,image,jw05893009002_02101_00004_nrcb3,exposure (L2b): 2D calibrated exposure average over integrations,S,mast:JWST/product/jw05893009002_02101_00004_nrcb3_cal.fits,SCIENCE,,CAL,,CALJWST,2.0.0,5893,jw05893009002_02101_00004_nrcb3_cal.fits,117573120,266448265,PUBLIC,2,F200W
266334106,JWST,image,jw05893009002_02101_00006_nrcb3,exposure (L2b): 2D calibrated exposure average over integrations,S,mast:JWST/product/jw05893009002_02101_00006_nrcb3_cal.fits,SCIENCE,,CAL,,CALJWST,2.0.0,5893,jw05893009002_02101_00006_nrcb3_cal.fits,117573120,266448265,PUBLIC,2,F200W
266334109,JWST,image,jw05893009002_02101_00004_nrcb4,exposure (L2b): 2D calibrated exposure average over integrations,S,mast:JWST/product/jw05893009002_02101_00004_nrcb4_cal.fits,SCIENCE,,CAL,,CALJWST,2.0.0,5893,jw05893009002_02101_00004_nrcb4_cal.fits,117573120,266448265,PUBLIC,2,F200W
266334111,JWST,image,jw05893009002_02101_00003_nrcb3,exposure (L2b): 2D calibrated exposure average over integrations,S,mast:JWST/product/jw05893009002_02101_00003_nrcb3_cal.fits,SCIENCE,,CAL,,CALJWST,2.0.0,5893,jw05893009002_02101_00003_nrcb3_cal.fits,117573120,266448265,PUBLIC,2,F200W
266334113,JWST,image,jw05893009002_02101_00002_nrcb4,exposure (L2b): 2D calibrated exposure average over integrations,S,mast:JWST/product/jw05893009002_02101_00002_nrcb4_cal.fits,SCIENCE,,CAL,,CALJWST,2.0.0,5893,jw05893009002_02101_00002_nrcb4_cal.fits,117573120,266448265,PUBLIC,2,F200W
266334115,JWST,image,jw05893009002_02101_00002_nrcb3,exposure (L2b): 2D calibrated exposure average over integrations,S,mast:JWST/product/jw05893009002_02101_00002_nrcb3_cal.fits,SCIENCE,,CAL,,CALJWST,2.0.0,5893,jw05893009002_02101_00002_nrcb3_cal.fits,117573120,266448265,PUBLIC,2,F200W
266334117,JWST,image,jw05893009002_02101_00005_nrcb4,exposure (L2b): 2D calibrated exposure average over integrations,S,mast:JWST/product/jw05893009002_02101_00005_nrcb4_cal.fits,SCIENCE,,CAL,,CALJWST,2.0.0,5893,jw05893009002_02101_00005_nrcb4_cal.fits,117573120,266448265,PUBLIC,2,F200W
266334119,JWST,image,jw05893009002_02101_00001_nrcb3,exposure (L2b): 2D calibrated exposure average over integrations,S,mast:JWST/product/jw05893009002_02101_00001_nrcb3_cal.fits,SCIENCE,,CAL,,CALJWST,2.0.0,5893,jw05893009002_02101_00001_nrcb3_cal.fits,117573120,266448265,PUBLIC,2,F200W
266334123,JWST,image,jw05893009003_02101_00003_nrcb1,exposure (L2b): 2D calibrated exposure average over integrations,S,mast:JWST/product/jw05893009003_02101_00003_nrcb1_cal.fits,SCIENCE,,CAL,,CALJWST,2.0.0,5893,jw05893009003_02101_00003_nrcb1_cal.fits,117573120,266448265,PUBLIC,2,F200W
266334124,JWST,image,jw05893009003_02101_00003_nrcb2,exposure (L2b): 2D calibrated exposure average over integrations,S,mast:JWST/product/jw05893009003_02101_00003_nrcb2_cal.fits,SCIENCE,,CAL,,CALJWST,2.0.0,5893,jw05893009003_02101_00003_nrcb2_cal.fits,117573120,266448265,PUBLIC,2,F200W
266334125,JWST,image,jw05893009003_02101_00003_nrcb3,exposure (L2b): 2D calibrated exposure average over integrations,S,mast:JWST/product/jw05893009003_02101_00003_nrcb3_cal.fits,SCIENCE,,CAL,,CALJWST,2.0.0,5893,jw05893009003_02101_00003_nrcb3_cal.fits,117573120,266448265,PUBLIC,2,F200W
266334126,JWST,image,jw05893009003_02101_00004_nrcb4,exposure (L2b): 2D calibrated exposure average over integrations,S,mast:JWST/product/jw05893009003_02101_00004_nrcb4_cal.fits,SCIENCE,,CAL,,CALJWST,2.0.0,5893,jw05893009003_02101_00004_nrcb4_cal.fits,117573120,266448265,PUBLIC,2,F200W
266334127,JWST,image,jw05893009003_02101_00004_nrca3,exposure (L2b): 2D calibrated exposure average over integrations,S,mast:JWST/product/jw05893009003_02101_00004_nrca3_cal.fits,SCIENCE,,CAL,,CALJWST,2.0.0,5893,jw05893009003_02101_00004_nrca3_cal.fits,117573120,266448265,PUBLIC,2,F200W
266334128,JWST,image,jw05893009003_02101_00003_nrcb4,exposure (L2b): 2D calibrated exposure average over integrations,S,mast:JWST/product/jw05893009003_02101_00003_nrcb4_cal.fits,SCIENCE,,CAL,,CALJWST,2.0.0,5893,jw05893009003_02101_00003_nrcb4_cal.fits,117573120,266448265,PUBLIC,2,F200W
266334129,JWST,image,jw05893009003_02101_00003_nrca4,exposure (L2b): 2D calibrated exposure average over integrations,S,mast:JWST/product/jw05893009003_02101_00003_nrca4_cal.fits,SCIENCE,,CAL,,CALJWST,2.0.0,5893,jw05893009003_02101_00003_nrca4_cal.fits,117573120,266448265,PUBLIC,2,F200W
266334132,JWST,image,jw05893009003_02101_00004_nrca2,exposure (L2b): 2D calibrated exposure average over integrations,S,mast:JWST/product/jw05893009003_02101_00004_nrca2_cal.fits,SCIENCE,,CAL,,CALJWST,2.0.0,5893,jw05893009003_02101_00004_nrca2_cal.fits,117570240,266448265,PUBLIC,2,F200W
266334133,JWST,image,jw05893009003_02101_00003_nrca1,exposure (L2b): 2D calibrated exposure average over integrations,S,mast:JWST/product/jw05893009003_02101_00003_nrca1_cal.fits,SCIENCE,,CAL,,CALJWST,2.0.0,5893,jw05893009003_02101_00003_nrca1_cal.fits,117570240,266448265,PUBLIC,2,F200W
266334135,JWST,image,jw05893009003_02101_00004_nrca4,exposure (L2b): 2D calibrated exposure average over integrations,S,mast:JWST/product/jw05893009003_02101_00004_nrca4_cal.fits,SCIENCE,,CAL,,CALJWST,2.0.0,5893,jw05893009003_02101_00004_nrca4_cal.fits,117573120,266448265,PUBLIC,2,F200W
266334136,JWST,image,jw05893009003_02101_00003_nrca3,exposure (L2b): 2D calibrated exposure average over integrations,S,mast:JWST/product/jw05893009003_02101_00003_nrca3_cal.fits,SCIENCE,,CAL,,CALJWST,2.0.0,5893,jw05893009003_02101_00003_nrca3_cal.fits,117573120,266448265,PUBLIC,2,F200W
266334137,JWST,image,jw05893009003_02101_00004_nrcb2,exposure (L2b): 2D calibrated exposure average over integrations,S,mast:JWST/product/jw05893009003_02101_00004_nrcb2_cal.fits,SCIENCE,,CAL,,CALJWST,2.0.0,5893,jw05893009003_02101_00004_nrcb2_cal.fits,117573120,266448265,PUBLIC,2,F200W
266334138,JWST,image,jw05893009003_02101_00004_nrca1,exposure (L2b): 2D calibrated exposure average over integrations,S,mast:JWST/product/jw05893009003_02101_00004_nrca1_cal.fits,SCIENCE,,CAL,,CALJWST,2.0.0,5893,jw05893009003_02101_00004_nrca1_cal.fits,117570240,266448265,PUBLIC,2,F200W
266334139,JWST,image,jw05893009003_02101_00003_nrca2,exposure (L2b): 2D calibrated exposure average over integrations,S,mast:JWST/product/jw05893009003_02101_00003_nrca2_cal.fits,SCIENCE,,CAL,,CALJWST,2.0.0,5893,jw05893009003_02101_00003_nrca2_cal.fits,117570240,266448265,PUBLIC,2,F200W
266334140,JWST,image,jw05893009003_02101_00004_nrcb1,exposure (L2b): 2D calibrated exposure average over integrations,S,mast:JWST/product/jw05893009003_02101_00004_nrcb1_cal.fits,SCIENCE,,CAL,,CALJWST,2.0.0,5893,jw05893009003_02101_00004_nrcb1_cal.fits,117573120,266448265,PUBLIC,2,F200W
266334144,JWST,image,jw05893009003_02101_00006_nrcb2,exposure (L2b): 2D calibrated exposure average over integrations,S,mast:JWST/product/jw05893009003_02101_00006_nrcb2_cal.fits,SCIENCE,,CAL,,CALJWST,2.0.0,5893,jw05893009003_02101_00006_nrcb2_cal.fits,117573120,266448265,PUBLIC,2,F200W
266334146,JWST,image,jw05893009003_02101_00005_nrca2,exposure (L2b): 2D calibrated exposure average over integrations,S,mast:JWST/product/jw05893009003_02101_00005_nrca2_cal.fits,SCIENCE,,CAL,,CALJWST,2.0.0,5893,jw05893009003_02101_00005_nrca2_cal.fits,117570240,266448265,PUBLIC,2,F200W
266334151,JWST,image,jw05893009003_02101_00006_nrca4,exposure (L2b): 2D calibrated exposure average over integrations,S,mast:JWST/product/jw05893009003_02101_00006_nrca4_cal.fits,SCIENCE,,CAL,,CALJWST,2.0.0,5893,jw05893009003_02101_00006_nrca4_cal.fits,117573120,266448265,PUBLIC,2,F200W
266334153,JWST,image,jw05893009003_02101_00006_nrca3,exposure (L2b): 2D calibrated exposure average over integrations,S,mast:JWST/product/jw05893009003_02101_00006_nrca3_cal.fits,SCIENCE,,CAL,,CALJWST,2.0.0,5893,jw05893009003_02101_00006_nrca3_cal.fits,117573120,266448265,PUBLIC,2,F200W
266334154,JWST,image,jw05893009003_02101_00006_nrcb1,exposure (L2b): 2D calibrated exposure average over integrations,S,mast:JWST/product/jw05893009003_02101_00006_nrcb1_cal.fits,SCIENCE,,CAL,,CALJWST,2.0.0,5893,jw05893009003_02101_00006_nrcb1_cal.fits,117573120,266448265,PUBLIC,2,F200W
266334156,JWST,image,jw05893009003_02101_00005_nrcb4,exposure (L2b): 2D calibrated exposure average over integrations,S,mast:JWST/product/jw05893009003_02101_00005_nrcb4_cal.fits,SCIENCE,,CAL,,CALJWST,2.0.0,5893,jw05893009003_02101_00005_nrcb4_cal.fits,117573120,266448265,PUBLIC,2,F200W
266334157,JWST,image,jw05893009003_02101_00006_nrcb4,exposure (L2b): 2D calibrated exposure average over integrations,S,mast:JWST/product/jw05893009003_02101_00006_nrcb4_cal.fits,SCIENCE,,CAL,,CALJWST,2.0.0,5893,jw05893009003_02101_00006_nrcb4_cal.fits,117573120,266448265,PUBLIC,2,F200W
266334159,JWST,image,jw05893009003_02101_00006_nrcb3,exposure (L2b): 2D calibrated exposure average over integrations,S,mast:JWST/product/jw05893009003_02101_00006_nrcb3_cal.fits,SCIENCE,,CAL,,CALJWST,2.0.0,5893,jw05893009003_02101_00006_nrcb3_cal.fits,117573120,266448265,PUBLIC,2,F200W
266334160,JWST,image,jw05893009003_02101_00006_nrca1,exposure (L2b): 2D calibrated exposure average over integrations,S,mast:JWST/product/jw05893009003_02101_00006_nrca1_cal.fits,SCIENCE,,CAL,,CALJWST,2.0.0,5893,jw05893009003_02101_00006_nrca1_cal.fits,117570240,266448265,PUBLIC,2,F200W
266334167,JWST,image,jw05893009003_02101_00005_nrca1,exposure (L2b): 2D calibrated exposure average over integrations,S,mast:JWST/product/jw05893009003_02101_00005_nrca1_cal.fits,SCIENCE,,CAL,,CALJWST,2.0.0,5893,jw05893009003_02101_00005_nrca1_cal.fits,117570240,266448265,PUBLIC,2,F200W
266334168,JWST,image,jw05893009003_02101_00005_nrcb1,exposure (L2b): 2D calibrated exposure average over integrations,S,mast:JWST/product/jw05893009003_02101_00005_nrcb1_cal.fits,SCIENCE,,CAL,,CALJWST,2.0.0,5893,jw05893009003_02101_00005_nrcb1_cal.fits,117573120,266448265,PUBLIC,2,F200W
266334169,JWST,image,jw05893009003_02101_00005_nrca3,exposure (L2b): 2D calibrated exposure average over integrations,S,mast:JWST/product/jw05893009003_02101_00005_nrca3_cal.fits,SCIENCE,,CAL,,CALJWST,2.0.0,5893,jw05893009003_02101_00005_nrca3_cal.fits,117573120,266448265,PUBLIC,2,F200W
266334172,JWST,image,jw05893009003_02101_00005_nrcb2,exposure (L2b): 2D calibrated exposure average over integrations,S,mast:JWST/product/jw05893009003_02101_00005_nrcb2_cal.fits,SCIENCE,,CAL,,CALJWST,2.0.0,5893,jw05893009003_02101_00005_nrcb2_cal.fits,117573120,266448265,PUBLIC,2,F200W
266334177,JWST,image,jw05893009003_02101_00005_nrca4,exposure (L2b): 2D calibrated exposure average over integrations,S,mast:JWST/product/jw05893009003_02101_00005_nrca4_cal.fits,SCIENCE,,CAL,,CALJWST,2.0.0,5893,jw05893009003_02101_00005_nrca4_cal.fits,117573120,266448265,PUBLIC,2,F200W
266334190,JWST,image,jw05893009003_02101_00004_nrcb3,exposure (L2b): 2D calibrated exposure average over integrations,S,mast:JWST/product/jw05893009003_02101_00004_nrcb3_cal.fits,SCIENCE,,CAL,,CALJWST,2.0.0,5893,jw05893009003_02101_00004_nrcb3_cal.fits,117573120,266448265,PUBLIC,2,F200W
266334191,JWST,image,jw05893009003_02101_00005_nrcb3,exposure (L2b): 2D calibrated exposure average over integrations,S,mast:JWST/product/jw05893009003_02101_00005_nrcb3_cal.fits,SCIENCE,,CAL,,CALJWST,2.0.0,5893,jw05893009003_02101_00005_nrcb3_cal.fits,117573120,266448265,PUBLIC,2,F200W
266334196,JWST,image,jw05893009003_02101_00006_nrca2,exposure (L2b): 2D calibrated exposure average over integrations,S,mast:JWST/product/jw05893009003_02101_00006_nrca2_cal.fits,SCIENCE,,CAL,,CALJWST,2.0.0,5893,jw05893009003_02101_00006_nrca2_cal.fits,117570240,266448265,PUBLIC,2,F200W
