obsID,obs_collection,dataproduct_type,obs_id,description,type,dataURI,productType,productGroupDescription,productSubGroupDescription,productDocumentationURL,project,prvversion,proposal_id,productFilename,size,parent_obsid,dataRights,calib_level,filters
266453497,JWST,image,jw05893013001_02101_00002_nrcb3,exposure (L2b): 2D calibrated exposure average over integrations,S,mast:JWST/product/jw05893013001_02101_00002_nrcb3_cal.fits,SCIENCE,,CAL,,CALJWST,2.0.0,5893,jw05893013001_02101_00002_nrcb3_cal.fits,117573120,266471149,PUBLIC,2,F200W
266453498,JWST,image,jw05893013001_02101_00005_nrca1,exposure (L2b): 2D calibrated exposure average over integrations,S,mast:JWST/product/jw05893013001_02101_00005_nrca1_cal.fits,SCIENCE,,CAL,,CALJWST,2.0.0,5893,jw05893013001_02101_00005_nrca1_cal.fits,117570240,266471149,PUBLIC,2,F200W
266453500,JWST,image,jw05893013001_02101_00003_nrcb1,exposure (L2b): 2D calibrated exposure average over integrations,S,mast:JWST/product/jw05893013001_02101_00003_nrcb1_cal.fits,SCIENCE,,CAL,,CALJWST,2.0.0,5893,jw05893013001_02101_00003_nrcb1_cal.fits,117573120,266471149,PUBLIC,2,F200W
266453501,JWST,image,jw05893013001_02101_00003_nrca3,exposure (L2b): 2D calibrated exposure average over integrations,S,mast:JWST/product/jw05893013001_02101_00003_nrca3_cal.fits,SCIENCE,,CAL,,CALJWST,2.0.0,5893,jw05893013001_02101_00003_nrca3_cal.fits,117573120,266471149,PUBLIC,2,F200W
266453502,JWST,image,jw05893013001_02101_00004_nrca3,exposure (L2b): 2D calibrated exposure average over integrations,S,mast:JWST/product/jw05893013001_02101_00004_nrca3_cal.fits,SCIENCE,,CAL,,CALJWST,2.0.0,5893,jw05893013001_02101_00004_nrca3_cal.fits,117573120,266471149,PUBLIC,2,F200W
266453503,JWST,image,jw05893013001_02101_00001_nrcb2,exposure (L2b): 2D calibrated exposure average over integrations,S,mast:JWST/product/jw05893013001_02101_00001_nrcb2_cal.fits,SCIENCE,,CAL,,CALJWST,2.0.0,5893,jw05893013001_02101_00001_nrcb2_cal.fits,117573120,266471149,PUBLIC,2,F200W
266453504,JWST,image,jw05893013001_02101_00001_nrca1,exposure (L2b): 2D calibrated exposure average over integrations,S,mast:JWST/product/jw05893013001_02101_00001_nrca1_cal.fits,SCIENCE,,CAL,,CALJWST,2.0.0,5893,jw05893013001_02101_00001_nrca1_cal.fits,117570240,266471149,PUBLIC,2,F200W
266453505,JWST,image,jw05893013001_02101_00004_nrcb1,exposure (L2b): 2D calibrated exposure average over integrations,S,mast:JWST/product/jw05893013001_02101_00004_nrcb1_cal.fits,SCIENCE,,CAL,,CALJWST,2.0.0,5893,jw05893013001_02101_00004_nrcb1_cal.fits,117573120,266471149,PUBLIC,2,F200W
266453506,JWST,image,jw05893013001_02101_00001_nrca3,exposure (L2b): 2D calibrated exposure average over integrations,S,mast:JWST/product/jw05893013001_02101_00001_nrca3_cal.fits,SCIENCE,,CAL,,CALJWST,2.0.0,5893,jw05893013001_02101_00001_nrca3_cal.fits,117573120,266471149,PUBLIC,2,F200W
266453507,JWST,image,jw05893013001_02101_00003_nrcb4,exposure (L2b): 2D calibrated exposure average over integrations,S,mast:JWST/product/jw05893013001_02101_00003_nrcb4_cal.fits,SCIENCE,,CAL,,CALJWST,2.0.0,5893,jw05893013001_02101_00003_nrcb4_cal.fits,117573120,266471149,PUBLIC,2,F200W
266453509,JWST,image,jw05893013001_02101_00001_nrca4,exposure (L2b): 2D calibrated exposure average over integrations,S,mast:JWST/product/jw05893013001_02101_00001_nrca4_cal.fits,SCIENCE,,CAL,,CALJWST,2.0.0,5893,jw05893013001_02101_00001_nrca4_cal.fits,117573120,266471149,PUBLIC,2,F200W
266453510,JWST,image,jw05893013001_02101_00003_nrca2,exposure (L2b): 2D calibrated exposure average over integrations,S,mast:JWST/product/jw05893013001_02101_00003_nrca2_cal.fits,SCIENCE,,CAL,,CALJWST,2.0.0,5893,jw05893013001_02101_00003_nrca2_cal.fits,117570240,266471149,PUBLIC,2,F200W
266453512,JWST,image,jw05893013001_02101_00005_nrca2,exposure (L2b): 2D calibrated exposure average over integrations,S,mast:JWST/product/jw05893013001_02101_00005_nrca2_cal.fits,SCIENCE,,CAL,,CALJWST,2.0.0,5893,jw05893013001_02101_00005_nrca2_cal.fits,117570240,266471149,PUBLIC,2,F200W
266453513,JWST,image,jw05893013001_02101_00001_nrcb3,exposure (L2b): 2D calibrated exposure average over integrations,S,mast:JWST/product/jw05893013001_02101_00001_nrcb3_cal.fits,SCIENCE,,CAL,,CALJWST,2.0.0,5893,jw05893013001_02101_00001_nrcb3_cal.fits,117573120,266471149,PUBLIC,2,F200W
266453514,JWST,image,jw05893013001_02101_00004_nrca1,exposure (L2b): 2D calibrated exposure average over integrations,S,mast:JWST/product/jw05893013001_02101_00004_nrca1_cal.fits,SCIENCE,,CAL,,CALJWST,2.0.0,5893,jw05893013001_02101_00004_nrca1_cal.fits,117570240,266471149,PUBLIC,2,F200W
266453515,JWST,image,jw05893013001_02101_00005_nrcb1,exposure (L2b): 2D calibrated exposure average over integrations,S,mast:JWST/product/jw05893013001_02101_00005_nrcb1_cal.fits,SCIENCE,,CAL,,CALJWST,2.0.0,5893,jw05893013001_02101_00005_nrcb1_cal.fits,117573120,266471149,PUBLIC,2,F200W
266453516,JWST,image,jw05893013001_02101_00005_nrcb4,exposure (L2b): 2D calibrated exposure average over integrations,S,mast:JWST/product/jw05893013001_02101_00005_nrcb4_cal.fits,SCIENCE,,CAL,,CALJWST,2.0.0,5893,jw05893013001_02101_00005_nrcb4_cal.fits,117573120,266471149,PUBLIC,2,F200W
266453518,JWST,image,jw05893013001_02101_00002_nrca1,exposure (L2b): 2D calibrated exposure average over integrations,S,mast:JWST/product/jw05893013001_02101_00002_nrca1_cal.fits,SCIENCE,,CAL,,CALJWST,2.0.0,5893,jw05893013001_02101_00002_nrca1_cal.fits,117570240,266471149,PUBLIC,2,F200W
266453520,JWST,image,jw05893013001_02101_00001_nrca2,exposure (L2b): 2D calibrated exposure average over integrations,S,mast:JWST/product/jw05893013001_02101_00001_nrca2_cal.fits,SCIENCE,,CAL,,CALJWST,2.0.0,5893,jw05893013001_02101_00001_nrca2_cal.fits,117570240,266471149,PUBLIC,2,F200W
266453522,JWST,image,jw05893013001_02101_00005_nrca3,exposure (L2b): 2D calibrated exposure average over integrations,S,mast:JWST/product/jw05893013001_02101_00005_nrca3_cal.fits,SCIENCE,,CAL,,CALJWST,2.0.0,5893,jw05893013001_02101_00005_nrca3_cal.fits,117573120,266471149,PUBLIC,2,F200W
266453526,JWST,image,jw05893013001_02101_00002_nrcb4,exposure (L2b): 2D calibrated exposure average over integrations,S,mast:JWST/product/jw05893013001_02101_00002_nrcb4_cal.fits,SCIENCE,,CAL,,CALJWST,2.0.0,5893,jw05893013001_02101_00002_nrcb4_cal.fits,117573120,266471149,PUBLIC,2,F200W
266453527,JWST,image,jw05893013001_02101_00006_nrca1,exposure (L2b): 2D calibrated exposure average over integrations,S,mast:JWST/product/jw05893013001_02101_00006_nrca1_cal.fits,SCIENCE,,CAL,,CALJWST,2.0.0,5893,jw05893013001_02101_00006_nrca1_cal.fits,117570240,266471149,PUBLIC,2,F200W
266453530,JWST,image,jw05893013001_02101_00004_nrca2,exposure (L2b): 2D calibrated exposure average over integrations,S,mast:JWST/product/jw05893013001_02101_00004_nrca2_cal.fits,SCIENCE,,CAL,,CALJWST,2.0.0,5893,jw05893013001_02101_00004_nrca2_cal.fits,117570240,266471149,PUBLIC,2,F200W
266453531,JWST,image,jw05893013001_02101_00003_nrcb2,exposure (L2b): 2D calibrated exposure average over integrations,S,mast:JWST/product/jw05893013001_02101_00003_nrcb2_cal.fits,SCIENCE,,CAL,,CALJWST,2.0.0,5893,jw05893013001_02101_00003_nrcb2_cal.fits,117573120,266471149,PUBLIC,2,F200W
266453532,JWST,image,jw05893013001_02101_00004_nrcb2,exposure (L2b): 2D calibrated exposure average over integrations,S,mast:JWST/product/jw05893013001_02101_00004_nrcb2_cal.fits,SCIENCE,,CAL,,CALJWST,2.0.0,5893,jw05893013001_02101_00004_nrcb2_cal.fits,117573120,266471149,PUBLIC,2,F200W
266453533,JWST,image,jw05893013001_02101_00003_nrca1,exposure (L2b): 2D calibrated exposure average over integrations,S,mast:JWST/product/jw05893013001_02101_00003_nrca1_cal.fits,SCIENCE,,CAL,,CALJWST,2.0.0,5893,jw05893013001_02101_00003_nrca1_cal.fits,117570240,266471149,PUBLIC,2,F200W
266453536,JWST,image,jw05893013001_02101_00002_nrca2,exposure (L2b): 2D calibrated exposure average over integrations,S,mast:JWST/product/jw05893013001_02101_00002_nrca2_cal.fits,SCIENCE,,CAL,,CALJWST,2.0.0,5893,jw05893013001_02101_00002_nrca2_cal.fits,117570240,266471149,PUBLIC,2,F200W
266453537,JWST,image,jw05893013001_02101_00006_nrcb1,exposure (L2b): 2D calibrated exposure average over integrations,S,mast:JWST/product/jw05893013001_02101_00006_nrcb1_cal.fits,SCIENCE,,CAL,,CALJWST,2.0.0,5893,jw05893013001_02101_00006_nrcb1_cal.fits,117573120,266471149,PUBLIC,2,F200W
266453540,JWST,image,jw05893013001_02101_00002_nrcb2,exposure (L2b): 2D calibrated exposure average over integrations,S,mast:JWST/product/jw05893013001_02101_00002_nrcb2_cal.fits,SCIENCE,,CAL,,CALJWST,2.0.0,5893,jw05893013001_02101_00002_nrcb2_cal.fits,117573120,266471149,PUBLIC,2,F200W
266453542,JWST,image,jw05893013001_02101_00004_nrcb3,exposure (L2b): 2D calibrated exposure average over integrations,S,mast:JWST/product/jw05893013001_02101_00004_nrcb3_cal.fits,SCIENCE,,CAL,,CALJWST,2.0.0,5893,jw05893013001_02101_00004_nrcb3_cal.fits,117573120,266471149,PUBLIC,2,F200W
266453543,JWST,image,jw05893013001_02101_00006_nrca4,exposure (L2b): 2D calibrated exposure average over integrations,S,mast:JWST/product/jw05893013001_02101_00006_nrca4_cal.fits,SCIENCE,,CAL,,CALJWST,2.0.0,5893,jw05893013001_02101_00006_nrca4_cal.fits,117573120,266471149,PUBLIC,2,F200W
266453545,JWST,image,jw05893013001_02101_00006_nrcb2,exposure (L2b): 2D calibrated exposure average over integrations,S,mast:JWST/product/jw05893013001_02101_00006_nrcb2_cal.fits,SCIENCE,,CAL,,CALJWST,2.0.0,5893,jw05893013001_02101_00006_nrcb2_cal.fits,117573120,266471149,PUBLIC,2,F200W
266453547,JWST,image,jw05893013001_02101_00001_nrcb4,exposure (L2b): 2D calibrated exposure average over integrations,S,mast:JWST/product/jw05893013001_02101_00001_nrcb4_cal.fits,SCIENCE,,CAL,,CALJWST,2.0.0,5893,jw05893013001_02101_00001_nrcb4_cal.fits,117573120,266471149,PUBLIC,2,F200W
266453548,JWST,image,jw05893013001_02101_00004_nrca4,exposure (L2b): 2D calibrated exposure average over integrations,S,mast:JWST/product/jw05893013001_02101_00004_nrca4_cal.fits,SCIENCE,,CAL,,CALJWST,2.0.0,5893,jw05893013001_02101_00004_nrca4_cal.fits,117573120,266471149,PUBLIC,2,F200W
266453549,JWST,image,jw05893013001_02101_00005_nrcb2,exposure (L2b): 2D calibrated exposure average over integrations,S,mast:JWST/product/jw05893013001_02101_00005_nrcb2_cal.fits,SCIENCE,,CAL,,CALJWST,2.0.0,5893,jw05893013001_02101_00005_nrcb2_cal.fits,117573120,266471149,PUBLIC,2,F200W
266453551,JWST,image,jw05893013001_02101_00004_nrcb4,exposure (L2b): 2D calibrated exposure average over integrations,S,mast:JWST/product/jw05893013001_02101_00004_nrcb4_cal.fits,SCIENCE,,CAL,,CALJWST,2.0.0,5893,jw05893013001_02101_00004_nrcb4_cal.fits,117573120,266471149,PUBLIC,2,F200W
266453552,JWST,image,jw05893013001_02101_00003_nrca4,exposure (L2b): 2D calibrated exposure average over integrations,S,mast:JWST/product/jw05893013001_02101_00003_nrca4_cal.fits,SCIENCE,,CAL,,CALJWST,2.0.0,5893,jw05893013001_02101_00003_nrca4_cal.fits,117573120,266471149,PUBLIC,2,F200W
266453553,JWST,image,jw05893013001_02101_00005_nrcb3,exposure (L2b): 2D calibrated exposure average over integrations,S,mast:JWST/product/jw05893013001_02101_00005_nrcb3_cal.fits,SCIENCE,,CAL,,CALJWST,2.0.0,5893,jw05893013001_02101_00005_nrcb3_cal.fits,117573120,266471149,PUBLIC,2,F200W
266453554,JWST,image,jw05893013001_02101_00001_nrcb1,exposure (L2b): 2D calibrated exposure average over integrations,S,mast:JWST/product/jw05893013001_02101_00001_nrcb1_cal.fits,SCIENCE,,CAL,,CALJWST,2.0.0,5893,jw05893013001_02101_00001_nrcb1_cal.fits,117573120,266471149,PUBLIC,2,F200W
266453555,JWST,image,jw05893013001_02101_00006_nrca3,exposure (L2b): 2D calibrated exposure average over integrations,S,mast:JWST/product/jw05893013001_02101_00006_nrca3_cal.fits,SCIENCE,,CAL,,CALJWST,2.0.0,5893,jw05893013001_02101_00006_nrca3_cal.fits,117573120,266471149,PUBLIC,2,F200W
266453558,JWST,image,jw05893013001_02101_00002_nrca4,exposure (L2b): 2D calibrated exposure average over integrations,S,mast:JWST/product/jw05893013001_02101_00002_nrca4_cal.fits,SCIENCE,,CAL,,CALJWST,2.0.0,5893,jw05893013001_02101_00002_nrca4_cal.fits,117573120,266471149,PUBLIC,2,F200W
266453559,JWST,image,jw05893013001_02101_00003_nrcb3,exposure (L2b): 2D calibrated exposure average over integrations,S,mast:JWST/product/jw05893013001_02101_00003_nrcb3_cal.fits,SCIENCE,,CAL,,CALJWST,2.0.0,5893,jw05893013001_02101_00003_nrcb3_cal.fits,117573120,266471149,PUBLIC,2,F200W
266453562,JWST,image,jw05893013001_02101_00006_nrcb4,exposure (L2b): 2D calibrated exposure average over integrations,S,mast:JWST/product/jw05893013001_02101_00006_nrcb4_cal.fits,SCIENCE,,CAL,,CALJWST,2.0.0,5893,jw05893013001_02101_00006_nrcb4_cal.fits,117573120,266471149,PUBLIC,2,F200W
266453563,JWST,image,jw05893013001_02101_00002_nrcb1,exposure (L2b): 2D calibrated exposure average over integrations,S,mast:JWST/product/jw05893013001_02101_00002_nrcb1_cal.fits,SCIENCE,,CAL,,CALJWST,2.0.0,5893,jw05893013001_02101_00002_nrcb1_cal.fits,117573120,266471149,PUBLIC,2,F200W
266453567,JWST,image,jw05893013001_02101_00002_nrca3,exposure (L2b): 2D calibrated exposure average over integrations,S,mast:JWST/product/jw05893013001_02101_00002_nrca3_cal.fits,SCIENCE,,CAL,,CALJWST,2.0.0,5893,jw05893013001_02101_00002_nrca3_cal.fits,117573120,266471149,PUBLIC,2,F200W
266453569,JWST,image,jw05893013001_02101_00006_nrca2,exposure (L2b): 2D calibrated exposure average over integrations,S,mast:JWST/product/jw05893013001_02101_00006_nrca2_cal.fits,SCIENCE,,CAL,,CALJWST,2.0.0,5893,jw05893013001_02101_00006_nrca2_cal.fits,117570240,266471149,PUBLIC,2,F200W
266453570,JWST,image,jw05893013001_02101_00006_nrcb3,exposure (L2b): 2D calibrated exposure average over integrations,S,mast:JWST/product/jw05893013001_02101_00006_nrcb3_cal.fits,SCIENCE,,CAL,,CALJWST,2.0.0,5893,jw05893013001_02101_00006_nrcb3_cal.fits,117573120,266471149,PUBLIC,2,F200W
266453571,JWST,image,jw05893013001_02101_00005_nrca4,exposure (L2b): 2D calibrated exposure average over integrations,S,mast:JWST/product/jw05893013001_02101_00005_nrca4_cal.fits,SCIENCE,,CAL,,CALJWST,2.0.0,5893,jw05893013001_02101_00005_nrca4_cal.fits,117573120,266471149,PUBLIC,2,F200W
266458799,JWST,image,jw05893013002_02101_00002_nrcb4,exposure (L2b): 2D calibrated exposure average over integrations,S,mast:JWST/product/jw05893013002_02101_00002_nrcb4_cal.fits,SCIENCE,,CAL,,CALJWST,2.0.0,5893,jw05893013002_02101_00002_nrcb4_cal.fits,117573120,266471149,PUBLIC,2,F200W
266458800,JWST,image,jw05893013002_02101_00003_nrca1,exposure (L2b): 2D calibrated exposure average over integrations,S,mast:JWST/product/jw05893013002_02101_00003_nrca1_cal.fits,SCIENCE,,CAL,,CALJWST,2.0.0,5893,jw05893013002_02101_00003_nrca1_cal.fits,117570240,266471149,PUBLIC,2,F200W
266458801,JWST,image,jw05893013002_02101_00001_nrca1,exposure (L2b): 2D calibrated exposure average over integrations,S,mast:JWST/product/jw05893013002_02101_00001_nrca1_cal.fits,SCIENCE,,CAL,,CALJWST,2.0.0,5893,jw05893013002_02101_00001_nrca1_cal.fits,117570240,266471149,PUBLIC,2,F200W
266458802,JWST,image,jw05893013002_02101_00001_nrca2,exposure (L2b): 2D calibrated exposure average over integrations,S,mast:JWST/product/jw05893013002_02101_00001_nrca2_cal.fits,SCIENCE,,CAL,,CALJWST,2.0.0,5893,jw05893013002_02101_00001_nrca2_cal.fits,117570240,266471149,PUBLIC,2,F200W
266458805,JWST,image,jw05893013002_02101_00003_nrcb4,exposure (L2b): 2D calibrated exposure average over integrations,S,mast:JWST/product/jw05893013002_02101_00003_nrcb4_cal.fits,SCIENCE,,CAL,,CALJWST,2.0.0,5893,jw05893013002_02101_00003_nrcb4_cal.fits,117573120,266471149,PUBLIC,2,F200W
266458808,JWST,image,jw05893013002_02101_00001_nrcb4,exposure (L2b): 2D calibrated exposure average over integrations,S,mast:JWST/product/jw05893013002_02101_00001_nrcb4_cal.fits,SCIENCE,,CAL,,CALJWST,2.0.0,5893,jw05893013002_02101_00001_nrcb4_cal.fits,117573120,266471149,PUBLIC,2,F200W
266458809,JWST,image,jw05893013002_02101_00003_nrcb2,exposure (L2b): 2D calibrated exposure average over integrations,S,mast:JWST/product/jw05893013002_02101_00003_nrcb2_cal.fits,SCIENCE,,CAL,,CALJWST,2.0.0,5893,jw05893013002_02101_00003_nrcb2_cal.fits,117573120,266471149,PUBLIC,2,F200W
266458815,JWST,image,jw05893013002_02101_00001_nrca4,exposure (L2b): 2D calibrated exposure average over integrations,S,mast:JWST/product/jw05893013002_02101_00001_nrca4_cal.fits,SCIENCE,,CAL,,CALJWST,2.0.0,5893,jw05893013002_02101_00001_nrca4_cal.fits,117573120,266471149,PUBLIC,2,F200W
266458817,JWST,image,jw05893013002_02101_00002_nrcb2,exposure (L2b): 2D calibrated exposure average over integrations,S,mast:JWST/product/jw05893013002_02101_00002_nrcb2_cal.fits,SCIENCE,,CAL,,CALJWST,2.0.0,5893,jw05893013002_02101_00002_nrcb2_cal.fits,117573120,266471149,PUBLIC,2,F200W
266458818,JWST,image,jw05893013002_02101_00002_nrcb1,exposure (L2b): 2D calibrated exposure average over integrations,S,mast:JWST/product/jw05893013002_02101_00002_nrcb1_cal.fits,SCIENCE,,CAL,,CALJWST,2.0.0,5893,jw05893013002_02101_00002_nrcb1_cal.fits,117573120,266471149,PUBLIC,2,F200W
266458820,JWST,image,jw05893013002_02101_00002_nrca1,exposure (L2b): 2D calibrated exposure average over integrations,S,mast:JWST/product/jw05893013002_02101_00002_nrca1_cal.fits,SCIENCE,,CAL,,CALJWST,2.0.0,5893,jw05893013002_02101_00002_nrca1_cal.fits,117570240,266471149,PUBLIC,2,F200W
266458822,JWST,image,jw05893013002_02101_00002_nrcb3,exposure (L2b): 2D calibrated exposure average over integrations,S,mast:JWST/product/jw05893013002_02101_00002_nrcb3_cal.fits,SCIENCE,,CAL,,CALJWST,2.0.0,5893,jw05893013002_02101_00002_nrcb3_cal.fits,117573120,266471149,PUBLIC,2,F200W
266458823,JWST,image,jw05893013002_02101_00001_nrcb2,exposure (L2b): 2D calibrated exposure average over integrations,S,mast:JWST/product/jw05893013002_02101_00001_nrcb2_cal.fits,SCIENCE,,CAL,,CALJWST,2.0.0,5893,jw05893013002_02101_00001_nrcb2_cal.fits,117573120,266471149,PUBLIC,2,F200W
266458825,JWST,image,jw05893013002_02101_00003_nrca2,exposure (L2b): 2D calibrated exposure average over integrations,S,mast:JWST/product/jw05893013002_02101_00003_nrca2_cal.fits,SCIENCE,,CAL,,CALJWST,2.0.0,5893,jw05893013002_02101_00003_nrca2_cal.fits,117570240,266471149,PUBLIC,2,F200W
266458829,JWST,image,jw05893013002_02101_00003_nrcb3,exposure (L2b): 2D calibrated exposure average over integrations,S,mast:JWST/product/jw05893013002_02101_00003_nrcb3_cal.fits,SCIENCE,,CAL,,CALJWST,2.0.0,5893,jw05893013002_02101_00003_nrcb3_cal.fits,117573120,266471149,PUBLIC,2,F200W
266458831,JWST,image,jw05893013002_02101_00001_nrca3,exposure (L2b): 2D calibrated exposure average over integrations,S,mast:JWST/product/jw05893013002_02101_00001_nrca3_cal.fits,SCIENCE,,CAL,,CALJWST,2.0.0,5893,jw05893013002_02101_00001_nrca3_cal.fits,117573120,266471149,PUBLIC,2,F200W
266458834,JWST,image,jw05893013002_02101_00003_nrcb1,exposure (L2b): 2D calibrated exposure average over integrations,S,mast:JWST/product/jw05893013002_02101_00003_nrcb1_cal.fits,SCIENCE,,CAL,,CALJWST,2.0.0,5893,jw05893013002_02101_00003_nrcb1_cal.fits,117573120,266471149,PUBLIC,2,F200W
266458836,JWST,image,jw05893013002_02101_00002_nrca2,exposure (L2b): 2D calibrated exposure average over integrations,S,mast:JWST/product/jw05893013002_02101_00002_nrca2_cal.fits,SCIENCE,,CAL,,CALJWST,2.0.0,5893,jw05893013002_02101_00002_nrca2_cal.fits,117570240,266471149,PUBLIC,2,F200W
266458837,JWST,image,jw05893013002_02101_00002_nrca4,exposure (L2b): 2D calibrated exposure average over integrations,S,mast:JWST/product/jw05893013002_02101_00002_nrca4_cal.fits,SCIENCE,,CAL,,CALJWST,2.0.0,5893,jw05893013002_02101_00002_nrca4_cal.fits,117573120,266471149,PUBLIC,2,F200W
266458840,JWST,image,jw05893013002_02101_00001_nrcb3,exposure (L2b): 2D calibrated exposure average over integrations,S,mast:JWST/product/jw05893013002_02101_00001_nrcb3_cal.fits,SCIENCE,,CAL,,CALJWST,2.0.0,5893,jw05893013002_02101_00001_nrcb3_cal.fits,117573120,266471149,PUBLIC,2,F200W
266458841,JWST,image,jw05893013002_02101_00001_nrcb1,exposure (L2b): 2D calibrated exposure average over integrations,S,mast:JWST/product/jw05893013002_02101_00001_nrcb1_cal.fits,SCIENCE,,CAL,,CALJWST,2.0.0,5893,jw05893013002_02101_00001_nrcb1_cal.fits,117573120,266471149,PUBLIC,2,F200W
266458843,JWST,image,jw05893013002_02101_00002_nrca3,exposure (L2b): 2D calibrated exposure average over integrations,S,mast:JWST/product/jw05893013002_02101_00002_nrca3_cal.fits,SCIENCE,,CAL,,CALJWST,2.0.0,5893,jw05893013002_02101_00002_nrca3_cal.fits,117573120,266471149,PUBLIC,2,F200W
266458848,JWST,image,jw05893013002_02101_00003_nrca4,exposure (L2b): 2D calibrated exposure average over integrations,S,mast:JWST/product/jw05893013002_02101_00003_nrca4_cal.fits,SCIENCE,,CAL,,CALJWST,2.0.0,5893,jw05893013002_02101_00003_nrca4_cal.fits,117573120,266471149,PUBLIC,2,F200W
266458851,JWST,image,jw05893013002_02101_00003_nrca3,exposure (L2b): 2D calibrated exposure average over integrations,S,mast:JWST/product/jw05893013002_02101_00003_nrca3_cal.fits,SCIENCE,,CAL,,CALJWST,2.0.0,5893,jw05893013002_02101_00003_nrca3_cal.fits,117573120,266471149,PUBLIC,2,F200W
266459206,JWST,image,jw05893013002_02101_00005_nrcb3,exposure (L2b): 2D calibrated exposure average over integrations,S,mast:JWST/product/jw05893013002_02101_00005_nrcb3_cal.fits,SCIENCE,,CAL,,CALJWST,2.0.0,5893,jw05893013002_02101_00005_nrcb3_cal.fits,117573120,266471149,PUBLIC,2,F200W
266459207,JWST,image,jw05893013002_02101_00005_nrca1,exposure (L2b): 2D calibrated exposure average over integrations,S,mast:JWST/product/jw05893013002_02101_00005_nrca1_cal.fits,SCIENCE,,CAL,,CALJWST,2.0.0,5893,jw05893013002_02101_00005_nrca1_cal.fits,117570240,266471149,PUBLIC,2,F200W
266459208,JWST,image,jw05893013002_02101_00004_nrca4,exposure (L2b): 2D calibrated exposure average over integrations,S,mast:JWST/product/jw05893013002_02101_00004_nrca4_cal.fits,SCIENCE,,CAL,,CALJWST,2.0.0,5893,jw05893013002_02101_00004_nrca4_cal.fits,117573120,266471149,PUBLIC,2,F200W
266459211,JWST,image,jw05893013002_02101_00006_nrcb1,exposure (L2b): 2D calibrated exposure average over integrations,S,mast:JWST/product/jw05893013002_02101_00006_nrcb1_cal.fits,SCIENCE,,CAL,,CALJWST,2.0.0,5893,jw05893013002_02101_00006_nrcb1_cal.fits,117573120,266471149,PUBLIC,2,F200W
266459213,JWST,image,jw05893013002_02101_00004_nrca1,exposure (L2b): 2D calibrated exposure average over integrations,S,mast:JWST/product/jw05893013002_02101_00004_nrca1_cal.fits,SCIENCE,,CAL,,CALJWST,2.0.0,5893,jw05893013002_02101_00004_nrca1_cal.fits,117570240,266471149,PUBLIC,2,F200W
266459214,JWST,image,jw05893013002_02101_00004_nrcb2,exposure (L2b): 2D calibrated exposure average over integrations,S,mast:JWST/product/jw05893013002_02101_00004_nrcb2_cal.fits,SCIENCE,,CAL,,CALJWST,2.0.0,5893,jw05893013002_02101_00004_nrcb2_cal.fits,117573120,266471149,PUBLIC,2,F200W
266459215,JWST,image,jw05893013002_02101_00005_nrcb2,exposure (L2b): 2D calibrated exposure average over integrations,S,mast:JWST/product/jw05893013002_02101_00005_nrcb2_cal.fits,SCIENCE,,CAL,,CALJWST,2.0.0,5893,jw05893013002_02101_00005_nrcb2_cal.fits,117573120,266471149,PUBLIC,2,F200W
266459216,JWST,image,jw05893013002_02101_00004_nrcb3,exposure (L2b): 2D calibrated exposure average over integrations,S,mast:JWST/product/jw05893013002_02101_00004_nrcb3_cal.fits,SCIENCE,,CAL,,CALJWST,2.0.0,5893,jw05893013002_02101_00004_nrcb3_cal.fits,117573120,266471149,PUBLIC,2,F200W
266459218,JWST,image,jw05893013002_02101_00005_nrcb1,exposure (L2b): 2D calibrated exposure average over integrations,S,mast:JWST/product/jw05893013002_02101_00005_nrcb1_cal.fits,SCIENCE,,CAL,,CALJWST,2.0.0,5893,jw05893013002_02101_00005_nrcb1_cal.fits,117573120,266471149,PUBLIC,2,F200W
266459219,JWST,image,jw05893013002_02101_00006_nrca4,exposure (L2b): 2D calibrated exposure average over integrations,S,mast:JWST/product/jw05893013002_02101_00006_nrca4_cal.fits,SCIENCE,,CAL,,CALJWST,2.0.0,5893,jw05893013002_02101_00006_nrca4_cal.fits,117573120,266471149,PUBLIC,2,F200W
266459220,JWST,image,jw05893013002_02101_00004_nrca3,exposure (L2b): 2D calibrated exposure average over integrations,S,mast:JWST/product/jw05893013002_02101_00004_nrca3_cal.fits,SCIENCE,,CAL,,CALJWST,2.0.0,5893,jw05893013002_02101_00004_nrca3_cal.fits,117573120,266471149,PUBLIC,2,F200W
266459221,JWST,image,jw05893013002_02101_00006_nrca2,exposure (L2b): 2D calibrated exposure average over integrations,S,mast:JWST/product/jw05893013002_02101_00006_nrca2_cal.fits,SCIENCE,,CAL,,CALJWST,2.0.0,5893,jw05893013002_02101_00006_nrca2_cal.fits,117570240,266471149,PUBLIC,2,F200W
266459222,JWST,image,jw05893013002_02101_00006_nrca3,exposure (L2b): 2D calibrated exposure average over integrations,S,mast:JWST/product/jw05893013002_02101_00006_nrca3_cal.fits,SCIENCE,,CAL,,CALJWST,2.0.0,5893,jw05893013002_02101_00006_nrca3_cal.fits,117573120,266471149,PUBLIC,2,F200W
266459223,JWST,image,jw05893013002_02101_00005_nrca3,exposure (L2b): 2D calibrated exposure average over integrations,S,mast:JWST/product/jw05893013002_02101_00005_nrca3_cal.fits,SCIENCE,,CAL,,CALJWST,2.0.0,5893,jw05893013002_02101_00005_nrca3_cal.fits,117573120,266471149,PUBLIC,2,F200W
266459224,JWST,image,jw05893013002_02101_00006_nrcb2,exposure (L2b): 2D calibrated exposure average over integrations,S,mast:JWST/product/jw05893013002_02101_00006_nrcb2_cal.fits,SCIENCE,,CAL,,CALJWST,2.0.0,5893,jw05893013002_02101_00006_nrcb2_cal.fits,117573120,266471149,PUBLIC,2,F200W
266459225,JWST,image,jw05893013002_02101_00004_nrca2,exposure (L2b): 2D calibrated exposure average over integrations,S,mast:JWST/product/jw05893013002_02101_00004_nrca2_cal.fits,SCIENCE,,CAL,,CALJWST,2.0.0,5893,jw05893013002_02101_00004_nrca2_cal.fits,117570240,266471149,PUBLIC,2,F200W
266459228,JWST,image,jw05893013002_02101_00005_nrca2,exposure (L2b): 2D calibrated exposure average over integrations,S,mast:JWST/product/jw05893013002_02101_00005_nrca2_cal.fits,SCIENCE,,CAL,,CALJWST,2.0.0,5893,jw05893013002_02101_00005_nrca2_cal.fits,117570240,266471149,PUBLIC,2,F200W
266459229,JWST,image,jw05893013002_02101_00004_nrcb4,exposure (L2b): 2D calibrated exposure average over integrations,S,mast:JWST/product/jw05893013002_02101_00004_nrcb4_cal.fits,SCIENCE,,CAL,,CALJWST,2.0.0,5893,jw05893013002_02101_00004_nrcb4_cal.fits,117573120,266471149,PUBLIC,2,F200W
266459231,JWST,image,jw05893013002_02101_00006_nrca1,exposure (L2b): 2D calibrated exposure average over integrations,S,mast:JWST/product/jw05893013002_02101_00006_nrca1_cal.fits,SCIENCE,,CAL,,CALJWST,2.0.0,5893,jw05893013002_02101_00006_nrca1_cal.fits,117570240,266471149,PUBLIC,2,F200W
266459232,JWST,image,jw05893013002_02101_00004_nrcb1,exposure (L2b): 2D calibrated exposure average over integrations,S,mast:JWST/product/jw05893013002_02101_00004_nrcb1_cal.fits,SCIENCE,,CAL,,CALJWST,2.0.0,5893,jw05893013002_02101_00004_nrcb1_cal.fits,117573120,266471149,PUBLIC,2,F200W
266459234,JWST,image,jw05893013002_02101_00005_nrcb4,exposure (L2b): 2D calibrated exposure average over integrations,S,mast:JWST/product/jw05893013002_02101_00005_nrcb4_cal.fits,SCIENCE,,CAL,,CALJWST,2.0.0,5893,jw05893013002_02101_00005_nrcb4_cal.fits,117573120,266471149,PUBLIC,2,F200W
266459235,JWST,image,jw05893013002_02101_00005_nrca4,exposure (L2b): 2D calibrated exposure average over integrations,S,mast:JWST/product/jw05893013002_02101_00005_nrca4_cal.fits,SCIENCE,,CAL,,CALJWST,2.0.0,5893,jw05893013002_02101_00005_nrca4_cal.fits,117573120,266471149,PUBLIC,2,F200W
266459521,JWST,image,jw05893013003_02101_00002_nrcb3,exposure (L2b): 2D calibrated exposure average over integrations,S,mast:JWST/product/jw05893013003_02101_00002_nrcb3_cal.fits,SCIENCE,,CAL,,CALJWST,2.0.0,5893,jw05893013003_02101_00002_nrcb3_cal.fits,117573120,266471149,PUBLIC,2,F200W
266459522,JWST,image,jw05893013003_02101_00002_nrcb2,exposure (L2b): 2D calibrated exposure average over integrations,S,mast:JWST/product/jw05893013003_02101_00002_nrcb2_cal.fits,SCIENCE,,CAL,,CALJWST,2.0.0,5893,jw05893013003_02101_00002_nrcb2_cal.fits,117573120,266471149,PUBLIC,2,F200W
266459523,JWST,image,jw05893013003_02101_00001_nrca2,exposure (L2b): 2D calibrated exposure average over integrations,S,mast:JWST/product/jw05893013003_02101_00001_nrca2_cal.fits,SCIENCE,,CAL,,CALJWST,2.0.0,5893,jw05893013003_02101_00001_nrca2_cal.fits,117570240,266471149,PUBLIC,2,F200W
266459524,JWST,image,jw05893013003_02101_00001_nrcb2,exposure (L2b): 2D calibrated exposure average over integrations,S,mast:JWST/product/jw05893013003_02101_00001_nrcb2_cal.fits,SCIENCE,,CAL,,CALJWST,2.0.0,5893,jw05893013003_02101_00001_nrcb2_cal.fits,117573120,266471149,PUBLIC,2,F200W
266459526,JWST,image,jw05893013003_02101_00002_nrca4,exposure (L2b): 2D calibrated exposure average over integrations,S,mast:JWST/product/jw05893013003_02101_00002_nrca4_cal.fits,SCIENCE,,CAL,,CALJWST,2.0.0,5893,jw05893013003_02101_00002_nrca4_cal.fits,117573120,266471149,PUBLIC,2,F200W
266459527,JWST,image,jw05893013003_02101_00003_nrca1,exposure (L2b): 2D calibrated exposure average over integrations,S,mast:JWST/product/jw05893013003_02101_00003_nrca1_cal.fits,SCIENCE,,CAL,,CALJWST,2.0.0,5893,jw05893013003_02101_00003_nrca1_cal.fits,117570240,266471149,PUBLIC,2,F200W
266459528,JWST,image,jw05893013003_02101_00003_nrca2,exposure (L2b): 2D calibrated exposure average over integrations,S,mast:JWST/product/jw05893013003_02101_00003_nrca2_cal.fits,SCIENCE,,CAL,,CALJWST,2.0.0,5893,jw05893013003_02101_00003_nrca2_cal.fits,117570240,266471149,PUBLIC,2,F200W
266459529,JWST,image,jw05893013003_02101_00001_nrca3,exposure (L2b): 2D calibrated exposure average over integrations,S,mast:JWST/product/jw05893013003_02101_00001_nrca3_cal.fits,SCIENCE,,CAL,,CALJWST,2.0.0,5893,jw05893013003_02101_00001_nrca3_cal.fits,117573120,266471149,PUBLIC,2,F200W
266459530,JWST,image,jw05893013003_02101_00001_nrca1,exposure (L2b): 2D calibrated exposure average over integrations,S,mast:JWST/product/jw05893013003_02101_00001_nrca1_cal.fits,SCIENCE,,CAL,,CALJWST,2.0.0,5893,jw05893013003_02101_00001_nrca1_cal.fits,117570240,266471149,PUBLIC,2,F200W
266459531,JWST,image,jw05893013003_02101_00005_nrcb4,exposure (L2b): 2D calibrated exposure average over integrations,S,mast:JWST/product/jw05893013003_02101_00005_nrcb4_cal.fits,SCIENCE,,CAL,,CALJWST,2.0.0,5893,jw05893013003_02101_00005_nrcb4_cal.fits,117573120,266471149,PUBLIC,2,F200W
266459534,JWST,image,jw05893013003_02101_00003_nrcb1,exposure (L2b): 2D calibrated exposure average over integrations,S,mast:JWST/product/jw05893013003_02101_00003_nrcb1_cal.fits,SCIENCE,,CAL,,CALJWST,2.0.0,5893,jw05893013003_02101_00003_nrcb1_cal.fits,117573120,266471149,PUBLIC,2,F200W
266459547,JWST,image,jw05893013002_02101_00006_nrcb3,exposure (L2b): 2D calibrated exposure average over integrations,S,mast:JWST/product/jw05893013002_02101_00006_nrcb3_cal.fits,SCIENCE,,CAL,,CALJWST,2.0.0,5893,jw05893013002_02101_00006_nrcb3_cal.fits,117573120,266471149,PUBLIC,2,F200W
266459566,JWST,image,jw05893013002_02101_00006_nrcb4,exposure (L2b): 2D calibrated exposure average over integrations,S,mast:JWST/product/jw05893013002_02101_00006_nrcb4_cal.fits,SCIENCE,,CAL,,CALJWST,2.0.0,5893,jw05893013002_02101_00006_nrcb4_cal.fits,117573120,266471149,PUBLIC,2,F200W
266459979,JWST,image,jw05893013003_02101_00004_nrcb3,exposure (L2b): 2D calibrated exposure average over integrations,S,mast:JWST/product/jw05893013003_02101_00004_nrcb3_cal.fits,SCIENCE,,CAL,,CALJWST,2.0.0,5893,jw05893013003_02101_00004_nrcb3_cal.fits,117573120,266471149,PUBLIC,2,F200W
266459980,JWST,image,jw05893013003_02101_00005_nrca4,exposure (L2b): 2D calibrated exposure average over integrations,S,mast:JWST/product/jw05893013003_02101_00005_nrca4_cal.fits,SCIENCE,,CAL,,CALJWST,2.0.0,5893,jw05893013003_02101_00005_nrca4_cal.fits,117573120,266471149,PUBLIC,2,F200W
266459981,JWST,image,jw05893013003_02101_00003_nrcb2,exposure (L2b): 2D calibrated exposure average over integrations,S,mast:JWST/product/jw05893013003_02101_00003_nrcb2_cal.fits,SCIENCE,,CAL,,CALJWST,2.0.0,5893,jw05893013003_02101_00003_nrcb2_cal.fits,117573120,266471149,PUBLIC,2,F200W
266459985,JWST,image,jw05893013003_02101_00003_nrca3,exposure (L2b): 2D calibrated exposure average over integrations,S,mast:JWST/product/jw05893013003_02101_00003_nrca3_cal.fits,SCIENCE,,CAL,,CALJWST,2.0.0,5893,jw05893013003_02101_00003_nrca3_cal.fits,117573120,266471149,PUBLIC,2,F200W
266459986,JWST,image,jw05893013003_02101_00003_nrcb3,exposure (L2b): 2D calibrated exposure average over integrations,S,mast:JWST/product/jw05893013003_02101_00003_nrcb3_cal.fits,SCIENCE,,CAL,,CALJWST,2.0.0,5893,jw05893013003_02101_00003_nrcb3_cal.fits,117573120,266471149,PUBLIC,2,F200W
266459988,JWST,image,jw05893013003_02101_00006_nrcb4,exposure (L2b): 2D calibrated exposure average over integrations,S,mast:JWST/product/jw05893013003_02101_00006_nrcb4_cal.fits,SCIENCE,,CAL,,CALJWST,2.0.0,5893,jw05893013003_02101_00006_nrcb4_cal.fits,117573120,266471149,PUBLIC,2,F200W
266459989,JWST,image,jw05893013003_02101_00006_nrcb3,exposure (L2b): 2D calibrated exposure average over integrations,S,mast:JWST/product/jw05893013003_02101_00006_nrcb3_cal.fits,SCIENCE,,CAL,,CALJWST,2.0.0,5893,jw05893013003_02101_00006_nrcb3_cal.fits,117573120,266471149,PUBLIC,2,F200W
266459990,JWST,image,jw05893013003_02101_00004_nrca2,exposure (L2b): 2D calibrated exposure average over integrations,S,mast:JWST/product/jw05893013003_02101_00004_nrca2_cal.fits,SCIENCE,,CAL,,CALJWST,2.0.0,5893,jw05893013003_02101_00004_nrca2_cal.fits,117570240,266471149,PUBLIC,2,F200W
266459991,JWST,image,jw05893013003_02101_00002_nrca3,exposure (L2b): 2D calibrated exposure average over integrations,S,mast:JWST/product/jw05893013003_02101_00002_nrca3_cal.fits,SCIENCE,,CAL,,CALJWST,2.0.0,5893,jw05893013003_02101_00002_nrca3_cal.fits,117573120,266471149,PUBLIC,2,F200W
266459992,JWST,image,jw05893013003_02101_00005_nrcb3,exposure (L2b): 2D calibrated exposure average over integrations,S,mast:JWST/product/jw05893013003_02101_00005_nrcb3_cal.fits,SCIENCE,,CAL,,CALJWST,2.0.0,5893,jw05893013003_02101_00005_nrcb3_cal.fits,117573120,266471149,PUBLIC,2,F200W
266459993,JWST,image,jw05893013003_02101_00004_nrca3,exposure (L2b): 2D calibrated exposure average over integrations,S,mast:JWST/product/jw05893013003_02101_00004_nrca3_cal.fits,SCIENCE,,CAL,,CALJWST,2.0.0,5893,jw05893013003_02101_00004_nrca3_cal.fits,117573120,266471149,PUBLIC,2,F200W
266459994,JWST,image,jw05893013003_02101_00003_nrca4,exposure (L2b): 2D calibrated exposure average over integrations,S,mast:JWST/product/jw05893013003_02101_00003_nrca4_cal.fits,SCIENCE,,CAL,,CALJWST,2.0.0,5893,jw05893013003_02101_00003_nrca4_cal.fits,117573120,266471149,PUBLIC,2,F200W
266459995,JWST,image,jw05893013003_02101_00006_nrca4,exposure (L2b): 2D calibrated exposure average over integrations,S,mast:JWST/product/jw05893013003_02101_00006_nrca4_cal.fits,SCIENCE,,CAL,,CALJWST,2.0.0,5893,jw05893013003_02101_00006_nrca4_cal.fits,117573120,266471149,PUBLIC,2,F200W
266459997,JWST,image,jw05893013003_02101_00006_nrca2,exposure (L2b): 2D calibrated exposure average over integrations,S,mast:JWST/product/jw05893013003_02101_00006_nrca2_cal.fits,SCIENCE,,CAL,,CALJWST,2.0.0,5893,jw05893013003_02101_00006_nrca2_cal.fits,117570240,266471149,PUBLIC,2,F200W
266459998,JWST,image,jw05893013003_02101_00004_nrcb2,exposure (L2b): 2D calibrated exposure average over integrations,S,mast:JWST/product/jw05893013003_02101_00004_nrcb2_cal.fits,SCIENCE,,CAL,,CALJWST,2.0.0,5893,jw05893013003_02101_00004_nrcb2_cal.fits,117573120,266471149,PUBLIC,2,F200W
266459999,JWST,image,jw05893013003_02101_00005_nrca3,exposure (L2b): 2D calibrated exposure average over integrations,S,mast:JWST/product/jw05893013003_02101_00005_nrca3_cal.fits,SCIENCE,,CAL,,CALJWST,2.0.0,5893,jw05893013003_02101_00005_nrca3_cal.fits,117573120,266471149,PUBLIC,2,F200W
266460000,JWST,image,jw05893013003_02101_00002_nrca2,exposure (L2b): 2D calibrated exposure average over integrations,S,mast:JWST/product/jw05893013003_02101_00002_nrca2_cal.fits,SCIENCE,,CAL,,CALJWST,2.0.0,5893,jw05893013003_02101_00002_nrca2_cal.fits,117570240,266471149,PUBLIC,2,F200W
266460001,JWST,image,jw05893013003_02101_00005_nrcb2,exposure (L2b): 2D calibrated exposure average over integrations,S,mast:JWST/product/jw05893013003_02101_00005_nrcb2_cal.fits,SCIENCE,,CAL,,CALJWST,2.0.0,5893,jw05893013003_02101_00005_nrcb2_cal.fits,117573120,266471149,PUBLIC,2,F200W
266460002,JWST,image,jw05893013003_02101_00001_nrca4,exposure (L2b): 2D calibrated exposure average over integrations,S,mast:JWST/product/jw05893013003_02101_00001_nrca4_cal.fits,SCIENCE,,CAL,,CALJWST,2.0.0,5893,jw05893013003_02101_00001_nrca4_cal.fits,117573120,266471149,PUBLIC,2,F200W
266460004,JWST,image,jw05893013003_02101_00005_nrcb1,exposure (L2b): 2D calibrated exposure average over integrations,S,mast:JWST/product/jw05893013003_02101_00005_nrcb1_cal.fits,SCIENCE,,CAL,,CALJWST,2.0.0,5893,jw05893013003_02101_00005_nrcb1_cal.fits,117573120,266471149,PUBLIC,2,F200W
266460006,JWST,image,jw05893013003_02101_00001_nrcb4,exposure (L2b): 2D calibrated exposure average over integrations,S,mast:JWST/product/jw05893013003_02101_00001_nrcb4_cal.fits,SCIENCE,,CAL,,CALJWST,2.0.0,5893,jw05893013003_02101_00001_nrcb4_cal.fits,117573120,266471149,PUBLIC,2,F200W
266460007,JWST,image,jw05893013003_02101_00002_nrca1,exposure (L2b): 2D calibrated exposure average over integrations,S,mast:JWST/product/jw05893013003_02101_00002_nrca1_cal.fits,SCIENCE,,CAL,,CALJWST,2.0.0,5893,jw05893013003_02101_00002_nrca1_cal.fits,117570240,266471149,PUBLIC,2,F200W
266460009,JWST,image,jw05893013003_02101_00006_nrca3,exposure (L2b): 2D calibrated exposure average over integrations,S,mast:JWST/product/jw05893013003_02101_00006_nrca3_cal.fits,SCIENCE,,CAL,,CALJWST,2.0.0,5893,jw05893013003_02101_00006_nrca3_cal.fits,117573120,266471149,PUBLIC,2,F200W
266460011,JWST,image,jw05893013003_02101_00001_nrcb1,exposure (L2b): 2D calibrated exposure average over integrations,S,mast:JWST/product/jw05893013003_02101_00001_nrcb1_cal.fits,SCIENCE,,CAL,,CALJWST,2.0.0,5893,jw05893013003_02101_00001_nrcb1_cal.fits,117573120,266471149,PUBLIC,2,F200W
266460013,JWST,image,jw05893013003_02101_00004_nrcb4,exposure (L2b): 2D calibrated exposure average over integrations,S,mast:JWST/product/jw05893013003_02101_00004_nrcb4_cal.fits,SCIENCE,,CAL,,CALJWST,2.0.0,5893,jw05893013003_02101_00004_nrcb4_cal.fits,117573120,266471149,PUBLIC,2,F200W
266460014,JWST,image,jw05893013003_02101_00006_nrcb1,exposure (L2b): 2D calibrated exposure average over integrations,S,mast:JWST/product/jw05893013003_02101_00006_nrcb1_cal.fits,SCIENCE,,CAL,,CALJWST,2.0.0,5893,jw05893013003_02101_00006_nrcb1_cal.fits,117573120,266471149,PUBLIC,2,F200W
266460015,JWST,image,jw05893013003_02101_00004_nrcb1,exposure (L2b): 2D calibrated exposure average over integrations,S,mast:JWST/product/jw05893013003_02101_00004_nrcb1_cal.fits,SCIENCE,,CAL,,CALJWST,2.0.0,5893,jw05893013003_02101_00004_nrcb1_cal.fits,117573120,266471149,PUBLIC,2,F200W
266460018,JWST,image,jw05893013003_02101_00005_nrca1,exposure (L2b): 2D calibrated exposure average over integrations,S,mast:JWST/product/jw05893013003_02101_00005_nrca1_cal.fits,SCIENCE,,CAL,,CALJWST,2.0.0,5893,jw05893013003_02101_00005_nrca1_cal.fits,117570240,266471149,PUBLIC,2,F200W
266460020,JWST,image,jw05893013003_02101_00006_nrcb2,exposure (L2b): 2D calibrated exposure average over integrations,S,mast:JWST/product/jw05893013003_02101_00006_nrcb2_cal.fits,SCIENCE,,CAL,,CALJWST,2.0.0,5893,jw05893013003_02101_00006_nrcb2_cal.fits,117573120,266471149,PUBLIC,2,F200W
266460022,JWST,image,jw05893013003_02101_00001_nrcb3,exposure (L2b): 2D calibrated exposure average over integrations,S,mast:JWST/product/jw05893013003_02101_00001_nrcb3_cal.fits,SCIENCE,,CAL,,CALJWST,2.0.0,5893,jw05893013003_02101_00001_nrcb3_cal.fits,117573120,266471149,PUBLIC,2,F200W
266460024,JWST,image,jw05893013003_02101_00003_nrcb4,exposure (L2b): 2D calibrated exposure average over integrations,S,mast:JWST/product/jw05893013003_02101_00003_nrcb4_cal.fits,SCIENCE,,CAL,,CALJWST,2.0.0,5893,jw05893013003_02101_00003_nrcb4_cal.fits,117573120,266471149,PUBLIC,2,F200W
266460025,JWST,image,jw05893013003_02101_00004_nrca4,exposure (L2b): 2D calibrated exposure average over integrations,S,mast:JWST/product/jw05893013003_02101_00004_nrca4_cal.fits,SCIENCE,,CAL,,CALJWST,2.0.0,5893,jw05893013003_02101_00004_nrca4_cal.fits,117573120,266471149,PUBLIC,2,F200W
266460026,JWST,image,jw05893013003_02101_00002_nrcb1,exposure (L2b): 2D calibrated exposure average over integrations,S,mast:JWST/product/jw05893013003_02101_00002_nrcb1_cal.fits,SCIENCE,,CAL,,CALJWST,2.0.0,5893,jw05893013003_02101_00002_nrcb1_cal.fits,117573120,266471149,PUBLIC,2,F200W
266460027,JWST,image,jw05893013003_02101_00005_nrca2,exposure (L2b): 2D calibrated exposure average over integrations,S,mast:JWST/product/jw05893013003_02101_00005_nrca2_cal.fits,SCIENCE,,CAL,,CALJWST,2.0.0,5893,jw05893013003_02101_00005_nrca2_cal.fits,117570240,266471149,PUBLIC,2,F200W
266460029,JWST,image,jw05893013003_02101_00002_nrcb4,exposure (L2b): 2D calibrated exposure average over integrations,S,mast:JWST/product/jw05893013003_02101_00002_nrcb4_cal.fits,SCIENCE,,CAL,,CALJWST,2.0.0,5893,jw05893013003_02101_00002_nrcb4_cal.fits,117573120,266471149,PUBLIC,2,F200W
266460030,JWST,image,jw05893013003_02101_00006_nrca1,exposure (L2b): 2D calibrated exposure average over integrations,S,mast:JWST/product/jw05893013003_02101_00006_nrca1_cal.fits,SCIENCE,,CAL,,CALJWST,2.0.0,5893,jw05893013003_02101_00006_nrca1_cal.fits,117570240,266471149,PUBLIC,2,F200W
266460031,JWST,image,jw05893013003_02101_00004_nrca1,exposure (L2b): 2D calibrated exposure average over integrations,S,mast:JWST/product/jw05893013003_02101_00004_nrca1_cal.fits,SCIENCE,,CAL,,CALJWST,2.0.0,5893,jw05893013003_02101_00004_nrca1_cal.fits,117570240,266471149,PUBLIC,2,F200W
266460158,JWST,image,jw05893013004_02101_00002_nrcb3,exposure (L2b): 2D calibrated exposure average over integrations,S,mast:JWST/product/jw05893013004_02101_00002_nrcb3_cal.fits,SCIENCE,,CAL,,CALJWST,2.0.0,5893,jw05893013004_02101_00002_nrcb3_cal.fits,117573120,266471149,PUBLIC,2,F200W
266460161,JWST,image,jw05893013004_02101_00004_nrcb4,exposure (L2b): 2D calibrated exposure average over integrations,S,mast:JWST/product/jw05893013004_02101_00004_nrcb4_cal.fits,SCIENCE,,CAL,,CALJWST,2.0.0,5893,jw05893013004_02101_00004_nrcb4_cal.fits,117573120,266471149,PUBLIC,2,F200W
266460166,JWST,image,jw05893013004_02101_00002_nrca1,exposure (L2b): 2D calibrated exposure average over integrations,S,mast:JWST/product/jw05893013004_02101_00002_nrca1_cal.fits,SCIENCE,,CAL,,CALJWST,2.0.0,5893,jw05893013004_02101_00002_nrca1_cal.fits,117570240,266471149,PUBLIC,2,F200W
266460171,JWST,image,jw05893013004_02101_00003_nrca3,exposure (L2b): 2D calibrated exposure average over integrations,S,mast:JWST/product/jw05893013004_02101_00003_nrca3_cal.fits,SCIENCE,,CAL,,CALJWST,2.0.0,5893,jw05893013004_02101_00003_nrca3_cal.fits,117573120,266471149,PUBLIC,2,F200W
266460173,JWST,image,jw05893013004_02101_00001_nrca1,exposure (L2b): 2D calibrated exposure average over integrations,S,mast:JWST/product/jw05893013004_02101_00001_nrca1_cal.fits,SCIENCE,,CAL,,CALJWST,2.0.0,5893,jw05893013004_02101_00001_nrca1_cal.fits,117570240,266471149,PUBLIC,2,F200W
266460175,JWST,image,jw05893013004_02101_00003_nrcb2,exposure (L2b): 2D calibrated exposure average over integrations,S,mast:JWST/product/jw05893013004_02101_00003_nrcb2_cal.fits,SCIENCE,,CAL,,CALJWST,2.0.0,5893,jw05893013004_02101_00003_nrcb2_cal.fits,117573120,266471149,PUBLIC,2,F200W
266460176,JWST,image,jw05893013004_02101_00001_nrcb2,exposure (L2b): 2D calibrated exposure average over integrations,S,mast:JWST/product/jw05893013004_02101_00001_nrcb2_cal.fits,SCIENCE,,CAL,,CALJWST,2.0.0,5893,jw05893013004_02101_00001_nrcb2_cal.fits,117573120,266471149,PUBLIC,2,F200W
266460178,JWST,image,jw05893013004_02101_00002_nrca2,exposure (L2b): 2D calibrated exposure average over integrations,S,mast:JWST/product/jw05893013004_02101_00002_nrca2_cal.fits,SCIENCE,,CAL,,CALJWST,2.0.0,5893,jw05893013004_02101_00002_nrca2_cal.fits,117570240,266471149,PUBLIC,2,F200W
266460179,JWST,image,jw05893013004_02101_00005_nrca2,exposure (L2b): 2D calibrated exposure average over integrations,S,mast:JWST/product/jw05893013004_02101_00005_nrca2_cal.fits,SCIENCE,,CAL,,CALJWST,2.0.0,5893,jw05893013004_02101_00005_nrca2_cal.fits,117570240,266471149,PUBLIC,2,F200W
266460180,JWST,image,jw05893013004_02101_00003_nrcb4,exposure (L2b): 2D calibrated exposure average over integrations,S,mast:JWST/product/jw05893013004_02101_00003_nrcb4_cal.fits,SCIENCE,,CAL,,CALJWST,2.0.0,5893,jw05893013004_02101_00003_nrcb4_cal.fits,117573120,266471149,PUBLIC,2,F200W
266460181,JWST,image,jw05893013004_02101_00004_nrca4,exposure (L2b): 2D calibrated exposure average over integrations,S,mast:JWST/product/jw05893013004_02101_00004_nrca4_cal.fits,SCIENCE,,CAL,,CALJWST,2.0.0,5893,jw05893013004_02101_00004_nrca4_cal.fits,117573120,266471149,PUBLIC,2,F200W
266460182,JWST,image,jw05893013004_02101_00002_nrcb4,exposure (L2b): 2D calibrated exposure average over integrations,S,mast:JWST/product/jw05893013004_02101_00002_nrcb4_cal.fits,SCIENCE,,CAL,,CALJWST,2.0.0,5893,jw05893013004_02101_00002_nrcb4_cal.fits,117573120,266471149,PUBLIC,2,F200W
266460183,JWST,image,jw05893013004_02101_00005_nrcb2,exposure (L2b): 2D calibrated exposure average over integrations,S,mast:JWST/product/jw05893013004_02101_00005_nrcb2_cal.fits,SCIENCE,,CAL,,CALJWST,2.0.0,5893,jw05893013004_02101_00005_nrcb2_cal.fits,117573120,266471149,PUBLIC,2,F200W
266460184,JWST,image,jw05893013004_02101_00003_nrca4,exposure (L2b): 2D calibrated exposure average over integrations,S,mast:JWST/product/jw05893013004_02101_00003_nrca4_cal.fits,SCIENCE,,CAL,,CALJWST,2.0.0,5893,jw05893013004_02101_00003_nrca4_cal.fits,117573120,266471149,PUBLIC,2,F200W
266460187,JWST,image,jw05893013004_02101_00004_nrca2,exposure (L2b): 2D calibrated exposure average over integrations,S,mast:JWST/product/jw05893013004_02101_00004_nrca2_cal.fits,SCIENCE,,CAL,,CALJWST,2.0.0,5893,jw05893013004_02101_00004_nrca2_cal.fits,117570240,266471149,PUBLIC,2,F200W
266460193,JWST,image,jw05893013004_02101_00001_nrca2,exposure (L2b): 2D calibrated exposure average over integrations,S,mast:JWST/product/jw05893013004_02101_00001_nrca2_cal.fits,SCIENCE,,CAL,,CALJWST,2.0.0,5893,jw05893013004_02101_00001_nrca2_cal.fits,117570240,266471149,PUBLIC,2,F200W
266460197,JWST,image,jw05893013004_02101_00006_nrcb1,exposure (L2b): 2D calibrated exposure average over integrations,S,mast:JWST/product/jw05893013004_02101_00006_nrcb1_cal.fits,SCIENCE,,CAL,,CALJWST,2.0.0,5893,jw05893013004_02101_00006_nrcb1_cal.fits,117573120,266471149,PUBLIC,2,F200W
266460199,JWST,image,jw05893013004_02101_00003_nrcb1,exposure (L2b): 2D calibrated exposure average over integrations,S,mast:JWST/product/jw05893013004_02101_00003_nrcb1_cal.fits,SCIENCE,,CAL,,CALJWST,2.0.0,5893,jw05893013004_02101_00003_nrcb1_cal.fits,117573120,266471149,PUBLIC,2,F200W
266460201,JWST,image,jw05893013004_02101_00002_nrca3,exposure (L2b): 2D calibrated exposure average over integrations,S,mast:JWST/product/jw05893013004_02101_00002_nrca3_cal.fits,SCIENCE,,CAL,,CALJWST,2.0.0,5893,jw05893013004_02101_00002_nrca3_cal.fits,117573120,266471149,PUBLIC,2,F200W
266460207,JWST,image,jw05893013004_02101_00006_nrcb3,exposure (L2b): 2D calibrated exposure average over integrations,S,mast:JWST/product/jw05893013004_02101_00006_nrcb3_cal.fits,SCIENCE,,CAL,,CALJWST,2.0.0,5893,jw05893013004_02101_00006_nrcb3_cal.fits,117573120,266471149,PUBLIC,2,F200W
266460208,JWST,image,jw05893013004_02101_00003_nrca2,exposure (L2b): 2D calibrated exposure average over integrations,S,mast:JWST/product/jw05893013004_02101_00003_nrca2_cal.fits,SCIENCE,,CAL,,CALJWST,2.0.0,5893,jw05893013004_02101_00003_nrca2_cal.fits,117570240,266471149,PUBLIC,2,F200W
266460215,JWST,image,jw05893013004_02101_00001_nrcb4,exposure (L2b): 2D calibrated exposure average over integrations,S,mast:JWST/product/jw05893013004_02101_00001_nrcb4_cal.fits,SCIENCE,,CAL,,CALJWST,2.0.0,5893,jw05893013004_02101_00001_nrcb4_cal.fits,117573120,266471149,PUBLIC,2,F200W
266460219,JWST,image,jw05893013004_02101_00006_nrca3,exposure (L2b): 2D calibrated exposure average over integrations,S,mast:JWST/product/jw05893013004_02101_00006_nrca3_cal.fits,SCIENCE,,CAL,,CALJWST,2.0.0,5893,jw05893013004_02101_00006_nrca3_cal.fits,117573120,266471149,PUBLIC,2,F200W
266460220,JWST,image,jw05893013004_02101_00006_nrca4,exposure (L2b): 2D calibrated exposure average over integrations,S,mast:JWST/product/jw05893013004_02101_00006_nrca4_cal.fits,SCIENCE,,CAL,,CALJWST,2.0.0,5893,jw05893013004_02101_00006_nrca4_cal.fits,117573120,266471149,PUBLIC,2,F200W
266460221,JWST,image,jw05893013004_02101_00005_nrca4,exposure (L2b): 2D calibrated exposure average over integrations,S,mast:JWST/product/jw05893013004_02101_00005_nrca4_cal.fits,SCIENCE,,CAL,,CALJWST,2.0.0,5893,jw05893013004_02101_00005_nrca4_cal.fits,117573120,266471149,PUBLIC,2,F200W
266460223,JWST,image,jw05893013004_02101_00001_nrcb3,exposure (L2b): 2D calibrated exposure average over integrations,S,mast:JWST/product/jw05893013004_02101_00001_nrcb3_cal.fits,SCIENCE,,CAL,,CALJWST,2.0.0,5893,jw05893013004_02101_00001_nrcb3_cal.fits,117573120,266471149,PUBLIC,2,F200W
266460228,JWST,image,jw05893013004_02101_00005_nrcb4,exposure (L2b): 2D calibrated exposure average over integrations,S,mast:JWST/product/jw05893013004_02101_00005_nrcb4_cal.fits,SCIENCE,,CAL,,CALJWST,2.0.0,5893,jw05893013004_02101_00005_nrcb4_cal.fits,117573120,266471149,PUBLIC,2,F200W
266460236,JWST,image,jw05893013004_02101_00002_nrcb1,exposure (L2b): 2D calibrated exposure average over integrations,S,mast:JWST/product/jw05893013004_02101_00002_nrcb1_cal.fits,SCIENCE,,CAL,,CALJWST,2.0.0,5893,jw05893013004_02101_00002_nrcb1_cal.fits,117573120,266471149,PUBLIC,2,F200W
266460240,JWST,image,jw05893013004_02101_00004_nrcb2,exposure (L2b): 2D calibrated exposure average over integrations,S,mast:JWST/product/jw05893013004_02101_00004_nrcb2_cal.fits,SCIENCE,,CAL,,CALJWST,2.0.0,5893,jw05893013004_02101_00004_nrcb2_cal.fits,117573120,266471149,PUBLIC,2,F200W
266460243,JWST,image,jw05893013004_02101_00002_nrcb2,exposure (L2b): 2D calibrated exposure average over integrations,S,mast:JWST/product/jw05893013004_02101_00002_nrcb2_cal.fits,SCIENCE,,CAL,,CALJWST,2.0.0,5893,jw05893013004_02101_00002_nrcb2_cal.fits,117573120,266471149,PUBLIC,2,F200W
266460245,JWST,image,jw05893013004_02101_00003_nrcb3,exposure (L2b): 2D calibrated exposure average over integrations,S,mast:JWST/product/jw05893013004_02101_00003_nrcb3_cal.fits,SCIENCE,,CAL,,CALJWST,2.0.0,5893,jw05893013004_02101_00003_nrcb3_cal.fits,117573120,266471149,PUBLIC,2,F200W
266460248,JWST,image,jw05893013004_02101_00004_nrca3,exposure (L2b): 2D calibrated exposure average over integrations,S,mast:JWST/product/jw05893013004_02101_00004_nrca3_cal.fits,SCIENCE,,CAL,,CALJWST,2.0.0,5893,jw05893013004_02101_00004_nrca3_cal.fits,117573120,266471149,PUBLIC,2,F200W
266460249,JWST,image,jw05893013004_02101_00001_nrca3,exposure (L2b): 2D calibrated exposure average over integrations,S,mast:JWST/product/jw05893013004_02101_00001_nrca3_cal.fits,SCIENCE,,CAL,,CALJWST,2.0.0,5893,jw05893013004_02101_00001_nrca3_cal.fits,117573120,266471149,PUBLIC,2,F200W
266460252,JWST,image,jw05893013004_02101_00004_nrcb1,exposure (L2b): 2D calibrated exposure average over integrations,S,mast:JWST/product/jw05893013004_02101_00004_nrcb1_cal.fits,SCIENCE,,CAL,,CALJWST,2.0.0,5893,jw05893013004_02101_00004_nrcb1_cal.fits,117573120,266471149,PUBLIC,2,F200W
266460258,JWST,image,jw05893013004_02101_00001_nrca4,exposure (L2b): 2D calibrated exposure average over integrations,S,mast:JWST/product/jw05893013004_02101_00001_nrca4_cal.fits,SCIENCE,,CAL,,CALJWST,2.0.0,5893,jw05893013004_02101_00001_nrca4_cal.fits,117573120,266471149,PUBLIC,2,F200W
266460268,JWST,image,jw05893013004_02101_00005_nrcb1,exposure (L2b): 2D calibrated exposure average over integrations,S,mast:JWST/product/jw05893013004_02101_00005_nrcb1_cal.fits,SCIENCE,,CAL,,CALJWST,2.0.0,5893,jw05893013004_02101_00005_nrcb1_cal.fits,117573120,266471149,PUBLIC,2,F200W
266460269,JWST,image,jw05893013004_02101_00004_nrcb3,exposure (L2b): 2D calibrated exposure average over integrations,S,mast:JWST/product/jw05893013004_02101_00004_nrcb3_cal.fits,SCIENCE,,CAL,,CALJWST,2.0.0,5893,jw05893013004_02101_00004_nrcb3_cal.fits,117573120,266471149,PUBLIC,2,F200W
266460272,JWST,image,jw05893013004_02101_00003_nrca1,exposure (L2b): 2D calibrated exposure average over integrations,S,mast:JWST/product/jw05893013004_02101_00003_nrca1_cal.fits,SCIENCE,,CAL,,CALJWST,2.0.0,5893,jw05893013004_02101_00003_nrca1_cal.fits,117570240,266471149,PUBLIC,2,F200W
266460273,JWST,image,jw05893013004_02101_00006_nrcb2,exposure (L2b): 2D calibrated exposure average over integrations,S,mast:JWST/product/jw05893013004_02101_00006_nrcb2_cal.fits,SCIENCE,,CAL,,CALJWST,2.0.0,5893,jw05893013004_02101_00006_nrcb2_cal.fits,117573120,266471149,PUBLIC,2,F200W
266460277,JWST,image,jw05893013004_02101_00005_nrca1,exposure (L2b): 2D calibrated exposure average over integrations,S,mast:JWST/product/jw05893013004_02101_00005_nrca1_cal.fits,SCIENCE,,CAL,,CALJWST,2.0.0,5893,jw05893013004_02101_00005_nrca1_cal.fits,117570240,266471149,PUBLIC,2,F200W
266460278,JWST,image,jw05893013004_02101_00001_nrcb1,exposure (L2b): 2D calibrated exposure average over integrations,S,mast:JWST/product/jw05893013004_02101_00001_nrcb1_cal.fits,SCIENCE,,CAL,,CALJWST,2.0.0,5893,jw05893013004_02101_00001_nrcb1_cal.fits,117573120,266471149,PUBLIC,2,F200W
266460280,JWST,image,jw05893013004_02101_00004_nrca1,exposure (L2b): 2D calibrated exposure average over integrations,S,mast:JWST/product/jw05893013004_02101_00004_nrca1_cal.fits,SCIENCE,,CAL,,CALJWST,2.0.0,5893,jw05893013004_02101_00004_nrca1_cal.fits,117570240,266471149,PUBLIC,2,F200W
266460283,JWST,image,jw05893013004_02101_00006_nrca1,exposure (L2b): 2D calibrated exposure average over integrations,S,mast:JWST/product/jw05893013004_02101_00006_nrca1_cal.fits,SCIENCE,,CAL,,CALJWST,2.0.0,5893,jw05893013004_02101_00006_nrca1_cal.fits,117570240,266471149,PUBLIC,2,F200W
266460284,JWST,image,jw05893013004_02101_00006_nrcb4,exposure (L2b): 2D calibrated exposure average over integrations,S,mast:JWST/product/jw05893013004_02101_00006_nrcb4_cal.fits,SCIENCE,,CAL,,CALJWST,2.0.0,5893,jw05893013004_02101_00006_nrcb4_cal.fits,117573120,266471149,PUBLIC,2,F200W
266460286,JWST,image,jw05893013004_02101_00006_nrca2,exposure (L2b): 2D calibrated exposure average over integrations,S,mast:JWST/product/jw05893013004_02101_00006_nrca2_cal.fits,SCIENCE,,CAL,,CALJWST,2.0.0,5893,jw05893013004_02101_00006_nrca2_cal.fits,117570240,266471149,PUBLIC,2,F200W
266460287,JWST,image,jw05893013004_02101_00002_nrca4,exposure (L2b): 2D calibrated exposure average over integrations,S,mast:JWST/product/jw05893013004_02101_00002_nrca4_cal.fits,SCIENCE,,CAL,,CALJWST,2.0.0,5893,jw05893013004_02101_00002_nrca4_cal.fits,117573120,266471149,PUBLIC,2,F200W
266460289,JWST,image,jw05893013004_02101_00005_nrca3,exposure (L2b): 2D calibrated exposure average over integrations,S,mast:JWST/product/jw05893013004_02101_00005_nrca3_cal.fits,SCIENCE,,CAL,,CALJWST,2.0.0,5893,jw05893013004_02101_00005_nrca3_cal.fits,117573120,266471149,PUBLIC,2,F200W
266460292,JWST,image,jw05893013004_02101_00005_nrcb3,exposure (L2b): 2D calibrated exposure average over integrations,S,mast:JWST/product/jw05893013004_02101_00005_nrcb3_cal.fits,SCIENCE,,CAL,,CALJWST,2.0.0,5893,jw05893013004_02101_00005_nrcb3_cal.fits,117573120,266471149,PUBLIC,2,F200W
266465909,JWST,image,jw05893013005_02101_00002_nrca3,exposure (L2b): 2D calibrated exposure average over integrations,S,mast:JWST/product/jw05893013005_02101_00002_nrca3_cal.fits,SCIENCE,,CAL,,CALJWST,2.0.0,5893,jw05893013005_02101_00002_nrca3_cal.fits,117573120,266471149,PUBLIC,2,F200W
266465910,JWST,image,jw05893013005_02101_00001_nrcb3,exposure (L2b): 2D calibrated exposure average over integrations,S,mast:JWST/product/jw05893013005_02101_00001_nrcb3_cal.fits,SCIENCE,,CAL,,CALJWST,2.0.0,5893,jw05893013005_02101_00001_nrcb3_cal.fits,117573120,266471149,PUBLIC,2,F200W
266465911,JWST,image,jw05893013005_02101_00004_nrcb4,exposure (L2b): 2D calibrated exposure average over integrations,S,mast:JWST/product/jw05893013005_02101_00004_nrcb4_cal.fits,SCIENCE,,CAL,,CALJWST,2.0.0,5893,jw05893013005_02101_00004_nrcb4_cal.fits,117573120,266471149,PUBLIC,2,F200W
266465915,JWST,image,jw05893013005_02101_00003_nrca1,exposure (L2b): 2D calibrated exposure average over integrations,S,mast:JWST/product/jw05893013005_02101_00003_nrca1_cal.fits,SCIENCE,,CAL,,CALJWST,2.0.0,5893,jw05893013005_02101_00003_nrca1_cal.fits,117570240,266471149,PUBLIC,2,F200W
266465917,JWST,image,jw05893013005_02101_00001_nrcb2,exposure (L2b): 2D calibrated exposure average over integrations,S,mast:JWST/product/jw05893013005_02101_00001_nrcb2_cal.fits,SCIENCE,,CAL,,CALJWST,2.0.0,5893,jw05893013005_02101_00001_nrcb2_cal.fits,117573120,266471149,PUBLIC,2,F200W
266465918,JWST,image,jw05893013005_02101_00004_nrca2,exposure (L2b): 2D calibrated exposure average over integrations,S,mast:JWST/product/jw05893013005_02101_00004_nrca2_cal.fits,SCIENCE,,CAL,,CALJWST,2.0.0,5893,jw05893013005_02101_00004_nrca2_cal.fits,117570240,266471149,PUBLIC,2,F200W
266465919,JWST,image,jw05893013005_02101_00002_nrca2,exposure (L2b): 2D calibrated exposure average over integrations,S,mast:JWST/product/jw05893013005_02101_00002_nrca2_cal.fits,SCIENCE,,CAL,,CALJWST,2.0.0,5893,jw05893013005_02101_00002_nrca2_cal.fits,117570240,266471149,PUBLIC,2,F200W
266465920,JWST,image,jw05893013005_02101_00001_nrca4,exposure (L2b): 2D calibrated exposure average over integrations,S,mast:JWST/product/jw05893013005_02101_00001_nrca4_cal.fits,SCIENCE,,CAL,,CALJWST,2.0.0,5893,jw05893013005_02101_00001_nrca4_cal.fits,117573120,266471149,PUBLIC,2,F200W
266465921,JWST,image,jw05893013005_02101_00002_nrcb2,exposure (L2b): 2D calibrated exposure average over integrations,S,mast:JWST/product/jw05893013005_02101_00002_nrcb2_cal.fits,SCIENCE,,CAL,,CALJWST,2.0.0,5893,jw05893013005_02101_00002_nrcb2_cal.fits,117573120,266471149,PUBLIC,2,F200W
266465922,JWST,image,jw05893013005_02101_00001_nrcb1,exposure (L2b): 2D calibrated exposure average over integrations,S,mast:JWST/product/jw05893013005_02101_00001_nrcb1_cal.fits,SCIENCE,,CAL,,CALJWST,2.0.0,5893,jw05893013005_02101_00001_nrcb1_cal.fits,117573120,266471149,PUBLIC,2,F200W
266465923,JWST,image,jw05893013005_02101_00001_nrca2,exposure (L2b): 2D calibrated exposure average over integrations,S,mast:JWST/product/jw05893013005_02101_00001_nrca2_cal.fits,SCIENCE,,CAL,,CALJWST,2.0.0,5893,jw05893013005_02101_00001_nrca2_cal.fits,117570240,266471149,PUBLIC,2,F200W
266465924,JWST,image,jw05893013005_02101_00002_nrca4,exposure (L2b): 2D calibrated exposure average over integrations,S,mast:JWST/product/jw05893013005_02101_00002_nrca4_cal.fits,SCIENCE,,CAL,,CALJWST,2.0.0,5893,jw05893013005_02101_00002_nrca4_cal.fits,117573120,266471149,PUBLIC,2,F200W
266465927,JWST,image,jw05893013005_02101_00001_nrca3,exposure (L2b): 2D calibrated exposure average over integrations,S,mast:JWST/product/jw05893013005_02101_00001_nrca3_cal.fits,SCIENCE,,CAL,,CALJWST,2.0.0,5893,jw05893013005_02101_00001_nrca3_cal.fits,117573120,266471149,PUBLIC,2,F200W
266465928,JWST,image,jw05893013005_02101_00003_nrca2,exposure (L2b): 2D calibrated exposure average over integrations,S,mast:JWST/product/jw05893013005_02101_00003_nrca2_cal.fits,SCIENCE,,CAL,,CALJWST,2.0.0,5893,jw05893013005_02101_00003_nrca2_cal.fits,117570240,266471149,PUBLIC,2,F200W
266465929,JWST,image,jw05893013005_02101_00004_nrcb3,exposure (L2b): 2D calibrated exposure average over integrations,S,mast:JWST/product/jw05893013005_02101_00004_nrcb3_cal.fits,SCIENCE,,CAL,,CALJWST,2.0.0,5893,jw05893013005_02101_00004_nrcb3_cal.fits,117573120,266471149,PUBLIC,2,F200W
266465930,JWST,image,jw05893013005_02101_00001_nrca1,exposure (L2b): 2D calibrated exposure average over integrations,S,mast:JWST/product/jw05893013005_02101_00001_nrca1_cal.fits,SCIENCE,,CAL,,CALJWST,2.0.0,5893,jw05893013005_02101_00001_nrca1_cal.fits,117570240,266471149,PUBLIC,2,F200W
266465931,JWST,image,jw05893013005_02101_00003_nrcb3,exposure (L2b): 2D calibrated exposure average over integrations,S,mast:JWST/product/jw05893013005_02101_00003_nrcb3_cal.fits,SCIENCE,,CAL,,CALJWST,2.0.0,5893,jw05893013005_02101_00003_nrcb3_cal.fits,117573120,266471149,PUBLIC,2,F200W
266465932,JWST,image,jw05893013005_02101_00002_nrcb3,exposure (L2b): 2D calibrated exposure average over integrations,S,mast:JWST/product/jw05893013005_02101_00002_nrcb3_cal.fits,SCIENCE,,CAL,,CALJWST,2.0.0,5893,jw05893013005_02101_00002_nrcb3_cal.fits,117573120,266471149,PUBLIC,2,F200W
266465933,JWST,image,jw05893013005_02101_00003_nrcb4,exposure (L2b): 2D calibrated exposure average over integrations,S,mast:JWST/product/jw05893013005_02101_00003_nrcb4_cal.fits,SCIENCE,,CAL,,CALJWST,2.0.0,5893,jw05893013005_02101_00003_nrcb4_cal.fits,117573120,266471149,PUBLIC,2,F200W
266465935,JWST,image,jw05893013005_02101_00002_nrcb1,exposure (L2b): 2D calibrated exposure average over integrations,S,mast:JWST/product/jw05893013005_02101_00002_nrcb1_cal.fits,SCIENCE,,CAL,,CALJWST,2.0.0,5893,jw05893013005_02101_00002_nrcb1_cal.fits,117573120,266471149,PUBLIC,2,F200W
266465936,JWST,image,jw05893013005_02101_00004_nrcb2,exposure (L2b): 2D calibrated exposure average over integrations,S,mast:JWST/product/jw05893013005_02101_00004_nrcb2_cal.fits,SCIENCE,,CAL,,CALJWST,2.0.0,5893,jw05893013005_02101_00004_nrcb2_cal.fits,117573120,266471149,PUBLIC,2,F200W
266465937,JWST,image,jw05893013005_02101_00003_nrcb2,exposure (L2b): 2D calibrated exposure average over integrations,S,mast:JWST/product/jw05893013005_02101_00003_nrcb2_cal.fits,SCIENCE,,CAL,,CALJWST,2.0.0,5893,jw05893013005_02101_00003_nrcb2_cal.fits,117573120,266471149,PUBLIC,2,F200W
266465939,JWST,image,jw05893013005_02101_00002_nrcb4,exposure (L2b): 2D calibrated exposure average over integrations,S,mast:JWST/product/jw05893013005_02101_00002_nrcb4_cal.fits,SCIENCE,,CAL,,CALJWST,2.0.0,5893,jw05893013005_02101_00002_nrcb4_cal.fits,117573120,266471149,PUBLIC,2,F200W
266465941,JWST,image,jw05893013005_02101_00001_nrcb4,exposure (L2b): 2D calibrated exposure average over integrations,S,mast:JWST/product/jw05893013005_02101_00001_nrcb4_cal.fits,SCIENCE,,CAL,,CALJWST,2.0.0,5893,jw05893013005_02101_00001_nrcb4_cal.fits,117573120,266471149,PUBLIC,2,F200W
266465942,JWST,image,jw05893013005_02101_00002_nrca1,exposure (L2b): 2D calibrated exposure average over integrations,S,mast:JWST/product/jw05893013005_02101_00002_nrca1_cal.fits,SCIENCE,,CAL,,CALJWST,2.0.0,5893,jw05893013005_02101_00002_nrca1_cal.fits,117570240,266471149,PUBLIC,2,F200W
266465943,JWST,image,jw05893013005_02101_00003_nrcb1,exposure (L2b): 2D calibrated exposure average over integrations,S,mast:JWST/product/jw05893013005_02101_00003_nrcb1_cal.fits,SCIENCE,,CAL,,CALJWST,2.0.0,5893,jw05893013005_02101_00003_nrcb1_cal.fits,117573120,266471149,PUBLIC,2,F200W
266465944,JWST,image,jw05893013005_02101_00003_nrca3,exposure (L2b): 2D calibrated exposure average over integrations,S,mast:JWST/product/jw05893013005_02101_00003_nrca3_cal.fits,SCIENCE,,CAL,,CALJWST,2.0.0,5893,jw05893013005_02101_00003_nrca3_cal.fits,117573120,266471149,PUBLIC,2,F200W
266465945,JWST,image,jw05893013005_02101_00003_nrca4,exposure (L2b): 2D calibrated exposure average over integrations,S,mast:JWST/product/jw05893013005_02101_00003_nrca4_cal.fits,SCIENCE,,CAL,,CALJWST,2.0.0,5893,jw05893013005_02101_00003_nrca4_cal.fits,117573120,266471149,PUBLIC,2,F200W
266465946,JWST,image,jw05893013005_02101_00004_nrca3,exposure (L2b): 2D calibrated exposure average over integrations,S,mast:JWST/product/jw05893013005_02101_00004_nrca3_cal.fits,SCIENCE,,CAL,,CALJWST,2.0.0,5893,jw05893013005_02101_00004_nrca3_cal.fits,117573120,266471149,PUBLIC,2,F200W
266465947,JWST,image,jw05893013005_02101_00004_nrca1,exposure (L2b): 2D calibrated exposure average over integrations,S,mast:JWST/product/jw05893013005_02101_00004_nrca1_cal.fits,SCIENCE,,CAL,,CALJWST,2.0.0,5893,jw05893013005_02101_00004_nrca1_cal.fits,117570240,266471149,PUBLIC,2,F200W
266465949,JWST,image,jw05893013005_02101_00004_nrca4,exposure (L2b): 2D calibrated exposure average over integrations,S,mast:JWST/product/jw05893013005_02101_00004_nrca4_cal.fits,SCIENCE,,CAL,,CALJWST,2.0.0,5893,jw05893013005_02101_00004_nrca4_cal.fits,117573120,266471149,PUBLIC,2,F200W
266466107,JWST,image,jw05893013005_02101_00004_nrcb1,exposure (L2b): 2D calibrated exposure average over integrations,S,mast:JWST/product/jw05893013005_02101_00004_nrcb1_cal.fits,SCIENCE,,CAL,,CALJWST,2.0.0,5893,jw05893013005_02101_00004_nrcb1_cal.fits,117573120,266471149,PUBLIC,2,F200W
266466255,JWST,image,jw05893013005_02101_00005_nrcb1,exposure (L2b): 2D calibrated exposure average over integrations,S,mast:JWST/product/jw05893013005_02101_00005_nrcb1_cal.fits,SCIENCE,,CAL,,CALJWST,2.0.0,5893,jw05893013005_02101_00005_nrcb1_cal.fits,117573120,266471149,PUBLIC,2,F200W
266466257,JWST,image,jw05893013005_02101_00006_nrca4,exposure (L2b): 2D calibrated exposure average over integrations,S,mast:JWST/product/jw05893013005_02101_00006_nrca4_cal.fits,SCIENCE,,CAL,,CALJWST,2.0.0,5893,jw05893013005_02101_00006_nrca4_cal.fits,117573120,266471149,PUBLIC,2,F200W
266466258,JWST,image,jw05893013005_02101_00006_nrcb2,exposure (L2b): 2D calibrated exposure average over integrations,S,mast:JWST/product/jw05893013005_02101_00006_nrcb2_cal.fits,SCIENCE,,CAL,,CALJWST,2.0.0,5893,jw05893013005_02101_00006_nrcb2_cal.fits,117573120,266471149,PUBLIC,2,F200W
266466260,JWST,image,jw05893013005_02101_00005_nrcb3,exposure (L2b): 2D calibrated exposure average over integrations,S,mast:JWST/product/jw05893013005_02101_00005_nrcb3_cal.fits,SCIENCE,,CAL,,CALJWST,2.0.0,5893,jw05893013005_02101_00005_nrcb3_cal.fits,117573120,266471149,PUBLIC,2,F200W
266466262,JWST,image,jw05893013005_02101_00005_nrcb2,exposure (L2b): 2D calibrated exposure average over integrations,S,mast:JWST/product/jw05893013005_02101_00005_nrcb2_cal.fits,SCIENCE,,CAL,,CALJWST,2.0.0,5893,jw05893013005_02101_00005_nrcb2_cal.fits,117573120,266471149,PUBLIC,2,F200W
266466263,JWST,image,jw05893013005_02101_00005_nrca4,exposure (L2b): 2D calibrated exposure average over integrations,S,mast:JWST/product/jw05893013005_02101_00005_nrca4_cal.fits,SCIENCE,,CAL,,CALJWST,2.0.0,5893,jw05893013005_02101_00005_nrca4_cal.fits,117573120,266471149,PUBLIC,2,F200W
266466264,JWST,image,jw05893013005_02101_00005_nrcb4,exposure (L2b): 2D calibrated exposure average over integrations,S,mast:JWST/product/jw05893013005_02101_00005_nrcb4_cal.fits,SCIENCE,,CAL,,CALJWST,2.0.0,5893,jw05893013005_02101_00005_nrcb4_cal.fits,117573120,266471149,PUBLIC,2,F200W
266466265,JWST,image,jw05893013005_02101_00006_nrcb3,exposure (L2b): 2D calibrated exposure average over integrations,S,mast:JWST/product/jw05893013005_02101_00006_nrcb3_cal.fits,SCIENCE,,CAL,,CALJWST,2.0.0,5893,jw05893013005_02101_00006_nrcb3_cal.fits,117573120,266471149,PUBLIC,2,F200W
266466267,JWST,image,jw05893013005_02101_00005_nrca2,exposure (L2b): 2D calibrated exposure average over integrations,S,mast:JWST/product/jw05893013005_02101_00005_nrca2_cal.fits,SCIENCE,,CAL,,CALJWST,2.0.0,5893,jw05893013005_02101_00005_nrca2_cal.fits,117570240,266471149,PUBLIC,2,F200W
266466268,JWST,image,jw05893013005_02101_00006_nrcb1,exposure (L2b): 2D calibrated exposure average over integrations,S,mast:JWST/product/jw05893013005_02101_00006_nrcb1_cal.fits,SCIENCE,,CAL,,CALJWST,2.0.0,5893,jw05893013005_02101_00006_nrcb1_cal.fits,117573120,266471149,PUBLIC,2,F200W
266466269,JWST,image,jw05893013005_02101_00005_nrca3,exposure (L2b): 2D calibrated exposure average over integrations,S,mast:JWST/product/jw05893013005_02101_00005_nrca3_cal.fits,SCIENCE,,CAL,,CALJWST,2.0.0,5893,jw05893013005_02101_00005_nrca3_cal.fits,117573120,266471149,PUBLIC,2,F200W
266466270,JWST,image,jw05893013005_02101_00005_nrca1,exposure (L2b): 2D calibrated exposure average over integrations,S,mast:JWST/product/jw05893013005_02101_00005_nrca1_cal.fits,SCIENCE,,CAL,,CALJWST,2.0.0,5893,jw05893013005_02101_00005_nrca1_cal.fits,117570240,266471149,PUBLIC,2,F200W
266466271,JWST,image,jw05893013005_02101_00006_nrca3,exposure (L2b): 2D calibrated exposure average over integrations,S,mast:JWST/product/jw05893013005_02101_00006_nrca3_cal.fits,SCIENCE,,CAL,,CALJWST,2.0.0,5893,jw05893013005_02101_00006_nrca3_cal.fits,117573120,266471149,PUBLIC,2,F200W
266466277,JWST,image,jw05893013005_02101_00006_nrcb4,exposure (L2b): 2D calibrated exposure average over integrations,S,mast:JWST/product/jw05893013005_02101_00006_nrcb4_cal.fits,SCIENCE,,CAL,,CALJWST,2.0.0,5893,jw05893013005_02101_00006_nrcb4_cal.fits,117573120,266471149,PUBLIC,2,F200W
266466278,JWST,image,jw05893013005_02101_00006_nrca2,exposure (L2b): 2D calibrated exposure average over integrations,S,mast:JWST/product/jw05893013005_02101_00006_nrca2_cal.fits,SCIENCE,,CAL,,CALJWST,2.0.0,5893,jw05893013005_02101_00006_nrca2_cal.fits,117570240,266471149,PUBLIC,2,F200W
266466280,JWST,image,jw05893013005_02101_00006_nrca1,exposure (L2b): 2D calibrated exposure average over integrations,S,mast:JWST/product/jw05893013005_02101_00006_nrca1_cal.fits,SCIENCE,,CAL,,CALJWST,2.0.0,5893,jw05893013005_02101_00006_nrca1_cal.fits,117570240,266471149,PUBLIC,2,F200W
266466530,JWST,image,jw05893013006_02101_00001_nrca3,exposure (L2b): 2D calibrated exposure average over integrations,S,mast:JWST/product/jw05893013006_02101_00001_nrca3_cal.fits,SCIENCE,,CAL,,CALJWST,2.0.0,5893,jw05893013006_02101_00001_nrca3_cal.fits,117573120,266471149,PUBLIC,2,F200W
266466531,JWST,image,jw05893013006_02101_00002_nrca2,exposure (L2b): 2D calibrated exposure average over integrations,S,mast:JWST/product/jw05893013006_02101_00002_nrca2_cal.fits,SCIENCE,,CAL,,CALJWST,2.0.0,5893,jw05893013006_02101_00002_nrca2_cal.fits,117570240,266471149,PUBLIC,2,F200W
266466532,JWST,image,jw05893013006_02101_00004_nrca2,exposure (L2b): 2D calibrated exposure average over integrations,S,mast:JWST/product/jw05893013006_02101_00004_nrca2_cal.fits,SCIENCE,,CAL,,CALJWST,2.0.0,5893,jw05893013006_02101_00004_nrca2_cal.fits,117570240,266471149,PUBLIC,2,F200W
266466533,JWST,image,jw05893013006_02101_00003_nrca3,exposure (L2b): 2D calibrated exposure average over integrations,S,mast:JWST/product/jw05893013006_02101_00003_nrca3_cal.fits,SCIENCE,,CAL,,CALJWST,2.0.0,5893,jw05893013006_02101_00003_nrca3_cal.fits,117573120,266471149,PUBLIC,2,F200W
266466535,JWST,image,jw05893013006_02101_00002_nrcb4,exposure (L2b): 2D calibrated exposure average over integrations,S,mast:JWST/product/jw05893013006_02101_00002_nrcb4_cal.fits,SCIENCE,,CAL,,CALJWST,2.0.0,5893,jw05893013006_02101_00002_nrcb4_cal.fits,117573120,266471149,PUBLIC,2,F200W
266466536,JWST,image,jw05893013006_02101_00002_nrcb2,exposure (L2b): 2D calibrated exposure average over integrations,S,mast:JWST/product/jw05893013006_02101_00002_nrcb2_cal.fits,SCIENCE,,CAL,,CALJWST,2.0.0,5893,jw05893013006_02101_00002_nrcb2_cal.fits,117573120,266471149,PUBLIC,2,F200W
266466538,JWST,image,jw05893013006_02101_00003_nrca1,exposure (L2b): 2D calibrated exposure average over integrations,S,mast:JWST/product/jw05893013006_02101_00003_nrca1_cal.fits,SCIENCE,,CAL,,CALJWST,2.0.0,5893,jw05893013006_02101_00003_nrca1_cal.fits,117570240,266471149,PUBLIC,2,F200W
266466539,JWST,image,jw05893013006_02101_00002_nrcb3,exposure (L2b): 2D calibrated exposure average over integrations,S,mast:JWST/product/jw05893013006_02101_00002_nrcb3_cal.fits,SCIENCE,,CAL,,CALJWST,2.0.0,5893,jw05893013006_02101_00002_nrcb3_cal.fits,117573120,266471149,PUBLIC,2,F200W
266466541,JWST,image,jw05893013006_02101_00004_nrcb3,exposure (L2b): 2D calibrated exposure average over integrations,S,mast:JWST/product/jw05893013006_02101_00004_nrcb3_cal.fits,SCIENCE,,CAL,,CALJWST,2.0.0,5893,jw05893013006_02101_00004_nrcb3_cal.fits,117573120,266471149,PUBLIC,2,F200W
266466543,JWST,image,jw05893013006_02101_00004_nrcb4,exposure (L2b): 2D calibrated exposure average over integrations,S,mast:JWST/product/jw05893013006_02101_00004_nrcb4_cal.fits,SCIENCE,,CAL,,CALJWST,2.0.0,5893,jw05893013006_02101_00004_nrcb4_cal.fits,117573120,266471149,PUBLIC,2,F200W
266466544,JWST,image,jw05893013006_02101_00001_nrca2,exposure (L2b): 2D calibrated exposure average over integrations,S,mast:JWST/product/jw05893013006_02101_00001_nrca2_cal.fits,SCIENCE,,CAL,,CALJWST,2.0.0,5893,jw05893013006_02101_00001_nrca2_cal.fits,117570240,266471149,PUBLIC,2,F200W
266466545,JWST,image,jw05893013006_02101_00002_nrca4,exposure (L2b): 2D calibrated exposure average over integrations,S,mast:JWST/product/jw05893013006_02101_00002_nrca4_cal.fits,SCIENCE,,CAL,,CALJWST,2.0.0,5893,jw05893013006_02101_00002_nrca4_cal.fits,117573120,266471149,PUBLIC,2,F200W
266466546,JWST,image,jw05893013006_02101_00001_nrcb3,exposure (L2b): 2D calibrated exposure average over integrations,S,mast:JWST/product/jw05893013006_02101_00001_nrcb3_cal.fits,SCIENCE,,CAL,,CALJWST,2.0.0,5893,jw05893013006_02101_00001_nrcb3_cal.fits,117573120,266471149,PUBLIC,2,F200W
266466547,JWST,image,jw05893013006_02101_00003_nrca2,exposure (L2b): 2D calibrated exposure average over integrations,S,mast:JWST/product/jw05893013006_02101_00003_nrca2_cal.fits,SCIENCE,,CAL,,CALJWST,2.0.0,5893,jw05893013006_02101_00003_nrca2_cal.fits,117570240,266471149,PUBLIC,2,F200W
266466548,JWST,image,jw05893013006_02101_00001_nrca1,exposure (L2b): 2D calibrated exposure average over integrations,S,mast:JWST/product/jw05893013006_02101_00001_nrca1_cal.fits,SCIENCE,,CAL,,CALJWST,2.0.0,5893,jw05893013006_02101_00001_nrca1_cal.fits,117570240,266471149,PUBLIC,2,F200W
266466549,JWST,image,jw05893013006_02101_00001_nrcb2,exposure (L2b): 2D calibrated exposure average over integrations,S,mast:JWST/product/jw05893013006_02101_00001_nrcb2_cal.fits,SCIENCE,,CAL,,CALJWST,2.0.0,5893,jw05893013006_02101_00001_nrcb2_cal.fits,117573120,266471149,PUBLIC,2,F200W
266466551,JWST,image,jw05893013006_02101_00004_nrcb2,exposure (L2b): 2D calibrated exposure average over integrations,S,mast:JWST/product/jw05893013006_02101_00004_nrcb2_cal.fits,SCIENCE,,CAL,,CALJWST,2.0.0,5893,jw05893013006_02101_00004_nrcb2_cal.fits,117573120,266471149,PUBLIC,2,F200W
266466553,JWST,image,jw05893013006_02101_00004_nrca1,exposure (L2b): 2D calibrated exposure average over integrations,S,mast:JWST/product/jw05893013006_02101_00004_nrca1_cal.fits,SCIENCE,,CAL,,CALJWST,2.0.0,5893,jw05893013006_02101_00004_nrca1_cal.fits,117570240,266471149,PUBLIC,2,F200W
266466555,JWST,image,jw05893013006_02101_00005_nrcb4,exposure (L2b): 2D calibrated exposure average over integrations,S,mast:JWST/product/jw05893013006_02101_00005_nrcb4_cal.fits,SCIENCE,,CAL,,CALJWST,2.0.0,5893,jw05893013006_02101_00005_nrcb4_cal.fits,117573120,266471149,PUBLIC,2,F200W
266466558,JWST,image,jw05893013006_02101_00003_nrca4,exposure (L2b): 2D calibrated exposure average over integrations,S,mast:JWST/product/jw05893013006_02101_00003_nrca4_cal.fits,SCIENCE,,CAL,,CALJWST,2.0.0,5893,jw05893013006_02101_00003_nrca4_cal.fits,117573120,266471149,PUBLIC,2,F200W
266466559,JWST,image,jw05893013006_02101_00002_nrca3,exposure (L2b): 2D calibrated exposure average over integrations,S,mast:JWST/product/jw05893013006_02101_00002_nrca3_cal.fits,SCIENCE,,CAL,,CALJWST,2.0.0,5893,jw05893013006_02101_00002_nrca3_cal.fits,117573120,266471149,PUBLIC,2,F200W
266466560,JWST,image,jw05893013006_02101_00005_nrcb1,exposure (L2b): 2D calibrated exposure average over integrations,S,mast:JWST/product/jw05893013006_02101_00005_nrcb1_cal.fits,SCIENCE,,CAL,,CALJWST,2.0.0,5893,jw05893013006_02101_00005_nrcb1_cal.fits,117573120,266471149,PUBLIC,2,F200W
266466561,JWST,image,jw05893013006_02101_00003_nrcb4,exposure (L2b): 2D calibrated exposure average over integrations,S,mast:JWST/product/jw05893013006_02101_00003_nrcb4_cal.fits,SCIENCE,,CAL,,CALJWST,2.0.0,5893,jw05893013006_02101_00003_nrcb4_cal.fits,117573120,266471149,PUBLIC,2,F200W
266466562,JWST,image,jw05893013006_02101_00004_nrca4,exposure (L2b): 2D calibrated exposure average over integrations,S,mast:JWST/product/jw05893013006_02101_00004_nrca4_cal.fits,SCIENCE,,CAL,,CALJWST,2.0.0,5893,jw05893013006_02101_00004_nrca4_cal.fits,117573120,266471149,PUBLIC,2,F200W
266466564,JWST,image,jw05893013006_02101_00002_nrca1,exposure (L2b): 2D calibrated exposure average over integrations,S,mast:JWST/product/jw05893013006_02101_00002_nrca1_cal.fits,SCIENCE,,CAL,,CALJWST,2.0.0,5893,jw05893013006_02101_00002_nrca1_cal.fits,117570240,266471149,PUBLIC,2,F200W
266466565,JWST,image,jw05893013006_02101_00004_nrca3,exposure (L2b): 2D calibrated exposure average over integrations,S,mast:JWST/product/jw05893013006_02101_00004_nrca3_cal.fits,SCIENCE,,CAL,,CALJWST,2.0.0,5893,jw05893013006_02101_00004_nrca3_cal.fits,117573120,266471149,PUBLIC,2,F200W
266466566,JWST,image,jw05893013006_02101_00003_nrcb2,exposure (L2b): 2D calibrated exposure average over integrations,S,mast:JWST/product/jw05893013006_02101_00003_nrcb2_cal.fits,SCIENCE,,CAL,,CALJWST,2.0.0,5893,jw05893013006_02101_00003_nrcb2_cal.fits,117573120,266471149,PUBLIC,2,F200W
266466569,JWST,image,jw05893013006_02101_00003_nrcb1,exposure (L2b): 2D calibrated exposure average over integrations,S,mast:JWST/product/jw05893013006_02101_00003_nrcb1_cal.fits,SCIENCE,,CAL,,CALJWST,2.0.0,5893,jw05893013006_02101_00003_nrcb1_cal.fits,117573120,266471149,PUBLIC,2,F200W
266466571,JWST,image,jw05893013006_02101_00001_nrca4,exposure (L2b): 2D calibrated exposure average over integrations,S,mast:JWST/product/jw05893013006_02101_00001_nrca4_cal.fits,SCIENCE,,CAL,,CALJWST,2.0.0,5893,jw05893013006_02101_00001_nrca4_cal.fits,117573120,266471149,PUBLIC,2,F200W
266466572,JWST,image,jw05893013006_02101_00004_nrcb1,exposure (L2b): 2D calibrated exposure average over integrations,S,mast:JWST/product/jw05893013006_02101_00004_nrcb1_cal.fits,SCIENCE,,CAL,,CALJWST,2.0.0,5893,jw05893013006_02101_00004_nrcb1_cal.fits,117573120,266471149,PUBLIC,2,F200W
266466573,JWST,image,jw05893013006_02101_00001_nrcb1,exposure (L2b): 2D calibrated exposure average over integrations,S,mast:JWST/product/jw05893013006_02101_00001_nrcb1_cal.fits,SCIENCE,,CAL,,CALJWST,2.0.0,5893,jw05893013006_02101_00001_nrcb1_cal.fits,117573120,266471149,PUBLIC,2,F200W
266466574,JWST,image,jw05893013006_02101_00002_nrcb1,exposure (L2b): 2D calibrated exposure average over integrations,S,mast:JWST/product/jw05893013006_02101_00002_nrcb1_cal.fits,SCIENCE,,CAL,,CALJWST,2.0.0,5893,jw05893013006_02101_00002_nrcb1_cal.fits,117573120,266471149,PUBLIC,2,F200W
266466575,JWST,image,jw05893013006_02101_00001_nrcb4,exposure (L2b): 2D calibrated exposure average over integrations,S,mast:JWST/product/jw05893013006_02101_00001_nrcb4_cal.fits,SCIENCE,,CAL,,CALJWST,2.0.0,5893,jw05893013006_02101_00001_nrcb4_cal.fits,117573120,266471149,PUBLIC,2,F200W
266466580,JWST,image,jw05893013006_02101_00003_nrcb3,exposure (L2b): 2D calibrated exposure average over integrations,S,mast:JWST/product/jw05893013006_02101_00003_nrcb3_cal.fits,SCIENCE,,CAL,,CALJWST,2.0.0,5893,jw05893013006_02101_00003_nrcb3_cal.fits,117573120,266471149,PUBLIC,2,F200W
266466805,JWST,image,jw05893013006_02101_00005_nrca2,exposure (L2b): 2D calibrated exposure average over integrations,S,mast:JWST/product/jw05893013006_02101_00005_nrca2_cal.fits,SCIENCE,,CAL,,CALJWST,2.0.0,5893,jw05893013006_02101_00005_nrca2_cal.fits,117570240,266471149,PUBLIC,2,F200W
266466822,JWST,image,jw05893013006_02101_00006_nrca4,exposure (L2b): 2D calibrated exposure average over integrations,S,mast:JWST/product/jw05893013006_02101_00006_nrca4_cal.fits,SCIENCE,,CAL,,CALJWST,2.0.0,5893,jw05893013006_02101_00006_nrca4_cal.fits,117573120,266471149,PUBLIC,2,F200W
266466825,JWST,image,jw05893013006_02101_00006_nrcb1,exposure (L2b): 2D calibrated exposure average over integrations,S,mast:JWST/product/jw05893013006_02101_00006_nrcb1_cal.fits,SCIENCE,,CAL,,CALJWST,2.0.0,5893,jw05893013006_02101_00006_nrcb1_cal.fits,117573120,266471149,PUBLIC,2,F200W
266466830,JWST,image,jw05893013006_02101_00005_nrca3,exposure (L2b): 2D calibrated exposure average over integrations,S,mast:JWST/product/jw05893013006_02101_00005_nrca3_cal.fits,SCIENCE,,CAL,,CALJWST,2.0.0,5893,jw05893013006_02101_00005_nrca3_cal.fits,117573120,266471149,PUBLIC,2,F200W
266466831,JWST,image,jw05893013006_02101_00005_nrca4,exposure (L2b): 2D calibrated exposure average over integrations,S,mast:JWST/product/jw05893013006_02101_00005_nrca4_cal.fits,SCIENCE,,CAL,,CALJWST,2.0.0,5893,jw05893013006_02101_00005_nrca4_cal.fits,117573120,266471149,PUBLIC,2,F200W
266466832,JWST,image,jw05893013006_02101_00006_nrcb4,exposure (L2b): 2D calibrated exposure average over integrations,S,mast:JWST/product/jw05893013006_02101_00006_nrcb4_cal.fits,SCIENCE,,CAL,,CALJWST,2.0.0,5893,jw05893013006_02101_00006_nrcb4_cal.fits,117573120,266471149,PUBLIC,2,F200W
266466835,JWST,image,jw05893013006_02101_00006_nrca1,exposure (L2b): 2D calibrated exposure average over integrations,S,mast:JWST/product/jw05893013006_02101_00006_nrca1_cal.fits,SCIENCE,,CAL,,CALJWST,2.0.0,5893,jw05893013006_02101_00006_nrca1_cal.fits,117570240,266471149,PUBLIC,2,F200W
266466846,JWST,image,jw05893013006_02101_00005_nrcb3,exposure (L2b): 2D calibrated exposure average over integrations,S,mast:JWST/product/jw05893013006_02101_00005_nrcb3_cal.fits,SCIENCE,,CAL,,CALJWST,2.0.0,5893,jw05893013006_02101_00005_nrcb3_cal.fits,117573120,266471149,PUBLIC,2,F200W
266466849,JWST,image,jw05893013006_02101_00006_nrca2,exposure (L2b): 2D calibrated exposure average over integrations,S,mast:JWST/product/jw05893013006_02101_00006_nrca2_cal.fits,SCIENCE,,CAL,,CALJWST,2.0.0,5893,jw05893013006_02101_00006_nrca2_cal.fits,117570240,266471149,PUBLIC,2,F200W
266466850,JWST,image,jw05893013006_02101_00006_nrcb3,exposure (L2b): 2D calibrated exposure average over integrations,S,mast:JWST/product/jw05893013006_02101_00006_nrcb3_cal.fits,SCIENCE,,CAL,,CALJWST,2.0.0,5893,jw05893013006_02101_00006_nrcb3_cal.fits,117573120,266471149,PUBLIC,2,F200W
266466852,JWST,image,jw05893013006_02101_00006_nrcb2,exposure (L2b): 2D calibrated exposure average over integrations,S,mast:JWST/product/jw05893013006_02101_00006_nrcb2_cal.fits,SCIENCE,,CAL,,CALJWST,2.0.0,5893,jw05893013006_02101_00006_nrcb2_cal.fits,117573120,266471149,PUBLIC,2,F200W
266466853,JWST,image,jw05893013006_02101_00005_nrcb2,exposure (L2b): 2D calibrated exposure average over integrations,S,mast:JWST/product/jw05893013006_02101_00005_nrcb2_cal.fits,SCIENCE,,CAL,,CALJWST,2.0.0,5893,jw05893013006_02101_00005_nrcb2_cal.fits,117573120,266471149,PUBLIC,2,F200W
266466854,JWST,image,jw05893013006_02101_00006_nrca3,exposure (L2b): 2D calibrated exposure average over integrations,S,mast:JWST/product/jw05893013006_02101_00006_nrca3_cal.fits,SCIENCE,,CAL,,CALJWST,2.0.0,5893,jw05893013006_02101_00006_nrca3_cal.fits,117573120,266471149,PUBLIC,2,F200W
266466860,JWST,image,jw05893013006_02101_00005_nrca1,exposure (L2b): 2D calibrated exposure average over integrations,S,mast:JWST/product/jw05893013006_02101_00005_nrca1_cal.fits,SCIENCE,,CAL,,CALJWST,2.0.0,5893,jw05893013006_02101_00005_nrca1_cal.fits,117570240,266471149,PUBLIC,2,F200W
266466895,JWST,image,jw05893013007_02101_00003_nrca1,exposure (L2b): 2D calibrated exposure average over integrations,S,mast:JWST/product/jw05893013007_02101_00003_nrca1_cal.fits,SCIENCE,,CAL,,CALJWST,2.0.0,5893,jw05893013007_02101_00003_nrca1_cal.fits,117570240,266471149,PUBLIC,2,F200W
266466896,JWST,image,jw05893013007_02101_00006_nrcb4,exposure (L2b): 2D calibrated exposure average over integrations,S,mast:JWST/product/jw05893013007_02101_00006_nrcb4_cal.fits,SCIENCE,,CAL,,CALJWST,2.0.0,5893,jw05893013007_02101_00006_nrcb4_cal.fits,117573120,266471149,PUBLIC,2,F200W
266466898,JWST,image,jw05893013007_02101_00003_nrcb4,exposure (L2b): 2D calibrated exposure average over integrations,S,mast:JWST/product/jw05893013007_02101_00003_nrcb4_cal.fits,SCIENCE,,CAL,,CALJWST,2.0.0,5893,jw05893013007_02101_00003_nrcb4_cal.fits,117573120,266471149,PUBLIC,2,F200W
266466899,JWST,image,jw05893013007_02101_00002_nrcb3,exposure (L2b): 2D calibrated exposure average over integrations,S,mast:JWST/product/jw05893013007_02101_00002_nrcb3_cal.fits,SCIENCE,,CAL,,CALJWST,2.0.0,5893,jw05893013007_02101_00002_nrcb3_cal.fits,117573120,266471149,PUBLIC,2,F200W
266466900,JWST,image,jw05893013007_02101_00006_nrcb1,exposure (L2b): 2D calibrated exposure average over integrations,S,mast:JWST/product/jw05893013007_02101_00006_nrcb1_cal.fits,SCIENCE,,CAL,,CALJWST,2.0.0,5893,jw05893013007_02101_00006_nrcb1_cal.fits,117573120,266471149,PUBLIC,2,F200W
266466901,JWST,image,jw05893013007_02101_00003_nrcb2,exposure (L2b): 2D calibrated exposure average over integrations,S,mast:JWST/product/jw05893013007_02101_00003_nrcb2_cal.fits,SCIENCE,,CAL,,CALJWST,2.0.0,5893,jw05893013007_02101_00003_nrcb2_cal.fits,117573120,266471149,PUBLIC,2,F200W
266466902,JWST,image,jw05893013007_02101_00001_nrcb2,exposure (L2b): 2D calibrated exposure average over integrations,S,mast:JWST/product/jw05893013007_02101_00001_nrcb2_cal.fits,SCIENCE,,CAL,,CALJWST,2.0.0,5893,jw05893013007_02101_00001_nrcb2_cal.fits,117573120,266471149,PUBLIC,2,F200W
266466904,JWST,image,jw05893013007_02101_00006_nrca3,exposure (L2b): 2D calibrated exposure average over integrations,S,mast:JWST/product/jw05893013007_02101_00006_nrca3_cal.fits,SCIENCE,,CAL,,CALJWST,2.0.0,5893,jw05893013007_02101_00006_nrca3_cal.fits,117573120,266471149,PUBLIC,2,F200W
266466905,JWST,image,jw05893013007_02101_00001_nrca1,exposure (L2b): 2D calibrated exposure average over integrations,S,mast:JWST/product/jw05893013007_02101_00001_nrca1_cal.fits,SCIENCE,,CAL,,CALJWST,2.0.0,5893,jw05893013007_02101_00001_nrca1_cal.fits,117570240,266471149,PUBLIC,2,F200W
266466907,JWST,image,jw05893013007_02101_00004_nrcb4,exposure (L2b): 2D calibrated exposure average over integrations,S,mast:JWST/product/jw05893013007_02101_00004_nrcb4_cal.fits,SCIENCE,,CAL,,CALJWST,2.0.0,5893,jw05893013007_02101_00004_nrcb4_cal.fits,117573120,266471149,PUBLIC,2,F200W
266466908,JWST,image,jw05893013007_02101_00005_nrcb2,exposure (L2b): 2D calibrated exposure average over integrations,S,mast:JWST/product/jw05893013007_02101_00005_nrcb2_cal.fits,SCIENCE,,CAL,,CALJWST,2.0.0,5893,jw05893013007_02101_00005_nrcb2_cal.fits,117573120,266471149,PUBLIC,2,F200W
266466911,JWST,image,jw05893013007_02101_00003_nrcb1,exposure (L2b): 2D calibrated exposure average over integrations,S,mast:JWST/product/jw05893013007_02101_00003_nrcb1_cal.fits,SCIENCE,,CAL,,CALJWST,2.0.0,5893,jw05893013007_02101_00003_nrcb1_cal.fits,117573120,266471149,PUBLIC,2,F200W
266466912,JWST,image,jw05893013007_02101_00001_nrcb1,exposure (L2b): 2D calibrated exposure average over integrations,S,mast:JWST/product/jw05893013007_02101_00001_nrcb1_cal.fits,SCIENCE,,CAL,,CALJWST,2.0.0,5893,jw05893013007_02101_00001_nrcb1_cal.fits,117573120,266471149,PUBLIC,2,F200W
266466916,JWST,image,jw05893013007_02101_00004_nrcb2,exposure (L2b): 2D calibrated exposure average over integrations,S,mast:JWST/product/jw05893013007_02101_00004_nrcb2_cal.fits,SCIENCE,,CAL,,CALJWST,2.0.0,5893,jw05893013007_02101_00004_nrcb2_cal.fits,117573120,266471149,PUBLIC,2,F200W
266466919,JWST,image,jw05893013007_02101_00004_nrca4,exposure (L2b): 2D calibrated exposure average over integrations,S,mast:JWST/product/jw05893013007_02101_00004_nrca4_cal.fits,SCIENCE,,CAL,,CALJWST,2.0.0,5893,jw05893013007_02101_00004_nrca4_cal.fits,117573120,266471149,PUBLIC,2,F200W
266466920,JWST,image,jw05893013007_02101_00002_nrcb2,exposure (L2b): 2D calibrated exposure average over integrations,S,mast:JWST/product/jw05893013007_02101_00002_nrcb2_cal.fits,SCIENCE,,CAL,,CALJWST,2.0.0,5893,jw05893013007_02101_00002_nrcb2_cal.fits,117573120,266471149,PUBLIC,2,F200W
266466922,JWST,image,jw05893013007_02101_00002_nrca4,exposure (L2b): 2D calibrated exposure average over integrations,S,mast:JWST/product/jw05893013007_02101_00002_nrca4_cal.fits,SCIENCE,,CAL,,CALJWST,2.0.0,5893,jw05893013007_02101_00002_nrca4_cal.fits,117573120,266471149,PUBLIC,2,F200W
266466923,JWST,image,jw05893013007_02101_00003_nrca2,exposure (L2b): 2D calibrated exposure average over integrations,S,mast:JWST/product/jw05893013007_02101_00003_nrca2_cal.fits,SCIENCE,,CAL,,CALJWST,2.0.0,5893,jw05893013007_02101_00003_nrca2_cal.fits,117570240,266471149,PUBLIC,2,F200W
266466925,JWST,image,jw05893013007_02101_00004_nrcb1,exposure (L2b): 2D calibrated exposure average over integrations,S,mast:JWST/product/jw05893013007_02101_00004_nrcb1_cal.fits,SCIENCE,,CAL,,CALJWST,2.0.0,5893,jw05893013007_02101_00004_nrcb1_cal.fits,117573120,266471149,PUBLIC,2,F200W
266466928,JWST,image,jw05893013007_02101_00001_nrca4,exposure (L2b): 2D calibrated exposure average over integrations,S,mast:JWST/product/jw05893013007_02101_00001_nrca4_cal.fits,SCIENCE,,CAL,,CALJWST,2.0.0,5893,jw05893013007_02101_00001_nrca4_cal.fits,117573120,266471149,PUBLIC,2,F200W
266466929,JWST,image,jw05893013007_02101_00002_nrca2,exposure (L2b): 2D calibrated exposure average over integrations,S,mast:JWST/product/jw05893013007_02101_00002_nrca2_cal.fits,SCIENCE,,CAL,,CALJWST,2.0.0,5893,jw05893013007_02101_00002_nrca2_cal.fits,117570240,266471149,PUBLIC,2,F200W
266466930,JWST,image,jw05893013007_02101_00001_nrca2,exposure (L2b): 2D calibrated exposure average over integrations,S,mast:JWST/product/jw05893013007_02101_00001_nrca2_cal.fits,SCIENCE,,CAL,,CALJWST,2.0.0,5893,jw05893013007_02101_00001_nrca2_cal.fits,117570240,266471149,PUBLIC,2,F200W
266466931,JWST,image,jw05893013007_02101_00005_nrca3,exposure (L2b): 2D calibrated exposure average over integrations,S,mast:JWST/product/jw05893013007_02101_00005_nrca3_cal.fits,SCIENCE,,CAL,,CALJWST,2.0.0,5893,jw05893013007_02101_00005_nrca3_cal.fits,117573120,266471149,PUBLIC,2,F200W
266466933,JWST,image,jw05893013007_02101_00003_nrca4,exposure (L2b): 2D calibrated exposure average over integrations,S,mast:JWST/product/jw05893013007_02101_00003_nrca4_cal.fits,SCIENCE,,CAL,,CALJWST,2.0.0,5893,jw05893013007_02101_00003_nrca4_cal.fits,117573120,266471149,PUBLIC,2,F200W
266466934,JWST,image,jw05893013007_02101_00003_nrcb3,exposure (L2b): 2D calibrated exposure average over integrations,S,mast:JWST/product/jw05893013007_02101_00003_nrcb3_cal.fits,SCIENCE,,CAL,,CALJWST,2.0.0,5893,jw05893013007_02101_00003_nrcb3_cal.fits,117573120,266471149,PUBLIC,2,F200W
266466935,JWST,image,jw05893013007_02101_00003_nrca3,exposure (L2b): 2D calibrated exposure average over integrations,S,mast:JWST/product/jw05893013007_02101_00003_nrca3_cal.fits,SCIENCE,,CAL,,CALJWST,2.0.0,5893,jw05893013007_02101_00003_nrca3_cal.fits,117573120,266471149,PUBLIC,2,F200W
266466938,JWST,image,jw05893013007_02101_00005_nrcb4,exposure (L2b): 2D calibrated exposure average over integrations,S,mast:JWST/product/jw05893013007_02101_00005_nrcb4_cal.fits,SCIENCE,,CAL,,CALJWST,2.0.0,5893,jw05893013007_02101_00005_nrcb4_cal.fits,117573120,266471149,PUBLIC,2,F200W
266466940,JWST,image,jw05893013007_02101_00005_nrca2,exposure (L2b): 2D calibrated exposure average over integrations,S,mast:JWST/product/jw05893013007_02101_00005_nrca2_cal.fits,SCIENCE,,CAL,,CALJWST,2.0.0,5893,jw05893013007_02101_00005_nrca2_cal.fits,117570240,266471149,PUBLIC,2,F200W
266466941,JWST,image,jw05893013007_02101_00004_nrca3,exposure (L2b): 2D calibrated exposure average over integrations,S,mast:JWST/product/jw05893013007_02101_00004_nrca3_cal.fits,SCIENCE,,CAL,,CALJWST,2.0.0,5893,jw05893013007_02101_00004_nrca3_cal.fits,117573120,266471149,PUBLIC,2,F200W
266466948,JWST,image,jw05893013007_02101_00004_nrcb3,exposure (L2b): 2D calibrated exposure average over integrations,S,mast:JWST/product/jw05893013007_02101_00004_nrcb3_cal.fits,SCIENCE,,CAL,,CALJWST,2.0.0,5893,jw05893013007_02101_00004_nrcb3_cal.fits,117573120,266471149,PUBLIC,2,F200W
266466949,JWST,image,jw05893013007_02101_00002_nrca1,exposure (L2b): 2D calibrated exposure average over integrations,S,mast:JWST/product/jw05893013007_02101_00002_nrca1_cal.fits,SCIENCE,,CAL,,CALJWST,2.0.0,5893,jw05893013007_02101_00002_nrca1_cal.fits,117570240,266471149,PUBLIC,2,F200W
266466950,JWST,image,jw05893013007_02101_00002_nrcb1,exposure (L2b): 2D calibrated exposure average over integrations,S,mast:JWST/product/jw05893013007_02101_00002_nrcb1_cal.fits,SCIENCE,,CAL,,CALJWST,2.0.0,5893,jw05893013007_02101_00002_nrcb1_cal.fits,117573120,266471149,PUBLIC,2,F200W
266466952,JWST,image,jw05893013007_02101_00001_nrca3,exposure (L2b): 2D calibrated exposure average over integrations,S,mast:JWST/product/jw05893013007_02101_00001_nrca3_cal.fits,SCIENCE,,CAL,,CALJWST,2.0.0,5893,jw05893013007_02101_00001_nrca3_cal.fits,117573120,266471149,PUBLIC,2,F200W
266466953,JWST,image,jw05893013007_02101_00001_nrcb4,exposure (L2b): 2D calibrated exposure average over integrations,S,mast:JWST/product/jw05893013007_02101_00001_nrcb4_cal.fits,SCIENCE,,CAL,,CALJWST,2.0.0,5893,jw05893013007_02101_00001_nrcb4_cal.fits,117573120,266471149,PUBLIC,2,F200W
266466954,JWST,image,jw05893013007_02101_00005_nrcb3,exposure (L2b): 2D calibrated exposure average over integrations,S,mast:JWST/product/jw05893013007_02101_00005_nrcb3_cal.fits,SCIENCE,,CAL,,CALJWST,2.0.0,5893,jw05893013007_02101_00005_nrcb3_cal.fits,117573120,266471149,PUBLIC,2,F200W
266466956,JWST,image,jw05893013007_02101_00001_nrcb3,exposure (L2b): 2D calibrated exposure average over integrations,S,mast:JWST/product/jw05893013007_02101_00001_nrcb3_cal.fits,SCIENCE,,CAL,,CALJWST,2.0.0,5893,jw05893013007_02101_00001_nrcb3_cal.fits,117573120,266471149,PUBLIC,2,F200W
266466958,JWST,image,jw05893013007_02101_00004_nrca2,exposure (L2b): 2D calibrated exposure average over integrations,S,mast:JWST/product/jw05893013007_02101_00004_nrca2_cal.fits,SCIENCE,,CAL,,CALJWST,2.0.0,5893,jw05893013007_02101_00004_nrca2_cal.fits,117570240,266471149,PUBLIC,2,F200W
266466959,JWST,image,jw05893013007_02101_00005_nrca1,exposure (L2b): 2D calibrated exposure average over integrations,S,mast:JWST/product/jw05893013007_02101_00005_nrca1_cal.fits,SCIENCE,,CAL,,CALJWST,2.0.0,5893,jw05893013007_02101_00005_nrca1_cal.fits,117570240,266471149,PUBLIC,2,F200W
266466960,JWST,image,jw05893013007_02101_00005_nrcb1,exposure (L2b): 2D calibrated exposure average over integrations,S,mast:JWST/product/jw05893013007_02101_00005_nrcb1_cal.fits,SCIENCE,,CAL,,CALJWST,2.0.0,5893,jw05893013007_02101_00005_nrcb1_cal.fits,117573120,266471149,PUBLIC,2,F200W
266466961,JWST,image,jw05893013007_02101_00004_nrca1,exposure (L2b): 2D calibrated exposure average over integrations,S,mast:JWST/product/jw05893013007_02101_00004_nrca1_cal.fits,SCIENCE,,CAL,,CALJWST,2.0.0,5893,jw05893013007_02101_00004_nrca1_cal.fits,117570240,266471149,PUBLIC,2,F200W
266466962,JWST,image,jw05893013007_02101_00002_nrca3,exposure (L2b): 2D calibrated exposure average over integrations,S,mast:JWST/product/jw05893013007_02101_00002_nrca3_cal.fits,SCIENCE,,CAL,,CALJWST,2.0.0,5893,jw05893013007_02101_00002_nrca3_cal.fits,117573120,266471149,PUBLIC,2,F200W
266466964,JWST,image,jw05893013007_02101_00006_nrca2,exposure (L2b): 2D calibrated exposure average over integrations,S,mast:JWST/product/jw05893013007_02101_00006_nrca2_cal.fits,SCIENCE,,CAL,,CALJWST,2.0.0,5893,jw05893013007_02101_00006_nrca2_cal.fits,117570240,266471149,PUBLIC,2,F200W
266466966,JWST,image,jw05893013007_02101_00005_nrca4,exposure (L2b): 2D calibrated exposure average over integrations,S,mast:JWST/product/jw05893013007_02101_00005_nrca4_cal.fits,SCIENCE,,CAL,,CALJWST,2.0.0,5893,jw05893013007_02101_00005_nrca4_cal.fits,117573120,266471149,PUBLIC,2,F200W
266466967,JWST,image,jw05893013007_02101_00002_nrcb4,exposure (L2b): 2D calibrated exposure average over integrations,S,mast:JWST/product/jw05893013007_02101_00002_nrcb4_cal.fits,SCIENCE,,CAL,,CALJWST,2.0.0,5893,jw05893013007_02101_00002_nrcb4_cal.fits,117573120,266471149,PUBLIC,2,F200W
266466969,JWST,image,jw05893013007_02101_00006_nrca4,exposure (L2b): 2D calibrated exposure average over integrations,S,mast:JWST/product/jw05893013007_02101_00006_nrca4_cal.fits,SCIENCE,,CAL,,CALJWST,2.0.0,5893,jw05893013007_02101_00006_nrca4_cal.fits,117573120,266471149,PUBLIC,2,F200W
266467043,JWST,image,jw05893013007_02101_00006_nrca1,exposure (L2b): 2D calibrated exposure average over integrations,S,mast:JWST/product/jw05893013007_02101_00006_nrca1_cal.fits,SCIENCE,,CAL,,CALJWST,2.0.0,5893,jw05893013007_02101_00006_nrca1_cal.fits,117570240,266471149,PUBLIC,2,F200W
266467052,JWST,image,jw05893013007_02101_00006_nrcb3,exposure (L2b): 2D calibrated exposure average over integrations,S,mast:JWST/product/jw05893013007_02101_00006_nrcb3_cal.fits,SCIENCE,,CAL,,CALJWST,2.0.0,5893,jw05893013007_02101_00006_nrcb3_cal.fits,117573120,266471149,PUBLIC,2,F200W
266467068,JWST,image,jw05893013007_02101_00006_nrcb2,exposure (L2b): 2D calibrated exposure average over integrations,S,mast:JWST/product/jw05893013007_02101_00006_nrcb2_cal.fits,SCIENCE,,CAL,,CALJWST,2.0.0,5893,jw05893013007_02101_00006_nrcb2_cal.fits,117573120,266471149,PUBLIC,2,F200W
266467426,JWST,image,jw05893013008_02101_00002_nrcb3,exposure (L2b): 2D calibrated exposure average over integrations,S,mast:JWST/product/jw05893013008_02101_00002_nrcb3_cal.fits,SCIENCE,,CAL,,CALJWST,2.0.0,5893,jw05893013008_02101_00002_nrcb3_cal.fits,117573120,266471149,PUBLIC,2,F200W
266467427,JWST,image,jw05893013008_02101_00001_nrcb4,exposure (L2b): 2D calibrated exposure average over integrations,S,mast:JWST/product/jw05893013008_02101_00001_nrcb4_cal.fits,SCIENCE,,CAL,,CALJWST,2.0.0,5893,jw05893013008_02101_00001_nrcb4_cal.fits,117573120,266471149,PUBLIC,2,F200W
266467428,JWST,image,jw05893013008_02101_00006_nrcb2,exposure (L2b): 2D calibrated exposure average over integrations,S,mast:JWST/product/jw05893013008_02101_00006_nrcb2_cal.fits,SCIENCE,,CAL,,CALJWST,2.0.0,5893,jw05893013008_02101_00006_nrcb2_cal.fits,117573120,266471149,PUBLIC,2,F200W
266467429,JWST,image,jw05893013008_02101_00002_nrcb1,exposure (L2b): 2D calibrated exposure average over integrations,S,mast:JWST/product/jw05893013008_02101_00002_nrcb1_cal.fits,SCIENCE,,CAL,,CALJWST,2.0.0,5893,jw05893013008_02101_00002_nrcb1_cal.fits,117573120,266471149,PUBLIC,2,F200W
266467430,JWST,image,jw05893013008_02101_00005_nrcb4,exposure (L2b): 2D calibrated exposure average over integrations,S,mast:JWST/product/jw05893013008_02101_00005_nrcb4_cal.fits,SCIENCE,,CAL,,CALJWST,2.0.0,5893,jw05893013008_02101_00005_nrcb4_cal.fits,117573120,266471149,PUBLIC,2,F200W
266467431,JWST,image,jw05893013008_02101_00002_nrcb4,exposure (L2b): 2D calibrated exposure average over integrations,S,mast:JWST/product/jw05893013008_02101_00002_nrcb4_cal.fits,SCIENCE,,CAL,,CALJWST,2.0.0,5893,jw05893013008_02101_00002_nrcb4_cal.fits,117573120,266471149,PUBLIC,2,F200W
266467432,JWST,image,jw05893013008_02101_00004_nrca2,exposure (L2b): 2D calibrated exposure average over integrations,S,mast:JWST/product/jw05893013008_02101_00004_nrca2_cal.fits,SCIENCE,,CAL,,CALJWST,2.0.0,5893,jw05893013008_02101_00004_nrca2_cal.fits,117570240,266471149,PUBLIC,2,F200W
266467433,JWST,image,jw05893013008_02101_00004_nrca4,exposure (L2b): 2D calibrated exposure average over integrations,S,mast:JWST/product/jw05893013008_02101_00004_nrca4_cal.fits,SCIENCE,,CAL,,CALJWST,2.0.0,5893,jw05893013008_02101_00004_nrca4_cal.fits,117573120,266471149,PUBLIC,2,F200W
266467434,JWST,image,jw05893013008_02101_00001_nrca4,exposure (L2b): 2D calibrated exposure average over integrations,S,mast:JWST/product/jw05893013008_02101_00001_nrca4_cal.fits,SCIENCE,,CAL,,CALJWST,2.0.0,5893,jw05893013008_02101_00001_nrca4_cal.fits,117573120,266471149,PUBLIC,2,F200W
266467435,JWST,image,jw05893013008_02101_00006_nrca3,exposure (L2b): 2D calibrated exposure average over integrations,S,mast:JWST/product/jw05893013008_02101_00006_nrca3_cal.fits,SCIENCE,,CAL,,CALJWST,2.0.0,5893,jw05893013008_02101_00006_nrca3_cal.fits,117573120,266471149,PUBLIC,2,F200W
266467436,JWST,image,jw05893013008_02101_00003_nrca3,exposure (L2b): 2D calibrated exposure average over integrations,S,mast:JWST/product/jw05893013008_02101_00003_nrca3_cal.fits,SCIENCE,,CAL,,CALJWST,2.0.0,5893,jw05893013008_02101_00003_nrca3_cal.fits,117573120,266471149,PUBLIC,2,F200W
266467437,JWST,image,jw05893013008_02101_00006_nrcb4,exposure (L2b): 2D calibrated exposure average over integrations,S,mast:JWST/product/jw05893013008_02101_00006_nrcb4_cal.fits,SCIENCE,,CAL,,CALJWST,2.0.0,5893,jw05893013008_02101_00006_nrcb4_cal.fits,117573120,266471149,PUBLIC,2,F200W
266467438,JWST,image,jw05893013008_02101_00003_nrcb3,exposure (L2b): 2D calibrated exposure average over integrations,S,mast:JWST/product/jw05893013008_02101_00003_nrcb3_cal.fits,SCIENCE,,CAL,,CALJWST,2.0.0,5893,jw05893013008_02101_00003_nrcb3_cal.fits,117573120,266471149,PUBLIC,2,F200W
266467440,JWST,image,jw05893013008_02101_00006_nrcb1,exposure (L2b): 2D calibrated exposure average over integrations,S,mast:JWST/product/jw05893013008_02101_00006_nrcb1_cal.fits,SCIENCE,,CAL,,CALJWST,2.0.0,5893,jw05893013008_02101_00006_nrcb1_cal.fits,117573120,266471149,PUBLIC,2,F200W
266467441,JWST,image,jw05893013008_02101_00004_nrcb4,exposure (L2b): 2D calibrated exposure average over integrations,S,mast:JWST/product/jw05893013008_02101_00004_nrcb4_cal.fits,SCIENCE,,CAL,,CALJWST,2.0.0,5893,jw05893013008_02101_00004_nrcb4_cal.fits,117573120,266471149,PUBLIC,2,F200W
266467442,JWST,image,jw05893013008_02101_00003_nrca2,exposure (L2b): 2D calibrated exposure average over integrations,S,mast:JWST/product/jw05893013008_02101_00003_nrca2_cal.fits,SCIENCE,,CAL,,CALJWST,2.0.0,5893,jw05893013008_02101_00003_nrca2_cal.fits,117570240,266471149,PUBLIC,2,F200W
266467443,JWST,image,jw05893013008_02101_00001_nrcb2,exposure (L2b): 2D calibrated exposure average over integrations,S,mast:JWST/product/jw05893013008_02101_00001_nrcb2_cal.fits,SCIENCE,,CAL,,CALJWST,2.0.0,5893,jw05893013008_02101_00001_nrcb2_cal.fits,117573120,266471149,PUBLIC,2,F200W
266467444,JWST,image,jw05893013008_02101_00005_nrca3,exposure (L2b): 2D calibrated exposure average over integrations,S,mast:JWST/product/jw05893013008_02101_00005_nrca3_cal.fits,SCIENCE,,CAL,,CALJWST,2.0.0,5893,jw05893013008_02101_00005_nrca3_cal.fits,117573120,266471149,PUBLIC,2,F200W
266467446,JWST,image,jw05893013008_02101_00002_nrca3,exposure (L2b): 2D calibrated exposure average over integrations,S,mast:JWST/product/jw05893013008_02101_00002_nrca3_cal.fits,SCIENCE,,CAL,,CALJWST,2.0.0,5893,jw05893013008_02101_00002_nrca3_cal.fits,117573120,266471149,PUBLIC,2,F200W
266467448,JWST,image,jw05893013008_02101_00001_nrcb1,exposure (L2b): 2D calibrated exposure average over integrations,S,mast:JWST/product/jw05893013008_02101_00001_nrcb1_cal.fits,SCIENCE,,CAL,,CALJWST,2.0.0,5893,jw05893013008_02101_00001_nrcb1_cal.fits,117573120,266471149,PUBLIC,2,F200W
266467449,JWST,image,jw05893013008_02101_00004_nrca1,exposure (L2b): 2D calibrated exposure average over integrations,S,mast:JWST/product/jw05893013008_02101_00004_nrca1_cal.fits,SCIENCE,,CAL,,CALJWST,2.0.0,5893,jw05893013008_02101_00004_nrca1_cal.fits,117570240,266471149,PUBLIC,2,F200W
266467450,JWST,image,jw05893013008_02101_00005_nrcb3,exposure (L2b): 2D calibrated exposure average over integrations,S,mast:JWST/product/jw05893013008_02101_00005_nrcb3_cal.fits,SCIENCE,,CAL,,CALJWST,2.0.0,5893,jw05893013008_02101_00005_nrcb3_cal.fits,117573120,266471149,PUBLIC,2,F200W
266467451,JWST,image,jw05893013008_02101_00003_nrca4,exposure (L2b): 2D calibrated exposure average over integrations,S,mast:JWST/product/jw05893013008_02101_00003_nrca4_cal.fits,SCIENCE,,CAL,,CALJWST,2.0.0,5893,jw05893013008_02101_00003_nrca4_cal.fits,117573120,266471149,PUBLIC,2,F200W
266467453,JWST,image,jw05893013008_02101_00004_nrca3,exposure (L2b): 2D calibrated exposure average over integrations,S,mast:JWST/product/jw05893013008_02101_00004_nrca3_cal.fits,SCIENCE,,CAL,,CALJWST,2.0.0,5893,jw05893013008_02101_00004_nrca3_cal.fits,117573120,266471149,PUBLIC,2,F200W
266467456,JWST,image,jw05893013008_02101_00001_nrca3,exposure (L2b): 2D calibrated exposure average over integrations,S,mast:JWST/product/jw05893013008_02101_00001_nrca3_cal.fits,SCIENCE,,CAL,,CALJWST,2.0.0,5893,jw05893013008_02101_00001_nrca3_cal.fits,117573120,266471149,PUBLIC,2,F200W
266467457,JWST,image,jw05893013008_02101_00006_nrcb3,exposure (L2b): 2D calibrated exposure average over integrations,S,mast:JWST/product/jw05893013008_02101_00006_nrcb3_cal.fits,SCIENCE,,CAL,,CALJWST,2.0.0,5893,jw05893013008_02101_00006_nrcb3_cal.fits,117573120,266471149,PUBLIC,2,F200W
266467460,JWST,image,jw05893013008_02101_00001_nrca1,exposure (L2b): 2D calibrated exposure average over integrations,S,mast:JWST/product/jw05893013008_02101_00001_nrca1_cal.fits,SCIENCE,,CAL,,CALJWST,2.0.0,5893,jw05893013008_02101_00001_nrca1_cal.fits,117570240,266471149,PUBLIC,2,F200W
266467461,JWST,image,jw05893013008_02101_00001_nrca2,exposure (L2b): 2D calibrated exposure average over integrations,S,mast:JWST/product/jw05893013008_02101_00001_nrca2_cal.fits,SCIENCE,,CAL,,CALJWST,2.0.0,5893,jw05893013008_02101_00001_nrca2_cal.fits,117570240,266471149,PUBLIC,2,F200W
266467463,JWST,image,jw05893013008_02101_00002_nrca2,exposure (L2b): 2D calibrated exposure average over integrations,S,mast:JWST/product/jw05893013008_02101_00002_nrca2_cal.fits,SCIENCE,,CAL,,CALJWST,2.0.0,5893,jw05893013008_02101_00002_nrca2_cal.fits,117570240,266471149,PUBLIC,2,F200W
266467465,JWST,image,jw05893013008_02101_00005_nrcb1,exposure (L2b): 2D calibrated exposure average over integrations,S,mast:JWST/product/jw05893013008_02101_00005_nrcb1_cal.fits,SCIENCE,,CAL,,CALJWST,2.0.0,5893,jw05893013008_02101_00005_nrcb1_cal.fits,117573120,266471149,PUBLIC,2,F200W
266467466,JWST,image,jw05893013008_02101_00005_nrca1,exposure (L2b): 2D calibrated exposure average over integrations,S,mast:JWST/product/jw05893013008_02101_00005_nrca1_cal.fits,SCIENCE,,CAL,,CALJWST,2.0.0,5893,jw05893013008_02101_00005_nrca1_cal.fits,117570240,266471149,PUBLIC,2,F200W
266467467,JWST,image,jw05893013008_02101_00003_nrcb1,exposure (L2b): 2D calibrated exposure average over integrations,S,mast:JWST/product/jw05893013008_02101_00003_nrcb1_cal.fits,SCIENCE,,CAL,,CALJWST,2.0.0,5893,jw05893013008_02101_00003_nrcb1_cal.fits,117573120,266471149,PUBLIC,2,F200W
266467468,JWST,image,jw05893013008_02101_00006_nrca2,exposure (L2b): 2D calibrated exposure average over integrations,S,mast:JWST/product/jw05893013008_02101_00006_nrca2_cal.fits,SCIENCE,,CAL,,CALJWST,2.0.0,5893,jw05893013008_02101_00006_nrca2_cal.fits,117570240,266471149,PUBLIC,2,F200W
266467469,JWST,image,jw05893013008_02101_00004_nrcb1,exposure (L2b): 2D calibrated exposure average over integrations,S,mast:JWST/product/jw05893013008_02101_00004_nrcb1_cal.fits,SCIENCE,,CAL,,CALJWST,2.0.0,5893,jw05893013008_02101_00004_nrcb1_cal.fits,117573120,266471149,PUBLIC,2,F200W
266467473,JWST,image,jw05893013008_02101_00003_nrca1,exposure (L2b): 2D calibrated exposure average over integrations,S,mast:JWST/product/jw05893013008_02101_00003_nrca1_cal.fits,SCIENCE,,CAL,,CALJWST,2.0.0,5893,jw05893013008_02101_00003_nrca1_cal.fits,117570240,266471149,PUBLIC,2,F200W
266467474,JWST,image,jw05893013008_02101_00002_nrca4,exposure (L2b): 2D calibrated exposure average over integrations,S,mast:JWST/product/jw05893013008_02101_00002_nrca4_cal.fits,SCIENCE,,CAL,,CALJWST,2.0.0,5893,jw05893013008_02101_00002_nrca4_cal.fits,117573120,266471149,PUBLIC,2,F200W
266467476,JWST,image,jw05893013008_02101_00005_nrca2,exposure (L2b): 2D calibrated exposure average over integrations,S,mast:JWST/product/jw05893013008_02101_00005_nrca2_cal.fits,SCIENCE,,CAL,,CALJWST,2.0.0,5893,jw05893013008_02101_00005_nrca2_cal.fits,117570240,266471149,PUBLIC,2,F200W
266467477,JWST,image,jw05893013008_02101_00006_nrca4,exposure (L2b): 2D calibrated exposure average over integrations,S,mast:JWST/product/jw05893013008_02101_00006_nrca4_cal.fits,SCIENCE,,CAL,,CALJWST,2.0.0,5893,jw05893013008_02101_00006_nrca4_cal.fits,117573120,266471149,PUBLIC,2,F200W
266467478,JWST,image,jw05893013008_02101_00003_nrcb2,exposure (L2b): 2D calibrated exposure average over integrations,S,mast:JWST/product/jw05893013008_02101_00003_nrcb2_cal.fits,SCIENCE,,CAL,,CALJWST,2.0.0,5893,jw05893013008_02101_00003_nrcb2_cal.fits,117573120,266471149,PUBLIC,2,F200W
266467479,JWST,image,jw05893013008_02101_00004_nrcb3,exposure (L2b): 2D calibrated exposure average over integrations,S,mast:JWST/product/jw05893013008_02101_00004_nrcb3_cal.fits,SCIENCE,,CAL,,CALJWST,2.0.0,5893,jw05893013008_02101_00004_nrcb3_cal.fits,117573120,266471149,PUBLIC,2,F200W
266467480,JWST,image,jw05893013008_02101_00002_nrcb2,exposure (L2b): 2D calibrated exposure average over integrations,S,mast:JWST/product/jw05893013008_02101_00002_nrcb2_cal.fits,SCIENCE,,CAL,,CALJWST,2.0.0,5893,jw05893013008_02101_00002_nrcb2_cal.fits,117573120,266471149,PUBLIC,2,F200W
266467481,JWST,image,jw05893013008_02101_00005_nrcb2,exposure (L2b): 2D calibrated exposure average over integrations,S,mast:JWST/product/jw05893013008_02101_00005_nrcb2_cal.fits,SCIENCE,,CAL,,CALJWST,2.0.0,5893,jw05893013008_02101_00005_nrcb2_cal.fits,117573120,266471149,PUBLIC,2,F200W
266467483,JWST,image,jw05893013008_02101_00003_nrcb4,exposure (L2b): 2D calibrated exposure average over integrations,S,mast:JWST/product/jw05893013008_02101_00003_nrcb4_cal.fits,SCIENCE,,CAL,,CALJWST,2.0.0,5893,jw05893013008_02101_00003_nrcb4_cal.fits,117573120,266471149,PUBLIC,2,F200W
266467484,JWST,image,jw05893013008_02101_00005_nrca4,exposure (L2b): 2D calibrated exposure average over integrations,S,mast:JWST/product/jw05893013008_02101_00005_nrca4_cal.fits,SCIENCE,,CAL,,CALJWST,2.0.0,5893,jw05893013008_02101_00005_nrca4_cal.fits,117573120,266471149,PUBLIC,2,F200W
266467485,JWST,image,jw05893013008_02101_00004_nrcb2,exposure (L2b): 2D calibrated exposure average over integrations,S,mast:JWST/product/jw05893013008_02101_00004_nrcb2_cal.fits,SCIENCE,,CAL,,CALJWST,2.0.0,5893,jw05893013008_02101_00004_nrcb2_cal.fits,117573120,266471149,PUBLIC,2,F200W
266467487,JWST,image,jw05893013008_02101_00001_nrcb3,exposure (L2b): 2D calibrated exposure average over integrations,S,mast:JWST/product/jw05893013008_02101_00001_nrcb3_cal.fits,SCIENCE,,CAL,,CALJWST,2.0.0,5893,jw05893013008_02101_00001_nrcb3_cal.fits,117573120,266471149,PUBLIC,2,F200W
266467488,JWST,image,jw05893013008_02101_00006_nrca1,exposure (L2b): 2D calibrated exposure average over integrations,S,mast:JWST/product/jw05893013008_02101_00006_nrca1_cal.fits,SCIENCE,,CAL,,CALJWST,2.0.0,5893,jw05893013008_02101_00006_nrca1_cal.fits,117570240,266471149,PUBLIC,2,F200W
266467489,JWST,image,jw05893013008_02101_00002_nrca1,exposure (L2b): 2D calibrated exposure average over integrations,S,mast:JWST/product/jw05893013008_02101_00002_nrca1_cal.fits,SCIENCE,,CAL,,CALJWST,2.0.0,5893,jw05893013008_02101_00002_nrca1_cal.fits,117570240,266471149,PUBLIC,2,F200W
