obsID,obs_collection,dataproduct_type,obs_id,description,type,dataURI,productType,productGroupDescription,productSubGroupDescription,productDocumentationURL,project,prvversion,proposal_id,productFilename,size,parent_obsid,dataRights,calib_level,filters
262851116,JWST,image,jw05893004001_02101_00005_nrca2,exposure (L2b): 2D calibrated exposure average over integrations,S,mast:JWST/product/jw05893004001_02101_00005_nrca2_cal.fits,SCIENCE,,CAL,,CALJWST,2.0.0,5893,jw05893004001_02101_00005_nrca2_cal.fits,117570240,262872583,PUBLIC,2,F200W
262851117,JWST,image,jw05893004001_02101_00003_nrca1,exposure (L2b): 2D calibrated exposure average over integrations,S,mast:JWST/product/jw05893004001_02101_00003_nrca1_cal.fits,SCIENCE,,CAL,,CALJWST,2.0.0,5893,jw05893004001_02101_00003_nrca1_cal.fits,117570240,262872583,PUBLIC,2,F200W
262851118,JWST,image,jw05893004001_02101_00006_nrca2,exposure (L2b): 2D calibrated exposure average over integrations,S,mast:JWST/product/jw05893004001_02101_00006_nrca2_cal.fits,SCIENCE,,CAL,,CALJWST,2.0.0,5893,jw05893004001_02101_00006_nrca2_cal.fits,117570240,262872583,PUBLIC,2,F200W
262851119,JWST,image,jw05893004001_02101_00002_nrca1,exposure (L2b): 2D calibrated exposure average over integrations,S,mast:JWST/product/jw05893004001_02101_00002_nrca1_cal.fits,SCIENCE,,CAL,,CALJWST,2.0.0,5893,jw05893004001_02101_00002_nrca1_cal.fits,117570240,262872583,PUBLIC,2,F200W
262851120,JWST,image,jw05893004001_02101_00005_nrca1,exposure (L2b): 2D calibrated exposure average over integrations,S,mast:JWST/product/jw05893004001_02101_00005_nrca1_cal.fits,SCIENCE,,CAL,,CALJWST,2.0.0,5893,jw05893004001_02101_00005_nrca1_cal.fits,117570240,262872583,PUBLIC,2,F200W
262851121,JWST,image,jw05893004001_02101_00004_nrca1,exposure (L2b): 2D calibrated exposure average over integrations,S,mast:JWST/product/jw05893004001_02101_00004_nrca1_cal.fits,SCIENCE,,CAL,,CALJWST,2.0.0,5893,jw05893004001_02101_00004_nrca1_cal.fits,117570240,262872583,PUBLIC,2,F200W
262851123,JWST,image,jw05893004001_02101_00001_nrca1,exposure (L2b): 2D calibrated exposure average over integrations,S,mast:JWST/product/jw05893004001_02101_00001_nrca1_cal.fits,SCIENCE,,CAL,,CALJWST,2.0.0,5893,jw05893004001_02101_00001_nrca1_cal.fits,117570240,262872583,PUBLIC,2,F200W
262851126,JWST,image,jw05893004001_02101_00006_nrca1,exposure (L2b): 2D calibrated exposure average over integrations,S,mast:JWST/product/jw05893004001_02101_00006_nrca1_cal.fits,SCIENCE,,CAL,,CALJWST,2.0.0,5893,jw05893004001_02101_00006_nrca1_cal.fits,117570240,262872583,PUBLIC,2,F200W
262851128,JWST,image,jw05893004001_02101_00001_nrca2,exposure (L2b): 2D calibrated exposure average over integrations,S,mast:JWST/product/jw05893004001_02101_00001_nrca2_cal.fits,SCIENCE,,CAL,,CALJWST,2.0.0,5893,jw05893004001_02101_00001_nrca2_cal.fits,117570240,262872583,PUBLIC,2,F200W
262851129,JWST,image,jw05893004001_02101_00004_nrca3,exposure (L2b): 2D calibrated exposure average over integrations,S,mast:JWST/product/jw05893004001_02101_00004_nrca3_cal.fits,SCIENCE,,CAL,,CALJWST,2.0.0,5893,jw05893004001_02101_00004_nrca3_cal.fits,117573120,262872583,PUBLIC,2,F200W
262851130,JWST,image,jw05893004001_02101_00002_nrca2,exposure (L2b): 2D calibrated exposure average over integrations,S,mast:JWST/product/jw05893004001_02101_00002_nrca2_cal.fits,SCIENCE,,CAL,,CALJWST,2.0.0,5893,jw05893004001_02101_00002_nrca2_cal.fits,117570240,262872583,PUBLIC,2,F200W
262851131,JWST,image,jw05893004001_02101_00002_nrca3,exposure (L2b): 2D calibrated exposure average over integrations,S,mast:JWST/product/jw05893004001_02101_00002_nrca3_cal.fits,SCIENCE,,CAL,,CALJWST,2.0.0,5893,jw05893004001_02101_00002_nrca3_cal.fits,117573120,262872583,PUBLIC,2,F200W
262851134,JWST,image,jw05893004001_02101_00004_nrca2,exposure (L2b): 2D calibrated exposure average over integrations,S,mast:JWST/product/jw05893004001_02101_00004_nrca2_cal.fits,SCIENCE,,CAL,,CALJWST,2.0.0,5893,jw05893004001_02101_00004_nrca2_cal.fits,117570240,262872583,PUBLIC,2,F200W
262851135,JWST,image,jw05893004001_02101_00003_nrca2,exposure (L2b): 2D calibrated exposure average over integrations,S,mast:JWST/product/jw05893004001_02101_00003_nrca2_cal.fits,SCIENCE,,CAL,,CALJWST,2.0.0,5893,jw05893004001_02101_00003_nrca2_cal.fits,117570240,262872583,PUBLIC,2,F200W
262851136,JWST,image,jw05893004001_02101_00001_nrca3,exposure (L2b): 2D calibrated exposure average over integrations,S,mast:JWST/product/jw05893004001_02101_00001_nrca3_cal.fits,SCIENCE,,CAL,,CALJWST,2.0.0,5893,jw05893004001_02101_00001_nrca3_cal.fits,117573120,262872583,PUBLIC,2,F200W
262851137,JWST,image,jw05893004001_02101_00005_nrca3,exposure (L2b): 2D calibrated exposure average over integrations,S,mast:JWST/product/jw05893004001_02101_00005_nrca3_cal.fits,SCIENCE,,CAL,,CALJWST,2.0.0,5893,jw05893004001_02101_00005_nrca3_cal.fits,117573120,262872583,PUBLIC,2,F200W
262851138,JWST,image,jw05893004001_02101_00001_nrca4,exposure (L2b): 2D calibrated exposure average over integrations,S,mast:JWST/product/jw05893004001_02101_00001_nrca4_cal.fits,SCIENCE,,CAL,,CALJWST,2.0.0,5893,jw05893004001_02101_00001_nrca4_cal.fits,117573120,262872583,PUBLIC,2,F200W
262851139,JWST,image,jw05893004001_02101_00006_nrca3,exposure (L2b): 2D calibrated exposure average over integrations,S,mast:JWST/product/jw05893004001_02101_00006_nrca3_cal.fits,SCIENCE,,CAL,,CALJWST,2.0.0,5893,jw05893004001_02101_00006_nrca3_cal.fits,117573120,262872583,PUBLIC,2,F200W
262851141,JWST,image,jw05893004001_02101_00001_nrcb2,exposure (L2b): 2D calibrated exposure average over integrations,S,mast:JWST/product/jw05893004001_02101_00001_nrcb2_cal.fits,SCIENCE,,CAL,,CALJWST,2.0.0,5893,jw05893004001_02101_00001_nrcb2_cal.fits,117573120,262872583,PUBLIC,2,F200W
262851145,JWST,image,jw05893004001_02101_00001_nrcb1,exposure (L2b): 2D calibrated exposure average over integrations,S,mast:JWST/product/jw05893004001_02101_00001_nrcb1_cal.fits,SCIENCE,,CAL,,CALJWST,2.0.0,5893,jw05893004001_02101_00001_nrcb1_cal.fits,117573120,262872583,PUBLIC,2,F200W
262851146,JWST,image,jw05893004001_02101_00005_nrcb4,exposure (L2b): 2D calibrated exposure average over integrations,S,mast:JWST/product/jw05893004001_02101_00005_nrcb4_cal.fits,SCIENCE,,CAL,,CALJWST,2.0.0,5893,jw05893004001_02101_00005_nrcb4_cal.fits,117573120,262872583,PUBLIC,2,F200W
262851148,JWST,image,jw05893004001_02101_00002_nrcb1,exposure (L2b): 2D calibrated exposure average over integrations,S,mast:JWST/product/jw05893004001_02101_00002_nrcb1_cal.fits,SCIENCE,,CAL,,CALJWST,2.0.0,5893,jw05893004001_02101_00002_nrcb1_cal.fits,117573120,262872583,PUBLIC,2,F200W
262851149,JWST,image,jw05893004001_02101_00001_nrcb4,exposure (L2b): 2D calibrated exposure average over integrations,S,mast:JWST/product/jw05893004001_02101_00001_nrcb4_cal.fits,SCIENCE,,CAL,,CALJWST,2.0.0,5893,jw05893004001_02101_00001_nrcb4_cal.fits,117573120,262872583,PUBLIC,2,F200W
262851151,JWST,image,jw05893004001_02101_00002_nrcb4,exposure (L2b): 2D calibrated exposure average over integrations,S,mast:JWST/product/jw05893004001_02101_00002_nrcb4_cal.fits,SCIENCE,,CAL,,CALJWST,2.0.0,5893,jw05893004001_02101_00002_nrcb4_cal.fits,117573120,262872583,PUBLIC,2,F200W
262851157,JWST,image,jw05893004001_02101_00004_nrcb1,exposure (L2b): 2D calibrated exposure average over integrations,S,mast:JWST/product/jw05893004001_02101_00004_nrcb1_cal.fits,SCIENCE,,CAL,,CALJWST,2.0.0,5893,jw05893004001_02101_00004_nrcb1_cal.fits,117573120,262872583,PUBLIC,2,F200W
262851161,JWST,image,jw05893004001_02101_00002_nrcb2,exposure (L2b): 2D calibrated exposure average over integrations,S,mast:JWST/product/jw05893004001_02101_00002_nrcb2_cal.fits,SCIENCE,,CAL,,CALJWST,2.0.0,5893,jw05893004001_02101_00002_nrcb2_cal.fits,117573120,262872583,PUBLIC,2,F200W
262851163,JWST,image,jw05893004001_02101_00006_nrcb1,exposure (L2b): 2D calibrated exposure average over integrations,S,mast:JWST/product/jw05893004001_02101_00006_nrcb1_cal.fits,SCIENCE,,CAL,,CALJWST,2.0.0,5893,jw05893004001_02101_00006_nrcb1_cal.fits,117573120,262872583,PUBLIC,2,F200W
262851167,JWST,image,jw05893004001_02101_00004_nrca4,exposure (L2b): 2D calibrated exposure average over integrations,S,mast:JWST/product/jw05893004001_02101_00004_nrca4_cal.fits,SCIENCE,,CAL,,CALJWST,2.0.0,5893,jw05893004001_02101_00004_nrca4_cal.fits,117573120,262872583,PUBLIC,2,F200W
262851169,JWST,image,jw05893004001_02101_00003_nrca4,exposure (L2b): 2D calibrated exposure average over integrations,S,mast:JWST/product/jw05893004001_02101_00003_nrca4_cal.fits,SCIENCE,,CAL,,CALJWST,2.0.0,5893,jw05893004001_02101_00003_nrca4_cal.fits,117573120,262872583,PUBLIC,2,F200W
262851170,JWST,image,jw05893004001_02101_00006_nrcb4,exposure (L2b): 2D calibrated exposure average over integrations,S,mast:JWST/product/jw05893004001_02101_00006_nrcb4_cal.fits,SCIENCE,,CAL,,CALJWST,2.0.0,5893,jw05893004001_02101_00006_nrcb4_cal.fits,117573120,262872583,PUBLIC,2,F200W
262851177,JWST,image,jw05893004001_02101_00003_nrcb1,exposure (L2b): 2D calibrated exposure average over integrations,S,mast:JWST/product/jw05893004001_02101_00003_nrcb1_cal.fits,SCIENCE,,CAL,,CALJWST,2.0.0,5893,jw05893004001_02101_00003_nrcb1_cal.fits,117573120,262872583,PUBLIC,2,F200W
262851179,JWST,image,jw05893004001_02101_00002_nrcb3,exposure (L2b): 2D calibrated exposure average over integrations,S,mast:JWST/product/jw05893004001_02101_00002_nrcb3_cal.fits,SCIENCE,,CAL,,CALJWST,2.0.0,5893,jw05893004001_02101_00002_nrcb3_cal.fits,117573120,262872583,PUBLIC,2,F200W
262851181,JWST,image,jw05893004001_02101_00006_nrcb3,exposure (L2b): 2D calibrated exposure average over integrations,S,mast:JWST/product/jw05893004001_02101_00006_nrcb3_cal.fits,SCIENCE,,CAL,,CALJWST,2.0.0,5893,jw05893004001_02101_00006_nrcb3_cal.fits,117573120,262872583,PUBLIC,2,F200W
262851183,JWST,image,jw05893004001_02101_00004_nrcb2,exposure (L2b): 2D calibrated exposure average over integrations,S,mast:JWST/product/jw05893004001_02101_00004_nrcb2_cal.fits,SCIENCE,,CAL,,CALJWST,2.0.0,5893,jw05893004001_02101_00004_nrcb2_cal.fits,117573120,262872583,PUBLIC,2,F200W
262851185,JWST,image,jw05893004001_02101_00003_nrcb4,exposure (L2b): 2D calibrated exposure average over integrations,S,mast:JWST/product/jw05893004001_02101_00003_nrcb4_cal.fits,SCIENCE,,CAL,,CALJWST,2.0.0,5893,jw05893004001_02101_00003_nrcb4_cal.fits,117573120,262872583,PUBLIC,2,F200W
262851186,JWST,image,jw05893004001_02101_00001_nrcb3,exposure (L2b): 2D calibrated exposure average over integrations,S,mast:JWST/product/jw05893004001_02101_00001_nrcb3_cal.fits,SCIENCE,,CAL,,CALJWST,2.0.0,5893,jw05893004001_02101_00001_nrcb3_cal.fits,117573120,262872583,PUBLIC,2,F200W
262851196,JWST,image,jw05893004001_02101_00004_nrcb3,exposure (L2b): 2D calibrated exposure average over integrations,S,mast:JWST/product/jw05893004001_02101_00004_nrcb3_cal.fits,SCIENCE,,CAL,,CALJWST,2.0.0,5893,jw05893004001_02101_00004_nrcb3_cal.fits,117573120,262872583,PUBLIC,2,F200W
262851198,JWST,image,jw05893004001_02101_00004_nrcb4,exposure (L2b): 2D calibrated exposure average over integrations,S,mast:JWST/product/jw05893004001_02101_00004_nrcb4_cal.fits,SCIENCE,,CAL,,CALJWST,2.0.0,5893,jw05893004001_02101_00004_nrcb4_cal.fits,117573120,262872583,PUBLIC,2,F200W
262851199,JWST,image,jw05893004001_02101_00005_nrca4,exposure (L2b): 2D calibrated exposure average over integrations,S,mast:JWST/product/jw05893004001_02101_00005_nrca4_cal.fits,SCIENCE,,CAL,,CALJWST,2.0.0,5893,jw05893004001_02101_00005_nrca4_cal.fits,117573120,262872583,PUBLIC,2,F200W
262851200,JWST,image,jw05893004001_02101_00003_nrcb3,exposure (L2b): 2D calibrated exposure average over integrations,S,mast:JWST/product/jw05893004001_02101_00003_nrcb3_cal.fits,SCIENCE,,CAL,,CALJWST,2.0.0,5893,jw05893004001_02101_00003_nrcb3_cal.fits,117573120,262872583,PUBLIC,2,F200W
262851201,JWST,image,jw05893004001_02101_00006_nrcb2,exposure (L2b): 2D calibrated exposure average over integrations,S,mast:JWST/product/jw05893004001_02101_00006_nrcb2_cal.fits,SCIENCE,,CAL,,CALJWST,2.0.0,5893,jw05893004001_02101_00006_nrcb2_cal.fits,117573120,262872583,PUBLIC,2,F200W
262851202,JWST,image,jw05893004001_02101_00006_nrca4,exposure (L2b): 2D calibrated exposure average over integrations,S,mast:JWST/product/jw05893004001_02101_00006_nrca4_cal.fits,SCIENCE,,CAL,,CALJWST,2.0.0,5893,jw05893004001_02101_00006_nrca4_cal.fits,117573120,262872583,PUBLIC,2,F200W
262851203,JWST,image,jw05893004001_02101_00002_nrca4,exposure (L2b): 2D calibrated exposure average over integrations,S,mast:JWST/product/jw05893004001_02101_00002_nrca4_cal.fits,SCIENCE,,CAL,,CALJWST,2.0.0,5893,jw05893004001_02101_00002_nrca4_cal.fits,117573120,262872583,PUBLIC,2,F200W
262851205,JWST,image,jw05893004001_02101_00003_nrca3,exposure (L2b): 2D calibrated exposure average over integrations,S,mast:JWST/product/jw05893004001_02101_00003_nrca3_cal.fits,SCIENCE,,CAL,,CALJWST,2.0.0,5893,jw05893004001_02101_00003_nrca3_cal.fits,117573120,262872583,PUBLIC,2,F200W
262851207,JWST,image,jw05893004001_02101_00005_nrcb2,exposure (L2b): 2D calibrated exposure average over integrations,S,mast:JWST/product/jw05893004001_02101_00005_nrcb2_cal.fits,SCIENCE,,CAL,,CALJWST,2.0.0,5893,jw05893004001_02101_00005_nrcb2_cal.fits,117573120,262872583,PUBLIC,2,F200W
262851208,JWST,image,jw05893004001_02101_00005_nrcb3,exposure (L2b): 2D calibrated exposure average over integrations,S,mast:JWST/product/jw05893004001_02101_00005_nrcb3_cal.fits,SCIENCE,,CAL,,CALJWST,2.0.0,5893,jw05893004001_02101_00005_nrcb3_cal.fits,117573120,262872583,PUBLIC,2,F200W
262851210,JWST,image,jw05893004001_02101_00003_nrcb2,exposure (L2b): 2D calibrated exposure average over integrations,S,mast:JWST/product/jw05893004001_02101_00003_nrcb2_cal.fits,SCIENCE,,CAL,,CALJWST,2.0.0,5893,jw05893004001_02101_00003_nrcb2_cal.fits,117573120,262872583,PUBLIC,2,F200W
262851211,JWST,image,jw05893004001_02101_00005_nrcb1,exposure (L2b): 2D calibrated exposure average over integrations,S,mast:JWST/product/jw05893004001_02101_00005_nrcb1_cal.fits,SCIENCE,,CAL,,CALJWST,2.0.0,5893,jw05893004001_02101_00005_nrcb1_cal.fits,117573120,262872583,PUBLIC,2,F200W
262851252,JWST,image,jw05893004002_02101_00003_nrca1,exposure (L2b): 2D calibrated exposure average over integrations,S,mast:JWST/product/jw05893004002_02101_00003_nrca1_cal.fits,SCIENCE,,CAL,,CALJWST,2.0.0,5893,jw05893004002_02101_00003_nrca1_cal.fits,117570240,262872583,PUBLIC,2,F200W
262851253,JWST,image,jw05893004002_02101_00005_nrca3,exposure (L2b): 2D calibrated exposure average over integrations,S,mast:JWST/product/jw05893004002_02101_00005_nrca3_cal.fits,SCIENCE,,CAL,,CALJWST,2.0.0,5893,jw05893004002_02101_00005_nrca3_cal.fits,117573120,262872583,PUBLIC,2,F200W
262851254,JWST,image,jw05893004002_02101_00006_nrca3,exposure (L2b): 2D calibrated exposure average over integrations,S,mast:JWST/product/jw05893004002_02101_00006_nrca3_cal.fits,SCIENCE,,CAL,,CALJWST,2.0.0,5893,jw05893004002_02101_00006_nrca3_cal.fits,117573120,262872583,PUBLIC,2,F200W
262851255,JWST,image,jw05893004002_02101_00003_nrca3,exposure (L2b): 2D calibrated exposure average over integrations,S,mast:JWST/product/jw05893004002_02101_00003_nrca3_cal.fits,SCIENCE,,CAL,,CALJWST,2.0.0,5893,jw05893004002_02101_00003_nrca3_cal.fits,117573120,262872583,PUBLIC,2,F200W
262851256,JWST,image,jw05893004002_02101_00001_nrca2,exposure (L2b): 2D calibrated exposure average over integrations,S,mast:JWST/product/jw05893004002_02101_00001_nrca2_cal.fits,SCIENCE,,CAL,,CALJWST,2.0.0,5893,jw05893004002_02101_00001_nrca2_cal.fits,117570240,262872583,PUBLIC,2,F200W
262851257,JWST,image,jw05893004002_02101_00006_nrca1,exposure (L2b): 2D calibrated exposure average over integrations,S,mast:JWST/product/jw05893004002_02101_00006_nrca1_cal.fits,SCIENCE,,CAL,,CALJWST,2.0.0,5893,jw05893004002_02101_00006_nrca1_cal.fits,117570240,262872583,PUBLIC,2,F200W
262851258,JWST,image,jw05893004002_02101_00006_nrca2,exposure (L2b): 2D calibrated exposure average over integrations,S,mast:JWST/product/jw05893004002_02101_00006_nrca2_cal.fits,SCIENCE,,CAL,,CALJWST,2.0.0,5893,jw05893004002_02101_00006_nrca2_cal.fits,117570240,262872583,PUBLIC,2,F200W
262851259,JWST,image,jw05893004002_02101_00001_nrca1,exposure (L2b): 2D calibrated exposure average over integrations,S,mast:JWST/product/jw05893004002_02101_00001_nrca1_cal.fits,SCIENCE,,CAL,,CALJWST,2.0.0,5893,jw05893004002_02101_00001_nrca1_cal.fits,117570240,262872583,PUBLIC,2,F200W
262851260,JWST,image,jw05893004002_02101_00002_nrca3,exposure (L2b): 2D calibrated exposure average over integrations,S,mast:JWST/product/jw05893004002_02101_00002_nrca3_cal.fits,SCIENCE,,CAL,,CALJWST,2.0.0,5893,jw05893004002_02101_00002_nrca3_cal.fits,117573120,262872583,PUBLIC,2,F200W
262851262,JWST,image,jw05893004002_02101_00005_nrca2,exposure (L2b): 2D calibrated exposure average over integrations,S,mast:JWST/product/jw05893004002_02101_00005_nrca2_cal.fits,SCIENCE,,CAL,,CALJWST,2.0.0,5893,jw05893004002_02101_00005_nrca2_cal.fits,117570240,262872583,PUBLIC,2,F200W
262851263,JWST,image,jw05893004002_02101_00002_nrca1,exposure (L2b): 2D calibrated exposure average over integrations,S,mast:JWST/product/jw05893004002_02101_00002_nrca1_cal.fits,SCIENCE,,CAL,,CALJWST,2.0.0,5893,jw05893004002_02101_00002_nrca1_cal.fits,117570240,262872583,PUBLIC,2,F200W
262851264,JWST,image,jw05893004002_02101_00005_nrca1,exposure (L2b): 2D calibrated exposure average over integrations,S,mast:JWST/product/jw05893004002_02101_00005_nrca1_cal.fits,SCIENCE,,CAL,,CALJWST,2.0.0,5893,jw05893004002_02101_00005_nrca1_cal.fits,117570240,262872583,PUBLIC,2,F200W
262851266,JWST,image,jw05893004002_02101_00004_nrca1,exposure (L2b): 2D calibrated exposure average over integrations,S,mast:JWST/product/jw05893004002_02101_00004_nrca1_cal.fits,SCIENCE,,CAL,,CALJWST,2.0.0,5893,jw05893004002_02101_00004_nrca1_cal.fits,117570240,262872583,PUBLIC,2,F200W
262851267,JWST,image,jw05893004002_02101_00004_nrca3,exposure (L2b): 2D calibrated exposure average over integrations,S,mast:JWST/product/jw05893004002_02101_00004_nrca3_cal.fits,SCIENCE,,CAL,,CALJWST,2.0.0,5893,jw05893004002_02101_00004_nrca3_cal.fits,117573120,262872583,PUBLIC,2,F200W
262851271,JWST,image,jw05893004002_02101_00002_nrca2,exposure (L2b): 2D calibrated exposure average over integrations,S,mast:JWST/product/jw05893004002_02101_00002_nrca2_cal.fits,SCIENCE,,CAL,,CALJWST,2.0.0,5893,jw05893004002_02101_00002_nrca2_cal.fits,117570240,262872583,PUBLIC,2,F200W
262851272,JWST,image,jw05893004002_02101_00004_nrca2,exposure (L2b): 2D calibrated exposure average over integrations,S,mast:JWST/product/jw05893004002_02101_00004_nrca2_cal.fits,SCIENCE,,CAL,,CALJWST,2.0.0,5893,jw05893004002_02101_00004_nrca2_cal.fits,117570240,262872583,PUBLIC,2,F200W
262851273,JWST,image,jw05893004002_02101_00001_nrca3,exposure (L2b): 2D calibrated exposure average over integrations,S,mast:JWST/product/jw05893004002_02101_00001_nrca3_cal.fits,SCIENCE,,CAL,,CALJWST,2.0.0,5893,jw05893004002_02101_00001_nrca3_cal.fits,117573120,262872583,PUBLIC,2,F200W
262851274,JWST,image,jw05893004002_02101_00003_nrca2,exposure (L2b): 2D calibrated exposure average over integrations,S,mast:JWST/product/jw05893004002_02101_00003_nrca2_cal.fits,SCIENCE,,CAL,,CALJWST,2.0.0,5893,jw05893004002_02101_00003_nrca2_cal.fits,117570240,262872583,PUBLIC,2,F200W
262851276,JWST,image,jw05893004002_02101_00005_nrca4,exposure (L2b): 2D calibrated exposure average over integrations,S,mast:JWST/product/jw05893004002_02101_00005_nrca4_cal.fits,SCIENCE,,CAL,,CALJWST,2.0.0,5893,jw05893004002_02101_00005_nrca4_cal.fits,117573120,262872583,PUBLIC,2,F200W
262851277,JWST,image,jw05893004002_02101_00002_nrca4,exposure (L2b): 2D calibrated exposure average over integrations,S,mast:JWST/product/jw05893004002_02101_00002_nrca4_cal.fits,SCIENCE,,CAL,,CALJWST,2.0.0,5893,jw05893004002_02101_00002_nrca4_cal.fits,117573120,262872583,PUBLIC,2,F200W
262851279,JWST,image,jw05893004002_02101_00006_nrca4,exposure (L2b): 2D calibrated exposure average over integrations,S,mast:JWST/product/jw05893004002_02101_00006_nrca4_cal.fits,SCIENCE,,CAL,,CALJWST,2.0.0,5893,jw05893004002_02101_00006_nrca4_cal.fits,117573120,262872583,PUBLIC,2,F200W
262851281,JWST,image,jw05893004002_02101_00004_nrca4,exposure (L2b): 2D calibrated exposure average over integrations,S,mast:JWST/product/jw05893004002_02101_00004_nrca4_cal.fits,SCIENCE,,CAL,,CALJWST,2.0.0,5893,jw05893004002_02101_00004_nrca4_cal.fits,117573120,262872583,PUBLIC,2,F200W
262851282,JWST,image,jw05893004002_02101_00001_nrca4,exposure (L2b): 2D calibrated exposure average over integrations,S,mast:JWST/product/jw05893004002_02101_00001_nrca4_cal.fits,SCIENCE,,CAL,,CALJWST,2.0.0,5893,jw05893004002_02101_00001_nrca4_cal.fits,117573120,262872583,PUBLIC,2,F200W
262851283,JWST,image,jw05893004002_02101_00003_nrca4,exposure (L2b): 2D calibrated exposure average over integrations,S,mast:JWST/product/jw05893004002_02101_00003_nrca4_cal.fits,SCIENCE,,CAL,,CALJWST,2.0.0,5893,jw05893004002_02101_00003_nrca4_cal.fits,117573120,262872583,PUBLIC,2,F200W
262851284,JWST,image,jw05893004002_02101_00006_nrcb1,exposure (L2b): 2D calibrated exposure average over integrations,S,mast:JWST/product/jw05893004002_02101_00006_nrcb1_cal.fits,SCIENCE,,CAL,,CALJWST,2.0.0,5893,jw05893004002_02101_00006_nrcb1_cal.fits,117573120,262872583,PUBLIC,2,F200W
262851292,JWST,image,jw05893004002_02101_00004_nrcb4,exposure (L2b): 2D calibrated exposure average over integrations,S,mast:JWST/product/jw05893004002_02101_00004_nrcb4_cal.fits,SCIENCE,,CAL,,CALJWST,2.0.0,5893,jw05893004002_02101_00004_nrcb4_cal.fits,117573120,262872583,PUBLIC,2,F200W
262851293,JWST,image,jw05893004002_02101_00006_nrcb3,exposure (L2b): 2D calibrated exposure average over integrations,S,mast:JWST/product/jw05893004002_02101_00006_nrcb3_cal.fits,SCIENCE,,CAL,,CALJWST,2.0.0,5893,jw05893004002_02101_00006_nrcb3_cal.fits,117573120,262872583,PUBLIC,2,F200W
262851294,JWST,image,jw05893004002_02101_00006_nrcb4,exposure (L2b): 2D calibrated exposure average over integrations,S,mast:JWST/product/jw05893004002_02101_00006_nrcb4_cal.fits,SCIENCE,,CAL,,CALJWST,2.0.0,5893,jw05893004002_02101_00006_nrcb4_cal.fits,117573120,262872583,PUBLIC,2,F200W
262851295,JWST,image,jw05893004002_02101_00002_nrcb2,exposure (L2b): 2D calibrated exposure average over integrations,S,mast:JWST/product/jw05893004002_02101_00002_nrcb2_cal.fits,SCIENCE,,CAL,,CALJWST,2.0.0,5893,jw05893004002_02101_00002_nrcb2_cal.fits,117573120,262872583,PUBLIC,2,F200W
262851298,JWST,image,jw05893004002_02101_00005_nrcb1,exposure (L2b): 2D calibrated exposure average over integrations,S,mast:JWST/product/jw05893004002_02101_00005_nrcb1_cal.fits,SCIENCE,,CAL,,CALJWST,2.0.0,5893,jw05893004002_02101_00005_nrcb1_cal.fits,117573120,262872583,PUBLIC,2,F200W
262851303,JWST,image,jw05893004002_02101_00002_nrcb4,exposure (L2b): 2D calibrated exposure average over integrations,S,mast:JWST/product/jw05893004002_02101_00002_nrcb4_cal.fits,SCIENCE,,CAL,,CALJWST,2.0.0,5893,jw05893004002_02101_00002_nrcb4_cal.fits,117573120,262872583,PUBLIC,2,F200W
262851306,JWST,image,jw05893004002_02101_00003_nrcb3,exposure (L2b): 2D calibrated exposure average over integrations,S,mast:JWST/product/jw05893004002_02101_00003_nrcb3_cal.fits,SCIENCE,,CAL,,CALJWST,2.0.0,5893,jw05893004002_02101_00003_nrcb3_cal.fits,117573120,262872583,PUBLIC,2,F200W
262851307,JWST,image,jw05893004002_02101_00002_nrcb1,exposure (L2b): 2D calibrated exposure average over integrations,S,mast:JWST/product/jw05893004002_02101_00002_nrcb1_cal.fits,SCIENCE,,CAL,,CALJWST,2.0.0,5893,jw05893004002_02101_00002_nrcb1_cal.fits,117573120,262872583,PUBLIC,2,F200W
262851308,JWST,image,jw05893004002_02101_00004_nrcb3,exposure (L2b): 2D calibrated exposure average over integrations,S,mast:JWST/product/jw05893004002_02101_00004_nrcb3_cal.fits,SCIENCE,,CAL,,CALJWST,2.0.0,5893,jw05893004002_02101_00004_nrcb3_cal.fits,117573120,262872583,PUBLIC,2,F200W
262851310,JWST,image,jw05893004002_02101_00004_nrcb2,exposure (L2b): 2D calibrated exposure average over integrations,S,mast:JWST/product/jw05893004002_02101_00004_nrcb2_cal.fits,SCIENCE,,CAL,,CALJWST,2.0.0,5893,jw05893004002_02101_00004_nrcb2_cal.fits,117573120,262872583,PUBLIC,2,F200W
262851311,JWST,image,jw05893004002_02101_00005_nrcb3,exposure (L2b): 2D calibrated exposure average over integrations,S,mast:JWST/product/jw05893004002_02101_00005_nrcb3_cal.fits,SCIENCE,,CAL,,CALJWST,2.0.0,5893,jw05893004002_02101_00005_nrcb3_cal.fits,117573120,262872583,PUBLIC,2,F200W
262851313,JWST,image,jw05893004002_02101_00002_nrcb3,exposure (L2b): 2D calibrated exposure average over integrations,S,mast:JWST/product/jw05893004002_02101_00002_nrcb3_cal.fits,SCIENCE,,CAL,,CALJWST,2.0.0,5893,jw05893004002_02101_00002_nrcb3_cal.fits,117573120,262872583,PUBLIC,2,F200W
262851315,JWST,image,jw05893004002_02101_00005_nrcb4,exposure (L2b): 2D calibrated exposure average over integrations,S,mast:JWST/product/jw05893004002_02101_00005_nrcb4_cal.fits,SCIENCE,,CAL,,CALJWST,2.0.0,5893,jw05893004002_02101_00005_nrcb4_cal.fits,117573120,262872583,PUBLIC,2,F200W
262851316,JWST,image,jw05893004002_02101_00001_nrcb3,exposure (L2b): 2D calibrated exposure average over integrations,S,mast:JWST/product/jw05893004002_02101_00001_nrcb3_cal.fits,SCIENCE,,CAL,,CALJWST,2.0.0,5893,jw05893004002_02101_00001_nrcb3_cal.fits,117573120,262872583,PUBLIC,2,F200W
262851320,JWST,image,jw05893004002_02101_00001_nrcb1,exposure (L2b): 2D calibrated exposure average over integrations,S,mast:JWST/product/jw05893004002_02101_00001_nrcb1_cal.fits,SCIENCE,,CAL,,CALJWST,2.0.0,5893,jw05893004002_02101_00001_nrcb1_cal.fits,117573120,262872583,PUBLIC,2,F200W
262851321,JWST,image,jw05893004002_02101_00001_nrcb2,exposure (L2b): 2D calibrated exposure average over integrations,S,mast:JWST/product/jw05893004002_02101_00001_nrcb2_cal.fits,SCIENCE,,CAL,,CALJWST,2.0.0,5893,jw05893004002_02101_00001_nrcb2_cal.fits,117573120,262872583,PUBLIC,2,F200W
262851327,JWST,image,jw05893004002_02101_00003_nrcb2,exposure (L2b): 2D calibrated exposure average over integrations,S,mast:JWST/product/jw05893004002_02101_00003_nrcb2_cal.fits,SCIENCE,,CAL,,CALJWST,2.0.0,5893,jw05893004002_02101_00003_nrcb2_cal.fits,117573120,262872583,PUBLIC,2,F200W
262851329,JWST,image,jw05893004002_02101_00001_nrcb4,exposure (L2b): 2D calibrated exposure average over integrations,S,mast:JWST/product/jw05893004002_02101_00001_nrcb4_cal.fits,SCIENCE,,CAL,,CALJWST,2.0.0,5893,jw05893004002_02101_00001_nrcb4_cal.fits,117573120,262872583,PUBLIC,2,F200W
262851330,JWST,image,jw05893004002_02101_00004_nrcb1,exposure (L2b): 2D calibrated exposure average over integrations,S,mast:JWST/product/jw05893004002_02101_00004_nrcb1_cal.fits,SCIENCE,,CAL,,CALJWST,2.0.0,5893,jw05893004002_02101_00004_nrcb1_cal.fits,117573120,262872583,PUBLIC,2,F200W
262851332,JWST,image,jw05893004002_02101_00006_nrcb2,exposure (L2b): 2D calibrated exposure average over integrations,S,mast:JWST/product/jw05893004002_02101_00006_nrcb2_cal.fits,SCIENCE,,CAL,,CALJWST,2.0.0,5893,jw05893004002_02101_00006_nrcb2_cal.fits,117573120,262872583,PUBLIC,2,F200W
262851334,JWST,image,jw05893004002_02101_00003_nrcb1,exposure (L2b): 2D calibrated exposure average over integrations,S,mast:JWST/product/jw05893004002_02101_00003_nrcb1_cal.fits,SCIENCE,,CAL,,CALJWST,2.0.0,5893,jw05893004002_02101_00003_nrcb1_cal.fits,117573120,262872583,PUBLIC,2,F200W
262851336,JWST,image,jw05893004002_02101_00005_nrcb2,exposure (L2b): 2D calibrated exposure average over integrations,S,mast:JWST/product/jw05893004002_02101_00005_nrcb2_cal.fits,SCIENCE,,CAL,,CALJWST,2.0.0,5893,jw05893004002_02101_00005_nrcb2_cal.fits,117573120,262872583,PUBLIC,2,F200W
262851337,JWST,image,jw05893004002_02101_00003_nrcb4,exposure (L2b): 2D calibrated exposure average over integrations,S,mast:JWST/product/jw05893004002_02101_00003_nrcb4_cal.fits,SCIENCE,,CAL,,CALJWST,2.0.0,5893,jw05893004002_02101_00003_nrcb4_cal.fits,117573120,262872583,PUBLIC,2,F200W
262851656,JWST,image,jw05893004003_02101_00002_nrca1,exposure (L2b): 2D calibrated exposure average over integrations,S,mast:JWST/product/jw05893004003_02101_00002_nrca1_cal.fits,SCIENCE,,CAL,,CALJWST,2.0.0,5893,jw05893004003_02101_00002_nrca1_cal.fits,117570240,262872583,PUBLIC,2,F200W
262851657,JWST,image,jw05893004003_02101_00001_nrca3,exposure (L2b): 2D calibrated exposure average over integrations,S,mast:JWST/product/jw05893004003_02101_00001_nrca3_cal.fits,SCIENCE,,CAL,,CALJWST,2.0.0,5893,jw05893004003_02101_00001_nrca3_cal.fits,117573120,262872583,PUBLIC,2,F200W
262851658,JWST,image,jw05893004003_02101_00004_nrca2,exposure (L2b): 2D calibrated exposure average over integrations,S,mast:JWST/product/jw05893004003_02101_00004_nrca2_cal.fits,SCIENCE,,CAL,,CALJWST,2.0.0,5893,jw05893004003_02101_00004_nrca2_cal.fits,117570240,262872583,PUBLIC,2,F200W
262851659,JWST,image,jw05893004003_02101_00002_nrca2,exposure (L2b): 2D calibrated exposure average over integrations,S,mast:JWST/product/jw05893004003_02101_00002_nrca2_cal.fits,SCIENCE,,CAL,,CALJWST,2.0.0,5893,jw05893004003_02101_00002_nrca2_cal.fits,117570240,262872583,PUBLIC,2,F200W
262851660,JWST,image,jw05893004003_02101_00006_nrca1,exposure (L2b): 2D calibrated exposure average over integrations,S,mast:JWST/product/jw05893004003_02101_00006_nrca1_cal.fits,SCIENCE,,CAL,,CALJWST,2.0.0,5893,jw05893004003_02101_00006_nrca1_cal.fits,117570240,262872583,PUBLIC,2,F200W
262851661,JWST,image,jw05893004003_02101_00004_nrca1,exposure (L2b): 2D calibrated exposure average over integrations,S,mast:JWST/product/jw05893004003_02101_00004_nrca1_cal.fits,SCIENCE,,CAL,,CALJWST,2.0.0,5893,jw05893004003_02101_00004_nrca1_cal.fits,117570240,262872583,PUBLIC,2,F200W
262851662,JWST,image,jw05893004003_02101_00006_nrca3,exposure (L2b): 2D calibrated exposure average over integrations,S,mast:JWST/product/jw05893004003_02101_00006_nrca3_cal.fits,SCIENCE,,CAL,,CALJWST,2.0.0,5893,jw05893004003_02101_00006_nrca3_cal.fits,117573120,262872583,PUBLIC,2,F200W
262851663,JWST,image,jw05893004003_02101_00003_nrca2,exposure (L2b): 2D calibrated exposure average over integrations,S,mast:JWST/product/jw05893004003_02101_00003_nrca2_cal.fits,SCIENCE,,CAL,,CALJWST,2.0.0,5893,jw05893004003_02101_00003_nrca2_cal.fits,117570240,262872583,PUBLIC,2,F200W
262851664,JWST,image,jw05893004003_02101_00005_nrca1,exposure (L2b): 2D calibrated exposure average over integrations,S,mast:JWST/product/jw05893004003_02101_00005_nrca1_cal.fits,SCIENCE,,CAL,,CALJWST,2.0.0,5893,jw05893004003_02101_00005_nrca1_cal.fits,117570240,262872583,PUBLIC,2,F200W
262851665,JWST,image,jw05893004003_02101_00001_nrca1,exposure (L2b): 2D calibrated exposure average over integrations,S,mast:JWST/product/jw05893004003_02101_00001_nrca1_cal.fits,SCIENCE,,CAL,,CALJWST,2.0.0,5893,jw05893004003_02101_00001_nrca1_cal.fits,117570240,262872583,PUBLIC,2,F200W
262851666,JWST,image,jw05893004003_02101_00001_nrca2,exposure (L2b): 2D calibrated exposure average over integrations,S,mast:JWST/product/jw05893004003_02101_00001_nrca2_cal.fits,SCIENCE,,CAL,,CALJWST,2.0.0,5893,jw05893004003_02101_00001_nrca2_cal.fits,117570240,262872583,PUBLIC,2,F200W
262851668,JWST,image,jw05893004003_02101_00006_nrca2,exposure (L2b): 2D calibrated exposure average over integrations,S,mast:JWST/product/jw05893004003_02101_00006_nrca2_cal.fits,SCIENCE,,CAL,,CALJWST,2.0.0,5893,jw05893004003_02101_00006_nrca2_cal.fits,117570240,262872583,PUBLIC,2,F200W
262851670,JWST,image,jw05893004003_02101_00003_nrca3,exposure (L2b): 2D calibrated exposure average over integrations,S,mast:JWST/product/jw05893004003_02101_00003_nrca3_cal.fits,SCIENCE,,CAL,,CALJWST,2.0.0,5893,jw05893004003_02101_00003_nrca3_cal.fits,117573120,262872583,PUBLIC,2,F200W
262851671,JWST,image,jw05893004003_02101_00003_nrca1,exposure (L2b): 2D calibrated exposure average over integrations,S,mast:JWST/product/jw05893004003_02101_00003_nrca1_cal.fits,SCIENCE,,CAL,,CALJWST,2.0.0,5893,jw05893004003_02101_00003_nrca1_cal.fits,117570240,262872583,PUBLIC,2,F200W
262851672,JWST,image,jw05893004003_02101_00004_nrca3,exposure (L2b): 2D calibrated exposure average over integrations,S,mast:JWST/product/jw05893004003_02101_00004_nrca3_cal.fits,SCIENCE,,CAL,,CALJWST,2.0.0,5893,jw05893004003_02101_00004_nrca3_cal.fits,117573120,262872583,PUBLIC,2,F200W
262851826,JWST,image,jw05893004003_02101_00003_nrcb4,exposure (L2b): 2D calibrated exposure average over integrations,S,mast:JWST/product/jw05893004003_02101_00003_nrcb4_cal.fits,SCIENCE,,CAL,,CALJWST,2.0.0,5893,jw05893004003_02101_00003_nrcb4_cal.fits,117573120,262872583,PUBLIC,2,F200W
262851829,JWST,image,jw05893004003_02101_00005_nrcb1,exposure (L2b): 2D calibrated exposure average over integrations,S,mast:JWST/product/jw05893004003_02101_00005_nrcb1_cal.fits,SCIENCE,,CAL,,CALJWST,2.0.0,5893,jw05893004003_02101_00005_nrcb1_cal.fits,117573120,262872583,PUBLIC,2,F200W
262851830,JWST,image,jw05893004003_02101_00002_nrca4,exposure (L2b): 2D calibrated exposure average over integrations,S,mast:JWST/product/jw05893004003_02101_00002_nrca4_cal.fits,SCIENCE,,CAL,,CALJWST,2.0.0,5893,jw05893004003_02101_00002_nrca4_cal.fits,117573120,262872583,PUBLIC,2,F200W
262851831,JWST,image,jw05893004003_02101_00001_nrcb1,exposure (L2b): 2D calibrated exposure average over integrations,S,mast:JWST/product/jw05893004003_02101_00001_nrcb1_cal.fits,SCIENCE,,CAL,,CALJWST,2.0.0,5893,jw05893004003_02101_00001_nrcb1_cal.fits,117573120,262872583,PUBLIC,2,F200W
262851832,JWST,image,jw05893004003_02101_00005_nrca3,exposure (L2b): 2D calibrated exposure average over integrations,S,mast:JWST/product/jw05893004003_02101_00005_nrca3_cal.fits,SCIENCE,,CAL,,CALJWST,2.0.0,5893,jw05893004003_02101_00005_nrca3_cal.fits,117573120,262872583,PUBLIC,2,F200W
262851834,JWST,image,jw05893004003_02101_00004_nrcb4,exposure (L2b): 2D calibrated exposure average over integrations,S,mast:JWST/product/jw05893004003_02101_00004_nrcb4_cal.fits,SCIENCE,,CAL,,CALJWST,2.0.0,5893,jw05893004003_02101_00004_nrcb4_cal.fits,117573120,262872583,PUBLIC,2,F200W
262851836,JWST,image,jw05893004003_02101_00002_nrca3,exposure (L2b): 2D calibrated exposure average over integrations,S,mast:JWST/product/jw05893004003_02101_00002_nrca3_cal.fits,SCIENCE,,CAL,,CALJWST,2.0.0,5893,jw05893004003_02101_00002_nrca3_cal.fits,117573120,262872583,PUBLIC,2,F200W
262851838,JWST,image,jw05893004003_02101_00002_nrcb1,exposure (L2b): 2D calibrated exposure average over integrations,S,mast:JWST/product/jw05893004003_02101_00002_nrcb1_cal.fits,SCIENCE,,CAL,,CALJWST,2.0.0,5893,jw05893004003_02101_00002_nrcb1_cal.fits,117573120,262872583,PUBLIC,2,F200W
262851839,JWST,image,jw05893004003_02101_00002_nrcb4,exposure (L2b): 2D calibrated exposure average over integrations,S,mast:JWST/product/jw05893004003_02101_00002_nrcb4_cal.fits,SCIENCE,,CAL,,CALJWST,2.0.0,5893,jw05893004003_02101_00002_nrcb4_cal.fits,117573120,262872583,PUBLIC,2,F200W
262851840,JWST,image,jw05893004003_02101_00001_nrca4,exposure (L2b): 2D calibrated exposure average over integrations,S,mast:JWST/product/jw05893004003_02101_00001_nrca4_cal.fits,SCIENCE,,CAL,,CALJWST,2.0.0,5893,jw05893004003_02101_00001_nrca4_cal.fits,117573120,262872583,PUBLIC,2,F200W
262851844,JWST,image,jw05893004003_02101_00003_nrcb1,exposure (L2b): 2D calibrated exposure average over integrations,S,mast:JWST/product/jw05893004003_02101_00003_nrcb1_cal.fits,SCIENCE,,CAL,,CALJWST,2.0.0,5893,jw05893004003_02101_00003_nrcb1_cal.fits,117573120,262872583,PUBLIC,2,F200W
262851846,JWST,image,jw05893004003_02101_00001_nrcb4,exposure (L2b): 2D calibrated exposure average over integrations,S,mast:JWST/product/jw05893004003_02101_00001_nrcb4_cal.fits,SCIENCE,,CAL,,CALJWST,2.0.0,5893,jw05893004003_02101_00001_nrcb4_cal.fits,117573120,262872583,PUBLIC,2,F200W
262851847,JWST,image,jw05893004003_02101_00003_nrca4,exposure (L2b): 2D calibrated exposure average over integrations,S,mast:JWST/product/jw05893004003_02101_00003_nrca4_cal.fits,SCIENCE,,CAL,,CALJWST,2.0.0,5893,jw05893004003_02101_00003_nrca4_cal.fits,117573120,262872583,PUBLIC,2,F200W
262851848,JWST,image,jw05893004003_02101_00005_nrcb2,exposure (L2b): 2D calibrated exposure average over integrations,S,mast:JWST/product/jw05893004003_02101_00005_nrcb2_cal.fits,SCIENCE,,CAL,,CALJWST,2.0.0,5893,jw05893004003_02101_00005_nrcb2_cal.fits,117573120,262872583,PUBLIC,2,F200W
262851849,JWST,image,jw05893004003_02101_00004_nrcb2,exposure (L2b): 2D calibrated exposure average over integrations,S,mast:JWST/product/jw05893004003_02101_00004_nrcb2_cal.fits,SCIENCE,,CAL,,CALJWST,2.0.0,5893,jw05893004003_02101_00004_nrcb2_cal.fits,117573120,262872583,PUBLIC,2,F200W
262851850,JWST,image,jw05893004003_02101_00002_nrcb3,exposure (L2b): 2D calibrated exposure average over integrations,S,mast:JWST/product/jw05893004003_02101_00002_nrcb3_cal.fits,SCIENCE,,CAL,,CALJWST,2.0.0,5893,jw05893004003_02101_00002_nrcb3_cal.fits,117573120,262872583,PUBLIC,2,F200W
262851852,JWST,image,jw05893004003_02101_00005_nrca2,exposure (L2b): 2D calibrated exposure average over integrations,S,mast:JWST/product/jw05893004003_02101_00005_nrca2_cal.fits,SCIENCE,,CAL,,CALJWST,2.0.0,5893,jw05893004003_02101_00005_nrca2_cal.fits,117570240,262872583,PUBLIC,2,F200W
262851853,JWST,image,jw05893004003_02101_00006_nrcb3,exposure (L2b): 2D calibrated exposure average over integrations,S,mast:JWST/product/jw05893004003_02101_00006_nrcb3_cal.fits,SCIENCE,,CAL,,CALJWST,2.0.0,5893,jw05893004003_02101_00006_nrcb3_cal.fits,117573120,262872583,PUBLIC,2,F200W
262851854,JWST,image,jw05893004003_02101_00005_nrcb3,exposure (L2b): 2D calibrated exposure average over integrations,S,mast:JWST/product/jw05893004003_02101_00005_nrcb3_cal.fits,SCIENCE,,CAL,,CALJWST,2.0.0,5893,jw05893004003_02101_00005_nrcb3_cal.fits,117573120,262872583,PUBLIC,2,F200W
262851856,JWST,image,jw05893004003_02101_00005_nrca4,exposure (L2b): 2D calibrated exposure average over integrations,S,mast:JWST/product/jw05893004003_02101_00005_nrca4_cal.fits,SCIENCE,,CAL,,CALJWST,2.0.0,5893,jw05893004003_02101_00005_nrca4_cal.fits,117573120,262872583,PUBLIC,2,F200W
262851857,JWST,image,jw05893004003_02101_00004_nrca4,exposure (L2b): 2D calibrated exposure average over integrations,S,mast:JWST/product/jw05893004003_02101_00004_nrca4_cal.fits,SCIENCE,,CAL,,CALJWST,2.0.0,5893,jw05893004003_02101_00004_nrca4_cal.fits,117573120,262872583,PUBLIC,2,F200W
262851858,JWST,image,jw05893004003_02101_00003_nrcb3,exposure (L2b): 2D calibrated exposure average over integrations,S,mast:JWST/product/jw05893004003_02101_00003_nrcb3_cal.fits,SCIENCE,,CAL,,CALJWST,2.0.0,5893,jw05893004003_02101_00003_nrcb3_cal.fits,117573120,262872583,PUBLIC,2,F200W
262851860,JWST,image,jw05893004003_02101_00006_nrcb4,exposure (L2b): 2D calibrated exposure average over integrations,S,mast:JWST/product/jw05893004003_02101_00006_nrcb4_cal.fits,SCIENCE,,CAL,,CALJWST,2.0.0,5893,jw05893004003_02101_00006_nrcb4_cal.fits,117573120,262872583,PUBLIC,2,F200W
262851861,JWST,image,jw05893004003_02101_00001_nrcb2,exposure (L2b): 2D calibrated exposure average over integrations,S,mast:JWST/product/jw05893004003_02101_00001_nrcb2_cal.fits,SCIENCE,,CAL,,CALJWST,2.0.0,5893,jw05893004003_02101_00001_nrcb2_cal.fits,117573120,262872583,PUBLIC,2,F200W
262851863,JWST,image,jw05893004003_02101_00006_nrcb1,exposure (L2b): 2D calibrated exposure average over integrations,S,mast:JWST/product/jw05893004003_02101_00006_nrcb1_cal.fits,SCIENCE,,CAL,,CALJWST,2.0.0,5893,jw05893004003_02101_00006_nrcb1_cal.fits,117573120,262872583,PUBLIC,2,F200W
262851864,JWST,image,jw05893004003_02101_00005_nrcb4,exposure (L2b): 2D calibrated exposure average over integrations,S,mast:JWST/product/jw05893004003_02101_00005_nrcb4_cal.fits,SCIENCE,,CAL,,CALJWST,2.0.0,5893,jw05893004003_02101_00005_nrcb4_cal.fits,117573120,262872583,PUBLIC,2,F200W
262851865,JWST,image,jw05893004003_02101_00003_nrcb2,exposure (L2b): 2D calibrated exposure average over integrations,S,mast:JWST/product/jw05893004003_02101_00003_nrcb2_cal.fits,SCIENCE,,CAL,,CALJWST,2.0.0,5893,jw05893004003_02101_00003_nrcb2_cal.fits,117573120,262872583,PUBLIC,2,F200W
262851867,JWST,image,jw05893004003_02101_00004_nrcb3,exposure (L2b): 2D calibrated exposure average over integrations,S,mast:JWST/product/jw05893004003_02101_00004_nrcb3_cal.fits,SCIENCE,,CAL,,CALJWST,2.0.0,5893,jw05893004003_02101_00004_nrcb3_cal.fits,117573120,262872583,PUBLIC,2,F200W
262851868,JWST,image,jw05893004003_02101_00006_nrcb2,exposure (L2b): 2D calibrated exposure average over integrations,S,mast:JWST/product/jw05893004003_02101_00006_nrcb2_cal.fits,SCIENCE,,CAL,,CALJWST,2.0.0,5893,jw05893004003_02101_00006_nrcb2_cal.fits,117573120,262872583,PUBLIC,2,F200W
262851869,JWST,image,jw05893004003_02101_00002_nrcb2,exposure (L2b): 2D calibrated exposure average over integrations,S,mast:JWST/product/jw05893004003_02101_00002_nrcb2_cal.fits,SCIENCE,,CAL,,CALJWST,2.0.0,5893,jw05893004003_02101_00002_nrcb2_cal.fits,117573120,262872583,PUBLIC,2,F200W
262851871,JWST,image,jw05893004003_02101_00001_nrcb3,exposure (L2b): 2D calibrated exposure average over integrations,S,mast:JWST/product/jw05893004003_02101_00001_nrcb3_cal.fits,SCIENCE,,CAL,,CALJWST,2.0.0,5893,jw05893004003_02101_00001_nrcb3_cal.fits,117573120,262872583,PUBLIC,2,F200W
262851874,JWST,image,jw05893004003_02101_00006_nrca4,exposure (L2b): 2D calibrated exposure average over integrations,S,mast:JWST/product/jw05893004003_02101_00006_nrca4_cal.fits,SCIENCE,,CAL,,CALJWST,2.0.0,5893,jw05893004003_02101_00006_nrca4_cal.fits,117573120,262872583,PUBLIC,2,F200W
262851875,JWST,image,jw05893004003_02101_00004_nrcb1,exposure (L2b): 2D calibrated exposure average over integrations,S,mast:JWST/product/jw05893004003_02101_00004_nrcb1_cal.fits,SCIENCE,,CAL,,CALJWST,2.0.0,5893,jw05893004003_02101_00004_nrcb1_cal.fits,117573120,262872583,PUBLIC,2,F200W
262853483,JWST,image,jw05893004004_02101_00006_nrca2,exposure (L2b): 2D calibrated exposure average over integrations,S,mast:JWST/product/jw05893004004_02101_00006_nrca2_cal.fits,SCIENCE,,CAL,,CALJWST,2.0.0,5893,jw05893004004_02101_00006_nrca2_cal.fits,117570240,262872583,PUBLIC,2,F200W
262853484,JWST,image,jw05893004004_02101_00004_nrca2,exposure (L2b): 2D calibrated exposure average over integrations,S,mast:JWST/product/jw05893004004_02101_00004_nrca2_cal.fits,SCIENCE,,CAL,,CALJWST,2.0.0,5893,jw05893004004_02101_00004_nrca2_cal.fits,117570240,262872583,PUBLIC,2,F200W
262853485,JWST,image,jw05893004004_02101_00003_nrca2,exposure (L2b): 2D calibrated exposure average over integrations,S,mast:JWST/product/jw05893004004_02101_00003_nrca2_cal.fits,SCIENCE,,CAL,,CALJWST,2.0.0,5893,jw05893004004_02101_00003_nrca2_cal.fits,117570240,262872583,PUBLIC,2,F200W
262853487,JWST,image,jw05893004004_02101_00002_nrca2,exposure (L2b): 2D calibrated exposure average over integrations,S,mast:JWST/product/jw05893004004_02101_00002_nrca2_cal.fits,SCIENCE,,CAL,,CALJWST,2.0.0,5893,jw05893004004_02101_00002_nrca2_cal.fits,117570240,262872583,PUBLIC,2,F200W
262853488,JWST,image,jw05893004004_02101_00004_nrca1,exposure (L2b): 2D calibrated exposure average over integrations,S,mast:JWST/product/jw05893004004_02101_00004_nrca1_cal.fits,SCIENCE,,CAL,,CALJWST,2.0.0,5893,jw05893004004_02101_00004_nrca1_cal.fits,117570240,262872583,PUBLIC,2,F200W
262853489,JWST,image,jw05893004004_02101_00001_nrca2,exposure (L2b): 2D calibrated exposure average over integrations,S,mast:JWST/product/jw05893004004_02101_00001_nrca2_cal.fits,SCIENCE,,CAL,,CALJWST,2.0.0,5893,jw05893004004_02101_00001_nrca2_cal.fits,117570240,262872583,PUBLIC,2,F200W
262853491,JWST,image,jw05893004004_02101_00002_nrca1,exposure (L2b): 2D calibrated exposure average over integrations,S,mast:JWST/product/jw05893004004_02101_00002_nrca1_cal.fits,SCIENCE,,CAL,,CALJWST,2.0.0,5893,jw05893004004_02101_00002_nrca1_cal.fits,117570240,262872583,PUBLIC,2,F200W
262853492,JWST,image,jw05893004004_02101_00003_nrca1,exposure (L2b): 2D calibrated exposure average over integrations,S,mast:JWST/product/jw05893004004_02101_00003_nrca1_cal.fits,SCIENCE,,CAL,,CALJWST,2.0.0,5893,jw05893004004_02101_00003_nrca1_cal.fits,117570240,262872583,PUBLIC,2,F200W
262853496,JWST,image,jw05893004004_02101_00001_nrca1,exposure (L2b): 2D calibrated exposure average over integrations,S,mast:JWST/product/jw05893004004_02101_00001_nrca1_cal.fits,SCIENCE,,CAL,,CALJWST,2.0.0,5893,jw05893004004_02101_00001_nrca1_cal.fits,117570240,262872583,PUBLIC,2,F200W
262853497,JWST,image,jw05893004004_02101_00006_nrca1,exposure (L2b): 2D calibrated exposure average over integrations,S,mast:JWST/product/jw05893004004_02101_00006_nrca1_cal.fits,SCIENCE,,CAL,,CALJWST,2.0.0,5893,jw05893004004_02101_00006_nrca1_cal.fits,117570240,262872583,PUBLIC,2,F200W
262853498,JWST,image,jw05893004004_02101_00005_nrca2,exposure (L2b): 2D calibrated exposure average over integrations,S,mast:JWST/product/jw05893004004_02101_00005_nrca2_cal.fits,SCIENCE,,CAL,,CALJWST,2.0.0,5893,jw05893004004_02101_00005_nrca2_cal.fits,117570240,262872583,PUBLIC,2,F200W
262853499,JWST,image,jw05893004004_02101_00005_nrca1,exposure (L2b): 2D calibrated exposure average over integrations,S,mast:JWST/product/jw05893004004_02101_00005_nrca1_cal.fits,SCIENCE,,CAL,,CALJWST,2.0.0,5893,jw05893004004_02101_00005_nrca1_cal.fits,117570240,262872583,PUBLIC,2,F200W
262853501,JWST,image,jw05893004004_02101_00002_nrca3,exposure (L2b): 2D calibrated exposure average over integrations,S,mast:JWST/product/jw05893004004_02101_00002_nrca3_cal.fits,SCIENCE,,CAL,,CALJWST,2.0.0,5893,jw05893004004_02101_00002_nrca3_cal.fits,117573120,262872583,PUBLIC,2,F200W
262853503,JWST,image,jw05893004004_02101_00005_nrca3,exposure (L2b): 2D calibrated exposure average over integrations,S,mast:JWST/product/jw05893004004_02101_00005_nrca3_cal.fits,SCIENCE,,CAL,,CALJWST,2.0.0,5893,jw05893004004_02101_00005_nrca3_cal.fits,117573120,262872583,PUBLIC,2,F200W
262853505,JWST,image,jw05893004004_02101_00004_nrca3,exposure (L2b): 2D calibrated exposure average over integrations,S,mast:JWST/product/jw05893004004_02101_00004_nrca3_cal.fits,SCIENCE,,CAL,,CALJWST,2.0.0,5893,jw05893004004_02101_00004_nrca3_cal.fits,117573120,262872583,PUBLIC,2,F200W
262853506,JWST,image,jw05893004004_02101_00006_nrca3,exposure (L2b): 2D calibrated exposure average over integrations,S,mast:JWST/product/jw05893004004_02101_00006_nrca3_cal.fits,SCIENCE,,CAL,,CALJWST,2.0.0,5893,jw05893004004_02101_00006_nrca3_cal.fits,117573120,262872583,PUBLIC,2,F200W
262853508,JWST,image,jw05893004004_02101_00002_nrca4,exposure (L2b): 2D calibrated exposure average over integrations,S,mast:JWST/product/jw05893004004_02101_00002_nrca4_cal.fits,SCIENCE,,CAL,,CALJWST,2.0.0,5893,jw05893004004_02101_00002_nrca4_cal.fits,117573120,262872583,PUBLIC,2,F200W
262853509,JWST,image,jw05893004004_02101_00003_nrca3,exposure (L2b): 2D calibrated exposure average over integrations,S,mast:JWST/product/jw05893004004_02101_00003_nrca3_cal.fits,SCIENCE,,CAL,,CALJWST,2.0.0,5893,jw05893004004_02101_00003_nrca3_cal.fits,117573120,262872583,PUBLIC,2,F200W
262853510,JWST,image,jw05893004004_02101_00001_nrca4,exposure (L2b): 2D calibrated exposure average over integrations,S,mast:JWST/product/jw05893004004_02101_00001_nrca4_cal.fits,SCIENCE,,CAL,,CALJWST,2.0.0,5893,jw05893004004_02101_00001_nrca4_cal.fits,117573120,262872583,PUBLIC,2,F200W
262853511,JWST,image,jw05893004004_02101_00003_nrca4,exposure (L2b): 2D calibrated exposure average over integrations,S,mast:JWST/product/jw05893004004_02101_00003_nrca4_cal.fits,SCIENCE,,CAL,,CALJWST,2.0.0,5893,jw05893004004_02101_00003_nrca4_cal.fits,117573120,262872583,PUBLIC,2,F200W
262853512,JWST,image,jw05893004004_02101_00001_nrca3,exposure (L2b): 2D calibrated exposure average over integrations,S,mast:JWST/product/jw05893004004_02101_00001_nrca3_cal.fits,SCIENCE,,CAL,,CALJWST,2.0.0,5893,jw05893004004_02101_00001_nrca3_cal.fits,117573120,262872583,PUBLIC,2,F200W
262853513,JWST,image,jw05893004004_02101_00005_nrcb1,exposure (L2b): 2D calibrated exposure average over integrations,S,mast:JWST/product/jw05893004004_02101_00005_nrcb1_cal.fits,SCIENCE,,CAL,,CALJWST,2.0.0,5893,jw05893004004_02101_00005_nrcb1_cal.fits,117573120,262872583,PUBLIC,2,F200W
262853515,JWST,image,jw05893004004_02101_00002_nrcb2,exposure (L2b): 2D calibrated exposure average over integrations,S,mast:JWST/product/jw05893004004_02101_00002_nrcb2_cal.fits,SCIENCE,,CAL,,CALJWST,2.0.0,5893,jw05893004004_02101_00002_nrcb2_cal.fits,117573120,262872583,PUBLIC,2,F200W
262853520,JWST,image,jw05893004004_02101_00001_nrcb2,exposure (L2b): 2D calibrated exposure average over integrations,S,mast:JWST/product/jw05893004004_02101_00001_nrcb2_cal.fits,SCIENCE,,CAL,,CALJWST,2.0.0,5893,jw05893004004_02101_00001_nrcb2_cal.fits,117573120,262872583,PUBLIC,2,F200W
262853521,JWST,image,jw05893004004_02101_00002_nrcb4,exposure (L2b): 2D calibrated exposure average over integrations,S,mast:JWST/product/jw05893004004_02101_00002_nrcb4_cal.fits,SCIENCE,,CAL,,CALJWST,2.0.0,5893,jw05893004004_02101_00002_nrcb4_cal.fits,117573120,262872583,PUBLIC,2,F200W
262853524,JWST,image,jw05893004004_02101_00003_nrcb4,exposure (L2b): 2D calibrated exposure average over integrations,S,mast:JWST/product/jw05893004004_02101_00003_nrcb4_cal.fits,SCIENCE,,CAL,,CALJWST,2.0.0,5893,jw05893004004_02101_00003_nrcb4_cal.fits,117573120,262872583,PUBLIC,2,F200W
262853526,JWST,image,jw05893004004_02101_00004_nrcb2,exposure (L2b): 2D calibrated exposure average over integrations,S,mast:JWST/product/jw05893004004_02101_00004_nrcb2_cal.fits,SCIENCE,,CAL,,CALJWST,2.0.0,5893,jw05893004004_02101_00004_nrcb2_cal.fits,117573120,262872583,PUBLIC,2,F200W
262853528,JWST,image,jw05893004004_02101_00006_nrca4,exposure (L2b): 2D calibrated exposure average over integrations,S,mast:JWST/product/jw05893004004_02101_00006_nrca4_cal.fits,SCIENCE,,CAL,,CALJWST,2.0.0,5893,jw05893004004_02101_00006_nrca4_cal.fits,117573120,262872583,PUBLIC,2,F200W
262853529,JWST,image,jw05893004004_02101_00002_nrcb1,exposure (L2b): 2D calibrated exposure average over integrations,S,mast:JWST/product/jw05893004004_02101_00002_nrcb1_cal.fits,SCIENCE,,CAL,,CALJWST,2.0.0,5893,jw05893004004_02101_00002_nrcb1_cal.fits,117573120,262872583,PUBLIC,2,F200W
262853530,JWST,image,jw05893004004_02101_00006_nrcb3,exposure (L2b): 2D calibrated exposure average over integrations,S,mast:JWST/product/jw05893004004_02101_00006_nrcb3_cal.fits,SCIENCE,,CAL,,CALJWST,2.0.0,5893,jw05893004004_02101_00006_nrcb3_cal.fits,117573120,262872583,PUBLIC,2,F200W
262853531,JWST,image,jw05893004004_02101_00004_nrcb1,exposure (L2b): 2D calibrated exposure average over integrations,S,mast:JWST/product/jw05893004004_02101_00004_nrcb1_cal.fits,SCIENCE,,CAL,,CALJWST,2.0.0,5893,jw05893004004_02101_00004_nrcb1_cal.fits,117573120,262872583,PUBLIC,2,F200W
262853532,JWST,image,jw05893004004_02101_00001_nrcb4,exposure (L2b): 2D calibrated exposure average over integrations,S,mast:JWST/product/jw05893004004_02101_00001_nrcb4_cal.fits,SCIENCE,,CAL,,CALJWST,2.0.0,5893,jw05893004004_02101_00001_nrcb4_cal.fits,117573120,262872583,PUBLIC,2,F200W
262853534,JWST,image,jw05893004004_02101_00005_nrcb3,exposure (L2b): 2D calibrated exposure average over integrations,S,mast:JWST/product/jw05893004004_02101_00005_nrcb3_cal.fits,SCIENCE,,CAL,,CALJWST,2.0.0,5893,jw05893004004_02101_00005_nrcb3_cal.fits,117573120,262872583,PUBLIC,2,F200W
262853536,JWST,image,jw05893004004_02101_00001_nrcb3,exposure (L2b): 2D calibrated exposure average over integrations,S,mast:JWST/product/jw05893004004_02101_00001_nrcb3_cal.fits,SCIENCE,,CAL,,CALJWST,2.0.0,5893,jw05893004004_02101_00001_nrcb3_cal.fits,117573120,262872583,PUBLIC,2,F200W
262853540,JWST,image,jw05893004004_02101_00003_nrcb2,exposure (L2b): 2D calibrated exposure average over integrations,S,mast:JWST/product/jw05893004004_02101_00003_nrcb2_cal.fits,SCIENCE,,CAL,,CALJWST,2.0.0,5893,jw05893004004_02101_00003_nrcb2_cal.fits,117573120,262872583,PUBLIC,2,F200W
262853542,JWST,image,jw05893004004_02101_00006_nrcb2,exposure (L2b): 2D calibrated exposure average over integrations,S,mast:JWST/product/jw05893004004_02101_00006_nrcb2_cal.fits,SCIENCE,,CAL,,CALJWST,2.0.0,5893,jw05893004004_02101_00006_nrcb2_cal.fits,117573120,262872583,PUBLIC,2,F200W
262853545,JWST,image,jw05893004004_02101_00003_nrcb1,exposure (L2b): 2D calibrated exposure average over integrations,S,mast:JWST/product/jw05893004004_02101_00003_nrcb1_cal.fits,SCIENCE,,CAL,,CALJWST,2.0.0,5893,jw05893004004_02101_00003_nrcb1_cal.fits,117573120,262872583,PUBLIC,2,F200W
262853546,JWST,image,jw05893004004_02101_00006_nrcb1,exposure (L2b): 2D calibrated exposure average over integrations,S,mast:JWST/product/jw05893004004_02101_00006_nrcb1_cal.fits,SCIENCE,,CAL,,CALJWST,2.0.0,5893,jw05893004004_02101_00006_nrcb1_cal.fits,117573120,262872583,PUBLIC,2,F200W
262853548,JWST,image,jw05893004004_02101_00004_nrcb4,exposure (L2b): 2D calibrated exposure average over integrations,S,mast:JWST/product/jw05893004004_02101_00004_nrcb4_cal.fits,SCIENCE,,CAL,,CALJWST,2.0.0,5893,jw05893004004_02101_00004_nrcb4_cal.fits,117573120,262872583,PUBLIC,2,F200W
262853550,JWST,image,jw05893004004_02101_00003_nrcb3,exposure (L2b): 2D calibrated exposure average over integrations,S,mast:JWST/product/jw05893004004_02101_00003_nrcb3_cal.fits,SCIENCE,,CAL,,CALJWST,2.0.0,5893,jw05893004004_02101_00003_nrcb3_cal.fits,117573120,262872583,PUBLIC,2,F200W
262853551,JWST,image,jw05893004004_02101_00006_nrcb4,exposure (L2b): 2D calibrated exposure average over integrations,S,mast:JWST/product/jw05893004004_02101_00006_nrcb4_cal.fits,SCIENCE,,CAL,,CALJWST,2.0.0,5893,jw05893004004_02101_00006_nrcb4_cal.fits,117573120,262872583,PUBLIC,2,F200W
262853553,JWST,image,jw05893004004_02101_00001_nrcb1,exposure (L2b): 2D calibrated exposure average over integrations,S,mast:JWST/product/jw05893004004_02101_00001_nrcb1_cal.fits,SCIENCE,,CAL,,CALJWST,2.0.0,5893,jw05893004004_02101_00001_nrcb1_cal.fits,117573120,262872583,PUBLIC,2,F200W
262853555,JWST,image,jw05893004004_02101_00005_nrcb4,exposure (L2b): 2D calibrated exposure average over integrations,S,mast:JWST/product/jw05893004004_02101_00005_nrcb4_cal.fits,SCIENCE,,CAL,,CALJWST,2.0.0,5893,jw05893004004_02101_00005_nrcb4_cal.fits,117573120,262872583,PUBLIC,2,F200W
262853556,JWST,image,jw05893004004_02101_00002_nrcb3,exposure (L2b): 2D calibrated exposure average over integrations,S,mast:JWST/product/jw05893004004_02101_00002_nrcb3_cal.fits,SCIENCE,,CAL,,CALJWST,2.0.0,5893,jw05893004004_02101_00002_nrcb3_cal.fits,117573120,262872583,PUBLIC,2,F200W
262853557,JWST,image,jw05893004004_02101_00005_nrcb2,exposure (L2b): 2D calibrated exposure average over integrations,S,mast:JWST/product/jw05893004004_02101_00005_nrcb2_cal.fits,SCIENCE,,CAL,,CALJWST,2.0.0,5893,jw05893004004_02101_00005_nrcb2_cal.fits,117573120,262872583,PUBLIC,2,F200W
262853558,JWST,image,jw05893004004_02101_00004_nrca4,exposure (L2b): 2D calibrated exposure average over integrations,S,mast:JWST/product/jw05893004004_02101_00004_nrca4_cal.fits,SCIENCE,,CAL,,CALJWST,2.0.0,5893,jw05893004004_02101_00004_nrca4_cal.fits,117573120,262872583,PUBLIC,2,F200W
262853559,JWST,image,jw05893004004_02101_00004_nrcb3,exposure (L2b): 2D calibrated exposure average over integrations,S,mast:JWST/product/jw05893004004_02101_00004_nrcb3_cal.fits,SCIENCE,,CAL,,CALJWST,2.0.0,5893,jw05893004004_02101_00004_nrcb3_cal.fits,117573120,262872583,PUBLIC,2,F200W
262853561,JWST,image,jw05893004004_02101_00005_nrca4,exposure (L2b): 2D calibrated exposure average over integrations,S,mast:JWST/product/jw05893004004_02101_00005_nrca4_cal.fits,SCIENCE,,CAL,,CALJWST,2.0.0,5893,jw05893004004_02101_00005_nrca4_cal.fits,117573120,262872583,PUBLIC,2,F200W
262853572,JWST,image,jw05893004006_02101_00001_nrcb1,exposure (L2b): 2D calibrated exposure average over integrations,S,mast:JWST/product/jw05893004006_02101_00001_nrcb1_cal.fits,SCIENCE,,CAL,,CALJWST,2.0.0,5893,jw05893004006_02101_00001_nrcb1_cal.fits,117573120,262872583,PUBLIC,2,F200W
262853573,JWST,image,jw05893004006_02101_00001_nrcb2,exposure (L2b): 2D calibrated exposure average over integrations,S,mast:JWST/product/jw05893004006_02101_00001_nrcb2_cal.fits,SCIENCE,,CAL,,CALJWST,2.0.0,5893,jw05893004006_02101_00001_nrcb2_cal.fits,117573120,262872583,PUBLIC,2,F200W
262853574,JWST,image,jw05893004006_02101_00001_nrca4,exposure (L2b): 2D calibrated exposure average over integrations,S,mast:JWST/product/jw05893004006_02101_00001_nrca4_cal.fits,SCIENCE,,CAL,,CALJWST,2.0.0,5893,jw05893004006_02101_00001_nrca4_cal.fits,117573120,262872583,PUBLIC,2,F200W
262853576,JWST,image,jw05893004006_02101_00001_nrca3,exposure (L2b): 2D calibrated exposure average over integrations,S,mast:JWST/product/jw05893004006_02101_00001_nrca3_cal.fits,SCIENCE,,CAL,,CALJWST,2.0.0,5893,jw05893004006_02101_00001_nrca3_cal.fits,117573120,262872583,PUBLIC,2,F200W
262853577,JWST,image,jw05893004006_02101_00001_nrcb3,exposure (L2b): 2D calibrated exposure average over integrations,S,mast:JWST/product/jw05893004006_02101_00001_nrcb3_cal.fits,SCIENCE,,CAL,,CALJWST,2.0.0,5893,jw05893004006_02101_00001_nrcb3_cal.fits,117573120,262872583,PUBLIC,2,F200W
262853578,JWST,image,jw05893004006_02101_00001_nrca2,exposure (L2b): 2D calibrated exposure average over integrations,S,mast:JWST/product/jw05893004006_02101_00001_nrca2_cal.fits,SCIENCE,,CAL,,CALJWST,2.0.0,5893,jw05893004006_02101_00001_nrca2_cal.fits,117570240,262872583,PUBLIC,2,F200W
262853580,JWST,image,jw05893004006_02101_00001_nrcb4,exposure (L2b): 2D calibrated exposure average over integrations,S,mast:JWST/product/jw05893004006_02101_00001_nrcb4_cal.fits,SCIENCE,,CAL,,CALJWST,2.0.0,5893,jw05893004006_02101_00001_nrcb4_cal.fits,117573120,262872583,PUBLIC,2,F200W
262853602,JWST,image,jw05893004006_02101_00002_nrcb4,exposure (L2b): 2D calibrated exposure average over integrations,S,mast:JWST/product/jw05893004006_02101_00002_nrcb4_cal.fits,SCIENCE,,CAL,,CALJWST,2.0.0,5893,jw05893004006_02101_00002_nrcb4_cal.fits,117573120,262872583,PUBLIC,2,F200W
262853604,JWST,image,jw05893004006_02101_00004_nrcb1,exposure (L2b): 2D calibrated exposure average over integrations,S,mast:JWST/product/jw05893004006_02101_00004_nrcb1_cal.fits,SCIENCE,,CAL,,CALJWST,2.0.0,5893,jw05893004006_02101_00004_nrcb1_cal.fits,117573120,262872583,PUBLIC,2,F200W
262853605,JWST,image,jw05893004006_02101_00003_nrcb4,exposure (L2b): 2D calibrated exposure average over integrations,S,mast:JWST/product/jw05893004006_02101_00003_nrcb4_cal.fits,SCIENCE,,CAL,,CALJWST,2.0.0,5893,jw05893004006_02101_00003_nrcb4_cal.fits,117573120,262872583,PUBLIC,2,F200W
262853607,JWST,image,jw05893004006_02101_00003_nrca1,exposure (L2b): 2D calibrated exposure average over integrations,S,mast:JWST/product/jw05893004006_02101_00003_nrca1_cal.fits,SCIENCE,,CAL,,CALJWST,2.0.0,5893,jw05893004006_02101_00003_nrca1_cal.fits,117570240,262872583,PUBLIC,2,F200W
262853608,JWST,image,jw05893004006_02101_00005_nrcb3,exposure (L2b): 2D calibrated exposure average over integrations,S,mast:JWST/product/jw05893004006_02101_00005_nrcb3_cal.fits,SCIENCE,,CAL,,CALJWST,2.0.0,5893,jw05893004006_02101_00005_nrcb3_cal.fits,117573120,262872583,PUBLIC,2,F200W
262853609,JWST,image,jw05893004006_02101_00005_nrca2,exposure (L2b): 2D calibrated exposure average over integrations,S,mast:JWST/product/jw05893004006_02101_00005_nrca2_cal.fits,SCIENCE,,CAL,,CALJWST,2.0.0,5893,jw05893004006_02101_00005_nrca2_cal.fits,117570240,262872583,PUBLIC,2,F200W
262853610,JWST,image,jw05893004006_02101_00006_nrca2,exposure (L2b): 2D calibrated exposure average over integrations,S,mast:JWST/product/jw05893004006_02101_00006_nrca2_cal.fits,SCIENCE,,CAL,,CALJWST,2.0.0,5893,jw05893004006_02101_00006_nrca2_cal.fits,117570240,262872583,PUBLIC,2,F200W
262853611,JWST,image,jw05893004006_02101_00006_nrcb3,exposure (L2b): 2D calibrated exposure average over integrations,S,mast:JWST/product/jw05893004006_02101_00006_nrcb3_cal.fits,SCIENCE,,CAL,,CALJWST,2.0.0,5893,jw05893004006_02101_00006_nrcb3_cal.fits,117573120,262872583,PUBLIC,2,F200W
262853612,JWST,image,jw05893004006_02101_00003_nrca2,exposure (L2b): 2D calibrated exposure average over integrations,S,mast:JWST/product/jw05893004006_02101_00003_nrca2_cal.fits,SCIENCE,,CAL,,CALJWST,2.0.0,5893,jw05893004006_02101_00003_nrca2_cal.fits,117570240,262872583,PUBLIC,2,F200W
262853613,JWST,image,jw05893004006_02101_00004_nrca4,exposure (L2b): 2D calibrated exposure average over integrations,S,mast:JWST/product/jw05893004006_02101_00004_nrca4_cal.fits,SCIENCE,,CAL,,CALJWST,2.0.0,5893,jw05893004006_02101_00004_nrca4_cal.fits,117573120,262872583,PUBLIC,2,F200W
262853614,JWST,image,jw05893004006_02101_00004_nrcb4,exposure (L2b): 2D calibrated exposure average over integrations,S,mast:JWST/product/jw05893004006_02101_00004_nrcb4_cal.fits,SCIENCE,,CAL,,CALJWST,2.0.0,5893,jw05893004006_02101_00004_nrcb4_cal.fits,117573120,262872583,PUBLIC,2,F200W
262853615,JWST,image,jw05893004006_02101_00006_nrcb1,exposure (L2b): 2D calibrated exposure average over integrations,S,mast:JWST/product/jw05893004006_02101_00006_nrcb1_cal.fits,SCIENCE,,CAL,,CALJWST,2.0.0,5893,jw05893004006_02101_00006_nrcb1_cal.fits,117573120,262872583,PUBLIC,2,F200W
262853616,JWST,image,jw05893004006_02101_00004_nrcb2,exposure (L2b): 2D calibrated exposure average over integrations,S,mast:JWST/product/jw05893004006_02101_00004_nrcb2_cal.fits,SCIENCE,,CAL,,CALJWST,2.0.0,5893,jw05893004006_02101_00004_nrcb2_cal.fits,117573120,262872583,PUBLIC,2,F200W
262853617,JWST,image,jw05893004006_02101_00002_nrcb2,exposure (L2b): 2D calibrated exposure average over integrations,S,mast:JWST/product/jw05893004006_02101_00002_nrcb2_cal.fits,SCIENCE,,CAL,,CALJWST,2.0.0,5893,jw05893004006_02101_00002_nrcb2_cal.fits,117573120,262872583,PUBLIC,2,F200W
262853618,JWST,image,jw05893004006_02101_00003_nrcb1,exposure (L2b): 2D calibrated exposure average over integrations,S,mast:JWST/product/jw05893004006_02101_00003_nrcb1_cal.fits,SCIENCE,,CAL,,CALJWST,2.0.0,5893,jw05893004006_02101_00003_nrcb1_cal.fits,117573120,262872583,PUBLIC,2,F200W
262853620,JWST,image,jw05893004006_02101_00003_nrca4,exposure (L2b): 2D calibrated exposure average over integrations,S,mast:JWST/product/jw05893004006_02101_00003_nrca4_cal.fits,SCIENCE,,CAL,,CALJWST,2.0.0,5893,jw05893004006_02101_00003_nrca4_cal.fits,117573120,262872583,PUBLIC,2,F200W
262853621,JWST,image,jw05893004006_02101_00002_nrcb1,exposure (L2b): 2D calibrated exposure average over integrations,S,mast:JWST/product/jw05893004006_02101_00002_nrcb1_cal.fits,SCIENCE,,CAL,,CALJWST,2.0.0,5893,jw05893004006_02101_00002_nrcb1_cal.fits,117573120,262872583,PUBLIC,2,F200W
262853622,JWST,image,jw05893004006_02101_00001_nrca1,exposure (L2b): 2D calibrated exposure average over integrations,S,mast:JWST/product/jw05893004006_02101_00001_nrca1_cal.fits,SCIENCE,,CAL,,CALJWST,2.0.0,5893,jw05893004006_02101_00001_nrca1_cal.fits,117570240,262872583,PUBLIC,2,F200W
262853623,JWST,image,jw05893004006_02101_00002_nrcb3,exposure (L2b): 2D calibrated exposure average over integrations,S,mast:JWST/product/jw05893004006_02101_00002_nrcb3_cal.fits,SCIENCE,,CAL,,CALJWST,2.0.0,5893,jw05893004006_02101_00002_nrcb3_cal.fits,117573120,262872583,PUBLIC,2,F200W
262853624,JWST,image,jw05893004006_02101_00004_nrca1,exposure (L2b): 2D calibrated exposure average over integrations,S,mast:JWST/product/jw05893004006_02101_00004_nrca1_cal.fits,SCIENCE,,CAL,,CALJWST,2.0.0,5893,jw05893004006_02101_00004_nrca1_cal.fits,117570240,262872583,PUBLIC,2,F200W
262853625,JWST,image,jw05893004006_02101_00002_nrca4,exposure (L2b): 2D calibrated exposure average over integrations,S,mast:JWST/product/jw05893004006_02101_00002_nrca4_cal.fits,SCIENCE,,CAL,,CALJWST,2.0.0,5893,jw05893004006_02101_00002_nrca4_cal.fits,117573120,262872583,PUBLIC,2,F200W
262853627,JWST,image,jw05893004006_02101_00005_nrcb1,exposure (L2b): 2D calibrated exposure average over integrations,S,mast:JWST/product/jw05893004006_02101_00005_nrcb1_cal.fits,SCIENCE,,CAL,,CALJWST,2.0.0,5893,jw05893004006_02101_00005_nrcb1_cal.fits,117573120,262872583,PUBLIC,2,F200W
262853629,JWST,image,jw05893004006_02101_00004_nrca2,exposure (L2b): 2D calibrated exposure average over integrations,S,mast:JWST/product/jw05893004006_02101_00004_nrca2_cal.fits,SCIENCE,,CAL,,CALJWST,2.0.0,5893,jw05893004006_02101_00004_nrca2_cal.fits,117570240,262872583,PUBLIC,2,F200W
262853630,JWST,image,jw05893004006_02101_00003_nrca3,exposure (L2b): 2D calibrated exposure average over integrations,S,mast:JWST/product/jw05893004006_02101_00003_nrca3_cal.fits,SCIENCE,,CAL,,CALJWST,2.0.0,5893,jw05893004006_02101_00003_nrca3_cal.fits,117573120,262872583,PUBLIC,2,F200W
262853632,JWST,image,jw05893004006_02101_00005_nrca1,exposure (L2b): 2D calibrated exposure average over integrations,S,mast:JWST/product/jw05893004006_02101_00005_nrca1_cal.fits,SCIENCE,,CAL,,CALJWST,2.0.0,5893,jw05893004006_02101_00005_nrca1_cal.fits,117570240,262872583,PUBLIC,2,F200W
262853633,JWST,image,jw05893004006_02101_00002_nrca2,exposure (L2b): 2D calibrated exposure average over integrations,S,mast:JWST/product/jw05893004006_02101_00002_nrca2_cal.fits,SCIENCE,,CAL,,CALJWST,2.0.0,5893,jw05893004006_02101_00002_nrca2_cal.fits,117570240,262872583,PUBLIC,2,F200W
262853634,JWST,image,jw05893004006_02101_00005_nrcb2,exposure (L2b): 2D calibrated exposure average over integrations,S,mast:JWST/product/jw05893004006_02101_00005_nrcb2_cal.fits,SCIENCE,,CAL,,CALJWST,2.0.0,5893,jw05893004006_02101_00005_nrcb2_cal.fits,117573120,262872583,PUBLIC,2,F200W
262853636,JWST,image,jw05893004006_02101_00006_nrca3,exposure (L2b): 2D calibrated exposure average over integrations,S,mast:JWST/product/jw05893004006_02101_00006_nrca3_cal.fits,SCIENCE,,CAL,,CALJWST,2.0.0,5893,jw05893004006_02101_00006_nrca3_cal.fits,117573120,262872583,PUBLIC,2,F200W
262853640,JWST,image,jw05893004006_02101_00004_nrcb3,exposure (L2b): 2D calibrated exposure average over integrations,S,mast:JWST/product/jw05893004006_02101_00004_nrcb3_cal.fits,SCIENCE,,CAL,,CALJWST,2.0.0,5893,jw05893004006_02101_00004_nrcb3_cal.fits,117573120,262872583,PUBLIC,2,F200W
262853643,JWST,image,jw05893004006_02101_00004_nrca3,exposure (L2b): 2D calibrated exposure average over integrations,S,mast:JWST/product/jw05893004006_02101_00004_nrca3_cal.fits,SCIENCE,,CAL,,CALJWST,2.0.0,5893,jw05893004006_02101_00004_nrca3_cal.fits,117573120,262872583,PUBLIC,2,F200W
262853644,JWST,image,jw05893004006_02101_00005_nrcb4,exposure (L2b): 2D calibrated exposure average over integrations,S,mast:JWST/product/jw05893004006_02101_00005_nrcb4_cal.fits,SCIENCE,,CAL,,CALJWST,2.0.0,5893,jw05893004006_02101_00005_nrcb4_cal.fits,117573120,262872583,PUBLIC,2,F200W
262853645,JWST,image,jw05893004006_02101_00003_nrcb2,exposure (L2b): 2D calibrated exposure average over integrations,S,mast:JWST/product/jw05893004006_02101_00003_nrcb2_cal.fits,SCIENCE,,CAL,,CALJWST,2.0.0,5893,jw05893004006_02101_00003_nrcb2_cal.fits,117573120,262872583,PUBLIC,2,F200W
262853646,JWST,image,jw05893004006_02101_00005_nrca4,exposure (L2b): 2D calibrated exposure average over integrations,S,mast:JWST/product/jw05893004006_02101_00005_nrca4_cal.fits,SCIENCE,,CAL,,CALJWST,2.0.0,5893,jw05893004006_02101_00005_nrca4_cal.fits,117573120,262872583,PUBLIC,2,F200W
262853647,JWST,image,jw05893004006_02101_00003_nrcb3,exposure (L2b): 2D calibrated exposure average over integrations,S,mast:JWST/product/jw05893004006_02101_00003_nrcb3_cal.fits,SCIENCE,,CAL,,CALJWST,2.0.0,5893,jw05893004006_02101_00003_nrcb3_cal.fits,117573120,262872583,PUBLIC,2,F200W
262853648,JWST,image,jw05893004006_02101_00002_nrca1,exposure (L2b): 2D calibrated exposure average over integrations,S,mast:JWST/product/jw05893004006_02101_00002_nrca1_cal.fits,SCIENCE,,CAL,,CALJWST,2.0.0,5893,jw05893004006_02101_00002_nrca1_cal.fits,117570240,262872583,PUBLIC,2,F200W
262853649,JWST,image,jw05893004006_02101_00002_nrca3,exposure (L2b): 2D calibrated exposure average over integrations,S,mast:JWST/product/jw05893004006_02101_00002_nrca3_cal.fits,SCIENCE,,CAL,,CALJWST,2.0.0,5893,jw05893004006_02101_00002_nrca3_cal.fits,117573120,262872583,PUBLIC,2,F200W
262853658,JWST,image,jw05893004006_02101_00006_nrca4,exposure (L2b): 2D calibrated exposure average over integrations,S,mast:JWST/product/jw05893004006_02101_00006_nrca4_cal.fits,SCIENCE,,CAL,,CALJWST,2.0.0,5893,jw05893004006_02101_00006_nrca4_cal.fits,117573120,262872583,PUBLIC,2,F200W
262853661,JWST,image,jw05893004006_02101_00006_nrca1,exposure (L2b): 2D calibrated exposure average over integrations,S,mast:JWST/product/jw05893004006_02101_00006_nrca1_cal.fits,SCIENCE,,CAL,,CALJWST,2.0.0,5893,jw05893004006_02101_00006_nrca1_cal.fits,117570240,262872583,PUBLIC,2,F200W
262853675,JWST,image,jw05893004006_02101_00005_nrca3,exposure (L2b): 2D calibrated exposure average over integrations,S,mast:JWST/product/jw05893004006_02101_00005_nrca3_cal.fits,SCIENCE,,CAL,,CALJWST,2.0.0,5893,jw05893004006_02101_00005_nrca3_cal.fits,117573120,262872583,PUBLIC,2,F200W
262853677,JWST,image,jw05893004006_02101_00006_nrcb2,exposure (L2b): 2D calibrated exposure average over integrations,S,mast:JWST/product/jw05893004006_02101_00006_nrcb2_cal.fits,SCIENCE,,CAL,,CALJWST,2.0.0,5893,jw05893004006_02101_00006_nrcb2_cal.fits,117573120,262872583,PUBLIC,2,F200W
262853679,JWST,image,jw05893004006_02101_00006_nrcb4,exposure (L2b): 2D calibrated exposure average over integrations,S,mast:JWST/product/jw05893004006_02101_00006_nrcb4_cal.fits,SCIENCE,,CAL,,CALJWST,2.0.0,5893,jw05893004006_02101_00006_nrcb4_cal.fits,117573120,262872583,PUBLIC,2,F200W
262853690,JWST,image,jw05893004005_02101_00006_nrca1,exposure (L2b): 2D calibrated exposure average over integrations,S,mast:JWST/product/jw05893004005_02101_00006_nrca1_cal.fits,SCIENCE,,CAL,,CALJWST,2.0.0,5893,jw05893004005_02101_00006_nrca1_cal.fits,117570240,262872583,PUBLIC,2,F200W
262853691,JWST,image,jw05893004005_02101_00001_nrca1,exposure (L2b): 2D calibrated exposure average over integrations,S,mast:JWST/product/jw05893004005_02101_00001_nrca1_cal.fits,SCIENCE,,CAL,,CALJWST,2.0.0,5893,jw05893004005_02101_00001_nrca1_cal.fits,117570240,262872583,PUBLIC,2,F200W
262853696,JWST,image,jw05893004005_02101_00004_nrca1,exposure (L2b): 2D calibrated exposure average over integrations,S,mast:JWST/product/jw05893004005_02101_00004_nrca1_cal.fits,SCIENCE,,CAL,,CALJWST,2.0.0,5893,jw05893004005_02101_00004_nrca1_cal.fits,117570240,262872583,PUBLIC,2,F200W
262853697,JWST,image,jw05893004005_02101_00002_nrca2,exposure (L2b): 2D calibrated exposure average over integrations,S,mast:JWST/product/jw05893004005_02101_00002_nrca2_cal.fits,SCIENCE,,CAL,,CALJWST,2.0.0,5893,jw05893004005_02101_00002_nrca2_cal.fits,117570240,262872583,PUBLIC,2,F200W
262853699,JWST,image,jw05893004005_02101_00003_nrca1,exposure (L2b): 2D calibrated exposure average over integrations,S,mast:JWST/product/jw05893004005_02101_00003_nrca1_cal.fits,SCIENCE,,CAL,,CALJWST,2.0.0,5893,jw05893004005_02101_00003_nrca1_cal.fits,117570240,262872583,PUBLIC,2,F200W
262853701,JWST,image,jw05893004005_02101_00001_nrca2,exposure (L2b): 2D calibrated exposure average over integrations,S,mast:JWST/product/jw05893004005_02101_00001_nrca2_cal.fits,SCIENCE,,CAL,,CALJWST,2.0.0,5893,jw05893004005_02101_00001_nrca2_cal.fits,117570240,262872583,PUBLIC,2,F200W
262853703,JWST,image,jw05893004005_02101_00006_nrca2,exposure (L2b): 2D calibrated exposure average over integrations,S,mast:JWST/product/jw05893004005_02101_00006_nrca2_cal.fits,SCIENCE,,CAL,,CALJWST,2.0.0,5893,jw05893004005_02101_00006_nrca2_cal.fits,117570240,262872583,PUBLIC,2,F200W
262853708,JWST,image,jw05893004005_02101_00005_nrca1,exposure (L2b): 2D calibrated exposure average over integrations,S,mast:JWST/product/jw05893004005_02101_00005_nrca1_cal.fits,SCIENCE,,CAL,,CALJWST,2.0.0,5893,jw05893004005_02101_00005_nrca1_cal.fits,117570240,262872583,PUBLIC,2,F200W
262853709,JWST,image,jw05893004005_02101_00002_nrca1,exposure (L2b): 2D calibrated exposure average over integrations,S,mast:JWST/product/jw05893004005_02101_00002_nrca1_cal.fits,SCIENCE,,CAL,,CALJWST,2.0.0,5893,jw05893004005_02101_00002_nrca1_cal.fits,117570240,262872583,PUBLIC,2,F200W
262853711,JWST,image,jw05893004005_02101_00001_nrca3,exposure (L2b): 2D calibrated exposure average over integrations,S,mast:JWST/product/jw05893004005_02101_00001_nrca3_cal.fits,SCIENCE,,CAL,,CALJWST,2.0.0,5893,jw05893004005_02101_00001_nrca3_cal.fits,117573120,262872583,PUBLIC,2,F200W
262853716,JWST,image,jw05893004005_02101_00004_nrca2,exposure (L2b): 2D calibrated exposure average over integrations,S,mast:JWST/product/jw05893004005_02101_00004_nrca2_cal.fits,SCIENCE,,CAL,,CALJWST,2.0.0,5893,jw05893004005_02101_00004_nrca2_cal.fits,117570240,262872583,PUBLIC,2,F200W
262853718,JWST,image,jw05893004005_02101_00001_nrcb1,exposure (L2b): 2D calibrated exposure average over integrations,S,mast:JWST/product/jw05893004005_02101_00001_nrcb1_cal.fits,SCIENCE,,CAL,,CALJWST,2.0.0,5893,jw05893004005_02101_00001_nrcb1_cal.fits,117573120,262872583,PUBLIC,2,F200W
262853720,JWST,image,jw05893004005_02101_00002_nrcb1,exposure (L2b): 2D calibrated exposure average over integrations,S,mast:JWST/product/jw05893004005_02101_00002_nrcb1_cal.fits,SCIENCE,,CAL,,CALJWST,2.0.0,5893,jw05893004005_02101_00002_nrcb1_cal.fits,117573120,262872583,PUBLIC,2,F200W
262853721,JWST,image,jw05893004005_02101_00001_nrca4,exposure (L2b): 2D calibrated exposure average over integrations,S,mast:JWST/product/jw05893004005_02101_00001_nrca4_cal.fits,SCIENCE,,CAL,,CALJWST,2.0.0,5893,jw05893004005_02101_00001_nrca4_cal.fits,117573120,262872583,PUBLIC,2,F200W
262853724,JWST,image,jw05893004005_02101_00003_nrca2,exposure (L2b): 2D calibrated exposure average over integrations,S,mast:JWST/product/jw05893004005_02101_00003_nrca2_cal.fits,SCIENCE,,CAL,,CALJWST,2.0.0,5893,jw05893004005_02101_00003_nrca2_cal.fits,117570240,262872583,PUBLIC,2,F200W
262853725,JWST,image,jw05893004005_02101_00006_nrca4,exposure (L2b): 2D calibrated exposure average over integrations,S,mast:JWST/product/jw05893004005_02101_00006_nrca4_cal.fits,SCIENCE,,CAL,,CALJWST,2.0.0,5893,jw05893004005_02101_00006_nrca4_cal.fits,117573120,262872583,PUBLIC,2,F200W
262853726,JWST,image,jw05893004005_02101_00002_nrcb3,exposure (L2b): 2D calibrated exposure average over integrations,S,mast:JWST/product/jw05893004005_02101_00002_nrcb3_cal.fits,SCIENCE,,CAL,,CALJWST,2.0.0,5893,jw05893004005_02101_00002_nrcb3_cal.fits,117573120,262872583,PUBLIC,2,F200W
262853729,JWST,image,jw05893004005_02101_00001_nrcb3,exposure (L2b): 2D calibrated exposure average over integrations,S,mast:JWST/product/jw05893004005_02101_00001_nrcb3_cal.fits,SCIENCE,,CAL,,CALJWST,2.0.0,5893,jw05893004005_02101_00001_nrcb3_cal.fits,117573120,262872583,PUBLIC,2,F200W
262853731,JWST,image,jw05893004005_02101_00006_nrca3,exposure (L2b): 2D calibrated exposure average over integrations,S,mast:JWST/product/jw05893004005_02101_00006_nrca3_cal.fits,SCIENCE,,CAL,,CALJWST,2.0.0,5893,jw05893004005_02101_00006_nrca3_cal.fits,117573120,262872583,PUBLIC,2,F200W
262853732,JWST,image,jw05893004005_02101_00004_nrcb2,exposure (L2b): 2D calibrated exposure average over integrations,S,mast:JWST/product/jw05893004005_02101_00004_nrcb2_cal.fits,SCIENCE,,CAL,,CALJWST,2.0.0,5893,jw05893004005_02101_00004_nrcb2_cal.fits,117573120,262872583,PUBLIC,2,F200W
262853733,JWST,image,jw05893004005_02101_00006_nrcb2,exposure (L2b): 2D calibrated exposure average over integrations,S,mast:JWST/product/jw05893004005_02101_00006_nrcb2_cal.fits,SCIENCE,,CAL,,CALJWST,2.0.0,5893,jw05893004005_02101_00006_nrcb2_cal.fits,117573120,262872583,PUBLIC,2,F200W
262853734,JWST,image,jw05893004005_02101_00002_nrca4,exposure (L2b): 2D calibrated exposure average over integrations,S,mast:JWST/product/jw05893004005_02101_00002_nrca4_cal.fits,SCIENCE,,CAL,,CALJWST,2.0.0,5893,jw05893004005_02101_00002_nrca4_cal.fits,117573120,262872583,PUBLIC,2,F200W
262853735,JWST,image,jw05893004005_02101_00005_nrca3,exposure (L2b): 2D calibrated exposure average over integrations,S,mast:JWST/product/jw05893004005_02101_00005_nrca3_cal.fits,SCIENCE,,CAL,,CALJWST,2.0.0,5893,jw05893004005_02101_00005_nrca3_cal.fits,117573120,262872583,PUBLIC,2,F200W
262853739,JWST,image,jw05893004005_02101_00006_nrcb1,exposure (L2b): 2D calibrated exposure average over integrations,S,mast:JWST/product/jw05893004005_02101_00006_nrcb1_cal.fits,SCIENCE,,CAL,,CALJWST,2.0.0,5893,jw05893004005_02101_00006_nrcb1_cal.fits,117573120,262872583,PUBLIC,2,F200W
262853740,JWST,image,jw05893004005_02101_00001_nrcb2,exposure (L2b): 2D calibrated exposure average over integrations,S,mast:JWST/product/jw05893004005_02101_00001_nrcb2_cal.fits,SCIENCE,,CAL,,CALJWST,2.0.0,5893,jw05893004005_02101_00001_nrcb2_cal.fits,117573120,262872583,PUBLIC,2,F200W
262853742,JWST,image,jw05893004005_02101_00002_nrca3,exposure (L2b): 2D calibrated exposure average over integrations,S,mast:JWST/product/jw05893004005_02101_00002_nrca3_cal.fits,SCIENCE,,CAL,,CALJWST,2.0.0,5893,jw05893004005_02101_00002_nrca3_cal.fits,117573120,262872583,PUBLIC,2,F200W
262853743,JWST,image,jw05893004005_02101_00005_nrcb1,exposure (L2b): 2D calibrated exposure average over integrations,S,mast:JWST/product/jw05893004005_02101_00005_nrcb1_cal.fits,SCIENCE,,CAL,,CALJWST,2.0.0,5893,jw05893004005_02101_00005_nrcb1_cal.fits,117573120,262872583,PUBLIC,2,F200W
262853744,JWST,image,jw05893004005_02101_00005_nrca2,exposure (L2b): 2D calibrated exposure average over integrations,S,mast:JWST/product/jw05893004005_02101_00005_nrca2_cal.fits,SCIENCE,,CAL,,CALJWST,2.0.0,5893,jw05893004005_02101_00005_nrca2_cal.fits,117570240,262872583,PUBLIC,2,F200W
262853748,JWST,image,jw05893004005_02101_00005_nrca4,exposure (L2b): 2D calibrated exposure average over integrations,S,mast:JWST/product/jw05893004005_02101_00005_nrca4_cal.fits,SCIENCE,,CAL,,CALJWST,2.0.0,5893,jw05893004005_02101_00005_nrca4_cal.fits,117573120,262872583,PUBLIC,2,F200W
262853749,JWST,image,jw05893004005_02101_00003_nrca4,exposure (L2b): 2D calibrated exposure average over integrations,S,mast:JWST/product/jw05893004005_02101_00003_nrca4_cal.fits,SCIENCE,,CAL,,CALJWST,2.0.0,5893,jw05893004005_02101_00003_nrca4_cal.fits,117573120,262872583,PUBLIC,2,F200W
262853750,JWST,image,jw05893004005_02101_00002_nrcb2,exposure (L2b): 2D calibrated exposure average over integrations,S,mast:JWST/product/jw05893004005_02101_00002_nrcb2_cal.fits,SCIENCE,,CAL,,CALJWST,2.0.0,5893,jw05893004005_02101_00002_nrcb2_cal.fits,117573120,262872583,PUBLIC,2,F200W
262853752,JWST,image,jw05893004005_02101_00003_nrcb2,exposure (L2b): 2D calibrated exposure average over integrations,S,mast:JWST/product/jw05893004005_02101_00003_nrcb2_cal.fits,SCIENCE,,CAL,,CALJWST,2.0.0,5893,jw05893004005_02101_00003_nrcb2_cal.fits,117573120,262872583,PUBLIC,2,F200W
262853753,JWST,image,jw05893004005_02101_00003_nrcb3,exposure (L2b): 2D calibrated exposure average over integrations,S,mast:JWST/product/jw05893004005_02101_00003_nrcb3_cal.fits,SCIENCE,,CAL,,CALJWST,2.0.0,5893,jw05893004005_02101_00003_nrcb3_cal.fits,117573120,262872583,PUBLIC,2,F200W
262853754,JWST,image,jw05893004005_02101_00003_nrcb1,exposure (L2b): 2D calibrated exposure average over integrations,S,mast:JWST/product/jw05893004005_02101_00003_nrcb1_cal.fits,SCIENCE,,CAL,,CALJWST,2.0.0,5893,jw05893004005_02101_00003_nrcb1_cal.fits,117573120,262872583,PUBLIC,2,F200W
262853755,JWST,image,jw05893004005_02101_00005_nrcb2,exposure (L2b): 2D calibrated exposure average over integrations,S,mast:JWST/product/jw05893004005_02101_00005_nrcb2_cal.fits,SCIENCE,,CAL,,CALJWST,2.0.0,5893,jw05893004005_02101_00005_nrcb2_cal.fits,117573120,262872583,PUBLIC,2,F200W
262853758,JWST,image,jw05893004005_02101_00004_nrcb3,exposure (L2b): 2D calibrated exposure average over integrations,S,mast:JWST/product/jw05893004005_02101_00004_nrcb3_cal.fits,SCIENCE,,CAL,,CALJWST,2.0.0,5893,jw05893004005_02101_00004_nrcb3_cal.fits,117573120,262872583,PUBLIC,2,F200W
262853759,JWST,image,jw05893004005_02101_00004_nrca4,exposure (L2b): 2D calibrated exposure average over integrations,S,mast:JWST/product/jw05893004005_02101_00004_nrca4_cal.fits,SCIENCE,,CAL,,CALJWST,2.0.0,5893,jw05893004005_02101_00004_nrca4_cal.fits,117573120,262872583,PUBLIC,2,F200W
262853763,JWST,image,jw05893004005_02101_00004_nrca3,exposure (L2b): 2D calibrated exposure average over integrations,S,mast:JWST/product/jw05893004005_02101_00004_nrca3_cal.fits,SCIENCE,,CAL,,CALJWST,2.0.0,5893,jw05893004005_02101_00004_nrca3_cal.fits,117573120,262872583,PUBLIC,2,F200W
262853764,JWST,image,jw05893004005_02101_00003_nrca3,exposure (L2b): 2D calibrated exposure average over integrations,S,mast:JWST/product/jw05893004005_02101_00003_nrca3_cal.fits,SCIENCE,,CAL,,CALJWST,2.0.0,5893,jw05893004005_02101_00003_nrca3_cal.fits,117573120,262872583,PUBLIC,2,F200W
262853765,JWST,image,jw05893004005_02101_00004_nrcb1,exposure (L2b): 2D calibrated exposure average over integrations,S,mast:JWST/product/jw05893004005_02101_00004_nrcb1_cal.fits,SCIENCE,,CAL,,CALJWST,2.0.0,5893,jw05893004005_02101_00004_nrcb1_cal.fits,117573120,262872583,PUBLIC,2,F200W
262853766,JWST,image,jw05893004005_02101_00005_nrcb3,exposure (L2b): 2D calibrated exposure average over integrations,S,mast:JWST/product/jw05893004005_02101_00005_nrcb3_cal.fits,SCIENCE,,CAL,,CALJWST,2.0.0,5893,jw05893004005_02101_00005_nrcb3_cal.fits,117573120,262872583,PUBLIC,2,F200W
262853780,JWST,image,jw05893004005_02101_00006_nrcb4,exposure (L2b): 2D calibrated exposure average over integrations,S,mast:JWST/product/jw05893004005_02101_00006_nrcb4_cal.fits,SCIENCE,,CAL,,CALJWST,2.0.0,5893,jw05893004005_02101_00006_nrcb4_cal.fits,117573120,262872583,PUBLIC,2,F200W
262853782,JWST,image,jw05893004005_02101_00005_nrcb4,exposure (L2b): 2D calibrated exposure average over integrations,S,mast:JWST/product/jw05893004005_02101_00005_nrcb4_cal.fits,SCIENCE,,CAL,,CALJWST,2.0.0,5893,jw05893004005_02101_00005_nrcb4_cal.fits,117573120,262872583,PUBLIC,2,F200W
262853788,JWST,image,jw05893004005_02101_00002_nrcb4,exposure (L2b): 2D calibrated exposure average over integrations,S,mast:JWST/product/jw05893004005_02101_00002_nrcb4_cal.fits,SCIENCE,,CAL,,CALJWST,2.0.0,5893,jw05893004005_02101_00002_nrcb4_cal.fits,117573120,262872583,PUBLIC,2,F200W
262853793,JWST,image,jw05893004005_02101_00001_nrcb4,exposure (L2b): 2D calibrated exposure average over integrations,S,mast:JWST/product/jw05893004005_02101_00001_nrcb4_cal.fits,SCIENCE,,CAL,,CALJWST,2.0.0,5893,jw05893004005_02101_00001_nrcb4_cal.fits,117573120,262872583,PUBLIC,2,F200W
262853795,JWST,image,jw05893004005_02101_00006_nrcb3,exposure (L2b): 2D calibrated exposure average over integrations,S,mast:JWST/product/jw05893004005_02101_00006_nrcb3_cal.fits,SCIENCE,,CAL,,CALJWST,2.0.0,5893,jw05893004005_02101_00006_nrcb3_cal.fits,117573120,262872583,PUBLIC,2,F200W
262853796,JWST,image,jw05893004005_02101_00003_nrcb4,exposure (L2b): 2D calibrated exposure average over integrations,S,mast:JWST/product/jw05893004005_02101_00003_nrcb4_cal.fits,SCIENCE,,CAL,,CALJWST,2.0.0,5893,jw05893004005_02101_00003_nrcb4_cal.fits,117573120,262872583,PUBLIC,2,F200W
262853797,JWST,image,jw05893004005_02101_00004_nrcb4,exposure (L2b): 2D calibrated exposure average over integrations,S,mast:JWST/product/jw05893004005_02101_00004_nrcb4_cal.fits,SCIENCE,,CAL,,CALJWST,2.0.0,5893,jw05893004005_02101_00004_nrcb4_cal.fits,117573120,262872583,PUBLIC,2,F200W
262853980,JWST,image,jw05893004007_02101_00001_nrcb4,exposure (L2b): 2D calibrated exposure average over integrations,S,mast:JWST/product/jw05893004007_02101_00001_nrcb4_cal.fits,SCIENCE,,CAL,,CALJWST,2.0.0,5893,jw05893004007_02101_00001_nrcb4_cal.fits,117573120,262872583,PUBLIC,2,F200W
262853990,JWST,image,jw05893004007_02101_00002_nrca4,exposure (L2b): 2D calibrated exposure average over integrations,S,mast:JWST/product/jw05893004007_02101_00002_nrca4_cal.fits,SCIENCE,,CAL,,CALJWST,2.0.0,5893,jw05893004007_02101_00002_nrca4_cal.fits,117573120,262872583,PUBLIC,2,F200W
262853992,JWST,image,jw05893004007_02101_00003_nrca1,exposure (L2b): 2D calibrated exposure average over integrations,S,mast:JWST/product/jw05893004007_02101_00003_nrca1_cal.fits,SCIENCE,,CAL,,CALJWST,2.0.0,5893,jw05893004007_02101_00003_nrca1_cal.fits,117570240,262872583,PUBLIC,2,F200W
262853993,JWST,image,jw05893004007_02101_00004_nrca4,exposure (L2b): 2D calibrated exposure average over integrations,S,mast:JWST/product/jw05893004007_02101_00004_nrca4_cal.fits,SCIENCE,,CAL,,CALJWST,2.0.0,5893,jw05893004007_02101_00004_nrca4_cal.fits,117573120,262872583,PUBLIC,2,F200W
262853996,JWST,image,jw05893004007_02101_00004_nrcb4,exposure (L2b): 2D calibrated exposure average over integrations,S,mast:JWST/product/jw05893004007_02101_00004_nrcb4_cal.fits,SCIENCE,,CAL,,CALJWST,2.0.0,5893,jw05893004007_02101_00004_nrcb4_cal.fits,117573120,262872583,PUBLIC,2,F200W
262853999,JWST,image,jw05893004007_02101_00004_nrcb3,exposure (L2b): 2D calibrated exposure average over integrations,S,mast:JWST/product/jw05893004007_02101_00004_nrcb3_cal.fits,SCIENCE,,CAL,,CALJWST,2.0.0,5893,jw05893004007_02101_00004_nrcb3_cal.fits,117573120,262872583,PUBLIC,2,F200W
262854000,JWST,image,jw05893004007_02101_00004_nrcb1,exposure (L2b): 2D calibrated exposure average over integrations,S,mast:JWST/product/jw05893004007_02101_00004_nrcb1_cal.fits,SCIENCE,,CAL,,CALJWST,2.0.0,5893,jw05893004007_02101_00004_nrcb1_cal.fits,117573120,262872583,PUBLIC,2,F200W
262854002,JWST,image,jw05893004007_02101_00005_nrca4,exposure (L2b): 2D calibrated exposure average over integrations,S,mast:JWST/product/jw05893004007_02101_00005_nrca4_cal.fits,SCIENCE,,CAL,,CALJWST,2.0.0,5893,jw05893004007_02101_00005_nrca4_cal.fits,117573120,262872583,PUBLIC,2,F200W
262854003,JWST,image,jw05893004007_02101_00003_nrcb2,exposure (L2b): 2D calibrated exposure average over integrations,S,mast:JWST/product/jw05893004007_02101_00003_nrcb2_cal.fits,SCIENCE,,CAL,,CALJWST,2.0.0,5893,jw05893004007_02101_00003_nrcb2_cal.fits,117573120,262872583,PUBLIC,2,F200W
262854004,JWST,image,jw05893004007_02101_00001_nrcb3,exposure (L2b): 2D calibrated exposure average over integrations,S,mast:JWST/product/jw05893004007_02101_00001_nrcb3_cal.fits,SCIENCE,,CAL,,CALJWST,2.0.0,5893,jw05893004007_02101_00001_nrcb3_cal.fits,117573120,262872583,PUBLIC,2,F200W
262854005,JWST,image,jw05893004007_02101_00002_nrca3,exposure (L2b): 2D calibrated exposure average over integrations,S,mast:JWST/product/jw05893004007_02101_00002_nrca3_cal.fits,SCIENCE,,CAL,,CALJWST,2.0.0,5893,jw05893004007_02101_00002_nrca3_cal.fits,117573120,262872583,PUBLIC,2,F200W
262854006,JWST,image,jw05893004007_02101_00004_nrca1,exposure (L2b): 2D calibrated exposure average over integrations,S,mast:JWST/product/jw05893004007_02101_00004_nrca1_cal.fits,SCIENCE,,CAL,,CALJWST,2.0.0,5893,jw05893004007_02101_00004_nrca1_cal.fits,117570240,262872583,PUBLIC,2,F200W
262854008,JWST,image,jw05893004007_02101_00002_nrcb3,exposure (L2b): 2D calibrated exposure average over integrations,S,mast:JWST/product/jw05893004007_02101_00002_nrcb3_cal.fits,SCIENCE,,CAL,,CALJWST,2.0.0,5893,jw05893004007_02101_00002_nrcb3_cal.fits,117573120,262872583,PUBLIC,2,F200W
262854013,JWST,image,jw05893004007_02101_00002_nrca2,exposure (L2b): 2D calibrated exposure average over integrations,S,mast:JWST/product/jw05893004007_02101_00002_nrca2_cal.fits,SCIENCE,,CAL,,CALJWST,2.0.0,5893,jw05893004007_02101_00002_nrca2_cal.fits,117570240,262872583,PUBLIC,2,F200W
262854014,JWST,image,jw05893004007_02101_00001_nrca2,exposure (L2b): 2D calibrated exposure average over integrations,S,mast:JWST/product/jw05893004007_02101_00001_nrca2_cal.fits,SCIENCE,,CAL,,CALJWST,2.0.0,5893,jw05893004007_02101_00001_nrca2_cal.fits,117570240,262872583,PUBLIC,2,F200W
262854016,JWST,image,jw05893004007_02101_00005_nrcb3,exposure (L2b): 2D calibrated exposure average over integrations,S,mast:JWST/product/jw05893004007_02101_00005_nrcb3_cal.fits,SCIENCE,,CAL,,CALJWST,2.0.0,5893,jw05893004007_02101_00005_nrcb3_cal.fits,117573120,262872583,PUBLIC,2,F200W
262854017,JWST,image,jw05893004007_02101_00003_nrca4,exposure (L2b): 2D calibrated exposure average over integrations,S,mast:JWST/product/jw05893004007_02101_00003_nrca4_cal.fits,SCIENCE,,CAL,,CALJWST,2.0.0,5893,jw05893004007_02101_00003_nrca4_cal.fits,117573120,262872583,PUBLIC,2,F200W
262854018,JWST,image,jw05893004007_02101_00003_nrcb1,exposure (L2b): 2D calibrated exposure average over integrations,S,mast:JWST/product/jw05893004007_02101_00003_nrcb1_cal.fits,SCIENCE,,CAL,,CALJWST,2.0.0,5893,jw05893004007_02101_00003_nrcb1_cal.fits,117573120,262872583,PUBLIC,2,F200W
262854019,JWST,image,jw05893004007_02101_00004_nrca2,exposure (L2b): 2D calibrated exposure average over integrations,S,mast:JWST/product/jw05893004007_02101_00004_nrca2_cal.fits,SCIENCE,,CAL,,CALJWST,2.0.0,5893,jw05893004007_02101_00004_nrca2_cal.fits,117570240,262872583,PUBLIC,2,F200W
262854020,JWST,image,jw05893004007_02101_00003_nrca2,exposure (L2b): 2D calibrated exposure average over integrations,S,mast:JWST/product/jw05893004007_02101_00003_nrca2_cal.fits,SCIENCE,,CAL,,CALJWST,2.0.0,5893,jw05893004007_02101_00003_nrca2_cal.fits,117570240,262872583,PUBLIC,2,F200W
262854023,JWST,image,jw05893004007_02101_00003_nrca3,exposure (L2b): 2D calibrated exposure average over integrations,S,mast:JWST/product/jw05893004007_02101_00003_nrca3_cal.fits,SCIENCE,,CAL,,CALJWST,2.0.0,5893,jw05893004007_02101_00003_nrca3_cal.fits,117573120,262872583,PUBLIC,2,F200W
262854024,JWST,image,jw05893004007_02101_00001_nrcb1,exposure (L2b): 2D calibrated exposure average over integrations,S,mast:JWST/product/jw05893004007_02101_00001_nrcb1_cal.fits,SCIENCE,,CAL,,CALJWST,2.0.0,5893,jw05893004007_02101_00001_nrcb1_cal.fits,117573120,262872583,PUBLIC,2,F200W
262854025,JWST,image,jw05893004007_02101_00005_nrcb2,exposure (L2b): 2D calibrated exposure average over integrations,S,mast:JWST/product/jw05893004007_02101_00005_nrcb2_cal.fits,SCIENCE,,CAL,,CALJWST,2.0.0,5893,jw05893004007_02101_00005_nrcb2_cal.fits,117573120,262872583,PUBLIC,2,F200W
262854026,JWST,image,jw05893004007_02101_00004_nrca3,exposure (L2b): 2D calibrated exposure average over integrations,S,mast:JWST/product/jw05893004007_02101_00004_nrca3_cal.fits,SCIENCE,,CAL,,CALJWST,2.0.0,5893,jw05893004007_02101_00004_nrca3_cal.fits,117573120,262872583,PUBLIC,2,F200W
262854027,JWST,image,jw05893004007_02101_00003_nrcb4,exposure (L2b): 2D calibrated exposure average over integrations,S,mast:JWST/product/jw05893004007_02101_00003_nrcb4_cal.fits,SCIENCE,,CAL,,CALJWST,2.0.0,5893,jw05893004007_02101_00003_nrcb4_cal.fits,117573120,262872583,PUBLIC,2,F200W
262854028,JWST,image,jw05893004007_02101_00002_nrcb1,exposure (L2b): 2D calibrated exposure average over integrations,S,mast:JWST/product/jw05893004007_02101_00002_nrcb1_cal.fits,SCIENCE,,CAL,,CALJWST,2.0.0,5893,jw05893004007_02101_00002_nrcb1_cal.fits,117573120,262872583,PUBLIC,2,F200W
262854029,JWST,image,jw05893004007_02101_00002_nrca1,exposure (L2b): 2D calibrated exposure average over integrations,S,mast:JWST/product/jw05893004007_02101_00002_nrca1_cal.fits,SCIENCE,,CAL,,CALJWST,2.0.0,5893,jw05893004007_02101_00002_nrca1_cal.fits,117570240,262872583,PUBLIC,2,F200W
262854030,JWST,image,jw05893004007_02101_00001_nrca3,exposure (L2b): 2D calibrated exposure average over integrations,S,mast:JWST/product/jw05893004007_02101_00001_nrca3_cal.fits,SCIENCE,,CAL,,CALJWST,2.0.0,5893,jw05893004007_02101_00001_nrca3_cal.fits,117573120,262872583,PUBLIC,2,F200W
262854031,JWST,image,jw05893004007_02101_00005_nrcb4,exposure (L2b): 2D calibrated exposure average over integrations,S,mast:JWST/product/jw05893004007_02101_00005_nrcb4_cal.fits,SCIENCE,,CAL,,CALJWST,2.0.0,5893,jw05893004007_02101_00005_nrcb4_cal.fits,117573120,262872583,PUBLIC,2,F200W
262854032,JWST,image,jw05893004007_02101_00002_nrcb2,exposure (L2b): 2D calibrated exposure average over integrations,S,mast:JWST/product/jw05893004007_02101_00002_nrcb2_cal.fits,SCIENCE,,CAL,,CALJWST,2.0.0,5893,jw05893004007_02101_00002_nrcb2_cal.fits,117573120,262872583,PUBLIC,2,F200W
262854033,JWST,image,jw05893004007_02101_00005_nrca3,exposure (L2b): 2D calibrated exposure average over integrations,S,mast:JWST/product/jw05893004007_02101_00005_nrca3_cal.fits,SCIENCE,,CAL,,CALJWST,2.0.0,5893,jw05893004007_02101_00005_nrca3_cal.fits,117573120,262872583,PUBLIC,2,F200W
262854034,JWST,image,jw05893004007_02101_00001_nrcb2,exposure (L2b): 2D calibrated exposure average over integrations,S,mast:JWST/product/jw05893004007_02101_00001_nrcb2_cal.fits,SCIENCE,,CAL,,CALJWST,2.0.0,5893,jw05893004007_02101_00001_nrcb2_cal.fits,117573120,262872583,PUBLIC,2,F200W
262854035,JWST,image,jw05893004007_02101_00005_nrca1,exposure (L2b): 2D calibrated exposure average over integrations,S,mast:JWST/product/jw05893004007_02101_00005_nrca1_cal.fits,SCIENCE,,CAL,,CALJWST,2.0.0,5893,jw05893004007_02101_00005_nrca1_cal.fits,117570240,262872583,PUBLIC,2,F200W
262854036,JWST,image,jw05893004007_02101_00002_nrcb4,exposure (L2b): 2D calibrated exposure average over integrations,S,mast:JWST/product/jw05893004007_02101_00002_nrcb4_cal.fits,SCIENCE,,CAL,,CALJWST,2.0.0,5893,jw05893004007_02101_00002_nrcb4_cal.fits,117573120,262872583,PUBLIC,2,F200W
262854037,JWST,image,jw05893004007_02101_00004_nrcb2,exposure (L2b): 2D calibrated exposure average over integrations,S,mast:JWST/product/jw05893004007_02101_00004_nrcb2_cal.fits,SCIENCE,,CAL,,CALJWST,2.0.0,5893,jw05893004007_02101_00004_nrcb2_cal.fits,117573120,262872583,PUBLIC,2,F200W
262854038,JWST,image,jw05893004007_02101_00001_nrca4,exposure (L2b): 2D calibrated exposure average over integrations,S,mast:JWST/product/jw05893004007_02101_00001_nrca4_cal.fits,SCIENCE,,CAL,,CALJWST,2.0.0,5893,jw05893004007_02101_00001_nrca4_cal.fits,117573120,262872583,PUBLIC,2,F200W
262854039,JWST,image,jw05893004007_02101_00003_nrcb3,exposure (L2b): 2D calibrated exposure average over integrations,S,mast:JWST/product/jw05893004007_02101_00003_nrcb3_cal.fits,SCIENCE,,CAL,,CALJWST,2.0.0,5893,jw05893004007_02101_00003_nrcb3_cal.fits,117573120,262872583,PUBLIC,2,F200W
262854040,JWST,image,jw05893004007_02101_00005_nrcb1,exposure (L2b): 2D calibrated exposure average over integrations,S,mast:JWST/product/jw05893004007_02101_00005_nrcb1_cal.fits,SCIENCE,,CAL,,CALJWST,2.0.0,5893,jw05893004007_02101_00005_nrcb1_cal.fits,117573120,262872583,PUBLIC,2,F200W
262854041,JWST,image,jw05893004007_02101_00001_nrca1,exposure (L2b): 2D calibrated exposure average over integrations,S,mast:JWST/product/jw05893004007_02101_00001_nrca1_cal.fits,SCIENCE,,CAL,,CALJWST,2.0.0,5893,jw05893004007_02101_00001_nrca1_cal.fits,117570240,262872583,PUBLIC,2,F200W
262854096,JWST,image,jw05893004008_02101_00001_nrca1,exposure (L2b): 2D calibrated exposure average over integrations,S,mast:JWST/product/jw05893004008_02101_00001_nrca1_cal.fits,SCIENCE,,CAL,,CALJWST,2.0.0,5893,jw05893004008_02101_00001_nrca1_cal.fits,117570240,262872583,PUBLIC,2,F200W
262854097,JWST,image,jw05893004008_02101_00001_nrca3,exposure (L2b): 2D calibrated exposure average over integrations,S,mast:JWST/product/jw05893004008_02101_00001_nrca3_cal.fits,SCIENCE,,CAL,,CALJWST,2.0.0,5893,jw05893004008_02101_00001_nrca3_cal.fits,117573120,262872583,PUBLIC,2,F200W
262854098,JWST,image,jw05893004008_02101_00001_nrcb1,exposure (L2b): 2D calibrated exposure average over integrations,S,mast:JWST/product/jw05893004008_02101_00001_nrcb1_cal.fits,SCIENCE,,CAL,,CALJWST,2.0.0,5893,jw05893004008_02101_00001_nrcb1_cal.fits,117573120,262872583,PUBLIC,2,F200W
262854099,JWST,image,jw05893004008_02101_00001_nrca2,exposure (L2b): 2D calibrated exposure average over integrations,S,mast:JWST/product/jw05893004008_02101_00001_nrca2_cal.fits,SCIENCE,,CAL,,CALJWST,2.0.0,5893,jw05893004008_02101_00001_nrca2_cal.fits,117570240,262872583,PUBLIC,2,F200W
262854104,JWST,image,jw05893004007_02101_00006_nrca1,exposure (L2b): 2D calibrated exposure average over integrations,S,mast:JWST/product/jw05893004007_02101_00006_nrca1_cal.fits,SCIENCE,,CAL,,CALJWST,2.0.0,5893,jw05893004007_02101_00006_nrca1_cal.fits,117570240,262872583,PUBLIC,2,F200W
262854108,JWST,image,jw05893004007_02101_00006_nrcb4,exposure (L2b): 2D calibrated exposure average over integrations,S,mast:JWST/product/jw05893004007_02101_00006_nrcb4_cal.fits,SCIENCE,,CAL,,CALJWST,2.0.0,5893,jw05893004007_02101_00006_nrcb4_cal.fits,117573120,262872583,PUBLIC,2,F200W
262854112,JWST,image,jw05893004007_02101_00006_nrcb2,exposure (L2b): 2D calibrated exposure average over integrations,S,mast:JWST/product/jw05893004007_02101_00006_nrcb2_cal.fits,SCIENCE,,CAL,,CALJWST,2.0.0,5893,jw05893004007_02101_00006_nrcb2_cal.fits,117573120,262872583,PUBLIC,2,F200W
262854120,JWST,image,jw05893004007_02101_00006_nrcb1,exposure (L2b): 2D calibrated exposure average over integrations,S,mast:JWST/product/jw05893004007_02101_00006_nrcb1_cal.fits,SCIENCE,,CAL,,CALJWST,2.0.0,5893,jw05893004007_02101_00006_nrcb1_cal.fits,117573120,262872583,PUBLIC,2,F200W
262854132,JWST,image,jw05893004007_02101_00006_nrca4,exposure (L2b): 2D calibrated exposure average over integrations,S,mast:JWST/product/jw05893004007_02101_00006_nrca4_cal.fits,SCIENCE,,CAL,,CALJWST,2.0.0,5893,jw05893004007_02101_00006_nrca4_cal.fits,117573120,262872583,PUBLIC,2,F200W
262854133,JWST,image,jw05893004007_02101_00006_nrca2,exposure (L2b): 2D calibrated exposure average over integrations,S,mast:JWST/product/jw05893004007_02101_00006_nrca2_cal.fits,SCIENCE,,CAL,,CALJWST,2.0.0,5893,jw05893004007_02101_00006_nrca2_cal.fits,117570240,262872583,PUBLIC,2,F200W
262854135,JWST,image,jw05893004007_02101_00006_nrca3,exposure (L2b): 2D calibrated exposure average over integrations,S,mast:JWST/product/jw05893004007_02101_00006_nrca3_cal.fits,SCIENCE,,CAL,,CALJWST,2.0.0,5893,jw05893004007_02101_00006_nrca3_cal.fits,117573120,262872583,PUBLIC,2,F200W
262854136,JWST,image,jw05893004007_02101_00005_nrca2,exposure (L2b): 2D calibrated exposure average over integrations,S,mast:JWST/product/jw05893004007_02101_00005_nrca2_cal.fits,SCIENCE,,CAL,,CALJWST,2.0.0,5893,jw05893004007_02101_00005_nrca2_cal.fits,117570240,262872583,PUBLIC,2,F200W
262854146,JWST,image,jw05893004007_02101_00006_nrcb3,exposure (L2b): 2D calibrated exposure average over integrations,S,mast:JWST/product/jw05893004007_02101_00006_nrcb3_cal.fits,SCIENCE,,CAL,,CALJWST,2.0.0,5893,jw05893004007_02101_00006_nrcb3_cal.fits,117573120,262872583,PUBLIC,2,F200W
262854257,JWST,image,jw05893004008_02101_00002_nrcb4,exposure (L2b): 2D calibrated exposure average over integrations,S,mast:JWST/product/jw05893004008_02101_00002_nrcb4_cal.fits,SCIENCE,,CAL,,CALJWST,2.0.0,5893,jw05893004008_02101_00002_nrcb4_cal.fits,117573120,262872583,PUBLIC,2,F200W
262854258,JWST,image,jw05893004008_02101_00001_nrcb3,exposure (L2b): 2D calibrated exposure average over integrations,S,mast:JWST/product/jw05893004008_02101_00001_nrcb3_cal.fits,SCIENCE,,CAL,,CALJWST,2.0.0,5893,jw05893004008_02101_00001_nrcb3_cal.fits,117573120,262872583,PUBLIC,2,F200W
262854259,JWST,image,jw05893004008_02101_00001_nrcb2,exposure (L2b): 2D calibrated exposure average over integrations,S,mast:JWST/product/jw05893004008_02101_00001_nrcb2_cal.fits,SCIENCE,,CAL,,CALJWST,2.0.0,5893,jw05893004008_02101_00001_nrcb2_cal.fits,117573120,262872583,PUBLIC,2,F200W
262854260,JWST,image,jw05893004008_02101_00003_nrca4,exposure (L2b): 2D calibrated exposure average over integrations,S,mast:JWST/product/jw05893004008_02101_00003_nrca4_cal.fits,SCIENCE,,CAL,,CALJWST,2.0.0,5893,jw05893004008_02101_00003_nrca4_cal.fits,117573120,262872583,PUBLIC,2,F200W
262854261,JWST,image,jw05893004008_02101_00002_nrca2,exposure (L2b): 2D calibrated exposure average over integrations,S,mast:JWST/product/jw05893004008_02101_00002_nrca2_cal.fits,SCIENCE,,CAL,,CALJWST,2.0.0,5893,jw05893004008_02101_00002_nrca2_cal.fits,117570240,262872583,PUBLIC,2,F200W
262854263,JWST,image,jw05893004008_02101_00005_nrcb4,exposure (L2b): 2D calibrated exposure average over integrations,S,mast:JWST/product/jw05893004008_02101_00005_nrcb4_cal.fits,SCIENCE,,CAL,,CALJWST,2.0.0,5893,jw05893004008_02101_00005_nrcb4_cal.fits,117573120,262872583,PUBLIC,2,F200W
262854265,JWST,image,jw05893004008_02101_00003_nrcb4,exposure (L2b): 2D calibrated exposure average over integrations,S,mast:JWST/product/jw05893004008_02101_00003_nrcb4_cal.fits,SCIENCE,,CAL,,CALJWST,2.0.0,5893,jw05893004008_02101_00003_nrcb4_cal.fits,117573120,262872583,PUBLIC,2,F200W
262854266,JWST,image,jw05893004008_02101_00002_nrcb3,exposure (L2b): 2D calibrated exposure average over integrations,S,mast:JWST/product/jw05893004008_02101_00002_nrcb3_cal.fits,SCIENCE,,CAL,,CALJWST,2.0.0,5893,jw05893004008_02101_00002_nrcb3_cal.fits,117573120,262872583,PUBLIC,2,F200W
262854267,JWST,image,jw05893004008_02101_00001_nrca4,exposure (L2b): 2D calibrated exposure average over integrations,S,mast:JWST/product/jw05893004008_02101_00001_nrca4_cal.fits,SCIENCE,,CAL,,CALJWST,2.0.0,5893,jw05893004008_02101_00001_nrca4_cal.fits,117573120,262872583,PUBLIC,2,F200W
262854268,JWST,image,jw05893004008_02101_00003_nrca2,exposure (L2b): 2D calibrated exposure average over integrations,S,mast:JWST/product/jw05893004008_02101_00003_nrca2_cal.fits,SCIENCE,,CAL,,CALJWST,2.0.0,5893,jw05893004008_02101_00003_nrca2_cal.fits,117570240,262872583,PUBLIC,2,F200W
262854269,JWST,image,jw05893004008_02101_00002_nrca1,exposure (L2b): 2D calibrated exposure average over integrations,S,mast:JWST/product/jw05893004008_02101_00002_nrca1_cal.fits,SCIENCE,,CAL,,CALJWST,2.0.0,5893,jw05893004008_02101_00002_nrca1_cal.fits,117570240,262872583,PUBLIC,2,F200W
262854273,JWST,image,jw05893004008_02101_00005_nrca1,exposure (L2b): 2D calibrated exposure average over integrations,S,mast:JWST/product/jw05893004008_02101_00005_nrca1_cal.fits,SCIENCE,,CAL,,CALJWST,2.0.0,5893,jw05893004008_02101_00005_nrca1_cal.fits,117570240,262872583,PUBLIC,2,F200W
262854276,JWST,image,jw05893004008_02101_00004_nrca1,exposure (L2b): 2D calibrated exposure average over integrations,S,mast:JWST/product/jw05893004008_02101_00004_nrca1_cal.fits,SCIENCE,,CAL,,CALJWST,2.0.0,5893,jw05893004008_02101_00004_nrca1_cal.fits,117570240,262872583,PUBLIC,2,F200W
262854277,JWST,image,jw05893004008_02101_00005_nrca2,exposure (L2b): 2D calibrated exposure average over integrations,S,mast:JWST/product/jw05893004008_02101_00005_nrca2_cal.fits,SCIENCE,,CAL,,CALJWST,2.0.0,5893,jw05893004008_02101_00005_nrca2_cal.fits,117570240,262872583,PUBLIC,2,F200W
262854278,JWST,image,jw05893004008_02101_00004_nrcb4,exposure (L2b): 2D calibrated exposure average over integrations,S,mast:JWST/product/jw05893004008_02101_00004_nrcb4_cal.fits,SCIENCE,,CAL,,CALJWST,2.0.0,5893,jw05893004008_02101_00004_nrcb4_cal.fits,117573120,262872583,PUBLIC,2,F200W
262854279,JWST,image,jw05893004008_02101_00002_nrcb1,exposure (L2b): 2D calibrated exposure average over integrations,S,mast:JWST/product/jw05893004008_02101_00002_nrcb1_cal.fits,SCIENCE,,CAL,,CALJWST,2.0.0,5893,jw05893004008_02101_00002_nrcb1_cal.fits,117573120,262872583,PUBLIC,2,F200W
262854280,JWST,image,jw05893004008_02101_00003_nrcb3,exposure (L2b): 2D calibrated exposure average over integrations,S,mast:JWST/product/jw05893004008_02101_00003_nrcb3_cal.fits,SCIENCE,,CAL,,CALJWST,2.0.0,5893,jw05893004008_02101_00003_nrcb3_cal.fits,117573120,262872583,PUBLIC,2,F200W
262854281,JWST,image,jw05893004008_02101_00002_nrca4,exposure (L2b): 2D calibrated exposure average over integrations,S,mast:JWST/product/jw05893004008_02101_00002_nrca4_cal.fits,SCIENCE,,CAL,,CALJWST,2.0.0,5893,jw05893004008_02101_00002_nrca4_cal.fits,117573120,262872583,PUBLIC,2,F200W
262854282,JWST,image,jw05893004008_02101_00002_nrcb2,exposure (L2b): 2D calibrated exposure average over integrations,S,mast:JWST/product/jw05893004008_02101_00002_nrcb2_cal.fits,SCIENCE,,CAL,,CALJWST,2.0.0,5893,jw05893004008_02101_00002_nrcb2_cal.fits,117573120,262872583,PUBLIC,2,F200W
262854285,JWST,image,jw05893004008_02101_00004_nrcb1,exposure (L2b): 2D calibrated exposure average over integrations,S,mast:JWST/product/jw05893004008_02101_00004_nrcb1_cal.fits,SCIENCE,,CAL,,CALJWST,2.0.0,5893,jw05893004008_02101_00004_nrcb1_cal.fits,117573120,262872583,PUBLIC,2,F200W
262854287,JWST,image,jw05893004008_02101_00004_nrca2,exposure (L2b): 2D calibrated exposure average over integrations,S,mast:JWST/product/jw05893004008_02101_00004_nrca2_cal.fits,SCIENCE,,CAL,,CALJWST,2.0.0,5893,jw05893004008_02101_00004_nrca2_cal.fits,117570240,262872583,PUBLIC,2,F200W
262854289,JWST,image,jw05893004008_02101_00005_nrcb1,exposure (L2b): 2D calibrated exposure average over integrations,S,mast:JWST/product/jw05893004008_02101_00005_nrcb1_cal.fits,SCIENCE,,CAL,,CALJWST,2.0.0,5893,jw05893004008_02101_00005_nrcb1_cal.fits,117573120,262872583,PUBLIC,2,F200W
262854290,JWST,image,jw05893004008_02101_00004_nrcb2,exposure (L2b): 2D calibrated exposure average over integrations,S,mast:JWST/product/jw05893004008_02101_00004_nrcb2_cal.fits,SCIENCE,,CAL,,CALJWST,2.0.0,5893,jw05893004008_02101_00004_nrcb2_cal.fits,117573120,262872583,PUBLIC,2,F200W
262854291,JWST,image,jw05893004008_02101_00001_nrcb4,exposure (L2b): 2D calibrated exposure average over integrations,S,mast:JWST/product/jw05893004008_02101_00001_nrcb4_cal.fits,SCIENCE,,CAL,,CALJWST,2.0.0,5893,jw05893004008_02101_00001_nrcb4_cal.fits,117573120,262872583,PUBLIC,2,F200W
262854293,JWST,image,jw05893004008_02101_00005_nrca4,exposure (L2b): 2D calibrated exposure average over integrations,S,mast:JWST/product/jw05893004008_02101_00005_nrca4_cal.fits,SCIENCE,,CAL,,CALJWST,2.0.0,5893,jw05893004008_02101_00005_nrca4_cal.fits,117573120,262872583,PUBLIC,2,F200W
262854295,JWST,image,jw05893004008_02101_00004_nrcb3,exposure (L2b): 2D calibrated exposure average over integrations,S,mast:JWST/product/jw05893004008_02101_00004_nrcb3_cal.fits,SCIENCE,,CAL,,CALJWST,2.0.0,5893,jw05893004008_02101_00004_nrcb3_cal.fits,117573120,262872583,PUBLIC,2,F200W
262854296,JWST,image,jw05893004008_02101_00003_nrca3,exposure (L2b): 2D calibrated exposure average over integrations,S,mast:JWST/product/jw05893004008_02101_00003_nrca3_cal.fits,SCIENCE,,CAL,,CALJWST,2.0.0,5893,jw05893004008_02101_00003_nrca3_cal.fits,117573120,262872583,PUBLIC,2,F200W
262854297,JWST,image,jw05893004008_02101_00003_nrca1,exposure (L2b): 2D calibrated exposure average over integrations,S,mast:JWST/product/jw05893004008_02101_00003_nrca1_cal.fits,SCIENCE,,CAL,,CALJWST,2.0.0,5893,jw05893004008_02101_00003_nrca1_cal.fits,117570240,262872583,PUBLIC,2,F200W
262854298,JWST,image,jw05893004008_02101_00003_nrcb1,exposure (L2b): 2D calibrated exposure average over integrations,S,mast:JWST/product/jw05893004008_02101_00003_nrcb1_cal.fits,SCIENCE,,CAL,,CALJWST,2.0.0,5893,jw05893004008_02101_00003_nrcb1_cal.fits,117573120,262872583,PUBLIC,2,F200W
262854299,JWST,image,jw05893004008_02101_00003_nrcb2,exposure (L2b): 2D calibrated exposure average over integrations,S,mast:JWST/product/jw05893004008_02101_00003_nrcb2_cal.fits,SCIENCE,,CAL,,CALJWST,2.0.0,5893,jw05893004008_02101_00003_nrcb2_cal.fits,117573120,262872583,PUBLIC,2,F200W
262854301,JWST,image,jw05893004008_02101_00004_nrca4,exposure (L2b): 2D calibrated exposure average over integrations,S,mast:JWST/product/jw05893004008_02101_00004_nrca4_cal.fits,SCIENCE,,CAL,,CALJWST,2.0.0,5893,jw05893004008_02101_00004_nrca4_cal.fits,117573120,262872583,PUBLIC,2,F200W
262854302,JWST,image,jw05893004008_02101_00002_nrca3,exposure (L2b): 2D calibrated exposure average over integrations,S,mast:JWST/product/jw05893004008_02101_00002_nrca3_cal.fits,SCIENCE,,CAL,,CALJWST,2.0.0,5893,jw05893004008_02101_00002_nrca3_cal.fits,117573120,262872583,PUBLIC,2,F200W
262854303,JWST,image,jw05893004008_02101_00005_nrca3,exposure (L2b): 2D calibrated exposure average over integrations,S,mast:JWST/product/jw05893004008_02101_00005_nrca3_cal.fits,SCIENCE,,CAL,,CALJWST,2.0.0,5893,jw05893004008_02101_00005_nrca3_cal.fits,117573120,262872583,PUBLIC,2,F200W
262854306,JWST,image,jw05893004008_02101_00005_nrcb3,exposure (L2b): 2D calibrated exposure average over integrations,S,mast:JWST/product/jw05893004008_02101_00005_nrcb3_cal.fits,SCIENCE,,CAL,,CALJWST,2.0.0,5893,jw05893004008_02101_00005_nrcb3_cal.fits,117573120,262872583,PUBLIC,2,F200W
262854308,JWST,image,jw05893004008_02101_00004_nrca3,exposure (L2b): 2D calibrated exposure average over integrations,S,mast:JWST/product/jw05893004008_02101_00004_nrca3_cal.fits,SCIENCE,,CAL,,CALJWST,2.0.0,5893,jw05893004008_02101_00004_nrca3_cal.fits,117573120,262872583,PUBLIC,2,F200W
262854309,JWST,image,jw05893004008_02101_00005_nrcb2,exposure (L2b): 2D calibrated exposure average over integrations,S,mast:JWST/product/jw05893004008_02101_00005_nrcb2_cal.fits,SCIENCE,,CAL,,CALJWST,2.0.0,5893,jw05893004008_02101_00005_nrcb2_cal.fits,117573120,262872583,PUBLIC,2,F200W
262854317,JWST,image,jw05893004008_02101_00006_nrcb2,exposure (L2b): 2D calibrated exposure average over integrations,S,mast:JWST/product/jw05893004008_02101_00006_nrcb2_cal.fits,SCIENCE,,CAL,,CALJWST,2.0.0,5893,jw05893004008_02101_00006_nrcb2_cal.fits,117573120,262872583,PUBLIC,2,F200W
262854319,JWST,image,jw05893004008_02101_00006_nrca3,exposure (L2b): 2D calibrated exposure average over integrations,S,mast:JWST/product/jw05893004008_02101_00006_nrca3_cal.fits,SCIENCE,,CAL,,CALJWST,2.0.0,5893,jw05893004008_02101_00006_nrca3_cal.fits,117573120,262872583,PUBLIC,2,F200W
262854322,JWST,image,jw05893004008_02101_00006_nrca4,exposure (L2b): 2D calibrated exposure average over integrations,S,mast:JWST/product/jw05893004008_02101_00006_nrca4_cal.fits,SCIENCE,,CAL,,CALJWST,2.0.0,5893,jw05893004008_02101_00006_nrca4_cal.fits,117573120,262872583,PUBLIC,2,F200W
262854325,JWST,image,jw05893004008_02101_00006_nrcb3,exposure (L2b): 2D calibrated exposure average over integrations,S,mast:JWST/product/jw05893004008_02101_00006_nrcb3_cal.fits,SCIENCE,,CAL,,CALJWST,2.0.0,5893,jw05893004008_02101_00006_nrcb3_cal.fits,117573120,262872583,PUBLIC,2,F200W
262854330,JWST,image,jw05893004008_02101_00006_nrca1,exposure (L2b): 2D calibrated exposure average over integrations,S,mast:JWST/product/jw05893004008_02101_00006_nrca1_cal.fits,SCIENCE,,CAL,,CALJWST,2.0.0,5893,jw05893004008_02101_00006_nrca1_cal.fits,117570240,262872583,PUBLIC,2,F200W
262854332,JWST,image,jw05893004008_02101_00006_nrcb4,exposure (L2b): 2D calibrated exposure average over integrations,S,mast:JWST/product/jw05893004008_02101_00006_nrcb4_cal.fits,SCIENCE,,CAL,,CALJWST,2.0.0,5893,jw05893004008_02101_00006_nrcb4_cal.fits,117573120,262872583,PUBLIC,2,F200W
262854335,JWST,image,jw05893004008_02101_00006_nrca2,exposure (L2b): 2D calibrated exposure average over integrations,S,mast:JWST/product/jw05893004008_02101_00006_nrca2_cal.fits,SCIENCE,,CAL,,CALJWST,2.0.0,5893,jw05893004008_02101_00006_nrca2_cal.fits,117570240,262872583,PUBLIC,2,F200W
262854339,JWST,image,jw05893004008_02101_00006_nrcb1,exposure (L2b): 2D calibrated exposure average over integrations,S,mast:JWST/product/jw05893004008_02101_00006_nrcb1_cal.fits,SCIENCE,,CAL,,CALJWST,2.0.0,5893,jw05893004008_02101_00006_nrcb1_cal.fits,117573120,262872583,PUBLIC,2,F200W
