intentType,obs_collection,provenance_name,instrument_name,project,filters,wave_region,target_name,target_classification,obs_id,s_ra,s_dec,dataproduct_type,proposal_pi,calib_level,t_min,t_max,t_exptime,wavelength_region,em_min,em_max,obs_title,t_obs_release,proposal_id,proposal_type,sequence_number,s_region,jpegURL,dataURL,dataRights,mtFlag,srcDen,obsid,wave_min,wave_max,distance,candidate_id,candidate_ra_deg,candidate_dec_deg,filter_norm,t_min_numeric
science,JWST,CALJWST,NIRCAM/IMAGE,JWST,F115W,INFRARED,CWEBTILE-1-8,,jw01727-o018_t066_nircam_clear-f115w,150.1675720833333,2.4477805555555556,image,"Kartaltepe, Jeyhan",3,60315.56627659722,60315.58404789352,1030.728,INFRARED,1013.0000000000001,1282.0,COSMOS-Web: The JWST Cosmic Origins Survey,60315.809942,1727,GO,,POLYGON 150.190575029 2.451852056 150.185221892 2.43921558 150.184648382 2.439467792 150.178481987 2.425048007 150.178461388 2.425056798 150.177945427 2.42385023 150.178009927 2.423822181 150.175934481 2.419147635 150.173065851 2.412439284 150.172973563 2.41247867 150.172441279 2.411279784 150.172593803 2.411213456 150.165357525 2.394914557 150.165283238 2.394945331 150.149127023 2.402237803 150.149134819 2.402255472 150.14810451 2.402720518 150.148044487 2.402582976 150.13200031 2.409628887 150.132014774 2.40966224 150.130488683 2.410332422 150.130595477 2.410589775 150.135945975 2.422927718 150.135903181 2.422946511 150.138737852 2.429483057 150.144603947 2.443629723 150.144765303 2.443563586 150.15002265 2.456242024 150.150595891 2.456007063 150.155459824 2.467296999 150.155447303 2.467302432 150.158117301 2.473499869 150.16420647 2.487933694 150.164289991 2.487899035 150.169625406 2.500545974 150.185830927 2.493820995 150.185802029 2.493752055 150.186850253 2.493317049 150.186922013 2.49348892 150.203438543 2.486782 150.203404995 2.486701116 150.204951661 2.486073036 150.198112295 2.469583191 150.197953022 2.469650444 150.197442828 2.468420331 150.197634645 2.468339136 150.190638301 2.451824231,mast:JWST/product/jw01727-o018_t066_nircam_clear-f115w_i2d.jpg,mast:JWST/product/jw01727-o018_t066_nircam_clear-f115w_i2d.fits,PUBLIC,False,,200672760,1013.0000000000001,1282.0,0.0,474672,150.201510426313,2.47961793201337,F115W,60315.56627659722
science,JWST,CALJWST,NIRCAM/IMAGE,JWST,F277W,INFRARED,CWEBTILE-1-8,Galaxy; Field galaxies,jw01727-o018_t066_nircam_clear-f277w,150.1675720833333,2.4477805555555556,image,"Kartaltepe, Jeyhan",3,60315.56627659722,60315.58404715278,1030.728,INFRARED,2416.0,3127.0,COSMOS-Web: The JWST Cosmic Origins Survey,60315.809942,1727,GO,,POLYGON 150.132231058 2.409646351 150.132243242 2.409675095 150.130717153 2.410346997 150.13929001 2.430571809 150.144568993 2.442992549 150.144624812 2.44296956 150.14998165 2.455606757 150.150533918 2.455379308 150.164259684 2.487484365 150.164288454 2.487472559 150.169684463 2.500093657 150.202901761 2.486462541 150.202871482 2.486390256 150.204412877 2.485757693 150.190401487 2.452308158 150.190281351 2.452360819 150.184979474 2.439703046 150.184478525 2.439922635 150.179539712 2.428512265 150.179568622 2.428500357 150.165141311 2.395166888 150.164473871 2.395450068,mast:JWST/product/jw01727-o018_t066_nircam_clear-f277w_i2d.jpg,mast:JWST/product/jw01727-o018_t066_nircam_clear-f277w_i2d.fits,PUBLIC,False,,200763638,2416.0,3127.0,0.0,474672,150.201510426313,2.47961793201337,F277W,60315.56627659722
science,JWST,CALJWST,NIRCAM/IMAGE,JWST,F115W,INFRARED,CWEBTILE-1-9,,jw01727-o020_t074_nircam_clear-f115w,150.20173624999998,2.4353583333333337,image,"Kartaltepe, Jeyhan",3,60315.764457881945,60315.78210400463,1030.728,INFRARED,1013.0000000000001,1282.0,COSMOS-Web: The JWST Cosmic Origins Survey,60316.871412,1727,GO,,POLYGON 150.224710169 2.439453199 150.219358565 2.426819823 150.218781607 2.427073545 150.212614118 2.412650518 150.21259695 2.412657845 150.212080997 2.411451245 150.212142078 2.411424683 150.210176378 2.406997114 150.207202941 2.400043388 150.207107295 2.400084207 150.206575041 2.398885332 150.20673091 2.398817551 150.199495163 2.382519199 150.199400627 2.382558361 150.18326445 2.389841634 150.183269924 2.38985404 150.182239636 2.390319063 150.182181917 2.390186796 150.166137809 2.397232525 150.166149975 2.397260581 150.164620645 2.397932165 150.164725965 2.398185979 150.170076939 2.410525615 150.170040992 2.410541401 150.172690923 2.416652163 150.178735358 2.43122964 150.178903705 2.431160639 150.184160019 2.443837041 150.184726174 2.443604988 150.189589964 2.454895142 150.18958452 2.454897504 150.191851233 2.460159048 150.198337062 2.475533893 150.198427798 2.475496241 150.203762176 2.488141176 150.219967605 2.481416351 150.219940472 2.48135162 150.22098869 2.480916629 150.221058687 2.481084285 150.237575123 2.474377523 150.23754338 2.474300988 150.239082696 2.473675912 150.232243626 2.457185975 150.232087934 2.457251714 150.231577756 2.456021589 150.231765997 2.45594191 150.224769948 2.439426911,mast:JWST/product/jw01727-o020_t074_nircam_clear-f115w_i2d.jpg,mast:JWST/product/jw01727-o020_t074_nircam_clear-f115w_i2d.fits,PUBLIC,False,,200878770,1013.0000000000001,1282.0,0.0,474672,150.201510426313,2.47961793201337,F115W,60315.764457881945
science,JWST,CALJWST,NIRCAM/IMAGE,JWST,F150W,INFRARED,CWEBTILE-1-9,,jw01727-o020_t074_nircam_clear-f150w,150.20173624999998,2.4353583333333337,image,"Kartaltepe, Jeyhan",3,60315.7884415625,60315.806088425925,1030.728,INFRARED,1331.0,1668.0,COSMOS-Web: The JWST Cosmic Origins Survey,60316.871412,1727,GO,,POLYGON 150.224704184 2.439461496 150.219350191 2.426822222 150.218779062 2.427073359 150.212614148 2.412655421 150.212591424 2.412665119 150.212075627 2.411458813 150.212141667 2.411430092 150.210013856 2.406636868 150.207195217 2.40004475 150.20710466 2.400083397 150.206572558 2.398884736 150.206722743 2.39881942 150.199489084 2.382524087 150.199266683 2.382616219 150.183256467 2.389843103 150.1832628 2.389857457 150.182233039 2.390322275 150.182174486 2.390188089 150.166129585 2.397234069 150.166142603 2.39726409 150.164617789 2.397933686 150.164667221 2.398052811 150.170076624 2.410527646 150.170035313 2.410545787 150.172844023 2.417022961 150.178734761 2.431230737 150.178897809 2.431163902 150.184154423 2.44384196 150.184726546 2.44360744 150.189590092 2.454897499 150.189579221 2.454902216 150.192135062 2.460835165 150.19833664 2.475534786 150.198421263 2.475499671 150.203756675 2.488145925 150.219961967 2.481421337 150.21993584 2.48135901 150.220984092 2.480924018 150.221052979 2.481089006 150.237569162 2.474382285 150.237538423 2.47430817 150.239081861 2.473681417 150.232242982 2.457191766 150.232081962 2.457259754 150.231571777 2.456029602 150.231765135 2.455947762 150.224769297 2.439432865,mast:JWST/product/jw01727-o020_t074_nircam_clear-f150w_i2d.jpg,mast:JWST/product/jw01727-o020_t074_nircam_clear-f150w_i2d.fits,PUBLIC,False,,200869577,1331.0,1668.0,0.0,474672,150.201510426313,2.47961793201337,F150W,60315.7884415625
science,JWST,CALJWST,NIRCAM/IMAGE,JWST,F277W,INFRARED,CWEBTILE-1-9,Galaxy; Field galaxies,jw01727-o020_t074_nircam_clear-f277w,150.20173624999998,2.4353583333333337,image,"Kartaltepe, Jeyhan",3,60315.7644571412,60315.78210474537,1030.728,INFRARED,2416.0,3127.0,COSMOS-Web: The JWST Cosmic Origins Survey,60316.871412,1727,GO,,POLYGON 150.16636192 2.39724665 150.166374086 2.397275354 150.164849171 2.39794672 150.175501303 2.42307802 150.17869572 2.430594396 150.178753105 2.430570764 150.184110391 2.443209463 150.184665726 2.442980755 150.198390284 2.475084563 150.198416144 2.475073952 150.203812602 2.487696548 150.237029711 2.474065749 150.237000403 2.473995779 150.238539969 2.473363986 150.224529178 2.439914263 150.224412677 2.43996533 150.219109506 2.427303945 150.218604915 2.427525126 150.213666268 2.4161146 150.21369883 2.416101189 150.199272596 2.382768865 150.198508616 2.383092995,mast:JWST/product/jw01727-o020_t074_nircam_clear-f277w_i2d.jpg,mast:JWST/product/jw01727-o020_t074_nircam_clear-f277w_i2d.fits,PUBLIC,False,,200878767,2416.0,3127.0,0.0,474672,150.201510426313,2.47961793201337,F277W,60315.7644571412
science,JWST,CALJWST,NIRCAM/IMAGE,JWST,F444W,INFRARED,CWEBTILE-1-9,Galaxy; Field galaxies,jw01727-o020_t074_nircam_clear-f444w,150.20173624999998,2.4353583333333337,image,"Kartaltepe, Jeyhan",3,60315.7884415625,60315.806088425925,1030.728,INFRARED,3880.0,4986.0,COSMOS-Web: The JWST Cosmic Origins Survey,60316.871412,1727,GO,,POLYGON 150.166368201 2.397245007 150.166380597 2.39727425 150.164854638 2.397946106 150.176687032 2.425860147 150.178699459 2.430595285 150.178758477 2.430570978 150.184116281 2.443210165 150.184668209 2.442982852 150.198392338 2.475086931 150.198417463 2.475076621 150.203813973 2.4876999 150.237031457 2.474068909 150.23700425 2.474003954 150.238548418 2.473370273 150.224537853 2.439919656 150.224418406 2.439972016 150.219112787 2.427304285 150.21861534 2.427522343 150.213676328 2.416111704 150.21370645 2.416099297 150.199277571 2.382763101 150.198771027 2.382978012,mast:JWST/product/jw01727-o020_t074_nircam_clear-f444w_i2d.jpg,mast:JWST/product/jw01727-o020_t074_nircam_clear-f444w_i2d.fits,PUBLIC,False,,200869576,3880.0,4986.0,0.0,474672,150.201510426313,2.47961793201337,F444W,60315.7884415625
science,JWST,CALJWST,MIRI/IMAGE,JWST,F1800W,INFRARED,COSMOS-1,,jw01837-o003_t003_miri_f1800w,150.18048124999999,2.400672222222222,image,"Dunlop, James S.",3,60061.598336284726,60090.82479395833,42890.97600000004,INFRARED,16500.0,19500.0,PRIMER: Public Release IMaging for Extragalactic Research,60099.99476847,1837,GO,,POLYGON 150.15876143 2.308477839 150.129868345 2.320510653 150.137792865 2.339522806 150.129537793 2.342960644 150.137462449 2.361972522 150.129205722 2.365411033 150.137132408 2.384427488 150.12883877 2.387881407 150.136763756 2.406893629 150.128507021 2.410331946 150.136432275 2.429344457 150.128174671 2.432783113 150.136099918 2.451795604 150.127842211 2.45523411 150.135765421 2.474241676 150.127545703 2.477664335 150.13974582 2.50693022 150.13984505 2.506887822 150.140020303 2.507308223 150.143091363 2.506016418 150.168860244 2.495005697 150.168677278 2.494568801 150.168760366 2.494533297 150.168942885 2.494970971 150.197774548 2.482650693 150.197591944 2.482214687 150.197672863 2.482180109 150.197855316 2.482617743 150.226686662 2.470296891 150.21876335 2.451378528 150.226982061 2.447866202 150.219057147 2.428943641 150.227312696 2.425415508 150.219387649 2.406492376 150.227643579 2.4029639 150.219717253 2.384037772 150.22800681 2.380494956 150.220083779 2.361575833 150.228303754 2.358062631 150.22037922 2.339140147 150.228634199 2.335611752 150.220708321 2.316685862 150.228997683 2.313142896 150.220262645 2.292284044 150.216843775 2.284171798 150.216763065 2.284205415 150.216580154 2.283768623 150.192310014 2.293877476 150.187687821 2.295802614 150.195317188 2.314104917 150.187953354 2.296519252 150.187853599 2.296560799 150.187670882 2.296124443 150.158778183 2.308157756 150.16621841 2.326007467 150.159043754 2.30887292 150.158944216 2.308914375,mast:JWST/product/jw01837-o003_t003_miri_f1800w_i2d.jpg,mast:JWST/product/jw01837-o003_t003_miri_f1800w_i2d.fits,PUBLIC,False,,141181171,16500.0,19500.0,0.0,474672,150.201510426313,2.47961793201337,,60061.598336284726
science,JWST,CALJWST,MIRI/IMAGE,JWST,F770W,INFRARED,COSMOS-1,,jw01837-o003_t003_miri_f770w,150.18048124999999,2.400672222222222,image,"Dunlop, James S.",3,60061.568047685185,60090.794248067126,42624.57600000006,INFRARED,6600.0,8800.0,PRIMER: Public Release IMaging for Extragalactic Research,60099.99476847,1837,GO,,POLYGON 150.158777673 2.308457852 150.129883927 2.320490892 150.137808337 2.339503074 150.129553425 2.342940861 150.137478021 2.361952872 150.129221289 2.36539122 150.13714797 2.384407982 150.128854258 2.387861867 150.136779205 2.406874233 150.128522483 2.410312485 150.136447655 2.429325074 150.128190181 2.432763599 150.136115379 2.451776198 150.12785759 2.45521473 150.135780607 2.474222155 150.127561216 2.477644707 150.139760967 2.506910813 150.139860229 2.506868401 150.140036211 2.50729056 150.142792391 2.506131153 150.168876566 2.494985455 150.168693695 2.494548798 150.168775692 2.49451376 150.168958127 2.494951368 150.197791173 2.482630191 150.197608737 2.482194601 150.197688365 2.482160574 150.197870782 2.482598127 150.226703126 2.47027645 150.218780029 2.451359121 150.226998079 2.44784642 150.219073207 2.428924372 150.227328927 2.425395415 150.219403953 2.406472965 150.22765964 2.402944104 150.219733131 2.384017944 150.228022695 2.380475195 150.220099565 2.361556165 150.228320389 2.358042033 150.220395969 2.339120535 150.228650056 2.33559217 150.220723451 2.316664863 150.229016039 2.313120463 150.22131594 2.294734105 150.216855589 2.284151144 150.216778097 2.284183426 150.21659616 2.283748969 150.18770328 2.295782956 150.195205669 2.313780972 150.187969201 2.296499752 150.187869553 2.296541254 150.187686821 2.296104869 150.158793639 2.308138123 150.165634401 2.324549988 150.159060895 2.308851805 150.158960194 2.308893744,mast:JWST/product/jw01837-o003_t003_miri_f770w_i2d.jpg,mast:JWST/product/jw01837-o003_t003_miri_f770w_i2d.fits,PUBLIC,False,,141181220,6600.0,8800.0,0.0,474672,150.201510426313,2.47961793201337,F770W,60061.568047685185
science,JWST,CALJWST,NIRISS/IMAGE,JWST,CLEAR;F200W,INFRARED,UNKNOWN,,jw04681-c1052_t000_niriss_clear-f200w,150.20580901187537,2.473557737337209,image,"Glazebrook, Karl",3,60455.89041886574,60455.91272905093,1803.778,INFRARED,1600.0,2300.0,JWST Wide Area 3D Parallel Survey,61046.10439818,4681,GO,,POLYGON 150.217682594 2.452546049 150.21643115 2.449398562 150.181636841 2.463201347 150.195214096 2.497779952 150.195226432 2.497775055 150.195385586 2.498180375 150.230157494 2.484380866,mast:JWST/product/jw04681-c1052_t000_niriss_clear-f200w_i2d.jpg,mast:JWST/product/jw04681-c1052_t000_niriss_clear-f200w_i2d.fits,PUBLIC,False,,372726766,1600.0,2300.0,0.0,474672,150.201510426313,2.47961793201337,F200W,60455.89041886574
science,JWST,CALJWST,NIRCAM/IMAGE,JWST,F140M,INFRARED,COSMOS_cat,,jw06368-o016_t057_nircam_clear-f140m,150.13001958333334,2.328708333333333,image,"Dickinson, Mark",3,60816.78457862268,60816.858145266204,5669.0160000000005,INFRARED,1331.0,1479.0,The CANDELS-Area Prism Epoch of Reionization Survey-2750,60817.55835634,6368,GO,,POLYGON 150.174506361 2.430268693 150.174401279 2.430301038 150.174372602 2.430210977 150.157338054 2.435454043 150.157338742 2.435456221 150.157337639 2.43545656 150.162712291 2.452476148 150.162817747 2.452442091 150.162846532 2.45253324 150.162953784 2.452498603 150.162982355 2.452589075 150.179982789 2.447098609 150.179982399 2.447097383 150.179984213 2.447096797 150.174643667 2.430324624 150.174534837 2.430358121 POLYGON 150.1923514 2.424743057 150.19224691 2.424776097 150.1922177 2.424685531 150.175491372 2.429974107 150.175492076 2.429976306 150.175490967 2.429976657 150.180850772 2.446727509 150.180955729 2.44669308 150.180985013 2.446784599 150.181091766 2.446749581 150.181120831 2.446840414 150.197828112 2.441359792 150.197827722 2.441358583 150.197829538 2.441357987 150.192488772 2.424799198 150.192380545 2.424833418 POLYGON 150.181210697 2.44783392 150.186670594 2.464636525 150.186774962 2.464601675 150.186804837 2.464693614 150.186911018 2.464658159 150.186940674 2.464749424 150.203714045 2.459148451 150.203713649 2.459147255 150.203715464 2.459146649 150.198224135 2.442553999 150.198116994 2.4425885 150.198086973 2.442497791 150.197983163 2.442531221 150.197953082 2.442440326 150.181211135 2.447831359 150.181211847 2.44783355 POLYGON 150.180245895 2.448398287 150.180215949 2.448307579 150.180112135 2.448341211 150.180081998 2.448249923 150.163081204 2.453757198 150.163081903 2.453759354 150.163080755 2.453759726 150.168609451 2.470817897 150.168713721 2.470782515 150.168743693 2.470874988 150.168849774 2.470838991 150.168879536 2.470930817 150.18589499 2.465156755 150.185894596 2.46515556 150.185896406 2.465154946 150.180353043 2.448363577 POLYGON 150.178385627 2.498551363 150.17848996 2.498517221 150.178519873 2.498608454 150.178626051 2.498573708 150.178655745 2.498664272 150.195620998 2.49311241 150.195620606 2.493111193 150.195622403 2.493110605 150.190208468 2.476300967 150.190100613 2.476334613 150.190071703 2.476244853 150.189966553 2.476277656 150.189937453 2.476187303 150.172806502 2.481531233 150.172807213 2.4815334 150.172806002 2.481533778 POLYGON 150.191024754 2.475777317 150.191025463 2.475779522 150.191024265 2.475779895 150.196426261 2.492579643 150.196531234 2.492545699 150.196560506 2.492636731 150.196667323 2.49260219 150.196696373 2.492692531 150.2134125 2.487286986 150.213412115 2.487285768 150.213413908 2.487285188 150.208156933 2.47063991 150.208048551 2.470673664 150.208020101 2.470583585 150.207914421 2.470616499 150.207885911 2.470526226 POLYGON 150.195807752 2.494205328 150.195704653 2.494239848 150.195673309 2.494147839 150.178751056 2.499813456 150.178751788 2.499815589 150.178750523 2.499816012 150.184538769 2.516682397 150.184641123 2.516646552 150.184673017 2.516739487 150.18477723 2.516702991 150.184807544 2.516791322 150.184935772 2.516750871 150.201613777 2.510910005 150.201613377 2.510908831 150.201615174 2.510908202 150.195944305 2.49426151 150.195838912 2.494296796 POLYGON 150.213684757 2.488488988 150.213580822 2.48852296 150.213550374 2.48843169 150.196856223 2.493887905 150.196856956 2.493890085 150.1968557 2.493890495 150.202454791 2.510546824 150.202558083 2.510511825 150.202589039 2.510603912 150.202694192 2.510568282 150.202724925 2.510659705 150.219320793 2.505036219 150.219320397 2.505035032 150.219321761 2.505034569 150.219313078 2.5050071 150.213821378 2.48854538 150.213715153 2.488580099,mast:JWST/product/jw06368-o016_t057_nircam_clear-f140m_i2d.jpg,mast:JWST/product/jw06368-o016_t057_nircam_clear-f140m_i2d.fits,PUBLIC,False,,266380057,1331.0,1479.0,0.0,474672,150.201510426313,2.47961793201337,F140M,60816.78457862268
science,JWST,CALJWST,NIRCAM/IMAGE,JWST,F182M,INFRARED,COSMOS_cat,,jw06368-o016_t057_nircam_clear-f182m,150.13001958333334,2.328708333333333,image,"Dickinson, Mark",3,60816.86448298611,60816.93805038194,5669.0160000000005,INFRARED,1722.0,1968.0,The CANDELS-Area Prism Epoch of Reionization Survey-2750,60817.55835634,6368,GO,,POLYGON 150.174504942 2.430268495 150.174401593 2.430300302 150.174372423 2.430208679 150.157338307 2.435451048 150.157338452 2.435451507 150.157333766 2.435452949 150.162707475 2.452472608 150.162815228 2.452437814 150.162844493 2.452530503 150.162845766 2.452530092 150.16284623 2.45253156 150.162952659 2.452497194 150.162981857 2.452589668 150.179982234 2.447100034 150.179981953 2.447099152 150.179982998 2.447098815 150.174643031 2.430326428 150.174535326 2.430359576 150.174506662 2.430269543 150.174505399 2.430269932 POLYGON 150.19234883 2.424742293 150.192246097 2.424774786 150.192216301 2.424682445 150.175490643 2.429972447 150.175490777 2.429972866 150.175486101 2.429974345 150.180847864 2.446724957 150.180955087 2.44668977 150.180984894 2.446782888 150.18098616 2.446782473 150.180986626 2.44678393 150.18109253 2.446749177 150.181122251 2.446842028 150.197828975 2.441359386 150.197828689 2.441358501 150.197829736 2.441358157 150.192486909 2.424800192 150.192379823 2.424834062 150.192350545 2.424743326 150.192349291 2.424743723 POLYGON 150.181206923 2.447830121 150.186666228 2.464633491 150.186772833 2.464597895 150.186803223 2.464691432 150.186804495 2.464691007 150.18680497 2.46469247 150.186910304 2.464657298 150.186940606 2.464750564 150.203713648 2.459149805 150.203713358 2.459148928 150.203714418 2.459148574 150.198224557 2.442555855 150.198118302 2.442590064 150.198088172 2.442498996 150.198086917 2.4424994 150.198086443 2.442497968 150.197984598 2.442530757 150.197953945 2.442438109 150.18121159 2.447828618 POLYGON 150.180213552 2.44830856 150.180213073 2.44830711 150.180111242 2.448340108 150.180080586 2.448247284 150.163080383 2.453756416 150.163075719 2.453757927 150.168606792 2.470814948 150.168713276 2.470778805 150.168743774 2.470872854 150.168745045 2.470872423 150.168745526 2.470873907 150.168850742 2.470838194 150.168881164 2.470932011 150.185895734 2.465156754 150.185895449 2.465155891 150.185896508 2.465155532 150.180351197 2.448365033 150.180244961 2.448399458 150.180214807 2.448308153 POLYGON 150.178380645 2.498548463 150.17848715 2.49851361 150.178517574 2.498606389 150.178518867 2.498605966 150.178519348 2.498607434 150.178624653 2.498572974 150.178655004 2.498665532 150.195620945 2.493113489 150.195620663 2.493112613 150.195621734 2.493112262 150.190207214 2.476302651 150.190099892 2.47633613 150.190070791 2.476245783 150.190069498 2.476246186 150.190069035 2.476244748 150.189966205 2.476276826 150.189936597 2.476184904 150.172804866 2.481529012 150.17280501 2.481529452 150.172800332 2.481530911 POLYGON 150.191023556 2.475774969 150.191023698 2.47577541 150.191019021 2.475776866 150.196421235 2.492576756 150.196528396 2.492542103 150.196558177 2.492634716 150.196559479 2.492634295 150.196559946 2.492635746 150.196665902 2.492601483 150.196695599 2.492693834 150.213411883 2.48728811 150.213411602 2.487287219 150.213412669 2.487286874 150.208155441 2.470641383 150.208047587 2.470674974 150.208019024 2.470584535 150.208017722 2.47058494 150.208017272 2.470583515 150.207913902 2.47061571 150.207884823 2.470523639 POLYGON 150.195804818 2.494204965 150.19570427 2.494238629 150.195672411 2.494145111 150.178749517 2.499811225 150.178744869 2.499812781 150.184533813 2.516679405 150.184638268 2.516642826 150.184670708 2.516737343 150.184671986 2.516736896 150.184672496 2.516738382 150.184775805 2.516702204 150.184805629 2.516789096 150.185043651 2.516714011 150.201613503 2.510911247 150.201613214 2.510910398 150.201614302 2.510910017 150.195943031 2.494262857 150.195837945 2.49429804 150.195806588 2.494205996 150.195805314 2.494206422 POLYGON 150.213681841 2.488489475 150.213580457 2.488522609 150.213549424 2.488429589 150.196854822 2.493885996 150.196850165 2.493887518 150.202449808 2.510543853 150.202555218 2.510508137 150.202586715 2.510601825 150.202588006 2.510601387 150.202588498 2.51060285 150.202692758 2.510567523 150.202724162 2.510660935 150.219317684 2.505038372 150.219241883 2.50479856 150.213820044 2.488547332 150.21371412 2.48858195 150.213683607 2.488490491 150.21368232 2.488490912,mast:JWST/product/jw06368-o016_t057_nircam_clear-f182m_i2d.jpg,mast:JWST/product/jw06368-o016_t057_nircam_clear-f182m_i2d.fits,PUBLIC,False,,266380055,1722.0,1968.0,0.0,474672,150.201510426313,2.47961793201337,F182M,60816.86448298611
science,JWST,CALJWST,NIRCAM/IMAGE,JWST,F210M,INFRARED,COSMOS_cat,,jw06368-o016_t057_nircam_clear-f210m,150.13001958333334,2.328708333333333,image,"Dickinson, Mark",3,60816.94451179398,60817.01857622685,5669.0160000000005,INFRARED,1992.0000000000002,2201.0,The CANDELS-Area Prism Epoch of Reionization Survey-2750,60817.55835634,6368,GO,,POLYGON 150.174507043 2.43026942 150.17440047 2.43030222 150.17437177 2.430212071 150.174369692 2.430212711 150.174369457 2.430211972 150.157334554 2.435454718 150.162708208 2.452474155 150.162710248 2.452473496 150.162710481 2.452474233 150.162816839 2.452439888 150.162846265 2.45253173 150.162950114 2.452498195 150.162976933 2.452583135 150.162981109 2.452581786 150.162982333 2.452585663 150.179983196 2.447095632 150.174643618 2.430323499 150.174639414 2.430324793 150.174638193 2.430320957 150.174534099 2.430352994 POLYGON 150.192350241 2.424743067 150.192244285 2.424776583 150.192214978 2.424685754 150.192212909 2.424686409 150.192212655 2.424685622 150.175487094 2.429976125 150.180848802 2.446726716 150.180850836 2.446726048 150.180851085 2.446726827 150.18095692 2.446692092 150.180986865 2.446784309 150.181090222 2.446750387 150.181117531 2.446835703 150.181121684 2.44683434 150.181122937 2.446838253 150.197829456 2.441355011 150.192486826 2.424797177 150.192482647 2.424798499 150.192481394 2.424794614 150.192377886 2.424827356 POLYGON 150.186668539 2.464633984 150.186668795 2.464634772 150.186774093 2.464599614 150.186804589 2.46469225 150.186907418 2.464657916 150.186935266 2.46474364 150.186939376 2.464742268 150.186940652 2.464746196 150.2037139 2.45914564 150.19822427 2.442552763 150.198220148 2.44255409 150.198218859 2.442550194 150.198116137 2.442583269 150.198087716 2.442498643 150.197982575 2.442532497 150.197952417 2.442441341 150.197950389 2.442441994 150.197950126 2.442441199 150.181208005 2.447831823 150.186666544 2.46463465 POLYGON 150.180243125 2.448392546 150.180214686 2.448307724 150.180109566 2.44834179 150.180079377 2.448250387 150.180077349 2.448251044 150.180077096 2.448250278 150.163076647 2.453759457 150.1686073 2.470816638 150.168609291 2.470815962 150.168609539 2.470816727 150.168714718 2.470781025 150.168745338 2.470874219 150.168848046 2.470839356 150.168876017 2.47092562 150.168880122 2.470924227 150.168881396 2.470928155 150.185896916 2.465152245 150.180351229 2.448361813 150.180347107 2.448363149 150.180345824 2.448359265 POLYGON 150.178384097 2.498549733 150.178384341 2.498550476 150.178489648 2.498516018 150.178520162 2.498607961 150.178622974 2.49857432 150.178650858 2.498659356 150.178654933 2.498658023 150.178656205 2.498661903 150.19562195 2.493110369 150.190207663 2.476300087 150.19020353 2.476301376 150.190202291 2.476297528 150.190098578 2.47632988 150.190071168 2.476245981 150.189964937 2.476279119 150.189935803 2.476188664 150.189933815 2.476189284 150.189933574 2.476188536 150.172801869 2.481532522 150.178382152 2.49855037 POLYGON 150.207882273 2.470528084 150.207882026 2.470527303 150.191020865 2.475779081 150.196422629 2.492578722 150.196424581 2.492578091 150.196424829 2.492578861 150.196530784 2.492544599 150.196560646 2.492636332 150.196664065 2.49260289 150.19669134 2.492687716 150.196695442 2.49268639 150.196696694 2.492690283 150.213412794 2.487284735 150.208156126 2.470638882 150.20815197 2.470640176 150.208150747 2.470636302 150.208046541 2.47066876 150.20801962 2.470584745 150.207912857 2.470618 150.207884266 2.470527463 POLYGON 150.195806661 2.494205962 150.195702647 2.49424079 150.19567126 2.494148657 150.19566933 2.494149303 150.195669063 2.494148519 150.178746432 2.499814711 150.184535107 2.516681899 150.184536996 2.516681238 150.184537263 2.516682017 150.184640611 2.516645821 150.184673098 2.516739497 150.184774036 2.516704145 150.184803806 2.516790888 150.184807778 2.516789497 150.184808292 2.516790995 150.184887116 2.516766129 150.201614529 2.510907454 150.195943125 2.494260079 150.195939105 2.494261425 150.195937772 2.494257512 150.195836173 2.494291531 POLYGON 150.213684126 2.488491231 150.213579274 2.488525496 150.213548736 2.488433961 150.213546797 2.488434595 150.213546529 2.48843379 150.196851851 2.493889339 150.202450785 2.510545484 150.202452685 2.51054484 150.202452952 2.510545635 150.202557247 2.510510297 150.202588783 2.5106031 150.202690618 2.510568596 150.202719488 2.510654481 150.202723499 2.510653122 150.202724821 2.510657055 150.219317268 2.505034992 150.21923379 2.504770896 150.213820601 2.488545379 150.213816547 2.488546704 150.213815242 2.488542792 150.213712853 2.488576252,mast:JWST/product/jw06368-o016_t057_nircam_clear-f210m_i2d.jpg,mast:JWST/product/jw06368-o016_t057_nircam_clear-f210m_i2d.fits,PUBLIC,False,,266380059,1992.0000000000002,2201.0,0.0,474672,150.201510426313,2.47961793201337,F210M,60816.94451179398
science,JWST,CALJWST,NIRCAM/IMAGE,JWST,F250M,INFRARED,COSMOS_cat,,jw06368-o016_t057_nircam_clear-f250m,150.13001958333334,2.328708333333333,image,"Dickinson, Mark",3,60816.78457862268,60816.858145266204,5669.0160000000005,INFRARED,2412.0,2595.0,The CANDELS-Area Prism Epoch of Reionization Survey-2750,60817.55835634,6368,GO,,POLYGON 150.192127883 2.425130497 150.157854589 2.435818821 150.157855107 2.435821632 150.168894182 2.470358359 150.169000761 2.470322331 150.16902915 2.470411148 150.169122843 2.470379476 150.169148685 2.470460323 150.169154941 2.470458524 150.203417153 2.458876025 150.192389129 2.42523351 150.192382891 2.425235319 150.192289088 2.425264573 150.192263007 2.425185662 150.192156821 2.425218779 POLYGON 150.207874801 2.471168065 150.173305123 2.481996502 150.173305556 2.481999342 150.18477555 2.516464687 150.184881025 2.516428843 150.184910523 2.516517475 150.185003239 2.516485967 150.18502547 2.516552765 150.186078995 2.516210507 150.21907883 2.504995351 150.209019783 2.473994805 150.208133443 2.471271836 150.20812976 2.471272904 150.20803611 2.47130224 150.208010418 2.471223062 150.207903512 2.471256552,mast:JWST/product/jw06368-o016_t057_nircam_clear-f250m_i2d.jpg,mast:JWST/product/jw06368-o016_t057_nircam_clear-f250m_i2d.fits,PUBLIC,False,,266379963,2412.0,2595.0,0.0,474672,150.201510426313,2.47961793201337,F250M,60816.78457862268
science,JWST,CALJWST,NIRCAM/IMAGE,JWST,F335M,INFRARED,COSMOS_cat,,jw06368-o016_t057_nircam_clear-f335m,150.13001958333334,2.328708333333333,image,"Dickinson, Mark",3,60816.86448298611,60816.93805038194,5669.0160000000005,INFRARED,3177.0,3538.0,The CANDELS-Area Prism Epoch of Reionization Survey-2750,60817.55835634,6368,GO,,POLYGON 150.192121488 2.425127495 150.157850837 2.435815926 150.157851147 2.435819219 150.168892574 2.470354537 150.168998333 2.470318783 150.169028357 2.470412689 150.169029455 2.470413196 150.169125363 2.470380773 150.169153968 2.470470242 150.169156661 2.470469332 150.169157514 2.470472 150.203416827 2.458889417 150.192386736 2.425248253 150.19238406 2.425249088 150.192383214 2.425246507 150.192287267 2.425276433 150.192258763 2.425189493 150.192257629 2.425188968 150.192152403 2.425221788 POLYGON 150.207869216 2.471159309 150.173301661 2.481987585 150.173301964 2.48199088 150.184771417 2.516456475 150.184875973 2.516420941 150.184908217 2.516515162 150.185003087 2.51648292 150.185029811 2.516563222 150.185892276 2.516283046 150.219076827 2.505004427 150.213873934 2.488969339 150.20811701 2.471282687 150.208034676 2.471308479 150.208006402 2.471221337 150.208005305 2.471220799 150.207899882 2.471253824,mast:JWST/product/jw06368-o016_t057_nircam_clear-f335m_i2d.jpg,mast:JWST/product/jw06368-o016_t057_nircam_clear-f335m_i2d.fits,PUBLIC,False,,266379964,3177.0,3538.0,0.0,474672,150.201510426313,2.47961793201337,F335M,60816.86448298611
science,JWST,CALJWST,NIRCAM/IMAGE,JWST,F480M,INFRARED,COSMOS_cat,,jw06368-o016_t057_nircam_clear-f480m,150.13001958333334,2.328708333333333,image,"Dickinson, Mark",3,60816.94451179398,60817.01857622685,5669.0160000000005,INFRARED,4662.0,4977.0,The CANDELS-Area Prism Epoch of Reionization Survey-2750,60817.55835634,6368,GO,,POLYGON 150.192129977 2.425127075 150.192127132 2.425127962 150.192126291 2.425125396 150.15785202 2.4358146 150.16889151 2.470351587 150.168894415 2.470350605 150.168895279 2.470353309 150.168994549 2.470319754 150.169023612 2.470409668 150.169023925 2.470410646 150.169123143 2.470377109 150.169151359 2.470465381 150.169154639 2.470464272 150.169155169 2.470465932 150.203417253 2.458884231 150.192389889 2.425239708 150.192386635 2.425240723 150.192386131 2.425239184 150.192286731 2.425270186 150.192258371 2.425184486 150.192258067 2.425183557 150.192158652 2.425214564 POLYGON 150.207883141 2.471162108 150.207880205 2.471163028 150.207879371 2.471160457 150.173309735 2.481989874 150.184780973 2.516455098 150.184783927 2.516454094 150.184784825 2.516456791 150.184882926 2.516423453 150.184913155 2.516513151 150.184913479 2.516514126 150.185011516 2.516480809 150.185040833 2.516568888 150.185044144 2.516567763 150.185044582 2.516569078 150.185069973 2.51656083 150.219086416 2.505000262 150.209821357 2.47644715 150.208137757 2.471274702 150.208039689 2.471305424 150.208011486 2.471219534 150.208011185 2.471218606 150.207911597 2.471249805,mast:JWST/product/jw06368-o016_t057_nircam_clear-f480m_i2d.jpg,mast:JWST/product/jw06368-o016_t057_nircam_clear-f480m_i2d.fits,PUBLIC,False,,266379962,4662.0,4977.0,0.0,474672,150.201510426313,2.47961793201337,F480M,60816.94451179398
science,JWST,CALJWST,MIRI/IMAGE,JWST,F1280W,INFRARED,COSMOS-1,,jw07814-o003_t003_miri_f1280w,150.18048124999999,2.400672222222222,image,"Muzzin, Adam",3,61178.57291577546,61185.958560046296,46753.920000000035,INFRARED,11600.0,14000.0,MINERVA: Unlocking the Hidden Gems of the Distant Universe and Completing HST and JWSTs Imaging Legacy with Medium Bands,61189.88372681,7814,GO,,POLYGON 150.137723572 2.339546766 150.129728859 2.342876299 150.129909244 2.343309051 150.129778732 2.343363404 150.129959303 2.343796603 150.129829876 2.343850636 150.137393883 2.361996694 150.129397342 2.365327047 150.129577681 2.365759683 150.129446391 2.365814755 150.129626841 2.366247665 150.129498194 2.366301388 150.137062168 2.384447168 150.129066191 2.387777109 150.129246612 2.388209935 150.12911607 2.388264614 150.12929648 2.38869742 150.129167083 2.388751376 150.136731357 2.406897588 150.128734692 2.410227755 150.128915089 2.410660516 150.128784882 2.410714835 150.128965443 2.411147991 150.128835524 2.411202094 150.136400049 2.42934866 150.128402919 2.432678952 150.12858328 2.433111626 150.128452311 2.433166767 150.128632678 2.433599465 150.128503886 2.433653129 150.136068014 2.451798643 150.128072384 2.455128377 150.128252799 2.455561159 150.128122095 2.455615876 150.128302543 2.456048744 150.128173359 2.456102581 150.13573836 2.474249341 150.12773956 2.477580176 150.127919875 2.478012724 150.127789743 2.478067265 150.127970298 2.478500391 150.127840339 2.478554684 150.140031991 2.507800045 150.143647506 2.506279164 150.168872769 2.495500185 150.168691999 2.495068563 150.168774866 2.495033153 150.168955257 2.49546555 150.197786891 2.483144804 150.197606203 2.482713405 150.197690158 2.482677527 150.197870212 2.483109371 150.226701287 2.470787568 150.226520467 2.470355887 150.226651346 2.470299321 150.226471014 2.469868811 150.226600376 2.4698132 150.21903588 2.451753805 150.227030991 2.448336729 150.226850484 2.447905789 150.226980232 2.447849554 150.226799583 2.447418274 150.226929948 2.447362535 150.21936565 2.429303269 150.22736093 2.425886046 150.227180186 2.425454532 150.227310135 2.425398831 150.227129511 2.424967602 150.227259935 2.424911786 150.219696184 2.406853573 150.22768968 2.403437165 150.227509086 2.403005989 150.227639002 2.402949708 150.227458437 2.402518602 150.227588758 2.402462877 150.220024682 2.384403048 150.228019592 2.380985754 150.227838963 2.380554493 150.227968922 2.380498546 150.227788313 2.380067333 150.227918789 2.380011344 150.220355084 2.361952433 150.228348611 2.358535908 150.228167995 2.358104664 150.228297849 2.358048772 150.228117183 2.357617408 150.228247659 2.357561612 150.220684035 2.339502226 150.228678553 2.336085175 150.228497807 2.335653615 150.228628273 2.335597387 150.228447766 2.335166402 150.228577621 2.335110849 150.221014357 2.317052076 150.229006736 2.313636005 150.228826184 2.313204896 150.228954724 2.31314974 150.228956567 2.313148952 150.22877578 2.312717281 150.228905823 2.312661538 150.219165165 2.289403056 150.216756795 2.283688708 150.187878181 2.295717688 150.188058742 2.296150833 150.187929948 2.296204477 150.187860731 2.296039188 150.158968605 2.30807287 150.15914887 2.308505333 150.159020908 2.308558628 150.158951668 2.308393279 150.130059084 2.320426547 150.130239235 2.320858749 150.130109544 2.320913284 150.130290117 2.321346498 150.130159903 2.321400884,mast:JWST/product/jw07814-o003_t003_miri_f1280w_i2d.jpg,mast:JWST/product/jw07814-o003_t003_miri_f1280w_i2d.fits,PUBLIC,False,,400162957,11600.0,14000.0,0.0,474672,150.201510426313,2.47961793201337,,61178.57291577546
science,JWST,CALJWST,MIRI/IMAGE,JWST,F1500W,INFRARED,COSMOS-1,,jw07814-o003_t003_miri_f1500w,150.18048124999999,2.400672222222222,image,"Muzzin, Adam",3,61178.60798981482,61185.99299186342,46753.920000000035,INFRARED,13500.0,16500.0,MINERVA: Unlocking the Hidden Gems of the Distant Universe and Completing HST and JWSTs Imaging Legacy with Medium Bands,61189.88372681,7814,GO,,POLYGON 150.137719147 2.339539571 150.129724615 2.342869224 150.129904941 2.343301839 150.12977472 2.343356071 150.129955314 2.343789328 150.129825484 2.343843518 150.137389384 2.361989552 150.129393045 2.365319709 150.129573407 2.365752402 150.12944322 2.365806841 150.12962373 2.36623989 150.129494011 2.366294088 150.137057812 2.384439611 150.129061926 2.38776958 150.129242386 2.388202504 150.129112171 2.388256732 150.129292655 2.388689712 150.129162881 2.388743795 150.136727096 2.406890021 150.128730467 2.410220255 150.12891092 2.410653155 150.128780549 2.410707447 150.12896107 2.411140511 150.128831329 2.411194564 150.136395798 2.429341156 150.128398611 2.432671473 150.12857896 2.433104123 150.128449014 2.433158335 150.128629587 2.43359152 150.128499582 2.433645672 150.136063624 2.451791189 150.128068099 2.455120894 150.128248506 2.455553663 150.128118338 2.45560794 150.128298895 2.45604107 150.128168992 2.456095181 150.135733977 2.474242154 150.127735205 2.477573171 150.127915494 2.478005663 150.127785558 2.478060079 150.127966108 2.478493196 150.127835926 2.47854758 150.140027789 2.507793834 150.14348789 2.506338298 150.168868333 2.495493093 150.168687552 2.495061451 150.168770351 2.49502607 150.168950618 2.495458464 150.197782498 2.483137538 150.197601777 2.482706065 150.197685453 2.482670307 150.197865672 2.483102215 150.226696792 2.470780647 150.226515962 2.470348945 150.226646166 2.470293298 150.226465522 2.469862042 150.226595852 2.469806196 150.219031167 2.451746541 150.227026578 2.44832939 150.226845805 2.447897819 150.226976036 2.447842051 150.226795395 2.447410796 150.226925638 2.447355066 150.219361246 2.429295829 150.227356551 2.42587866 150.22717572 2.425446944 150.227305959 2.425391156 150.227125396 2.424960082 150.227255626 2.424904304 150.219691763 2.406846087 150.227685416 2.403429611 150.227504665 2.402998066 150.227634723 2.402942318 150.227454123 2.402511134 150.227584477 2.402455317 150.220020421 2.384395813 150.228015346 2.38097853 150.227834593 2.38054698 150.227964891 2.38049098 150.227784373 2.380059994 150.22791421 2.380004391 150.220350282 2.361945129 150.228344345 2.358528332 150.228163651 2.358096909 150.228293548 2.358041371 150.228112864 2.357609969 150.228243311 2.357554192 150.220679553 2.339494726 150.228674258 2.336077668 150.228493502 2.33564609 150.228623862 2.335590132 150.228443339 2.335159114 150.228573246 2.335103469 150.221010762 2.317046787 150.229002449 2.313631033 150.228820803 2.313197318 150.228951628 2.313141401 150.228771017 2.312710155 150.228901632 2.312654328 150.219426169 2.290029473 150.216750937 2.283682081 150.187874001 2.295710258 150.188053663 2.296141251 150.187924492 2.296195053 150.187856238 2.296032067 150.158964325 2.308065682 150.159144634 2.308498255 150.159016527 2.30855161 150.158947147 2.308386204 150.130054795 2.320419228 150.130235192 2.320852027 150.130104812 2.320906325 150.130285384 2.321339544 150.130155577 2.321393719,mast:JWST/product/jw07814-o003_t003_miri_f1500w_i2d.jpg,mast:JWST/product/jw07814-o003_t003_miri_f1500w_i2d.fits,PUBLIC,False,,400107185,13500.0,16500.0,0.0,474672,150.201510426313,2.47961793201337,,61178.60798981482
calibration,JWST,CALJWST,NIRSPEC,JWST,OPAQUE;G140H,INFRARED,UNKNOWN,,jw09289049001_01205_00001_nrs2,150.2213413469401,2.4503224070121066,image,"Muzerolle Page, James",2,61022.019318101855,61022.0218508912,204.244,INFRARED,810.0,1820.0,CAL-NRS-410: NIRSpec MOS Spectroscopic Flats,61022.24865739,9289,CAL,,POLYGON 150.185425496 2.428990102 150.199774021 2.485459488 150.258455356 2.472375803 150.243671963 2.414675058,mast:JWST/product/jw09289049001_01205_00001_nrs2_cal.jpg,mast:JWST/product/jw09289049001_01205_00001_nrs2_cal.fits,PUBLIC,False,,368009326,810.0,1820.0,0.0,474672,150.201510426313,2.47961793201337,,61022.019318101855
science,HST,HAP-SVM,WFC3/IR,HAP,F125W,INFRARED,COSMOS-V39,GALAXY;HIGH REDSHIFT GALAXY,hst_12440_39_wfc3_ir_f125w_iboa39,150.1849825,2.473883333333,image,"Faber, Sandra",3,55903.67803019,55903.68923316,905.867371,INFRARED,1092.6,1405.5,,55903.88739577,12440,HAP,,POLYGON 150.2066237381588 2.459151410332241 150.16800636094928 2.4545202218542044 150.16415479575207 2.488078914335014 150.2018103493845 2.492603352147374 150.2066237381588 2.459151410332241,mast:HST/product/hst_12440_39_wfc3_ir_f125w_iboa39_drz.jpg,mast:HST/product/hst_12440_39_wfc3_ir_f125w_iboa39_drz.fits,PUBLIC,False,,26550744,1092.6,1405.5,0.0,474672,150.201510426313,2.47961793201337,F125W,55903.67803019
science,HST,HAP-SVM,WFC3/IR,HAP,F160W,INFRARED,COSMOS-V39,GALAXY;HIGH REDSHIFT GALAXY,hst_12440_39_wfc3_ir_f160w_iboa39,150.1849825,2.473883333333,image,"Faber, Sandra",3,55903.68995168,55903.70404797,1155.871033,INFRARED,1393.8999999999999,1692.4,,55904.5179398,12440,HAP,,POLYGON 150.2065524213455 2.459080161481156 150.16804202372998 2.4541283473645485 150.16411913997254 2.487900788785806 150.20166771488843 2.4926389789313466 150.2065524213455 2.459080161481156,mast:HST/product/hst_12440_39_wfc3_ir_f160w_iboa39_drz.jpg,mast:HST/product/hst_12440_39_wfc3_ir_f160w_iboa39_drz.fits,PUBLIC,False,,26550737,1393.8999999999999,1692.4,0.0,474672,150.201510426313,2.47961793201337,F160W,55903.68995168
science,HST,HAP-SVM,WFC3/IR,HAP,detection,,COSMOS-V39,GALAXY;HIGH REDSHIFT GALAXY,hst_12440_39_wfc3_ir_total_iboa39,150.1849825,2.473883333333,image,"Faber, Sandra",3,55903.67803019,55903.70404797,2061.7384039999997,,,,,55904.5179398,12440,HAP,,POLYGON 150.16896912218922 2.454270858904197 150.16786372265594 2.455090219940583 150.16426177046048 2.4881501660273084 150.2004196599538 2.49271024391492 150.20184600498982 2.4923539767300085 150.2064811256857 2.4603270374874326 150.2062314991684 2.4589732915802607 150.16896912218922 2.454270858904197,mast:HST/product/hst_12440_39_wfc3_ir_total_iboa39_drz_color.jpg,mast:HST/product/hst_12440_39_wfc3_ir_total_iboa39_drz.fits,PUBLIC,False,,26550765,,,0.0,474672,150.201510426313,2.47961793201337,,55903.67803019
science,HST,HAP-SVM,WFC3/UVIS,HAP,F350LP,OPTICAL,COSMOS-V39,GALAXY;HIGH REDSHIFT GALAXY,hst_12440_39_wfc3_uvis_f350lp_iboa39,150.1849825,2.473883333333,image,"Faber, Sandra",3,55903.705293,55903.71030464,433.0,OPTICAL,325.5,993.8,,55904.51835642,12440,HAP,,POLYGON 150.21011620993963 2.4487345483815255 150.1652055900903 2.446302417884459 150.16230811510403 2.468434542249215 150.20746182858923 2.4710428547759182 150.21011620993963 2.4487345483815255 POLYGON 150.2073737089544 2.471439056254216 150.16227506237271 2.46875370278475 150.1593224050417 2.4911389469523395 150.2046641614166 2.4940995361427225 150.2073737089544 2.471439056254216,mast:HST/product/hst_12440_39_wfc3_uvis_f350lp_iboa39_drc.jpg,mast:HST/product/hst_12440_39_wfc3_uvis_f350lp_iboa39_drc.fits,PUBLIC,False,,26550759,325.5,993.8,0.0,474672,150.201510426313,2.47961793201337,,55903.705293
science,HST,HAP-SVM,WFC3/UVIS,HAP,detection,,COSMOS-V39,GALAXY;HIGH REDSHIFT GALAXY,hst_12440_39_wfc3_uvis_total_iboa39,150.1849825,2.473883333333,image,"Faber, Sandra",3,55903.705293,55903.71030464,433.0,,,,,55904.51835642,12440,HAP,,POLYGON 150.21011620993963 2.4487345483815255 150.1652055900903 2.446302417884459 150.16230811510403 2.468434542249215 150.20746182858923 2.4710428547759182 150.21011620993963 2.4487345483815255 POLYGON 150.2073737089544 2.471439056254216 150.16227506237271 2.46875370278475 150.1593224050417 2.4911389469523395 150.2046641614166 2.4940995361427225 150.2073737089544 2.471439056254216,mast:HST/product/hst_12440_39_wfc3_uvis_total_iboa39_drc.jpg,mast:HST/product/hst_12440_39_wfc3_uvis_total_iboa39_drc.fits,PUBLIC,False,,26550777,,,0.0,474672,150.201510426313,2.47961793201337,,55903.705293
science,HST,HAP-SVM,WFC3/IR,HAP,F125W,INFRARED,COSMOS-V83,GALAXY;HIGH REDSHIFT GALAXY,hst_12440_83_wfc3_ir_f125w_iboa83,150.1838041667,2.475061111111,image,"Faber, Sandra",3,55951.04481345,55951.05601641,905.867371,INFRARED,1092.6,1405.5,,55951.15609948,12440,HAP,,POLYGON 150.20517799734833 2.4600113544316375 150.16688151683567 2.4553089118515614 150.16313692081047 2.4891882310633076 150.20047157821094 2.493748293931758 150.20517799734833 2.4600113544316375,mast:HST/product/hst_12440_83_wfc3_ir_f125w_iboa83_drz.jpg,mast:HST/product/hst_12440_83_wfc3_ir_f125w_iboa83_drz.fits,PUBLIC,False,,26551215,1092.6,1405.5,0.0,474672,150.201510426313,2.47961793201337,F125W,55951.04481345
science,HST,HAP-SVM,WFC3/IR,HAP,F160W,INFRARED,COSMOS-V83,GALAXY;HIGH REDSHIFT GALAXY,hst_12440_83_wfc3_ir_f160w_iboa83,150.1838041667,2.475061111111,image,"Faber, Sandra",3,55951.05673456,55951.07083123,1155.871033,INFRARED,1393.8999999999999,1692.4,,55951.20142362,12440,HAP,,POLYGON 150.2054632653781 2.460331974853301 150.16691717272613 2.455451412288863 150.1629942868116 2.4891526038010947 150.20057855717366 2.4939620425661984 150.2054632653781 2.460331974853301,mast:HST/product/hst_12440_83_wfc3_ir_f160w_iboa83_drz.jpg,mast:HST/product/hst_12440_83_wfc3_ir_f160w_iboa83_drz.fits,PUBLIC,False,,26551220,1393.8999999999999,1692.4,0.0,474672,150.201510426313,2.47961793201337,F160W,55951.05673456
science,HST,HAP-SVM,WFC3/IR,HAP,detection,,COSMOS-V83,GALAXY;HIGH REDSHIFT GALAXY,hst_12440_83_wfc3_ir_total_iboa83,150.1838041667,2.475061111111,image,"Faber, Sandra",3,55951.04481345,55951.07083123,2061.7384039999997,,,,,55951.20142362,12440,HAP,,POLYGON 150.20457181268588 2.459940113889825 150.16845045535615 2.4554514310295064 150.1669528272464 2.4557007877113053 150.16288731259687 2.489045727103095 150.1901305311731 2.4927508823316287 150.2006855299102 2.4936770412572313 150.2053563049554 2.461151351477019 150.20457181268588 2.459940113889825,mast:HST/product/hst_12440_83_wfc3_ir_total_iboa83_drz_color.jpg,mast:HST/product/hst_12440_83_wfc3_ir_total_iboa83_drz.fits,PUBLIC,False,,26551224,,,0.0,474672,150.201510426313,2.47961793201337,,55951.04481345
science,HST,HAP-SVM,WFC3/UVIS,HAP,F350LP,OPTICAL,COSMOS-V83,GALAXY;HIGH REDSHIFT GALAXY,hst_12440_83_wfc3_uvis_f350lp_iboa83,150.1838041667,2.475061111111,image,"Faber, Sandra",3,55951.07207625,55951.07708752,433.0,OPTICAL,325.5,993.8,,55951.20182871,12440,HAP,,POLYGON 150.2089134403904 2.4499593528669736 150.16400277958792 2.447516218066369 150.1611493657202 2.469637337678302 150.20619296349994 2.4723226882552964 150.2089134403904 2.4499593528669736 POLYGON 150.2061489064565 2.472685872318532 150.16106123403424 2.4699564972869488 150.15804247924197 2.4922977180011263 150.20343935661245 2.495335346696178 150.2061489064565 2.472685872318532,mast:HST/product/hst_12440_83_wfc3_uvis_f350lp_iboa83_drc.jpg,mast:HST/product/hst_12440_83_wfc3_uvis_f350lp_iboa83_drc.fits,PUBLIC,False,,26551212,325.5,993.8,0.0,474672,150.201510426313,2.47961793201337,,55951.07207625
science,HST,HAP-SVM,WFC3/UVIS,HAP,detection,,COSMOS-V83,GALAXY;HIGH REDSHIFT GALAXY,hst_12440_83_wfc3_uvis_total_iboa83,150.1838041667,2.475061111111,image,"Faber, Sandra",3,55951.07207625,55951.07708752,433.0,,,,,55951.20182871,12440,HAP,,POLYGON 150.2089134403904 2.4499593528669736 150.16400277958792 2.447516218066369 150.1611493657202 2.469637337678302 150.20619296349994 2.4723226882552964 150.2089134403904 2.4499593528669736 POLYGON 150.2061489064565 2.472685872318532 150.16106123403424 2.4699564972869488 150.15804247924197 2.4922977180011263 150.20343935661245 2.495335346696178 150.2061489064565 2.472685872318532,mast:HST/product/hst_12440_83_wfc3_uvis_total_iboa83_drc.jpg,mast:HST/product/hst_12440_83_wfc3_uvis_total_iboa83_drc.fits,PUBLIC,False,,26551234,,,0.0,474672,150.201510426313,2.47961793201337,,55951.07207625
science,HST,HAP-SVM,WFC3/IR,HAP,F160W,INFRARED,COSMOS-T15,UNIDENTIFIED;BLANK FIELD,hst_14114_15_wfc3_ir_f160w_icxe15,150.2342995833,2.503127777778,image,"van Dokkum, Pieter",3,57310.84019597,57310.90235968,2123.501588,INFRARED,1393.8999999999999,1692.4,,57311.05437503,14114,HAP,,POLYGON 150.19474959942085 2.4600856750930937 150.17795402695785 2.4896184488100044 150.19385765616568 2.4991662342184253 150.1779174202836 2.5273809245602252 150.1931083201031 2.5366437127704002 150.16019200047606 2.5933934511204564 150.19075363379437 2.611278021525509 150.1926437053676 2.612346797939726 150.1933212877573 2.61206180764429 150.22495371538585 2.6303730536438534 150.25954417967512 2.5732653739818616 150.24289026690255 2.5631840359876357 150.25964971682376 2.5355385110787365 150.24306761278447 2.525564038977657 150.25979091074052 2.4979185307139224 150.19474959942085 2.4600856750930937,mast:HST/product/hst_14114_15_wfc3_ir_f160w_icxe15_drz.jpg,mast:HST/product/hst_14114_15_wfc3_ir_f160w_icxe15_drz.fits,PUBLIC,False,,232956248,1393.8999999999999,1692.4,0.0,474672,150.201510426313,2.47961793201337,F160W,57310.84019597
science,HST,HAP-SVM,WFC3/IR,HAP,detection,,COSMOS-T15,UNIDENTIFIED;BLANK FIELD,hst_14114_15_wfc3_ir_total_icxe15,150.2342995833,2.503127777778,image,"van Dokkum, Pieter",3,57310.84019597,57310.90235968,2123.501588,,,,,57311.05437503,14114,HAP,,POLYGON 150.19560538185792 2.4605488087153913 150.1942503797421 2.4609050423527514 150.17795402695785 2.4896184488100044 150.1938933141622 2.4992374846129595 150.1779174202836 2.5273809245602252 150.1931083201031 2.5366437127704002 150.17784519108406 2.5635402907922478 150.1764187313538 2.5647871285818185 150.1602276578108 2.59350032741414 150.22459708846583 2.630230558097116 150.2250963634705 2.630194927353262 150.2595085201072 2.573301000335487 150.24289026690255 2.5631840359876357 150.2596140569388 2.5355385124364798 150.24306761187782 2.5255284139879435 150.25968393284293 2.4978829097734723 150.19560538185792 2.4605488087153913,mast:HST/product/hst_14114_15_wfc3_ir_total_icxe15_drz.jpg,mast:HST/product/hst_14114_15_wfc3_ir_total_icxe15_drz.fits,PUBLIC,False,,232956250,,,0.0,474672,150.201510426313,2.47961793201337,,57310.84019597
science,HST,HAP-SVM,WFC3/IR,HAP,F105W,INFRARED,CPCH,EXT-STAR;SUPERNOVA;SUPERNOVA TYPE IA,hst_14808_29_wfc3_ir_f105w_iddq29,150.217375,2.483888888889,image,"Suzuki, Nao",3,57831.355016,57831.370146,1121.930726,INFRARED,901.2,1204.1000000000001,,57831.69282396,14808,HAP,,POLYGON 150.21728246516884 2.45891415522296 150.1939617568104 2.483993905275024 150.22295218330916 2.5096441513745944 150.245274342417 2.4838870351459716 150.21728246516884 2.45891415522296,mast:HST/product/hst_14808_29_wfc3_ir_f105w_iddq29_drz.jpg,mast:HST/product/hst_14808_29_wfc3_ir_f105w_iddq29_drz.fits,PUBLIC,False,,26692138,901.2,1204.1000000000001,0.0,474672,150.201510426313,2.47961793201337,F105W,57831.355016
science,HST,HAP-SVM,WFC3/IR,HAP,F140W,INFRARED,CPCH,EXT-STAR;SUPERNOVA;SUPERNOVA TYPE IA,hst_14808_29_wfc3_ir_f140w_iddq29,150.217375,2.483888888889,image,"Suzuki, Nao",3,57831.33830304,57831.35430119,1196.9292,INFRARED,1194.8,1601.9,,57831.68354153,14808,HAP,,POLYGON 150.2169258869501 2.4588785295250024 150.19389043981153 2.4839939038835794 150.22284520596284 2.509751026613085 150.24527434517165 2.484029535135003 150.2169258869501 2.4588785295250024,mast:HST/product/hst_14808_29_wfc3_ir_f140w_iddq29_drz.jpg,mast:HST/product/hst_14808_29_wfc3_ir_f140w_iddq29_drz.fits,PUBLIC,False,,26692132,1194.8,1601.9,0.0,474672,150.201510426313,2.47961793201337,F140W,57831.33830304
science,HST,HAP-SVM,WFC3/IR,HAP,detection,,CPCH,EXT-STAR;SUPERNOVA;SUPERNOVA TYPE IA,hst_14808_29_wfc3_ir_total_iddq29,150.217375,2.483888888889,image,"Suzuki, Nao",3,57831.33830304,57831.370146,2318.8599260000005,,,,,57831.69282396,14808,HAP,,POLYGON 150.2169258869501 2.4588785295250024 150.1940330793574 2.4837089066849636 150.22173976929994 2.5088247789243407 150.2225242723947 2.509394777397041 150.22366536496324 2.5088603995692957 150.245274342417 2.4838870351459716 150.2169258869501 2.4588785295250024,mast:HST/product/hst_14808_29_wfc3_ir_total_iddq29_drz_color.jpg,mast:HST/product/hst_14808_29_wfc3_ir_total_iddq29_drz.fits,PUBLIC,False,,26692142,,,0.0,474672,150.201510426313,2.47961793201337,,57831.33830304
science,HST,HAP-SVM,WFC3/IR,HAP,F105W,INFRARED,CPCH,EXT-STAR;SUPERNOVA;SUPERNOVA TYPE IA,hst_15363_29_wfc3_ir_f105w_idpq29,150.217375,2.483888888889,image,"Suzuki, Nao",3,58453.88646866,58453.90188792,1146.9312439999999,INFRARED,901.2,1204.1000000000001,,58455.68983782,15363,HAP,,POLYGON 150.2397670164269 2.4765038121297622 150.20428713301567 2.4610071213133358 150.19091485232542 2.4922856918463587 150.2255752566116 2.5074977480243903 150.2397670164269 2.4765038121297622,mast:HST/product/hst_15363_29_wfc3_ir_f105w_idpq29_drz.jpg,mast:HST/product/hst_15363_29_wfc3_ir_f105w_idpq29_drz.fits,PUBLIC,False,,26681178,901.2,1204.1000000000001,0.0,474672,150.201510426313,2.47961793201337,F105W,58453.88646866
science,HST,HAP-SVM,WFC3/IR,HAP,F140W,INFRARED,CPCH,EXT-STAR;SUPERNOVA;SUPERNOVA TYPE IA,hst_15363_29_wfc3_ir_f140w_idpq29,150.217375,2.483888888889,image,"Suzuki, Nao",3,58453.87811199,58453.91024458,1196.9292,INFRARED,1194.8,1601.9,,58455.6898957,15363,HAP,,POLYGON 150.23980267406054 2.4764681864719225 150.2043227914862 2.4609358716152987 150.19095050778117 2.49246381748657 150.22557525633118 2.5074621230299776 150.23980267406054 2.4764681864719225,mast:HST/product/hst_15363_29_wfc3_ir_f140w_idpq29_drz.jpg,mast:HST/product/hst_15363_29_wfc3_ir_f140w_idpq29_drz.fits,PUBLIC,False,,26681176,1194.8,1601.9,0.0,474672,150.201510426313,2.47961793201337,F140W,58453.87811199
science,HST,HAP-SVM,WFC3/IR,HAP,detection,,CPCH,EXT-STAR;SUPERNOVA;SUPERNOVA TYPE IA,hst_15363_29_wfc3_ir_total_idpq29,150.217375,2.483888888889,image,"Suzuki, Nao",3,58453.87811199,58453.91024458,2343.8604440000004,,,,,58455.6898957,15363,HAP,,POLYGON 150.23937476927534 2.476183194365433 150.205499497704 2.461470255580413 150.2042871306645 2.4612921212676357 150.2037522573467 2.461862116708136 150.19091484905218 2.492463816830897 150.22578920973544 2.507283996343838 150.23955307650172 2.4770381910298465 150.23937476927534 2.476183194365433,mast:HST/product/hst_15363_29_wfc3_ir_total_idpq29_drz_color.jpg,mast:HST/product/hst_15363_29_wfc3_ir_total_idpq29_drz.fits,PUBLIC,False,,26681180,,,0.0,474672,150.201510426313,2.47961793201337,,58453.87811199
science,HST,HAP-SVM,WFC3/IR,HAP,F098M,INFRARED,COSMOS-V0Y,GALAXY;HIGH REDSHIFT GALAXY,hst_17802_0y_wfc3_ir_f098m_iffu0y,150.20250125,2.479438888889,image,"Kartaltepe, Jeyhan",3,60641.76505058,60641.7920291,2011.735352,INFRARED,895.5,1076.7,,60642.19587959,17802,HAP,,POLYGON 150.22743606138025 2.4719912770797308 150.19259804591857 2.455568565596236 150.19192054835128 2.4558891893604677 150.19024463678753 2.4551410605294053 150.16171694128946 2.5163087756490388 150.19537940547167 2.5323048050003565 150.19634222021548 2.5321266790068573 150.19805389307123 2.5328391750173664 150.22743606138025 2.4719912770797308,mast:HST/product/hst_17802_0y_wfc3_ir_f098m_iffu0y_drz.jpg,mast:HST/product/hst_17802_0y_wfc3_ir_f098m_iffu0y_drz.fits,PUBLIC,False,,233287643,895.5,1076.7,0.0,474672,150.201510426313,2.47961793201337,F098M,60641.76505058
science,HST,HAP-SVM,WFC3/IR,HAP,detection,,COSMOS-V0Y,GALAXY;HIGH REDSHIFT GALAXY,hst_17802_0y_wfc3_ir_total_iffu0y,150.20250125,2.479438888889,image,"Kartaltepe, Jeyhan",3,60641.76505058,60641.7920291,2011.735352,,,,,60642.19587959,17802,HAP,,POLYGON 150.19038726735215 2.455247935916466 150.1766943041995 2.484709692387429 150.17530359444586 2.486597797880153 150.16178825472696 2.5165225273653844 150.1953080858175 2.532269180067137 150.19808955270156 2.532767924949444 150.22715081110653 2.47259690894645 150.2265802540138 2.4715281732010563 150.19388172412317 2.4561741914530524 150.19038726735215 2.455247935916466,mast:HST/product/hst_17802_0y_wfc3_ir_total_iffu0y_drz.jpg,mast:HST/product/hst_17802_0y_wfc3_ir_total_iffu0y_drz.fits,PUBLIC,False,,233287644,,,0.0,474672,150.201510426313,2.47961793201337,,60641.76505058
science,HST,HAP-SVM,ACS/WFC,HAP,F435W,OPTICAL,CLUTCH-TARGET-EB,GALAXY;HIGH REDSHIFT GALAXY,hst_17802_eb_acs_wfc_f435w_jffueb,150.1784020833,2.542183333333,image,"Kartaltepe, Jeyhan",3,61000.58050921,61000.59253505,800.0,OPTICAL,370.0,479.99999999999994,,61000.90128467,17802,HAP,,POLYGON 150.25720869146375 2.467850160746417 150.23648042793408 2.415031166323626 150.2347566816144 2.4155589656657077 150.23424232515606 2.4146561943430216 150.20694023374605 2.423711790566878 150.2072043510837 2.424642348120067 150.20671780202144 2.4249201217236775 150.20612005289922 2.424017338858768 150.1796516784453 2.432808503762971 150.1907722545055 2.4596559955828026 150.20125382184136 2.4838506109740113 150.20294986462238 2.4833922987257253 150.20349203106863 2.484225637973199 150.2052436817882 2.4837256567614583 150.2295164203718 2.4765451223576807 150.2292661794863 2.4756562357323233 150.22969713498944 2.4753923433087985 150.23032272619142 2.4762395598853897 150.25720869146375 2.467850160746417,mast:HST/product/hst_17802_eb_acs_wfc_f435w_jffueb_drc.jpg,mast:HST/product/hst_17802_eb_acs_wfc_f435w_jffueb_drc.fits,PUBLIC,False,,361653495,370.0,479.99999999999994,0.0,474672,150.201510426313,2.47961793201337,F435W,61000.58050921
science,HST,HAP-SVM,ACS/WFC,HAP,F606W,OPTICAL,CLUTCH-TARGET-EB,GALAXY;HIGH REDSHIFT GALAXY,hst_17802_eb_acs_wfc_f606w_jffueb,150.1784020833,2.542183333333,image,"Kartaltepe, Jeyhan",3,61000.56633107,61000.57753505,800.0,OPTICAL,470.0,720.0,,61000.83949065,17802,HAP,,POLYGON 150.2571669885497 2.467933495266857 150.2365082333998 2.415253388081464 150.23636921901056 2.4151006122095646 150.234714978916 2.4156422994650404 150.23420062228985 2.4147256392420027 150.2069124305037 2.4237812347592707 150.20714874493552 2.4247395698596517 150.20667609728469 2.4250034546781563 150.20605054550018 2.424100671540273 150.17962387602495 2.4327946140804633 150.18974357710542 2.4574198631173463 150.20119821280488 2.483947832436053 150.20290815767015 2.4834895204239116 150.20336691257566 2.484308969856987 150.20393689394194 2.484183976266691 150.22946081368812 2.4766423450215194 150.2292244744603 2.475725680502036 150.22948860824707 2.475531233923138 150.22975274313225 2.475475676151127 150.2303088250633 2.476322893324486 150.2571669885497 2.467933495266857,mast:HST/product/hst_17802_eb_acs_wfc_f606w_jffueb_drc.jpg,mast:HST/product/hst_17802_eb_acs_wfc_f606w_jffueb_drc.fits,PUBLIC,False,,361653494,470.0,720.0,0.0,474672,150.201510426313,2.47961793201337,F606W,61000.56633107
science,HST,HAP-SVM,ACS/WFC,HAP,detection,,CLUTCH-TARGET-EB,GALAXY;HIGH REDSHIFT GALAXY,hst_17802_eb_acs_wfc_total_jffueb,150.1784020833,2.542183333333,image,"Kartaltepe, Jeyhan",3,61000.56633107,61000.59253505,1600.0,,,,,61000.90128467,17802,HAP,,POLYGON 150.23652213294392 2.4151283879500123 150.2347566817839 2.4155728545489064 150.23431183179176 2.4146978601821463 150.2341172145904 2.4146978624405064 150.20694023374605 2.423711790566878 150.2068290217213 2.423878456248241 150.20713484430445 2.424656236429014 150.20671780202144 2.4249201217236775 150.20612005289922 2.424017338858768 150.17970728690196 2.4327112831666318 150.17973507567768 2.4331973949183086 150.1887705122058 2.4550726200166504 150.20123991864736 2.483947832978175 150.20292205961312 2.4834895205867658 150.20345032412956 2.4843228596869067 150.22946081368812 2.4766423450215194 150.22959983090402 2.4764617883432494 150.229293983549 2.4756979021627075 150.22948860824707 2.475531233923138 150.22975274313225 2.475475676151127 150.2303088250633 2.476322893324486 150.25715308918438 2.46801682897767 150.23652213294392 2.4151283879500123,mast:HST/product/hst_17802_eb_acs_wfc_total_jffueb_drc.jpg,mast:HST/product/hst_17802_eb_acs_wfc_total_jffueb_drc.fits,PUBLIC,False,,361653496,,,0.0,474672,150.201510426313,2.47961793201337,,61000.56633107
science,HST,HAP-SVM,WFC3/IR,HAP,F098M,INFRARED,CLUTCH-TARGET-EL,GALAXY;HIGH REDSHIFT GALAXY,hst_17802_el_wfc3_ir_f098m_iffuells,150.20250125,2.479438888889,image,"Kartaltepe, Jeyhan",2,61001.93939261,61001.94405631,402.933533,INFRARED,895.5,1076.7,,61002.20810186,17802,HAP,,POLYGON 150.22741790678157 2.471963476514901 150.1924730041967 2.45557619617042 150.17842331137973 2.486605397283605 150.21240606222233 2.502494305874189 150.22741790678157 2.471963476514901,mast:HST/product/hst_17802_el_wfc3_ir_f098m_iffuells_drz.jpg,mast:HST/product/hst_17802_el_wfc3_ir_f098m_iffuells_drz.fits,PUBLIC,False,,361654220,895.5,1076.7,0.0,474672,150.201510426313,2.47961793201337,F098M,61001.93939261
science,HST,HAP-SVM,WFC3/IR,HAP,F098M,INFRARED,CLUTCH-TARGET-EL,GALAXY;HIGH REDSHIFT GALAXY,hst_17802_rl_wfc3_ir_f098m_iffurl,150.20250125,2.479438888889,image,"Kartaltepe, Jeyhan",3,61064.5786886,61064.59086379,805.867066,INFRARED,895.5,1076.7,,61064.84379619,17802,HAP,,POLYGON 150.22747964105218 2.471950167207734 150.19274868399498 2.4556341399644803 150.19196421135555 2.455954759465236 150.1904309344831 2.455206622638976 150.17616724876027 2.4861289227508427 150.21018561987506 2.502160389166858 150.21082747930106 2.5018041348972764 150.2124677984186 2.5025166222760964 150.22747964105218 2.471950167207734,mast:HST/product/hst_17802_rl_wfc3_ir_f098m_iffurl_drz.jpg,mast:HST/product/hst_17802_rl_wfc3_ir_f098m_iffurl_drz.fits,PUBLIC,False,,377122914,895.5,1076.7,0.0,474672,150.201510426313,2.47961793201337,F098M,61064.5786886
science,HST,HAP-SVM,WFC3/IR,HAP,detection,,CLUTCH-TARGET-EL,GALAXY;HIGH REDSHIFT GALAXY,hst_17802_rl_wfc3_ir_total_iffurl,150.20250125,2.479438888889,image,"Kartaltepe, Jeyhan",3,61064.5786886,61064.59086379,805.867066,,,,,61064.84379619,17802,HAP,,POLYGON 150.1926417105305 2.455669764243105 150.1921068418392 2.4560260104765215 150.19046659130936 2.455313497916704 150.18986040321323 2.4560616175792114 150.17616724876027 2.4861289227508427 150.20965073344857 2.5019110175794714 150.21257477425198 2.502374121416439 150.22690913407192 2.473197053034703 150.2270874004522 2.4719145497758537 150.1926417105305 2.455669764243105,mast:HST/product/hst_17802_rl_wfc3_ir_total_iffurl_drz.jpg,mast:HST/product/hst_17802_rl_wfc3_ir_total_iffurl_drz.fits,PUBLIC,False,,377122916,,,0.0,474672,150.201510426313,2.47961793201337,,61064.5786886
science,HST,HAP-SVM,WFC3/UVIS,HAP,F275W,UV,CLUTCH-TARGET-EL,GALAXY;HIGH REDSHIFT GALAXY,hst_17802_rl_wfc3_uvis_f275w_iffurl,150.20250125,2.479438888889,image,"Kartaltepe, Jeyhan",3,61064.59319659,61064.60707379,1060.0,UV,243.20000000000002,305.8,,61064.87063648,17802,HAP,,POLYGON 150.16867915912215 2.4914153639555674 150.21084841349517 2.508309233921382 150.21121194214842 2.507946047778525 150.21311773538108 2.508683402904885 150.22271242236533 2.488047863108155 150.2207846186263 2.4871014163433087 150.2209608708045 2.486925324758334 150.2228996860702 2.4876186433285934 150.2323398524501 2.467258175506788 150.1904249861375 2.451036329829746 150.190072483222 2.451377499256218 150.18819983204125 2.450662122395882 150.1785938719677 2.470703112412735 150.18051060567467 2.471660625920841 150.18032333451077 2.4718257064058693 150.17840659628482 2.4711323259342226 150.16867915912215 2.4914153639555674,mast:HST/product/hst_17802_rl_wfc3_uvis_f275w_iffurl_drc.jpg,mast:HST/product/hst_17802_rl_wfc3_uvis_f275w_iffurl_drc.fits,PUBLIC,False,,377122915,243.20000000000002,305.8,0.0,474672,150.201510426313,2.47961793201337,F275W,61064.59319659
science,HST,HAP-SVM,WFC3/UVIS,HAP,detection,,CLUTCH-TARGET-EL,GALAXY;HIGH REDSHIFT GALAXY,hst_17802_rl_wfc3_uvis_total_iffurl,150.20250125,2.479438888889,image,"Kartaltepe, Jeyhan",3,61064.59319659,61064.60707379,1060.0,,,,,61064.87063648,17802,HAP,,POLYGON 150.16867915912215 2.4914153639555674 150.21084841349517 2.508309233921382 150.21121194214842 2.507946047778525 150.2131397672898 2.508650386036134 150.22270140679532 2.488069874401873 150.22088376521785 2.4873105203600567 150.2207846186263 2.4871014163433087 150.22100493418193 2.4869033129677787 150.22291070163314 2.487596632033234 150.2323398524501 2.467258175506788 150.19505154410274 2.452819256362851 150.19044701689677 2.4511023633121303 150.19006146723854 2.4514215213811186 150.1881557689091 2.450728155304698 150.1785938719677 2.470703112412735 150.18052162181021 2.4716386149774245 150.18029028676256 2.4718477170121465 150.17838456395205 2.4711763477853035 150.16867915912215 2.4914153639555674,mast:HST/product/hst_17802_rl_wfc3_uvis_total_iffurl_drc.jpg,mast:HST/product/hst_17802_rl_wfc3_uvis_total_iffurl_drc.fits,PUBLIC,False,,377122917,,,0.0,474672,150.201510426313,2.47961793201337,,61064.59319659
science,HST,HAP-SVM,ACS/WFC,HAP,F814W,OPTICAL,COSMOS24-08,CLUSTER OF GALAXIES;BLANK SKY,hst_9822_31_acs_wfc_f814w_j8pu31,150.2177916667,2.458527777778,image,"Scoville, Nicholas",3,53109.45093434,53109.48120091,2028.0,OPTICAL,708.0,959.0,,53110.24015052,9822,HAP,,POLYGON 150.18215835983295 2.4343297056332984 150.193389708214 2.489996610138423 150.2528900872779 2.4813435828354784 150.24641115885046 2.4520243005887243 150.24050254641764 2.427260530882805 150.21332538077576 2.430260718605625 150.18215835983295 2.4343297056332984,mast:HST/product/hst_9822_31_acs_wfc_f814w_j8pu31_drc.jpg,mast:HST/product/hst_9822_31_acs_wfc_f814w_j8pu31_drc.fits,PUBLIC,False,,26350361,708.0,959.0,0.0,474672,150.201510426313,2.47961793201337,F814W,53109.45093434
science,HST,HAP-SVM,ACS/WFC,HAP,detection,,COSMOS24-08,CLUSTER OF GALAXIES;BLANK SKY,hst_9822_31_acs_wfc_total_j8pu31,150.2177916667,2.458527777778,image,"Scoville, Nicholas",3,53109.45093434,53109.48120091,2028.0,,,,,53110.24015052,9822,HAP,,POLYGON 150.2528344766694 2.481232473247669 150.2463833568243 2.4520798567355953 150.24047474418114 2.427288309122031 150.21297784582487 2.4303162730251526 150.1843825976166 2.433954762184722 150.18220006191078 2.434413040028502 150.1933897092184 2.489941054605302 150.2528344766694 2.481232473247669,mast:HST/product/hst_9822_31_acs_wfc_total_j8pu31_drc.jpg,mast:HST/product/hst_9822_31_acs_wfc_total_j8pu31_drc.fits,PUBLIC,False,,26350368,,,0.0,474672,150.201510426313,2.47961793201337,,53109.45093434
science,HST,HAP-MVM,WFC3/IR,HAP,F098M,INFRARED,COSMOS47074,GALAXY;HIGH REDSHIFT GALAXY,hst_skycell-p1359x02y13_wfc3_ir_f098m_all,150.12639,2.383777777778,image,,3,57448.26668094,60641.85748058,11876.317752,INFRARED,895.5,1076.7,,60642.19587959,,,,POLYGON 150.10733689240556 2.3557473231303137 150.09844666145798 2.3771455449681187 150.09829135427435 2.377279019202696 150.09694683017335 2.376692589920653 150.09684699365977 2.3767815670793446 150.08382657068142 2.4081568746137987 150.11842894159113 2.4229593354123717 150.11886129855324 2.4223702044089994 150.12123919026428 2.4233768524722237 150.12133902516584 2.4232878729496123 150.12945587194884 2.4051996588106066 150.12963338358142 2.405066147197738 150.135377452999 2.407100105770893 150.13558839424428 2.4070553642844486 150.13594277800266 2.4062998156079702 150.13693141505746 2.40650922260936 150.14897212865637 2.374702995470957 150.14483889718986 2.3729995671319277 150.1493898993578 2.363011038975748 150.17836846781205 2.376544463833917 150.1886454038854 2.355644285043229 150.14645976735983 2.3556876518364382 150.14462133285863 2.3594765755526073 150.13576586064107 2.3557040714370343 150.10733689240556 2.3557473231303137 POLYGON 150.10862069199695 2.4300805408233623 150.1127493419803 2.44524070067494 150.10846342960312 2.454618303258235 150.10831922381226 2.454751765374905 150.107985874759 2.454619055475764 150.1078972270354 2.4547746359109563 150.0938207405967 2.4855741568190632 150.127804000395 2.5015632171275985 150.1282477347049 2.5011739064562537 150.1301701870572 2.5020367935048213 150.14512334482333 2.471646986487877 150.14517864009215 2.471469255718875 150.14478954074607 2.4711590107935852 150.1506376409005 2.459258704378704 150.1510254981909 2.458625232119609 150.1519689706722 2.4582573276237976 150.15168985230463 2.4571253126641306 150.15954246566312 2.4411471698957454 150.14564121119847 2.434552198701574 150.1419928537624 2.421589982195002 150.12636158500183 2.425500579250203 150.1246169746781 2.4246928064535687 150.12425106849 2.4251374956747993 150.12236198255425 2.424252224535082 150.12108816279186 2.4268189907264435 150.10898688208317 2.4298468069984835 150.10862069199695 2.4300805408233623 POLYGON 150.19022173023808 2.4551198438164183 150.17607072432875 2.4860408362986197 150.17760442805897 2.4869375971376604 150.16391783197415 2.5168920485227844 150.19803260559726 2.532899687031887 150.21306099895145 2.5023770969286314 150.2126718695226 2.5020335908352416 150.22745577977062 2.472000054860014 150.19250986659333 2.4555379840450753 150.1921551241217 2.4559937597023924 150.19022173023808 2.4551198438164183,mast:HST/product/hst_skycell-p1359x02y13_wfc3_ir_f098m_all_drz.jpg,mast:HST/product/hst_skycell-p1359x02y13_wfc3_ir_f098m_all_drz.fits,PUBLIC,False,,233287843,895.5,1076.7,0.0,474672,150.201510426313,2.47961793201337,F098M,57448.26668094
science,HST,HAP-MVM,WFC3/IR,HAP,F098M,INFRARED,COSMOS47074,GALAXY;HIGH REDSHIFT GALAXY,hst_skycell-p1359x02y13_wfc3_ir_f098m_coarse-all,150.12639,2.383777777778,image,,3,57448.26668094,60641.85748058,11876.317752,INFRARED,895.5,1076.7,,60642.19587959,,,,POLYGON 150.10734802619737 2.355769512684799 150.09854625626932 2.376867813734096 150.09678051638124 2.3769038032703866 150.0838598603478 2.408134617321084 150.11826228640192 2.422904081106284 150.1189280609472 2.4224700264945223 150.12109476095802 2.4233326668029678 150.1215273165801 2.4228989763810183 150.1293341028524 2.4054996271038034 150.12983336514944 2.4051324528066202 150.135366333333 2.407089020311604 150.13703107250325 2.406287009654802 150.14895003539857 2.3747918525481526 150.14494959728182 2.372732926534741 150.1491018166677 2.3635000107286404 150.14973434905647 2.363165946517671 150.17836842358855 2.3765111560277754 150.1886010763949 2.355710970222511 150.14645979641074 2.3557098576106466 150.14439910705212 2.359376991612396 150.13589914787147 2.3557260732615286 150.10734802619737 2.355769512684799 POLYGON 150.10864290350602 2.4300805061792548 150.11272720187492 2.445296250040394 150.10860739274318 2.454296092029494 150.1078418114954 2.4548635465156723 150.09385408796163 2.4855963098294236 150.1276262185503 2.501496889399525 150.12842554520648 2.5012624393086034 150.1302256158023 2.5019589853609383 150.14517875623474 2.4715580762979465 150.14491135299212 2.4708923518900456 150.14986231766238 2.4608254186460465 150.15075949404573 2.45902535372463 150.15192454938693 2.458257399151771 150.15172308088466 2.457058643628198 150.15949819142608 2.4412582667925062 150.145596572383 2.434385729089635 150.141981806528 2.4216344107143652 150.12642820342563 2.425489371793796 150.1223953134728 2.4242632752361324 150.1208994257602 2.42686369806084 150.10864290350602 2.4300805061792548 POLYGON 150.227333481776 2.4718892399489643 150.1927320794099 2.4556264382480317 150.1919328962819 2.455894203154752 150.19023284979798 2.4551309279334332 150.17618140770102 2.4857630959531907 150.17751583745266 2.48712648243528 150.16392889358332 2.5168587232608277 150.1980658615414 2.532855222675485 150.2130499541394 2.5024215235280303 150.2127494079012 2.501889134182588 150.227333481776 2.4718892399489643,mast:HST/product/hst_skycell-p1359x02y13_wfc3_ir_f098m_coarse-all_drz.jpg,mast:HST/product/hst_skycell-p1359x02y13_wfc3_ir_f098m_coarse-all_drz.fits,PUBLIC,False,,233287844,895.5,1076.7,0.0,474672,150.201510426313,2.47961793201337,F098M,57448.26668094
science,HST,HAP-MVM,ACS/WFC,HAP,F435W,OPTICAL,CLUTCH-TARGET-EK,GALAXY;HIGH REDSHIFT GALAXY,hst_skycell-p1360x19y13_acs_wfc_f435w_all,150.1806175,2.432636111111,image,,3,61000.58050921,61001.90092653,1600.0,OPTICAL,370.0,479.99999999999994,,60974.90696754,,,,POLYGON 150.2122684031066 2.3561937007736136 150.19559322094142 2.3561722219769163 150.203460985394 2.3743171952496858 150.20518346965164 2.373853011982086 150.20568248709822 2.374686549385342 150.21227256690707 2.3727627675208804 150.2122684031066 2.3561937007736136 POLYGON 150.21221889541056 2.422014187080163 150.20689536154407 2.4237395536776627 150.20720541868687 2.424672790444924 150.20667185297125 2.4249386062202105 150.20610624497712 2.424027241582442 150.1796442617647 2.432798147138953 150.19059147812416 2.459231449140067 150.20121899206538 2.483832047885812 150.20297489416902 2.4833902394038154 150.20346282022538 2.484234872436002 150.21215385600382 2.4816925147580107 150.21221889541056 2.422014187080163,mast:HST/product/hst_skycell-p1360x19y13_acs_wfc_f435w_all_drc.jpg,mast:HST/product/hst_skycell-p1360x19y13_acs_wfc_f435w_all_drc.fits,PUBLIC,False,,355586391,370.0,479.99999999999994,0.0,474672,150.201510426313,2.47961793201337,F435W,61000.58050921
science,HST,HAP-MVM,WFC3/IR,HAP,F098M,INFRARED,COSMOS47074,GALAXY;HIGH REDSHIFT GALAXY,hst_skycell-p1360x19y13_wfc3_ir_f098m_all,150.12639,2.383777777778,image,,3,57448.26668094,60641.85748058,11876.317752,INFRARED,895.5,1076.7,,59012.12197918,,,,POLYGON 150.10720104379737 2.3560550376497256 150.09846787654058 2.377097393005558 150.0982788311317 2.377274805341912 150.09695762575953 2.3766955516029804 150.09684644088924 2.3767842346885177 150.08382443524098 2.4081361595727864 150.11838810948433 2.4229422180829463 150.11887754489683 2.4223765657745604 150.121309263113 2.423346032168181 150.12946166423492 2.4051901343325226 150.1296395441617 2.405068226711296 150.1353694023121 2.407097112792727 150.1355805088785 2.4070640871125906 150.13595908150435 2.406298380610847 150.1367030866876 2.4065548041123055 150.1369475832122 2.4064663002168847 150.1489700079872 2.3747117809905434 150.14887021647874 2.3745450746544057 150.144994776186 2.373185094713658 150.14483946690405 2.372996104433979 150.14927191613643 2.3631186991691733 150.14942756397713 2.3630078574895514 150.17835134864146 2.376549794846976 150.18838330211295 2.356185083656727 150.14626936623816 2.3561075225097308 150.1446103707411 2.3594700915128053 150.13668263644675 2.3560947448894765 150.10720104379737 2.3560550376497256 POLYGON 150.15953788167718 2.4410883552120337 150.14564747255886 2.4345619586418232 150.14200723274294 2.4215978057350473 150.1263279991925 2.4255072655088394 150.1246181587471 2.4246942660556567 150.12425105853197 2.425137940502814 150.12237468005333 2.42424697706979 150.12108310613 2.4268214409126303 150.10898216627623 2.429847214103861 150.10862639359195 2.4301021188606535 150.11275254734284 2.44523215103432 150.10846481895047 2.4546204358390096 150.10794263873927 2.45467521969384 150.09382078223516 2.4855915770560606 150.12782976393495 2.501574956834242 150.12825237824 2.5011758025172015 150.13018445845438 2.502022485393363 150.14508331534006 2.471728317079845 150.14518358907026 2.4714730522396837 150.14479513558769 2.4711393736336587 150.15084144625948 2.4588438873211085 150.15196416170645 2.4582568946663845 150.15168770211173 2.457123839226779 150.15953788167718 2.4410883552120337 POLYGON 150.21217221613696 2.4648463139618184 150.19250646044605 2.4555361122650474 150.19213933152952 2.4559909169648537 150.19021827394212 2.455122138729172 150.17608557877583 2.486007470457347 150.17760661526057 2.48693125927066 150.16390795183398 2.516872427248166 150.1980542571825 2.532877459132904 150.21212922596496 2.5042909452180435 150.21217221613696 2.4648463139618184,mast:HST/product/hst_skycell-p1360x19y13_wfc3_ir_f098m_all_drz.jpg,mast:HST/product/hst_skycell-p1360x19y13_wfc3_ir_f098m_all_drz.fits,PUBLIC,False,,208830512,895.5,1076.7,0.0,474672,150.201510426313,2.47961793201337,F098M,57448.26668094
science,HST,HAP-MVM,WFC3/IR,HAP,F098M,INFRARED,COSMOS47074,GALAXY;HIGH REDSHIFT GALAXY,hst_skycell-p1360x19y13_wfc3_ir_f098m_coarse-all,150.12639,2.383777777778,image,,3,57448.26668094,60641.85748058,11876.317752,INFRARED,895.5,1076.7,,59012.12197918,,,,POLYGON 150.107223234523 2.3560772770461416 150.09866837762914 2.37662017400938 150.09820117669233 2.3771858622640343 150.09680193087218 2.376850800520619 150.0838688551755 2.4081473263127977 150.1181438184811 2.4228530428316963 150.11907741370229 2.4224545747317205 150.1213426531261 2.423290555684182 150.12932799155175 2.405511986161232 150.12986163141423 2.4051462633498115 150.1353249794234 2.4070859474217166 150.13605896049452 2.406387354489639 150.13699210706162 2.406388628098374 150.14895884904004 2.3747561854801003 150.14492857561356 2.372785231980259 150.1496052038886 2.363096933024208 150.17831804568337 2.3765275408990774 150.18830546419082 2.35625161338727 150.1462804498129 2.3561297470123175 150.14441050259745 2.359392091125235 150.13681591382084 2.356117132628511 150.107223234523 2.3560772770461416 POLYGON 150.1086705979297 2.4303020607961856 150.112752585667 2.4451988377934932 150.10860961820214 2.454287509137368 150.10787585755335 2.454786169009656 150.09384305160663 2.485547192432989 150.12781864183881 2.501586045328492 150.12841893095384 2.501253770272284 150.13028470935134 2.5017894365356814 150.14508327767086 2.4717616306879036 150.14488421196003 2.4709618250438456 150.15029584511666 2.4599424900682414 150.15193084591797 2.458245743963476 150.15173222737974 2.457046168282263 150.15951550089332 2.441232686199431 150.14562541735418 2.4344175676157223 150.14194055323227 2.4216199237913747 150.1264057740967 2.425496268509203 150.12237462921522 2.42429139521582 150.1208386355697 2.4268877288287034 150.1091044131474 2.429802967247094 150.1086705979297 2.4303020607961856 POLYGON 150.21214998359784 2.464857389132049 150.19259530307264 2.4555695469636407 150.19196167082944 2.4559018377351403 150.19016260200294 2.4552331122844144 150.176096738084 2.4859630670567556 150.17752866058615 2.4870977223255273 150.1640300621835 2.5169614351409697 150.19804315887353 2.5328663390449173 150.21210688395985 2.5044019633545 150.21214998359784 2.464857389132049,mast:HST/product/hst_skycell-p1360x19y13_wfc3_ir_f098m_coarse-all_drz.jpg,mast:HST/product/hst_skycell-p1360x19y13_wfc3_ir_f098m_coarse-all_drz.fits,PUBLIC,False,,208830511,895.5,1076.7,0.0,474672,150.201510426313,2.47961793201337,F098M,57448.26668094
science,HST,HAP-MVM,WFC3/IR,HAP,F105W,INFRARED,CPCH,GALAXY;HIGH REDSHIFT GALAXY,hst_skycell-p1360x19y13_wfc3_ir_f105w_all,150.217375,2.483888888889,image,,3,57090.96574612,58800.84025031,16545.157866,INFRARED,901.2,1204.1000000000001,,58893.12331021,,,,POLYGON 150.05011803574286 2.3559763842867962 150.02954732480183 2.355947467815868 150.033780049846 2.364481429084669 150.05011803574286 2.3559763842867962 POLYGON 150.10077834480077 2.357945190129343 150.100377810248 2.358499873510949 150.1001666663013 2.3585773176561613 150.09961153155507 2.3583433641476197 150.09942228235607 2.358698452570025 150.0845689643619 2.3888710994791564 150.08502402089354 2.3891937611256617 150.0848679499279 2.389671033391767 150.1198182691543 2.4060652623231222 150.12015217838095 2.405499387865204 150.12037442823373 2.4054330661757035 150.12087403900043 2.4056780547560748 150.12100750856965 2.4055338786228835 150.1350728453501 2.374804165491213 150.13466226711057 2.3744149451634917 150.1348294144627 2.3739598750120643 150.10077834480077 2.357945190129343 POLYGON 150.2085558763465 2.4190331884680787 150.1898274730787 2.3864150841043217 150.18924946500942 2.386703055920815 150.1886613285939 2.386102608376378 150.15891468730584 2.4024428334942436 150.1590585204721 2.402964954807678 150.158635974135 2.4033197407143234 150.17781788502458 2.436760122702313 150.17840701506128 2.436472192154884 150.17902850032777 2.437061589690067 150.2083216474677 2.4198768671008355 150.2081444111925 2.4193991139890416 150.2085558763465 2.4190331884680787 POLYGON 150.21217302702405 2.464102280802228 150.21185057669396 2.464335053181488 150.20409928091064 2.4610375714498547 150.19500974769772 2.482602059674773 150.1939085005931 2.4838220873746524 150.19427456025937 2.484344513511126 150.1909324885958 2.492535276164365 150.21213200973799 2.5017368306055467 150.21217302702405 2.464102280802228 POLYGON 150.01012460231635 2.49042045618126 149.97553451364993 2.4732574742481654 149.97518975124208 2.4736122587591756 149.97423507921374 2.473166665873408 149.96828865822567 2.4854268090392018 149.96825873483806 2.509587565350715 149.99310242696706 2.5218729524213215 149.99345836534576 2.5214737782938905 149.99435756777262 2.5219081953863323 150.0100564065085 2.491697269056019 150.00966807756194 2.491330263810028 150.01012460231635 2.49042045618126 POLYGON 150.212063151173 2.564911688261877 150.194126161125 2.5686842779992674 150.2012916828096 2.599920222109718 150.21202496137232 2.599946555105995 150.212063151173 2.564911688261877 POLYGON 150.1119767278381 2.5981021769704693 150.09441747310888 2.5648420454610323 150.09169411820477 2.566170458259553 150.0912171636314 2.565525722219236 150.06083757802375 2.580847548790652 150.07082470627603 2.599761140174029 150.10930837794518 2.5998192905365887 150.1094086993897 2.5995307400940093 150.1119767278381 2.5981021769704693,mast:HST/product/hst_skycell-p1360x19y13_wfc3_ir_f105w_all_drz.jpg,mast:HST/product/hst_skycell-p1360x19y13_wfc3_ir_f105w_all_drz.fits,PUBLIC,False,,208830595,901.2,1204.1000000000001,0.0,474672,150.201510426313,2.47961793201337,F105W,57090.96574612
science,HST,HAP-MVM,WFC3/IR,HAP,F105W,INFRARED,CPCH,GALAXY;HIGH REDSHIFT GALAXY,hst_skycell-p1360x19y13_wfc3_ir_f105w_coarse-all,150.217375,2.483888888889,image,,3,57090.96574612,58800.84025031,16545.157866,INFRARED,901.2,1204.1000000000001,,58893.12331021,,,,POLYGON 150.04984032360105 2.355998204454674 150.02964726256394 2.3559698172966157 150.03386892134023 2.364470450708341 150.04984032360105 2.355998204454674 POLYGON 150.10085607582673 2.3579675052675317 150.0995225253241 2.3584653931298853 150.08459127132426 2.388793399680056 150.08489017911913 2.3896599599474446 150.1196627859161 2.406031734463134 150.12112997119192 2.4053008505151987 150.13509517626957 2.3747042526827062 150.1342965279311 2.3736704328257736 150.10085607582673 2.3579675052675317 POLYGON 150.18993843245514 2.3865373858463053 150.1892050641445 2.3866696822973665 150.18857241662624 2.3861358066223426 150.158925821372 2.4024206387946587 150.15865830460024 2.403219827228321 150.1777180465813 2.436626729416265 150.17838477117223 2.4364943718440304 150.17901739070254 2.4370615746846696 150.20823269576272 2.419943380307752 150.20853353534827 2.419144210022897 150.18993843245514 2.3865373858463053 POLYGON 150.21215067346563 2.4642244057173825 150.20405475543004 2.4611152462088035 150.19503201683312 2.4825576707362726 150.19393075752168 2.4837888033120383 150.19422999748687 2.484455500831992 150.19088821946374 2.492379748644267 150.21210989773417 2.5016368567035654 150.21215067346563 2.4642244057173825 POLYGON 150.0100247128521 2.490353683814022 149.97559002236625 2.4732797657196386 149.97419055441443 2.4732443219888167 149.96831103765382 2.4852936032264976 149.96828096333002 2.5095764965768197 149.99279157186524 2.5217392328349937 149.99432428507072 2.5218748339392123 150.01005637957016 2.4917194762412302 150.0100247128521 2.490353683814022 POLYGON 150.21204086886092 2.564967180359875 150.19420398494677 2.568639969788105 150.20126955822656 2.5998313551354744 150.212002811738 2.599879896767738 150.21204086886092 2.564967180359875 POLYGON 150.09448402646643 2.564930975703088 150.0918497402173 2.566092962975635 150.09111714037925 2.56555888480029 150.0608709184402 2.5808364959417815 150.07084695110535 2.5997389668916955 150.10920841487385 2.5997969332783875 150.11194335986823 2.5981354388244773 150.09448402646643 2.564930975703088,mast:HST/product/hst_skycell-p1360x19y13_wfc3_ir_f105w_coarse-all_drz.jpg,mast:HST/product/hst_skycell-p1360x19y13_wfc3_ir_f105w_coarse-all_drz.fits,PUBLIC,False,,208830543,901.2,1204.1000000000001,0.0,474672,150.201510426313,2.47961793201337,F105W,57090.96574612
science,HST,HAP-MVM,WFC3/IR,HAP,F140W,INFRARED,COSMOS-10,GALAXY;HIGH REDSHIFT GALAXY,hst_skycell-p1360x19y13_wfc3_ir_f140w_all,150.113115,2.347777777778,image,,3,55503.08167798,58453.91024458,21567.02193899999,INFRARED,1194.8,1601.9,,58455.6898957,,,,POLYGON 150.18821668877305 2.356162656891565 150.05677141352606 2.355985672088408 150.0490689226397 2.369533198682939 150.0490574586057 2.3698329966742793 150.06326525684483 2.3782699848393762 150.05023481302055 2.407255759525015 150.05024547210706 2.4076333153636864 150.08570681449 2.4228187453784473 150.08617336530202 2.4228194039060127 150.08684148561247 2.421432305039745 150.0974872138828 2.4276990479973724 150.09735374405273 2.4278432173601345 150.09680968370228 2.4276203647012466 150.09637609052692 2.427930677487925 150.08248766326548 2.4588919054276297 150.15281821819133 2.489073327609246 150.1533070055351 2.4891073251172173 150.16637389563877 2.457665980421995 150.16621869629554 2.457365939851867 150.15244968401245 2.4513171580312387 150.16820979987443 2.425298033310523 150.1682101470661 2.4249870983039687 150.1348378933533 2.405586149698732 150.13439360216685 2.405530019474137 150.13273526241113 2.4082706063555124 150.12053486034188 2.401146910948709 150.13246237841827 2.3747451202789853 150.15562026197276 2.38812425186902 150.15606457229526 2.3881692669115995 150.15898038390935 2.383498013795326 150.16911650677793 2.3992583149651465 150.1695271277188 2.3996364311192813 150.1979434446752 2.380906479601558 150.19803271082074 2.3805512316263275 150.1859553495591 2.361745593526491 150.18821668877305 2.356162656891565 POLYGON 150.21217302702405 2.464102280802228 150.21187284553523 2.4642906630963797 150.20435487389875 2.4609823904687675 150.20412153757158 2.461004286535068 150.19504312696313 2.482557685887276 150.19387512131283 2.483866461066215 150.19426337678254 2.484411127141316 150.19096586802416 2.492490902892284 150.21213208235804 2.5016702015019137 150.21217302702405 2.464102280802228 POLYGON 150.21209573528563 2.535017894165813 150.19123479498182 2.560951452192439 150.21204996952122 2.5770045963669532 150.21209573528563 2.535017894165813 POLYGON 150.14533018439582 2.548160431583604 150.1069372339754 2.546172537301069 150.10661489310252 2.546316417132686 150.1052980208806 2.5803259800595724 150.13052692755713 2.581695754368312 150.14308078921917 2.5821805051081688 150.14533018439582 2.548160431583604 POLYGON 150.00514733140346 2.5734333537315335 149.98807520175387 2.5996321355110115 150.0334980967849 2.599703619228534 150.03726020834858 2.5936025918118983 150.03721598544612 2.593424868564724 150.01335042562104 2.5783871258118696 150.005413903767 2.573455976750686 150.00514733140346 2.5734333537315335 POLYGON 150.18692021905986 2.574315151943335 150.17490340021772 2.5999157075747554 150.21200271489846 2.599968732638118 150.2120407458807 2.585466270102034 150.18692021905986 2.574315151943335,mast:HST/product/hst_skycell-p1360x19y13_wfc3_ir_f140w_all_drz.jpg,mast:HST/product/hst_skycell-p1360x19y13_wfc3_ir_f140w_all_drz.fits,PUBLIC,False,,208830598,1194.8,1601.9,0.0,474672,150.201510426313,2.47961793201337,F140W,55503.08167798
science,HST,HAP-MVM,WFC3/IR,HAP,F140W,INFRARED,COSMOS-10,GALAXY;HIGH REDSHIFT GALAXY,hst_skycell-p1360x19y13_wfc3_ir_f140w_coarse-all,150.113115,2.347777777778,image,,3,55503.08167798,58453.91024458,21567.02193899999,INFRARED,1194.8,1601.9,,58455.6898957,,,,POLYGON 150.18810557235037 2.3561847227947093 150.05673806466382 2.356007834235527 150.04909075473196 2.3698552519849763 150.06320956076087 2.3784031583246303 150.05027879545753 2.4076333629767595 150.08565128570132 2.422807562666575 150.08615116154527 2.422808268242881 150.08705241489983 2.421543645797643 150.09674334173857 2.427353766253945 150.08254318007107 2.4589141934866103 150.15276268243494 2.489062145352444 150.15339608281587 2.4889297769365677 150.16636282326763 2.4576326510454494 150.15253870922348 2.4511840247720915 150.16819900045707 2.4250203977502416 150.13492672637204 2.4056195850663737 150.13432684801066 2.4056187657464485 150.1325909484616 2.4081815715156933 150.12060167762007 2.401002642829112 150.132595580772 2.3748341380973153 150.1555425364072 2.388090833081113 150.1561090582584 2.388124907077177 150.15901348664394 2.3836979461136196 150.16946050936846 2.399603027303132 150.19564208819094 2.3824470847312043 150.19804382029605 2.3805512461312253 150.18596645875928 2.361745608013218 150.18810557235037 2.3561847227947093 POLYGON 150.21215067346563 2.4642244057173825 150.20408812218648 2.4610819762421325 150.19513222793432 2.4823579204877815 150.19389739046838 2.4838220722064226 150.19422996081414 2.4844888152297178 150.19102139427156 2.492513188626454 150.21210997035513 2.5015702275986946 150.21215067346563 2.4642244057173825 POLYGON 150.21207333234037 2.5351844345127246 150.19124610151655 2.560773795680306 150.21202786861366 2.5768935194551106 150.21207333234037 2.5351844345127246 POLYGON 150.14543003593369 2.5482827224050473 150.10680393329307 2.5461612377026444 150.10523150395892 2.580203738017534 150.14295848944906 2.582258055679375 150.14543003593369 2.5482827224050473 POLYGON 150.00535840272929 2.5734225801872728 149.98819741976288 2.5996101239033895 150.03348701454533 2.599681395243959 150.03712719421387 2.5933581104896195 150.00535840272929 2.5734225801872728 POLYGON 150.1868979486571 2.57435953811115 150.17500342103702 2.5998936434441955 150.21193607231962 2.5999464293628463 150.2120185359174 2.585455134300094 150.1868979486571 2.57435953811115,mast:HST/product/hst_skycell-p1360x19y13_wfc3_ir_f140w_coarse-all_drz.jpg,mast:HST/product/hst_skycell-p1360x19y13_wfc3_ir_f140w_coarse-all_drz.fits,PUBLIC,False,,208830541,1194.8,1601.9,0.0,474672,150.201510426313,2.47961793201337,F140W,55503.08167798
science,HST,HAP-MVM,WFC3/UVIS,HAP,F350LP,OPTICAL,COSMOS-V88,,hst_skycell-p1360x19y13_wfc3_uvis_f350lp_all,150.14657375,2.504038888889,image,,3,55901.70971448,56032.42749454,9526.0,OPTICAL,325.5,993.8,,56033.4861111,,,,POLYGON 150.2101455193039 2.448730238807016 150.2093900944788 2.4486737058246373 150.17270754338733 2.446669809133983 150.1725743764927 2.446536370302516 150.1728323589103 2.4443268646549448 150.17207696842794 2.4442703136164488 150.13273000086375 2.442172993264031 150.132507831887 2.4421615803260632 150.13178577995993 2.4421272641799945 150.13167468926636 2.442127109914746 150.1306193789943 2.442081225792459 150.12956407004825 2.44203534089723 150.1291641699788 2.442012575805858 150.12879758452962 2.442000961481123 150.12810886286584 2.4419666898480306 150.12791997148798 2.4419997406528675 150.12765212566478 2.443076507748714 150.12700782785555 2.4430534015362415 150.12694117376287 2.443053308706657 150.12681892388764 2.443097556548659 150.12390547850984 2.4650470431663107 150.12472746533058 2.465125930999507 150.1248606226627 2.4652593717021953 150.12470480276465 2.4655145547114783 150.123849412189 2.465502246305697 150.12235922760297 2.4765712470126484 150.12222576487352 2.4767043108506206 150.09772074548198 2.4753813078071456 150.09758759369063 2.475247866081323 150.09783443500893 2.473138413029653 150.0970791110156 2.4730707058996626 150.09415767244127 2.472911059158563 150.09401342579633 2.472766497304127 150.09577453573849 2.4581002938419574 150.09480818091683 2.4580100825815583 150.09467503122286 2.4578766414722573 150.09469744208224 2.4577101092488576 150.09483090127094 2.4575770481001316 150.09579729453228 2.4576339463130514 150.09850037024003 2.4353180772528704 150.09774506306306 2.4352503862995247 150.05740210211064 2.433094225632601 150.0562913504653 2.4330482108352323 150.05481406208807 2.43297945906192 150.0544475108349 2.4329678269215895 150.05374774599704 2.432933506317918 150.0536477739953 2.4329333622329887 150.0535699784783 2.432966562360351 150.05342436235108 2.4339879280713856 150.05329090819856 2.4341209845745917 150.0531798149998 2.4341319284243164 150.05230228333883 2.434130662435678 150.04939923008908 2.4560680169568823 150.0503544216848 2.4561582413753738 150.05048756070977 2.4562916833570383 150.05047630744076 2.4564138108965983 150.05034285168963 2.456546864293152 150.04937649896587 2.4565010393275544 150.046384074947 2.4788044718018196 150.049016488217 2.4790082195023624 150.05062705416208 2.479121628539615 150.05076019511745 2.479255071458127 150.04883216707293 2.493887158082842 150.04968740477776 2.4939772553356914 150.0498205467148 2.494110698861562 150.04966472600324 2.494365857141774 150.0488205436426 2.4943201915122306 150.04580581483927 2.5166343691780853 150.04844940869174 2.51682708764068 150.05002668510903 2.516940482405756 150.05015982899255 2.517073926796537 150.04881455069312 2.5273762116535523 150.04966981905423 2.527455221246985 150.04980295050555 2.5275997697650068 150.04964713981283 2.5278438185578187 150.04879181844237 2.527809223669001 150.04578814967437 2.5501120168978826 150.04843179746342 2.5503047858892267 150.0719030610764 2.5518724500903205 150.0720362130153 2.5520058951867775 150.07061891334516 2.557489044783112 150.07320672971545 2.558003702842567 150.1152910200802 2.566016638316545 150.1157480230501 2.5647070340180678 150.11644779399933 2.5648302074639076 150.12192796460715 2.542752150767471 150.12115062174448 2.5424623126542047 150.1213287062616 2.542173863308924 150.12201737556833 2.5422859057337908 150.12249716124285 2.5404766225271045 150.12263064189267 2.5403324619672043 150.12276381755237 2.54045480121229 150.1202760057777 2.5591949560807032 150.15761381581981 2.5616920255322317 150.15774697615564 2.561836572917827 150.1575115913063 2.563679550818282 150.16014450483345 2.563872106336568 150.20285029444798 2.56669774025511 150.2030069891565 2.5656541297317537 150.20315158758083 2.565509973023215 150.20405150131018 2.565566758064258 150.20679834445994 2.5429837540602094 150.20589847677064 2.542893667519568 150.2057652944867 2.542760226405082 150.2059211596475 2.5424717209794565 150.2068544441449 2.5424841208362414 150.20952312933497 2.520189486966656 150.2056569172803 2.5199509720491595 150.20552374906327 2.5198064268582985 150.20676828219786 2.509502893522435 150.2058795312169 2.509423942448111 150.2057463516565 2.509290502337464 150.20575762000254 2.5091461553391143 150.20590221363503 2.5090019909813788 150.20679101296832 2.509036522674573 150.20949298750898 2.4867305479678046 150.20873755785877 2.4866628947268676 150.20574906764554 2.4864922670098597 150.205615902125 2.4863477227739037 150.20740977407186 2.4715028873441303 150.20648771245675 2.4714239092446117 150.2063545358455 2.4712904704013448 150.20637693835897 2.471123926635392 150.2065104063487 2.470990847460118 150.20743250414884 2.471036510567849 150.2101455193039 2.448730238807016,mast:HST/product/hst_skycell-p1360x19y13_wfc3_uvis_f350lp_all_drc.jpg,mast:HST/product/hst_skycell-p1360x19y13_wfc3_uvis_f350lp_all_drc.fits,PUBLIC,False,,208831702,325.5,993.8,0.0,474672,150.201510426313,2.47961793201337,,55901.70971448
science,HST,CALWF3,WFC3/IR,HST,F125W,INFRARED,COSMOS-V39,GALAXY;HIGH REDSHIFT GALAXY,iboa39030,150.185141506,2.473972111111,image,"Faber, Sandra M.",3,55903.678030173614,55903.68923318287,906.0,INFRARED,1092.6,1405.5,"Cosmic Assembly Near-IR Deep Extragalactic Legacy Survey -- GOODS-South Field, Non-SNe-Searched Visits",55903.88739577,12440,GO,,POLYGON 150.2019132 2.49320924 150.20167016167386 2.4931787478712177 150.2016682 2.49319398 150.16381908 2.4884448 150.16816695 2.45469089 150.16840998583817 2.4547213888435415 150.16841195 2.45470614 150.20626012 2.45945521 150.2019132 2.49320924 150.2019132 2.49320924,mast:HST/product/iboa39030_drz.jpg,mast:HST/product/iboa39030_drz.fits,PUBLIC,False,,24803696,1092.6,1405.5,0.0,474672,150.201510426313,2.47961793201337,F125W,55903.678030173614
science,HST,CALWF3,WFC3/IR,HST,F160W,INFRARED,COSMOS-V39,GALAXY;HIGH REDSHIFT GALAXY,iboa39bgq,150.1848422105,2.473797241718,image,"Faber, Sandra M.",3,55903.68995170139,55903.69693017361,602.934143,INFRARED,1393.8999999999999,1692.4,"Cosmic Assembly Near-IR Deep Extragalactic Legacy Survey -- GOODS-South Field, Non-SNe-Searched Visits",55904.51761572,12440,GO,,POLYGON 150.16376479442982 2.4882851789727884 150.2016139042989 2.4930343663811363 150.20596081965866 2.4592803368372183 150.16811265752887 2.454531273260681 150.16376479442982 2.4882851789727884,mast:HST/product/iboa39bgq_flt.jpg,mast:HST/product/iboa39bgq_drz.fits,PUBLIC,False,,23877702,1393.8999999999999,1692.4,0.0,474672,150.201510426313,2.47961793201337,F160W,55903.68995170139
science,HST,CALWF3,WFC3/IR,HST,F160W,INFRARED,COSMOS-V39,GALAXY;HIGH REDSHIFT GALAXY,iboa39bkq,150.1850869402,2.473812459301,image,"Faber, Sandra M.",3,55903.69764834491,55903.704047997686,552.93689,INFRARED,1393.8999999999999,1692.4,"Cosmic Assembly Near-IR Deep Extragalactic Legacy Survey -- GOODS-South Field, Non-SNe-Searched Visits",55904.5179398,12440,GO,,POLYGON 150.16400952388653 2.4883003965547728 150.20185863419283 2.493049583963498 150.20620554959956 2.4592955544191977 150.1683573870384 2.4545464908430468 150.16400952388653 2.4883003965547728,mast:HST/product/iboa39bkq_flt.jpg,mast:HST/product/iboa39bkq_drz.fits,PUBLIC,False,,23877703,1393.8999999999999,1692.4,0.0,474672,150.201510426313,2.47961793201337,F160W,55903.69764834491
science,HST,CALWF3,WFC3/UVIS,HST,F350LP,OPTICAL,COSMOS-V39,GALAXY;HIGH REDSHIFT GALAXY,iboa39bnq,150.1855192757,2.46946712771,image,"Faber, Sandra M.",3,55903.70529302083,55903.71030462963,433.0,OPTICAL,325.5,993.8,"Cosmic Assembly Near-IR Deep Extragalactic Legacy Survey -- GOODS-South Field, Non-SNe-Searched Visits",55904.51835642,12440,GO,,POLYGON 150.15915567199326 2.4911693146047034 150.2044458102645 2.4940427345816354 150.20730424992627 2.4715381977386652 150.1620148763179 2.468664875503402 150.15915567199326 2.4911693146047034,mast:HST/product/iboa39bnq_flt.jpg,mast:HST/product/iboa39bnq_drz.fits,PUBLIC,False,,23877704,325.5,993.8,0.0,474672,150.201510426313,2.47961793201337,,55903.70529302083
science,HST,CALWF3,WFC3/IR,HST,F125W,INFRARED,COSMOS-V83,GALAXY;HIGH REDSHIFT GALAXY,iboa83030,150.183663877,2.474975019496,image,"Faber, Sandra M.",3,55951.04481346065,55951.056016400464,906.0,INFRARED,1092.6,1405.5,"Cosmic Assembly Near-IR Deep Extragalactic Legacy Survey -- GOODS-South Field, Non-SNe-Searched Visits",55951.15609948,12440,GO,,POLYGON 150.20068032 2.49422736 150.20043755244581 2.4941969018765895 150.20043559 2.49421214 150.16258644 2.48946296 150.16693431 2.45570905 150.16717707632822 2.4557395149995087 150.16717904 2.45572427 150.20502724 2.46047333 150.20068032 2.49422736 150.20068032 2.49422736,mast:HST/product/iboa83030_drz.jpg,mast:HST/product/iboa83030_drz.fits,PUBLIC,False,,24803740,1092.6,1405.5,0.0,474672,150.201510426313,2.47961793201337,F125W,55951.04481346065
science,HST,CALWF3,WFC3/IR,HST,F160W,INFRARED,COSMOS-V83,GALAXY;HIGH REDSHIFT GALAXY,iboa83rpq,150.1839631728,2.475149888889,image,"Faber, Sandra M.",3,55951.05673457176,55951.06371307871,602.934143,INFRARED,1393.8999999999999,1692.4,"Cosmic Assembly Near-IR Deep Extragalactic Legacy Survey -- GOODS-South Field, Non-SNe-Searched Visits",55951.20108791,12440,GO,,POLYGON 150.16288573510022 2.4896378260522627 150.20073488384284 2.494387013494185 150.20508180337765 2.460632983916334 150.16723360289416 2.4558839203740206 150.16288573510022 2.4896378260522627,mast:HST/product/iboa83rpq_flt.jpg,mast:HST/product/iboa83rpq_drz.fits,PUBLIC,False,,23877890,1393.8999999999999,1692.4,0.0,474672,150.201510426313,2.47961793201337,F160W,55951.05673457176
science,HST,CALWF3,WFC3/IR,HST,F160W,INFRARED,COSMOS-V83,GALAXY;HIGH REDSHIFT GALAXY,iboa83rtq,150.183718167,2.475134635864,image,"Faber, Sandra M.",3,55951.064431597224,55951.07083121528,552.93689,INFRARED,1393.8999999999999,1692.4,"Cosmic Assembly Near-IR Deep Extragalactic Legacy Survey -- GOODS-South Field, Non-SNe-Searched Visits",55951.20142362,12440,GO,,POLYGON 150.1626407295442 2.489622573028291 150.20048987784836 2.494371760469835 150.20483679733604 2.4606177308923667 150.16698859728515 2.4558686673496672 150.1626407295442 2.489622573028291,mast:HST/product/iboa83rtq_flt.jpg,mast:HST/product/iboa83rtq_drz.fits,PUBLIC,False,,23877891,1393.8999999999999,1692.4,0.0,474672,150.201510426313,2.47961793201337,F160W,55951.064431597224
science,HST,CALWF3,WFC3/UVIS,HST,F350LP,OPTICAL,COSMOS-V83,GALAXY;HIGH REDSHIFT GALAXY,iboa83rwq,150.1843409428,2.470644905488,image,"Faber, Sandra M.",3,55951.07207623842,55951.07708753472,433.0,OPTICAL,325.5,993.8,"Cosmic Assembly Near-IR Deep Extragalactic Legacy Survey -- GOODS-South Field, Non-SNe-Searched Visits",55951.20182871,12440,GO,,POLYGON 150.15797731556273 2.492347092277782 150.20326749436956 2.4952205122778506 150.2061259363965 2.4727159754116514 150.1608365226166 2.469842653199704 150.15797731556273 2.492347092277782,mast:HST/product/iboa83rwq_flt.jpg,mast:HST/product/iboa83rwq_drz.fits,PUBLIC,False,,23877892,325.5,993.8,0.0,474672,150.201510426313,2.47961793201337,,55951.07207623842
science,HST,CALWF3,WFC3/IR,HST,F160W,INFRARED,COSMOS-T15,UNIDENTIFIED;BLANK FIELD,icxe15010,150.2026699866,2.484729383434,image,"van Dokkum, Pieter",3,57310.840195983794,57310.9023596875,2124.0,INFRARED,1393.8999999999999,1692.4,A Wide-Field WFC3 Imaging Survey in the COSMOS Field,57311.05437503,14114,GO,,POLYGON 150.25921913 2.57325764 150.2420152 2.60263152 150.24161826755756 2.6024011249938295 150.22499097 2.63078896 150.19309961705022 2.6122772225363984 150.19281033 2.61277109 150.15982536 2.59362324 150.17703104 2.56425042 150.17716267231472 2.5643268350528978 150.19330326854228 2.5367708168391236 150.17754636 2.52762348 150.19407657041342 2.4994014885124374 150.17760165 2.48983706 150.19480553 2.46046403 150.22778767 2.47961113 150.22777148028541 2.47963877340172 150.25941747 2.49800892 150.24298876484934 2.5260608403773404 150.25931832 2.53553953 150.2428071803281 2.5637314103482058 150.25921913 2.57325764 150.25921913 2.57325764,mast:HST/product/icxe15010_drz.jpg,mast:HST/product/icxe15010_drz.fits,PUBLIC,False,,25002928,1393.8999999999999,1692.4,0.0,474672,150.201510426313,2.47961793201337,F160W,57310.840195983794
science,HST,CALWF3,WFC3/IR,HST,F140W,INFRARED,CPCH,EXT-STAR;SUPERNOVA;SUPERNOVA TYPE IA,iddq29010,150.2173411658,2.48392648224,image,"Suzuki, Nao",3,57831.33830304398,57831.35430119213,1196.9292,INFRARED,1194.8,1601.9,SUbaru Supernovae with Hubble Infrared (SUSHI),57831.68354153,14808,GO,,POLYGON 150.24568368 2.48398197 150.22283933 2.5093648 150.22272676047535 2.5092646979494511 150.22269344 2.50930172 150.19416517 2.48393227 150.19422168982982 2.4838694728468798 150.19417953 2.48383198 150.21702398 2.45844964 150.21713654828892 2.458549745651661 150.21716988 2.45851271 150.24569804 2.48388168 150.24564152114874 2.4839444809615077 150.24568368 2.48398197 150.24568368 2.48398197,mast:HST/product/iddq29010_drz.jpg,mast:HST/product/iddq29010_drz.fits,PUBLIC,False,,25853751,1194.8,1601.9,0.0,474672,150.201510426313,2.47961793201337,F140W,57831.33830304398
science,HST,CALWF3,WFC3/IR,HST,F105W,INFRARED,CPCH,EXT-STAR;SUPERNOVA;SUPERNOVA TYPE IA,iddq29020,150.217375,2.483888888889,image,"Suzuki, Nao",3,57831.35501600694,57831.36683599537,897.6969,INFRARED,901.2,1204.1000000000001,SUbaru Supernovae with Hubble Infrared (SUSHI),57831.69282396,14808,GO,,POLYGON 150.24573187 2.48384409 150.22288752 2.50922691 150.22281711572822 2.5091643032537823 150.22272727 2.50926413 150.194199 2.48389467 150.19425551984875 2.4838318728506734 150.19421336 2.48379438 150.21705782 2.45841205 150.21717038270958 2.4585121507251575 150.21720371 2.45847512 150.24573187 2.48384409 150.24573187 2.48384409,mast:HST/product/iddq29020_drz.jpg,mast:HST/product/iddq29020_drz.fits,PUBLIC,False,,25853752,901.2,1204.1000000000001,0.0,474672,150.201510426313,2.47961793201337,F105W,57831.35501600694
science,HST,CALWF3,WFC3/IR,HST,F105W,INFRARED,CPCH,EXT-STAR;SUPERNOVA;SUPERNOVA TYPE IA,iddq29irq,150.2175208933,2.483951959901,image,"Suzuki, Nao",3,57831.367550462965,57831.3701459838,224.233826,INFRARED,901.2,1204.1000000000001,SUbaru Supernovae with Hubble Infrared (SUSHI),57831.69186335,14808,GO,,POLYGON 150.24571751362066 2.483944375889587 150.2171893545501 2.458575409819249 150.19434489338366 2.4839577436451483 150.22287316291113 2.509327202107363 150.24571751362066 2.483944375889587,mast:HST/product/iddq29irq_flt.jpg,mast:HST/product/iddq29irq_drz.fits,PUBLIC,False,,25853552,901.2,1204.1000000000001,0.0,474672,150.201510426313,2.47961793201337,F105W,57831.367550462965
science,HST,CALWF3,WFC3/IR,HST,F140W,INFRARED,CPCH,EXT-STAR;SUPERNOVA;SUPERNOVA TYPE IA,idpq29010,150.2173953324,2.483842593794,image,"Suzuki, Nao",3,58453.87811200231,58453.91024459491,1200.0,INFRARED,1194.8,1601.9,SUbaru Supernovae with Hubble Infrared (SUSHI),58455.6898957,15363,GO,,POLYGON 150.23941885 2.47667781 150.22569101 2.5079358 150.22555270651711 2.5078760012484391 150.22553268 2.5079216 150.19048174 2.49276586 150.19051570428962 2.4926885306920825 150.1904639 2.49266613 150.20419241 2.46140851 150.20433070790759 2.4614683110585367 150.20435074 2.4614227 150.23940101 2.47657808 150.23936704818527 2.4766554123658739 150.23941885 2.47667781 150.23941885 2.47667781,mast:HST/product/idpq29010_drz.jpg,mast:HST/product/idpq29010_drz.fits,PUBLIC,False,,26136211,1194.8,1601.9,0.0,474672,150.201510426313,2.47961793201337,F140W,58453.87811200231
science,HST,CALWF3,WFC3/IR,HST,F105W,INFRARED,CPCH,EXT-STAR;SUPERNOVA;SUPERNOVA TYPE IA,idpq29020,150.217375,2.483888888889,image,"Suzuki, Nao",3,58453.886468668985,58453.898288275464,900.0,INFRARED,901.2,1204.1000000000001,SUbaru Supernovae with Hubble Infrared (SUSHI),58455.68983782,15363,GO,,POLYGON 150.23939852 2.4767241 150.22567068 2.50798209 150.22553238018824 2.5079222928750085 150.22551235 2.5079679 150.1904614 2.49281216 150.20418991 2.46155453 150.20427640875795 2.4615919327070728 150.2043304 2.461469 150.23938068 2.47662437 150.23934671817989 2.4767017023784805 150.23939852 2.4767241 150.23939852 2.4767241,mast:HST/product/idpq29020_drz.jpg,mast:HST/product/idpq29020_drz.fits,PUBLIC,False,,26136209,901.2,1204.1000000000001,0.0,474672,150.201510426313,2.47961793201337,F105W,58453.886468668985
science,HST,CALWF3,WFC3/IR,HST,F105W,INFRARED,CPCH,EXT-STAR;SUPERNOVA;SUPERNOVA TYPE IA,idpq29qlq,150.2172166702,2.48387469065,image,"Suzuki, Nao",3,58453.89900347222,58453.90188792824,249.234344,INFRARED,901.2,1204.1000000000001,SUbaru Supernovae with Hubble Infrared (SUSHI),58455.68770823,15363,GO,,POLYGON 150.19044356872126 2.492712427981959 150.22549451565484 2.5078681653072428 150.23922235096026 2.476610173352761 150.2041720752969 2.461454800179049 150.19044356872126 2.492712427981959,mast:HST/product/idpq29qlq_flt.jpg,mast:HST/product/idpq29qlq_drz.fits,PUBLIC,False,,26135968,901.2,1204.1000000000001,0.0,474672,150.201510426313,2.47961793201337,F105W,58453.89900347222
science,HST,CALWF3,WFC3/IR,HST,F098M,INFRARED,COSMOS-V0Y,GALAXY;HIGH REDSHIFT GALAXY,iffu0y020,150.20250125,2.479438888889,image,"Kartaltepe, Jeyhan",3,60641.7650505787,60641.79202908565,2012.0,INFRARED,895.5,1076.7,CLUTCH: The COSMOS Legacy UV-Optical Treasury Campaign with Hubble,60642.19587959,17802,GO,,POLYGON 150.22707656 2.47215241 150.21268894186724 2.5025176221072032 150.21268898 2.50251764 150.19811364 2.53327747 150.19611962337126 2.53234182814437 150.19588505 2.53283686 150.16135675 2.51663454 150.17593271 2.48587509 150.17593272297782 2.4858750960900236 150.19032099 2.45551029 150.1923148914502 2.4564459452233254 150.19254947 2.45595088 150.22707656 2.47215241 150.22707656 2.47215241,mast:HST/product/iffu0y020_drz.jpg,mast:HST/product/iffu0y020_drz.fits,PUBLIC,False,,233287187,895.5,1076.7,0.0,474672,150.201510426313,2.47961793201337,F098M,60641.7650505787
science,HST,CALWF3,WFC3/IR,HST,F098M,INFRARED,CLUTCH-TARGET-EL,GALAXY;HIGH REDSHIFT GALAXY,iffuel030,150.20250125,2.479438888889,image,"Kartaltepe, Jeyhan",3,61001.93939262731,61001.95156778935,806.0,INFRARED,895.5,1076.7,CLUTCH: The COSMOS Legacy UV-Optical Treasury Campaign with Hubble,61002.20810186,17802,GO,,POLYGON 150.22707656 2.47215241 150.21250186 2.50291245 150.21057564179389 2.5020086189049837 150.21032532 2.50253691 150.17579762 2.48633501 150.19037294 2.45557545 150.19229908240177 2.4564793093423476 150.19254947 2.45595088 150.22707656 2.47215241 150.22707656 2.47215241,mast:HST/product/iffuel030_drz.jpg,mast:HST/product/iffuel030_drz.fits,PUBLIC,False,,361653675,895.5,1076.7,0.0,474672,150.201510426313,2.47961793201337,F098M,61001.93939262731
science,HST,CALWF3,WFC3/IR,HST,F098M,INFRARED,CLUTCH-TARGET-EL,GALAXY;HIGH REDSHIFT GALAXY,iffurl030,150.20250125,2.479438888889,image,"Kartaltepe, Jeyhan",3,61064.578688622685,61064.59086377315,806.0,INFRARED,895.5,1076.7,CLUTCH: The COSMOS Legacy UV-Optical Treasury Campaign with Hubble,61064.84379619,17802,GO,,POLYGON 150.22707656 2.47215241 150.21250186 2.50291245 150.21057564179389 2.5020086189049837 150.21032532 2.50253691 150.17579762 2.48633501 150.19037294 2.45557545 150.19229908240177 2.4564793093423476 150.19254947 2.45595088 150.22707656 2.47215241 150.22707656 2.47215241,mast:HST/product/iffurl030_drz.jpg,mast:HST/product/iffurl030_drz.fits,PUBLIC,False,,377121867,895.5,1076.7,0.0,474672,150.201510426313,2.47961793201337,F098M,61064.578688622685
science,HST,CALACS,ACS/WFC,HST,F814W,OPTICAL,COSMOS24-08,CLUSTER OF GALAXIES;BLANK SKY,j8pu31010,150.218630613,2.458399739712,image,"Scoville, Nicholas Z.",3,53109.450934340275,53109.48118869213,2028.0,OPTICAL,708.0,959.0,The COSMOS 2-Degree ACS Survey,53110.24015052,9822,GO,,POLYGON 150.25311783000006 2.4814457000000765 150.25143119942848 2.4816624935805685 150.25143990999993 2.4817018199999445 150.22454772581145 2.485158142170631 150.22462341999997 2.4855229499998881 150.222939920621 2.4857523227155025 150.22294545999992 2.4857790199998737 150.19457250000002 2.4896444299999518 150.19455772106215 2.4895731948302089 150.19371568000005 2.4896878999999013 150.18219656000011 2.4341624499998904 150.18387995837008 2.4339331374722017 150.18387442000002 2.4339064399999795 150.21224623000012 2.4300412699999656 150.21226099808948 2.4301124515118739 150.21310294999986 2.4299977399999957 150.21315257631051 2.43023693401377 150.24014116000006 2.4267683300000371 150.24015548866083 2.426833026333711 150.24099789000007 2.4267247499999081 150.25311783000006 2.4814457000000765 150.25311783000006 2.4814457000000765,mast:HST/product/j8pu31010_drz.jpg,mast:HST/product/j8pu31010_drz.fits,PUBLIC,False,,24820546,708.0,959.0,0.0,474672,150.201510426313,2.47961793201337,F814W,53109.450934340275
science,HST,CALACS,ACS/WFC,HST,F606W,OPTICAL,CLUTCH-TARGET-EB,GALAXY;HIGH REDSHIFT GALAXY,jffueb010,150.2163578459,2.451918800139,image,"Kartaltepe, Jeyhan",3,61000.57289328704,61000.57752291667,800.0,OPTICAL,470.0,720.0,CLUTCH: The COSMOS Legacy UV-Optical Treasury Campaign with Hubble,61000.83949065,17802,GO,,POLYGON 150.20594924000002 2.4248566500000535 150.22739924999985 2.4766950299999793 150.20097030000008 2.4849462800000617 150.17952117999994 2.4331074700001096 150.20594924000002 2.4248566500000535 150.20594924000002 2.4248566500000535 POLYGON 150.23414352999987 2.4154079600000742 150.25515080999995 2.4681402799999557 150.22787581999995 2.4768805599999566 150.20686948999997 2.424147809999905 150.23414352999987 2.4154079600000742 150.23414352999987 2.4154079600000742,mast:HST/product/jffueb010_drz.jpg,mast:HST/product/jffueb010_drz.fits,PUBLIC,False,,361652452,470.0,720.0,0.0,474672,150.201510426313,2.47961793201337,F606W,61000.57289328704
science,HST,CALACS,ACS/WFC,HST,F435W,OPTICAL,CLUTCH-TARGET-EB,GALAXY;HIGH REDSHIFT GALAXY,jffueb020,150.2164169356,2.451793083249,image,"Kartaltepe, Jeyhan",3,61000.580509224535,61000.59252291667,800.0,OPTICAL,370.0,479.99999999999994,CLUTCH: The COSMOS Legacy UV-Optical Treasury Campaign with Hubble,61000.90128467,17802,GO,,POLYGON 150.25738645000004 2.4683899200000603 150.23011145999996 2.4771302300000819 150.22973468440142 2.4761844440282781 150.22936880887229 2.4763016848869426 150.22963490000006 2.4769447200000894 150.2032059499999 2.4851959999998909 150.2028216874991 2.484267346729176 150.20102827 2.4848272399998956 150.17957915 2.4329884399999382 150.20600721000002 2.4247376199999011 150.20639144441822 2.42566624004144 150.20744828767775 2.4253362813629611 150.20692745999989 2.4240287799998774 150.23420150000013 2.4152889299999338 150.234578253377 2.4162346932108 150.2363790900001 2.4156576000001295 150.25738645000004 2.4683899200000603 150.25738645000004 2.4683899200000603,mast:HST/product/jffueb020_drz.jpg,mast:HST/product/jffueb020_drz.fits,PUBLIC,False,,361652466,370.0,479.99999999999994,0.0,474672,150.201510426313,2.47961793201337,F435W,61000.580509224535
calibration,HST,CALSTIS,STIS/CCD,HST,MIRVIS,OPTICAL,DARK,,ofd81bo4q,150.2027210219,2.47970760981,image,"Dallas, Matthew",2,60641.75717438658,60641.75786883102,60.0,OPTICAL,,,STIS CCD Dark Monitor Part 1,60641.95798602,17629,CAL/STIS,,POLYGON 150.19658348720762 2.4744367267121645 150.20140703449928 2.4876781163570896 150.20885542956276 2.4849699087238366 150.20403188227112 2.4717285190789116 150.19658348720762 2.4744367267121645,,mast:HST/product/ofd81bo4q_flt.fits,PUBLIC,False,,233256048,,,0.0,474672,150.201510426313,2.47961793201337,,60641.75717438658
calibration,HST,CALSTIS,STIS/CCD,HST,MIRVIS,OPTICAL,DARK,,ofd81bo5q,150.2027210219,2.47970760981,image,"Dallas, Matthew",2,60641.75837809028,60641.759072534725,60.0,OPTICAL,,,STIS CCD Dark Monitor Part 1,60641.95787028,17629,CAL/STIS,,POLYGON 150.19658348720762 2.4744367267121645 150.20140703449928 2.4876781163570896 150.20885542956276 2.4849699087238366 150.20403188227112 2.4717285190789116 150.19658348720762 2.4744367267121645,,mast:HST/product/ofd81bo5q_flt.fits,PUBLIC,False,,233256047,,,0.0,474672,150.201510426313,2.47961793201337,,60641.75837809028
science,HST,CALWF3,WFC3/UVIS,HST,F275W,UV,CLUTCH-TARGET-EL,GALAXY;HIGH REDSHIFT GALAXY,iffuel040,150.2025603455,2.479313173393,image,"Kartaltepe, Jeyhan",3,61001.9539005787,61001.96003483796,1060.0,UV,243.20000000000002,305.8,CLUTCH: The COSMOS Legacy UV-Optical Treasury Campaign with Hubble,61002.22829863,17802,GO,,POLYGON 150.22263876 2.48800863 150.21295922 2.50852908 150.17077421 2.49181387 150.18045428 2.47129373 150.22263876 2.48800863 150.22263876 2.48800863,mast:HST/product/iffuel040_drz.jpg,mast:HST/product/iffuel040_drz.fits,PUBLIC,False,,361653760,243.20000000000002,305.8,0.0641526610489442,474672,150.201510426313,2.47961793201337,F275W,61001.9539005787
science,HST,CALWF3,WFC3/UVIS,HST,F275W,UV,CLUTCH-TARGET-EL,GALAXY;HIGH REDSHIFT GALAXY,iffurl040,150.2025603455,2.479313173393,image,"Kartaltepe, Jeyhan",3,61064.593196608796,61064.60707380787,1060.0,UV,243.20000000000002,305.8,CLUTCH: The COSMOS Legacy UV-Optical Treasury Campaign with Hubble,61064.87063648,17802,GO,,POLYGON 150.22263876 2.48800863 150.21295922 2.50852908 150.21097787006985 2.507744038146678 150.21078151 2.50816031 150.16859651 2.49144502 150.17827661 2.47092488 150.18025792111851 2.4717099852260205 150.18045428 2.47129373 150.22263876 2.48800863 150.22263876 2.48800863,mast:HST/product/iffurl040_drz.jpg,mast:HST/product/iffurl040_drz.fits,PUBLIC,False,,377121907,243.20000000000002,305.8,0.0641526610489442,474672,150.201510426313,2.47961793201337,F275W,61064.593196608796
