obsID,obs_collection,dataproduct_type,obs_id,description,type,dataURI,productType,productGroupDescription,productSubGroupDescription,productDocumentationURL,project,prvversion,proposal_id,productFilename,size,parent_obsid,dataRights,calib_level,filters
233117043,JWST,image,jw05893017006_02101_00001_nrca1,exposure (L2b): 2D calibrated exposure average over integrations,S,mast:JWST/product/jw05893017006_02101_00001_nrca1_cal.fits,SCIENCE,,CAL,,CALJWST,2.0.0,5893,jw05893017006_02101_00001_nrca1_cal.fits,117570240,233117178,PUBLIC,2,F200W
233117044,JWST,image,jw05893017006_02101_00003_nrca4,exposure (L2b): 2D calibrated exposure average over integrations,S,mast:JWST/product/jw05893017006_02101_00003_nrca4_cal.fits,SCIENCE,,CAL,,CALJWST,2.0.0,5893,jw05893017006_02101_00003_nrca4_cal.fits,117573120,233117178,PUBLIC,2,F200W
233117045,JWST,image,jw05893017006_02101_00002_nrca2,exposure (L2b): 2D calibrated exposure average over integrations,S,mast:JWST/product/jw05893017006_02101_00002_nrca2_cal.fits,SCIENCE,,CAL,,CALJWST,2.0.0,5893,jw05893017006_02101_00002_nrca2_cal.fits,117570240,233117178,PUBLIC,2,F200W
233117046,JWST,image,jw05893017006_02101_00003_nrca3,exposure (L2b): 2D calibrated exposure average over integrations,S,mast:JWST/product/jw05893017006_02101_00003_nrca3_cal.fits,SCIENCE,,CAL,,CALJWST,2.0.0,5893,jw05893017006_02101_00003_nrca3_cal.fits,117573120,233117178,PUBLIC,2,F200W
233117047,JWST,image,jw05893017006_02101_00001_nrca3,exposure (L2b): 2D calibrated exposure average over integrations,S,mast:JWST/product/jw05893017006_02101_00001_nrca3_cal.fits,SCIENCE,,CAL,,CALJWST,2.0.0,5893,jw05893017006_02101_00001_nrca3_cal.fits,117573120,233117178,PUBLIC,2,F200W
233117048,JWST,image,jw05893017006_02101_00003_nrca2,exposure (L2b): 2D calibrated exposure average over integrations,S,mast:JWST/product/jw05893017006_02101_00003_nrca2_cal.fits,SCIENCE,,CAL,,CALJWST,2.0.0,5893,jw05893017006_02101_00003_nrca2_cal.fits,117570240,233117178,PUBLIC,2,F200W
233117049,JWST,image,jw05893017006_02101_00003_nrca1,exposure (L2b): 2D calibrated exposure average over integrations,S,mast:JWST/product/jw05893017006_02101_00003_nrca1_cal.fits,SCIENCE,,CAL,,CALJWST,2.0.0,5893,jw05893017006_02101_00003_nrca1_cal.fits,117570240,233117178,PUBLIC,2,F200W
233117050,JWST,image,jw05893017006_02101_00002_nrca3,exposure (L2b): 2D calibrated exposure average over integrations,S,mast:JWST/product/jw05893017006_02101_00002_nrca3_cal.fits,SCIENCE,,CAL,,CALJWST,2.0.0,5893,jw05893017006_02101_00002_nrca3_cal.fits,117573120,233117178,PUBLIC,2,F200W
233117051,JWST,image,jw05893017006_02101_00001_nrca2,exposure (L2b): 2D calibrated exposure average over integrations,S,mast:JWST/product/jw05893017006_02101_00001_nrca2_cal.fits,SCIENCE,,CAL,,CALJWST,2.0.0,5893,jw05893017006_02101_00001_nrca2_cal.fits,117570240,233117178,PUBLIC,2,F200W
233117052,JWST,image,jw05893017006_02101_00002_nrca1,exposure (L2b): 2D calibrated exposure average over integrations,S,mast:JWST/product/jw05893017006_02101_00002_nrca1_cal.fits,SCIENCE,,CAL,,CALJWST,2.0.0,5893,jw05893017006_02101_00002_nrca1_cal.fits,117570240,233117178,PUBLIC,2,F200W
233117060,JWST,image,jw05893017006_02101_00003_nrcb4,exposure (L2b): 2D calibrated exposure average over integrations,S,mast:JWST/product/jw05893017006_02101_00003_nrcb4_cal.fits,SCIENCE,,CAL,,CALJWST,2.0.0,5893,jw05893017006_02101_00003_nrcb4_cal.fits,117573120,233117178,PUBLIC,2,F200W
233117062,JWST,image,jw05893017006_02101_00004_nrcb1,exposure (L2b): 2D calibrated exposure average over integrations,S,mast:JWST/product/jw05893017006_02101_00004_nrcb1_cal.fits,SCIENCE,,CAL,,CALJWST,2.0.0,5893,jw05893017006_02101_00004_nrcb1_cal.fits,117573120,233117178,PUBLIC,2,F200W
233117067,JWST,image,jw05893017006_02101_00002_nrcb1,exposure (L2b): 2D calibrated exposure average over integrations,S,mast:JWST/product/jw05893017006_02101_00002_nrcb1_cal.fits,SCIENCE,,CAL,,CALJWST,2.0.0,5893,jw05893017006_02101_00002_nrcb1_cal.fits,117573120,233117178,PUBLIC,2,F200W
233117070,JWST,image,jw05893017006_02101_00002_nrcb2,exposure (L2b): 2D calibrated exposure average over integrations,S,mast:JWST/product/jw05893017006_02101_00002_nrcb2_cal.fits,SCIENCE,,CAL,,CALJWST,2.0.0,5893,jw05893017006_02101_00002_nrcb2_cal.fits,117573120,233117178,PUBLIC,2,F200W
233117072,JWST,image,jw05893017006_02101_00004_nrca1,exposure (L2b): 2D calibrated exposure average over integrations,S,mast:JWST/product/jw05893017006_02101_00004_nrca1_cal.fits,SCIENCE,,CAL,,CALJWST,2.0.0,5893,jw05893017006_02101_00004_nrca1_cal.fits,117570240,233117178,PUBLIC,2,F200W
233117074,JWST,image,jw05893017006_02101_00005_nrcb1,exposure (L2b): 2D calibrated exposure average over integrations,S,mast:JWST/product/jw05893017006_02101_00005_nrcb1_cal.fits,SCIENCE,,CAL,,CALJWST,2.0.0,5893,jw05893017006_02101_00005_nrcb1_cal.fits,117573120,233117178,PUBLIC,2,F200W
233117076,JWST,image,jw05893017006_02101_00004_nrca3,exposure (L2b): 2D calibrated exposure average over integrations,S,mast:JWST/product/jw05893017006_02101_00004_nrca3_cal.fits,SCIENCE,,CAL,,CALJWST,2.0.0,5893,jw05893017006_02101_00004_nrca3_cal.fits,117573120,233117178,PUBLIC,2,F200W
233117077,JWST,image,jw05893017006_02101_00006_nrca4,exposure (L2b): 2D calibrated exposure average over integrations,S,mast:JWST/product/jw05893017006_02101_00006_nrca4_cal.fits,SCIENCE,,CAL,,CALJWST,2.0.0,5893,jw05893017006_02101_00006_nrca4_cal.fits,117573120,233117178,PUBLIC,2,F200W
233117079,JWST,image,jw05893017006_02101_00001_nrcb3,exposure (L2b): 2D calibrated exposure average over integrations,S,mast:JWST/product/jw05893017006_02101_00001_nrcb3_cal.fits,SCIENCE,,CAL,,CALJWST,2.0.0,5893,jw05893017006_02101_00001_nrcb3_cal.fits,117573120,233117178,PUBLIC,2,F200W
233117081,JWST,image,jw05893017006_02101_00005_nrca1,exposure (L2b): 2D calibrated exposure average over integrations,S,mast:JWST/product/jw05893017006_02101_00005_nrca1_cal.fits,SCIENCE,,CAL,,CALJWST,2.0.0,5893,jw05893017006_02101_00005_nrca1_cal.fits,117570240,233117178,PUBLIC,2,F200W
233117082,JWST,image,jw05893017006_02101_00005_nrcb3,exposure (L2b): 2D calibrated exposure average over integrations,S,mast:JWST/product/jw05893017006_02101_00005_nrcb3_cal.fits,SCIENCE,,CAL,,CALJWST,2.0.0,5893,jw05893017006_02101_00005_nrcb3_cal.fits,117573120,233117178,PUBLIC,2,F200W
233117085,JWST,image,jw05893017006_02101_00005_nrca2,exposure (L2b): 2D calibrated exposure average over integrations,S,mast:JWST/product/jw05893017006_02101_00005_nrca2_cal.fits,SCIENCE,,CAL,,CALJWST,2.0.0,5893,jw05893017006_02101_00005_nrca2_cal.fits,117570240,233117178,PUBLIC,2,F200W
233117088,JWST,image,jw05893017006_02101_00001_nrca4,exposure (L2b): 2D calibrated exposure average over integrations,S,mast:JWST/product/jw05893017006_02101_00001_nrca4_cal.fits,SCIENCE,,CAL,,CALJWST,2.0.0,5893,jw05893017006_02101_00001_nrca4_cal.fits,117573120,233117178,PUBLIC,2,F200W
233117089,JWST,image,jw05893017006_02101_00005_nrca4,exposure (L2b): 2D calibrated exposure average over integrations,S,mast:JWST/product/jw05893017006_02101_00005_nrca4_cal.fits,SCIENCE,,CAL,,CALJWST,2.0.0,5893,jw05893017006_02101_00005_nrca4_cal.fits,117573120,233117178,PUBLIC,2,F200W
233117091,JWST,image,jw05893017006_02101_00004_nrca4,exposure (L2b): 2D calibrated exposure average over integrations,S,mast:JWST/product/jw05893017006_02101_00004_nrca4_cal.fits,SCIENCE,,CAL,,CALJWST,2.0.0,5893,jw05893017006_02101_00004_nrca4_cal.fits,117573120,233117178,PUBLIC,2,F200W
233117093,JWST,image,jw05893017006_02101_00005_nrcb4,exposure (L2b): 2D calibrated exposure average over integrations,S,mast:JWST/product/jw05893017006_02101_00005_nrcb4_cal.fits,SCIENCE,,CAL,,CALJWST,2.0.0,5893,jw05893017006_02101_00005_nrcb4_cal.fits,117573120,233117178,PUBLIC,2,F200W
233117095,JWST,image,jw05893017006_02101_00002_nrcb4,exposure (L2b): 2D calibrated exposure average over integrations,S,mast:JWST/product/jw05893017006_02101_00002_nrcb4_cal.fits,SCIENCE,,CAL,,CALJWST,2.0.0,5893,jw05893017006_02101_00002_nrcb4_cal.fits,117573120,233117178,PUBLIC,2,F200W
233117096,JWST,image,jw05893017006_02101_00006_nrcb4,exposure (L2b): 2D calibrated exposure average over integrations,S,mast:JWST/product/jw05893017006_02101_00006_nrcb4_cal.fits,SCIENCE,,CAL,,CALJWST,2.0.0,5893,jw05893017006_02101_00006_nrcb4_cal.fits,117573120,233117178,PUBLIC,2,F200W
233117097,JWST,image,jw05893017006_02101_00006_nrca3,exposure (L2b): 2D calibrated exposure average over integrations,S,mast:JWST/product/jw05893017006_02101_00006_nrca3_cal.fits,SCIENCE,,CAL,,CALJWST,2.0.0,5893,jw05893017006_02101_00006_nrca3_cal.fits,117573120,233117178,PUBLIC,2,F200W
233117098,JWST,image,jw05893017006_02101_00004_nrcb2,exposure (L2b): 2D calibrated exposure average over integrations,S,mast:JWST/product/jw05893017006_02101_00004_nrcb2_cal.fits,SCIENCE,,CAL,,CALJWST,2.0.0,5893,jw05893017006_02101_00004_nrcb2_cal.fits,117573120,233117178,PUBLIC,2,F200W
233117108,JWST,image,jw05893017006_02101_00006_nrcb2,exposure (L2b): 2D calibrated exposure average over integrations,S,mast:JWST/product/jw05893017006_02101_00006_nrcb2_cal.fits,SCIENCE,,CAL,,CALJWST,2.0.0,5893,jw05893017006_02101_00006_nrcb2_cal.fits,117573120,233117178,PUBLIC,2,F200W
233117109,JWST,image,jw05893017006_02101_00002_nrcb3,exposure (L2b): 2D calibrated exposure average over integrations,S,mast:JWST/product/jw05893017006_02101_00002_nrcb3_cal.fits,SCIENCE,,CAL,,CALJWST,2.0.0,5893,jw05893017006_02101_00002_nrcb3_cal.fits,117573120,233117178,PUBLIC,2,F200W
233117110,JWST,image,jw05893017006_02101_00006_nrcb3,exposure (L2b): 2D calibrated exposure average over integrations,S,mast:JWST/product/jw05893017006_02101_00006_nrcb3_cal.fits,SCIENCE,,CAL,,CALJWST,2.0.0,5893,jw05893017006_02101_00006_nrcb3_cal.fits,117573120,233117178,PUBLIC,2,F200W
233117114,JWST,image,jw05893017006_02101_00004_nrca2,exposure (L2b): 2D calibrated exposure average over integrations,S,mast:JWST/product/jw05893017006_02101_00004_nrca2_cal.fits,SCIENCE,,CAL,,CALJWST,2.0.0,5893,jw05893017006_02101_00004_nrca2_cal.fits,117570240,233117178,PUBLIC,2,F200W
233117116,JWST,image,jw05893017006_02101_00006_nrca1,exposure (L2b): 2D calibrated exposure average over integrations,S,mast:JWST/product/jw05893017006_02101_00006_nrca1_cal.fits,SCIENCE,,CAL,,CALJWST,2.0.0,5893,jw05893017006_02101_00006_nrca1_cal.fits,117570240,233117178,PUBLIC,2,F200W
233117117,JWST,image,jw05893017006_02101_00001_nrcb2,exposure (L2b): 2D calibrated exposure average over integrations,S,mast:JWST/product/jw05893017006_02101_00001_nrcb2_cal.fits,SCIENCE,,CAL,,CALJWST,2.0.0,5893,jw05893017006_02101_00001_nrcb2_cal.fits,117573120,233117178,PUBLIC,2,F200W
233117118,JWST,image,jw05893017006_02101_00003_nrcb2,exposure (L2b): 2D calibrated exposure average over integrations,S,mast:JWST/product/jw05893017006_02101_00003_nrcb2_cal.fits,SCIENCE,,CAL,,CALJWST,2.0.0,5893,jw05893017006_02101_00003_nrcb2_cal.fits,117573120,233117178,PUBLIC,2,F200W
233117119,JWST,image,jw05893017006_02101_00001_nrcb1,exposure (L2b): 2D calibrated exposure average over integrations,S,mast:JWST/product/jw05893017006_02101_00001_nrcb1_cal.fits,SCIENCE,,CAL,,CALJWST,2.0.0,5893,jw05893017006_02101_00001_nrcb1_cal.fits,117573120,233117178,PUBLIC,2,F200W
233117123,JWST,image,jw05893017006_02101_00001_nrcb4,exposure (L2b): 2D calibrated exposure average over integrations,S,mast:JWST/product/jw05893017006_02101_00001_nrcb4_cal.fits,SCIENCE,,CAL,,CALJWST,2.0.0,5893,jw05893017006_02101_00001_nrcb4_cal.fits,117573120,233117178,PUBLIC,2,F200W
233117127,JWST,image,jw05893017006_02101_00003_nrcb1,exposure (L2b): 2D calibrated exposure average over integrations,S,mast:JWST/product/jw05893017006_02101_00003_nrcb1_cal.fits,SCIENCE,,CAL,,CALJWST,2.0.0,5893,jw05893017006_02101_00003_nrcb1_cal.fits,117573120,233117178,PUBLIC,2,F200W
233117130,JWST,image,jw05893017006_02101_00005_nrca3,exposure (L2b): 2D calibrated exposure average over integrations,S,mast:JWST/product/jw05893017006_02101_00005_nrca3_cal.fits,SCIENCE,,CAL,,CALJWST,2.0.0,5893,jw05893017006_02101_00005_nrca3_cal.fits,117573120,233117178,PUBLIC,2,F200W
233117131,JWST,image,jw05893017006_02101_00002_nrca4,exposure (L2b): 2D calibrated exposure average over integrations,S,mast:JWST/product/jw05893017006_02101_00002_nrca4_cal.fits,SCIENCE,,CAL,,CALJWST,2.0.0,5893,jw05893017006_02101_00002_nrca4_cal.fits,117573120,233117178,PUBLIC,2,F200W
233117133,JWST,image,jw05893017006_02101_00006_nrca2,exposure (L2b): 2D calibrated exposure average over integrations,S,mast:JWST/product/jw05893017006_02101_00006_nrca2_cal.fits,SCIENCE,,CAL,,CALJWST,2.0.0,5893,jw05893017006_02101_00006_nrca2_cal.fits,117570240,233117178,PUBLIC,2,F200W
233117135,JWST,image,jw05893017006_02101_00005_nrcb2,exposure (L2b): 2D calibrated exposure average over integrations,S,mast:JWST/product/jw05893017006_02101_00005_nrcb2_cal.fits,SCIENCE,,CAL,,CALJWST,2.0.0,5893,jw05893017006_02101_00005_nrcb2_cal.fits,117573120,233117178,PUBLIC,2,F200W
233117137,JWST,image,jw05893017006_02101_00003_nrcb3,exposure (L2b): 2D calibrated exposure average over integrations,S,mast:JWST/product/jw05893017006_02101_00003_nrcb3_cal.fits,SCIENCE,,CAL,,CALJWST,2.0.0,5893,jw05893017006_02101_00003_nrcb3_cal.fits,117573120,233117178,PUBLIC,2,F200W
233117138,JWST,image,jw05893017006_02101_00004_nrcb3,exposure (L2b): 2D calibrated exposure average over integrations,S,mast:JWST/product/jw05893017006_02101_00004_nrcb3_cal.fits,SCIENCE,,CAL,,CALJWST,2.0.0,5893,jw05893017006_02101_00004_nrcb3_cal.fits,117573120,233117178,PUBLIC,2,F200W
233117140,JWST,image,jw05893017006_02101_00006_nrcb1,exposure (L2b): 2D calibrated exposure average over integrations,S,mast:JWST/product/jw05893017006_02101_00006_nrcb1_cal.fits,SCIENCE,,CAL,,CALJWST,2.0.0,5893,jw05893017006_02101_00006_nrcb1_cal.fits,117573120,233117178,PUBLIC,2,F200W
233117142,JWST,image,jw05893017006_02101_00004_nrcb4,exposure (L2b): 2D calibrated exposure average over integrations,S,mast:JWST/product/jw05893017006_02101_00004_nrcb4_cal.fits,SCIENCE,,CAL,,CALJWST,2.0.0,5893,jw05893017006_02101_00004_nrcb4_cal.fits,117573120,233117178,PUBLIC,2,F200W
234152374,JWST,image,jw05893017001_02101_00006_nrcb4,exposure (L2b): 2D calibrated exposure average over integrations,S,mast:JWST/product/jw05893017001_02101_00006_nrcb4_cal.fits,SCIENCE,,CAL,,CALJWST,2.0.0,5893,jw05893017001_02101_00006_nrcb4_cal.fits,117573120,233117178,PUBLIC,2,F200W
234152690,JWST,image,jw05893017001_02101_00006_nrcb2,exposure (L2b): 2D calibrated exposure average over integrations,S,mast:JWST/product/jw05893017001_02101_00006_nrcb2_cal.fits,SCIENCE,,CAL,,CALJWST,2.0.0,5893,jw05893017001_02101_00006_nrcb2_cal.fits,117573120,233117178,PUBLIC,2,F200W
234152697,JWST,image,jw05893017001_02101_00006_nrca2,exposure (L2b): 2D calibrated exposure average over integrations,S,mast:JWST/product/jw05893017001_02101_00006_nrca2_cal.fits,SCIENCE,,CAL,,CALJWST,2.0.0,5893,jw05893017001_02101_00006_nrca2_cal.fits,117570240,233117178,PUBLIC,2,F200W
234152700,JWST,image,jw05893017001_02101_00006_nrca4,exposure (L2b): 2D calibrated exposure average over integrations,S,mast:JWST/product/jw05893017001_02101_00006_nrca4_cal.fits,SCIENCE,,CAL,,CALJWST,2.0.0,5893,jw05893017001_02101_00006_nrca4_cal.fits,117573120,233117178,PUBLIC,2,F200W
234160691,JWST,image,jw05893017001_02101_00006_nrcb3,exposure (L2b): 2D calibrated exposure average over integrations,S,mast:JWST/product/jw05893017001_02101_00006_nrcb3_cal.fits,SCIENCE,,CAL,,CALJWST,2.0.0,5893,jw05893017001_02101_00006_nrcb3_cal.fits,117573120,233117178,PUBLIC,2,F200W
234160696,JWST,image,jw05893017001_02101_00006_nrcb1,exposure (L2b): 2D calibrated exposure average over integrations,S,mast:JWST/product/jw05893017001_02101_00006_nrcb1_cal.fits,SCIENCE,,CAL,,CALJWST,2.0.0,5893,jw05893017001_02101_00006_nrcb1_cal.fits,117573120,233117178,PUBLIC,2,F200W
234165183,JWST,image,jw05893017002_02101_00001_nrca2,exposure (L2b): 2D calibrated exposure average over integrations,S,mast:JWST/product/jw05893017002_02101_00001_nrca2_cal.fits,SCIENCE,,CAL,,CALJWST,2.0.0,5893,jw05893017002_02101_00001_nrca2_cal.fits,117570240,233117178,PUBLIC,2,F200W
234174315,JWST,image,jw05893017003_02101_00004_nrca1,exposure (L2b): 2D calibrated exposure average over integrations,S,mast:JWST/product/jw05893017003_02101_00004_nrca1_cal.fits,SCIENCE,,CAL,,CALJWST,2.0.0,5893,jw05893017003_02101_00004_nrca1_cal.fits,117570240,233117178,PUBLIC,2,F200W
234174848,JWST,image,jw05893017001_02101_00004_nrca4,exposure (L2b): 2D calibrated exposure average over integrations,S,mast:JWST/product/jw05893017001_02101_00004_nrca4_cal.fits,SCIENCE,,CAL,,CALJWST,2.0.0,5893,jw05893017001_02101_00004_nrca4_cal.fits,117573120,233117178,PUBLIC,2,F200W
234174852,JWST,image,jw05893017001_02101_00003_nrca1,exposure (L2b): 2D calibrated exposure average over integrations,S,mast:JWST/product/jw05893017001_02101_00003_nrca1_cal.fits,SCIENCE,,CAL,,CALJWST,2.0.0,5893,jw05893017001_02101_00003_nrca1_cal.fits,117570240,233117178,PUBLIC,2,F200W
234174854,JWST,image,jw05893017001_02101_00002_nrcb2,exposure (L2b): 2D calibrated exposure average over integrations,S,mast:JWST/product/jw05893017001_02101_00002_nrcb2_cal.fits,SCIENCE,,CAL,,CALJWST,2.0.0,5893,jw05893017001_02101_00002_nrcb2_cal.fits,117573120,233117178,PUBLIC,2,F200W
234174856,JWST,image,jw05893017001_02101_00002_nrca2,exposure (L2b): 2D calibrated exposure average over integrations,S,mast:JWST/product/jw05893017001_02101_00002_nrca2_cal.fits,SCIENCE,,CAL,,CALJWST,2.0.0,5893,jw05893017001_02101_00002_nrca2_cal.fits,117570240,233117178,PUBLIC,2,F200W
234174858,JWST,image,jw05893017001_02101_00001_nrca2,exposure (L2b): 2D calibrated exposure average over integrations,S,mast:JWST/product/jw05893017001_02101_00001_nrca2_cal.fits,SCIENCE,,CAL,,CALJWST,2.0.0,5893,jw05893017001_02101_00001_nrca2_cal.fits,117570240,233117178,PUBLIC,2,F200W
234174868,JWST,image,jw05893017001_02101_00001_nrca4,exposure (L2b): 2D calibrated exposure average over integrations,S,mast:JWST/product/jw05893017001_02101_00001_nrca4_cal.fits,SCIENCE,,CAL,,CALJWST,2.0.0,5893,jw05893017001_02101_00001_nrca4_cal.fits,117573120,233117178,PUBLIC,2,F200W
234174873,JWST,image,jw05893017001_02101_00005_nrcb2,exposure (L2b): 2D calibrated exposure average over integrations,S,mast:JWST/product/jw05893017001_02101_00005_nrcb2_cal.fits,SCIENCE,,CAL,,CALJWST,2.0.0,5893,jw05893017001_02101_00005_nrcb2_cal.fits,117573120,233117178,PUBLIC,2,F200W
234174876,JWST,image,jw05893017001_02101_00004_nrca1,exposure (L2b): 2D calibrated exposure average over integrations,S,mast:JWST/product/jw05893017001_02101_00004_nrca1_cal.fits,SCIENCE,,CAL,,CALJWST,2.0.0,5893,jw05893017001_02101_00004_nrca1_cal.fits,117570240,233117178,PUBLIC,2,F200W
234174878,JWST,image,jw05893017001_02101_00001_nrcb4,exposure (L2b): 2D calibrated exposure average over integrations,S,mast:JWST/product/jw05893017001_02101_00001_nrcb4_cal.fits,SCIENCE,,CAL,,CALJWST,2.0.0,5893,jw05893017001_02101_00001_nrcb4_cal.fits,117573120,233117178,PUBLIC,2,F200W
234174879,JWST,image,jw05893017001_02101_00003_nrcb1,exposure (L2b): 2D calibrated exposure average over integrations,S,mast:JWST/product/jw05893017001_02101_00003_nrcb1_cal.fits,SCIENCE,,CAL,,CALJWST,2.0.0,5893,jw05893017001_02101_00003_nrcb1_cal.fits,117573120,233117178,PUBLIC,2,F200W
234174884,JWST,image,jw05893017001_02101_00001_nrcb1,exposure (L2b): 2D calibrated exposure average over integrations,S,mast:JWST/product/jw05893017001_02101_00001_nrcb1_cal.fits,SCIENCE,,CAL,,CALJWST,2.0.0,5893,jw05893017001_02101_00001_nrcb1_cal.fits,117573120,233117178,PUBLIC,2,F200W
234174922,JWST,image,jw05893017001_02101_00002_nrca1,exposure (L2b): 2D calibrated exposure average over integrations,S,mast:JWST/product/jw05893017001_02101_00002_nrca1_cal.fits,SCIENCE,,CAL,,CALJWST,2.0.0,5893,jw05893017001_02101_00002_nrca1_cal.fits,117570240,233117178,PUBLIC,2,F200W
234174926,JWST,image,jw05893017001_02101_00002_nrca3,exposure (L2b): 2D calibrated exposure average over integrations,S,mast:JWST/product/jw05893017001_02101_00002_nrca3_cal.fits,SCIENCE,,CAL,,CALJWST,2.0.0,5893,jw05893017001_02101_00002_nrca3_cal.fits,117573120,233117178,PUBLIC,2,F200W
234174929,JWST,image,jw05893017001_02101_00001_nrca3,exposure (L2b): 2D calibrated exposure average over integrations,S,mast:JWST/product/jw05893017001_02101_00001_nrca3_cal.fits,SCIENCE,,CAL,,CALJWST,2.0.0,5893,jw05893017001_02101_00001_nrca3_cal.fits,117573120,233117178,PUBLIC,2,F200W
234174934,JWST,image,jw05893017001_02101_00003_nrcb4,exposure (L2b): 2D calibrated exposure average over integrations,S,mast:JWST/product/jw05893017001_02101_00003_nrcb4_cal.fits,SCIENCE,,CAL,,CALJWST,2.0.0,5893,jw05893017001_02101_00003_nrcb4_cal.fits,117573120,233117178,PUBLIC,2,F200W
234174942,JWST,image,jw05893017001_02101_00002_nrca4,exposure (L2b): 2D calibrated exposure average over integrations,S,mast:JWST/product/jw05893017001_02101_00002_nrca4_cal.fits,SCIENCE,,CAL,,CALJWST,2.0.0,5893,jw05893017001_02101_00002_nrca4_cal.fits,117573120,233117178,PUBLIC,2,F200W
234174950,JWST,image,jw05893017001_02101_00001_nrcb2,exposure (L2b): 2D calibrated exposure average over integrations,S,mast:JWST/product/jw05893017001_02101_00001_nrcb2_cal.fits,SCIENCE,,CAL,,CALJWST,2.0.0,5893,jw05893017001_02101_00001_nrcb2_cal.fits,117573120,233117178,PUBLIC,2,F200W
234174955,JWST,image,jw05893017001_02101_00001_nrcb3,exposure (L2b): 2D calibrated exposure average over integrations,S,mast:JWST/product/jw05893017001_02101_00001_nrcb3_cal.fits,SCIENCE,,CAL,,CALJWST,2.0.0,5893,jw05893017001_02101_00001_nrcb3_cal.fits,117573120,233117178,PUBLIC,2,F200W
234174959,JWST,image,jw05893017001_02101_00002_nrcb1,exposure (L2b): 2D calibrated exposure average over integrations,S,mast:JWST/product/jw05893017001_02101_00002_nrcb1_cal.fits,SCIENCE,,CAL,,CALJWST,2.0.0,5893,jw05893017001_02101_00002_nrcb1_cal.fits,117573120,233117178,PUBLIC,2,F200W
234174974,JWST,image,jw05893017001_02101_00003_nrca4,exposure (L2b): 2D calibrated exposure average over integrations,S,mast:JWST/product/jw05893017001_02101_00003_nrca4_cal.fits,SCIENCE,,CAL,,CALJWST,2.0.0,5893,jw05893017001_02101_00003_nrca4_cal.fits,117573120,233117178,PUBLIC,2,F200W
234174978,JWST,image,jw05893017001_02101_00003_nrca2,exposure (L2b): 2D calibrated exposure average over integrations,S,mast:JWST/product/jw05893017001_02101_00003_nrca2_cal.fits,SCIENCE,,CAL,,CALJWST,2.0.0,5893,jw05893017001_02101_00003_nrca2_cal.fits,117570240,233117178,PUBLIC,2,F200W
234175003,JWST,image,jw05893017001_02101_00001_nrca1,exposure (L2b): 2D calibrated exposure average over integrations,S,mast:JWST/product/jw05893017001_02101_00001_nrca1_cal.fits,SCIENCE,,CAL,,CALJWST,2.0.0,5893,jw05893017001_02101_00001_nrca1_cal.fits,117570240,233117178,PUBLIC,2,F200W
234175008,JWST,image,jw05893017001_02101_00004_nrcb4,exposure (L2b): 2D calibrated exposure average over integrations,S,mast:JWST/product/jw05893017001_02101_00004_nrcb4_cal.fits,SCIENCE,,CAL,,CALJWST,2.0.0,5893,jw05893017001_02101_00004_nrcb4_cal.fits,117573120,233117178,PUBLIC,2,F200W
234175012,JWST,image,jw05893017001_02101_00002_nrcb3,exposure (L2b): 2D calibrated exposure average over integrations,S,mast:JWST/product/jw05893017001_02101_00002_nrcb3_cal.fits,SCIENCE,,CAL,,CALJWST,2.0.0,5893,jw05893017001_02101_00002_nrcb3_cal.fits,117573120,233117178,PUBLIC,2,F200W
234175016,JWST,image,jw05893017001_02101_00003_nrcb2,exposure (L2b): 2D calibrated exposure average over integrations,S,mast:JWST/product/jw05893017001_02101_00003_nrcb2_cal.fits,SCIENCE,,CAL,,CALJWST,2.0.0,5893,jw05893017001_02101_00003_nrcb2_cal.fits,117573120,233117178,PUBLIC,2,F200W
234175021,JWST,image,jw05893017001_02101_00004_nrcb2,exposure (L2b): 2D calibrated exposure average over integrations,S,mast:JWST/product/jw05893017001_02101_00004_nrcb2_cal.fits,SCIENCE,,CAL,,CALJWST,2.0.0,5893,jw05893017001_02101_00004_nrcb2_cal.fits,117573120,233117178,PUBLIC,2,F200W
234175033,JWST,image,jw05893017001_02101_00003_nrca3,exposure (L2b): 2D calibrated exposure average over integrations,S,mast:JWST/product/jw05893017001_02101_00003_nrca3_cal.fits,SCIENCE,,CAL,,CALJWST,2.0.0,5893,jw05893017001_02101_00003_nrca3_cal.fits,117573120,233117178,PUBLIC,2,F200W
234175037,JWST,image,jw05893017001_02101_00004_nrcb1,exposure (L2b): 2D calibrated exposure average over integrations,S,mast:JWST/product/jw05893017001_02101_00004_nrcb1_cal.fits,SCIENCE,,CAL,,CALJWST,2.0.0,5893,jw05893017001_02101_00004_nrcb1_cal.fits,117573120,233117178,PUBLIC,2,F200W
234175042,JWST,image,jw05893017001_02101_00004_nrcb3,exposure (L2b): 2D calibrated exposure average over integrations,S,mast:JWST/product/jw05893017001_02101_00004_nrcb3_cal.fits,SCIENCE,,CAL,,CALJWST,2.0.0,5893,jw05893017001_02101_00004_nrcb3_cal.fits,117573120,233117178,PUBLIC,2,F200W
234175046,JWST,image,jw05893017001_02101_00002_nrcb4,exposure (L2b): 2D calibrated exposure average over integrations,S,mast:JWST/product/jw05893017001_02101_00002_nrcb4_cal.fits,SCIENCE,,CAL,,CALJWST,2.0.0,5893,jw05893017001_02101_00002_nrcb4_cal.fits,117573120,233117178,PUBLIC,2,F200W
234175058,JWST,image,jw05893017001_02101_00003_nrcb3,exposure (L2b): 2D calibrated exposure average over integrations,S,mast:JWST/product/jw05893017001_02101_00003_nrcb3_cal.fits,SCIENCE,,CAL,,CALJWST,2.0.0,5893,jw05893017001_02101_00003_nrcb3_cal.fits,117573120,233117178,PUBLIC,2,F200W
234175062,JWST,image,jw05893017001_02101_00004_nrca2,exposure (L2b): 2D calibrated exposure average over integrations,S,mast:JWST/product/jw05893017001_02101_00004_nrca2_cal.fits,SCIENCE,,CAL,,CALJWST,2.0.0,5893,jw05893017001_02101_00004_nrca2_cal.fits,117570240,233117178,PUBLIC,2,F200W
234175070,JWST,image,jw05893017001_02101_00004_nrca3,exposure (L2b): 2D calibrated exposure average over integrations,S,mast:JWST/product/jw05893017001_02101_00004_nrca3_cal.fits,SCIENCE,,CAL,,CALJWST,2.0.0,5893,jw05893017001_02101_00004_nrca3_cal.fits,117573120,233117178,PUBLIC,2,F200W
234193341,JWST,image,jw05893017003_02101_00001_nrcb3,exposure (L2b): 2D calibrated exposure average over integrations,S,mast:JWST/product/jw05893017003_02101_00001_nrcb3_cal.fits,SCIENCE,,CAL,,CALJWST,2.0.0,5893,jw05893017003_02101_00001_nrcb3_cal.fits,117573120,233117178,PUBLIC,2,F200W
234193344,JWST,image,jw05893017003_02101_00001_nrcb4,exposure (L2b): 2D calibrated exposure average over integrations,S,mast:JWST/product/jw05893017003_02101_00001_nrcb4_cal.fits,SCIENCE,,CAL,,CALJWST,2.0.0,5893,jw05893017003_02101_00001_nrcb4_cal.fits,117573120,233117178,PUBLIC,2,F200W
234193554,JWST,image,jw05893017007_02101_00006_nrca2,exposure (L2b): 2D calibrated exposure average over integrations,S,mast:JWST/product/jw05893017007_02101_00006_nrca2_cal.fits,SCIENCE,,CAL,,CALJWST,2.0.0,5893,jw05893017007_02101_00006_nrca2_cal.fits,117570240,233117178,PUBLIC,2,F200W
234193557,JWST,image,jw05893017007_02101_00006_nrca4,exposure (L2b): 2D calibrated exposure average over integrations,S,mast:JWST/product/jw05893017007_02101_00006_nrca4_cal.fits,SCIENCE,,CAL,,CALJWST,2.0.0,5893,jw05893017007_02101_00006_nrca4_cal.fits,117573120,233117178,PUBLIC,2,F200W
234193561,JWST,image,jw05893017007_02101_00006_nrcb3,exposure (L2b): 2D calibrated exposure average over integrations,S,mast:JWST/product/jw05893017007_02101_00006_nrcb3_cal.fits,SCIENCE,,CAL,,CALJWST,2.0.0,5893,jw05893017007_02101_00006_nrcb3_cal.fits,117573120,233117178,PUBLIC,2,F200W
234193564,JWST,image,jw05893017007_02101_00006_nrcb4,exposure (L2b): 2D calibrated exposure average over integrations,S,mast:JWST/product/jw05893017007_02101_00006_nrcb4_cal.fits,SCIENCE,,CAL,,CALJWST,2.0.0,5893,jw05893017007_02101_00006_nrcb4_cal.fits,117573120,233117178,PUBLIC,2,F200W
234193574,JWST,image,jw05893017007_02101_00006_nrca3,exposure (L2b): 2D calibrated exposure average over integrations,S,mast:JWST/product/jw05893017007_02101_00006_nrca3_cal.fits,SCIENCE,,CAL,,CALJWST,2.0.0,5893,jw05893017007_02101_00006_nrca3_cal.fits,117573120,233117178,PUBLIC,2,F200W
234195239,JWST,image,jw05893017001_02101_00005_nrcb3,exposure (L2b): 2D calibrated exposure average over integrations,S,mast:JWST/product/jw05893017001_02101_00005_nrcb3_cal.fits,SCIENCE,,CAL,,CALJWST,2.0.0,5893,jw05893017001_02101_00005_nrcb3_cal.fits,117573120,233117178,PUBLIC,2,F200W
234195282,JWST,image,jw05893017001_02101_00005_nrcb4,exposure (L2b): 2D calibrated exposure average over integrations,S,mast:JWST/product/jw05893017001_02101_00005_nrcb4_cal.fits,SCIENCE,,CAL,,CALJWST,2.0.0,5893,jw05893017001_02101_00005_nrcb4_cal.fits,117573120,233117178,PUBLIC,2,F200W
234195288,JWST,image,jw05893017001_02101_00005_nrca4,exposure (L2b): 2D calibrated exposure average over integrations,S,mast:JWST/product/jw05893017001_02101_00005_nrca4_cal.fits,SCIENCE,,CAL,,CALJWST,2.0.0,5893,jw05893017001_02101_00005_nrca4_cal.fits,117573120,233117178,PUBLIC,2,F200W
234195409,JWST,image,jw05893017001_02101_00005_nrca3,exposure (L2b): 2D calibrated exposure average over integrations,S,mast:JWST/product/jw05893017001_02101_00005_nrca3_cal.fits,SCIENCE,,CAL,,CALJWST,2.0.0,5893,jw05893017001_02101_00005_nrca3_cal.fits,117573120,233117178,PUBLIC,2,F200W
234195433,JWST,image,jw05893017001_02101_00005_nrca2,exposure (L2b): 2D calibrated exposure average over integrations,S,mast:JWST/product/jw05893017001_02101_00005_nrca2_cal.fits,SCIENCE,,CAL,,CALJWST,2.0.0,5893,jw05893017001_02101_00005_nrca2_cal.fits,117570240,233117178,PUBLIC,2,F200W
234221664,JWST,image,jw05893017005_02101_00002_nrcb2,exposure (L2b): 2D calibrated exposure average over integrations,S,mast:JWST/product/jw05893017005_02101_00002_nrcb2_cal.fits,SCIENCE,,CAL,,CALJWST,2.0.0,5893,jw05893017005_02101_00002_nrcb2_cal.fits,117573120,233117178,PUBLIC,2,F200W
234221667,JWST,image,jw05893017005_02101_00002_nrcb4,exposure (L2b): 2D calibrated exposure average over integrations,S,mast:JWST/product/jw05893017005_02101_00002_nrcb4_cal.fits,SCIENCE,,CAL,,CALJWST,2.0.0,5893,jw05893017005_02101_00002_nrcb4_cal.fits,117573120,233117178,PUBLIC,2,F200W
234221672,JWST,image,jw05893017005_02101_00002_nrcb3,exposure (L2b): 2D calibrated exposure average over integrations,S,mast:JWST/product/jw05893017005_02101_00002_nrcb3_cal.fits,SCIENCE,,CAL,,CALJWST,2.0.0,5893,jw05893017005_02101_00002_nrcb3_cal.fits,117573120,233117178,PUBLIC,2,F200W
234223864,JWST,image,jw05893017002_02101_00003_nrca1,exposure (L2b): 2D calibrated exposure average over integrations,S,mast:JWST/product/jw05893017002_02101_00003_nrca1_cal.fits,SCIENCE,,CAL,,CALJWST,2.0.0,5893,jw05893017002_02101_00003_nrca1_cal.fits,117570240,233117178,PUBLIC,2,F200W
234223884,JWST,image,jw05893017002_02101_00003_nrcb2,exposure (L2b): 2D calibrated exposure average over integrations,S,mast:JWST/product/jw05893017002_02101_00003_nrcb2_cal.fits,SCIENCE,,CAL,,CALJWST,2.0.0,5893,jw05893017002_02101_00003_nrcb2_cal.fits,117573120,233117178,PUBLIC,2,F200W
234223903,JWST,image,jw05893017002_02101_00003_nrcb3,exposure (L2b): 2D calibrated exposure average over integrations,S,mast:JWST/product/jw05893017002_02101_00003_nrcb3_cal.fits,SCIENCE,,CAL,,CALJWST,2.0.0,5893,jw05893017002_02101_00003_nrcb3_cal.fits,117573120,233117178,PUBLIC,2,F200W
234223907,JWST,image,jw05893017002_02101_00003_nrca4,exposure (L2b): 2D calibrated exposure average over integrations,S,mast:JWST/product/jw05893017002_02101_00003_nrca4_cal.fits,SCIENCE,,CAL,,CALJWST,2.0.0,5893,jw05893017002_02101_00003_nrca4_cal.fits,117573120,233117178,PUBLIC,2,F200W
234223910,JWST,image,jw05893017002_02101_00003_nrca2,exposure (L2b): 2D calibrated exposure average over integrations,S,mast:JWST/product/jw05893017002_02101_00003_nrca2_cal.fits,SCIENCE,,CAL,,CALJWST,2.0.0,5893,jw05893017002_02101_00003_nrca2_cal.fits,117570240,233117178,PUBLIC,2,F200W
234223913,JWST,image,jw05893017002_02101_00003_nrca3,exposure (L2b): 2D calibrated exposure average over integrations,S,mast:JWST/product/jw05893017002_02101_00003_nrca3_cal.fits,SCIENCE,,CAL,,CALJWST,2.0.0,5893,jw05893017002_02101_00003_nrca3_cal.fits,117573120,233117178,PUBLIC,2,F200W
234223923,JWST,image,jw05893017002_02101_00003_nrcb4,exposure (L2b): 2D calibrated exposure average over integrations,S,mast:JWST/product/jw05893017002_02101_00003_nrcb4_cal.fits,SCIENCE,,CAL,,CALJWST,2.0.0,5893,jw05893017002_02101_00003_nrcb4_cal.fits,117573120,233117178,PUBLIC,2,F200W
234241738,JWST,image,jw05893017005_02101_00005_nrca1,exposure (L2b): 2D calibrated exposure average over integrations,S,mast:JWST/product/jw05893017005_02101_00005_nrca1_cal.fits,SCIENCE,,CAL,,CALJWST,2.0.0,5893,jw05893017005_02101_00005_nrca1_cal.fits,117570240,233117178,PUBLIC,2,F200W
234241745,JWST,image,jw05893017005_02101_00004_nrca3,exposure (L2b): 2D calibrated exposure average over integrations,S,mast:JWST/product/jw05893017005_02101_00004_nrca3_cal.fits,SCIENCE,,CAL,,CALJWST,2.0.0,5893,jw05893017005_02101_00004_nrca3_cal.fits,117573120,233117178,PUBLIC,2,F200W
234241748,JWST,image,jw05893017005_02101_00005_nrca2,exposure (L2b): 2D calibrated exposure average over integrations,S,mast:JWST/product/jw05893017005_02101_00005_nrca2_cal.fits,SCIENCE,,CAL,,CALJWST,2.0.0,5893,jw05893017005_02101_00005_nrca2_cal.fits,117570240,233117178,PUBLIC,2,F200W
234241751,JWST,image,jw05893017005_02101_00004_nrcb4,exposure (L2b): 2D calibrated exposure average over integrations,S,mast:JWST/product/jw05893017005_02101_00004_nrcb4_cal.fits,SCIENCE,,CAL,,CALJWST,2.0.0,5893,jw05893017005_02101_00004_nrcb4_cal.fits,117573120,233117178,PUBLIC,2,F200W
234241753,JWST,image,jw05893017005_02101_00005_nrcb2,exposure (L2b): 2D calibrated exposure average over integrations,S,mast:JWST/product/jw05893017005_02101_00005_nrcb2_cal.fits,SCIENCE,,CAL,,CALJWST,2.0.0,5893,jw05893017005_02101_00005_nrcb2_cal.fits,117573120,233117178,PUBLIC,2,F200W
234241757,JWST,image,jw05893017005_02101_00005_nrca4,exposure (L2b): 2D calibrated exposure average over integrations,S,mast:JWST/product/jw05893017005_02101_00005_nrca4_cal.fits,SCIENCE,,CAL,,CALJWST,2.0.0,5893,jw05893017005_02101_00005_nrca4_cal.fits,117573120,233117178,PUBLIC,2,F200W
234241763,JWST,image,jw05893017005_02101_00005_nrcb4,exposure (L2b): 2D calibrated exposure average over integrations,S,mast:JWST/product/jw05893017005_02101_00005_nrcb4_cal.fits,SCIENCE,,CAL,,CALJWST,2.0.0,5893,jw05893017005_02101_00005_nrcb4_cal.fits,117573120,233117178,PUBLIC,2,F200W
234241767,JWST,image,jw05893017005_02101_00004_nrca4,exposure (L2b): 2D calibrated exposure average over integrations,S,mast:JWST/product/jw05893017005_02101_00004_nrca4_cal.fits,SCIENCE,,CAL,,CALJWST,2.0.0,5893,jw05893017005_02101_00004_nrca4_cal.fits,117573120,233117178,PUBLIC,2,F200W
234241769,JWST,image,jw05893017005_02101_00004_nrca1,exposure (L2b): 2D calibrated exposure average over integrations,S,mast:JWST/product/jw05893017005_02101_00004_nrca1_cal.fits,SCIENCE,,CAL,,CALJWST,2.0.0,5893,jw05893017005_02101_00004_nrca1_cal.fits,117570240,233117178,PUBLIC,2,F200W
234241772,JWST,image,jw05893017005_02101_00005_nrcb3,exposure (L2b): 2D calibrated exposure average over integrations,S,mast:JWST/product/jw05893017005_02101_00005_nrcb3_cal.fits,SCIENCE,,CAL,,CALJWST,2.0.0,5893,jw05893017005_02101_00005_nrcb3_cal.fits,117573120,233117178,PUBLIC,2,F200W
234241777,JWST,image,jw05893017005_02101_00005_nrca3,exposure (L2b): 2D calibrated exposure average over integrations,S,mast:JWST/product/jw05893017005_02101_00005_nrca3_cal.fits,SCIENCE,,CAL,,CALJWST,2.0.0,5893,jw05893017005_02101_00005_nrca3_cal.fits,117573120,233117178,PUBLIC,2,F200W
234241779,JWST,image,jw05893017005_02101_00005_nrcb1,exposure (L2b): 2D calibrated exposure average over integrations,S,mast:JWST/product/jw05893017005_02101_00005_nrcb1_cal.fits,SCIENCE,,CAL,,CALJWST,2.0.0,5893,jw05893017005_02101_00005_nrcb1_cal.fits,117573120,233117178,PUBLIC,2,F200W
234244068,JWST,image,jw05893017002_02101_00005_nrcb4,exposure (L2b): 2D calibrated exposure average over integrations,S,mast:JWST/product/jw05893017002_02101_00005_nrcb4_cal.fits,SCIENCE,,CAL,,CALJWST,2.0.0,5893,jw05893017002_02101_00005_nrcb4_cal.fits,117573120,233117178,PUBLIC,2,F200W
234244092,JWST,image,jw05893017002_02101_00006_nrcb4,exposure (L2b): 2D calibrated exposure average over integrations,S,mast:JWST/product/jw05893017002_02101_00006_nrcb4_cal.fits,SCIENCE,,CAL,,CALJWST,2.0.0,5893,jw05893017002_02101_00006_nrcb4_cal.fits,117573120,233117178,PUBLIC,2,F200W
234244100,JWST,image,jw05893017002_02101_00005_nrcb3,exposure (L2b): 2D calibrated exposure average over integrations,S,mast:JWST/product/jw05893017002_02101_00005_nrcb3_cal.fits,SCIENCE,,CAL,,CALJWST,2.0.0,5893,jw05893017002_02101_00005_nrcb3_cal.fits,117573120,233117178,PUBLIC,2,F200W
234244124,JWST,image,jw05893017002_02101_00006_nrcb1,exposure (L2b): 2D calibrated exposure average over integrations,S,mast:JWST/product/jw05893017002_02101_00006_nrcb1_cal.fits,SCIENCE,,CAL,,CALJWST,2.0.0,5893,jw05893017002_02101_00006_nrcb1_cal.fits,117573120,233117178,PUBLIC,2,F200W
234244128,JWST,image,jw05893017002_02101_00005_nrca1,exposure (L2b): 2D calibrated exposure average over integrations,S,mast:JWST/product/jw05893017002_02101_00005_nrca1_cal.fits,SCIENCE,,CAL,,CALJWST,2.0.0,5893,jw05893017002_02101_00005_nrca1_cal.fits,117570240,233117178,PUBLIC,2,F200W
234244135,JWST,image,jw05893017002_02101_00005_nrca3,exposure (L2b): 2D calibrated exposure average over integrations,S,mast:JWST/product/jw05893017002_02101_00005_nrca3_cal.fits,SCIENCE,,CAL,,CALJWST,2.0.0,5893,jw05893017002_02101_00005_nrca3_cal.fits,117573120,233117178,PUBLIC,2,F200W
234244162,JWST,image,jw05893017002_02101_00006_nrca4,exposure (L2b): 2D calibrated exposure average over integrations,S,mast:JWST/product/jw05893017002_02101_00006_nrca4_cal.fits,SCIENCE,,CAL,,CALJWST,2.0.0,5893,jw05893017002_02101_00006_nrca4_cal.fits,117573120,233117178,PUBLIC,2,F200W
234244167,JWST,image,jw05893017002_02101_00005_nrcb2,exposure (L2b): 2D calibrated exposure average over integrations,S,mast:JWST/product/jw05893017002_02101_00005_nrcb2_cal.fits,SCIENCE,,CAL,,CALJWST,2.0.0,5893,jw05893017002_02101_00005_nrcb2_cal.fits,117573120,233117178,PUBLIC,2,F200W
234244170,JWST,image,jw05893017002_02101_00006_nrcb2,exposure (L2b): 2D calibrated exposure average over integrations,S,mast:JWST/product/jw05893017002_02101_00006_nrcb2_cal.fits,SCIENCE,,CAL,,CALJWST,2.0.0,5893,jw05893017002_02101_00006_nrcb2_cal.fits,117573120,233117178,PUBLIC,2,F200W
234244204,JWST,image,jw05893017002_02101_00005_nrca2,exposure (L2b): 2D calibrated exposure average over integrations,S,mast:JWST/product/jw05893017002_02101_00005_nrca2_cal.fits,SCIENCE,,CAL,,CALJWST,2.0.0,5893,jw05893017002_02101_00005_nrca2_cal.fits,117570240,233117178,PUBLIC,2,F200W
234244219,JWST,image,jw05893017002_02101_00005_nrcb1,exposure (L2b): 2D calibrated exposure average over integrations,S,mast:JWST/product/jw05893017002_02101_00005_nrcb1_cal.fits,SCIENCE,,CAL,,CALJWST,2.0.0,5893,jw05893017002_02101_00005_nrcb1_cal.fits,117573120,233117178,PUBLIC,2,F200W
234244224,JWST,image,jw05893017002_02101_00006_nrca3,exposure (L2b): 2D calibrated exposure average over integrations,S,mast:JWST/product/jw05893017002_02101_00006_nrca3_cal.fits,SCIENCE,,CAL,,CALJWST,2.0.0,5893,jw05893017002_02101_00006_nrca3_cal.fits,117573120,233117178,PUBLIC,2,F200W
234244233,JWST,image,jw05893017002_02101_00006_nrca1,exposure (L2b): 2D calibrated exposure average over integrations,S,mast:JWST/product/jw05893017002_02101_00006_nrca1_cal.fits,SCIENCE,,CAL,,CALJWST,2.0.0,5893,jw05893017002_02101_00006_nrca1_cal.fits,117570240,233117178,PUBLIC,2,F200W
234244244,JWST,image,jw05893017002_02101_00005_nrca4,exposure (L2b): 2D calibrated exposure average over integrations,S,mast:JWST/product/jw05893017002_02101_00005_nrca4_cal.fits,SCIENCE,,CAL,,CALJWST,2.0.0,5893,jw05893017002_02101_00005_nrca4_cal.fits,117573120,233117178,PUBLIC,2,F200W
234244249,JWST,image,jw05893017002_02101_00006_nrcb3,exposure (L2b): 2D calibrated exposure average over integrations,S,mast:JWST/product/jw05893017002_02101_00006_nrcb3_cal.fits,SCIENCE,,CAL,,CALJWST,2.0.0,5893,jw05893017002_02101_00006_nrcb3_cal.fits,117573120,233117178,PUBLIC,2,F200W
234244270,JWST,image,jw05893017002_02101_00006_nrca2,exposure (L2b): 2D calibrated exposure average over integrations,S,mast:JWST/product/jw05893017002_02101_00006_nrca2_cal.fits,SCIENCE,,CAL,,CALJWST,2.0.0,5893,jw05893017002_02101_00006_nrca2_cal.fits,117570240,233117178,PUBLIC,2,F200W
234342914,JWST,image,jw05893017007_02101_00005_nrca2,exposure (L2b): 2D calibrated exposure average over integrations,S,mast:JWST/product/jw05893017007_02101_00005_nrca2_cal.fits,SCIENCE,,CAL,,CALJWST,2.0.0,5893,jw05893017007_02101_00005_nrca2_cal.fits,117570240,233117178,PUBLIC,2,F200W
234342933,JWST,image,jw05893017007_02101_00001_nrcb1,exposure (L2b): 2D calibrated exposure average over integrations,S,mast:JWST/product/jw05893017007_02101_00001_nrcb1_cal.fits,SCIENCE,,CAL,,CALJWST,2.0.0,5893,jw05893017007_02101_00001_nrcb1_cal.fits,117573120,233117178,PUBLIC,2,F200W
234342937,JWST,image,jw05893017007_02101_00002_nrcb3,exposure (L2b): 2D calibrated exposure average over integrations,S,mast:JWST/product/jw05893017007_02101_00002_nrcb3_cal.fits,SCIENCE,,CAL,,CALJWST,2.0.0,5893,jw05893017007_02101_00002_nrcb3_cal.fits,117573120,233117178,PUBLIC,2,F200W
234342945,JWST,image,jw05893017007_02101_00003_nrcb4,exposure (L2b): 2D calibrated exposure average over integrations,S,mast:JWST/product/jw05893017007_02101_00003_nrcb4_cal.fits,SCIENCE,,CAL,,CALJWST,2.0.0,5893,jw05893017007_02101_00003_nrcb4_cal.fits,117573120,233117178,PUBLIC,2,F200W
234342948,JWST,image,jw05893017007_02101_00003_nrca1,exposure (L2b): 2D calibrated exposure average over integrations,S,mast:JWST/product/jw05893017007_02101_00003_nrca1_cal.fits,SCIENCE,,CAL,,CALJWST,2.0.0,5893,jw05893017007_02101_00003_nrca1_cal.fits,117570240,233117178,PUBLIC,2,F200W
234342961,JWST,image,jw05893017007_02101_00004_nrca1,exposure (L2b): 2D calibrated exposure average over integrations,S,mast:JWST/product/jw05893017007_02101_00004_nrca1_cal.fits,SCIENCE,,CAL,,CALJWST,2.0.0,5893,jw05893017007_02101_00004_nrca1_cal.fits,117570240,233117178,PUBLIC,2,F200W
234342963,JWST,image,jw05893017007_02101_00002_nrcb4,exposure (L2b): 2D calibrated exposure average over integrations,S,mast:JWST/product/jw05893017007_02101_00002_nrcb4_cal.fits,SCIENCE,,CAL,,CALJWST,2.0.0,5893,jw05893017007_02101_00002_nrcb4_cal.fits,117573120,233117178,PUBLIC,2,F200W
234342967,JWST,image,jw05893017007_02101_00004_nrcb3,exposure (L2b): 2D calibrated exposure average over integrations,S,mast:JWST/product/jw05893017007_02101_00004_nrcb3_cal.fits,SCIENCE,,CAL,,CALJWST,2.0.0,5893,jw05893017007_02101_00004_nrcb3_cal.fits,117573120,233117178,PUBLIC,2,F200W
234342972,JWST,image,jw05893017007_02101_00003_nrca2,exposure (L2b): 2D calibrated exposure average over integrations,S,mast:JWST/product/jw05893017007_02101_00003_nrca2_cal.fits,SCIENCE,,CAL,,CALJWST,2.0.0,5893,jw05893017007_02101_00003_nrca2_cal.fits,117570240,233117178,PUBLIC,2,F200W
234342974,JWST,image,jw05893017007_02101_00001_nrca2,exposure (L2b): 2D calibrated exposure average over integrations,S,mast:JWST/product/jw05893017007_02101_00001_nrca2_cal.fits,SCIENCE,,CAL,,CALJWST,2.0.0,5893,jw05893017007_02101_00001_nrca2_cal.fits,117570240,233117178,PUBLIC,2,F200W
234342983,JWST,image,jw05893017007_02101_00006_nrca1,exposure (L2b): 2D calibrated exposure average over integrations,S,mast:JWST/product/jw05893017007_02101_00006_nrca1_cal.fits,SCIENCE,,CAL,,CALJWST,2.0.0,5893,jw05893017007_02101_00006_nrca1_cal.fits,117570240,233117178,PUBLIC,2,F200W
234342990,JWST,image,jw05893017007_02101_00005_nrca4,exposure (L2b): 2D calibrated exposure average over integrations,S,mast:JWST/product/jw05893017007_02101_00005_nrca4_cal.fits,SCIENCE,,CAL,,CALJWST,2.0.0,5893,jw05893017007_02101_00005_nrca4_cal.fits,117573120,233117178,PUBLIC,2,F200W
234343002,JWST,image,jw05893017007_02101_00002_nrca3,exposure (L2b): 2D calibrated exposure average over integrations,S,mast:JWST/product/jw05893017007_02101_00002_nrca3_cal.fits,SCIENCE,,CAL,,CALJWST,2.0.0,5893,jw05893017007_02101_00002_nrca3_cal.fits,117573120,233117178,PUBLIC,2,F200W
234343004,JWST,image,jw05893017007_02101_00004_nrca3,exposure (L2b): 2D calibrated exposure average over integrations,S,mast:JWST/product/jw05893017007_02101_00004_nrca3_cal.fits,SCIENCE,,CAL,,CALJWST,2.0.0,5893,jw05893017007_02101_00004_nrca3_cal.fits,117573120,233117178,PUBLIC,2,F200W
234343005,JWST,image,jw05893017007_02101_00005_nrcb4,exposure (L2b): 2D calibrated exposure average over integrations,S,mast:JWST/product/jw05893017007_02101_00005_nrcb4_cal.fits,SCIENCE,,CAL,,CALJWST,2.0.0,5893,jw05893017007_02101_00005_nrcb4_cal.fits,117573120,233117178,PUBLIC,2,F200W
234343007,JWST,image,jw05893017007_02101_00001_nrca3,exposure (L2b): 2D calibrated exposure average over integrations,S,mast:JWST/product/jw05893017007_02101_00001_nrca3_cal.fits,SCIENCE,,CAL,,CALJWST,2.0.0,5893,jw05893017007_02101_00001_nrca3_cal.fits,117573120,233117178,PUBLIC,2,F200W
234343020,JWST,image,jw05893017007_02101_00002_nrca2,exposure (L2b): 2D calibrated exposure average over integrations,S,mast:JWST/product/jw05893017007_02101_00002_nrca2_cal.fits,SCIENCE,,CAL,,CALJWST,2.0.0,5893,jw05893017007_02101_00002_nrca2_cal.fits,117570240,233117178,PUBLIC,2,F200W
234343023,JWST,image,jw05893017007_02101_00003_nrca4,exposure (L2b): 2D calibrated exposure average over integrations,S,mast:JWST/product/jw05893017007_02101_00003_nrca4_cal.fits,SCIENCE,,CAL,,CALJWST,2.0.0,5893,jw05893017007_02101_00003_nrca4_cal.fits,117573120,233117178,PUBLIC,2,F200W
234343027,JWST,image,jw05893017007_02101_00004_nrca4,exposure (L2b): 2D calibrated exposure average over integrations,S,mast:JWST/product/jw05893017007_02101_00004_nrca4_cal.fits,SCIENCE,,CAL,,CALJWST,2.0.0,5893,jw05893017007_02101_00004_nrca4_cal.fits,117573120,233117178,PUBLIC,2,F200W
234343032,JWST,image,jw05893017007_02101_00001_nrcb4,exposure (L2b): 2D calibrated exposure average over integrations,S,mast:JWST/product/jw05893017007_02101_00001_nrcb4_cal.fits,SCIENCE,,CAL,,CALJWST,2.0.0,5893,jw05893017007_02101_00001_nrcb4_cal.fits,117573120,233117178,PUBLIC,2,F200W
234343034,JWST,image,jw05893017007_02101_00004_nrcb2,exposure (L2b): 2D calibrated exposure average over integrations,S,mast:JWST/product/jw05893017007_02101_00004_nrcb2_cal.fits,SCIENCE,,CAL,,CALJWST,2.0.0,5893,jw05893017007_02101_00004_nrcb2_cal.fits,117573120,233117178,PUBLIC,2,F200W
234343038,JWST,image,jw05893017007_02101_00001_nrca4,exposure (L2b): 2D calibrated exposure average over integrations,S,mast:JWST/product/jw05893017007_02101_00001_nrca4_cal.fits,SCIENCE,,CAL,,CALJWST,2.0.0,5893,jw05893017007_02101_00001_nrca4_cal.fits,117573120,233117178,PUBLIC,2,F200W
234343044,JWST,image,jw05893017007_02101_00002_nrca1,exposure (L2b): 2D calibrated exposure average over integrations,S,mast:JWST/product/jw05893017007_02101_00002_nrca1_cal.fits,SCIENCE,,CAL,,CALJWST,2.0.0,5893,jw05893017007_02101_00002_nrca1_cal.fits,117570240,233117178,PUBLIC,2,F200W
234343056,JWST,image,jw05893017007_02101_00004_nrcb1,exposure (L2b): 2D calibrated exposure average over integrations,S,mast:JWST/product/jw05893017007_02101_00004_nrcb1_cal.fits,SCIENCE,,CAL,,CALJWST,2.0.0,5893,jw05893017007_02101_00004_nrcb1_cal.fits,117573120,233117178,PUBLIC,2,F200W
234343067,JWST,image,jw05893017007_02101_00005_nrcb3,exposure (L2b): 2D calibrated exposure average over integrations,S,mast:JWST/product/jw05893017007_02101_00005_nrcb3_cal.fits,SCIENCE,,CAL,,CALJWST,2.0.0,5893,jw05893017007_02101_00005_nrcb3_cal.fits,117573120,233117178,PUBLIC,2,F200W
234343072,JWST,image,jw05893017007_02101_00005_nrca1,exposure (L2b): 2D calibrated exposure average over integrations,S,mast:JWST/product/jw05893017007_02101_00005_nrca1_cal.fits,SCIENCE,,CAL,,CALJWST,2.0.0,5893,jw05893017007_02101_00005_nrca1_cal.fits,117570240,233117178,PUBLIC,2,F200W
234343076,JWST,image,jw05893017007_02101_00004_nrcb4,exposure (L2b): 2D calibrated exposure average over integrations,S,mast:JWST/product/jw05893017007_02101_00004_nrcb4_cal.fits,SCIENCE,,CAL,,CALJWST,2.0.0,5893,jw05893017007_02101_00004_nrcb4_cal.fits,117573120,233117178,PUBLIC,2,F200W
234343079,JWST,image,jw05893017007_02101_00003_nrcb2,exposure (L2b): 2D calibrated exposure average over integrations,S,mast:JWST/product/jw05893017007_02101_00003_nrcb2_cal.fits,SCIENCE,,CAL,,CALJWST,2.0.0,5893,jw05893017007_02101_00003_nrcb2_cal.fits,117573120,233117178,PUBLIC,2,F200W
234343082,JWST,image,jw05893017007_02101_00005_nrca3,exposure (L2b): 2D calibrated exposure average over integrations,S,mast:JWST/product/jw05893017007_02101_00005_nrca3_cal.fits,SCIENCE,,CAL,,CALJWST,2.0.0,5893,jw05893017007_02101_00005_nrca3_cal.fits,117573120,233117178,PUBLIC,2,F200W
234343120,JWST,image,jw05893017007_02101_00003_nrcb3,exposure (L2b): 2D calibrated exposure average over integrations,S,mast:JWST/product/jw05893017007_02101_00003_nrcb3_cal.fits,SCIENCE,,CAL,,CALJWST,2.0.0,5893,jw05893017007_02101_00003_nrcb3_cal.fits,117573120,233117178,PUBLIC,2,F200W
234343134,JWST,image,jw05893017007_02101_00005_nrcb2,exposure (L2b): 2D calibrated exposure average over integrations,S,mast:JWST/product/jw05893017007_02101_00005_nrcb2_cal.fits,SCIENCE,,CAL,,CALJWST,2.0.0,5893,jw05893017007_02101_00005_nrcb2_cal.fits,117573120,233117178,PUBLIC,2,F200W
234343139,JWST,image,jw05893017007_02101_00001_nrca1,exposure (L2b): 2D calibrated exposure average over integrations,S,mast:JWST/product/jw05893017007_02101_00001_nrca1_cal.fits,SCIENCE,,CAL,,CALJWST,2.0.0,5893,jw05893017007_02101_00001_nrca1_cal.fits,117570240,233117178,PUBLIC,2,F200W
234343150,JWST,image,jw05893017007_02101_00005_nrcb1,exposure (L2b): 2D calibrated exposure average over integrations,S,mast:JWST/product/jw05893017007_02101_00005_nrcb1_cal.fits,SCIENCE,,CAL,,CALJWST,2.0.0,5893,jw05893017007_02101_00005_nrcb1_cal.fits,117573120,233117178,PUBLIC,2,F200W
234343156,JWST,image,jw05893017007_02101_00003_nrca3,exposure (L2b): 2D calibrated exposure average over integrations,S,mast:JWST/product/jw05893017007_02101_00003_nrca3_cal.fits,SCIENCE,,CAL,,CALJWST,2.0.0,5893,jw05893017007_02101_00003_nrca3_cal.fits,117573120,233117178,PUBLIC,2,F200W
234343159,JWST,image,jw05893017007_02101_00001_nrcb3,exposure (L2b): 2D calibrated exposure average over integrations,S,mast:JWST/product/jw05893017007_02101_00001_nrcb3_cal.fits,SCIENCE,,CAL,,CALJWST,2.0.0,5893,jw05893017007_02101_00001_nrcb3_cal.fits,117573120,233117178,PUBLIC,2,F200W
234343163,JWST,image,jw05893017007_02101_00002_nrcb2,exposure (L2b): 2D calibrated exposure average over integrations,S,mast:JWST/product/jw05893017007_02101_00002_nrcb2_cal.fits,SCIENCE,,CAL,,CALJWST,2.0.0,5893,jw05893017007_02101_00002_nrcb2_cal.fits,117573120,233117178,PUBLIC,2,F200W
234343167,JWST,image,jw05893017007_02101_00002_nrca4,exposure (L2b): 2D calibrated exposure average over integrations,S,mast:JWST/product/jw05893017007_02101_00002_nrca4_cal.fits,SCIENCE,,CAL,,CALJWST,2.0.0,5893,jw05893017007_02101_00002_nrca4_cal.fits,117573120,233117178,PUBLIC,2,F200W
234343170,JWST,image,jw05893017007_02101_00002_nrcb1,exposure (L2b): 2D calibrated exposure average over integrations,S,mast:JWST/product/jw05893017007_02101_00002_nrcb1_cal.fits,SCIENCE,,CAL,,CALJWST,2.0.0,5893,jw05893017007_02101_00002_nrcb1_cal.fits,117573120,233117178,PUBLIC,2,F200W
234343201,JWST,image,jw05893017007_02101_00006_nrcb2,exposure (L2b): 2D calibrated exposure average over integrations,S,mast:JWST/product/jw05893017007_02101_00006_nrcb2_cal.fits,SCIENCE,,CAL,,CALJWST,2.0.0,5893,jw05893017007_02101_00006_nrcb2_cal.fits,117573120,233117178,PUBLIC,2,F200W
234343212,JWST,image,jw05893017007_02101_00003_nrcb1,exposure (L2b): 2D calibrated exposure average over integrations,S,mast:JWST/product/jw05893017007_02101_00003_nrcb1_cal.fits,SCIENCE,,CAL,,CALJWST,2.0.0,5893,jw05893017007_02101_00003_nrcb1_cal.fits,117573120,233117178,PUBLIC,2,F200W
234343224,JWST,image,jw05893017007_02101_00006_nrcb1,exposure (L2b): 2D calibrated exposure average over integrations,S,mast:JWST/product/jw05893017007_02101_00006_nrcb1_cal.fits,SCIENCE,,CAL,,CALJWST,2.0.0,5893,jw05893017007_02101_00006_nrcb1_cal.fits,117573120,233117178,PUBLIC,2,F200W
234343230,JWST,image,jw05893017007_02101_00004_nrca2,exposure (L2b): 2D calibrated exposure average over integrations,S,mast:JWST/product/jw05893017007_02101_00004_nrca2_cal.fits,SCIENCE,,CAL,,CALJWST,2.0.0,5893,jw05893017007_02101_00004_nrca2_cal.fits,117570240,233117178,PUBLIC,2,F200W
234349800,JWST,image,jw05893017008_02101_00001_nrcb1,exposure (L2b): 2D calibrated exposure average over integrations,S,mast:JWST/product/jw05893017008_02101_00001_nrcb1_cal.fits,SCIENCE,,CAL,,CALJWST,2.0.0,5893,jw05893017008_02101_00001_nrcb1_cal.fits,117573120,233117178,PUBLIC,2,F200W
234349811,JWST,image,jw05893017008_02101_00002_nrcb3,exposure (L2b): 2D calibrated exposure average over integrations,S,mast:JWST/product/jw05893017008_02101_00002_nrcb3_cal.fits,SCIENCE,,CAL,,CALJWST,2.0.0,5893,jw05893017008_02101_00002_nrcb3_cal.fits,117573120,233117178,PUBLIC,2,F200W
234349820,JWST,image,jw05893017008_02101_00001_nrca4,exposure (L2b): 2D calibrated exposure average over integrations,S,mast:JWST/product/jw05893017008_02101_00001_nrca4_cal.fits,SCIENCE,,CAL,,CALJWST,2.0.0,5893,jw05893017008_02101_00001_nrca4_cal.fits,117573120,233117178,PUBLIC,2,F200W
234349843,JWST,image,jw05893017008_02101_00001_nrca2,exposure (L2b): 2D calibrated exposure average over integrations,S,mast:JWST/product/jw05893017008_02101_00001_nrca2_cal.fits,SCIENCE,,CAL,,CALJWST,2.0.0,5893,jw05893017008_02101_00001_nrca2_cal.fits,117570240,233117178,PUBLIC,2,F200W
234349857,JWST,image,jw05893017008_02101_00001_nrca3,exposure (L2b): 2D calibrated exposure average over integrations,S,mast:JWST/product/jw05893017008_02101_00001_nrca3_cal.fits,SCIENCE,,CAL,,CALJWST,2.0.0,5893,jw05893017008_02101_00001_nrca3_cal.fits,117573120,233117178,PUBLIC,2,F200W
234349861,JWST,image,jw05893017008_02101_00001_nrca1,exposure (L2b): 2D calibrated exposure average over integrations,S,mast:JWST/product/jw05893017008_02101_00001_nrca1_cal.fits,SCIENCE,,CAL,,CALJWST,2.0.0,5893,jw05893017008_02101_00001_nrca1_cal.fits,117570240,233117178,PUBLIC,2,F200W
234349870,JWST,image,jw05893017008_02101_00002_nrca2,exposure (L2b): 2D calibrated exposure average over integrations,S,mast:JWST/product/jw05893017008_02101_00002_nrca2_cal.fits,SCIENCE,,CAL,,CALJWST,2.0.0,5893,jw05893017008_02101_00002_nrca2_cal.fits,117570240,233117178,PUBLIC,2,F200W
234349900,JWST,image,jw05893017008_02101_00002_nrca3,exposure (L2b): 2D calibrated exposure average over integrations,S,mast:JWST/product/jw05893017008_02101_00002_nrca3_cal.fits,SCIENCE,,CAL,,CALJWST,2.0.0,5893,jw05893017008_02101_00002_nrca3_cal.fits,117573120,233117178,PUBLIC,2,F200W
234349913,JWST,image,jw05893017008_02101_00002_nrcb1,exposure (L2b): 2D calibrated exposure average over integrations,S,mast:JWST/product/jw05893017008_02101_00002_nrcb1_cal.fits,SCIENCE,,CAL,,CALJWST,2.0.0,5893,jw05893017008_02101_00002_nrcb1_cal.fits,117573120,233117178,PUBLIC,2,F200W
234349917,JWST,image,jw05893017008_02101_00001_nrcb4,exposure (L2b): 2D calibrated exposure average over integrations,S,mast:JWST/product/jw05893017008_02101_00001_nrcb4_cal.fits,SCIENCE,,CAL,,CALJWST,2.0.0,5893,jw05893017008_02101_00001_nrcb4_cal.fits,117573120,233117178,PUBLIC,2,F200W
234349923,JWST,image,jw05893017008_02101_00002_nrcb4,exposure (L2b): 2D calibrated exposure average over integrations,S,mast:JWST/product/jw05893017008_02101_00002_nrcb4_cal.fits,SCIENCE,,CAL,,CALJWST,2.0.0,5893,jw05893017008_02101_00002_nrcb4_cal.fits,117573120,233117178,PUBLIC,2,F200W
234349932,JWST,image,jw05893017008_02101_00005_nrcb1,exposure (L2b): 2D calibrated exposure average over integrations,S,mast:JWST/product/jw05893017008_02101_00005_nrcb1_cal.fits,SCIENCE,,CAL,,CALJWST,2.0.0,5893,jw05893017008_02101_00005_nrcb1_cal.fits,117573120,233117178,PUBLIC,2,F200W
234349936,JWST,image,jw05893017008_02101_00002_nrca4,exposure (L2b): 2D calibrated exposure average over integrations,S,mast:JWST/product/jw05893017008_02101_00002_nrca4_cal.fits,SCIENCE,,CAL,,CALJWST,2.0.0,5893,jw05893017008_02101_00002_nrca4_cal.fits,117573120,233117178,PUBLIC,2,F200W
234349942,JWST,image,jw05893017008_02101_00001_nrcb3,exposure (L2b): 2D calibrated exposure average over integrations,S,mast:JWST/product/jw05893017008_02101_00001_nrcb3_cal.fits,SCIENCE,,CAL,,CALJWST,2.0.0,5893,jw05893017008_02101_00001_nrcb3_cal.fits,117573120,233117178,PUBLIC,2,F200W
234349947,JWST,image,jw05893017008_02101_00002_nrcb2,exposure (L2b): 2D calibrated exposure average over integrations,S,mast:JWST/product/jw05893017008_02101_00002_nrcb2_cal.fits,SCIENCE,,CAL,,CALJWST,2.0.0,5893,jw05893017008_02101_00002_nrcb2_cal.fits,117573120,233117178,PUBLIC,2,F200W
234349953,JWST,image,jw05893017008_02101_00002_nrca1,exposure (L2b): 2D calibrated exposure average over integrations,S,mast:JWST/product/jw05893017008_02101_00002_nrca1_cal.fits,SCIENCE,,CAL,,CALJWST,2.0.0,5893,jw05893017008_02101_00002_nrca1_cal.fits,117570240,233117178,PUBLIC,2,F200W
234350013,JWST,image,jw05893017008_02101_00004_nrca4,exposure (L2b): 2D calibrated exposure average over integrations,S,mast:JWST/product/jw05893017008_02101_00004_nrca4_cal.fits,SCIENCE,,CAL,,CALJWST,2.0.0,5893,jw05893017008_02101_00004_nrca4_cal.fits,117573120,233117178,PUBLIC,2,F200W
234350023,JWST,image,jw05893017008_02101_00001_nrcb2,exposure (L2b): 2D calibrated exposure average over integrations,S,mast:JWST/product/jw05893017008_02101_00001_nrcb2_cal.fits,SCIENCE,,CAL,,CALJWST,2.0.0,5893,jw05893017008_02101_00001_nrcb2_cal.fits,117573120,233117178,PUBLIC,2,F200W
234350881,JWST,image,jw05893017005_02101_00002_nrca1,exposure (L2b): 2D calibrated exposure average over integrations,S,mast:JWST/product/jw05893017005_02101_00002_nrca1_cal.fits,SCIENCE,,CAL,,CALJWST,2.0.0,5893,jw05893017005_02101_00002_nrca1_cal.fits,117570240,233117178,PUBLIC,2,F200W
234350927,JWST,image,jw05893017005_02101_00006_nrcb3,exposure (L2b): 2D calibrated exposure average over integrations,S,mast:JWST/product/jw05893017005_02101_00006_nrcb3_cal.fits,SCIENCE,,CAL,,CALJWST,2.0.0,5893,jw05893017005_02101_00006_nrcb3_cal.fits,117573120,233117178,PUBLIC,2,F200W
234350943,JWST,image,jw05893017005_02101_00006_nrca2,exposure (L2b): 2D calibrated exposure average over integrations,S,mast:JWST/product/jw05893017005_02101_00006_nrca2_cal.fits,SCIENCE,,CAL,,CALJWST,2.0.0,5893,jw05893017005_02101_00006_nrca2_cal.fits,117570240,233117178,PUBLIC,2,F200W
234350952,JWST,image,jw05893017005_02101_00006_nrca4,exposure (L2b): 2D calibrated exposure average over integrations,S,mast:JWST/product/jw05893017005_02101_00006_nrca4_cal.fits,SCIENCE,,CAL,,CALJWST,2.0.0,5893,jw05893017005_02101_00006_nrca4_cal.fits,117573120,233117178,PUBLIC,2,F200W
234350975,JWST,image,jw05893017005_02101_00006_nrcb1,exposure (L2b): 2D calibrated exposure average over integrations,S,mast:JWST/product/jw05893017005_02101_00006_nrcb1_cal.fits,SCIENCE,,CAL,,CALJWST,2.0.0,5893,jw05893017005_02101_00006_nrcb1_cal.fits,117573120,233117178,PUBLIC,2,F200W
234350984,JWST,image,jw05893017005_02101_00001_nrcb1,exposure (L2b): 2D calibrated exposure average over integrations,S,mast:JWST/product/jw05893017005_02101_00001_nrcb1_cal.fits,SCIENCE,,CAL,,CALJWST,2.0.0,5893,jw05893017005_02101_00001_nrcb1_cal.fits,117573120,233117178,PUBLIC,2,F200W
234350994,JWST,image,jw05893017005_02101_00001_nrcb3,exposure (L2b): 2D calibrated exposure average over integrations,S,mast:JWST/product/jw05893017005_02101_00001_nrcb3_cal.fits,SCIENCE,,CAL,,CALJWST,2.0.0,5893,jw05893017005_02101_00001_nrcb3_cal.fits,117573120,233117178,PUBLIC,2,F200W
234351003,JWST,image,jw05893017005_02101_00006_nrcb2,exposure (L2b): 2D calibrated exposure average over integrations,S,mast:JWST/product/jw05893017005_02101_00006_nrcb2_cal.fits,SCIENCE,,CAL,,CALJWST,2.0.0,5893,jw05893017005_02101_00006_nrcb2_cal.fits,117573120,233117178,PUBLIC,2,F200W
234351014,JWST,image,jw05893017005_02101_00006_nrca3,exposure (L2b): 2D calibrated exposure average over integrations,S,mast:JWST/product/jw05893017005_02101_00006_nrca3_cal.fits,SCIENCE,,CAL,,CALJWST,2.0.0,5893,jw05893017005_02101_00006_nrca3_cal.fits,117573120,233117178,PUBLIC,2,F200W
234351021,JWST,image,jw05893017005_02101_00001_nrcb4,exposure (L2b): 2D calibrated exposure average over integrations,S,mast:JWST/product/jw05893017005_02101_00001_nrcb4_cal.fits,SCIENCE,,CAL,,CALJWST,2.0.0,5893,jw05893017005_02101_00001_nrcb4_cal.fits,117573120,233117178,PUBLIC,2,F200W
234351025,JWST,image,jw05893017005_02101_00006_nrca1,exposure (L2b): 2D calibrated exposure average over integrations,S,mast:JWST/product/jw05893017005_02101_00006_nrca1_cal.fits,SCIENCE,,CAL,,CALJWST,2.0.0,5893,jw05893017005_02101_00006_nrca1_cal.fits,117570240,233117178,PUBLIC,2,F200W
234351040,JWST,image,jw05893017005_02101_00002_nrca3,exposure (L2b): 2D calibrated exposure average over integrations,S,mast:JWST/product/jw05893017005_02101_00002_nrca3_cal.fits,SCIENCE,,CAL,,CALJWST,2.0.0,5893,jw05893017005_02101_00002_nrca3_cal.fits,117573120,233117178,PUBLIC,2,F200W
234370458,JWST,image,jw05893017008_02101_00004_nrcb3,exposure (L2b): 2D calibrated exposure average over integrations,S,mast:JWST/product/jw05893017008_02101_00004_nrcb3_cal.fits,SCIENCE,,CAL,,CALJWST,2.0.0,5893,jw05893017008_02101_00004_nrcb3_cal.fits,117573120,233117178,PUBLIC,2,F200W
234370472,JWST,image,jw05893017008_02101_00003_nrcb4,exposure (L2b): 2D calibrated exposure average over integrations,S,mast:JWST/product/jw05893017008_02101_00003_nrcb4_cal.fits,SCIENCE,,CAL,,CALJWST,2.0.0,5893,jw05893017008_02101_00003_nrcb4_cal.fits,117573120,233117178,PUBLIC,2,F200W
234370490,JWST,image,jw05893017008_02101_00006_nrca2,exposure (L2b): 2D calibrated exposure average over integrations,S,mast:JWST/product/jw05893017008_02101_00006_nrca2_cal.fits,SCIENCE,,CAL,,CALJWST,2.0.0,5893,jw05893017008_02101_00006_nrca2_cal.fits,117570240,233117178,PUBLIC,2,F200W
234370496,JWST,image,jw05893017008_02101_00005_nrcb2,exposure (L2b): 2D calibrated exposure average over integrations,S,mast:JWST/product/jw05893017008_02101_00005_nrcb2_cal.fits,SCIENCE,,CAL,,CALJWST,2.0.0,5893,jw05893017008_02101_00005_nrcb2_cal.fits,117573120,233117178,PUBLIC,2,F200W
234370497,JWST,image,jw05893017008_02101_00004_nrca1,exposure (L2b): 2D calibrated exposure average over integrations,S,mast:JWST/product/jw05893017008_02101_00004_nrca1_cal.fits,SCIENCE,,CAL,,CALJWST,2.0.0,5893,jw05893017008_02101_00004_nrca1_cal.fits,117570240,233117178,PUBLIC,2,F200W
234370538,JWST,image,jw05893017008_02101_00003_nrca4,exposure (L2b): 2D calibrated exposure average over integrations,S,mast:JWST/product/jw05893017008_02101_00003_nrca4_cal.fits,SCIENCE,,CAL,,CALJWST,2.0.0,5893,jw05893017008_02101_00003_nrca4_cal.fits,117573120,233117178,PUBLIC,2,F200W
234370571,JWST,image,jw05893017008_02101_00006_nrca1,exposure (L2b): 2D calibrated exposure average over integrations,S,mast:JWST/product/jw05893017008_02101_00006_nrca1_cal.fits,SCIENCE,,CAL,,CALJWST,2.0.0,5893,jw05893017008_02101_00006_nrca1_cal.fits,117570240,233117178,PUBLIC,2,F200W
234370583,JWST,image,jw05893017008_02101_00003_nrcb3,exposure (L2b): 2D calibrated exposure average over integrations,S,mast:JWST/product/jw05893017008_02101_00003_nrcb3_cal.fits,SCIENCE,,CAL,,CALJWST,2.0.0,5893,jw05893017008_02101_00003_nrcb3_cal.fits,117573120,233117178,PUBLIC,2,F200W
234370591,JWST,image,jw05893017008_02101_00004_nrcb1,exposure (L2b): 2D calibrated exposure average over integrations,S,mast:JWST/product/jw05893017008_02101_00004_nrcb1_cal.fits,SCIENCE,,CAL,,CALJWST,2.0.0,5893,jw05893017008_02101_00004_nrcb1_cal.fits,117573120,233117178,PUBLIC,2,F200W
234370624,JWST,image,jw05893017008_02101_00005_nrca2,exposure (L2b): 2D calibrated exposure average over integrations,S,mast:JWST/product/jw05893017008_02101_00005_nrca2_cal.fits,SCIENCE,,CAL,,CALJWST,2.0.0,5893,jw05893017008_02101_00005_nrca2_cal.fits,117570240,233117178,PUBLIC,2,F200W
234370730,JWST,image,jw05893017008_02101_00003_nrcb1,exposure (L2b): 2D calibrated exposure average over integrations,S,mast:JWST/product/jw05893017008_02101_00003_nrcb1_cal.fits,SCIENCE,,CAL,,CALJWST,2.0.0,5893,jw05893017008_02101_00003_nrcb1_cal.fits,117573120,233117178,PUBLIC,2,F200W
234370767,JWST,image,jw05893017008_02101_00004_nrca3,exposure (L2b): 2D calibrated exposure average over integrations,S,mast:JWST/product/jw05893017008_02101_00004_nrca3_cal.fits,SCIENCE,,CAL,,CALJWST,2.0.0,5893,jw05893017008_02101_00004_nrca3_cal.fits,117573120,233117178,PUBLIC,2,F200W
234370789,JWST,image,jw05893017008_02101_00006_nrcb4,exposure (L2b): 2D calibrated exposure average over integrations,S,mast:JWST/product/jw05893017008_02101_00006_nrcb4_cal.fits,SCIENCE,,CAL,,CALJWST,2.0.0,5893,jw05893017008_02101_00006_nrcb4_cal.fits,117573120,233117178,PUBLIC,2,F200W
234370798,JWST,image,jw05893017008_02101_00005_nrcb3,exposure (L2b): 2D calibrated exposure average over integrations,S,mast:JWST/product/jw05893017008_02101_00005_nrcb3_cal.fits,SCIENCE,,CAL,,CALJWST,2.0.0,5893,jw05893017008_02101_00005_nrcb3_cal.fits,117573120,233117178,PUBLIC,2,F200W
234370806,JWST,image,jw05893017008_02101_00004_nrcb2,exposure (L2b): 2D calibrated exposure average over integrations,S,mast:JWST/product/jw05893017008_02101_00004_nrcb2_cal.fits,SCIENCE,,CAL,,CALJWST,2.0.0,5893,jw05893017008_02101_00004_nrcb2_cal.fits,117573120,233117178,PUBLIC,2,F200W
234370837,JWST,image,jw05893017008_02101_00005_nrcb4,exposure (L2b): 2D calibrated exposure average over integrations,S,mast:JWST/product/jw05893017008_02101_00005_nrcb4_cal.fits,SCIENCE,,CAL,,CALJWST,2.0.0,5893,jw05893017008_02101_00005_nrcb4_cal.fits,117573120,233117178,PUBLIC,2,F200W
234370843,JWST,image,jw05893017008_02101_00006_nrca4,exposure (L2b): 2D calibrated exposure average over integrations,S,mast:JWST/product/jw05893017008_02101_00006_nrca4_cal.fits,SCIENCE,,CAL,,CALJWST,2.0.0,5893,jw05893017008_02101_00006_nrca4_cal.fits,117573120,233117178,PUBLIC,2,F200W
234370865,JWST,image,jw05893017008_02101_00004_nrcb4,exposure (L2b): 2D calibrated exposure average over integrations,S,mast:JWST/product/jw05893017008_02101_00004_nrcb4_cal.fits,SCIENCE,,CAL,,CALJWST,2.0.0,5893,jw05893017008_02101_00004_nrcb4_cal.fits,117573120,233117178,PUBLIC,2,F200W
234370876,JWST,image,jw05893017008_02101_00006_nrca3,exposure (L2b): 2D calibrated exposure average over integrations,S,mast:JWST/product/jw05893017008_02101_00006_nrca3_cal.fits,SCIENCE,,CAL,,CALJWST,2.0.0,5893,jw05893017008_02101_00006_nrca3_cal.fits,117573120,233117178,PUBLIC,2,F200W
234370880,JWST,image,jw05893017008_02101_00005_nrca4,exposure (L2b): 2D calibrated exposure average over integrations,S,mast:JWST/product/jw05893017008_02101_00005_nrca4_cal.fits,SCIENCE,,CAL,,CALJWST,2.0.0,5893,jw05893017008_02101_00005_nrca4_cal.fits,117573120,233117178,PUBLIC,2,F200W
234370954,JWST,image,jw05893017008_02101_00003_nrca2,exposure (L2b): 2D calibrated exposure average over integrations,S,mast:JWST/product/jw05893017008_02101_00003_nrca2_cal.fits,SCIENCE,,CAL,,CALJWST,2.0.0,5893,jw05893017008_02101_00003_nrca2_cal.fits,117570240,233117178,PUBLIC,2,F200W
234370964,JWST,image,jw05893017008_02101_00003_nrca1,exposure (L2b): 2D calibrated exposure average over integrations,S,mast:JWST/product/jw05893017008_02101_00003_nrca1_cal.fits,SCIENCE,,CAL,,CALJWST,2.0.0,5893,jw05893017008_02101_00003_nrca1_cal.fits,117570240,233117178,PUBLIC,2,F200W
234370985,JWST,image,jw05893017008_02101_00003_nrcb2,exposure (L2b): 2D calibrated exposure average over integrations,S,mast:JWST/product/jw05893017008_02101_00003_nrcb2_cal.fits,SCIENCE,,CAL,,CALJWST,2.0.0,5893,jw05893017008_02101_00003_nrcb2_cal.fits,117573120,233117178,PUBLIC,2,F200W
234370993,JWST,image,jw05893017008_02101_00004_nrca2,exposure (L2b): 2D calibrated exposure average over integrations,S,mast:JWST/product/jw05893017008_02101_00004_nrca2_cal.fits,SCIENCE,,CAL,,CALJWST,2.0.0,5893,jw05893017008_02101_00004_nrca2_cal.fits,117570240,233117178,PUBLIC,2,F200W
234371014,JWST,image,jw05893017008_02101_00005_nrca3,exposure (L2b): 2D calibrated exposure average over integrations,S,mast:JWST/product/jw05893017008_02101_00005_nrca3_cal.fits,SCIENCE,,CAL,,CALJWST,2.0.0,5893,jw05893017008_02101_00005_nrca3_cal.fits,117573120,233117178,PUBLIC,2,F200W
234371019,JWST,image,jw05893017008_02101_00006_nrcb3,exposure (L2b): 2D calibrated exposure average over integrations,S,mast:JWST/product/jw05893017008_02101_00006_nrcb3_cal.fits,SCIENCE,,CAL,,CALJWST,2.0.0,5893,jw05893017008_02101_00006_nrcb3_cal.fits,117573120,233117178,PUBLIC,2,F200W
234371025,JWST,image,jw05893017008_02101_00005_nrca1,exposure (L2b): 2D calibrated exposure average over integrations,S,mast:JWST/product/jw05893017008_02101_00005_nrca1_cal.fits,SCIENCE,,CAL,,CALJWST,2.0.0,5893,jw05893017008_02101_00005_nrca1_cal.fits,117570240,233117178,PUBLIC,2,F200W
234371031,JWST,image,jw05893017008_02101_00006_nrcb2,exposure (L2b): 2D calibrated exposure average over integrations,S,mast:JWST/product/jw05893017008_02101_00006_nrcb2_cal.fits,SCIENCE,,CAL,,CALJWST,2.0.0,5893,jw05893017008_02101_00006_nrcb2_cal.fits,117573120,233117178,PUBLIC,2,F200W
234371041,JWST,image,jw05893017008_02101_00006_nrcb1,exposure (L2b): 2D calibrated exposure average over integrations,S,mast:JWST/product/jw05893017008_02101_00006_nrcb1_cal.fits,SCIENCE,,CAL,,CALJWST,2.0.0,5893,jw05893017008_02101_00006_nrcb1_cal.fits,117573120,233117178,PUBLIC,2,F200W
234371047,JWST,image,jw05893017008_02101_00003_nrca3,exposure (L2b): 2D calibrated exposure average over integrations,S,mast:JWST/product/jw05893017008_02101_00003_nrca3_cal.fits,SCIENCE,,CAL,,CALJWST,2.0.0,5893,jw05893017008_02101_00003_nrca3_cal.fits,117573120,233117178,PUBLIC,2,F200W
234371674,JWST,image,jw05893017005_02101_00003_nrcb4,exposure (L2b): 2D calibrated exposure average over integrations,S,mast:JWST/product/jw05893017005_02101_00003_nrcb4_cal.fits,SCIENCE,,CAL,,CALJWST,2.0.0,5893,jw05893017005_02101_00003_nrcb4_cal.fits,117573120,233117178,PUBLIC,2,F200W
234371755,JWST,image,jw05893017005_02101_00004_nrcb3,exposure (L2b): 2D calibrated exposure average over integrations,S,mast:JWST/product/jw05893017005_02101_00004_nrcb3_cal.fits,SCIENCE,,CAL,,CALJWST,2.0.0,5893,jw05893017005_02101_00004_nrcb3_cal.fits,117573120,233117178,PUBLIC,2,F200W
234371796,JWST,image,jw05893017005_02101_00004_nrca2,exposure (L2b): 2D calibrated exposure average over integrations,S,mast:JWST/product/jw05893017005_02101_00004_nrca2_cal.fits,SCIENCE,,CAL,,CALJWST,2.0.0,5893,jw05893017005_02101_00004_nrca2_cal.fits,117570240,233117178,PUBLIC,2,F200W
234371806,JWST,image,jw05893017005_02101_00003_nrcb1,exposure (L2b): 2D calibrated exposure average over integrations,S,mast:JWST/product/jw05893017005_02101_00003_nrcb1_cal.fits,SCIENCE,,CAL,,CALJWST,2.0.0,5893,jw05893017005_02101_00003_nrcb1_cal.fits,117573120,233117178,PUBLIC,2,F200W
234371811,JWST,image,jw05893017005_02101_00002_nrca2,exposure (L2b): 2D calibrated exposure average over integrations,S,mast:JWST/product/jw05893017005_02101_00002_nrca2_cal.fits,SCIENCE,,CAL,,CALJWST,2.0.0,5893,jw05893017005_02101_00002_nrca2_cal.fits,117570240,233117178,PUBLIC,2,F200W
234371865,JWST,image,jw05893017005_02101_00003_nrca4,exposure (L2b): 2D calibrated exposure average over integrations,S,mast:JWST/product/jw05893017005_02101_00003_nrca4_cal.fits,SCIENCE,,CAL,,CALJWST,2.0.0,5893,jw05893017005_02101_00003_nrca4_cal.fits,117573120,233117178,PUBLIC,2,F200W
234371875,JWST,image,jw05893017005_02101_00003_nrcb2,exposure (L2b): 2D calibrated exposure average over integrations,S,mast:JWST/product/jw05893017005_02101_00003_nrcb2_cal.fits,SCIENCE,,CAL,,CALJWST,2.0.0,5893,jw05893017005_02101_00003_nrcb2_cal.fits,117573120,233117178,PUBLIC,2,F200W
234371880,JWST,image,jw05893017005_02101_00003_nrca2,exposure (L2b): 2D calibrated exposure average over integrations,S,mast:JWST/product/jw05893017005_02101_00003_nrca2_cal.fits,SCIENCE,,CAL,,CALJWST,2.0.0,5893,jw05893017005_02101_00003_nrca2_cal.fits,117570240,233117178,PUBLIC,2,F200W
234371905,JWST,image,jw05893017005_02101_00004_nrcb2,exposure (L2b): 2D calibrated exposure average over integrations,S,mast:JWST/product/jw05893017005_02101_00004_nrcb2_cal.fits,SCIENCE,,CAL,,CALJWST,2.0.0,5893,jw05893017005_02101_00004_nrcb2_cal.fits,117573120,233117178,PUBLIC,2,F200W
234371920,JWST,image,jw05893017005_02101_00003_nrca1,exposure (L2b): 2D calibrated exposure average over integrations,S,mast:JWST/product/jw05893017005_02101_00003_nrca1_cal.fits,SCIENCE,,CAL,,CALJWST,2.0.0,5893,jw05893017005_02101_00003_nrca1_cal.fits,117570240,233117178,PUBLIC,2,F200W
234371927,JWST,image,jw05893017005_02101_00004_nrcb1,exposure (L2b): 2D calibrated exposure average over integrations,S,mast:JWST/product/jw05893017005_02101_00004_nrcb1_cal.fits,SCIENCE,,CAL,,CALJWST,2.0.0,5893,jw05893017005_02101_00004_nrcb1_cal.fits,117573120,233117178,PUBLIC,2,F200W
234371952,JWST,image,jw05893017005_02101_00003_nrca3,exposure (L2b): 2D calibrated exposure average over integrations,S,mast:JWST/product/jw05893017005_02101_00003_nrca3_cal.fits,SCIENCE,,CAL,,CALJWST,2.0.0,5893,jw05893017005_02101_00003_nrca3_cal.fits,117573120,233117178,PUBLIC,2,F200W
234371970,JWST,image,jw05893017005_02101_00006_nrcb4,exposure (L2b): 2D calibrated exposure average over integrations,S,mast:JWST/product/jw05893017005_02101_00006_nrcb4_cal.fits,SCIENCE,,CAL,,CALJWST,2.0.0,5893,jw05893017005_02101_00006_nrcb4_cal.fits,117573120,233117178,PUBLIC,2,F200W
234371996,JWST,image,jw05893017005_02101_00003_nrcb3,exposure (L2b): 2D calibrated exposure average over integrations,S,mast:JWST/product/jw05893017005_02101_00003_nrcb3_cal.fits,SCIENCE,,CAL,,CALJWST,2.0.0,5893,jw05893017005_02101_00003_nrcb3_cal.fits,117573120,233117178,PUBLIC,2,F200W
234375592,JWST,image,jw05893017002_02101_00001_nrca3,exposure (L2b): 2D calibrated exposure average over integrations,S,mast:JWST/product/jw05893017002_02101_00001_nrca3_cal.fits,SCIENCE,,CAL,,CALJWST,2.0.0,5893,jw05893017002_02101_00001_nrca3_cal.fits,117573120,233117178,PUBLIC,2,F200W
234375609,JWST,image,jw05893017002_02101_00002_nrcb2,exposure (L2b): 2D calibrated exposure average over integrations,S,mast:JWST/product/jw05893017002_02101_00002_nrcb2_cal.fits,SCIENCE,,CAL,,CALJWST,2.0.0,5893,jw05893017002_02101_00002_nrcb2_cal.fits,117573120,233117178,PUBLIC,2,F200W
234375691,JWST,image,jw05893017002_02101_00004_nrcb4,exposure (L2b): 2D calibrated exposure average over integrations,S,mast:JWST/product/jw05893017002_02101_00004_nrcb4_cal.fits,SCIENCE,,CAL,,CALJWST,2.0.0,5893,jw05893017002_02101_00004_nrcb4_cal.fits,117573120,233117178,PUBLIC,2,F200W
234375703,JWST,image,jw05893017002_02101_00002_nrca2,exposure (L2b): 2D calibrated exposure average over integrations,S,mast:JWST/product/jw05893017002_02101_00002_nrca2_cal.fits,SCIENCE,,CAL,,CALJWST,2.0.0,5893,jw05893017002_02101_00002_nrca2_cal.fits,117570240,233117178,PUBLIC,2,F200W
234375721,JWST,image,jw05893017002_02101_00001_nrcb1,exposure (L2b): 2D calibrated exposure average over integrations,S,mast:JWST/product/jw05893017002_02101_00001_nrcb1_cal.fits,SCIENCE,,CAL,,CALJWST,2.0.0,5893,jw05893017002_02101_00001_nrcb1_cal.fits,117573120,233117178,PUBLIC,2,F200W
234375730,JWST,image,jw05893017002_02101_00001_nrcb2,exposure (L2b): 2D calibrated exposure average over integrations,S,mast:JWST/product/jw05893017002_02101_00001_nrcb2_cal.fits,SCIENCE,,CAL,,CALJWST,2.0.0,5893,jw05893017002_02101_00001_nrcb2_cal.fits,117573120,233117178,PUBLIC,2,F200W
234375748,JWST,image,jw05893017002_02101_00004_nrcb1,exposure (L2b): 2D calibrated exposure average over integrations,S,mast:JWST/product/jw05893017002_02101_00004_nrcb1_cal.fits,SCIENCE,,CAL,,CALJWST,2.0.0,5893,jw05893017002_02101_00004_nrcb1_cal.fits,117573120,233117178,PUBLIC,2,F200W
234375793,JWST,image,jw05893017002_02101_00001_nrca1,exposure (L2b): 2D calibrated exposure average over integrations,S,mast:JWST/product/jw05893017002_02101_00001_nrca1_cal.fits,SCIENCE,,CAL,,CALJWST,2.0.0,5893,jw05893017002_02101_00001_nrca1_cal.fits,117570240,233117178,PUBLIC,2,F200W
234375814,JWST,image,jw05893017002_02101_00004_nrcb2,exposure (L2b): 2D calibrated exposure average over integrations,S,mast:JWST/product/jw05893017002_02101_00004_nrcb2_cal.fits,SCIENCE,,CAL,,CALJWST,2.0.0,5893,jw05893017002_02101_00004_nrcb2_cal.fits,117573120,233117178,PUBLIC,2,F200W
234375833,JWST,image,jw05893017002_02101_00002_nrcb1,exposure (L2b): 2D calibrated exposure average over integrations,S,mast:JWST/product/jw05893017002_02101_00002_nrcb1_cal.fits,SCIENCE,,CAL,,CALJWST,2.0.0,5893,jw05893017002_02101_00002_nrcb1_cal.fits,117573120,233117178,PUBLIC,2,F200W
234375855,JWST,image,jw05893017002_02101_00002_nrcb4,exposure (L2b): 2D calibrated exposure average over integrations,S,mast:JWST/product/jw05893017002_02101_00002_nrcb4_cal.fits,SCIENCE,,CAL,,CALJWST,2.0.0,5893,jw05893017002_02101_00002_nrcb4_cal.fits,117573120,233117178,PUBLIC,2,F200W
234375862,JWST,image,jw05893017002_02101_00001_nrca4,exposure (L2b): 2D calibrated exposure average over integrations,S,mast:JWST/product/jw05893017002_02101_00001_nrca4_cal.fits,SCIENCE,,CAL,,CALJWST,2.0.0,5893,jw05893017002_02101_00001_nrca4_cal.fits,117573120,233117178,PUBLIC,2,F200W
234375874,JWST,image,jw05893017002_02101_00002_nrca3,exposure (L2b): 2D calibrated exposure average over integrations,S,mast:JWST/product/jw05893017002_02101_00002_nrca3_cal.fits,SCIENCE,,CAL,,CALJWST,2.0.0,5893,jw05893017002_02101_00002_nrca3_cal.fits,117573120,233117178,PUBLIC,2,F200W
234375916,JWST,image,jw05893017002_02101_00004_nrcb3,exposure (L2b): 2D calibrated exposure average over integrations,S,mast:JWST/product/jw05893017002_02101_00004_nrcb3_cal.fits,SCIENCE,,CAL,,CALJWST,2.0.0,5893,jw05893017002_02101_00004_nrcb3_cal.fits,117573120,233117178,PUBLIC,2,F200W
234375922,JWST,image,jw05893017002_02101_00004_nrca3,exposure (L2b): 2D calibrated exposure average over integrations,S,mast:JWST/product/jw05893017002_02101_00004_nrca3_cal.fits,SCIENCE,,CAL,,CALJWST,2.0.0,5893,jw05893017002_02101_00004_nrca3_cal.fits,117573120,233117178,PUBLIC,2,F200W
234375985,JWST,image,jw05893017002_02101_00004_nrca2,exposure (L2b): 2D calibrated exposure average over integrations,S,mast:JWST/product/jw05893017002_02101_00004_nrca2_cal.fits,SCIENCE,,CAL,,CALJWST,2.0.0,5893,jw05893017002_02101_00004_nrca2_cal.fits,117570240,233117178,PUBLIC,2,F200W
234376021,JWST,image,jw05893017002_02101_00001_nrcb4,exposure (L2b): 2D calibrated exposure average over integrations,S,mast:JWST/product/jw05893017002_02101_00001_nrcb4_cal.fits,SCIENCE,,CAL,,CALJWST,2.0.0,5893,jw05893017002_02101_00001_nrcb4_cal.fits,117573120,233117178,PUBLIC,2,F200W
234376107,JWST,image,jw05893017002_02101_00001_nrcb3,exposure (L2b): 2D calibrated exposure average over integrations,S,mast:JWST/product/jw05893017002_02101_00001_nrcb3_cal.fits,SCIENCE,,CAL,,CALJWST,2.0.0,5893,jw05893017002_02101_00001_nrcb3_cal.fits,117573120,233117178,PUBLIC,2,F200W
234376112,JWST,image,jw05893017002_02101_00002_nrca1,exposure (L2b): 2D calibrated exposure average over integrations,S,mast:JWST/product/jw05893017002_02101_00002_nrca1_cal.fits,SCIENCE,,CAL,,CALJWST,2.0.0,5893,jw05893017002_02101_00002_nrca1_cal.fits,117570240,233117178,PUBLIC,2,F200W
234376122,JWST,image,jw05893017002_02101_00004_nrca4,exposure (L2b): 2D calibrated exposure average over integrations,S,mast:JWST/product/jw05893017002_02101_00004_nrca4_cal.fits,SCIENCE,,CAL,,CALJWST,2.0.0,5893,jw05893017002_02101_00004_nrca4_cal.fits,117573120,233117178,PUBLIC,2,F200W
234376135,JWST,image,jw05893017002_02101_00003_nrcb1,exposure (L2b): 2D calibrated exposure average over integrations,S,mast:JWST/product/jw05893017002_02101_00003_nrcb1_cal.fits,SCIENCE,,CAL,,CALJWST,2.0.0,5893,jw05893017002_02101_00003_nrcb1_cal.fits,117573120,233117178,PUBLIC,2,F200W
234376136,JWST,image,jw05893017002_02101_00002_nrcb3,exposure (L2b): 2D calibrated exposure average over integrations,S,mast:JWST/product/jw05893017002_02101_00002_nrcb3_cal.fits,SCIENCE,,CAL,,CALJWST,2.0.0,5893,jw05893017002_02101_00002_nrcb3_cal.fits,117573120,233117178,PUBLIC,2,F200W
234376142,JWST,image,jw05893017002_02101_00002_nrca4,exposure (L2b): 2D calibrated exposure average over integrations,S,mast:JWST/product/jw05893017002_02101_00002_nrca4_cal.fits,SCIENCE,,CAL,,CALJWST,2.0.0,5893,jw05893017002_02101_00002_nrca4_cal.fits,117573120,233117178,PUBLIC,2,F200W
234388779,JWST,image,jw05893017003_02101_00005_nrca3,exposure (L2b): 2D calibrated exposure average over integrations,S,mast:JWST/product/jw05893017003_02101_00005_nrca3_cal.fits,SCIENCE,,CAL,,CALJWST,2.0.0,5893,jw05893017003_02101_00005_nrca3_cal.fits,117573120,233117178,PUBLIC,2,F200W
234388797,JWST,image,jw05893017003_02101_00004_nrca4,exposure (L2b): 2D calibrated exposure average over integrations,S,mast:JWST/product/jw05893017003_02101_00004_nrca4_cal.fits,SCIENCE,,CAL,,CALJWST,2.0.0,5893,jw05893017003_02101_00004_nrca4_cal.fits,117573120,233117178,PUBLIC,2,F200W
234388802,JWST,image,jw05893017003_02101_00003_nrca2,exposure (L2b): 2D calibrated exposure average over integrations,S,mast:JWST/product/jw05893017003_02101_00003_nrca2_cal.fits,SCIENCE,,CAL,,CALJWST,2.0.0,5893,jw05893017003_02101_00003_nrca2_cal.fits,117570240,233117178,PUBLIC,2,F200W
234388819,JWST,image,jw05893017003_02101_00002_nrcb2,exposure (L2b): 2D calibrated exposure average over integrations,S,mast:JWST/product/jw05893017003_02101_00002_nrcb2_cal.fits,SCIENCE,,CAL,,CALJWST,2.0.0,5893,jw05893017003_02101_00002_nrcb2_cal.fits,117573120,233117178,PUBLIC,2,F200W
234388826,JWST,image,jw05893017003_02101_00005_nrcb3,exposure (L2b): 2D calibrated exposure average over integrations,S,mast:JWST/product/jw05893017003_02101_00005_nrcb3_cal.fits,SCIENCE,,CAL,,CALJWST,2.0.0,5893,jw05893017003_02101_00005_nrcb3_cal.fits,117573120,233117178,PUBLIC,2,F200W
234388835,JWST,image,jw05893017003_02101_00006_nrca3,exposure (L2b): 2D calibrated exposure average over integrations,S,mast:JWST/product/jw05893017003_02101_00006_nrca3_cal.fits,SCIENCE,,CAL,,CALJWST,2.0.0,5893,jw05893017003_02101_00006_nrca3_cal.fits,117573120,233117178,PUBLIC,2,F200W
234388873,JWST,image,jw05893017003_02101_00003_nrca4,exposure (L2b): 2D calibrated exposure average over integrations,S,mast:JWST/product/jw05893017003_02101_00003_nrca4_cal.fits,SCIENCE,,CAL,,CALJWST,2.0.0,5893,jw05893017003_02101_00003_nrca4_cal.fits,117573120,233117178,PUBLIC,2,F200W
234388881,JWST,image,jw05893017003_02101_00006_nrca4,exposure (L2b): 2D calibrated exposure average over integrations,S,mast:JWST/product/jw05893017003_02101_00006_nrca4_cal.fits,SCIENCE,,CAL,,CALJWST,2.0.0,5893,jw05893017003_02101_00006_nrca4_cal.fits,117573120,233117178,PUBLIC,2,F200W
234388898,JWST,image,jw05893017003_02101_00001_nrcb1,exposure (L2b): 2D calibrated exposure average over integrations,S,mast:JWST/product/jw05893017003_02101_00001_nrcb1_cal.fits,SCIENCE,,CAL,,CALJWST,2.0.0,5893,jw05893017003_02101_00001_nrcb1_cal.fits,117573120,233117178,PUBLIC,2,F200W
234388902,JWST,image,jw05893017003_02101_00001_nrca1,exposure (L2b): 2D calibrated exposure average over integrations,S,mast:JWST/product/jw05893017003_02101_00001_nrca1_cal.fits,SCIENCE,,CAL,,CALJWST,2.0.0,5893,jw05893017003_02101_00001_nrca1_cal.fits,117570240,233117178,PUBLIC,2,F200W
234388907,JWST,image,jw05893017003_02101_00002_nrca3,exposure (L2b): 2D calibrated exposure average over integrations,S,mast:JWST/product/jw05893017003_02101_00002_nrca3_cal.fits,SCIENCE,,CAL,,CALJWST,2.0.0,5893,jw05893017003_02101_00002_nrca3_cal.fits,117573120,233117178,PUBLIC,2,F200W
234388939,JWST,image,jw05893017003_02101_00005_nrcb2,exposure (L2b): 2D calibrated exposure average over integrations,S,mast:JWST/product/jw05893017003_02101_00005_nrcb2_cal.fits,SCIENCE,,CAL,,CALJWST,2.0.0,5893,jw05893017003_02101_00005_nrcb2_cal.fits,117573120,233117178,PUBLIC,2,F200W
234388944,JWST,image,jw05893017003_02101_00005_nrca2,exposure (L2b): 2D calibrated exposure average over integrations,S,mast:JWST/product/jw05893017003_02101_00005_nrca2_cal.fits,SCIENCE,,CAL,,CALJWST,2.0.0,5893,jw05893017003_02101_00005_nrca2_cal.fits,117570240,233117178,PUBLIC,2,F200W
234388948,JWST,image,jw05893017003_02101_00002_nrcb1,exposure (L2b): 2D calibrated exposure average over integrations,S,mast:JWST/product/jw05893017003_02101_00002_nrcb1_cal.fits,SCIENCE,,CAL,,CALJWST,2.0.0,5893,jw05893017003_02101_00002_nrcb1_cal.fits,117573120,233117178,PUBLIC,2,F200W
234388971,JWST,image,jw05893017003_02101_00003_nrcb2,exposure (L2b): 2D calibrated exposure average over integrations,S,mast:JWST/product/jw05893017003_02101_00003_nrcb2_cal.fits,SCIENCE,,CAL,,CALJWST,2.0.0,5893,jw05893017003_02101_00003_nrcb2_cal.fits,117573120,233117178,PUBLIC,2,F200W
234388976,JWST,image,jw05893017003_02101_00005_nrca4,exposure (L2b): 2D calibrated exposure average over integrations,S,mast:JWST/product/jw05893017003_02101_00005_nrca4_cal.fits,SCIENCE,,CAL,,CALJWST,2.0.0,5893,jw05893017003_02101_00005_nrca4_cal.fits,117573120,233117178,PUBLIC,2,F200W
234388980,JWST,image,jw05893017003_02101_00006_nrcb1,exposure (L2b): 2D calibrated exposure average over integrations,S,mast:JWST/product/jw05893017003_02101_00006_nrcb1_cal.fits,SCIENCE,,CAL,,CALJWST,2.0.0,5893,jw05893017003_02101_00006_nrcb1_cal.fits,117573120,233117178,PUBLIC,2,F200W
234388996,JWST,image,jw05893017003_02101_00001_nrca3,exposure (L2b): 2D calibrated exposure average over integrations,S,mast:JWST/product/jw05893017003_02101_00001_nrca3_cal.fits,SCIENCE,,CAL,,CALJWST,2.0.0,5893,jw05893017003_02101_00001_nrca3_cal.fits,117573120,233117178,PUBLIC,2,F200W
234389020,JWST,image,jw05893017003_02101_00001_nrca4,exposure (L2b): 2D calibrated exposure average over integrations,S,mast:JWST/product/jw05893017003_02101_00001_nrca4_cal.fits,SCIENCE,,CAL,,CALJWST,2.0.0,5893,jw05893017003_02101_00001_nrca4_cal.fits,117573120,233117178,PUBLIC,2,F200W
234389025,JWST,image,jw05893017003_02101_00003_nrcb3,exposure (L2b): 2D calibrated exposure average over integrations,S,mast:JWST/product/jw05893017003_02101_00003_nrcb3_cal.fits,SCIENCE,,CAL,,CALJWST,2.0.0,5893,jw05893017003_02101_00003_nrcb3_cal.fits,117573120,233117178,PUBLIC,2,F200W
234389030,JWST,image,jw05893017003_02101_00004_nrcb1,exposure (L2b): 2D calibrated exposure average over integrations,S,mast:JWST/product/jw05893017003_02101_00004_nrcb1_cal.fits,SCIENCE,,CAL,,CALJWST,2.0.0,5893,jw05893017003_02101_00004_nrcb1_cal.fits,117573120,233117178,PUBLIC,2,F200W
234389094,JWST,image,jw05893017003_02101_00005_nrcb4,exposure (L2b): 2D calibrated exposure average over integrations,S,mast:JWST/product/jw05893017003_02101_00005_nrcb4_cal.fits,SCIENCE,,CAL,,CALJWST,2.0.0,5893,jw05893017003_02101_00005_nrcb4_cal.fits,117573120,233117178,PUBLIC,2,F200W
234389099,JWST,image,jw05893017003_02101_00006_nrca2,exposure (L2b): 2D calibrated exposure average over integrations,S,mast:JWST/product/jw05893017003_02101_00006_nrca2_cal.fits,SCIENCE,,CAL,,CALJWST,2.0.0,5893,jw05893017003_02101_00006_nrca2_cal.fits,117570240,233117178,PUBLIC,2,F200W
234389124,JWST,image,jw05893017003_02101_00002_nrcb4,exposure (L2b): 2D calibrated exposure average over integrations,S,mast:JWST/product/jw05893017003_02101_00002_nrcb4_cal.fits,SCIENCE,,CAL,,CALJWST,2.0.0,5893,jw05893017003_02101_00002_nrcb4_cal.fits,117573120,233117178,PUBLIC,2,F200W
234389147,JWST,image,jw05893017003_02101_00001_nrcb2,exposure (L2b): 2D calibrated exposure average over integrations,S,mast:JWST/product/jw05893017003_02101_00001_nrcb2_cal.fits,SCIENCE,,CAL,,CALJWST,2.0.0,5893,jw05893017003_02101_00001_nrcb2_cal.fits,117573120,233117178,PUBLIC,2,F200W
234389153,JWST,image,jw05893017003_02101_00005_nrca1,exposure (L2b): 2D calibrated exposure average over integrations,S,mast:JWST/product/jw05893017003_02101_00005_nrca1_cal.fits,SCIENCE,,CAL,,CALJWST,2.0.0,5893,jw05893017003_02101_00005_nrca1_cal.fits,117570240,233117178,PUBLIC,2,F200W
234389168,JWST,image,jw05893017003_02101_00006_nrcb4,exposure (L2b): 2D calibrated exposure average over integrations,S,mast:JWST/product/jw05893017003_02101_00006_nrcb4_cal.fits,SCIENCE,,CAL,,CALJWST,2.0.0,5893,jw05893017003_02101_00006_nrcb4_cal.fits,117573120,233117178,PUBLIC,2,F200W
234389173,JWST,image,jw05893017003_02101_00002_nrcb3,exposure (L2b): 2D calibrated exposure average over integrations,S,mast:JWST/product/jw05893017003_02101_00002_nrcb3_cal.fits,SCIENCE,,CAL,,CALJWST,2.0.0,5893,jw05893017003_02101_00002_nrcb3_cal.fits,117573120,233117178,PUBLIC,2,F200W
234389179,JWST,image,jw05893017003_02101_00006_nrca1,exposure (L2b): 2D calibrated exposure average over integrations,S,mast:JWST/product/jw05893017003_02101_00006_nrca1_cal.fits,SCIENCE,,CAL,,CALJWST,2.0.0,5893,jw05893017003_02101_00006_nrca1_cal.fits,117570240,233117178,PUBLIC,2,F200W
234389184,JWST,image,jw05893017003_02101_00001_nrca2,exposure (L2b): 2D calibrated exposure average over integrations,S,mast:JWST/product/jw05893017003_02101_00001_nrca2_cal.fits,SCIENCE,,CAL,,CALJWST,2.0.0,5893,jw05893017003_02101_00001_nrca2_cal.fits,117570240,233117178,PUBLIC,2,F200W
234389199,JWST,image,jw05893017003_02101_00004_nrcb4,exposure (L2b): 2D calibrated exposure average over integrations,S,mast:JWST/product/jw05893017003_02101_00004_nrcb4_cal.fits,SCIENCE,,CAL,,CALJWST,2.0.0,5893,jw05893017003_02101_00004_nrcb4_cal.fits,117573120,233117178,PUBLIC,2,F200W
234389205,JWST,image,jw05893017003_02101_00004_nrca2,exposure (L2b): 2D calibrated exposure average over integrations,S,mast:JWST/product/jw05893017003_02101_00004_nrca2_cal.fits,SCIENCE,,CAL,,CALJWST,2.0.0,5893,jw05893017003_02101_00004_nrca2_cal.fits,117570240,233117178,PUBLIC,2,F200W
234389215,JWST,image,jw05893017003_02101_00004_nrcb2,exposure (L2b): 2D calibrated exposure average over integrations,S,mast:JWST/product/jw05893017003_02101_00004_nrcb2_cal.fits,SCIENCE,,CAL,,CALJWST,2.0.0,5893,jw05893017003_02101_00004_nrcb2_cal.fits,117573120,233117178,PUBLIC,2,F200W
234389220,JWST,image,jw05893017003_02101_00006_nrcb3,exposure (L2b): 2D calibrated exposure average over integrations,S,mast:JWST/product/jw05893017003_02101_00006_nrcb3_cal.fits,SCIENCE,,CAL,,CALJWST,2.0.0,5893,jw05893017003_02101_00006_nrcb3_cal.fits,117573120,233117178,PUBLIC,2,F200W
234389225,JWST,image,jw05893017003_02101_00005_nrcb1,exposure (L2b): 2D calibrated exposure average over integrations,S,mast:JWST/product/jw05893017003_02101_00005_nrcb1_cal.fits,SCIENCE,,CAL,,CALJWST,2.0.0,5893,jw05893017003_02101_00005_nrcb1_cal.fits,117573120,233117178,PUBLIC,2,F200W
234389239,JWST,image,jw05893017003_02101_00002_nrca2,exposure (L2b): 2D calibrated exposure average over integrations,S,mast:JWST/product/jw05893017003_02101_00002_nrca2_cal.fits,SCIENCE,,CAL,,CALJWST,2.0.0,5893,jw05893017003_02101_00002_nrca2_cal.fits,117570240,233117178,PUBLIC,2,F200W
234389245,JWST,image,jw05893017003_02101_00003_nrca1,exposure (L2b): 2D calibrated exposure average over integrations,S,mast:JWST/product/jw05893017003_02101_00003_nrca1_cal.fits,SCIENCE,,CAL,,CALJWST,2.0.0,5893,jw05893017003_02101_00003_nrca1_cal.fits,117570240,233117178,PUBLIC,2,F200W
234389264,JWST,image,jw05893017003_02101_00003_nrcb1,exposure (L2b): 2D calibrated exposure average over integrations,S,mast:JWST/product/jw05893017003_02101_00003_nrcb1_cal.fits,SCIENCE,,CAL,,CALJWST,2.0.0,5893,jw05893017003_02101_00003_nrcb1_cal.fits,117573120,233117178,PUBLIC,2,F200W
234389270,JWST,image,jw05893017003_02101_00002_nrca4,exposure (L2b): 2D calibrated exposure average over integrations,S,mast:JWST/product/jw05893017003_02101_00002_nrca4_cal.fits,SCIENCE,,CAL,,CALJWST,2.0.0,5893,jw05893017003_02101_00002_nrca4_cal.fits,117573120,233117178,PUBLIC,2,F200W
234389275,JWST,image,jw05893017003_02101_00004_nrcb3,exposure (L2b): 2D calibrated exposure average over integrations,S,mast:JWST/product/jw05893017003_02101_00004_nrcb3_cal.fits,SCIENCE,,CAL,,CALJWST,2.0.0,5893,jw05893017003_02101_00004_nrcb3_cal.fits,117573120,233117178,PUBLIC,2,F200W
234389284,JWST,image,jw05893017003_02101_00003_nrcb4,exposure (L2b): 2D calibrated exposure average over integrations,S,mast:JWST/product/jw05893017003_02101_00003_nrcb4_cal.fits,SCIENCE,,CAL,,CALJWST,2.0.0,5893,jw05893017003_02101_00003_nrcb4_cal.fits,117573120,233117178,PUBLIC,2,F200W
234389294,JWST,image,jw05893017003_02101_00006_nrcb2,exposure (L2b): 2D calibrated exposure average over integrations,S,mast:JWST/product/jw05893017003_02101_00006_nrcb2_cal.fits,SCIENCE,,CAL,,CALJWST,2.0.0,5893,jw05893017003_02101_00006_nrcb2_cal.fits,117573120,233117178,PUBLIC,2,F200W
234389298,JWST,image,jw05893017003_02101_00004_nrca3,exposure (L2b): 2D calibrated exposure average over integrations,S,mast:JWST/product/jw05893017003_02101_00004_nrca3_cal.fits,SCIENCE,,CAL,,CALJWST,2.0.0,5893,jw05893017003_02101_00004_nrca3_cal.fits,117573120,233117178,PUBLIC,2,F200W
234389322,JWST,image,jw05893017003_02101_00003_nrca3,exposure (L2b): 2D calibrated exposure average over integrations,S,mast:JWST/product/jw05893017003_02101_00003_nrca3_cal.fits,SCIENCE,,CAL,,CALJWST,2.0.0,5893,jw05893017003_02101_00003_nrca3_cal.fits,117573120,233117178,PUBLIC,2,F200W
234389941,JWST,image,jw05893017001_02101_00005_nrca1,exposure (L2b): 2D calibrated exposure average over integrations,S,mast:JWST/product/jw05893017001_02101_00005_nrca1_cal.fits,SCIENCE,,CAL,,CALJWST,2.0.0,5893,jw05893017001_02101_00005_nrca1_cal.fits,117570240,233117178,PUBLIC,2,F200W
234390042,JWST,image,jw05893017001_02101_00006_nrca1,exposure (L2b): 2D calibrated exposure average over integrations,S,mast:JWST/product/jw05893017001_02101_00006_nrca1_cal.fits,SCIENCE,,CAL,,CALJWST,2.0.0,5893,jw05893017001_02101_00006_nrca1_cal.fits,117570240,233117178,PUBLIC,2,F200W
234390062,JWST,image,jw05893017001_02101_00005_nrcb1,exposure (L2b): 2D calibrated exposure average over integrations,S,mast:JWST/product/jw05893017001_02101_00005_nrcb1_cal.fits,SCIENCE,,CAL,,CALJWST,2.0.0,5893,jw05893017001_02101_00005_nrcb1_cal.fits,117573120,233117178,PUBLIC,2,F200W
234390078,JWST,image,jw05893017001_02101_00006_nrca3,exposure (L2b): 2D calibrated exposure average over integrations,S,mast:JWST/product/jw05893017001_02101_00006_nrca3_cal.fits,SCIENCE,,CAL,,CALJWST,2.0.0,5893,jw05893017001_02101_00006_nrca3_cal.fits,117573120,233117178,PUBLIC,2,F200W
234394715,JWST,image,jw05893017004_02101_00005_nrcb2,exposure (L2b): 2D calibrated exposure average over integrations,S,mast:JWST/product/jw05893017004_02101_00005_nrcb2_cal.fits,SCIENCE,,CAL,,CALJWST,2.0.0,5893,jw05893017004_02101_00005_nrcb2_cal.fits,117573120,233117178,PUBLIC,2,F200W
234394731,JWST,image,jw05893017004_02101_00001_nrca3,exposure (L2b): 2D calibrated exposure average over integrations,S,mast:JWST/product/jw05893017004_02101_00001_nrca3_cal.fits,SCIENCE,,CAL,,CALJWST,2.0.0,5893,jw05893017004_02101_00001_nrca3_cal.fits,117573120,233117178,PUBLIC,2,F200W
234394736,JWST,image,jw05893017004_02101_00001_nrcb2,exposure (L2b): 2D calibrated exposure average over integrations,S,mast:JWST/product/jw05893017004_02101_00001_nrcb2_cal.fits,SCIENCE,,CAL,,CALJWST,2.0.0,5893,jw05893017004_02101_00001_nrcb2_cal.fits,117573120,233117178,PUBLIC,2,F200W
234394742,JWST,image,jw05893017004_02101_00004_nrca3,exposure (L2b): 2D calibrated exposure average over integrations,S,mast:JWST/product/jw05893017004_02101_00004_nrca3_cal.fits,SCIENCE,,CAL,,CALJWST,2.0.0,5893,jw05893017004_02101_00004_nrca3_cal.fits,117573120,233117178,PUBLIC,2,F200W
234394763,JWST,image,jw05893017004_02101_00002_nrca1,exposure (L2b): 2D calibrated exposure average over integrations,S,mast:JWST/product/jw05893017004_02101_00002_nrca1_cal.fits,SCIENCE,,CAL,,CALJWST,2.0.0,5893,jw05893017004_02101_00002_nrca1_cal.fits,117570240,233117178,PUBLIC,2,F200W
234394768,JWST,image,jw05893017004_02101_00005_nrcb4,exposure (L2b): 2D calibrated exposure average over integrations,S,mast:JWST/product/jw05893017004_02101_00005_nrcb4_cal.fits,SCIENCE,,CAL,,CALJWST,2.0.0,5893,jw05893017004_02101_00005_nrcb4_cal.fits,117573120,233117178,PUBLIC,2,F200W
234394773,JWST,image,jw05893017004_02101_00003_nrca2,exposure (L2b): 2D calibrated exposure average over integrations,S,mast:JWST/product/jw05893017004_02101_00003_nrca2_cal.fits,SCIENCE,,CAL,,CALJWST,2.0.0,5893,jw05893017004_02101_00003_nrca2_cal.fits,117570240,233117178,PUBLIC,2,F200W
234394782,JWST,image,jw05893017004_02101_00005_nrca3,exposure (L2b): 2D calibrated exposure average over integrations,S,mast:JWST/product/jw05893017004_02101_00005_nrca3_cal.fits,SCIENCE,,CAL,,CALJWST,2.0.0,5893,jw05893017004_02101_00005_nrca3_cal.fits,117573120,233117178,PUBLIC,2,F200W
234394787,JWST,image,jw05893017004_02101_00002_nrca2,exposure (L2b): 2D calibrated exposure average over integrations,S,mast:JWST/product/jw05893017004_02101_00002_nrca2_cal.fits,SCIENCE,,CAL,,CALJWST,2.0.0,5893,jw05893017004_02101_00002_nrca2_cal.fits,117570240,233117178,PUBLIC,2,F200W
234394804,JWST,image,jw05893017004_02101_00004_nrcb3,exposure (L2b): 2D calibrated exposure average over integrations,S,mast:JWST/product/jw05893017004_02101_00004_nrcb3_cal.fits,SCIENCE,,CAL,,CALJWST,2.0.0,5893,jw05893017004_02101_00004_nrcb3_cal.fits,117573120,233117178,PUBLIC,2,F200W
234394805,JWST,image,jw05893017004_02101_00003_nrca1,exposure (L2b): 2D calibrated exposure average over integrations,S,mast:JWST/product/jw05893017004_02101_00003_nrca1_cal.fits,SCIENCE,,CAL,,CALJWST,2.0.0,5893,jw05893017004_02101_00003_nrca1_cal.fits,117570240,233117178,PUBLIC,2,F200W
234394808,JWST,image,jw05893017004_02101_00004_nrca1,exposure (L2b): 2D calibrated exposure average over integrations,S,mast:JWST/product/jw05893017004_02101_00004_nrca1_cal.fits,SCIENCE,,CAL,,CALJWST,2.0.0,5893,jw05893017004_02101_00004_nrca1_cal.fits,117570240,233117178,PUBLIC,2,F200W
234394809,JWST,image,jw05893017004_02101_00001_nrcb3,exposure (L2b): 2D calibrated exposure average over integrations,S,mast:JWST/product/jw05893017004_02101_00001_nrcb3_cal.fits,SCIENCE,,CAL,,CALJWST,2.0.0,5893,jw05893017004_02101_00001_nrcb3_cal.fits,117573120,233117178,PUBLIC,2,F200W
234394813,JWST,image,jw05893017004_02101_00006_nrcb1,exposure (L2b): 2D calibrated exposure average over integrations,S,mast:JWST/product/jw05893017004_02101_00006_nrcb1_cal.fits,SCIENCE,,CAL,,CALJWST,2.0.0,5893,jw05893017004_02101_00006_nrcb1_cal.fits,117573120,233117178,PUBLIC,2,F200W
234394818,JWST,image,jw05893017004_02101_00001_nrca1,exposure (L2b): 2D calibrated exposure average over integrations,S,mast:JWST/product/jw05893017004_02101_00001_nrca1_cal.fits,SCIENCE,,CAL,,CALJWST,2.0.0,5893,jw05893017004_02101_00001_nrca1_cal.fits,117570240,233117178,PUBLIC,2,F200W
234394823,JWST,image,jw05893017004_02101_00002_nrcb3,exposure (L2b): 2D calibrated exposure average over integrations,S,mast:JWST/product/jw05893017004_02101_00002_nrcb3_cal.fits,SCIENCE,,CAL,,CALJWST,2.0.0,5893,jw05893017004_02101_00002_nrcb3_cal.fits,117573120,233117178,PUBLIC,2,F200W
234394851,JWST,image,jw05893017004_02101_00002_nrca3,exposure (L2b): 2D calibrated exposure average over integrations,S,mast:JWST/product/jw05893017004_02101_00002_nrca3_cal.fits,SCIENCE,,CAL,,CALJWST,2.0.0,5893,jw05893017004_02101_00002_nrca3_cal.fits,117573120,233117178,PUBLIC,2,F200W
234394856,JWST,image,jw05893017004_02101_00001_nrcb1,exposure (L2b): 2D calibrated exposure average over integrations,S,mast:JWST/product/jw05893017004_02101_00001_nrcb1_cal.fits,SCIENCE,,CAL,,CALJWST,2.0.0,5893,jw05893017004_02101_00001_nrcb1_cal.fits,117573120,233117178,PUBLIC,2,F200W
234394860,JWST,image,jw05893017004_02101_00005_nrca2,exposure (L2b): 2D calibrated exposure average over integrations,S,mast:JWST/product/jw05893017004_02101_00005_nrca2_cal.fits,SCIENCE,,CAL,,CALJWST,2.0.0,5893,jw05893017004_02101_00005_nrca2_cal.fits,117570240,233117178,PUBLIC,2,F200W
234394864,JWST,image,jw05893017004_02101_00006_nrcb2,exposure (L2b): 2D calibrated exposure average over integrations,S,mast:JWST/product/jw05893017004_02101_00006_nrcb2_cal.fits,SCIENCE,,CAL,,CALJWST,2.0.0,5893,jw05893017004_02101_00006_nrcb2_cal.fits,117573120,233117178,PUBLIC,2,F200W
234394869,JWST,image,jw05893017004_02101_00002_nrcb2,exposure (L2b): 2D calibrated exposure average over integrations,S,mast:JWST/product/jw05893017004_02101_00002_nrcb2_cal.fits,SCIENCE,,CAL,,CALJWST,2.0.0,5893,jw05893017004_02101_00002_nrcb2_cal.fits,117573120,233117178,PUBLIC,2,F200W
234394874,JWST,image,jw05893017004_02101_00003_nrca4,exposure (L2b): 2D calibrated exposure average over integrations,S,mast:JWST/product/jw05893017004_02101_00003_nrca4_cal.fits,SCIENCE,,CAL,,CALJWST,2.0.0,5893,jw05893017004_02101_00003_nrca4_cal.fits,117573120,233117178,PUBLIC,2,F200W
234394879,JWST,image,jw05893017004_02101_00004_nrcb4,exposure (L2b): 2D calibrated exposure average over integrations,S,mast:JWST/product/jw05893017004_02101_00004_nrcb4_cal.fits,SCIENCE,,CAL,,CALJWST,2.0.0,5893,jw05893017004_02101_00004_nrcb4_cal.fits,117573120,233117178,PUBLIC,2,F200W
234394883,JWST,image,jw05893017004_02101_00002_nrcb1,exposure (L2b): 2D calibrated exposure average over integrations,S,mast:JWST/product/jw05893017004_02101_00002_nrcb1_cal.fits,SCIENCE,,CAL,,CALJWST,2.0.0,5893,jw05893017004_02101_00002_nrcb1_cal.fits,117573120,233117178,PUBLIC,2,F200W
234394902,JWST,image,jw05893017004_02101_00003_nrcb4,exposure (L2b): 2D calibrated exposure average over integrations,S,mast:JWST/product/jw05893017004_02101_00003_nrcb4_cal.fits,SCIENCE,,CAL,,CALJWST,2.0.0,5893,jw05893017004_02101_00003_nrcb4_cal.fits,117573120,233117178,PUBLIC,2,F200W
234394906,JWST,image,jw05893017004_02101_00003_nrcb1,exposure (L2b): 2D calibrated exposure average over integrations,S,mast:JWST/product/jw05893017004_02101_00003_nrcb1_cal.fits,SCIENCE,,CAL,,CALJWST,2.0.0,5893,jw05893017004_02101_00003_nrcb1_cal.fits,117573120,233117178,PUBLIC,2,F200W
234394915,JWST,image,jw05893017004_02101_00005_nrca4,exposure (L2b): 2D calibrated exposure average over integrations,S,mast:JWST/product/jw05893017004_02101_00005_nrca4_cal.fits,SCIENCE,,CAL,,CALJWST,2.0.0,5893,jw05893017004_02101_00005_nrca4_cal.fits,117573120,233117178,PUBLIC,2,F200W
234394937,JWST,image,jw05893017004_02101_00002_nrca4,exposure (L2b): 2D calibrated exposure average over integrations,S,mast:JWST/product/jw05893017004_02101_00002_nrca4_cal.fits,SCIENCE,,CAL,,CALJWST,2.0.0,5893,jw05893017004_02101_00002_nrca4_cal.fits,117573120,233117178,PUBLIC,2,F200W
234394941,JWST,image,jw05893017004_02101_00006_nrca3,exposure (L2b): 2D calibrated exposure average over integrations,S,mast:JWST/product/jw05893017004_02101_00006_nrca3_cal.fits,SCIENCE,,CAL,,CALJWST,2.0.0,5893,jw05893017004_02101_00006_nrca3_cal.fits,117573120,233117178,PUBLIC,2,F200W
234394946,JWST,image,jw05893017004_02101_00001_nrca2,exposure (L2b): 2D calibrated exposure average over integrations,S,mast:JWST/product/jw05893017004_02101_00001_nrca2_cal.fits,SCIENCE,,CAL,,CALJWST,2.0.0,5893,jw05893017004_02101_00001_nrca2_cal.fits,117570240,233117178,PUBLIC,2,F200W
234394955,JWST,image,jw05893017004_02101_00004_nrcb2,exposure (L2b): 2D calibrated exposure average over integrations,S,mast:JWST/product/jw05893017004_02101_00004_nrcb2_cal.fits,SCIENCE,,CAL,,CALJWST,2.0.0,5893,jw05893017004_02101_00004_nrcb2_cal.fits,117573120,233117178,PUBLIC,2,F200W
234395024,JWST,image,jw05893017004_02101_00004_nrca4,exposure (L2b): 2D calibrated exposure average over integrations,S,mast:JWST/product/jw05893017004_02101_00004_nrca4_cal.fits,SCIENCE,,CAL,,CALJWST,2.0.0,5893,jw05893017004_02101_00004_nrca4_cal.fits,117573120,233117178,PUBLIC,2,F200W
234395029,JWST,image,jw05893017004_02101_00006_nrcb4,exposure (L2b): 2D calibrated exposure average over integrations,S,mast:JWST/product/jw05893017004_02101_00006_nrcb4_cal.fits,SCIENCE,,CAL,,CALJWST,2.0.0,5893,jw05893017004_02101_00006_nrcb4_cal.fits,117573120,233117178,PUBLIC,2,F200W
234395058,JWST,image,jw05893017004_02101_00001_nrca4,exposure (L2b): 2D calibrated exposure average over integrations,S,mast:JWST/product/jw05893017004_02101_00001_nrca4_cal.fits,SCIENCE,,CAL,,CALJWST,2.0.0,5893,jw05893017004_02101_00001_nrca4_cal.fits,117573120,233117178,PUBLIC,2,F200W
234395110,JWST,image,jw05893017004_02101_00003_nrcb3,exposure (L2b): 2D calibrated exposure average over integrations,S,mast:JWST/product/jw05893017004_02101_00003_nrcb3_cal.fits,SCIENCE,,CAL,,CALJWST,2.0.0,5893,jw05893017004_02101_00003_nrcb3_cal.fits,117573120,233117178,PUBLIC,2,F200W
234395163,JWST,image,jw05893017004_02101_00005_nrcb1,exposure (L2b): 2D calibrated exposure average over integrations,S,mast:JWST/product/jw05893017004_02101_00005_nrcb1_cal.fits,SCIENCE,,CAL,,CALJWST,2.0.0,5893,jw05893017004_02101_00005_nrcb1_cal.fits,117573120,233117178,PUBLIC,2,F200W
234395169,JWST,image,jw05893017004_02101_00005_nrcb3,exposure (L2b): 2D calibrated exposure average over integrations,S,mast:JWST/product/jw05893017004_02101_00005_nrcb3_cal.fits,SCIENCE,,CAL,,CALJWST,2.0.0,5893,jw05893017004_02101_00005_nrcb3_cal.fits,117573120,233117178,PUBLIC,2,F200W
234395179,JWST,image,jw05893017004_02101_00003_nrca3,exposure (L2b): 2D calibrated exposure average over integrations,S,mast:JWST/product/jw05893017004_02101_00003_nrca3_cal.fits,SCIENCE,,CAL,,CALJWST,2.0.0,5893,jw05893017004_02101_00003_nrca3_cal.fits,117573120,233117178,PUBLIC,2,F200W
234395184,JWST,image,jw05893017004_02101_00006_nrca2,exposure (L2b): 2D calibrated exposure average over integrations,S,mast:JWST/product/jw05893017004_02101_00006_nrca2_cal.fits,SCIENCE,,CAL,,CALJWST,2.0.0,5893,jw05893017004_02101_00006_nrca2_cal.fits,117570240,233117178,PUBLIC,2,F200W
234395195,JWST,image,jw05893017004_02101_00001_nrcb4,exposure (L2b): 2D calibrated exposure average over integrations,S,mast:JWST/product/jw05893017004_02101_00001_nrcb4_cal.fits,SCIENCE,,CAL,,CALJWST,2.0.0,5893,jw05893017004_02101_00001_nrcb4_cal.fits,117573120,233117178,PUBLIC,2,F200W
234395207,JWST,image,jw05893017004_02101_00006_nrcb3,exposure (L2b): 2D calibrated exposure average over integrations,S,mast:JWST/product/jw05893017004_02101_00006_nrcb3_cal.fits,SCIENCE,,CAL,,CALJWST,2.0.0,5893,jw05893017004_02101_00006_nrcb3_cal.fits,117573120,233117178,PUBLIC,2,F200W
234395224,JWST,image,jw05893017004_02101_00003_nrcb2,exposure (L2b): 2D calibrated exposure average over integrations,S,mast:JWST/product/jw05893017004_02101_00003_nrcb2_cal.fits,SCIENCE,,CAL,,CALJWST,2.0.0,5893,jw05893017004_02101_00003_nrcb2_cal.fits,117573120,233117178,PUBLIC,2,F200W
234395305,JWST,image,jw05893017004_02101_00002_nrcb4,exposure (L2b): 2D calibrated exposure average over integrations,S,mast:JWST/product/jw05893017004_02101_00002_nrcb4_cal.fits,SCIENCE,,CAL,,CALJWST,2.0.0,5893,jw05893017004_02101_00002_nrcb4_cal.fits,117573120,233117178,PUBLIC,2,F200W
234395311,JWST,image,jw05893017004_02101_00004_nrcb1,exposure (L2b): 2D calibrated exposure average over integrations,S,mast:JWST/product/jw05893017004_02101_00004_nrcb1_cal.fits,SCIENCE,,CAL,,CALJWST,2.0.0,5893,jw05893017004_02101_00004_nrcb1_cal.fits,117573120,233117178,PUBLIC,2,F200W
234395317,JWST,image,jw05893017004_02101_00006_nrca4,exposure (L2b): 2D calibrated exposure average over integrations,S,mast:JWST/product/jw05893017004_02101_00006_nrca4_cal.fits,SCIENCE,,CAL,,CALJWST,2.0.0,5893,jw05893017004_02101_00006_nrca4_cal.fits,117573120,233117178,PUBLIC,2,F200W
234395323,JWST,image,jw05893017004_02101_00005_nrca1,exposure (L2b): 2D calibrated exposure average over integrations,S,mast:JWST/product/jw05893017004_02101_00005_nrca1_cal.fits,SCIENCE,,CAL,,CALJWST,2.0.0,5893,jw05893017004_02101_00005_nrca1_cal.fits,117570240,233117178,PUBLIC,2,F200W
234395329,JWST,image,jw05893017004_02101_00004_nrca2,exposure (L2b): 2D calibrated exposure average over integrations,S,mast:JWST/product/jw05893017004_02101_00004_nrca2_cal.fits,SCIENCE,,CAL,,CALJWST,2.0.0,5893,jw05893017004_02101_00004_nrca2_cal.fits,117570240,233117178,PUBLIC,2,F200W
234395346,JWST,image,jw05893017004_02101_00006_nrca1,exposure (L2b): 2D calibrated exposure average over integrations,S,mast:JWST/product/jw05893017004_02101_00006_nrca1_cal.fits,SCIENCE,,CAL,,CALJWST,2.0.0,5893,jw05893017004_02101_00006_nrca1_cal.fits,117570240,233117178,PUBLIC,2,F200W
234395451,JWST,image,jw05893017005_02101_00002_nrcb1,exposure (L2b): 2D calibrated exposure average over integrations,S,mast:JWST/product/jw05893017005_02101_00002_nrcb1_cal.fits,SCIENCE,,CAL,,CALJWST,2.0.0,5893,jw05893017005_02101_00002_nrcb1_cal.fits,117573120,233117178,PUBLIC,2,F200W
234395463,JWST,image,jw05893017005_02101_00001_nrcb2,exposure (L2b): 2D calibrated exposure average over integrations,S,mast:JWST/product/jw05893017005_02101_00001_nrcb2_cal.fits,SCIENCE,,CAL,,CALJWST,2.0.0,5893,jw05893017005_02101_00001_nrcb2_cal.fits,117573120,233117178,PUBLIC,2,F200W
234395495,JWST,image,jw05893017005_02101_00002_nrca4,exposure (L2b): 2D calibrated exposure average over integrations,S,mast:JWST/product/jw05893017005_02101_00002_nrca4_cal.fits,SCIENCE,,CAL,,CALJWST,2.0.0,5893,jw05893017005_02101_00002_nrca4_cal.fits,117573120,233117178,PUBLIC,2,F200W
234395720,JWST,image,jw05893017005_02101_00001_nrca4,exposure (L2b): 2D calibrated exposure average over integrations,S,mast:JWST/product/jw05893017005_02101_00001_nrca4_cal.fits,SCIENCE,,CAL,,CALJWST,2.0.0,5893,jw05893017005_02101_00001_nrca4_cal.fits,117573120,233117178,PUBLIC,2,F200W
234395731,JWST,image,jw05893017005_02101_00001_nrca1,exposure (L2b): 2D calibrated exposure average over integrations,S,mast:JWST/product/jw05893017005_02101_00001_nrca1_cal.fits,SCIENCE,,CAL,,CALJWST,2.0.0,5893,jw05893017005_02101_00001_nrca1_cal.fits,117570240,233117178,PUBLIC,2,F200W
234396278,JWST,image,jw05893017005_02101_00001_nrca2,exposure (L2b): 2D calibrated exposure average over integrations,S,mast:JWST/product/jw05893017005_02101_00001_nrca2_cal.fits,SCIENCE,,CAL,,CALJWST,2.0.0,5893,jw05893017005_02101_00001_nrca2_cal.fits,117570240,233117178,PUBLIC,2,F200W
234396321,JWST,image,jw05893017005_02101_00001_nrca3,exposure (L2b): 2D calibrated exposure average over integrations,S,mast:JWST/product/jw05893017005_02101_00001_nrca3_cal.fits,SCIENCE,,CAL,,CALJWST,2.0.0,5893,jw05893017005_02101_00001_nrca3_cal.fits,117573120,233117178,PUBLIC,2,F200W
234725905,JWST,image,jw05893017002_02101_00004_nrca1,exposure (L2b): 2D calibrated exposure average over integrations,S,mast:JWST/product/jw05893017002_02101_00004_nrca1_cal.fits,SCIENCE,,CAL,,CALJWST,2.0.0,5893,jw05893017002_02101_00004_nrca1_cal.fits,117570240,233117178,PUBLIC,2,F200W
234725907,JWST,image,jw05893017007_02101_00001_nrcb2,exposure (L2b): 2D calibrated exposure average over integrations,S,mast:JWST/product/jw05893017007_02101_00001_nrcb2_cal.fits,SCIENCE,,CAL,,CALJWST,2.0.0,5893,jw05893017007_02101_00001_nrcb2_cal.fits,117573120,233117178,PUBLIC,2,F200W
234725916,JWST,image,jw05893017003_02101_00002_nrca1,exposure (L2b): 2D calibrated exposure average over integrations,S,mast:JWST/product/jw05893017003_02101_00002_nrca1_cal.fits,SCIENCE,,CAL,,CALJWST,2.0.0,5893,jw05893017003_02101_00002_nrca1_cal.fits,117570240,233117178,PUBLIC,2,F200W
