obsID,obs_collection,dataproduct_type,obs_id,description,type,dataURI,productType,productGroupDescription,productSubGroupDescription,productDocumentationURL,project,prvversion,proposal_id,productFilename,size,parent_obsid,dataRights,calib_level,filters
262815398,JWST,image,jw05893011002_02101_00002_nrcb3,exposure (L2b): 2D calibrated exposure average over integrations,S,mast:JWST/product/jw05893011002_02101_00002_nrcb3_cal.fits,SCIENCE,,CAL,,CALJWST,2.0.0,5893,jw05893011002_02101_00002_nrcb3_cal.fits,117573120,262817470,PUBLIC,2,F200W
262815399,JWST,image,jw05893011002_02101_00002_nrcb4,exposure (L2b): 2D calibrated exposure average over integrations,S,mast:JWST/product/jw05893011002_02101_00002_nrcb4_cal.fits,SCIENCE,,CAL,,CALJWST,2.0.0,5893,jw05893011002_02101_00002_nrcb4_cal.fits,117573120,262817470,PUBLIC,2,F200W
262815402,JWST,image,jw05893011002_02101_00001_nrcb2,exposure (L2b): 2D calibrated exposure average over integrations,S,mast:JWST/product/jw05893011002_02101_00001_nrcb2_cal.fits,SCIENCE,,CAL,,CALJWST,2.0.0,5893,jw05893011002_02101_00001_nrcb2_cal.fits,117573120,262817470,PUBLIC,2,F200W
262815403,JWST,image,jw05893011002_02101_00001_nrca2,exposure (L2b): 2D calibrated exposure average over integrations,S,mast:JWST/product/jw05893011002_02101_00001_nrca2_cal.fits,SCIENCE,,CAL,,CALJWST,2.0.0,5893,jw05893011002_02101_00001_nrca2_cal.fits,117570240,262817470,PUBLIC,2,F200W
262815404,JWST,image,jw05893011002_02101_00002_nrcb1,exposure (L2b): 2D calibrated exposure average over integrations,S,mast:JWST/product/jw05893011002_02101_00002_nrcb1_cal.fits,SCIENCE,,CAL,,CALJWST,2.0.0,5893,jw05893011002_02101_00002_nrcb1_cal.fits,117573120,262817470,PUBLIC,2,F200W
262815405,JWST,image,jw05893011002_02101_00002_nrcb2,exposure (L2b): 2D calibrated exposure average over integrations,S,mast:JWST/product/jw05893011002_02101_00002_nrcb2_cal.fits,SCIENCE,,CAL,,CALJWST,2.0.0,5893,jw05893011002_02101_00002_nrcb2_cal.fits,117573120,262817470,PUBLIC,2,F200W
262815406,JWST,image,jw05893011002_02101_00002_nrca3,exposure (L2b): 2D calibrated exposure average over integrations,S,mast:JWST/product/jw05893011002_02101_00002_nrca3_cal.fits,SCIENCE,,CAL,,CALJWST,2.0.0,5893,jw05893011002_02101_00002_nrca3_cal.fits,117573120,262817470,PUBLIC,2,F200W
262815407,JWST,image,jw05893011002_02101_00001_nrcb4,exposure (L2b): 2D calibrated exposure average over integrations,S,mast:JWST/product/jw05893011002_02101_00001_nrcb4_cal.fits,SCIENCE,,CAL,,CALJWST,2.0.0,5893,jw05893011002_02101_00001_nrcb4_cal.fits,117573120,262817470,PUBLIC,2,F200W
262815408,JWST,image,jw05893011002_02101_00001_nrca1,exposure (L2b): 2D calibrated exposure average over integrations,S,mast:JWST/product/jw05893011002_02101_00001_nrca1_cal.fits,SCIENCE,,CAL,,CALJWST,2.0.0,5893,jw05893011002_02101_00001_nrca1_cal.fits,117570240,262817470,PUBLIC,2,F200W
262815409,JWST,image,jw05893011002_02101_00001_nrca4,exposure (L2b): 2D calibrated exposure average over integrations,S,mast:JWST/product/jw05893011002_02101_00001_nrca4_cal.fits,SCIENCE,,CAL,,CALJWST,2.0.0,5893,jw05893011002_02101_00001_nrca4_cal.fits,117573120,262817470,PUBLIC,2,F200W
262815410,JWST,image,jw05893011002_02101_00002_nrca1,exposure (L2b): 2D calibrated exposure average over integrations,S,mast:JWST/product/jw05893011002_02101_00002_nrca1_cal.fits,SCIENCE,,CAL,,CALJWST,2.0.0,5893,jw05893011002_02101_00002_nrca1_cal.fits,117570240,262817470,PUBLIC,2,F200W
262815412,JWST,image,jw05893011002_02101_00002_nrca4,exposure (L2b): 2D calibrated exposure average over integrations,S,mast:JWST/product/jw05893011002_02101_00002_nrca4_cal.fits,SCIENCE,,CAL,,CALJWST,2.0.0,5893,jw05893011002_02101_00002_nrca4_cal.fits,117573120,262817470,PUBLIC,2,F200W
262815413,JWST,image,jw05893011002_02101_00001_nrcb3,exposure (L2b): 2D calibrated exposure average over integrations,S,mast:JWST/product/jw05893011002_02101_00001_nrcb3_cal.fits,SCIENCE,,CAL,,CALJWST,2.0.0,5893,jw05893011002_02101_00001_nrcb3_cal.fits,117573120,262817470,PUBLIC,2,F200W
262815414,JWST,image,jw05893011002_02101_00001_nrca3,exposure (L2b): 2D calibrated exposure average over integrations,S,mast:JWST/product/jw05893011002_02101_00001_nrca3_cal.fits,SCIENCE,,CAL,,CALJWST,2.0.0,5893,jw05893011002_02101_00001_nrca3_cal.fits,117573120,262817470,PUBLIC,2,F200W
262815415,JWST,image,jw05893011002_02101_00001_nrcb1,exposure (L2b): 2D calibrated exposure average over integrations,S,mast:JWST/product/jw05893011002_02101_00001_nrcb1_cal.fits,SCIENCE,,CAL,,CALJWST,2.0.0,5893,jw05893011002_02101_00001_nrcb1_cal.fits,117573120,262817470,PUBLIC,2,F200W
262815451,JWST,image,jw05893011002_02101_00005_nrcb4,exposure (L2b): 2D calibrated exposure average over integrations,S,mast:JWST/product/jw05893011002_02101_00005_nrcb4_cal.fits,SCIENCE,,CAL,,CALJWST,2.0.0,5893,jw05893011002_02101_00005_nrcb4_cal.fits,117573120,262817470,PUBLIC,2,F200W
262815457,JWST,image,jw05893011002_02101_00003_nrcb4,exposure (L2b): 2D calibrated exposure average over integrations,S,mast:JWST/product/jw05893011002_02101_00003_nrcb4_cal.fits,SCIENCE,,CAL,,CALJWST,2.0.0,5893,jw05893011002_02101_00003_nrcb4_cal.fits,117573120,262817470,PUBLIC,2,F200W
262815458,JWST,image,jw05893011002_02101_00005_nrca1,exposure (L2b): 2D calibrated exposure average over integrations,S,mast:JWST/product/jw05893011002_02101_00005_nrca1_cal.fits,SCIENCE,,CAL,,CALJWST,2.0.0,5893,jw05893011002_02101_00005_nrca1_cal.fits,117570240,262817470,PUBLIC,2,F200W
262815461,JWST,image,jw05893011002_02101_00004_nrca2,exposure (L2b): 2D calibrated exposure average over integrations,S,mast:JWST/product/jw05893011002_02101_00004_nrca2_cal.fits,SCIENCE,,CAL,,CALJWST,2.0.0,5893,jw05893011002_02101_00004_nrca2_cal.fits,117570240,262817470,PUBLIC,2,F200W
262815462,JWST,image,jw05893011002_02101_00004_nrca4,exposure (L2b): 2D calibrated exposure average over integrations,S,mast:JWST/product/jw05893011002_02101_00004_nrca4_cal.fits,SCIENCE,,CAL,,CALJWST,2.0.0,5893,jw05893011002_02101_00004_nrca4_cal.fits,117573120,262817470,PUBLIC,2,F200W
262815464,JWST,image,jw05893011002_02101_00004_nrcb2,exposure (L2b): 2D calibrated exposure average over integrations,S,mast:JWST/product/jw05893011002_02101_00004_nrcb2_cal.fits,SCIENCE,,CAL,,CALJWST,2.0.0,5893,jw05893011002_02101_00004_nrcb2_cal.fits,117573120,262817470,PUBLIC,2,F200W
262815465,JWST,image,jw05893011002_02101_00006_nrcb2,exposure (L2b): 2D calibrated exposure average over integrations,S,mast:JWST/product/jw05893011002_02101_00006_nrcb2_cal.fits,SCIENCE,,CAL,,CALJWST,2.0.0,5893,jw05893011002_02101_00006_nrcb2_cal.fits,117573120,262817470,PUBLIC,2,F200W
262815466,JWST,image,jw05893011002_02101_00006_nrca2,exposure (L2b): 2D calibrated exposure average over integrations,S,mast:JWST/product/jw05893011002_02101_00006_nrca2_cal.fits,SCIENCE,,CAL,,CALJWST,2.0.0,5893,jw05893011002_02101_00006_nrca2_cal.fits,117570240,262817470,PUBLIC,2,F200W
262815467,JWST,image,jw05893011002_02101_00003_nrca2,exposure (L2b): 2D calibrated exposure average over integrations,S,mast:JWST/product/jw05893011002_02101_00003_nrca2_cal.fits,SCIENCE,,CAL,,CALJWST,2.0.0,5893,jw05893011002_02101_00003_nrca2_cal.fits,117570240,262817470,PUBLIC,2,F200W
262815471,JWST,image,jw05893011002_02101_00003_nrca4,exposure (L2b): 2D calibrated exposure average over integrations,S,mast:JWST/product/jw05893011002_02101_00003_nrca4_cal.fits,SCIENCE,,CAL,,CALJWST,2.0.0,5893,jw05893011002_02101_00003_nrca4_cal.fits,117573120,262817470,PUBLIC,2,F200W
262815474,JWST,image,jw05893011002_02101_00005_nrca2,exposure (L2b): 2D calibrated exposure average over integrations,S,mast:JWST/product/jw05893011002_02101_00005_nrca2_cal.fits,SCIENCE,,CAL,,CALJWST,2.0.0,5893,jw05893011002_02101_00005_nrca2_cal.fits,117570240,262817470,PUBLIC,2,F200W
262815477,JWST,image,jw05893011002_02101_00006_nrcb3,exposure (L2b): 2D calibrated exposure average over integrations,S,mast:JWST/product/jw05893011002_02101_00006_nrcb3_cal.fits,SCIENCE,,CAL,,CALJWST,2.0.0,5893,jw05893011002_02101_00006_nrcb3_cal.fits,117573120,262817470,PUBLIC,2,F200W
262815478,JWST,image,jw05893011002_02101_00004_nrcb3,exposure (L2b): 2D calibrated exposure average over integrations,S,mast:JWST/product/jw05893011002_02101_00004_nrcb3_cal.fits,SCIENCE,,CAL,,CALJWST,2.0.0,5893,jw05893011002_02101_00004_nrcb3_cal.fits,117573120,262817470,PUBLIC,2,F200W
262815480,JWST,image,jw05893011002_02101_00003_nrca1,exposure (L2b): 2D calibrated exposure average over integrations,S,mast:JWST/product/jw05893011002_02101_00003_nrca1_cal.fits,SCIENCE,,CAL,,CALJWST,2.0.0,5893,jw05893011002_02101_00003_nrca1_cal.fits,117570240,262817470,PUBLIC,2,F200W
262815482,JWST,image,jw05893011002_02101_00005_nrcb2,exposure (L2b): 2D calibrated exposure average over integrations,S,mast:JWST/product/jw05893011002_02101_00005_nrcb2_cal.fits,SCIENCE,,CAL,,CALJWST,2.0.0,5893,jw05893011002_02101_00005_nrcb2_cal.fits,117573120,262817470,PUBLIC,2,F200W
262815483,JWST,image,jw05893011002_02101_00004_nrca3,exposure (L2b): 2D calibrated exposure average over integrations,S,mast:JWST/product/jw05893011002_02101_00004_nrca3_cal.fits,SCIENCE,,CAL,,CALJWST,2.0.0,5893,jw05893011002_02101_00004_nrca3_cal.fits,117573120,262817470,PUBLIC,2,F200W
262815484,JWST,image,jw05893011002_02101_00004_nrca1,exposure (L2b): 2D calibrated exposure average over integrations,S,mast:JWST/product/jw05893011002_02101_00004_nrca1_cal.fits,SCIENCE,,CAL,,CALJWST,2.0.0,5893,jw05893011002_02101_00004_nrca1_cal.fits,117570240,262817470,PUBLIC,2,F200W
262815485,JWST,image,jw05893011002_02101_00006_nrcb1,exposure (L2b): 2D calibrated exposure average over integrations,S,mast:JWST/product/jw05893011002_02101_00006_nrcb1_cal.fits,SCIENCE,,CAL,,CALJWST,2.0.0,5893,jw05893011002_02101_00006_nrcb1_cal.fits,117573120,262817470,PUBLIC,2,F200W
262815486,JWST,image,jw05893011002_02101_00005_nrcb3,exposure (L2b): 2D calibrated exposure average over integrations,S,mast:JWST/product/jw05893011002_02101_00005_nrcb3_cal.fits,SCIENCE,,CAL,,CALJWST,2.0.0,5893,jw05893011002_02101_00005_nrcb3_cal.fits,117573120,262817470,PUBLIC,2,F200W
262815491,JWST,image,jw05893011002_02101_00005_nrcb1,exposure (L2b): 2D calibrated exposure average over integrations,S,mast:JWST/product/jw05893011002_02101_00005_nrcb1_cal.fits,SCIENCE,,CAL,,CALJWST,2.0.0,5893,jw05893011002_02101_00005_nrcb1_cal.fits,117573120,262817470,PUBLIC,2,F200W
262815495,JWST,image,jw05893011002_02101_00003_nrcb3,exposure (L2b): 2D calibrated exposure average over integrations,S,mast:JWST/product/jw05893011002_02101_00003_nrcb3_cal.fits,SCIENCE,,CAL,,CALJWST,2.0.0,5893,jw05893011002_02101_00003_nrcb3_cal.fits,117573120,262817470,PUBLIC,2,F200W
262815496,JWST,image,jw05893011002_02101_00006_nrca1,exposure (L2b): 2D calibrated exposure average over integrations,S,mast:JWST/product/jw05893011002_02101_00006_nrca1_cal.fits,SCIENCE,,CAL,,CALJWST,2.0.0,5893,jw05893011002_02101_00006_nrca1_cal.fits,117570240,262817470,PUBLIC,2,F200W
262815498,JWST,image,jw05893011002_02101_00004_nrcb4,exposure (L2b): 2D calibrated exposure average over integrations,S,mast:JWST/product/jw05893011002_02101_00004_nrcb4_cal.fits,SCIENCE,,CAL,,CALJWST,2.0.0,5893,jw05893011002_02101_00004_nrcb4_cal.fits,117573120,262817470,PUBLIC,2,F200W
262815501,JWST,image,jw05893011002_02101_00005_nrca3,exposure (L2b): 2D calibrated exposure average over integrations,S,mast:JWST/product/jw05893011002_02101_00005_nrca3_cal.fits,SCIENCE,,CAL,,CALJWST,2.0.0,5893,jw05893011002_02101_00005_nrca3_cal.fits,117573120,262817470,PUBLIC,2,F200W
262815504,JWST,image,jw05893011002_02101_00006_nrcb4,exposure (L2b): 2D calibrated exposure average over integrations,S,mast:JWST/product/jw05893011002_02101_00006_nrcb4_cal.fits,SCIENCE,,CAL,,CALJWST,2.0.0,5893,jw05893011002_02101_00006_nrcb4_cal.fits,117573120,262817470,PUBLIC,2,F200W
262815507,JWST,image,jw05893011002_02101_00003_nrcb1,exposure (L2b): 2D calibrated exposure average over integrations,S,mast:JWST/product/jw05893011002_02101_00003_nrcb1_cal.fits,SCIENCE,,CAL,,CALJWST,2.0.0,5893,jw05893011002_02101_00003_nrcb1_cal.fits,117573120,262817470,PUBLIC,2,F200W
262815508,JWST,image,jw05893011002_02101_00006_nrca3,exposure (L2b): 2D calibrated exposure average over integrations,S,mast:JWST/product/jw05893011002_02101_00006_nrca3_cal.fits,SCIENCE,,CAL,,CALJWST,2.0.0,5893,jw05893011002_02101_00006_nrca3_cal.fits,117573120,262817470,PUBLIC,2,F200W
262815509,JWST,image,jw05893011002_02101_00003_nrcb2,exposure (L2b): 2D calibrated exposure average over integrations,S,mast:JWST/product/jw05893011002_02101_00003_nrcb2_cal.fits,SCIENCE,,CAL,,CALJWST,2.0.0,5893,jw05893011002_02101_00003_nrcb2_cal.fits,117573120,262817470,PUBLIC,2,F200W
262815511,JWST,image,jw05893011002_02101_00004_nrcb1,exposure (L2b): 2D calibrated exposure average over integrations,S,mast:JWST/product/jw05893011002_02101_00004_nrcb1_cal.fits,SCIENCE,,CAL,,CALJWST,2.0.0,5893,jw05893011002_02101_00004_nrcb1_cal.fits,117573120,262817470,PUBLIC,2,F200W
262815512,JWST,image,jw05893011002_02101_00003_nrca3,exposure (L2b): 2D calibrated exposure average over integrations,S,mast:JWST/product/jw05893011002_02101_00003_nrca3_cal.fits,SCIENCE,,CAL,,CALJWST,2.0.0,5893,jw05893011002_02101_00003_nrca3_cal.fits,117573120,262817470,PUBLIC,2,F200W
262815514,JWST,image,jw05893011002_02101_00005_nrca4,exposure (L2b): 2D calibrated exposure average over integrations,S,mast:JWST/product/jw05893011002_02101_00005_nrca4_cal.fits,SCIENCE,,CAL,,CALJWST,2.0.0,5893,jw05893011002_02101_00005_nrca4_cal.fits,117573120,262817470,PUBLIC,2,F200W
262815515,JWST,image,jw05893011002_02101_00006_nrca4,exposure (L2b): 2D calibrated exposure average over integrations,S,mast:JWST/product/jw05893011002_02101_00006_nrca4_cal.fits,SCIENCE,,CAL,,CALJWST,2.0.0,5893,jw05893011002_02101_00006_nrca4_cal.fits,117573120,262817470,PUBLIC,2,F200W
262815518,JWST,image,jw05893011002_02101_00002_nrca2,exposure (L2b): 2D calibrated exposure average over integrations,S,mast:JWST/product/jw05893011002_02101_00002_nrca2_cal.fits,SCIENCE,,CAL,,CALJWST,2.0.0,5893,jw05893011002_02101_00002_nrca2_cal.fits,117570240,262817470,PUBLIC,2,F200W
262815676,JWST,image,jw05893011003_02101_00001_nrca1,exposure (L2b): 2D calibrated exposure average over integrations,S,mast:JWST/product/jw05893011003_02101_00001_nrca1_cal.fits,SCIENCE,,CAL,,CALJWST,2.0.0,5893,jw05893011003_02101_00001_nrca1_cal.fits,117570240,262817470,PUBLIC,2,F200W
262815678,JWST,image,jw05893011003_02101_00002_nrca3,exposure (L2b): 2D calibrated exposure average over integrations,S,mast:JWST/product/jw05893011003_02101_00002_nrca3_cal.fits,SCIENCE,,CAL,,CALJWST,2.0.0,5893,jw05893011003_02101_00002_nrca3_cal.fits,117573120,262817470,PUBLIC,2,F200W
262815680,JWST,image,jw05893011003_02101_00002_nrcb4,exposure (L2b): 2D calibrated exposure average over integrations,S,mast:JWST/product/jw05893011003_02101_00002_nrcb4_cal.fits,SCIENCE,,CAL,,CALJWST,2.0.0,5893,jw05893011003_02101_00002_nrcb4_cal.fits,117573120,262817470,PUBLIC,2,F200W
262815681,JWST,image,jw05893011003_02101_00001_nrca2,exposure (L2b): 2D calibrated exposure average over integrations,S,mast:JWST/product/jw05893011003_02101_00001_nrca2_cal.fits,SCIENCE,,CAL,,CALJWST,2.0.0,5893,jw05893011003_02101_00001_nrca2_cal.fits,117570240,262817470,PUBLIC,2,F200W
262815682,JWST,image,jw05893011003_02101_00001_nrcb2,exposure (L2b): 2D calibrated exposure average over integrations,S,mast:JWST/product/jw05893011003_02101_00001_nrcb2_cal.fits,SCIENCE,,CAL,,CALJWST,2.0.0,5893,jw05893011003_02101_00001_nrcb2_cal.fits,117573120,262817470,PUBLIC,2,F200W
262815683,JWST,image,jw05893011003_02101_00001_nrcb1,exposure (L2b): 2D calibrated exposure average over integrations,S,mast:JWST/product/jw05893011003_02101_00001_nrcb1_cal.fits,SCIENCE,,CAL,,CALJWST,2.0.0,5893,jw05893011003_02101_00001_nrcb1_cal.fits,117573120,262817470,PUBLIC,2,F200W
262815687,JWST,image,jw05893011003_02101_00001_nrca3,exposure (L2b): 2D calibrated exposure average over integrations,S,mast:JWST/product/jw05893011003_02101_00001_nrca3_cal.fits,SCIENCE,,CAL,,CALJWST,2.0.0,5893,jw05893011003_02101_00001_nrca3_cal.fits,117573120,262817470,PUBLIC,2,F200W
262815688,JWST,image,jw05893011003_02101_00002_nrca4,exposure (L2b): 2D calibrated exposure average over integrations,S,mast:JWST/product/jw05893011003_02101_00002_nrca4_cal.fits,SCIENCE,,CAL,,CALJWST,2.0.0,5893,jw05893011003_02101_00002_nrca4_cal.fits,117573120,262817470,PUBLIC,2,F200W
262815690,JWST,image,jw05893011003_02101_00002_nrcb2,exposure (L2b): 2D calibrated exposure average over integrations,S,mast:JWST/product/jw05893011003_02101_00002_nrcb2_cal.fits,SCIENCE,,CAL,,CALJWST,2.0.0,5893,jw05893011003_02101_00002_nrcb2_cal.fits,117573120,262817470,PUBLIC,2,F200W
262815691,JWST,image,jw05893011003_02101_00001_nrcb3,exposure (L2b): 2D calibrated exposure average over integrations,S,mast:JWST/product/jw05893011003_02101_00001_nrcb3_cal.fits,SCIENCE,,CAL,,CALJWST,2.0.0,5893,jw05893011003_02101_00001_nrcb3_cal.fits,117573120,262817470,PUBLIC,2,F200W
262815692,JWST,image,jw05893011003_02101_00002_nrca2,exposure (L2b): 2D calibrated exposure average over integrations,S,mast:JWST/product/jw05893011003_02101_00002_nrca2_cal.fits,SCIENCE,,CAL,,CALJWST,2.0.0,5893,jw05893011003_02101_00002_nrca2_cal.fits,117570240,262817470,PUBLIC,2,F200W
262815693,JWST,image,jw05893011003_02101_00002_nrca1,exposure (L2b): 2D calibrated exposure average over integrations,S,mast:JWST/product/jw05893011003_02101_00002_nrca1_cal.fits,SCIENCE,,CAL,,CALJWST,2.0.0,5893,jw05893011003_02101_00002_nrca1_cal.fits,117570240,262817470,PUBLIC,2,F200W
262815695,JWST,image,jw05893011003_02101_00002_nrcb1,exposure (L2b): 2D calibrated exposure average over integrations,S,mast:JWST/product/jw05893011003_02101_00002_nrcb1_cal.fits,SCIENCE,,CAL,,CALJWST,2.0.0,5893,jw05893011003_02101_00002_nrcb1_cal.fits,117573120,262817470,PUBLIC,2,F200W
262815696,JWST,image,jw05893011003_02101_00001_nrca4,exposure (L2b): 2D calibrated exposure average over integrations,S,mast:JWST/product/jw05893011003_02101_00001_nrca4_cal.fits,SCIENCE,,CAL,,CALJWST,2.0.0,5893,jw05893011003_02101_00001_nrca4_cal.fits,117573120,262817470,PUBLIC,2,F200W
262815697,JWST,image,jw05893011003_02101_00001_nrcb4,exposure (L2b): 2D calibrated exposure average over integrations,S,mast:JWST/product/jw05893011003_02101_00001_nrcb4_cal.fits,SCIENCE,,CAL,,CALJWST,2.0.0,5893,jw05893011003_02101_00001_nrcb4_cal.fits,117573120,262817470,PUBLIC,2,F200W
262815822,JWST,image,jw05893011001_02101_00006_nrca2,exposure (L2b): 2D calibrated exposure average over integrations,S,mast:JWST/product/jw05893011001_02101_00006_nrca2_cal.fits,SCIENCE,,CAL,,CALJWST,2.0.0,5893,jw05893011001_02101_00006_nrca2_cal.fits,117570240,262817470,PUBLIC,2,F200W
262815823,JWST,image,jw05893011001_02101_00003_nrca2,exposure (L2b): 2D calibrated exposure average over integrations,S,mast:JWST/product/jw05893011001_02101_00003_nrca2_cal.fits,SCIENCE,,CAL,,CALJWST,2.0.0,5893,jw05893011001_02101_00003_nrca2_cal.fits,117570240,262817470,PUBLIC,2,F200W
262815824,JWST,image,jw05893011001_02101_00001_nrca1,exposure (L2b): 2D calibrated exposure average over integrations,S,mast:JWST/product/jw05893011001_02101_00001_nrca1_cal.fits,SCIENCE,,CAL,,CALJWST,2.0.0,5893,jw05893011001_02101_00001_nrca1_cal.fits,117570240,262817470,PUBLIC,2,F200W
262815825,JWST,image,jw05893011001_02101_00003_nrca4,exposure (L2b): 2D calibrated exposure average over integrations,S,mast:JWST/product/jw05893011001_02101_00003_nrca4_cal.fits,SCIENCE,,CAL,,CALJWST,2.0.0,5893,jw05893011001_02101_00003_nrca4_cal.fits,117573120,262817470,PUBLIC,2,F200W
262815826,JWST,image,jw05893011001_02101_00002_nrca3,exposure (L2b): 2D calibrated exposure average over integrations,S,mast:JWST/product/jw05893011001_02101_00002_nrca3_cal.fits,SCIENCE,,CAL,,CALJWST,2.0.0,5893,jw05893011001_02101_00002_nrca3_cal.fits,117573120,262817470,PUBLIC,2,F200W
262815828,JWST,image,jw05893011001_02101_00001_nrca3,exposure (L2b): 2D calibrated exposure average over integrations,S,mast:JWST/product/jw05893011001_02101_00001_nrca3_cal.fits,SCIENCE,,CAL,,CALJWST,2.0.0,5893,jw05893011001_02101_00001_nrca3_cal.fits,117573120,262817470,PUBLIC,2,F200W
262815829,JWST,image,jw05893011001_02101_00005_nrca2,exposure (L2b): 2D calibrated exposure average over integrations,S,mast:JWST/product/jw05893011001_02101_00005_nrca2_cal.fits,SCIENCE,,CAL,,CALJWST,2.0.0,5893,jw05893011001_02101_00005_nrca2_cal.fits,117570240,262817470,PUBLIC,2,F200W
262815831,JWST,image,jw05893011001_02101_00002_nrca2,exposure (L2b): 2D calibrated exposure average over integrations,S,mast:JWST/product/jw05893011001_02101_00002_nrca2_cal.fits,SCIENCE,,CAL,,CALJWST,2.0.0,5893,jw05893011001_02101_00002_nrca2_cal.fits,117570240,262817470,PUBLIC,2,F200W
262815835,JWST,image,jw05893011001_02101_00001_nrca2,exposure (L2b): 2D calibrated exposure average over integrations,S,mast:JWST/product/jw05893011001_02101_00001_nrca2_cal.fits,SCIENCE,,CAL,,CALJWST,2.0.0,5893,jw05893011001_02101_00001_nrca2_cal.fits,117570240,262817470,PUBLIC,2,F200W
262815836,JWST,image,jw05893011001_02101_00002_nrca1,exposure (L2b): 2D calibrated exposure average over integrations,S,mast:JWST/product/jw05893011001_02101_00002_nrca1_cal.fits,SCIENCE,,CAL,,CALJWST,2.0.0,5893,jw05893011001_02101_00002_nrca1_cal.fits,117570240,262817470,PUBLIC,2,F200W
262815837,JWST,image,jw05893011001_02101_00005_nrca1,exposure (L2b): 2D calibrated exposure average over integrations,S,mast:JWST/product/jw05893011001_02101_00005_nrca1_cal.fits,SCIENCE,,CAL,,CALJWST,2.0.0,5893,jw05893011001_02101_00005_nrca1_cal.fits,117570240,262817470,PUBLIC,2,F200W
262815838,JWST,image,jw05893011001_02101_00006_nrca1,exposure (L2b): 2D calibrated exposure average over integrations,S,mast:JWST/product/jw05893011001_02101_00006_nrca1_cal.fits,SCIENCE,,CAL,,CALJWST,2.0.0,5893,jw05893011001_02101_00006_nrca1_cal.fits,117570240,262817470,PUBLIC,2,F200W
262815839,JWST,image,jw05893011001_02101_00006_nrca3,exposure (L2b): 2D calibrated exposure average over integrations,S,mast:JWST/product/jw05893011001_02101_00006_nrca3_cal.fits,SCIENCE,,CAL,,CALJWST,2.0.0,5893,jw05893011001_02101_00006_nrca3_cal.fits,117573120,262817470,PUBLIC,2,F200W
262815840,JWST,image,jw05893011001_02101_00004_nrca3,exposure (L2b): 2D calibrated exposure average over integrations,S,mast:JWST/product/jw05893011001_02101_00004_nrca3_cal.fits,SCIENCE,,CAL,,CALJWST,2.0.0,5893,jw05893011001_02101_00004_nrca3_cal.fits,117573120,262817470,PUBLIC,2,F200W
262815842,JWST,image,jw05893011001_02101_00003_nrca1,exposure (L2b): 2D calibrated exposure average over integrations,S,mast:JWST/product/jw05893011001_02101_00003_nrca1_cal.fits,SCIENCE,,CAL,,CALJWST,2.0.0,5893,jw05893011001_02101_00003_nrca1_cal.fits,117570240,262817470,PUBLIC,2,F200W
262815843,JWST,image,jw05893011001_02101_00005_nrca3,exposure (L2b): 2D calibrated exposure average over integrations,S,mast:JWST/product/jw05893011001_02101_00005_nrca3_cal.fits,SCIENCE,,CAL,,CALJWST,2.0.0,5893,jw05893011001_02101_00005_nrca3_cal.fits,117573120,262817470,PUBLIC,2,F200W
262815845,JWST,image,jw05893011001_02101_00004_nrca1,exposure (L2b): 2D calibrated exposure average over integrations,S,mast:JWST/product/jw05893011001_02101_00004_nrca1_cal.fits,SCIENCE,,CAL,,CALJWST,2.0.0,5893,jw05893011001_02101_00004_nrca1_cal.fits,117570240,262817470,PUBLIC,2,F200W
262815846,JWST,image,jw05893011001_02101_00004_nrca2,exposure (L2b): 2D calibrated exposure average over integrations,S,mast:JWST/product/jw05893011001_02101_00004_nrca2_cal.fits,SCIENCE,,CAL,,CALJWST,2.0.0,5893,jw05893011001_02101_00004_nrca2_cal.fits,117570240,262817470,PUBLIC,2,F200W
262815847,JWST,image,jw05893011001_02101_00003_nrca3,exposure (L2b): 2D calibrated exposure average over integrations,S,mast:JWST/product/jw05893011001_02101_00003_nrca3_cal.fits,SCIENCE,,CAL,,CALJWST,2.0.0,5893,jw05893011001_02101_00003_nrca3_cal.fits,117573120,262817470,PUBLIC,2,F200W
262815852,JWST,image,jw05893011003_02101_00004_nrcb4,exposure (L2b): 2D calibrated exposure average over integrations,S,mast:JWST/product/jw05893011003_02101_00004_nrcb4_cal.fits,SCIENCE,,CAL,,CALJWST,2.0.0,5893,jw05893011003_02101_00004_nrcb4_cal.fits,117573120,262817470,PUBLIC,2,F200W
262815854,JWST,image,jw05893011003_02101_00004_nrcb3,exposure (L2b): 2D calibrated exposure average over integrations,S,mast:JWST/product/jw05893011003_02101_00004_nrcb3_cal.fits,SCIENCE,,CAL,,CALJWST,2.0.0,5893,jw05893011003_02101_00004_nrcb3_cal.fits,117573120,262817470,PUBLIC,2,F200W
262815856,JWST,image,jw05893011003_02101_00003_nrcb2,exposure (L2b): 2D calibrated exposure average over integrations,S,mast:JWST/product/jw05893011003_02101_00003_nrcb2_cal.fits,SCIENCE,,CAL,,CALJWST,2.0.0,5893,jw05893011003_02101_00003_nrcb2_cal.fits,117573120,262817470,PUBLIC,2,F200W
262815858,JWST,image,jw05893011003_02101_00003_nrca3,exposure (L2b): 2D calibrated exposure average over integrations,S,mast:JWST/product/jw05893011003_02101_00003_nrca3_cal.fits,SCIENCE,,CAL,,CALJWST,2.0.0,5893,jw05893011003_02101_00003_nrca3_cal.fits,117573120,262817470,PUBLIC,2,F200W
262815860,JWST,image,jw05893011003_02101_00005_nrcb2,exposure (L2b): 2D calibrated exposure average over integrations,S,mast:JWST/product/jw05893011003_02101_00005_nrcb2_cal.fits,SCIENCE,,CAL,,CALJWST,2.0.0,5893,jw05893011003_02101_00005_nrcb2_cal.fits,117573120,262817470,PUBLIC,2,F200W
262815863,JWST,image,jw05893011003_02101_00004_nrcb1,exposure (L2b): 2D calibrated exposure average over integrations,S,mast:JWST/product/jw05893011003_02101_00004_nrcb1_cal.fits,SCIENCE,,CAL,,CALJWST,2.0.0,5893,jw05893011003_02101_00004_nrcb1_cal.fits,117573120,262817470,PUBLIC,2,F200W
262815864,JWST,image,jw05893011003_02101_00005_nrcb1,exposure (L2b): 2D calibrated exposure average over integrations,S,mast:JWST/product/jw05893011003_02101_00005_nrcb1_cal.fits,SCIENCE,,CAL,,CALJWST,2.0.0,5893,jw05893011003_02101_00005_nrcb1_cal.fits,117573120,262817470,PUBLIC,2,F200W
262815865,JWST,image,jw05893011003_02101_00004_nrca2,exposure (L2b): 2D calibrated exposure average over integrations,S,mast:JWST/product/jw05893011003_02101_00004_nrca2_cal.fits,SCIENCE,,CAL,,CALJWST,2.0.0,5893,jw05893011003_02101_00004_nrca2_cal.fits,117570240,262817470,PUBLIC,2,F200W
262815867,JWST,image,jw05893011003_02101_00005_nrca4,exposure (L2b): 2D calibrated exposure average over integrations,S,mast:JWST/product/jw05893011003_02101_00005_nrca4_cal.fits,SCIENCE,,CAL,,CALJWST,2.0.0,5893,jw05893011003_02101_00005_nrca4_cal.fits,117573120,262817470,PUBLIC,2,F200W
262815869,JWST,image,jw05893011003_02101_00004_nrca1,exposure (L2b): 2D calibrated exposure average over integrations,S,mast:JWST/product/jw05893011003_02101_00004_nrca1_cal.fits,SCIENCE,,CAL,,CALJWST,2.0.0,5893,jw05893011003_02101_00004_nrca1_cal.fits,117570240,262817470,PUBLIC,2,F200W
262815872,JWST,image,jw05893011003_02101_00002_nrcb3,exposure (L2b): 2D calibrated exposure average over integrations,S,mast:JWST/product/jw05893011003_02101_00002_nrcb3_cal.fits,SCIENCE,,CAL,,CALJWST,2.0.0,5893,jw05893011003_02101_00002_nrcb3_cal.fits,117573120,262817470,PUBLIC,2,F200W
262815873,JWST,image,jw05893011003_02101_00005_nrcb3,exposure (L2b): 2D calibrated exposure average over integrations,S,mast:JWST/product/jw05893011003_02101_00005_nrcb3_cal.fits,SCIENCE,,CAL,,CALJWST,2.0.0,5893,jw05893011003_02101_00005_nrcb3_cal.fits,117573120,262817470,PUBLIC,2,F200W
262815874,JWST,image,jw05893011003_02101_00004_nrcb2,exposure (L2b): 2D calibrated exposure average over integrations,S,mast:JWST/product/jw05893011003_02101_00004_nrcb2_cal.fits,SCIENCE,,CAL,,CALJWST,2.0.0,5893,jw05893011003_02101_00004_nrcb2_cal.fits,117573120,262817470,PUBLIC,2,F200W
262815875,JWST,image,jw05893011003_02101_00005_nrcb4,exposure (L2b): 2D calibrated exposure average over integrations,S,mast:JWST/product/jw05893011003_02101_00005_nrcb4_cal.fits,SCIENCE,,CAL,,CALJWST,2.0.0,5893,jw05893011003_02101_00005_nrcb4_cal.fits,117573120,262817470,PUBLIC,2,F200W
262815876,JWST,image,jw05893011003_02101_00003_nrca1,exposure (L2b): 2D calibrated exposure average over integrations,S,mast:JWST/product/jw05893011003_02101_00003_nrca1_cal.fits,SCIENCE,,CAL,,CALJWST,2.0.0,5893,jw05893011003_02101_00003_nrca1_cal.fits,117570240,262817470,PUBLIC,2,F200W
262815877,JWST,image,jw05893011003_02101_00004_nrca4,exposure (L2b): 2D calibrated exposure average over integrations,S,mast:JWST/product/jw05893011003_02101_00004_nrca4_cal.fits,SCIENCE,,CAL,,CALJWST,2.0.0,5893,jw05893011003_02101_00004_nrca4_cal.fits,117573120,262817470,PUBLIC,2,F200W
262815879,JWST,image,jw05893011003_02101_00005_nrca2,exposure (L2b): 2D calibrated exposure average over integrations,S,mast:JWST/product/jw05893011003_02101_00005_nrca2_cal.fits,SCIENCE,,CAL,,CALJWST,2.0.0,5893,jw05893011003_02101_00005_nrca2_cal.fits,117570240,262817470,PUBLIC,2,F200W
262815880,JWST,image,jw05893011003_02101_00003_nrca4,exposure (L2b): 2D calibrated exposure average over integrations,S,mast:JWST/product/jw05893011003_02101_00003_nrca4_cal.fits,SCIENCE,,CAL,,CALJWST,2.0.0,5893,jw05893011003_02101_00003_nrca4_cal.fits,117573120,262817470,PUBLIC,2,F200W
262815883,JWST,image,jw05893011003_02101_00003_nrca2,exposure (L2b): 2D calibrated exposure average over integrations,S,mast:JWST/product/jw05893011003_02101_00003_nrca2_cal.fits,SCIENCE,,CAL,,CALJWST,2.0.0,5893,jw05893011003_02101_00003_nrca2_cal.fits,117570240,262817470,PUBLIC,2,F200W
262815884,JWST,image,jw05893011003_02101_00005_nrca1,exposure (L2b): 2D calibrated exposure average over integrations,S,mast:JWST/product/jw05893011003_02101_00005_nrca1_cal.fits,SCIENCE,,CAL,,CALJWST,2.0.0,5893,jw05893011003_02101_00005_nrca1_cal.fits,117570240,262817470,PUBLIC,2,F200W
262815885,JWST,image,jw05893011003_02101_00003_nrcb4,exposure (L2b): 2D calibrated exposure average over integrations,S,mast:JWST/product/jw05893011003_02101_00003_nrcb4_cal.fits,SCIENCE,,CAL,,CALJWST,2.0.0,5893,jw05893011003_02101_00003_nrcb4_cal.fits,117573120,262817470,PUBLIC,2,F200W
262815886,JWST,image,jw05893011003_02101_00003_nrcb3,exposure (L2b): 2D calibrated exposure average over integrations,S,mast:JWST/product/jw05893011003_02101_00003_nrcb3_cal.fits,SCIENCE,,CAL,,CALJWST,2.0.0,5893,jw05893011003_02101_00003_nrcb3_cal.fits,117573120,262817470,PUBLIC,2,F200W
262815887,JWST,image,jw05893011003_02101_00004_nrca3,exposure (L2b): 2D calibrated exposure average over integrations,S,mast:JWST/product/jw05893011003_02101_00004_nrca3_cal.fits,SCIENCE,,CAL,,CALJWST,2.0.0,5893,jw05893011003_02101_00004_nrca3_cal.fits,117573120,262817470,PUBLIC,2,F200W
262815888,JWST,image,jw05893011003_02101_00005_nrca3,exposure (L2b): 2D calibrated exposure average over integrations,S,mast:JWST/product/jw05893011003_02101_00005_nrca3_cal.fits,SCIENCE,,CAL,,CALJWST,2.0.0,5893,jw05893011003_02101_00005_nrca3_cal.fits,117573120,262817470,PUBLIC,2,F200W
262815889,JWST,image,jw05893011003_02101_00003_nrcb1,exposure (L2b): 2D calibrated exposure average over integrations,S,mast:JWST/product/jw05893011003_02101_00003_nrcb1_cal.fits,SCIENCE,,CAL,,CALJWST,2.0.0,5893,jw05893011003_02101_00003_nrcb1_cal.fits,117573120,262817470,PUBLIC,2,F200W
262815996,JWST,image,jw05893011001_02101_00001_nrcb4,exposure (L2b): 2D calibrated exposure average over integrations,S,mast:JWST/product/jw05893011001_02101_00001_nrcb4_cal.fits,SCIENCE,,CAL,,CALJWST,2.0.0,5893,jw05893011001_02101_00001_nrcb4_cal.fits,117573120,262817470,PUBLIC,2,F200W
262815997,JWST,image,jw05893011001_02101_00006_nrcb1,exposure (L2b): 2D calibrated exposure average over integrations,S,mast:JWST/product/jw05893011001_02101_00006_nrcb1_cal.fits,SCIENCE,,CAL,,CALJWST,2.0.0,5893,jw05893011001_02101_00006_nrcb1_cal.fits,117573120,262817470,PUBLIC,2,F200W
262815998,JWST,image,jw05893011001_02101_00006_nrcb3,exposure (L2b): 2D calibrated exposure average over integrations,S,mast:JWST/product/jw05893011001_02101_00006_nrcb3_cal.fits,SCIENCE,,CAL,,CALJWST,2.0.0,5893,jw05893011001_02101_00006_nrcb3_cal.fits,117573120,262817470,PUBLIC,2,F200W
262815999,JWST,image,jw05893011001_02101_00005_nrca4,exposure (L2b): 2D calibrated exposure average over integrations,S,mast:JWST/product/jw05893011001_02101_00005_nrca4_cal.fits,SCIENCE,,CAL,,CALJWST,2.0.0,5893,jw05893011001_02101_00005_nrca4_cal.fits,117573120,262817470,PUBLIC,2,F200W
262816000,JWST,image,jw05893011001_02101_00005_nrcb3,exposure (L2b): 2D calibrated exposure average over integrations,S,mast:JWST/product/jw05893011001_02101_00005_nrcb3_cal.fits,SCIENCE,,CAL,,CALJWST,2.0.0,5893,jw05893011001_02101_00005_nrcb3_cal.fits,117573120,262817470,PUBLIC,2,F200W
262816002,JWST,image,jw05893011001_02101_00003_nrcb1,exposure (L2b): 2D calibrated exposure average over integrations,S,mast:JWST/product/jw05893011001_02101_00003_nrcb1_cal.fits,SCIENCE,,CAL,,CALJWST,2.0.0,5893,jw05893011001_02101_00003_nrcb1_cal.fits,117573120,262817470,PUBLIC,2,F200W
262816007,JWST,image,jw05893011001_02101_00002_nrcb3,exposure (L2b): 2D calibrated exposure average over integrations,S,mast:JWST/product/jw05893011001_02101_00002_nrcb3_cal.fits,SCIENCE,,CAL,,CALJWST,2.0.0,5893,jw05893011001_02101_00002_nrcb3_cal.fits,117573120,262817470,PUBLIC,2,F200W
262816010,JWST,image,jw05893011001_02101_00003_nrcb4,exposure (L2b): 2D calibrated exposure average over integrations,S,mast:JWST/product/jw05893011001_02101_00003_nrcb4_cal.fits,SCIENCE,,CAL,,CALJWST,2.0.0,5893,jw05893011001_02101_00003_nrcb4_cal.fits,117573120,262817470,PUBLIC,2,F200W
262816013,JWST,image,jw05893011001_02101_00002_nrcb2,exposure (L2b): 2D calibrated exposure average over integrations,S,mast:JWST/product/jw05893011001_02101_00002_nrcb2_cal.fits,SCIENCE,,CAL,,CALJWST,2.0.0,5893,jw05893011001_02101_00002_nrcb2_cal.fits,117573120,262817470,PUBLIC,2,F200W
262816017,JWST,image,jw05893011001_02101_00003_nrcb3,exposure (L2b): 2D calibrated exposure average over integrations,S,mast:JWST/product/jw05893011001_02101_00003_nrcb3_cal.fits,SCIENCE,,CAL,,CALJWST,2.0.0,5893,jw05893011001_02101_00003_nrcb3_cal.fits,117573120,262817470,PUBLIC,2,F200W
262816018,JWST,image,jw05893011001_02101_00001_nrcb1,exposure (L2b): 2D calibrated exposure average over integrations,S,mast:JWST/product/jw05893011001_02101_00001_nrcb1_cal.fits,SCIENCE,,CAL,,CALJWST,2.0.0,5893,jw05893011001_02101_00001_nrcb1_cal.fits,117573120,262817470,PUBLIC,2,F200W
262816021,JWST,image,jw05893011001_02101_00003_nrcb2,exposure (L2b): 2D calibrated exposure average over integrations,S,mast:JWST/product/jw05893011001_02101_00003_nrcb2_cal.fits,SCIENCE,,CAL,,CALJWST,2.0.0,5893,jw05893011001_02101_00003_nrcb2_cal.fits,117573120,262817470,PUBLIC,2,F200W
262816023,JWST,image,jw05893011001_02101_00005_nrcb1,exposure (L2b): 2D calibrated exposure average over integrations,S,mast:JWST/product/jw05893011001_02101_00005_nrcb1_cal.fits,SCIENCE,,CAL,,CALJWST,2.0.0,5893,jw05893011001_02101_00005_nrcb1_cal.fits,117573120,262817470,PUBLIC,2,F200W
262816026,JWST,image,jw05893011001_02101_00004_nrcb1,exposure (L2b): 2D calibrated exposure average over integrations,S,mast:JWST/product/jw05893011001_02101_00004_nrcb1_cal.fits,SCIENCE,,CAL,,CALJWST,2.0.0,5893,jw05893011001_02101_00004_nrcb1_cal.fits,117573120,262817470,PUBLIC,2,F200W
262816027,JWST,image,jw05893011001_02101_00005_nrcb2,exposure (L2b): 2D calibrated exposure average over integrations,S,mast:JWST/product/jw05893011001_02101_00005_nrcb2_cal.fits,SCIENCE,,CAL,,CALJWST,2.0.0,5893,jw05893011001_02101_00005_nrcb2_cal.fits,117573120,262817470,PUBLIC,2,F200W
262816031,JWST,image,jw05893011001_02101_00001_nrca4,exposure (L2b): 2D calibrated exposure average over integrations,S,mast:JWST/product/jw05893011001_02101_00001_nrca4_cal.fits,SCIENCE,,CAL,,CALJWST,2.0.0,5893,jw05893011001_02101_00001_nrca4_cal.fits,117573120,262817470,PUBLIC,2,F200W
262816032,JWST,image,jw05893011001_02101_00005_nrcb4,exposure (L2b): 2D calibrated exposure average over integrations,S,mast:JWST/product/jw05893011001_02101_00005_nrcb4_cal.fits,SCIENCE,,CAL,,CALJWST,2.0.0,5893,jw05893011001_02101_00005_nrcb4_cal.fits,117573120,262817470,PUBLIC,2,F200W
262816033,JWST,image,jw05893011001_02101_00006_nrca4,exposure (L2b): 2D calibrated exposure average over integrations,S,mast:JWST/product/jw05893011001_02101_00006_nrca4_cal.fits,SCIENCE,,CAL,,CALJWST,2.0.0,5893,jw05893011001_02101_00006_nrca4_cal.fits,117573120,262817470,PUBLIC,2,F200W
262816036,JWST,image,jw05893011001_02101_00004_nrcb2,exposure (L2b): 2D calibrated exposure average over integrations,S,mast:JWST/product/jw05893011001_02101_00004_nrcb2_cal.fits,SCIENCE,,CAL,,CALJWST,2.0.0,5893,jw05893011001_02101_00004_nrcb2_cal.fits,117573120,262817470,PUBLIC,2,F200W
262816038,JWST,image,jw05893011001_02101_00006_nrcb2,exposure (L2b): 2D calibrated exposure average over integrations,S,mast:JWST/product/jw05893011001_02101_00006_nrcb2_cal.fits,SCIENCE,,CAL,,CALJWST,2.0.0,5893,jw05893011001_02101_00006_nrcb2_cal.fits,117573120,262817470,PUBLIC,2,F200W
262816039,JWST,image,jw05893011001_02101_00004_nrcb4,exposure (L2b): 2D calibrated exposure average over integrations,S,mast:JWST/product/jw05893011001_02101_00004_nrcb4_cal.fits,SCIENCE,,CAL,,CALJWST,2.0.0,5893,jw05893011001_02101_00004_nrcb4_cal.fits,117573120,262817470,PUBLIC,2,F200W
262816041,JWST,image,jw05893011001_02101_00001_nrcb3,exposure (L2b): 2D calibrated exposure average over integrations,S,mast:JWST/product/jw05893011001_02101_00001_nrcb3_cal.fits,SCIENCE,,CAL,,CALJWST,2.0.0,5893,jw05893011001_02101_00001_nrcb3_cal.fits,117573120,262817470,PUBLIC,2,F200W
262816042,JWST,image,jw05893011001_02101_00002_nrca4,exposure (L2b): 2D calibrated exposure average over integrations,S,mast:JWST/product/jw05893011001_02101_00002_nrca4_cal.fits,SCIENCE,,CAL,,CALJWST,2.0.0,5893,jw05893011001_02101_00002_nrca4_cal.fits,117573120,262817470,PUBLIC,2,F200W
262816045,JWST,image,jw05893011001_02101_00004_nrca4,exposure (L2b): 2D calibrated exposure average over integrations,S,mast:JWST/product/jw05893011001_02101_00004_nrca4_cal.fits,SCIENCE,,CAL,,CALJWST,2.0.0,5893,jw05893011001_02101_00004_nrca4_cal.fits,117573120,262817470,PUBLIC,2,F200W
262816048,JWST,image,jw05893011001_02101_00002_nrcb1,exposure (L2b): 2D calibrated exposure average over integrations,S,mast:JWST/product/jw05893011001_02101_00002_nrcb1_cal.fits,SCIENCE,,CAL,,CALJWST,2.0.0,5893,jw05893011001_02101_00002_nrcb1_cal.fits,117573120,262817470,PUBLIC,2,F200W
262816051,JWST,image,jw05893011001_02101_00002_nrcb4,exposure (L2b): 2D calibrated exposure average over integrations,S,mast:JWST/product/jw05893011001_02101_00002_nrcb4_cal.fits,SCIENCE,,CAL,,CALJWST,2.0.0,5893,jw05893011001_02101_00002_nrcb4_cal.fits,117573120,262817470,PUBLIC,2,F200W
262816056,JWST,image,jw05893011001_02101_00006_nrcb4,exposure (L2b): 2D calibrated exposure average over integrations,S,mast:JWST/product/jw05893011001_02101_00006_nrcb4_cal.fits,SCIENCE,,CAL,,CALJWST,2.0.0,5893,jw05893011001_02101_00006_nrcb4_cal.fits,117573120,262817470,PUBLIC,2,F200W
262816057,JWST,image,jw05893011001_02101_00004_nrcb3,exposure (L2b): 2D calibrated exposure average over integrations,S,mast:JWST/product/jw05893011001_02101_00004_nrcb3_cal.fits,SCIENCE,,CAL,,CALJWST,2.0.0,5893,jw05893011001_02101_00004_nrcb3_cal.fits,117573120,262817470,PUBLIC,2,F200W
262816061,JWST,image,jw05893011001_02101_00001_nrcb2,exposure (L2b): 2D calibrated exposure average over integrations,S,mast:JWST/product/jw05893011001_02101_00001_nrcb2_cal.fits,SCIENCE,,CAL,,CALJWST,2.0.0,5893,jw05893011001_02101_00001_nrcb2_cal.fits,117573120,262817470,PUBLIC,2,F200W
262816072,JWST,image,jw05893011003_02101_00006_nrca2,exposure (L2b): 2D calibrated exposure average over integrations,S,mast:JWST/product/jw05893011003_02101_00006_nrca2_cal.fits,SCIENCE,,CAL,,CALJWST,2.0.0,5893,jw05893011003_02101_00006_nrca2_cal.fits,117570240,262817470,PUBLIC,2,F200W
262816075,JWST,image,jw05893011003_02101_00006_nrcb3,exposure (L2b): 2D calibrated exposure average over integrations,S,mast:JWST/product/jw05893011003_02101_00006_nrcb3_cal.fits,SCIENCE,,CAL,,CALJWST,2.0.0,5893,jw05893011003_02101_00006_nrcb3_cal.fits,117573120,262817470,PUBLIC,2,F200W
262816076,JWST,image,jw05893011003_02101_00006_nrcb1,exposure (L2b): 2D calibrated exposure average over integrations,S,mast:JWST/product/jw05893011003_02101_00006_nrcb1_cal.fits,SCIENCE,,CAL,,CALJWST,2.0.0,5893,jw05893011003_02101_00006_nrcb1_cal.fits,117573120,262817470,PUBLIC,2,F200W
262816078,JWST,image,jw05893011003_02101_00006_nrca4,exposure (L2b): 2D calibrated exposure average over integrations,S,mast:JWST/product/jw05893011003_02101_00006_nrca4_cal.fits,SCIENCE,,CAL,,CALJWST,2.0.0,5893,jw05893011003_02101_00006_nrca4_cal.fits,117573120,262817470,PUBLIC,2,F200W
262816079,JWST,image,jw05893011003_02101_00006_nrcb4,exposure (L2b): 2D calibrated exposure average over integrations,S,mast:JWST/product/jw05893011003_02101_00006_nrcb4_cal.fits,SCIENCE,,CAL,,CALJWST,2.0.0,5893,jw05893011003_02101_00006_nrcb4_cal.fits,117573120,262817470,PUBLIC,2,F200W
262816083,JWST,image,jw05893011003_02101_00006_nrca3,exposure (L2b): 2D calibrated exposure average over integrations,S,mast:JWST/product/jw05893011003_02101_00006_nrca3_cal.fits,SCIENCE,,CAL,,CALJWST,2.0.0,5893,jw05893011003_02101_00006_nrca3_cal.fits,117573120,262817470,PUBLIC,2,F200W
262816085,JWST,image,jw05893011003_02101_00006_nrcb2,exposure (L2b): 2D calibrated exposure average over integrations,S,mast:JWST/product/jw05893011003_02101_00006_nrcb2_cal.fits,SCIENCE,,CAL,,CALJWST,2.0.0,5893,jw05893011003_02101_00006_nrcb2_cal.fits,117573120,262817470,PUBLIC,2,F200W
262816091,JWST,image,jw05893011003_02101_00006_nrca1,exposure (L2b): 2D calibrated exposure average over integrations,S,mast:JWST/product/jw05893011003_02101_00006_nrca1_cal.fits,SCIENCE,,CAL,,CALJWST,2.0.0,5893,jw05893011003_02101_00006_nrca1_cal.fits,117570240,262817470,PUBLIC,2,F200W
262816738,JWST,image,jw05893011004_02101_00001_nrca2,exposure (L2b): 2D calibrated exposure average over integrations,S,mast:JWST/product/jw05893011004_02101_00001_nrca2_cal.fits,SCIENCE,,CAL,,CALJWST,2.0.0,5893,jw05893011004_02101_00001_nrca2_cal.fits,117570240,262817470,PUBLIC,2,F200W
262816740,JWST,image,jw05893011004_02101_00001_nrcb3,exposure (L2b): 2D calibrated exposure average over integrations,S,mast:JWST/product/jw05893011004_02101_00001_nrcb3_cal.fits,SCIENCE,,CAL,,CALJWST,2.0.0,5893,jw05893011004_02101_00001_nrcb3_cal.fits,117573120,262817470,PUBLIC,2,F200W
262816741,JWST,image,jw05893011004_02101_00001_nrcb4,exposure (L2b): 2D calibrated exposure average over integrations,S,mast:JWST/product/jw05893011004_02101_00001_nrcb4_cal.fits,SCIENCE,,CAL,,CALJWST,2.0.0,5893,jw05893011004_02101_00001_nrcb4_cal.fits,117573120,262817470,PUBLIC,2,F200W
262816742,JWST,image,jw05893011004_02101_00001_nrcb1,exposure (L2b): 2D calibrated exposure average over integrations,S,mast:JWST/product/jw05893011004_02101_00001_nrcb1_cal.fits,SCIENCE,,CAL,,CALJWST,2.0.0,5893,jw05893011004_02101_00001_nrcb1_cal.fits,117573120,262817470,PUBLIC,2,F200W
262816743,JWST,image,jw05893011004_02101_00001_nrca4,exposure (L2b): 2D calibrated exposure average over integrations,S,mast:JWST/product/jw05893011004_02101_00001_nrca4_cal.fits,SCIENCE,,CAL,,CALJWST,2.0.0,5893,jw05893011004_02101_00001_nrca4_cal.fits,117573120,262817470,PUBLIC,2,F200W
262816744,JWST,image,jw05893011004_02101_00001_nrcb2,exposure (L2b): 2D calibrated exposure average over integrations,S,mast:JWST/product/jw05893011004_02101_00001_nrcb2_cal.fits,SCIENCE,,CAL,,CALJWST,2.0.0,5893,jw05893011004_02101_00001_nrcb2_cal.fits,117573120,262817470,PUBLIC,2,F200W
262816745,JWST,image,jw05893011004_02101_00001_nrca3,exposure (L2b): 2D calibrated exposure average over integrations,S,mast:JWST/product/jw05893011004_02101_00001_nrca3_cal.fits,SCIENCE,,CAL,,CALJWST,2.0.0,5893,jw05893011004_02101_00001_nrca3_cal.fits,117573120,262817470,PUBLIC,2,F200W
262816747,JWST,image,jw05893011004_02101_00002_nrca4,exposure (L2b): 2D calibrated exposure average over integrations,S,mast:JWST/product/jw05893011004_02101_00002_nrca4_cal.fits,SCIENCE,,CAL,,CALJWST,2.0.0,5893,jw05893011004_02101_00002_nrca4_cal.fits,117573120,262817470,PUBLIC,2,F200W
262816749,JWST,image,jw05893011004_02101_00001_nrca1,exposure (L2b): 2D calibrated exposure average over integrations,S,mast:JWST/product/jw05893011004_02101_00001_nrca1_cal.fits,SCIENCE,,CAL,,CALJWST,2.0.0,5893,jw05893011004_02101_00001_nrca1_cal.fits,117570240,262817470,PUBLIC,2,F200W
262816750,JWST,image,jw05893011004_02101_00002_nrca2,exposure (L2b): 2D calibrated exposure average over integrations,S,mast:JWST/product/jw05893011004_02101_00002_nrca2_cal.fits,SCIENCE,,CAL,,CALJWST,2.0.0,5893,jw05893011004_02101_00002_nrca2_cal.fits,117570240,262817470,PUBLIC,2,F200W
262816751,JWST,image,jw05893011004_02101_00002_nrcb3,exposure (L2b): 2D calibrated exposure average over integrations,S,mast:JWST/product/jw05893011004_02101_00002_nrcb3_cal.fits,SCIENCE,,CAL,,CALJWST,2.0.0,5893,jw05893011004_02101_00002_nrcb3_cal.fits,117573120,262817470,PUBLIC,2,F200W
262816752,JWST,image,jw05893011004_02101_00002_nrcb4,exposure (L2b): 2D calibrated exposure average over integrations,S,mast:JWST/product/jw05893011004_02101_00002_nrcb4_cal.fits,SCIENCE,,CAL,,CALJWST,2.0.0,5893,jw05893011004_02101_00002_nrcb4_cal.fits,117573120,262817470,PUBLIC,2,F200W
262816756,JWST,image,jw05893011004_02101_00005_nrcb2,exposure (L2b): 2D calibrated exposure average over integrations,S,mast:JWST/product/jw05893011004_02101_00005_nrcb2_cal.fits,SCIENCE,,CAL,,CALJWST,2.0.0,5893,jw05893011004_02101_00005_nrcb2_cal.fits,117573120,262817470,PUBLIC,2,F200W
262816757,JWST,image,jw05893011004_02101_00002_nrcb2,exposure (L2b): 2D calibrated exposure average over integrations,S,mast:JWST/product/jw05893011004_02101_00002_nrcb2_cal.fits,SCIENCE,,CAL,,CALJWST,2.0.0,5893,jw05893011004_02101_00002_nrcb2_cal.fits,117573120,262817470,PUBLIC,2,F200W
262816758,JWST,image,jw05893011004_02101_00005_nrca2,exposure (L2b): 2D calibrated exposure average over integrations,S,mast:JWST/product/jw05893011004_02101_00005_nrca2_cal.fits,SCIENCE,,CAL,,CALJWST,2.0.0,5893,jw05893011004_02101_00005_nrca2_cal.fits,117570240,262817470,PUBLIC,2,F200W
262816759,JWST,image,jw05893011004_02101_00005_nrcb1,exposure (L2b): 2D calibrated exposure average over integrations,S,mast:JWST/product/jw05893011004_02101_00005_nrcb1_cal.fits,SCIENCE,,CAL,,CALJWST,2.0.0,5893,jw05893011004_02101_00005_nrcb1_cal.fits,117573120,262817470,PUBLIC,2,F200W
262816760,JWST,image,jw05893011004_02101_00004_nrca4,exposure (L2b): 2D calibrated exposure average over integrations,S,mast:JWST/product/jw05893011004_02101_00004_nrca4_cal.fits,SCIENCE,,CAL,,CALJWST,2.0.0,5893,jw05893011004_02101_00004_nrca4_cal.fits,117573120,262817470,PUBLIC,2,F200W
262816761,JWST,image,jw05893011004_02101_00006_nrcb4,exposure (L2b): 2D calibrated exposure average over integrations,S,mast:JWST/product/jw05893011004_02101_00006_nrcb4_cal.fits,SCIENCE,,CAL,,CALJWST,2.0.0,5893,jw05893011004_02101_00006_nrcb4_cal.fits,117573120,262817470,PUBLIC,2,F200W
262816765,JWST,image,jw05893011004_02101_00003_nrcb3,exposure (L2b): 2D calibrated exposure average over integrations,S,mast:JWST/product/jw05893011004_02101_00003_nrcb3_cal.fits,SCIENCE,,CAL,,CALJWST,2.0.0,5893,jw05893011004_02101_00003_nrcb3_cal.fits,117573120,262817470,PUBLIC,2,F200W
262816767,JWST,image,jw05893011004_02101_00004_nrca2,exposure (L2b): 2D calibrated exposure average over integrations,S,mast:JWST/product/jw05893011004_02101_00004_nrca2_cal.fits,SCIENCE,,CAL,,CALJWST,2.0.0,5893,jw05893011004_02101_00004_nrca2_cal.fits,117570240,262817470,PUBLIC,2,F200W
262816768,JWST,image,jw05893011004_02101_00005_nrcb4,exposure (L2b): 2D calibrated exposure average over integrations,S,mast:JWST/product/jw05893011004_02101_00005_nrcb4_cal.fits,SCIENCE,,CAL,,CALJWST,2.0.0,5893,jw05893011004_02101_00005_nrcb4_cal.fits,117573120,262817470,PUBLIC,2,F200W
262816769,JWST,image,jw05893011004_02101_00002_nrca3,exposure (L2b): 2D calibrated exposure average over integrations,S,mast:JWST/product/jw05893011004_02101_00002_nrca3_cal.fits,SCIENCE,,CAL,,CALJWST,2.0.0,5893,jw05893011004_02101_00002_nrca3_cal.fits,117573120,262817470,PUBLIC,2,F200W
262816772,JWST,image,jw05893011004_02101_00003_nrca4,exposure (L2b): 2D calibrated exposure average over integrations,S,mast:JWST/product/jw05893011004_02101_00003_nrca4_cal.fits,SCIENCE,,CAL,,CALJWST,2.0.0,5893,jw05893011004_02101_00003_nrca4_cal.fits,117573120,262817470,PUBLIC,2,F200W
262816776,JWST,image,jw05893011004_02101_00004_nrcb4,exposure (L2b): 2D calibrated exposure average over integrations,S,mast:JWST/product/jw05893011004_02101_00004_nrcb4_cal.fits,SCIENCE,,CAL,,CALJWST,2.0.0,5893,jw05893011004_02101_00004_nrcb4_cal.fits,117573120,262817470,PUBLIC,2,F200W
262816778,JWST,image,jw05893011004_02101_00002_nrcb1,exposure (L2b): 2D calibrated exposure average over integrations,S,mast:JWST/product/jw05893011004_02101_00002_nrcb1_cal.fits,SCIENCE,,CAL,,CALJWST,2.0.0,5893,jw05893011004_02101_00002_nrcb1_cal.fits,117573120,262817470,PUBLIC,2,F200W
262816779,JWST,image,jw05893011004_02101_00003_nrca2,exposure (L2b): 2D calibrated exposure average over integrations,S,mast:JWST/product/jw05893011004_02101_00003_nrca2_cal.fits,SCIENCE,,CAL,,CALJWST,2.0.0,5893,jw05893011004_02101_00003_nrca2_cal.fits,117570240,262817470,PUBLIC,2,F200W
262816780,JWST,image,jw05893011004_02101_00006_nrcb2,exposure (L2b): 2D calibrated exposure average over integrations,S,mast:JWST/product/jw05893011004_02101_00006_nrcb2_cal.fits,SCIENCE,,CAL,,CALJWST,2.0.0,5893,jw05893011004_02101_00006_nrcb2_cal.fits,117573120,262817470,PUBLIC,2,F200W
262816781,JWST,image,jw05893011004_02101_00006_nrcb1,exposure (L2b): 2D calibrated exposure average over integrations,S,mast:JWST/product/jw05893011004_02101_00006_nrcb1_cal.fits,SCIENCE,,CAL,,CALJWST,2.0.0,5893,jw05893011004_02101_00006_nrcb1_cal.fits,117573120,262817470,PUBLIC,2,F200W
262816782,JWST,image,jw05893011004_02101_00003_nrca1,exposure (L2b): 2D calibrated exposure average over integrations,S,mast:JWST/product/jw05893011004_02101_00003_nrca1_cal.fits,SCIENCE,,CAL,,CALJWST,2.0.0,5893,jw05893011004_02101_00003_nrca1_cal.fits,117570240,262817470,PUBLIC,2,F200W
262816783,JWST,image,jw05893011004_02101_00003_nrcb1,exposure (L2b): 2D calibrated exposure average over integrations,S,mast:JWST/product/jw05893011004_02101_00003_nrcb1_cal.fits,SCIENCE,,CAL,,CALJWST,2.0.0,5893,jw05893011004_02101_00003_nrcb1_cal.fits,117573120,262817470,PUBLIC,2,F200W
262816784,JWST,image,jw05893011004_02101_00005_nrca4,exposure (L2b): 2D calibrated exposure average over integrations,S,mast:JWST/product/jw05893011004_02101_00005_nrca4_cal.fits,SCIENCE,,CAL,,CALJWST,2.0.0,5893,jw05893011004_02101_00005_nrca4_cal.fits,117573120,262817470,PUBLIC,2,F200W
262816785,JWST,image,jw05893011004_02101_00004_nrca3,exposure (L2b): 2D calibrated exposure average over integrations,S,mast:JWST/product/jw05893011004_02101_00004_nrca3_cal.fits,SCIENCE,,CAL,,CALJWST,2.0.0,5893,jw05893011004_02101_00004_nrca3_cal.fits,117573120,262817470,PUBLIC,2,F200W
262816788,JWST,image,jw05893011004_02101_00004_nrca1,exposure (L2b): 2D calibrated exposure average over integrations,S,mast:JWST/product/jw05893011004_02101_00004_nrca1_cal.fits,SCIENCE,,CAL,,CALJWST,2.0.0,5893,jw05893011004_02101_00004_nrca1_cal.fits,117570240,262817470,PUBLIC,2,F200W
262816793,JWST,image,jw05893011004_02101_00006_nrca3,exposure (L2b): 2D calibrated exposure average over integrations,S,mast:JWST/product/jw05893011004_02101_00006_nrca3_cal.fits,SCIENCE,,CAL,,CALJWST,2.0.0,5893,jw05893011004_02101_00006_nrca3_cal.fits,117573120,262817470,PUBLIC,2,F200W
262816794,JWST,image,jw05893011004_02101_00006_nrca4,exposure (L2b): 2D calibrated exposure average over integrations,S,mast:JWST/product/jw05893011004_02101_00006_nrca4_cal.fits,SCIENCE,,CAL,,CALJWST,2.0.0,5893,jw05893011004_02101_00006_nrca4_cal.fits,117573120,262817470,PUBLIC,2,F200W
262816795,JWST,image,jw05893011004_02101_00003_nrca3,exposure (L2b): 2D calibrated exposure average over integrations,S,mast:JWST/product/jw05893011004_02101_00003_nrca3_cal.fits,SCIENCE,,CAL,,CALJWST,2.0.0,5893,jw05893011004_02101_00003_nrca3_cal.fits,117573120,262817470,PUBLIC,2,F200W
262816797,JWST,image,jw05893011004_02101_00002_nrca1,exposure (L2b): 2D calibrated exposure average over integrations,S,mast:JWST/product/jw05893011004_02101_00002_nrca1_cal.fits,SCIENCE,,CAL,,CALJWST,2.0.0,5893,jw05893011004_02101_00002_nrca1_cal.fits,117570240,262817470,PUBLIC,2,F200W
262816799,JWST,image,jw05893011004_02101_00005_nrca1,exposure (L2b): 2D calibrated exposure average over integrations,S,mast:JWST/product/jw05893011004_02101_00005_nrca1_cal.fits,SCIENCE,,CAL,,CALJWST,2.0.0,5893,jw05893011004_02101_00005_nrca1_cal.fits,117570240,262817470,PUBLIC,2,F200W
262816801,JWST,image,jw05893011004_02101_00003_nrcb4,exposure (L2b): 2D calibrated exposure average over integrations,S,mast:JWST/product/jw05893011004_02101_00003_nrcb4_cal.fits,SCIENCE,,CAL,,CALJWST,2.0.0,5893,jw05893011004_02101_00003_nrcb4_cal.fits,117573120,262817470,PUBLIC,2,F200W
262816802,JWST,image,jw05893011004_02101_00006_nrca1,exposure (L2b): 2D calibrated exposure average over integrations,S,mast:JWST/product/jw05893011004_02101_00006_nrca1_cal.fits,SCIENCE,,CAL,,CALJWST,2.0.0,5893,jw05893011004_02101_00006_nrca1_cal.fits,117570240,262817470,PUBLIC,2,F200W
262816803,JWST,image,jw05893011004_02101_00005_nrcb3,exposure (L2b): 2D calibrated exposure average over integrations,S,mast:JWST/product/jw05893011004_02101_00005_nrcb3_cal.fits,SCIENCE,,CAL,,CALJWST,2.0.0,5893,jw05893011004_02101_00005_nrcb3_cal.fits,117573120,262817470,PUBLIC,2,F200W
262816804,JWST,image,jw05893011004_02101_00006_nrcb3,exposure (L2b): 2D calibrated exposure average over integrations,S,mast:JWST/product/jw05893011004_02101_00006_nrcb3_cal.fits,SCIENCE,,CAL,,CALJWST,2.0.0,5893,jw05893011004_02101_00006_nrcb3_cal.fits,117573120,262817470,PUBLIC,2,F200W
262816805,JWST,image,jw05893011004_02101_00004_nrcb3,exposure (L2b): 2D calibrated exposure average over integrations,S,mast:JWST/product/jw05893011004_02101_00004_nrcb3_cal.fits,SCIENCE,,CAL,,CALJWST,2.0.0,5893,jw05893011004_02101_00004_nrcb3_cal.fits,117573120,262817470,PUBLIC,2,F200W
262816806,JWST,image,jw05893011004_02101_00004_nrcb2,exposure (L2b): 2D calibrated exposure average over integrations,S,mast:JWST/product/jw05893011004_02101_00004_nrcb2_cal.fits,SCIENCE,,CAL,,CALJWST,2.0.0,5893,jw05893011004_02101_00004_nrcb2_cal.fits,117573120,262817470,PUBLIC,2,F200W
262816808,JWST,image,jw05893011004_02101_00005_nrca3,exposure (L2b): 2D calibrated exposure average over integrations,S,mast:JWST/product/jw05893011004_02101_00005_nrca3_cal.fits,SCIENCE,,CAL,,CALJWST,2.0.0,5893,jw05893011004_02101_00005_nrca3_cal.fits,117573120,262817470,PUBLIC,2,F200W
262816809,JWST,image,jw05893011004_02101_00003_nrcb2,exposure (L2b): 2D calibrated exposure average over integrations,S,mast:JWST/product/jw05893011004_02101_00003_nrcb2_cal.fits,SCIENCE,,CAL,,CALJWST,2.0.0,5893,jw05893011004_02101_00003_nrcb2_cal.fits,117573120,262817470,PUBLIC,2,F200W
262816812,JWST,image,jw05893011004_02101_00006_nrca2,exposure (L2b): 2D calibrated exposure average over integrations,S,mast:JWST/product/jw05893011004_02101_00006_nrca2_cal.fits,SCIENCE,,CAL,,CALJWST,2.0.0,5893,jw05893011004_02101_00006_nrca2_cal.fits,117570240,262817470,PUBLIC,2,F200W
262816813,JWST,image,jw05893011004_02101_00004_nrcb1,exposure (L2b): 2D calibrated exposure average over integrations,S,mast:JWST/product/jw05893011004_02101_00004_nrcb1_cal.fits,SCIENCE,,CAL,,CALJWST,2.0.0,5893,jw05893011004_02101_00004_nrcb1_cal.fits,117573120,262817470,PUBLIC,2,F200W
262816826,JWST,image,jw05893011005_02101_00001_nrcb1,exposure (L2b): 2D calibrated exposure average over integrations,S,mast:JWST/product/jw05893011005_02101_00001_nrcb1_cal.fits,SCIENCE,,CAL,,CALJWST,2.0.0,5893,jw05893011005_02101_00001_nrcb1_cal.fits,117573120,262817470,PUBLIC,2,F200W
262816827,JWST,image,jw05893011005_02101_00001_nrca2,exposure (L2b): 2D calibrated exposure average over integrations,S,mast:JWST/product/jw05893011005_02101_00001_nrca2_cal.fits,SCIENCE,,CAL,,CALJWST,2.0.0,5893,jw05893011005_02101_00001_nrca2_cal.fits,117570240,262817470,PUBLIC,2,F200W
262816829,JWST,image,jw05893011005_02101_00001_nrcb2,exposure (L2b): 2D calibrated exposure average over integrations,S,mast:JWST/product/jw05893011005_02101_00001_nrcb2_cal.fits,SCIENCE,,CAL,,CALJWST,2.0.0,5893,jw05893011005_02101_00001_nrcb2_cal.fits,117573120,262817470,PUBLIC,2,F200W
262816832,JWST,image,jw05893011005_02101_00001_nrcb4,exposure (L2b): 2D calibrated exposure average over integrations,S,mast:JWST/product/jw05893011005_02101_00001_nrcb4_cal.fits,SCIENCE,,CAL,,CALJWST,2.0.0,5893,jw05893011005_02101_00001_nrcb4_cal.fits,117573120,262817470,PUBLIC,2,F200W
262816835,JWST,image,jw05893011005_02101_00001_nrca1,exposure (L2b): 2D calibrated exposure average over integrations,S,mast:JWST/product/jw05893011005_02101_00001_nrca1_cal.fits,SCIENCE,,CAL,,CALJWST,2.0.0,5893,jw05893011005_02101_00001_nrca1_cal.fits,117570240,262817470,PUBLIC,2,F200W
262816836,JWST,image,jw05893011005_02101_00001_nrca4,exposure (L2b): 2D calibrated exposure average over integrations,S,mast:JWST/product/jw05893011005_02101_00001_nrca4_cal.fits,SCIENCE,,CAL,,CALJWST,2.0.0,5893,jw05893011005_02101_00001_nrca4_cal.fits,117573120,262817470,PUBLIC,2,F200W
262816837,JWST,image,jw05893011005_02101_00001_nrca3,exposure (L2b): 2D calibrated exposure average over integrations,S,mast:JWST/product/jw05893011005_02101_00001_nrca3_cal.fits,SCIENCE,,CAL,,CALJWST,2.0.0,5893,jw05893011005_02101_00001_nrca3_cal.fits,117573120,262817470,PUBLIC,2,F200W
262816838,JWST,image,jw05893011005_02101_00001_nrcb3,exposure (L2b): 2D calibrated exposure average over integrations,S,mast:JWST/product/jw05893011005_02101_00001_nrcb3_cal.fits,SCIENCE,,CAL,,CALJWST,2.0.0,5893,jw05893011005_02101_00001_nrcb3_cal.fits,117573120,262817470,PUBLIC,2,F200W
262816920,JWST,image,jw05893011005_02101_00002_nrcb1,exposure (L2b): 2D calibrated exposure average over integrations,S,mast:JWST/product/jw05893011005_02101_00002_nrcb1_cal.fits,SCIENCE,,CAL,,CALJWST,2.0.0,5893,jw05893011005_02101_00002_nrcb1_cal.fits,117573120,262817470,PUBLIC,2,F200W
262816921,JWST,image,jw05893011005_02101_00002_nrca3,exposure (L2b): 2D calibrated exposure average over integrations,S,mast:JWST/product/jw05893011005_02101_00002_nrca3_cal.fits,SCIENCE,,CAL,,CALJWST,2.0.0,5893,jw05893011005_02101_00002_nrca3_cal.fits,117573120,262817470,PUBLIC,2,F200W
262816922,JWST,image,jw05893011005_02101_00002_nrcb2,exposure (L2b): 2D calibrated exposure average over integrations,S,mast:JWST/product/jw05893011005_02101_00002_nrcb2_cal.fits,SCIENCE,,CAL,,CALJWST,2.0.0,5893,jw05893011005_02101_00002_nrcb2_cal.fits,117573120,262817470,PUBLIC,2,F200W
262816924,JWST,image,jw05893011005_02101_00002_nrca2,exposure (L2b): 2D calibrated exposure average over integrations,S,mast:JWST/product/jw05893011005_02101_00002_nrca2_cal.fits,SCIENCE,,CAL,,CALJWST,2.0.0,5893,jw05893011005_02101_00002_nrca2_cal.fits,117570240,262817470,PUBLIC,2,F200W
262816925,JWST,image,jw05893011005_02101_00002_nrcb3,exposure (L2b): 2D calibrated exposure average over integrations,S,mast:JWST/product/jw05893011005_02101_00002_nrcb3_cal.fits,SCIENCE,,CAL,,CALJWST,2.0.0,5893,jw05893011005_02101_00002_nrcb3_cal.fits,117573120,262817470,PUBLIC,2,F200W
262816927,JWST,image,jw05893011005_02101_00002_nrca1,exposure (L2b): 2D calibrated exposure average over integrations,S,mast:JWST/product/jw05893011005_02101_00002_nrca1_cal.fits,SCIENCE,,CAL,,CALJWST,2.0.0,5893,jw05893011005_02101_00002_nrca1_cal.fits,117570240,262817470,PUBLIC,2,F200W
262816928,JWST,image,jw05893011005_02101_00002_nrca4,exposure (L2b): 2D calibrated exposure average over integrations,S,mast:JWST/product/jw05893011005_02101_00002_nrca4_cal.fits,SCIENCE,,CAL,,CALJWST,2.0.0,5893,jw05893011005_02101_00002_nrca4_cal.fits,117573120,262817470,PUBLIC,2,F200W
262816930,JWST,image,jw05893011005_02101_00002_nrcb4,exposure (L2b): 2D calibrated exposure average over integrations,S,mast:JWST/product/jw05893011005_02101_00002_nrcb4_cal.fits,SCIENCE,,CAL,,CALJWST,2.0.0,5893,jw05893011005_02101_00002_nrcb4_cal.fits,117573120,262817470,PUBLIC,2,F200W
262816931,JWST,image,jw05893011005_02101_00003_nrca1,exposure (L2b): 2D calibrated exposure average over integrations,S,mast:JWST/product/jw05893011005_02101_00003_nrca1_cal.fits,SCIENCE,,CAL,,CALJWST,2.0.0,5893,jw05893011005_02101_00003_nrca1_cal.fits,117570240,262817470,PUBLIC,2,F200W
262816933,JWST,image,jw05893011005_02101_00003_nrcb3,exposure (L2b): 2D calibrated exposure average over integrations,S,mast:JWST/product/jw05893011005_02101_00003_nrcb3_cal.fits,SCIENCE,,CAL,,CALJWST,2.0.0,5893,jw05893011005_02101_00003_nrcb3_cal.fits,117573120,262817470,PUBLIC,2,F200W
262816934,JWST,image,jw05893011005_02101_00004_nrca3,exposure (L2b): 2D calibrated exposure average over integrations,S,mast:JWST/product/jw05893011005_02101_00004_nrca3_cal.fits,SCIENCE,,CAL,,CALJWST,2.0.0,5893,jw05893011005_02101_00004_nrca3_cal.fits,117573120,262817470,PUBLIC,2,F200W
262816935,JWST,image,jw05893011005_02101_00004_nrca1,exposure (L2b): 2D calibrated exposure average over integrations,S,mast:JWST/product/jw05893011005_02101_00004_nrca1_cal.fits,SCIENCE,,CAL,,CALJWST,2.0.0,5893,jw05893011005_02101_00004_nrca1_cal.fits,117570240,262817470,PUBLIC,2,F200W
262816936,JWST,image,jw05893011005_02101_00004_nrcb3,exposure (L2b): 2D calibrated exposure average over integrations,S,mast:JWST/product/jw05893011005_02101_00004_nrcb3_cal.fits,SCIENCE,,CAL,,CALJWST,2.0.0,5893,jw05893011005_02101_00004_nrcb3_cal.fits,117573120,262817470,PUBLIC,2,F200W
262816937,JWST,image,jw05893011005_02101_00003_nrca2,exposure (L2b): 2D calibrated exposure average over integrations,S,mast:JWST/product/jw05893011005_02101_00003_nrca2_cal.fits,SCIENCE,,CAL,,CALJWST,2.0.0,5893,jw05893011005_02101_00003_nrca2_cal.fits,117570240,262817470,PUBLIC,2,F200W
262816938,JWST,image,jw05893011005_02101_00003_nrcb4,exposure (L2b): 2D calibrated exposure average over integrations,S,mast:JWST/product/jw05893011005_02101_00003_nrcb4_cal.fits,SCIENCE,,CAL,,CALJWST,2.0.0,5893,jw05893011005_02101_00003_nrcb4_cal.fits,117573120,262817470,PUBLIC,2,F200W
262816940,JWST,image,jw05893011005_02101_00003_nrcb1,exposure (L2b): 2D calibrated exposure average over integrations,S,mast:JWST/product/jw05893011005_02101_00003_nrcb1_cal.fits,SCIENCE,,CAL,,CALJWST,2.0.0,5893,jw05893011005_02101_00003_nrcb1_cal.fits,117573120,262817470,PUBLIC,2,F200W
262816941,JWST,image,jw05893011005_02101_00004_nrcb2,exposure (L2b): 2D calibrated exposure average over integrations,S,mast:JWST/product/jw05893011005_02101_00004_nrcb2_cal.fits,SCIENCE,,CAL,,CALJWST,2.0.0,5893,jw05893011005_02101_00004_nrcb2_cal.fits,117573120,262817470,PUBLIC,2,F200W
262816943,JWST,image,jw05893011005_02101_00004_nrca4,exposure (L2b): 2D calibrated exposure average over integrations,S,mast:JWST/product/jw05893011005_02101_00004_nrca4_cal.fits,SCIENCE,,CAL,,CALJWST,2.0.0,5893,jw05893011005_02101_00004_nrca4_cal.fits,117573120,262817470,PUBLIC,2,F200W
262816944,JWST,image,jw05893011005_02101_00003_nrca3,exposure (L2b): 2D calibrated exposure average over integrations,S,mast:JWST/product/jw05893011005_02101_00003_nrca3_cal.fits,SCIENCE,,CAL,,CALJWST,2.0.0,5893,jw05893011005_02101_00003_nrca3_cal.fits,117573120,262817470,PUBLIC,2,F200W
262816945,JWST,image,jw05893011005_02101_00003_nrcb2,exposure (L2b): 2D calibrated exposure average over integrations,S,mast:JWST/product/jw05893011005_02101_00003_nrcb2_cal.fits,SCIENCE,,CAL,,CALJWST,2.0.0,5893,jw05893011005_02101_00003_nrcb2_cal.fits,117573120,262817470,PUBLIC,2,F200W
262816946,JWST,image,jw05893011005_02101_00004_nrcb1,exposure (L2b): 2D calibrated exposure average over integrations,S,mast:JWST/product/jw05893011005_02101_00004_nrcb1_cal.fits,SCIENCE,,CAL,,CALJWST,2.0.0,5893,jw05893011005_02101_00004_nrcb1_cal.fits,117573120,262817470,PUBLIC,2,F200W
262816947,JWST,image,jw05893011005_02101_00003_nrca4,exposure (L2b): 2D calibrated exposure average over integrations,S,mast:JWST/product/jw05893011005_02101_00003_nrca4_cal.fits,SCIENCE,,CAL,,CALJWST,2.0.0,5893,jw05893011005_02101_00003_nrca4_cal.fits,117573120,262817470,PUBLIC,2,F200W
262816948,JWST,image,jw05893011005_02101_00004_nrcb4,exposure (L2b): 2D calibrated exposure average over integrations,S,mast:JWST/product/jw05893011005_02101_00004_nrcb4_cal.fits,SCIENCE,,CAL,,CALJWST,2.0.0,5893,jw05893011005_02101_00004_nrcb4_cal.fits,117573120,262817470,PUBLIC,2,F200W
262816959,JWST,image,jw05893011005_02101_00005_nrcb3,exposure (L2b): 2D calibrated exposure average over integrations,S,mast:JWST/product/jw05893011005_02101_00005_nrcb3_cal.fits,SCIENCE,,CAL,,CALJWST,2.0.0,5893,jw05893011005_02101_00005_nrcb3_cal.fits,117573120,262817470,PUBLIC,2,F200W
262816962,JWST,image,jw05893011005_02101_00005_nrcb4,exposure (L2b): 2D calibrated exposure average over integrations,S,mast:JWST/product/jw05893011005_02101_00005_nrcb4_cal.fits,SCIENCE,,CAL,,CALJWST,2.0.0,5893,jw05893011005_02101_00005_nrcb4_cal.fits,117573120,262817470,PUBLIC,2,F200W
262816970,JWST,image,jw05893011005_02101_00006_nrca3,exposure (L2b): 2D calibrated exposure average over integrations,S,mast:JWST/product/jw05893011005_02101_00006_nrca3_cal.fits,SCIENCE,,CAL,,CALJWST,2.0.0,5893,jw05893011005_02101_00006_nrca3_cal.fits,117573120,262817470,PUBLIC,2,F200W
262816976,JWST,image,jw05893011005_02101_00005_nrcb1,exposure (L2b): 2D calibrated exposure average over integrations,S,mast:JWST/product/jw05893011005_02101_00005_nrcb1_cal.fits,SCIENCE,,CAL,,CALJWST,2.0.0,5893,jw05893011005_02101_00005_nrcb1_cal.fits,117573120,262817470,PUBLIC,2,F200W
262816979,JWST,image,jw05893011005_02101_00006_nrcb2,exposure (L2b): 2D calibrated exposure average over integrations,S,mast:JWST/product/jw05893011005_02101_00006_nrcb2_cal.fits,SCIENCE,,CAL,,CALJWST,2.0.0,5893,jw05893011005_02101_00006_nrcb2_cal.fits,117573120,262817470,PUBLIC,2,F200W
262816985,JWST,image,jw05893011005_02101_00006_nrca2,exposure (L2b): 2D calibrated exposure average over integrations,S,mast:JWST/product/jw05893011005_02101_00006_nrca2_cal.fits,SCIENCE,,CAL,,CALJWST,2.0.0,5893,jw05893011005_02101_00006_nrca2_cal.fits,117570240,262817470,PUBLIC,2,F200W
262816986,JWST,image,jw05893011005_02101_00005_nrca4,exposure (L2b): 2D calibrated exposure average over integrations,S,mast:JWST/product/jw05893011005_02101_00005_nrca4_cal.fits,SCIENCE,,CAL,,CALJWST,2.0.0,5893,jw05893011005_02101_00005_nrca4_cal.fits,117573120,262817470,PUBLIC,2,F200W
262816989,JWST,image,jw05893011005_02101_00004_nrca2,exposure (L2b): 2D calibrated exposure average over integrations,S,mast:JWST/product/jw05893011005_02101_00004_nrca2_cal.fits,SCIENCE,,CAL,,CALJWST,2.0.0,5893,jw05893011005_02101_00004_nrca2_cal.fits,117570240,262817470,PUBLIC,2,F200W
262816990,JWST,image,jw05893011005_02101_00006_nrcb1,exposure (L2b): 2D calibrated exposure average over integrations,S,mast:JWST/product/jw05893011005_02101_00006_nrcb1_cal.fits,SCIENCE,,CAL,,CALJWST,2.0.0,5893,jw05893011005_02101_00006_nrcb1_cal.fits,117573120,262817470,PUBLIC,2,F200W
262816991,JWST,image,jw05893011005_02101_00005_nrca3,exposure (L2b): 2D calibrated exposure average over integrations,S,mast:JWST/product/jw05893011005_02101_00005_nrca3_cal.fits,SCIENCE,,CAL,,CALJWST,2.0.0,5893,jw05893011005_02101_00005_nrca3_cal.fits,117573120,262817470,PUBLIC,2,F200W
262816995,JWST,image,jw05893011005_02101_00006_nrca1,exposure (L2b): 2D calibrated exposure average over integrations,S,mast:JWST/product/jw05893011005_02101_00006_nrca1_cal.fits,SCIENCE,,CAL,,CALJWST,2.0.0,5893,jw05893011005_02101_00006_nrca1_cal.fits,117570240,262817470,PUBLIC,2,F200W
262816999,JWST,image,jw05893011005_02101_00005_nrca1,exposure (L2b): 2D calibrated exposure average over integrations,S,mast:JWST/product/jw05893011005_02101_00005_nrca1_cal.fits,SCIENCE,,CAL,,CALJWST,2.0.0,5893,jw05893011005_02101_00005_nrca1_cal.fits,117570240,262817470,PUBLIC,2,F200W
262817001,JWST,image,jw05893011005_02101_00005_nrcb2,exposure (L2b): 2D calibrated exposure average over integrations,S,mast:JWST/product/jw05893011005_02101_00005_nrcb2_cal.fits,SCIENCE,,CAL,,CALJWST,2.0.0,5893,jw05893011005_02101_00005_nrcb2_cal.fits,117573120,262817470,PUBLIC,2,F200W
262817002,JWST,image,jw05893011005_02101_00005_nrca2,exposure (L2b): 2D calibrated exposure average over integrations,S,mast:JWST/product/jw05893011005_02101_00005_nrca2_cal.fits,SCIENCE,,CAL,,CALJWST,2.0.0,5893,jw05893011005_02101_00005_nrca2_cal.fits,117570240,262817470,PUBLIC,2,F200W
262817003,JWST,image,jw05893011005_02101_00006_nrca4,exposure (L2b): 2D calibrated exposure average over integrations,S,mast:JWST/product/jw05893011005_02101_00006_nrca4_cal.fits,SCIENCE,,CAL,,CALJWST,2.0.0,5893,jw05893011005_02101_00006_nrca4_cal.fits,117573120,262817470,PUBLIC,2,F200W
262817005,JWST,image,jw05893011005_02101_00006_nrcb3,exposure (L2b): 2D calibrated exposure average over integrations,S,mast:JWST/product/jw05893011005_02101_00006_nrcb3_cal.fits,SCIENCE,,CAL,,CALJWST,2.0.0,5893,jw05893011005_02101_00006_nrcb3_cal.fits,117573120,262817470,PUBLIC,2,F200W
262817007,JWST,image,jw05893011005_02101_00006_nrcb4,exposure (L2b): 2D calibrated exposure average over integrations,S,mast:JWST/product/jw05893011005_02101_00006_nrcb4_cal.fits,SCIENCE,,CAL,,CALJWST,2.0.0,5893,jw05893011005_02101_00006_nrcb4_cal.fits,117573120,262817470,PUBLIC,2,F200W
262817029,JWST,image,jw05893011006_02101_00002_nrca1,exposure (L2b): 2D calibrated exposure average over integrations,S,mast:JWST/product/jw05893011006_02101_00002_nrca1_cal.fits,SCIENCE,,CAL,,CALJWST,2.0.0,5893,jw05893011006_02101_00002_nrca1_cal.fits,117570240,262817470,PUBLIC,2,F200W
262817030,JWST,image,jw05893011006_02101_00002_nrcb1,exposure (L2b): 2D calibrated exposure average over integrations,S,mast:JWST/product/jw05893011006_02101_00002_nrcb1_cal.fits,SCIENCE,,CAL,,CALJWST,2.0.0,5893,jw05893011006_02101_00002_nrcb1_cal.fits,117573120,262817470,PUBLIC,2,F200W
262817032,JWST,image,jw05893011006_02101_00001_nrca4,exposure (L2b): 2D calibrated exposure average over integrations,S,mast:JWST/product/jw05893011006_02101_00001_nrca4_cal.fits,SCIENCE,,CAL,,CALJWST,2.0.0,5893,jw05893011006_02101_00001_nrca4_cal.fits,117573120,262817470,PUBLIC,2,F200W
262817033,JWST,image,jw05893011006_02101_00002_nrca4,exposure (L2b): 2D calibrated exposure average over integrations,S,mast:JWST/product/jw05893011006_02101_00002_nrca4_cal.fits,SCIENCE,,CAL,,CALJWST,2.0.0,5893,jw05893011006_02101_00002_nrca4_cal.fits,117573120,262817470,PUBLIC,2,F200W
262817035,JWST,image,jw05893011006_02101_00001_nrcb4,exposure (L2b): 2D calibrated exposure average over integrations,S,mast:JWST/product/jw05893011006_02101_00001_nrcb4_cal.fits,SCIENCE,,CAL,,CALJWST,2.0.0,5893,jw05893011006_02101_00001_nrcb4_cal.fits,117573120,262817470,PUBLIC,2,F200W
262817038,JWST,image,jw05893011006_02101_00001_nrca3,exposure (L2b): 2D calibrated exposure average over integrations,S,mast:JWST/product/jw05893011006_02101_00001_nrca3_cal.fits,SCIENCE,,CAL,,CALJWST,2.0.0,5893,jw05893011006_02101_00001_nrca3_cal.fits,117573120,262817470,PUBLIC,2,F200W
262817039,JWST,image,jw05893011006_02101_00001_nrcb2,exposure (L2b): 2D calibrated exposure average over integrations,S,mast:JWST/product/jw05893011006_02101_00001_nrcb2_cal.fits,SCIENCE,,CAL,,CALJWST,2.0.0,5893,jw05893011006_02101_00001_nrcb2_cal.fits,117573120,262817470,PUBLIC,2,F200W
262817041,JWST,image,jw05893011006_02101_00002_nrca3,exposure (L2b): 2D calibrated exposure average over integrations,S,mast:JWST/product/jw05893011006_02101_00002_nrca3_cal.fits,SCIENCE,,CAL,,CALJWST,2.0.0,5893,jw05893011006_02101_00002_nrca3_cal.fits,117573120,262817470,PUBLIC,2,F200W
262817042,JWST,image,jw05893011006_02101_00001_nrca2,exposure (L2b): 2D calibrated exposure average over integrations,S,mast:JWST/product/jw05893011006_02101_00001_nrca2_cal.fits,SCIENCE,,CAL,,CALJWST,2.0.0,5893,jw05893011006_02101_00001_nrca2_cal.fits,117570240,262817470,PUBLIC,2,F200W
262817043,JWST,image,jw05893011006_02101_00002_nrcb4,exposure (L2b): 2D calibrated exposure average over integrations,S,mast:JWST/product/jw05893011006_02101_00002_nrcb4_cal.fits,SCIENCE,,CAL,,CALJWST,2.0.0,5893,jw05893011006_02101_00002_nrcb4_cal.fits,117573120,262817470,PUBLIC,2,F200W
262817044,JWST,image,jw05893011006_02101_00002_nrca2,exposure (L2b): 2D calibrated exposure average over integrations,S,mast:JWST/product/jw05893011006_02101_00002_nrca2_cal.fits,SCIENCE,,CAL,,CALJWST,2.0.0,5893,jw05893011006_02101_00002_nrca2_cal.fits,117570240,262817470,PUBLIC,2,F200W
262817045,JWST,image,jw05893011006_02101_00001_nrcb3,exposure (L2b): 2D calibrated exposure average over integrations,S,mast:JWST/product/jw05893011006_02101_00001_nrcb3_cal.fits,SCIENCE,,CAL,,CALJWST,2.0.0,5893,jw05893011006_02101_00001_nrcb3_cal.fits,117573120,262817470,PUBLIC,2,F200W
262817046,JWST,image,jw05893011006_02101_00001_nrca1,exposure (L2b): 2D calibrated exposure average over integrations,S,mast:JWST/product/jw05893011006_02101_00001_nrca1_cal.fits,SCIENCE,,CAL,,CALJWST,2.0.0,5893,jw05893011006_02101_00001_nrca1_cal.fits,117570240,262817470,PUBLIC,2,F200W
262817047,JWST,image,jw05893011006_02101_00002_nrcb2,exposure (L2b): 2D calibrated exposure average over integrations,S,mast:JWST/product/jw05893011006_02101_00002_nrcb2_cal.fits,SCIENCE,,CAL,,CALJWST,2.0.0,5893,jw05893011006_02101_00002_nrcb2_cal.fits,117573120,262817470,PUBLIC,2,F200W
262817048,JWST,image,jw05893011006_02101_00001_nrcb1,exposure (L2b): 2D calibrated exposure average over integrations,S,mast:JWST/product/jw05893011006_02101_00001_nrcb1_cal.fits,SCIENCE,,CAL,,CALJWST,2.0.0,5893,jw05893011006_02101_00001_nrcb1_cal.fits,117573120,262817470,PUBLIC,2,F200W
262817064,JWST,image,jw05893011006_02101_00006_nrca2,exposure (L2b): 2D calibrated exposure average over integrations,S,mast:JWST/product/jw05893011006_02101_00006_nrca2_cal.fits,SCIENCE,,CAL,,CALJWST,2.0.0,5893,jw05893011006_02101_00006_nrca2_cal.fits,117570240,262817470,PUBLIC,2,F200W
262817065,JWST,image,jw05893011006_02101_00006_nrca1,exposure (L2b): 2D calibrated exposure average over integrations,S,mast:JWST/product/jw05893011006_02101_00006_nrca1_cal.fits,SCIENCE,,CAL,,CALJWST,2.0.0,5893,jw05893011006_02101_00006_nrca1_cal.fits,117570240,262817470,PUBLIC,2,F200W
262817067,JWST,image,jw05893011006_02101_00006_nrca4,exposure (L2b): 2D calibrated exposure average over integrations,S,mast:JWST/product/jw05893011006_02101_00006_nrca4_cal.fits,SCIENCE,,CAL,,CALJWST,2.0.0,5893,jw05893011006_02101_00006_nrca4_cal.fits,117573120,262817470,PUBLIC,2,F200W
262817068,JWST,image,jw05893011006_02101_00006_nrcb3,exposure (L2b): 2D calibrated exposure average over integrations,S,mast:JWST/product/jw05893011006_02101_00006_nrcb3_cal.fits,SCIENCE,,CAL,,CALJWST,2.0.0,5893,jw05893011006_02101_00006_nrcb3_cal.fits,117573120,262817470,PUBLIC,2,F200W
262817070,JWST,image,jw05893011006_02101_00006_nrca3,exposure (L2b): 2D calibrated exposure average over integrations,S,mast:JWST/product/jw05893011006_02101_00006_nrca3_cal.fits,SCIENCE,,CAL,,CALJWST,2.0.0,5893,jw05893011006_02101_00006_nrca3_cal.fits,117573120,262817470,PUBLIC,2,F200W
262817072,JWST,image,jw05893011006_02101_00004_nrcb2,exposure (L2b): 2D calibrated exposure average over integrations,S,mast:JWST/product/jw05893011006_02101_00004_nrcb2_cal.fits,SCIENCE,,CAL,,CALJWST,2.0.0,5893,jw05893011006_02101_00004_nrcb2_cal.fits,117573120,262817470,PUBLIC,2,F200W
262817073,JWST,image,jw05893011006_02101_00005_nrcb3,exposure (L2b): 2D calibrated exposure average over integrations,S,mast:JWST/product/jw05893011006_02101_00005_nrcb3_cal.fits,SCIENCE,,CAL,,CALJWST,2.0.0,5893,jw05893011006_02101_00005_nrcb3_cal.fits,117573120,262817470,PUBLIC,2,F200W
262817074,JWST,image,jw05893011006_02101_00004_nrcb3,exposure (L2b): 2D calibrated exposure average over integrations,S,mast:JWST/product/jw05893011006_02101_00004_nrcb3_cal.fits,SCIENCE,,CAL,,CALJWST,2.0.0,5893,jw05893011006_02101_00004_nrcb3_cal.fits,117573120,262817470,PUBLIC,2,F200W
262817076,JWST,image,jw05893011006_02101_00003_nrcb4,exposure (L2b): 2D calibrated exposure average over integrations,S,mast:JWST/product/jw05893011006_02101_00003_nrcb4_cal.fits,SCIENCE,,CAL,,CALJWST,2.0.0,5893,jw05893011006_02101_00003_nrcb4_cal.fits,117573120,262817470,PUBLIC,2,F200W
262817078,JWST,image,jw05893011006_02101_00003_nrcb1,exposure (L2b): 2D calibrated exposure average over integrations,S,mast:JWST/product/jw05893011006_02101_00003_nrcb1_cal.fits,SCIENCE,,CAL,,CALJWST,2.0.0,5893,jw05893011006_02101_00003_nrcb1_cal.fits,117573120,262817470,PUBLIC,2,F200W
262817080,JWST,image,jw05893011006_02101_00004_nrcb1,exposure (L2b): 2D calibrated exposure average over integrations,S,mast:JWST/product/jw05893011006_02101_00004_nrcb1_cal.fits,SCIENCE,,CAL,,CALJWST,2.0.0,5893,jw05893011006_02101_00004_nrcb1_cal.fits,117573120,262817470,PUBLIC,2,F200W
262817081,JWST,image,jw05893011006_02101_00006_nrcb2,exposure (L2b): 2D calibrated exposure average over integrations,S,mast:JWST/product/jw05893011006_02101_00006_nrcb2_cal.fits,SCIENCE,,CAL,,CALJWST,2.0.0,5893,jw05893011006_02101_00006_nrcb2_cal.fits,117573120,262817470,PUBLIC,2,F200W
262817084,JWST,image,jw05893011006_02101_00005_nrcb1,exposure (L2b): 2D calibrated exposure average over integrations,S,mast:JWST/product/jw05893011006_02101_00005_nrcb1_cal.fits,SCIENCE,,CAL,,CALJWST,2.0.0,5893,jw05893011006_02101_00005_nrcb1_cal.fits,117573120,262817470,PUBLIC,2,F200W
262817086,JWST,image,jw05893011006_02101_00005_nrca1,exposure (L2b): 2D calibrated exposure average over integrations,S,mast:JWST/product/jw05893011006_02101_00005_nrca1_cal.fits,SCIENCE,,CAL,,CALJWST,2.0.0,5893,jw05893011006_02101_00005_nrca1_cal.fits,117570240,262817470,PUBLIC,2,F200W
262817087,JWST,image,jw05893011006_02101_00003_nrca2,exposure (L2b): 2D calibrated exposure average over integrations,S,mast:JWST/product/jw05893011006_02101_00003_nrca2_cal.fits,SCIENCE,,CAL,,CALJWST,2.0.0,5893,jw05893011006_02101_00003_nrca2_cal.fits,117570240,262817470,PUBLIC,2,F200W
262817088,JWST,image,jw05893011006_02101_00003_nrcb3,exposure (L2b): 2D calibrated exposure average over integrations,S,mast:JWST/product/jw05893011006_02101_00003_nrcb3_cal.fits,SCIENCE,,CAL,,CALJWST,2.0.0,5893,jw05893011006_02101_00003_nrcb3_cal.fits,117573120,262817470,PUBLIC,2,F200W
262817091,JWST,image,jw05893011006_02101_00005_nrca3,exposure (L2b): 2D calibrated exposure average over integrations,S,mast:JWST/product/jw05893011006_02101_00005_nrca3_cal.fits,SCIENCE,,CAL,,CALJWST,2.0.0,5893,jw05893011006_02101_00005_nrca3_cal.fits,117573120,262817470,PUBLIC,2,F200W
262817092,JWST,image,jw05893011006_02101_00003_nrcb2,exposure (L2b): 2D calibrated exposure average over integrations,S,mast:JWST/product/jw05893011006_02101_00003_nrcb2_cal.fits,SCIENCE,,CAL,,CALJWST,2.0.0,5893,jw05893011006_02101_00003_nrcb2_cal.fits,117573120,262817470,PUBLIC,2,F200W
262817094,JWST,image,jw05893011006_02101_00005_nrcb2,exposure (L2b): 2D calibrated exposure average over integrations,S,mast:JWST/product/jw05893011006_02101_00005_nrcb2_cal.fits,SCIENCE,,CAL,,CALJWST,2.0.0,5893,jw05893011006_02101_00005_nrcb2_cal.fits,117573120,262817470,PUBLIC,2,F200W
262817095,JWST,image,jw05893011006_02101_00006_nrcb1,exposure (L2b): 2D calibrated exposure average over integrations,S,mast:JWST/product/jw05893011006_02101_00006_nrcb1_cal.fits,SCIENCE,,CAL,,CALJWST,2.0.0,5893,jw05893011006_02101_00006_nrcb1_cal.fits,117573120,262817470,PUBLIC,2,F200W
262817097,JWST,image,jw05893011006_02101_00004_nrca1,exposure (L2b): 2D calibrated exposure average over integrations,S,mast:JWST/product/jw05893011006_02101_00004_nrca1_cal.fits,SCIENCE,,CAL,,CALJWST,2.0.0,5893,jw05893011006_02101_00004_nrca1_cal.fits,117570240,262817470,PUBLIC,2,F200W
262817098,JWST,image,jw05893011006_02101_00003_nrca1,exposure (L2b): 2D calibrated exposure average over integrations,S,mast:JWST/product/jw05893011006_02101_00003_nrca1_cal.fits,SCIENCE,,CAL,,CALJWST,2.0.0,5893,jw05893011006_02101_00003_nrca1_cal.fits,117570240,262817470,PUBLIC,2,F200W
262817099,JWST,image,jw05893011006_02101_00004_nrca2,exposure (L2b): 2D calibrated exposure average over integrations,S,mast:JWST/product/jw05893011006_02101_00004_nrca2_cal.fits,SCIENCE,,CAL,,CALJWST,2.0.0,5893,jw05893011006_02101_00004_nrca2_cal.fits,117570240,262817470,PUBLIC,2,F200W
262817101,JWST,image,jw05893011006_02101_00006_nrcb4,exposure (L2b): 2D calibrated exposure average over integrations,S,mast:JWST/product/jw05893011006_02101_00006_nrcb4_cal.fits,SCIENCE,,CAL,,CALJWST,2.0.0,5893,jw05893011006_02101_00006_nrcb4_cal.fits,117573120,262817470,PUBLIC,2,F200W
262817102,JWST,image,jw05893011006_02101_00005_nrcb4,exposure (L2b): 2D calibrated exposure average over integrations,S,mast:JWST/product/jw05893011006_02101_00005_nrcb4_cal.fits,SCIENCE,,CAL,,CALJWST,2.0.0,5893,jw05893011006_02101_00005_nrcb4_cal.fits,117573120,262817470,PUBLIC,2,F200W
262817104,JWST,image,jw05893011006_02101_00004_nrca3,exposure (L2b): 2D calibrated exposure average over integrations,S,mast:JWST/product/jw05893011006_02101_00004_nrca3_cal.fits,SCIENCE,,CAL,,CALJWST,2.0.0,5893,jw05893011006_02101_00004_nrca3_cal.fits,117573120,262817470,PUBLIC,2,F200W
262817106,JWST,image,jw05893011006_02101_00002_nrcb3,exposure (L2b): 2D calibrated exposure average over integrations,S,mast:JWST/product/jw05893011006_02101_00002_nrcb3_cal.fits,SCIENCE,,CAL,,CALJWST,2.0.0,5893,jw05893011006_02101_00002_nrcb3_cal.fits,117573120,262817470,PUBLIC,2,F200W
262817108,JWST,image,jw05893011006_02101_00005_nrca2,exposure (L2b): 2D calibrated exposure average over integrations,S,mast:JWST/product/jw05893011006_02101_00005_nrca2_cal.fits,SCIENCE,,CAL,,CALJWST,2.0.0,5893,jw05893011006_02101_00005_nrca2_cal.fits,117570240,262817470,PUBLIC,2,F200W
262817112,JWST,image,jw05893011006_02101_00003_nrca3,exposure (L2b): 2D calibrated exposure average over integrations,S,mast:JWST/product/jw05893011006_02101_00003_nrca3_cal.fits,SCIENCE,,CAL,,CALJWST,2.0.0,5893,jw05893011006_02101_00003_nrca3_cal.fits,117573120,262817470,PUBLIC,2,F200W
262817113,JWST,image,jw05893011006_02101_00004_nrcb4,exposure (L2b): 2D calibrated exposure average over integrations,S,mast:JWST/product/jw05893011006_02101_00004_nrcb4_cal.fits,SCIENCE,,CAL,,CALJWST,2.0.0,5893,jw05893011006_02101_00004_nrcb4_cal.fits,117573120,262817470,PUBLIC,2,F200W
262817115,JWST,image,jw05893011006_02101_00003_nrca4,exposure (L2b): 2D calibrated exposure average over integrations,S,mast:JWST/product/jw05893011006_02101_00003_nrca4_cal.fits,SCIENCE,,CAL,,CALJWST,2.0.0,5893,jw05893011006_02101_00003_nrca4_cal.fits,117573120,262817470,PUBLIC,2,F200W
262817116,JWST,image,jw05893011006_02101_00005_nrca4,exposure (L2b): 2D calibrated exposure average over integrations,S,mast:JWST/product/jw05893011006_02101_00005_nrca4_cal.fits,SCIENCE,,CAL,,CALJWST,2.0.0,5893,jw05893011006_02101_00005_nrca4_cal.fits,117573120,262817470,PUBLIC,2,F200W
262817117,JWST,image,jw05893011006_02101_00004_nrca4,exposure (L2b): 2D calibrated exposure average over integrations,S,mast:JWST/product/jw05893011006_02101_00004_nrca4_cal.fits,SCIENCE,,CAL,,CALJWST,2.0.0,5893,jw05893011006_02101_00004_nrca4_cal.fits,117573120,262817470,PUBLIC,2,F200W
262817153,JWST,image,jw05893011007_02101_00002_nrcb4,exposure (L2b): 2D calibrated exposure average over integrations,S,mast:JWST/product/jw05893011007_02101_00002_nrcb4_cal.fits,SCIENCE,,CAL,,CALJWST,2.0.0,5893,jw05893011007_02101_00002_nrcb4_cal.fits,117573120,262817470,PUBLIC,2,F200W
262817155,JWST,image,jw05893011007_02101_00001_nrca1,exposure (L2b): 2D calibrated exposure average over integrations,S,mast:JWST/product/jw05893011007_02101_00001_nrca1_cal.fits,SCIENCE,,CAL,,CALJWST,2.0.0,5893,jw05893011007_02101_00001_nrca1_cal.fits,117570240,262817470,PUBLIC,2,F200W
262817156,JWST,image,jw05893011007_02101_00002_nrca3,exposure (L2b): 2D calibrated exposure average over integrations,S,mast:JWST/product/jw05893011007_02101_00002_nrca3_cal.fits,SCIENCE,,CAL,,CALJWST,2.0.0,5893,jw05893011007_02101_00002_nrca3_cal.fits,117573120,262817470,PUBLIC,2,F200W
262817157,JWST,image,jw05893011007_02101_00002_nrca1,exposure (L2b): 2D calibrated exposure average over integrations,S,mast:JWST/product/jw05893011007_02101_00002_nrca1_cal.fits,SCIENCE,,CAL,,CALJWST,2.0.0,5893,jw05893011007_02101_00002_nrca1_cal.fits,117570240,262817470,PUBLIC,2,F200W
262817158,JWST,image,jw05893011007_02101_00001_nrcb1,exposure (L2b): 2D calibrated exposure average over integrations,S,mast:JWST/product/jw05893011007_02101_00001_nrcb1_cal.fits,SCIENCE,,CAL,,CALJWST,2.0.0,5893,jw05893011007_02101_00001_nrcb1_cal.fits,117573120,262817470,PUBLIC,2,F200W
262817159,JWST,image,jw05893011007_02101_00002_nrca4,exposure (L2b): 2D calibrated exposure average over integrations,S,mast:JWST/product/jw05893011007_02101_00002_nrca4_cal.fits,SCIENCE,,CAL,,CALJWST,2.0.0,5893,jw05893011007_02101_00002_nrca4_cal.fits,117573120,262817470,PUBLIC,2,F200W
262817161,JWST,image,jw05893011007_02101_00001_nrcb4,exposure (L2b): 2D calibrated exposure average over integrations,S,mast:JWST/product/jw05893011007_02101_00001_nrcb4_cal.fits,SCIENCE,,CAL,,CALJWST,2.0.0,5893,jw05893011007_02101_00001_nrcb4_cal.fits,117573120,262817470,PUBLIC,2,F200W
262817162,JWST,image,jw05893011007_02101_00001_nrca2,exposure (L2b): 2D calibrated exposure average over integrations,S,mast:JWST/product/jw05893011007_02101_00001_nrca2_cal.fits,SCIENCE,,CAL,,CALJWST,2.0.0,5893,jw05893011007_02101_00001_nrca2_cal.fits,117570240,262817470,PUBLIC,2,F200W
262817163,JWST,image,jw05893011007_02101_00001_nrcb3,exposure (L2b): 2D calibrated exposure average over integrations,S,mast:JWST/product/jw05893011007_02101_00001_nrcb3_cal.fits,SCIENCE,,CAL,,CALJWST,2.0.0,5893,jw05893011007_02101_00001_nrcb3_cal.fits,117573120,262817470,PUBLIC,2,F200W
262817164,JWST,image,jw05893011007_02101_00001_nrca3,exposure (L2b): 2D calibrated exposure average over integrations,S,mast:JWST/product/jw05893011007_02101_00001_nrca3_cal.fits,SCIENCE,,CAL,,CALJWST,2.0.0,5893,jw05893011007_02101_00001_nrca3_cal.fits,117573120,262817470,PUBLIC,2,F200W
262817166,JWST,image,jw05893011007_02101_00001_nrcb2,exposure (L2b): 2D calibrated exposure average over integrations,S,mast:JWST/product/jw05893011007_02101_00001_nrcb2_cal.fits,SCIENCE,,CAL,,CALJWST,2.0.0,5893,jw05893011007_02101_00001_nrcb2_cal.fits,117573120,262817470,PUBLIC,2,F200W
262817167,JWST,image,jw05893011007_02101_00001_nrca4,exposure (L2b): 2D calibrated exposure average over integrations,S,mast:JWST/product/jw05893011007_02101_00001_nrca4_cal.fits,SCIENCE,,CAL,,CALJWST,2.0.0,5893,jw05893011007_02101_00001_nrca4_cal.fits,117573120,262817470,PUBLIC,2,F200W
262817170,JWST,image,jw05893011007_02101_00002_nrcb1,exposure (L2b): 2D calibrated exposure average over integrations,S,mast:JWST/product/jw05893011007_02101_00002_nrcb1_cal.fits,SCIENCE,,CAL,,CALJWST,2.0.0,5893,jw05893011007_02101_00002_nrcb1_cal.fits,117573120,262817470,PUBLIC,2,F200W
262817171,JWST,image,jw05893011007_02101_00002_nrca2,exposure (L2b): 2D calibrated exposure average over integrations,S,mast:JWST/product/jw05893011007_02101_00002_nrca2_cal.fits,SCIENCE,,CAL,,CALJWST,2.0.0,5893,jw05893011007_02101_00002_nrca2_cal.fits,117570240,262817470,PUBLIC,2,F200W
262817172,JWST,image,jw05893011007_02101_00006_nrca3,exposure (L2b): 2D calibrated exposure average over integrations,S,mast:JWST/product/jw05893011007_02101_00006_nrca3_cal.fits,SCIENCE,,CAL,,CALJWST,2.0.0,5893,jw05893011007_02101_00006_nrca3_cal.fits,117573120,262817470,PUBLIC,2,F200W
262817173,JWST,image,jw05893011007_02101_00003_nrcb1,exposure (L2b): 2D calibrated exposure average over integrations,S,mast:JWST/product/jw05893011007_02101_00003_nrcb1_cal.fits,SCIENCE,,CAL,,CALJWST,2.0.0,5893,jw05893011007_02101_00003_nrcb1_cal.fits,117573120,262817470,PUBLIC,2,F200W
262817175,JWST,image,jw05893011007_02101_00006_nrcb3,exposure (L2b): 2D calibrated exposure average over integrations,S,mast:JWST/product/jw05893011007_02101_00006_nrcb3_cal.fits,SCIENCE,,CAL,,CALJWST,2.0.0,5893,jw05893011007_02101_00006_nrcb3_cal.fits,117573120,262817470,PUBLIC,2,F200W
262817178,JWST,image,jw05893011007_02101_00005_nrca3,exposure (L2b): 2D calibrated exposure average over integrations,S,mast:JWST/product/jw05893011007_02101_00005_nrca3_cal.fits,SCIENCE,,CAL,,CALJWST,2.0.0,5893,jw05893011007_02101_00005_nrca3_cal.fits,117573120,262817470,PUBLIC,2,F200W
262817179,JWST,image,jw05893011007_02101_00006_nrcb4,exposure (L2b): 2D calibrated exposure average over integrations,S,mast:JWST/product/jw05893011007_02101_00006_nrcb4_cal.fits,SCIENCE,,CAL,,CALJWST,2.0.0,5893,jw05893011007_02101_00006_nrcb4_cal.fits,117573120,262817470,PUBLIC,2,F200W
262817180,JWST,image,jw05893011007_02101_00003_nrcb3,exposure (L2b): 2D calibrated exposure average over integrations,S,mast:JWST/product/jw05893011007_02101_00003_nrcb3_cal.fits,SCIENCE,,CAL,,CALJWST,2.0.0,5893,jw05893011007_02101_00003_nrcb3_cal.fits,117573120,262817470,PUBLIC,2,F200W
262817181,JWST,image,jw05893011007_02101_00005_nrcb1,exposure (L2b): 2D calibrated exposure average over integrations,S,mast:JWST/product/jw05893011007_02101_00005_nrcb1_cal.fits,SCIENCE,,CAL,,CALJWST,2.0.0,5893,jw05893011007_02101_00005_nrcb1_cal.fits,117573120,262817470,PUBLIC,2,F200W
262817182,JWST,image,jw05893011007_02101_00006_nrca1,exposure (L2b): 2D calibrated exposure average over integrations,S,mast:JWST/product/jw05893011007_02101_00006_nrca1_cal.fits,SCIENCE,,CAL,,CALJWST,2.0.0,5893,jw05893011007_02101_00006_nrca1_cal.fits,117570240,262817470,PUBLIC,2,F200W
262817185,JWST,image,jw05893011007_02101_00004_nrca3,exposure (L2b): 2D calibrated exposure average over integrations,S,mast:JWST/product/jw05893011007_02101_00004_nrca3_cal.fits,SCIENCE,,CAL,,CALJWST,2.0.0,5893,jw05893011007_02101_00004_nrca3_cal.fits,117573120,262817470,PUBLIC,2,F200W
262817186,JWST,image,jw05893011007_02101_00005_nrcb3,exposure (L2b): 2D calibrated exposure average over integrations,S,mast:JWST/product/jw05893011007_02101_00005_nrcb3_cal.fits,SCIENCE,,CAL,,CALJWST,2.0.0,5893,jw05893011007_02101_00005_nrcb3_cal.fits,117573120,262817470,PUBLIC,2,F200W
262817192,JWST,image,jw05893011007_02101_00004_nrca2,exposure (L2b): 2D calibrated exposure average over integrations,S,mast:JWST/product/jw05893011007_02101_00004_nrca2_cal.fits,SCIENCE,,CAL,,CALJWST,2.0.0,5893,jw05893011007_02101_00004_nrca2_cal.fits,117570240,262817470,PUBLIC,2,F200W
262817193,JWST,image,jw05893011007_02101_00006_nrca2,exposure (L2b): 2D calibrated exposure average over integrations,S,mast:JWST/product/jw05893011007_02101_00006_nrca2_cal.fits,SCIENCE,,CAL,,CALJWST,2.0.0,5893,jw05893011007_02101_00006_nrca2_cal.fits,117570240,262817470,PUBLIC,2,F200W
262817197,JWST,image,jw05893011007_02101_00003_nrca2,exposure (L2b): 2D calibrated exposure average over integrations,S,mast:JWST/product/jw05893011007_02101_00003_nrca2_cal.fits,SCIENCE,,CAL,,CALJWST,2.0.0,5893,jw05893011007_02101_00003_nrca2_cal.fits,117570240,262817470,PUBLIC,2,F200W
262817199,JWST,image,jw05893011007_02101_00004_nrcb3,exposure (L2b): 2D calibrated exposure average over integrations,S,mast:JWST/product/jw05893011007_02101_00004_nrcb3_cal.fits,SCIENCE,,CAL,,CALJWST,2.0.0,5893,jw05893011007_02101_00004_nrcb3_cal.fits,117573120,262817470,PUBLIC,2,F200W
262817200,JWST,image,jw05893011007_02101_00003_nrca1,exposure (L2b): 2D calibrated exposure average over integrations,S,mast:JWST/product/jw05893011007_02101_00003_nrca1_cal.fits,SCIENCE,,CAL,,CALJWST,2.0.0,5893,jw05893011007_02101_00003_nrca1_cal.fits,117570240,262817470,PUBLIC,2,F200W
262817201,JWST,image,jw05893011007_02101_00005_nrcb4,exposure (L2b): 2D calibrated exposure average over integrations,S,mast:JWST/product/jw05893011007_02101_00005_nrcb4_cal.fits,SCIENCE,,CAL,,CALJWST,2.0.0,5893,jw05893011007_02101_00005_nrcb4_cal.fits,117573120,262817470,PUBLIC,2,F200W
262817202,JWST,image,jw05893011007_02101_00003_nrcb4,exposure (L2b): 2D calibrated exposure average over integrations,S,mast:JWST/product/jw05893011007_02101_00003_nrcb4_cal.fits,SCIENCE,,CAL,,CALJWST,2.0.0,5893,jw05893011007_02101_00003_nrcb4_cal.fits,117573120,262817470,PUBLIC,2,F200W
262817203,JWST,image,jw05893011007_02101_00004_nrca1,exposure (L2b): 2D calibrated exposure average over integrations,S,mast:JWST/product/jw05893011007_02101_00004_nrca1_cal.fits,SCIENCE,,CAL,,CALJWST,2.0.0,5893,jw05893011007_02101_00004_nrca1_cal.fits,117570240,262817470,PUBLIC,2,F200W
262817205,JWST,image,jw05893011007_02101_00004_nrcb1,exposure (L2b): 2D calibrated exposure average over integrations,S,mast:JWST/product/jw05893011007_02101_00004_nrcb1_cal.fits,SCIENCE,,CAL,,CALJWST,2.0.0,5893,jw05893011007_02101_00004_nrcb1_cal.fits,117573120,262817470,PUBLIC,2,F200W
262817206,JWST,image,jw05893011007_02101_00006_nrcb1,exposure (L2b): 2D calibrated exposure average over integrations,S,mast:JWST/product/jw05893011007_02101_00006_nrcb1_cal.fits,SCIENCE,,CAL,,CALJWST,2.0.0,5893,jw05893011007_02101_00006_nrcb1_cal.fits,117573120,262817470,PUBLIC,2,F200W
262817209,JWST,image,jw05893011007_02101_00002_nrcb3,exposure (L2b): 2D calibrated exposure average over integrations,S,mast:JWST/product/jw05893011007_02101_00002_nrcb3_cal.fits,SCIENCE,,CAL,,CALJWST,2.0.0,5893,jw05893011007_02101_00002_nrcb3_cal.fits,117573120,262817470,PUBLIC,2,F200W
262817210,JWST,image,jw05893011007_02101_00005_nrca1,exposure (L2b): 2D calibrated exposure average over integrations,S,mast:JWST/product/jw05893011007_02101_00005_nrca1_cal.fits,SCIENCE,,CAL,,CALJWST,2.0.0,5893,jw05893011007_02101_00005_nrca1_cal.fits,117570240,262817470,PUBLIC,2,F200W
262817212,JWST,image,jw05893011007_02101_00005_nrcb2,exposure (L2b): 2D calibrated exposure average over integrations,S,mast:JWST/product/jw05893011007_02101_00005_nrcb2_cal.fits,SCIENCE,,CAL,,CALJWST,2.0.0,5893,jw05893011007_02101_00005_nrcb2_cal.fits,117573120,262817470,PUBLIC,2,F200W
262817213,JWST,image,jw05893011007_02101_00006_nrcb2,exposure (L2b): 2D calibrated exposure average over integrations,S,mast:JWST/product/jw05893011007_02101_00006_nrcb2_cal.fits,SCIENCE,,CAL,,CALJWST,2.0.0,5893,jw05893011007_02101_00006_nrcb2_cal.fits,117573120,262817470,PUBLIC,2,F200W
262817214,JWST,image,jw05893011007_02101_00003_nrca3,exposure (L2b): 2D calibrated exposure average over integrations,S,mast:JWST/product/jw05893011007_02101_00003_nrca3_cal.fits,SCIENCE,,CAL,,CALJWST,2.0.0,5893,jw05893011007_02101_00003_nrca3_cal.fits,117573120,262817470,PUBLIC,2,F200W
262817216,JWST,image,jw05893011007_02101_00003_nrca4,exposure (L2b): 2D calibrated exposure average over integrations,S,mast:JWST/product/jw05893011007_02101_00003_nrca4_cal.fits,SCIENCE,,CAL,,CALJWST,2.0.0,5893,jw05893011007_02101_00003_nrca4_cal.fits,117573120,262817470,PUBLIC,2,F200W
262817218,JWST,image,jw05893011007_02101_00006_nrca4,exposure (L2b): 2D calibrated exposure average over integrations,S,mast:JWST/product/jw05893011007_02101_00006_nrca4_cal.fits,SCIENCE,,CAL,,CALJWST,2.0.0,5893,jw05893011007_02101_00006_nrca4_cal.fits,117573120,262817470,PUBLIC,2,F200W
262817219,JWST,image,jw05893011007_02101_00005_nrca4,exposure (L2b): 2D calibrated exposure average over integrations,S,mast:JWST/product/jw05893011007_02101_00005_nrca4_cal.fits,SCIENCE,,CAL,,CALJWST,2.0.0,5893,jw05893011007_02101_00005_nrca4_cal.fits,117573120,262817470,PUBLIC,2,F200W
262817221,JWST,image,jw05893011007_02101_00004_nrca4,exposure (L2b): 2D calibrated exposure average over integrations,S,mast:JWST/product/jw05893011007_02101_00004_nrca4_cal.fits,SCIENCE,,CAL,,CALJWST,2.0.0,5893,jw05893011007_02101_00004_nrca4_cal.fits,117573120,262817470,PUBLIC,2,F200W
262817224,JWST,image,jw05893011007_02101_00003_nrcb2,exposure (L2b): 2D calibrated exposure average over integrations,S,mast:JWST/product/jw05893011007_02101_00003_nrcb2_cal.fits,SCIENCE,,CAL,,CALJWST,2.0.0,5893,jw05893011007_02101_00003_nrcb2_cal.fits,117573120,262817470,PUBLIC,2,F200W
262817225,JWST,image,jw05893011007_02101_00005_nrca2,exposure (L2b): 2D calibrated exposure average over integrations,S,mast:JWST/product/jw05893011007_02101_00005_nrca2_cal.fits,SCIENCE,,CAL,,CALJWST,2.0.0,5893,jw05893011007_02101_00005_nrca2_cal.fits,117570240,262817470,PUBLIC,2,F200W
262817226,JWST,image,jw05893011007_02101_00004_nrcb2,exposure (L2b): 2D calibrated exposure average over integrations,S,mast:JWST/product/jw05893011007_02101_00004_nrcb2_cal.fits,SCIENCE,,CAL,,CALJWST,2.0.0,5893,jw05893011007_02101_00004_nrcb2_cal.fits,117573120,262817470,PUBLIC,2,F200W
262817227,JWST,image,jw05893011007_02101_00002_nrcb2,exposure (L2b): 2D calibrated exposure average over integrations,S,mast:JWST/product/jw05893011007_02101_00002_nrcb2_cal.fits,SCIENCE,,CAL,,CALJWST,2.0.0,5893,jw05893011007_02101_00002_nrcb2_cal.fits,117573120,262817470,PUBLIC,2,F200W
262817230,JWST,image,jw05893011007_02101_00004_nrcb4,exposure (L2b): 2D calibrated exposure average over integrations,S,mast:JWST/product/jw05893011007_02101_00004_nrcb4_cal.fits,SCIENCE,,CAL,,CALJWST,2.0.0,5893,jw05893011007_02101_00004_nrcb4_cal.fits,117573120,262817470,PUBLIC,2,F200W
262817241,JWST,image,jw05893011008_02101_00001_nrca3,exposure (L2b): 2D calibrated exposure average over integrations,S,mast:JWST/product/jw05893011008_02101_00001_nrca3_cal.fits,SCIENCE,,CAL,,CALJWST,2.0.0,5893,jw05893011008_02101_00001_nrca3_cal.fits,117573120,262817470,PUBLIC,2,F200W
262817242,JWST,image,jw05893011008_02101_00001_nrcb1,exposure (L2b): 2D calibrated exposure average over integrations,S,mast:JWST/product/jw05893011008_02101_00001_nrcb1_cal.fits,SCIENCE,,CAL,,CALJWST,2.0.0,5893,jw05893011008_02101_00001_nrcb1_cal.fits,117573120,262817470,PUBLIC,2,F200W
262817243,JWST,image,jw05893011008_02101_00002_nrca2,exposure (L2b): 2D calibrated exposure average over integrations,S,mast:JWST/product/jw05893011008_02101_00002_nrca2_cal.fits,SCIENCE,,CAL,,CALJWST,2.0.0,5893,jw05893011008_02101_00002_nrca2_cal.fits,117570240,262817470,PUBLIC,2,F200W
262817244,JWST,image,jw05893011008_02101_00002_nrcb1,exposure (L2b): 2D calibrated exposure average over integrations,S,mast:JWST/product/jw05893011008_02101_00002_nrcb1_cal.fits,SCIENCE,,CAL,,CALJWST,2.0.0,5893,jw05893011008_02101_00002_nrcb1_cal.fits,117573120,262817470,PUBLIC,2,F200W
262817245,JWST,image,jw05893011008_02101_00001_nrcb2,exposure (L2b): 2D calibrated exposure average over integrations,S,mast:JWST/product/jw05893011008_02101_00001_nrcb2_cal.fits,SCIENCE,,CAL,,CALJWST,2.0.0,5893,jw05893011008_02101_00001_nrcb2_cal.fits,117573120,262817470,PUBLIC,2,F200W
262817246,JWST,image,jw05893011008_02101_00001_nrcb4,exposure (L2b): 2D calibrated exposure average over integrations,S,mast:JWST/product/jw05893011008_02101_00001_nrcb4_cal.fits,SCIENCE,,CAL,,CALJWST,2.0.0,5893,jw05893011008_02101_00001_nrcb4_cal.fits,117573120,262817470,PUBLIC,2,F200W
262817249,JWST,image,jw05893011008_02101_00001_nrca2,exposure (L2b): 2D calibrated exposure average over integrations,S,mast:JWST/product/jw05893011008_02101_00001_nrca2_cal.fits,SCIENCE,,CAL,,CALJWST,2.0.0,5893,jw05893011008_02101_00001_nrca2_cal.fits,117570240,262817470,PUBLIC,2,F200W
262817250,JWST,image,jw05893011008_02101_00002_nrcb2,exposure (L2b): 2D calibrated exposure average over integrations,S,mast:JWST/product/jw05893011008_02101_00002_nrcb2_cal.fits,SCIENCE,,CAL,,CALJWST,2.0.0,5893,jw05893011008_02101_00002_nrcb2_cal.fits,117573120,262817470,PUBLIC,2,F200W
262817251,JWST,image,jw05893011008_02101_00001_nrcb3,exposure (L2b): 2D calibrated exposure average over integrations,S,mast:JWST/product/jw05893011008_02101_00001_nrcb3_cal.fits,SCIENCE,,CAL,,CALJWST,2.0.0,5893,jw05893011008_02101_00001_nrcb3_cal.fits,117573120,262817470,PUBLIC,2,F200W
262817252,JWST,image,jw05893011008_02101_00002_nrca4,exposure (L2b): 2D calibrated exposure average over integrations,S,mast:JWST/product/jw05893011008_02101_00002_nrca4_cal.fits,SCIENCE,,CAL,,CALJWST,2.0.0,5893,jw05893011008_02101_00002_nrca4_cal.fits,117573120,262817470,PUBLIC,2,F200W
262817253,JWST,image,jw05893011008_02101_00002_nrcb3,exposure (L2b): 2D calibrated exposure average over integrations,S,mast:JWST/product/jw05893011008_02101_00002_nrcb3_cal.fits,SCIENCE,,CAL,,CALJWST,2.0.0,5893,jw05893011008_02101_00002_nrcb3_cal.fits,117573120,262817470,PUBLIC,2,F200W
262817254,JWST,image,jw05893011008_02101_00001_nrca1,exposure (L2b): 2D calibrated exposure average over integrations,S,mast:JWST/product/jw05893011008_02101_00001_nrca1_cal.fits,SCIENCE,,CAL,,CALJWST,2.0.0,5893,jw05893011008_02101_00001_nrca1_cal.fits,117570240,262817470,PUBLIC,2,F200W
262817255,JWST,image,jw05893011008_02101_00002_nrca1,exposure (L2b): 2D calibrated exposure average over integrations,S,mast:JWST/product/jw05893011008_02101_00002_nrca1_cal.fits,SCIENCE,,CAL,,CALJWST,2.0.0,5893,jw05893011008_02101_00002_nrca1_cal.fits,117570240,262817470,PUBLIC,2,F200W
262817258,JWST,image,jw05893011008_02101_00002_nrcb4,exposure (L2b): 2D calibrated exposure average over integrations,S,mast:JWST/product/jw05893011008_02101_00002_nrcb4_cal.fits,SCIENCE,,CAL,,CALJWST,2.0.0,5893,jw05893011008_02101_00002_nrcb4_cal.fits,117573120,262817470,PUBLIC,2,F200W
262817259,JWST,image,jw05893011008_02101_00003_nrca2,exposure (L2b): 2D calibrated exposure average over integrations,S,mast:JWST/product/jw05893011008_02101_00003_nrca2_cal.fits,SCIENCE,,CAL,,CALJWST,2.0.0,5893,jw05893011008_02101_00003_nrca2_cal.fits,117570240,262817470,PUBLIC,2,F200W
262817260,JWST,image,jw05893011008_02101_00001_nrca4,exposure (L2b): 2D calibrated exposure average over integrations,S,mast:JWST/product/jw05893011008_02101_00001_nrca4_cal.fits,SCIENCE,,CAL,,CALJWST,2.0.0,5893,jw05893011008_02101_00001_nrca4_cal.fits,117573120,262817470,PUBLIC,2,F200W
262817285,JWST,image,jw05893011008_02101_00006_nrcb4,exposure (L2b): 2D calibrated exposure average over integrations,S,mast:JWST/product/jw05893011008_02101_00006_nrcb4_cal.fits,SCIENCE,,CAL,,CALJWST,2.0.0,5893,jw05893011008_02101_00006_nrcb4_cal.fits,117573120,262817470,PUBLIC,2,F200W
262817287,JWST,image,jw05893011008_02101_00006_nrca2,exposure (L2b): 2D calibrated exposure average over integrations,S,mast:JWST/product/jw05893011008_02101_00006_nrca2_cal.fits,SCIENCE,,CAL,,CALJWST,2.0.0,5893,jw05893011008_02101_00006_nrca2_cal.fits,117570240,262817470,PUBLIC,2,F200W
262817288,JWST,image,jw05893011008_02101_00005_nrcb1,exposure (L2b): 2D calibrated exposure average over integrations,S,mast:JWST/product/jw05893011008_02101_00005_nrcb1_cal.fits,SCIENCE,,CAL,,CALJWST,2.0.0,5893,jw05893011008_02101_00005_nrcb1_cal.fits,117573120,262817470,PUBLIC,2,F200W
262817292,JWST,image,jw05893011008_02101_00005_nrca1,exposure (L2b): 2D calibrated exposure average over integrations,S,mast:JWST/product/jw05893011008_02101_00005_nrca1_cal.fits,SCIENCE,,CAL,,CALJWST,2.0.0,5893,jw05893011008_02101_00005_nrca1_cal.fits,117570240,262817470,PUBLIC,2,F200W
262817293,JWST,image,jw05893011008_02101_00006_nrcb3,exposure (L2b): 2D calibrated exposure average over integrations,S,mast:JWST/product/jw05893011008_02101_00006_nrcb3_cal.fits,SCIENCE,,CAL,,CALJWST,2.0.0,5893,jw05893011008_02101_00006_nrcb3_cal.fits,117573120,262817470,PUBLIC,2,F200W
262817294,JWST,image,jw05893011008_02101_00004_nrcb4,exposure (L2b): 2D calibrated exposure average over integrations,S,mast:JWST/product/jw05893011008_02101_00004_nrcb4_cal.fits,SCIENCE,,CAL,,CALJWST,2.0.0,5893,jw05893011008_02101_00004_nrcb4_cal.fits,117573120,262817470,PUBLIC,2,F200W
262817295,JWST,image,jw05893011008_02101_00004_nrca3,exposure (L2b): 2D calibrated exposure average over integrations,S,mast:JWST/product/jw05893011008_02101_00004_nrca3_cal.fits,SCIENCE,,CAL,,CALJWST,2.0.0,5893,jw05893011008_02101_00004_nrca3_cal.fits,117573120,262817470,PUBLIC,2,F200W
262817296,JWST,image,jw05893011008_02101_00004_nrca1,exposure (L2b): 2D calibrated exposure average over integrations,S,mast:JWST/product/jw05893011008_02101_00004_nrca1_cal.fits,SCIENCE,,CAL,,CALJWST,2.0.0,5893,jw05893011008_02101_00004_nrca1_cal.fits,117570240,262817470,PUBLIC,2,F200W
262817302,JWST,image,jw05893011008_02101_00004_nrcb1,exposure (L2b): 2D calibrated exposure average over integrations,S,mast:JWST/product/jw05893011008_02101_00004_nrcb1_cal.fits,SCIENCE,,CAL,,CALJWST,2.0.0,5893,jw05893011008_02101_00004_nrcb1_cal.fits,117573120,262817470,PUBLIC,2,F200W
262817303,JWST,image,jw05893011008_02101_00006_nrca4,exposure (L2b): 2D calibrated exposure average over integrations,S,mast:JWST/product/jw05893011008_02101_00006_nrca4_cal.fits,SCIENCE,,CAL,,CALJWST,2.0.0,5893,jw05893011008_02101_00006_nrca4_cal.fits,117573120,262817470,PUBLIC,2,F200W
262817304,JWST,image,jw05893011008_02101_00003_nrcb2,exposure (L2b): 2D calibrated exposure average over integrations,S,mast:JWST/product/jw05893011008_02101_00003_nrcb2_cal.fits,SCIENCE,,CAL,,CALJWST,2.0.0,5893,jw05893011008_02101_00003_nrcb2_cal.fits,117573120,262817470,PUBLIC,2,F200W
262817305,JWST,image,jw05893011008_02101_00003_nrcb4,exposure (L2b): 2D calibrated exposure average over integrations,S,mast:JWST/product/jw05893011008_02101_00003_nrcb4_cal.fits,SCIENCE,,CAL,,CALJWST,2.0.0,5893,jw05893011008_02101_00003_nrcb4_cal.fits,117573120,262817470,PUBLIC,2,F200W
262817307,JWST,image,jw05893011008_02101_00006_nrcb2,exposure (L2b): 2D calibrated exposure average over integrations,S,mast:JWST/product/jw05893011008_02101_00006_nrcb2_cal.fits,SCIENCE,,CAL,,CALJWST,2.0.0,5893,jw05893011008_02101_00006_nrcb2_cal.fits,117573120,262817470,PUBLIC,2,F200W
262817309,JWST,image,jw05893011008_02101_00006_nrca1,exposure (L2b): 2D calibrated exposure average over integrations,S,mast:JWST/product/jw05893011008_02101_00006_nrca1_cal.fits,SCIENCE,,CAL,,CALJWST,2.0.0,5893,jw05893011008_02101_00006_nrca1_cal.fits,117570240,262817470,PUBLIC,2,F200W
262817311,JWST,image,jw05893011008_02101_00005_nrcb2,exposure (L2b): 2D calibrated exposure average over integrations,S,mast:JWST/product/jw05893011008_02101_00005_nrcb2_cal.fits,SCIENCE,,CAL,,CALJWST,2.0.0,5893,jw05893011008_02101_00005_nrcb2_cal.fits,117573120,262817470,PUBLIC,2,F200W
262817312,JWST,image,jw05893011008_02101_00005_nrcb3,exposure (L2b): 2D calibrated exposure average over integrations,S,mast:JWST/product/jw05893011008_02101_00005_nrcb3_cal.fits,SCIENCE,,CAL,,CALJWST,2.0.0,5893,jw05893011008_02101_00005_nrcb3_cal.fits,117573120,262817470,PUBLIC,2,F200W
262817313,JWST,image,jw05893011008_02101_00006_nrca3,exposure (L2b): 2D calibrated exposure average over integrations,S,mast:JWST/product/jw05893011008_02101_00006_nrca3_cal.fits,SCIENCE,,CAL,,CALJWST,2.0.0,5893,jw05893011008_02101_00006_nrca3_cal.fits,117573120,262817470,PUBLIC,2,F200W
262817314,JWST,image,jw05893011008_02101_00005_nrca2,exposure (L2b): 2D calibrated exposure average over integrations,S,mast:JWST/product/jw05893011008_02101_00005_nrca2_cal.fits,SCIENCE,,CAL,,CALJWST,2.0.0,5893,jw05893011008_02101_00005_nrca2_cal.fits,117570240,262817470,PUBLIC,2,F200W
262817315,JWST,image,jw05893011008_02101_00006_nrcb1,exposure (L2b): 2D calibrated exposure average over integrations,S,mast:JWST/product/jw05893011008_02101_00006_nrcb1_cal.fits,SCIENCE,,CAL,,CALJWST,2.0.0,5893,jw05893011008_02101_00006_nrcb1_cal.fits,117573120,262817470,PUBLIC,2,F200W
262817316,JWST,image,jw05893011008_02101_00003_nrcb1,exposure (L2b): 2D calibrated exposure average over integrations,S,mast:JWST/product/jw05893011008_02101_00003_nrcb1_cal.fits,SCIENCE,,CAL,,CALJWST,2.0.0,5893,jw05893011008_02101_00003_nrcb1_cal.fits,117573120,262817470,PUBLIC,2,F200W
262817317,JWST,image,jw05893011008_02101_00003_nrcb3,exposure (L2b): 2D calibrated exposure average over integrations,S,mast:JWST/product/jw05893011008_02101_00003_nrcb3_cal.fits,SCIENCE,,CAL,,CALJWST,2.0.0,5893,jw05893011008_02101_00003_nrcb3_cal.fits,117573120,262817470,PUBLIC,2,F200W
262817318,JWST,image,jw05893011008_02101_00005_nrca3,exposure (L2b): 2D calibrated exposure average over integrations,S,mast:JWST/product/jw05893011008_02101_00005_nrca3_cal.fits,SCIENCE,,CAL,,CALJWST,2.0.0,5893,jw05893011008_02101_00005_nrca3_cal.fits,117573120,262817470,PUBLIC,2,F200W
262817321,JWST,image,jw05893011008_02101_00005_nrca4,exposure (L2b): 2D calibrated exposure average over integrations,S,mast:JWST/product/jw05893011008_02101_00005_nrca4_cal.fits,SCIENCE,,CAL,,CALJWST,2.0.0,5893,jw05893011008_02101_00005_nrca4_cal.fits,117573120,262817470,PUBLIC,2,F200W
262817322,JWST,image,jw05893011008_02101_00004_nrcb2,exposure (L2b): 2D calibrated exposure average over integrations,S,mast:JWST/product/jw05893011008_02101_00004_nrcb2_cal.fits,SCIENCE,,CAL,,CALJWST,2.0.0,5893,jw05893011008_02101_00004_nrcb2_cal.fits,117573120,262817470,PUBLIC,2,F200W
262817323,JWST,image,jw05893011008_02101_00005_nrcb4,exposure (L2b): 2D calibrated exposure average over integrations,S,mast:JWST/product/jw05893011008_02101_00005_nrcb4_cal.fits,SCIENCE,,CAL,,CALJWST,2.0.0,5893,jw05893011008_02101_00005_nrcb4_cal.fits,117573120,262817470,PUBLIC,2,F200W
262817326,JWST,image,jw05893011008_02101_00002_nrca3,exposure (L2b): 2D calibrated exposure average over integrations,S,mast:JWST/product/jw05893011008_02101_00002_nrca3_cal.fits,SCIENCE,,CAL,,CALJWST,2.0.0,5893,jw05893011008_02101_00002_nrca3_cal.fits,117573120,262817470,PUBLIC,2,F200W
262817328,JWST,image,jw05893011008_02101_00003_nrca3,exposure (L2b): 2D calibrated exposure average over integrations,S,mast:JWST/product/jw05893011008_02101_00003_nrca3_cal.fits,SCIENCE,,CAL,,CALJWST,2.0.0,5893,jw05893011008_02101_00003_nrca3_cal.fits,117573120,262817470,PUBLIC,2,F200W
262817331,JWST,image,jw05893011008_02101_00003_nrca1,exposure (L2b): 2D calibrated exposure average over integrations,S,mast:JWST/product/jw05893011008_02101_00003_nrca1_cal.fits,SCIENCE,,CAL,,CALJWST,2.0.0,5893,jw05893011008_02101_00003_nrca1_cal.fits,117570240,262817470,PUBLIC,2,F200W
262817334,JWST,image,jw05893011008_02101_00004_nrca4,exposure (L2b): 2D calibrated exposure average over integrations,S,mast:JWST/product/jw05893011008_02101_00004_nrca4_cal.fits,SCIENCE,,CAL,,CALJWST,2.0.0,5893,jw05893011008_02101_00004_nrca4_cal.fits,117573120,262817470,PUBLIC,2,F200W
262817336,JWST,image,jw05893011008_02101_00003_nrca4,exposure (L2b): 2D calibrated exposure average over integrations,S,mast:JWST/product/jw05893011008_02101_00003_nrca4_cal.fits,SCIENCE,,CAL,,CALJWST,2.0.0,5893,jw05893011008_02101_00003_nrca4_cal.fits,117573120,262817470,PUBLIC,2,F200W
262817339,JWST,image,jw05893011008_02101_00004_nrcb3,exposure (L2b): 2D calibrated exposure average over integrations,S,mast:JWST/product/jw05893011008_02101_00004_nrcb3_cal.fits,SCIENCE,,CAL,,CALJWST,2.0.0,5893,jw05893011008_02101_00004_nrcb3_cal.fits,117573120,262817470,PUBLIC,2,F200W
262817340,JWST,image,jw05893011008_02101_00004_nrca2,exposure (L2b): 2D calibrated exposure average over integrations,S,mast:JWST/product/jw05893011008_02101_00004_nrca2_cal.fits,SCIENCE,,CAL,,CALJWST,2.0.0,5893,jw05893011008_02101_00004_nrca2_cal.fits,117570240,262817470,PUBLIC,2,F200W
