obsID,obs_collection,dataproduct_type,obs_id,description,type,dataURI,productType,productGroupDescription,productSubGroupDescription,productDocumentationURL,project,prvversion,proposal_id,productFilename,size,parent_obsid,dataRights,calib_level,filters
262965193,JWST,image,jw05893005001_02101_00001_nrcb2,exposure (L2b): 2D calibrated exposure average over integrations,S,mast:JWST/product/jw05893005001_02101_00001_nrcb2_cal.fits,SCIENCE,,CAL,,CALJWST,2.0.0,5893,jw05893005001_02101_00001_nrcb2_cal.fits,117573120,262999337,PUBLIC,2,F200W
262965194,JWST,image,jw05893005001_02101_00001_nrca1,exposure (L2b): 2D calibrated exposure average over integrations,S,mast:JWST/product/jw05893005001_02101_00001_nrca1_cal.fits,SCIENCE,,CAL,,CALJWST,2.0.0,5893,jw05893005001_02101_00001_nrca1_cal.fits,117570240,262999337,PUBLIC,2,F200W
262965195,JWST,image,jw05893005001_02101_00001_nrca3,exposure (L2b): 2D calibrated exposure average over integrations,S,mast:JWST/product/jw05893005001_02101_00001_nrca3_cal.fits,SCIENCE,,CAL,,CALJWST,2.0.0,5893,jw05893005001_02101_00001_nrca3_cal.fits,117573120,262999337,PUBLIC,2,F200W
262965196,JWST,image,jw05893005001_02101_00002_nrca1,exposure (L2b): 2D calibrated exposure average over integrations,S,mast:JWST/product/jw05893005001_02101_00002_nrca1_cal.fits,SCIENCE,,CAL,,CALJWST,2.0.0,5893,jw05893005001_02101_00002_nrca1_cal.fits,117570240,262999337,PUBLIC,2,F200W
262965200,JWST,image,jw05893005001_02101_00001_nrcb3,exposure (L2b): 2D calibrated exposure average over integrations,S,mast:JWST/product/jw05893005001_02101_00001_nrcb3_cal.fits,SCIENCE,,CAL,,CALJWST,2.0.0,5893,jw05893005001_02101_00001_nrcb3_cal.fits,117573120,262999337,PUBLIC,2,F200W
262965202,JWST,image,jw05893005001_02101_00003_nrcb4,exposure (L2b): 2D calibrated exposure average over integrations,S,mast:JWST/product/jw05893005001_02101_00003_nrcb4_cal.fits,SCIENCE,,CAL,,CALJWST,2.0.0,5893,jw05893005001_02101_00003_nrcb4_cal.fits,117573120,262999337,PUBLIC,2,F200W
262965203,JWST,image,jw05893005001_02101_00003_nrca1,exposure (L2b): 2D calibrated exposure average over integrations,S,mast:JWST/product/jw05893005001_02101_00003_nrca1_cal.fits,SCIENCE,,CAL,,CALJWST,2.0.0,5893,jw05893005001_02101_00003_nrca1_cal.fits,117570240,262999337,PUBLIC,2,F200W
262965204,JWST,image,jw05893005001_02101_00001_nrcb1,exposure (L2b): 2D calibrated exposure average over integrations,S,mast:JWST/product/jw05893005001_02101_00001_nrcb1_cal.fits,SCIENCE,,CAL,,CALJWST,2.0.0,5893,jw05893005001_02101_00001_nrcb1_cal.fits,117573120,262999337,PUBLIC,2,F200W
262965206,JWST,image,jw05893005001_02101_00001_nrcb4,exposure (L2b): 2D calibrated exposure average over integrations,S,mast:JWST/product/jw05893005001_02101_00001_nrcb4_cal.fits,SCIENCE,,CAL,,CALJWST,2.0.0,5893,jw05893005001_02101_00001_nrcb4_cal.fits,117573120,262999337,PUBLIC,2,F200W
262965207,JWST,image,jw05893005001_02101_00003_nrcb3,exposure (L2b): 2D calibrated exposure average over integrations,S,mast:JWST/product/jw05893005001_02101_00003_nrcb3_cal.fits,SCIENCE,,CAL,,CALJWST,2.0.0,5893,jw05893005001_02101_00003_nrcb3_cal.fits,117573120,262999337,PUBLIC,2,F200W
262965208,JWST,image,jw05893005001_02101_00002_nrca3,exposure (L2b): 2D calibrated exposure average over integrations,S,mast:JWST/product/jw05893005001_02101_00002_nrca3_cal.fits,SCIENCE,,CAL,,CALJWST,2.0.0,5893,jw05893005001_02101_00002_nrca3_cal.fits,117573120,262999337,PUBLIC,2,F200W
262965209,JWST,image,jw05893005001_02101_00001_nrca4,exposure (L2b): 2D calibrated exposure average over integrations,S,mast:JWST/product/jw05893005001_02101_00001_nrca4_cal.fits,SCIENCE,,CAL,,CALJWST,2.0.0,5893,jw05893005001_02101_00001_nrca4_cal.fits,117573120,262999337,PUBLIC,2,F200W
262965210,JWST,image,jw05893005001_02101_00002_nrca4,exposure (L2b): 2D calibrated exposure average over integrations,S,mast:JWST/product/jw05893005001_02101_00002_nrca4_cal.fits,SCIENCE,,CAL,,CALJWST,2.0.0,5893,jw05893005001_02101_00002_nrca4_cal.fits,117573120,262999337,PUBLIC,2,F200W
262965211,JWST,image,jw05893005001_02101_00002_nrcb4,exposure (L2b): 2D calibrated exposure average over integrations,S,mast:JWST/product/jw05893005001_02101_00002_nrcb4_cal.fits,SCIENCE,,CAL,,CALJWST,2.0.0,5893,jw05893005001_02101_00002_nrcb4_cal.fits,117573120,262999337,PUBLIC,2,F200W
262965212,JWST,image,jw05893005001_02101_00002_nrcb3,exposure (L2b): 2D calibrated exposure average over integrations,S,mast:JWST/product/jw05893005001_02101_00002_nrcb3_cal.fits,SCIENCE,,CAL,,CALJWST,2.0.0,5893,jw05893005001_02101_00002_nrcb3_cal.fits,117573120,262999337,PUBLIC,2,F200W
262965213,JWST,image,jw05893005001_02101_00002_nrcb2,exposure (L2b): 2D calibrated exposure average over integrations,S,mast:JWST/product/jw05893005001_02101_00002_nrcb2_cal.fits,SCIENCE,,CAL,,CALJWST,2.0.0,5893,jw05893005001_02101_00002_nrcb2_cal.fits,117573120,262999337,PUBLIC,2,F200W
262965214,JWST,image,jw05893005001_02101_00002_nrcb1,exposure (L2b): 2D calibrated exposure average over integrations,S,mast:JWST/product/jw05893005001_02101_00002_nrcb1_cal.fits,SCIENCE,,CAL,,CALJWST,2.0.0,5893,jw05893005001_02101_00002_nrcb1_cal.fits,117573120,262999337,PUBLIC,2,F200W
262965215,JWST,image,jw05893005001_02101_00001_nrca2,exposure (L2b): 2D calibrated exposure average over integrations,S,mast:JWST/product/jw05893005001_02101_00001_nrca2_cal.fits,SCIENCE,,CAL,,CALJWST,2.0.0,5893,jw05893005001_02101_00001_nrca2_cal.fits,117570240,262999337,PUBLIC,2,F200W
262965217,JWST,image,jw05893005001_02101_00002_nrca2,exposure (L2b): 2D calibrated exposure average over integrations,S,mast:JWST/product/jw05893005001_02101_00002_nrca2_cal.fits,SCIENCE,,CAL,,CALJWST,2.0.0,5893,jw05893005001_02101_00002_nrca2_cal.fits,117570240,262999337,PUBLIC,2,F200W
262965219,JWST,image,jw05893005001_02101_00003_nrcb1,exposure (L2b): 2D calibrated exposure average over integrations,S,mast:JWST/product/jw05893005001_02101_00003_nrcb1_cal.fits,SCIENCE,,CAL,,CALJWST,2.0.0,5893,jw05893005001_02101_00003_nrcb1_cal.fits,117573120,262999337,PUBLIC,2,F200W
262965232,JWST,image,jw05893005001_02101_00005_nrca3,exposure (L2b): 2D calibrated exposure average over integrations,S,mast:JWST/product/jw05893005001_02101_00005_nrca3_cal.fits,SCIENCE,,CAL,,CALJWST,2.0.0,5893,jw05893005001_02101_00005_nrca3_cal.fits,117573120,262999337,PUBLIC,2,F200W
262965233,JWST,image,jw05893005001_02101_00005_nrca1,exposure (L2b): 2D calibrated exposure average over integrations,S,mast:JWST/product/jw05893005001_02101_00005_nrca1_cal.fits,SCIENCE,,CAL,,CALJWST,2.0.0,5893,jw05893005001_02101_00005_nrca1_cal.fits,117570240,262999337,PUBLIC,2,F200W
262965234,JWST,image,jw05893005001_02101_00006_nrca1,exposure (L2b): 2D calibrated exposure average over integrations,S,mast:JWST/product/jw05893005001_02101_00006_nrca1_cal.fits,SCIENCE,,CAL,,CALJWST,2.0.0,5893,jw05893005001_02101_00006_nrca1_cal.fits,117570240,262999337,PUBLIC,2,F200W
262965238,JWST,image,jw05893005001_02101_00005_nrcb4,exposure (L2b): 2D calibrated exposure average over integrations,S,mast:JWST/product/jw05893005001_02101_00005_nrcb4_cal.fits,SCIENCE,,CAL,,CALJWST,2.0.0,5893,jw05893005001_02101_00005_nrcb4_cal.fits,117573120,262999337,PUBLIC,2,F200W
262965240,JWST,image,jw05893005001_02101_00003_nrca2,exposure (L2b): 2D calibrated exposure average over integrations,S,mast:JWST/product/jw05893005001_02101_00003_nrca2_cal.fits,SCIENCE,,CAL,,CALJWST,2.0.0,5893,jw05893005001_02101_00003_nrca2_cal.fits,117570240,262999337,PUBLIC,2,F200W
262965242,JWST,image,jw05893005001_02101_00006_nrcb3,exposure (L2b): 2D calibrated exposure average over integrations,S,mast:JWST/product/jw05893005001_02101_00006_nrcb3_cal.fits,SCIENCE,,CAL,,CALJWST,2.0.0,5893,jw05893005001_02101_00006_nrcb3_cal.fits,117573120,262999337,PUBLIC,2,F200W
262965243,JWST,image,jw05893005001_02101_00004_nrca3,exposure (L2b): 2D calibrated exposure average over integrations,S,mast:JWST/product/jw05893005001_02101_00004_nrca3_cal.fits,SCIENCE,,CAL,,CALJWST,2.0.0,5893,jw05893005001_02101_00004_nrca3_cal.fits,117573120,262999337,PUBLIC,2,F200W
262965247,JWST,image,jw05893005001_02101_00006_nrca2,exposure (L2b): 2D calibrated exposure average over integrations,S,mast:JWST/product/jw05893005001_02101_00006_nrca2_cal.fits,SCIENCE,,CAL,,CALJWST,2.0.0,5893,jw05893005001_02101_00006_nrca2_cal.fits,117570240,262999337,PUBLIC,2,F200W
262965251,JWST,image,jw05893005001_02101_00006_nrca4,exposure (L2b): 2D calibrated exposure average over integrations,S,mast:JWST/product/jw05893005001_02101_00006_nrca4_cal.fits,SCIENCE,,CAL,,CALJWST,2.0.0,5893,jw05893005001_02101_00006_nrca4_cal.fits,117573120,262999337,PUBLIC,2,F200W
262965252,JWST,image,jw05893005001_02101_00004_nrcb2,exposure (L2b): 2D calibrated exposure average over integrations,S,mast:JWST/product/jw05893005001_02101_00004_nrcb2_cal.fits,SCIENCE,,CAL,,CALJWST,2.0.0,5893,jw05893005001_02101_00004_nrcb2_cal.fits,117573120,262999337,PUBLIC,2,F200W
262965256,JWST,image,jw05893005001_02101_00006_nrca3,exposure (L2b): 2D calibrated exposure average over integrations,S,mast:JWST/product/jw05893005001_02101_00006_nrca3_cal.fits,SCIENCE,,CAL,,CALJWST,2.0.0,5893,jw05893005001_02101_00006_nrca3_cal.fits,117573120,262999337,PUBLIC,2,F200W
262965257,JWST,image,jw05893005001_02101_00004_nrcb1,exposure (L2b): 2D calibrated exposure average over integrations,S,mast:JWST/product/jw05893005001_02101_00004_nrcb1_cal.fits,SCIENCE,,CAL,,CALJWST,2.0.0,5893,jw05893005001_02101_00004_nrcb1_cal.fits,117573120,262999337,PUBLIC,2,F200W
262965260,JWST,image,jw05893005001_02101_00003_nrcb2,exposure (L2b): 2D calibrated exposure average over integrations,S,mast:JWST/product/jw05893005001_02101_00003_nrcb2_cal.fits,SCIENCE,,CAL,,CALJWST,2.0.0,5893,jw05893005001_02101_00003_nrcb2_cal.fits,117573120,262999337,PUBLIC,2,F200W
262965262,JWST,image,jw05893005001_02101_00006_nrcb2,exposure (L2b): 2D calibrated exposure average over integrations,S,mast:JWST/product/jw05893005001_02101_00006_nrcb2_cal.fits,SCIENCE,,CAL,,CALJWST,2.0.0,5893,jw05893005001_02101_00006_nrcb2_cal.fits,117573120,262999337,PUBLIC,2,F200W
262965264,JWST,image,jw05893005001_02101_00005_nrcb2,exposure (L2b): 2D calibrated exposure average over integrations,S,mast:JWST/product/jw05893005001_02101_00005_nrcb2_cal.fits,SCIENCE,,CAL,,CALJWST,2.0.0,5893,jw05893005001_02101_00005_nrcb2_cal.fits,117573120,262999337,PUBLIC,2,F200W
262965270,JWST,image,jw05893005001_02101_00004_nrca1,exposure (L2b): 2D calibrated exposure average over integrations,S,mast:JWST/product/jw05893005001_02101_00004_nrca1_cal.fits,SCIENCE,,CAL,,CALJWST,2.0.0,5893,jw05893005001_02101_00004_nrca1_cal.fits,117570240,262999337,PUBLIC,2,F200W
262965271,JWST,image,jw05893005001_02101_00005_nrca4,exposure (L2b): 2D calibrated exposure average over integrations,S,mast:JWST/product/jw05893005001_02101_00005_nrca4_cal.fits,SCIENCE,,CAL,,CALJWST,2.0.0,5893,jw05893005001_02101_00005_nrca4_cal.fits,117573120,262999337,PUBLIC,2,F200W
262965273,JWST,image,jw05893005001_02101_00003_nrca3,exposure (L2b): 2D calibrated exposure average over integrations,S,mast:JWST/product/jw05893005001_02101_00003_nrca3_cal.fits,SCIENCE,,CAL,,CALJWST,2.0.0,5893,jw05893005001_02101_00003_nrca3_cal.fits,117573120,262999337,PUBLIC,2,F200W
262965274,JWST,image,jw05893005001_02101_00006_nrcb1,exposure (L2b): 2D calibrated exposure average over integrations,S,mast:JWST/product/jw05893005001_02101_00006_nrcb1_cal.fits,SCIENCE,,CAL,,CALJWST,2.0.0,5893,jw05893005001_02101_00006_nrcb1_cal.fits,117573120,262999337,PUBLIC,2,F200W
262965275,JWST,image,jw05893005001_02101_00004_nrcb3,exposure (L2b): 2D calibrated exposure average over integrations,S,mast:JWST/product/jw05893005001_02101_00004_nrcb3_cal.fits,SCIENCE,,CAL,,CALJWST,2.0.0,5893,jw05893005001_02101_00004_nrcb3_cal.fits,117573120,262999337,PUBLIC,2,F200W
262965276,JWST,image,jw05893005001_02101_00003_nrca4,exposure (L2b): 2D calibrated exposure average over integrations,S,mast:JWST/product/jw05893005001_02101_00003_nrca4_cal.fits,SCIENCE,,CAL,,CALJWST,2.0.0,5893,jw05893005001_02101_00003_nrca4_cal.fits,117573120,262999337,PUBLIC,2,F200W
262965281,JWST,image,jw05893005001_02101_00004_nrca4,exposure (L2b): 2D calibrated exposure average over integrations,S,mast:JWST/product/jw05893005001_02101_00004_nrca4_cal.fits,SCIENCE,,CAL,,CALJWST,2.0.0,5893,jw05893005001_02101_00004_nrca4_cal.fits,117573120,262999337,PUBLIC,2,F200W
262965282,JWST,image,jw05893005001_02101_00006_nrcb4,exposure (L2b): 2D calibrated exposure average over integrations,S,mast:JWST/product/jw05893005001_02101_00006_nrcb4_cal.fits,SCIENCE,,CAL,,CALJWST,2.0.0,5893,jw05893005001_02101_00006_nrcb4_cal.fits,117573120,262999337,PUBLIC,2,F200W
262965283,JWST,image,jw05893005001_02101_00004_nrca2,exposure (L2b): 2D calibrated exposure average over integrations,S,mast:JWST/product/jw05893005001_02101_00004_nrca2_cal.fits,SCIENCE,,CAL,,CALJWST,2.0.0,5893,jw05893005001_02101_00004_nrca2_cal.fits,117570240,262999337,PUBLIC,2,F200W
262965284,JWST,image,jw05893005001_02101_00005_nrcb1,exposure (L2b): 2D calibrated exposure average over integrations,S,mast:JWST/product/jw05893005001_02101_00005_nrcb1_cal.fits,SCIENCE,,CAL,,CALJWST,2.0.0,5893,jw05893005001_02101_00005_nrcb1_cal.fits,117573120,262999337,PUBLIC,2,F200W
262965285,JWST,image,jw05893005001_02101_00005_nrcb3,exposure (L2b): 2D calibrated exposure average over integrations,S,mast:JWST/product/jw05893005001_02101_00005_nrcb3_cal.fits,SCIENCE,,CAL,,CALJWST,2.0.0,5893,jw05893005001_02101_00005_nrcb3_cal.fits,117573120,262999337,PUBLIC,2,F200W
262965290,JWST,image,jw05893005001_02101_00004_nrcb4,exposure (L2b): 2D calibrated exposure average over integrations,S,mast:JWST/product/jw05893005001_02101_00004_nrcb4_cal.fits,SCIENCE,,CAL,,CALJWST,2.0.0,5893,jw05893005001_02101_00004_nrcb4_cal.fits,117573120,262999337,PUBLIC,2,F200W
262965294,JWST,image,jw05893005001_02101_00005_nrca2,exposure (L2b): 2D calibrated exposure average over integrations,S,mast:JWST/product/jw05893005001_02101_00005_nrca2_cal.fits,SCIENCE,,CAL,,CALJWST,2.0.0,5893,jw05893005001_02101_00005_nrca2_cal.fits,117570240,262999337,PUBLIC,2,F200W
262965295,JWST,image,jw05893005002_02101_00001_nrca1,exposure (L2b): 2D calibrated exposure average over integrations,S,mast:JWST/product/jw05893005002_02101_00001_nrca1_cal.fits,SCIENCE,,CAL,,CALJWST,2.0.0,5893,jw05893005002_02101_00001_nrca1_cal.fits,117570240,262999337,PUBLIC,2,F200W
262965297,JWST,image,jw05893005002_02101_00001_nrcb3,exposure (L2b): 2D calibrated exposure average over integrations,S,mast:JWST/product/jw05893005002_02101_00001_nrcb3_cal.fits,SCIENCE,,CAL,,CALJWST,2.0.0,5893,jw05893005002_02101_00001_nrcb3_cal.fits,117573120,262999337,PUBLIC,2,F200W
262965487,JWST,image,jw05893005002_02101_00005_nrca1,exposure (L2b): 2D calibrated exposure average over integrations,S,mast:JWST/product/jw05893005002_02101_00005_nrca1_cal.fits,SCIENCE,,CAL,,CALJWST,2.0.0,5893,jw05893005002_02101_00005_nrca1_cal.fits,117570240,262999337,PUBLIC,2,F200W
262965490,JWST,image,jw05893005002_02101_00003_nrcb3,exposure (L2b): 2D calibrated exposure average over integrations,S,mast:JWST/product/jw05893005002_02101_00003_nrcb3_cal.fits,SCIENCE,,CAL,,CALJWST,2.0.0,5893,jw05893005002_02101_00003_nrcb3_cal.fits,117573120,262999337,PUBLIC,2,F200W
262965491,JWST,image,jw05893005002_02101_00004_nrca3,exposure (L2b): 2D calibrated exposure average over integrations,S,mast:JWST/product/jw05893005002_02101_00004_nrca3_cal.fits,SCIENCE,,CAL,,CALJWST,2.0.0,5893,jw05893005002_02101_00004_nrca3_cal.fits,117573120,262999337,PUBLIC,2,F200W
262965492,JWST,image,jw05893005002_02101_00005_nrcb1,exposure (L2b): 2D calibrated exposure average over integrations,S,mast:JWST/product/jw05893005002_02101_00005_nrcb1_cal.fits,SCIENCE,,CAL,,CALJWST,2.0.0,5893,jw05893005002_02101_00005_nrcb1_cal.fits,117573120,262999337,PUBLIC,2,F200W
262965494,JWST,image,jw05893005002_02101_00002_nrca1,exposure (L2b): 2D calibrated exposure average over integrations,S,mast:JWST/product/jw05893005002_02101_00002_nrca1_cal.fits,SCIENCE,,CAL,,CALJWST,2.0.0,5893,jw05893005002_02101_00002_nrca1_cal.fits,117570240,262999337,PUBLIC,2,F200W
262965496,JWST,image,jw05893005002_02101_00006_nrca3,exposure (L2b): 2D calibrated exposure average over integrations,S,mast:JWST/product/jw05893005002_02101_00006_nrca3_cal.fits,SCIENCE,,CAL,,CALJWST,2.0.0,5893,jw05893005002_02101_00006_nrca3_cal.fits,117573120,262999337,PUBLIC,2,F200W
262965497,JWST,image,jw05893005002_02101_00005_nrcb3,exposure (L2b): 2D calibrated exposure average over integrations,S,mast:JWST/product/jw05893005002_02101_00005_nrcb3_cal.fits,SCIENCE,,CAL,,CALJWST,2.0.0,5893,jw05893005002_02101_00005_nrcb3_cal.fits,117573120,262999337,PUBLIC,2,F200W
262965502,JWST,image,jw05893005002_02101_00002_nrcb3,exposure (L2b): 2D calibrated exposure average over integrations,S,mast:JWST/product/jw05893005002_02101_00002_nrcb3_cal.fits,SCIENCE,,CAL,,CALJWST,2.0.0,5893,jw05893005002_02101_00002_nrcb3_cal.fits,117573120,262999337,PUBLIC,2,F200W
262965503,JWST,image,jw05893005002_02101_00001_nrca4,exposure (L2b): 2D calibrated exposure average over integrations,S,mast:JWST/product/jw05893005002_02101_00001_nrca4_cal.fits,SCIENCE,,CAL,,CALJWST,2.0.0,5893,jw05893005002_02101_00001_nrca4_cal.fits,117573120,262999337,PUBLIC,2,F200W
262965506,JWST,image,jw05893005002_02101_00001_nrca3,exposure (L2b): 2D calibrated exposure average over integrations,S,mast:JWST/product/jw05893005002_02101_00001_nrca3_cal.fits,SCIENCE,,CAL,,CALJWST,2.0.0,5893,jw05893005002_02101_00001_nrca3_cal.fits,117573120,262999337,PUBLIC,2,F200W
262965508,JWST,image,jw05893005002_02101_00005_nrcb2,exposure (L2b): 2D calibrated exposure average over integrations,S,mast:JWST/product/jw05893005002_02101_00005_nrcb2_cal.fits,SCIENCE,,CAL,,CALJWST,2.0.0,5893,jw05893005002_02101_00005_nrcb2_cal.fits,117573120,262999337,PUBLIC,2,F200W
262965510,JWST,image,jw05893005002_02101_00003_nrca1,exposure (L2b): 2D calibrated exposure average over integrations,S,mast:JWST/product/jw05893005002_02101_00003_nrca1_cal.fits,SCIENCE,,CAL,,CALJWST,2.0.0,5893,jw05893005002_02101_00003_nrca1_cal.fits,117570240,262999337,PUBLIC,2,F200W
262965511,JWST,image,jw05893005002_02101_00002_nrca4,exposure (L2b): 2D calibrated exposure average over integrations,S,mast:JWST/product/jw05893005002_02101_00002_nrca4_cal.fits,SCIENCE,,CAL,,CALJWST,2.0.0,5893,jw05893005002_02101_00002_nrca4_cal.fits,117573120,262999337,PUBLIC,2,F200W
262965513,JWST,image,jw05893005002_02101_00003_nrca2,exposure (L2b): 2D calibrated exposure average over integrations,S,mast:JWST/product/jw05893005002_02101_00003_nrca2_cal.fits,SCIENCE,,CAL,,CALJWST,2.0.0,5893,jw05893005002_02101_00003_nrca2_cal.fits,117570240,262999337,PUBLIC,2,F200W
262965516,JWST,image,jw05893005002_02101_00003_nrcb4,exposure (L2b): 2D calibrated exposure average over integrations,S,mast:JWST/product/jw05893005002_02101_00003_nrcb4_cal.fits,SCIENCE,,CAL,,CALJWST,2.0.0,5893,jw05893005002_02101_00003_nrcb4_cal.fits,117573120,262999337,PUBLIC,2,F200W
262965519,JWST,image,jw05893005002_02101_00005_nrca3,exposure (L2b): 2D calibrated exposure average over integrations,S,mast:JWST/product/jw05893005002_02101_00005_nrca3_cal.fits,SCIENCE,,CAL,,CALJWST,2.0.0,5893,jw05893005002_02101_00005_nrca3_cal.fits,117573120,262999337,PUBLIC,2,F200W
262965523,JWST,image,jw05893005002_02101_00001_nrcb1,exposure (L2b): 2D calibrated exposure average over integrations,S,mast:JWST/product/jw05893005002_02101_00001_nrcb1_cal.fits,SCIENCE,,CAL,,CALJWST,2.0.0,5893,jw05893005002_02101_00001_nrcb1_cal.fits,117573120,262999337,PUBLIC,2,F200W
262965524,JWST,image,jw05893005002_02101_00006_nrcb2,exposure (L2b): 2D calibrated exposure average over integrations,S,mast:JWST/product/jw05893005002_02101_00006_nrcb2_cal.fits,SCIENCE,,CAL,,CALJWST,2.0.0,5893,jw05893005002_02101_00006_nrcb2_cal.fits,117573120,262999337,PUBLIC,2,F200W
262965525,JWST,image,jw05893005002_02101_00002_nrca3,exposure (L2b): 2D calibrated exposure average over integrations,S,mast:JWST/product/jw05893005002_02101_00002_nrca3_cal.fits,SCIENCE,,CAL,,CALJWST,2.0.0,5893,jw05893005002_02101_00002_nrca3_cal.fits,117573120,262999337,PUBLIC,2,F200W
262965526,JWST,image,jw05893005002_02101_00003_nrcb1,exposure (L2b): 2D calibrated exposure average over integrations,S,mast:JWST/product/jw05893005002_02101_00003_nrcb1_cal.fits,SCIENCE,,CAL,,CALJWST,2.0.0,5893,jw05893005002_02101_00003_nrcb1_cal.fits,117573120,262999337,PUBLIC,2,F200W
262965528,JWST,image,jw05893005002_02101_00001_nrcb2,exposure (L2b): 2D calibrated exposure average over integrations,S,mast:JWST/product/jw05893005002_02101_00001_nrcb2_cal.fits,SCIENCE,,CAL,,CALJWST,2.0.0,5893,jw05893005002_02101_00001_nrcb2_cal.fits,117573120,262999337,PUBLIC,2,F200W
262965530,JWST,image,jw05893005002_02101_00004_nrca4,exposure (L2b): 2D calibrated exposure average over integrations,S,mast:JWST/product/jw05893005002_02101_00004_nrca4_cal.fits,SCIENCE,,CAL,,CALJWST,2.0.0,5893,jw05893005002_02101_00004_nrca4_cal.fits,117573120,262999337,PUBLIC,2,F200W
262965531,JWST,image,jw05893005002_02101_00002_nrcb2,exposure (L2b): 2D calibrated exposure average over integrations,S,mast:JWST/product/jw05893005002_02101_00002_nrcb2_cal.fits,SCIENCE,,CAL,,CALJWST,2.0.0,5893,jw05893005002_02101_00002_nrcb2_cal.fits,117573120,262999337,PUBLIC,2,F200W
262965532,JWST,image,jw05893005002_02101_00004_nrcb3,exposure (L2b): 2D calibrated exposure average over integrations,S,mast:JWST/product/jw05893005002_02101_00004_nrcb3_cal.fits,SCIENCE,,CAL,,CALJWST,2.0.0,5893,jw05893005002_02101_00004_nrcb3_cal.fits,117573120,262999337,PUBLIC,2,F200W
262965534,JWST,image,jw05893005002_02101_00006_nrca4,exposure (L2b): 2D calibrated exposure average over integrations,S,mast:JWST/product/jw05893005002_02101_00006_nrca4_cal.fits,SCIENCE,,CAL,,CALJWST,2.0.0,5893,jw05893005002_02101_00006_nrca4_cal.fits,117573120,262999337,PUBLIC,2,F200W
262965535,JWST,image,jw05893005002_02101_00001_nrcb4,exposure (L2b): 2D calibrated exposure average over integrations,S,mast:JWST/product/jw05893005002_02101_00001_nrcb4_cal.fits,SCIENCE,,CAL,,CALJWST,2.0.0,5893,jw05893005002_02101_00001_nrcb4_cal.fits,117573120,262999337,PUBLIC,2,F200W
262965536,JWST,image,jw05893005002_02101_00005_nrcb4,exposure (L2b): 2D calibrated exposure average over integrations,S,mast:JWST/product/jw05893005002_02101_00005_nrcb4_cal.fits,SCIENCE,,CAL,,CALJWST,2.0.0,5893,jw05893005002_02101_00005_nrcb4_cal.fits,117573120,262999337,PUBLIC,2,F200W
262965538,JWST,image,jw05893005002_02101_00002_nrca2,exposure (L2b): 2D calibrated exposure average over integrations,S,mast:JWST/product/jw05893005002_02101_00002_nrca2_cal.fits,SCIENCE,,CAL,,CALJWST,2.0.0,5893,jw05893005002_02101_00002_nrca2_cal.fits,117570240,262999337,PUBLIC,2,F200W
262965540,JWST,image,jw05893005002_02101_00003_nrcb2,exposure (L2b): 2D calibrated exposure average over integrations,S,mast:JWST/product/jw05893005002_02101_00003_nrcb2_cal.fits,SCIENCE,,CAL,,CALJWST,2.0.0,5893,jw05893005002_02101_00003_nrcb2_cal.fits,117573120,262999337,PUBLIC,2,F200W
262965541,JWST,image,jw05893005002_02101_00003_nrca3,exposure (L2b): 2D calibrated exposure average over integrations,S,mast:JWST/product/jw05893005002_02101_00003_nrca3_cal.fits,SCIENCE,,CAL,,CALJWST,2.0.0,5893,jw05893005002_02101_00003_nrca3_cal.fits,117573120,262999337,PUBLIC,2,F200W
262965542,JWST,image,jw05893005002_02101_00004_nrcb2,exposure (L2b): 2D calibrated exposure average over integrations,S,mast:JWST/product/jw05893005002_02101_00004_nrcb2_cal.fits,SCIENCE,,CAL,,CALJWST,2.0.0,5893,jw05893005002_02101_00004_nrcb2_cal.fits,117573120,262999337,PUBLIC,2,F200W
262965544,JWST,image,jw05893005002_02101_00005_nrca4,exposure (L2b): 2D calibrated exposure average over integrations,S,mast:JWST/product/jw05893005002_02101_00005_nrca4_cal.fits,SCIENCE,,CAL,,CALJWST,2.0.0,5893,jw05893005002_02101_00005_nrca4_cal.fits,117573120,262999337,PUBLIC,2,F200W
262965547,JWST,image,jw05893005002_02101_00004_nrca2,exposure (L2b): 2D calibrated exposure average over integrations,S,mast:JWST/product/jw05893005002_02101_00004_nrca2_cal.fits,SCIENCE,,CAL,,CALJWST,2.0.0,5893,jw05893005002_02101_00004_nrca2_cal.fits,117570240,262999337,PUBLIC,2,F200W
262965549,JWST,image,jw05893005002_02101_00002_nrcb4,exposure (L2b): 2D calibrated exposure average over integrations,S,mast:JWST/product/jw05893005002_02101_00002_nrcb4_cal.fits,SCIENCE,,CAL,,CALJWST,2.0.0,5893,jw05893005002_02101_00002_nrcb4_cal.fits,117573120,262999337,PUBLIC,2,F200W
262965550,JWST,image,jw05893005002_02101_00001_nrca2,exposure (L2b): 2D calibrated exposure average over integrations,S,mast:JWST/product/jw05893005002_02101_00001_nrca2_cal.fits,SCIENCE,,CAL,,CALJWST,2.0.0,5893,jw05893005002_02101_00001_nrca2_cal.fits,117570240,262999337,PUBLIC,2,F200W
262965552,JWST,image,jw05893005002_02101_00003_nrca4,exposure (L2b): 2D calibrated exposure average over integrations,S,mast:JWST/product/jw05893005002_02101_00003_nrca4_cal.fits,SCIENCE,,CAL,,CALJWST,2.0.0,5893,jw05893005002_02101_00003_nrca4_cal.fits,117573120,262999337,PUBLIC,2,F200W
262965554,JWST,image,jw05893005002_02101_00006_nrcb3,exposure (L2b): 2D calibrated exposure average over integrations,S,mast:JWST/product/jw05893005002_02101_00006_nrcb3_cal.fits,SCIENCE,,CAL,,CALJWST,2.0.0,5893,jw05893005002_02101_00006_nrcb3_cal.fits,117573120,262999337,PUBLIC,2,F200W
262965555,JWST,image,jw05893005002_02101_00004_nrcb4,exposure (L2b): 2D calibrated exposure average over integrations,S,mast:JWST/product/jw05893005002_02101_00004_nrcb4_cal.fits,SCIENCE,,CAL,,CALJWST,2.0.0,5893,jw05893005002_02101_00004_nrcb4_cal.fits,117573120,262999337,PUBLIC,2,F200W
262965557,JWST,image,jw05893005002_02101_00004_nrcb1,exposure (L2b): 2D calibrated exposure average over integrations,S,mast:JWST/product/jw05893005002_02101_00004_nrcb1_cal.fits,SCIENCE,,CAL,,CALJWST,2.0.0,5893,jw05893005002_02101_00004_nrcb1_cal.fits,117573120,262999337,PUBLIC,2,F200W
262965558,JWST,image,jw05893005002_02101_00004_nrca1,exposure (L2b): 2D calibrated exposure average over integrations,S,mast:JWST/product/jw05893005002_02101_00004_nrca1_cal.fits,SCIENCE,,CAL,,CALJWST,2.0.0,5893,jw05893005002_02101_00004_nrca1_cal.fits,117570240,262999337,PUBLIC,2,F200W
262965560,JWST,image,jw05893005002_02101_00002_nrcb1,exposure (L2b): 2D calibrated exposure average over integrations,S,mast:JWST/product/jw05893005002_02101_00002_nrcb1_cal.fits,SCIENCE,,CAL,,CALJWST,2.0.0,5893,jw05893005002_02101_00002_nrcb1_cal.fits,117573120,262999337,PUBLIC,2,F200W
262965561,JWST,image,jw05893005002_02101_00005_nrca2,exposure (L2b): 2D calibrated exposure average over integrations,S,mast:JWST/product/jw05893005002_02101_00005_nrca2_cal.fits,SCIENCE,,CAL,,CALJWST,2.0.0,5893,jw05893005002_02101_00005_nrca2_cal.fits,117570240,262999337,PUBLIC,2,F200W
262965583,JWST,image,jw05893005003_02101_00001_nrca1,exposure (L2b): 2D calibrated exposure average over integrations,S,mast:JWST/product/jw05893005003_02101_00001_nrca1_cal.fits,SCIENCE,,CAL,,CALJWST,2.0.0,5893,jw05893005003_02101_00001_nrca1_cal.fits,117570240,262999337,PUBLIC,2,F200W
262965584,JWST,image,jw05893005003_02101_00001_nrca4,exposure (L2b): 2D calibrated exposure average over integrations,S,mast:JWST/product/jw05893005003_02101_00001_nrca4_cal.fits,SCIENCE,,CAL,,CALJWST,2.0.0,5893,jw05893005003_02101_00001_nrca4_cal.fits,117573120,262999337,PUBLIC,2,F200W
262965586,JWST,image,jw05893005003_02101_00001_nrca2,exposure (L2b): 2D calibrated exposure average over integrations,S,mast:JWST/product/jw05893005003_02101_00001_nrca2_cal.fits,SCIENCE,,CAL,,CALJWST,2.0.0,5893,jw05893005003_02101_00001_nrca2_cal.fits,117570240,262999337,PUBLIC,2,F200W
262965589,JWST,image,jw05893005003_02101_00001_nrcb4,exposure (L2b): 2D calibrated exposure average over integrations,S,mast:JWST/product/jw05893005003_02101_00001_nrcb4_cal.fits,SCIENCE,,CAL,,CALJWST,2.0.0,5893,jw05893005003_02101_00001_nrcb4_cal.fits,117573120,262999337,PUBLIC,2,F200W
262965591,JWST,image,jw05893005003_02101_00001_nrcb3,exposure (L2b): 2D calibrated exposure average over integrations,S,mast:JWST/product/jw05893005003_02101_00001_nrcb3_cal.fits,SCIENCE,,CAL,,CALJWST,2.0.0,5893,jw05893005003_02101_00001_nrcb3_cal.fits,117573120,262999337,PUBLIC,2,F200W
262965592,JWST,image,jw05893005003_02101_00001_nrcb2,exposure (L2b): 2D calibrated exposure average over integrations,S,mast:JWST/product/jw05893005003_02101_00001_nrcb2_cal.fits,SCIENCE,,CAL,,CALJWST,2.0.0,5893,jw05893005003_02101_00001_nrcb2_cal.fits,117573120,262999337,PUBLIC,2,F200W
262965593,JWST,image,jw05893005003_02101_00001_nrcb1,exposure (L2b): 2D calibrated exposure average over integrations,S,mast:JWST/product/jw05893005003_02101_00001_nrcb1_cal.fits,SCIENCE,,CAL,,CALJWST,2.0.0,5893,jw05893005003_02101_00001_nrcb1_cal.fits,117573120,262999337,PUBLIC,2,F200W
262965594,JWST,image,jw05893005003_02101_00001_nrca3,exposure (L2b): 2D calibrated exposure average over integrations,S,mast:JWST/product/jw05893005003_02101_00001_nrca3_cal.fits,SCIENCE,,CAL,,CALJWST,2.0.0,5893,jw05893005003_02101_00001_nrca3_cal.fits,117573120,262999337,PUBLIC,2,F200W
262965597,JWST,image,jw05893005002_02101_00006_nrca1,exposure (L2b): 2D calibrated exposure average over integrations,S,mast:JWST/product/jw05893005002_02101_00006_nrca1_cal.fits,SCIENCE,,CAL,,CALJWST,2.0.0,5893,jw05893005002_02101_00006_nrca1_cal.fits,117570240,262999337,PUBLIC,2,F200W
262965599,JWST,image,jw05893005002_02101_00006_nrcb1,exposure (L2b): 2D calibrated exposure average over integrations,S,mast:JWST/product/jw05893005002_02101_00006_nrcb1_cal.fits,SCIENCE,,CAL,,CALJWST,2.0.0,5893,jw05893005002_02101_00006_nrcb1_cal.fits,117573120,262999337,PUBLIC,2,F200W
262965620,JWST,image,jw05893005002_02101_00006_nrcb4,exposure (L2b): 2D calibrated exposure average over integrations,S,mast:JWST/product/jw05893005002_02101_00006_nrcb4_cal.fits,SCIENCE,,CAL,,CALJWST,2.0.0,5893,jw05893005002_02101_00006_nrcb4_cal.fits,117573120,262999337,PUBLIC,2,F200W
262965624,JWST,image,jw05893005002_02101_00006_nrca2,exposure (L2b): 2D calibrated exposure average over integrations,S,mast:JWST/product/jw05893005002_02101_00006_nrca2_cal.fits,SCIENCE,,CAL,,CALJWST,2.0.0,5893,jw05893005002_02101_00006_nrca2_cal.fits,117570240,262999337,PUBLIC,2,F200W
262965633,JWST,image,jw05893005003_02101_00002_nrcb4,exposure (L2b): 2D calibrated exposure average over integrations,S,mast:JWST/product/jw05893005003_02101_00002_nrcb4_cal.fits,SCIENCE,,CAL,,CALJWST,2.0.0,5893,jw05893005003_02101_00002_nrcb4_cal.fits,117573120,262999337,PUBLIC,2,F200W
262965634,JWST,image,jw05893005003_02101_00002_nrcb2,exposure (L2b): 2D calibrated exposure average over integrations,S,mast:JWST/product/jw05893005003_02101_00002_nrcb2_cal.fits,SCIENCE,,CAL,,CALJWST,2.0.0,5893,jw05893005003_02101_00002_nrcb2_cal.fits,117573120,262999337,PUBLIC,2,F200W
262965636,JWST,image,jw05893005003_02101_00003_nrca3,exposure (L2b): 2D calibrated exposure average over integrations,S,mast:JWST/product/jw05893005003_02101_00003_nrca3_cal.fits,SCIENCE,,CAL,,CALJWST,2.0.0,5893,jw05893005003_02101_00003_nrca3_cal.fits,117573120,262999337,PUBLIC,2,F200W
262965637,JWST,image,jw05893005003_02101_00003_nrcb2,exposure (L2b): 2D calibrated exposure average over integrations,S,mast:JWST/product/jw05893005003_02101_00003_nrcb2_cal.fits,SCIENCE,,CAL,,CALJWST,2.0.0,5893,jw05893005003_02101_00003_nrcb2_cal.fits,117573120,262999337,PUBLIC,2,F200W
262965638,JWST,image,jw05893005003_02101_00002_nrca2,exposure (L2b): 2D calibrated exposure average over integrations,S,mast:JWST/product/jw05893005003_02101_00002_nrca2_cal.fits,SCIENCE,,CAL,,CALJWST,2.0.0,5893,jw05893005003_02101_00002_nrca2_cal.fits,117570240,262999337,PUBLIC,2,F200W
262965639,JWST,image,jw05893005003_02101_00003_nrcb1,exposure (L2b): 2D calibrated exposure average over integrations,S,mast:JWST/product/jw05893005003_02101_00003_nrcb1_cal.fits,SCIENCE,,CAL,,CALJWST,2.0.0,5893,jw05893005003_02101_00003_nrcb1_cal.fits,117573120,262999337,PUBLIC,2,F200W
262965640,JWST,image,jw05893005003_02101_00002_nrca4,exposure (L2b): 2D calibrated exposure average over integrations,S,mast:JWST/product/jw05893005003_02101_00002_nrca4_cal.fits,SCIENCE,,CAL,,CALJWST,2.0.0,5893,jw05893005003_02101_00002_nrca4_cal.fits,117573120,262999337,PUBLIC,2,F200W
262965641,JWST,image,jw05893005003_02101_00003_nrca4,exposure (L2b): 2D calibrated exposure average over integrations,S,mast:JWST/product/jw05893005003_02101_00003_nrca4_cal.fits,SCIENCE,,CAL,,CALJWST,2.0.0,5893,jw05893005003_02101_00003_nrca4_cal.fits,117573120,262999337,PUBLIC,2,F200W
262965643,JWST,image,jw05893005003_02101_00003_nrca1,exposure (L2b): 2D calibrated exposure average over integrations,S,mast:JWST/product/jw05893005003_02101_00003_nrca1_cal.fits,SCIENCE,,CAL,,CALJWST,2.0.0,5893,jw05893005003_02101_00003_nrca1_cal.fits,117570240,262999337,PUBLIC,2,F200W
262965645,JWST,image,jw05893005003_02101_00004_nrcb1,exposure (L2b): 2D calibrated exposure average over integrations,S,mast:JWST/product/jw05893005003_02101_00004_nrcb1_cal.fits,SCIENCE,,CAL,,CALJWST,2.0.0,5893,jw05893005003_02101_00004_nrcb1_cal.fits,117573120,262999337,PUBLIC,2,F200W
262965646,JWST,image,jw05893005003_02101_00002_nrca1,exposure (L2b): 2D calibrated exposure average over integrations,S,mast:JWST/product/jw05893005003_02101_00002_nrca1_cal.fits,SCIENCE,,CAL,,CALJWST,2.0.0,5893,jw05893005003_02101_00002_nrca1_cal.fits,117570240,262999337,PUBLIC,2,F200W
262965647,JWST,image,jw05893005003_02101_00003_nrcb3,exposure (L2b): 2D calibrated exposure average over integrations,S,mast:JWST/product/jw05893005003_02101_00003_nrcb3_cal.fits,SCIENCE,,CAL,,CALJWST,2.0.0,5893,jw05893005003_02101_00003_nrcb3_cal.fits,117573120,262999337,PUBLIC,2,F200W
262965648,JWST,image,jw05893005003_02101_00003_nrcb4,exposure (L2b): 2D calibrated exposure average over integrations,S,mast:JWST/product/jw05893005003_02101_00003_nrcb4_cal.fits,SCIENCE,,CAL,,CALJWST,2.0.0,5893,jw05893005003_02101_00003_nrcb4_cal.fits,117573120,262999337,PUBLIC,2,F200W
262965649,JWST,image,jw05893005003_02101_00004_nrca1,exposure (L2b): 2D calibrated exposure average over integrations,S,mast:JWST/product/jw05893005003_02101_00004_nrca1_cal.fits,SCIENCE,,CAL,,CALJWST,2.0.0,5893,jw05893005003_02101_00004_nrca1_cal.fits,117570240,262999337,PUBLIC,2,F200W
262965651,JWST,image,jw05893005003_02101_00002_nrca3,exposure (L2b): 2D calibrated exposure average over integrations,S,mast:JWST/product/jw05893005003_02101_00002_nrca3_cal.fits,SCIENCE,,CAL,,CALJWST,2.0.0,5893,jw05893005003_02101_00002_nrca3_cal.fits,117573120,262999337,PUBLIC,2,F200W
262965653,JWST,image,jw05893005003_02101_00002_nrcb3,exposure (L2b): 2D calibrated exposure average over integrations,S,mast:JWST/product/jw05893005003_02101_00002_nrcb3_cal.fits,SCIENCE,,CAL,,CALJWST,2.0.0,5893,jw05893005003_02101_00002_nrcb3_cal.fits,117573120,262999337,PUBLIC,2,F200W
262965654,JWST,image,jw05893005003_02101_00002_nrcb1,exposure (L2b): 2D calibrated exposure average over integrations,S,mast:JWST/product/jw05893005003_02101_00002_nrcb1_cal.fits,SCIENCE,,CAL,,CALJWST,2.0.0,5893,jw05893005003_02101_00002_nrcb1_cal.fits,117573120,262999337,PUBLIC,2,F200W
262965656,JWST,image,jw05893005003_02101_00004_nrcb3,exposure (L2b): 2D calibrated exposure average over integrations,S,mast:JWST/product/jw05893005003_02101_00004_nrcb3_cal.fits,SCIENCE,,CAL,,CALJWST,2.0.0,5893,jw05893005003_02101_00004_nrcb3_cal.fits,117573120,262999337,PUBLIC,2,F200W
262965657,JWST,image,jw05893005003_02101_00004_nrcb4,exposure (L2b): 2D calibrated exposure average over integrations,S,mast:JWST/product/jw05893005003_02101_00004_nrcb4_cal.fits,SCIENCE,,CAL,,CALJWST,2.0.0,5893,jw05893005003_02101_00004_nrcb4_cal.fits,117573120,262999337,PUBLIC,2,F200W
262965658,JWST,image,jw05893005003_02101_00003_nrca2,exposure (L2b): 2D calibrated exposure average over integrations,S,mast:JWST/product/jw05893005003_02101_00003_nrca2_cal.fits,SCIENCE,,CAL,,CALJWST,2.0.0,5893,jw05893005003_02101_00003_nrca2_cal.fits,117570240,262999337,PUBLIC,2,F200W
262965922,JWST,image,jw05893005003_02101_00005_nrcb1,exposure (L2b): 2D calibrated exposure average over integrations,S,mast:JWST/product/jw05893005003_02101_00005_nrcb1_cal.fits,SCIENCE,,CAL,,CALJWST,2.0.0,5893,jw05893005003_02101_00005_nrcb1_cal.fits,117573120,262999337,PUBLIC,2,F200W
262965923,JWST,image,jw05893005003_02101_00005_nrca3,exposure (L2b): 2D calibrated exposure average over integrations,S,mast:JWST/product/jw05893005003_02101_00005_nrca3_cal.fits,SCIENCE,,CAL,,CALJWST,2.0.0,5893,jw05893005003_02101_00005_nrca3_cal.fits,117573120,262999337,PUBLIC,2,F200W
262965924,JWST,image,jw05893005003_02101_00005_nrcb2,exposure (L2b): 2D calibrated exposure average over integrations,S,mast:JWST/product/jw05893005003_02101_00005_nrcb2_cal.fits,SCIENCE,,CAL,,CALJWST,2.0.0,5893,jw05893005003_02101_00005_nrcb2_cal.fits,117573120,262999337,PUBLIC,2,F200W
262965926,JWST,image,jw05893005003_02101_00005_nrca4,exposure (L2b): 2D calibrated exposure average over integrations,S,mast:JWST/product/jw05893005003_02101_00005_nrca4_cal.fits,SCIENCE,,CAL,,CALJWST,2.0.0,5893,jw05893005003_02101_00005_nrca4_cal.fits,117573120,262999337,PUBLIC,2,F200W
262965927,JWST,image,jw05893005003_02101_00004_nrcb2,exposure (L2b): 2D calibrated exposure average over integrations,S,mast:JWST/product/jw05893005003_02101_00004_nrcb2_cal.fits,SCIENCE,,CAL,,CALJWST,2.0.0,5893,jw05893005003_02101_00004_nrcb2_cal.fits,117573120,262999337,PUBLIC,2,F200W
262965929,JWST,image,jw05893005003_02101_00006_nrcb3,exposure (L2b): 2D calibrated exposure average over integrations,S,mast:JWST/product/jw05893005003_02101_00006_nrcb3_cal.fits,SCIENCE,,CAL,,CALJWST,2.0.0,5893,jw05893005003_02101_00006_nrcb3_cal.fits,117573120,262999337,PUBLIC,2,F200W
262965931,JWST,image,jw05893005003_02101_00005_nrca2,exposure (L2b): 2D calibrated exposure average over integrations,S,mast:JWST/product/jw05893005003_02101_00005_nrca2_cal.fits,SCIENCE,,CAL,,CALJWST,2.0.0,5893,jw05893005003_02101_00005_nrca2_cal.fits,117570240,262999337,PUBLIC,2,F200W
262965933,JWST,image,jw05893005003_02101_00006_nrcb2,exposure (L2b): 2D calibrated exposure average over integrations,S,mast:JWST/product/jw05893005003_02101_00006_nrcb2_cal.fits,SCIENCE,,CAL,,CALJWST,2.0.0,5893,jw05893005003_02101_00006_nrcb2_cal.fits,117573120,262999337,PUBLIC,2,F200W
262965935,JWST,image,jw05893005003_02101_00004_nrca4,exposure (L2b): 2D calibrated exposure average over integrations,S,mast:JWST/product/jw05893005003_02101_00004_nrca4_cal.fits,SCIENCE,,CAL,,CALJWST,2.0.0,5893,jw05893005003_02101_00004_nrca4_cal.fits,117573120,262999337,PUBLIC,2,F200W
262965937,JWST,image,jw05893005003_02101_00005_nrcb4,exposure (L2b): 2D calibrated exposure average over integrations,S,mast:JWST/product/jw05893005003_02101_00005_nrcb4_cal.fits,SCIENCE,,CAL,,CALJWST,2.0.0,5893,jw05893005003_02101_00005_nrcb4_cal.fits,117573120,262999337,PUBLIC,2,F200W
262965938,JWST,image,jw05893005003_02101_00006_nrcb4,exposure (L2b): 2D calibrated exposure average over integrations,S,mast:JWST/product/jw05893005003_02101_00006_nrcb4_cal.fits,SCIENCE,,CAL,,CALJWST,2.0.0,5893,jw05893005003_02101_00006_nrcb4_cal.fits,117573120,262999337,PUBLIC,2,F200W
262965941,JWST,image,jw05893005003_02101_00004_nrca3,exposure (L2b): 2D calibrated exposure average over integrations,S,mast:JWST/product/jw05893005003_02101_00004_nrca3_cal.fits,SCIENCE,,CAL,,CALJWST,2.0.0,5893,jw05893005003_02101_00004_nrca3_cal.fits,117573120,262999337,PUBLIC,2,F200W
262965942,JWST,image,jw05893005003_02101_00005_nrca1,exposure (L2b): 2D calibrated exposure average over integrations,S,mast:JWST/product/jw05893005003_02101_00005_nrca1_cal.fits,SCIENCE,,CAL,,CALJWST,2.0.0,5893,jw05893005003_02101_00005_nrca1_cal.fits,117570240,262999337,PUBLIC,2,F200W
262965943,JWST,image,jw05893005003_02101_00006_nrca3,exposure (L2b): 2D calibrated exposure average over integrations,S,mast:JWST/product/jw05893005003_02101_00006_nrca3_cal.fits,SCIENCE,,CAL,,CALJWST,2.0.0,5893,jw05893005003_02101_00006_nrca3_cal.fits,117573120,262999337,PUBLIC,2,F200W
262965945,JWST,image,jw05893005003_02101_00006_nrca1,exposure (L2b): 2D calibrated exposure average over integrations,S,mast:JWST/product/jw05893005003_02101_00006_nrca1_cal.fits,SCIENCE,,CAL,,CALJWST,2.0.0,5893,jw05893005003_02101_00006_nrca1_cal.fits,117570240,262999337,PUBLIC,2,F200W
262965946,JWST,image,jw05893005003_02101_00006_nrca2,exposure (L2b): 2D calibrated exposure average over integrations,S,mast:JWST/product/jw05893005003_02101_00006_nrca2_cal.fits,SCIENCE,,CAL,,CALJWST,2.0.0,5893,jw05893005003_02101_00006_nrca2_cal.fits,117570240,262999337,PUBLIC,2,F200W
262965947,JWST,image,jw05893005003_02101_00004_nrca2,exposure (L2b): 2D calibrated exposure average over integrations,S,mast:JWST/product/jw05893005003_02101_00004_nrca2_cal.fits,SCIENCE,,CAL,,CALJWST,2.0.0,5893,jw05893005003_02101_00004_nrca2_cal.fits,117570240,262999337,PUBLIC,2,F200W
262965948,JWST,image,jw05893005003_02101_00006_nrca4,exposure (L2b): 2D calibrated exposure average over integrations,S,mast:JWST/product/jw05893005003_02101_00006_nrca4_cal.fits,SCIENCE,,CAL,,CALJWST,2.0.0,5893,jw05893005003_02101_00006_nrca4_cal.fits,117573120,262999337,PUBLIC,2,F200W
262965950,JWST,image,jw05893005003_02101_00005_nrcb3,exposure (L2b): 2D calibrated exposure average over integrations,S,mast:JWST/product/jw05893005003_02101_00005_nrcb3_cal.fits,SCIENCE,,CAL,,CALJWST,2.0.0,5893,jw05893005003_02101_00005_nrcb3_cal.fits,117573120,262999337,PUBLIC,2,F200W
262965952,JWST,image,jw05893005003_02101_00006_nrcb1,exposure (L2b): 2D calibrated exposure average over integrations,S,mast:JWST/product/jw05893005003_02101_00006_nrcb1_cal.fits,SCIENCE,,CAL,,CALJWST,2.0.0,5893,jw05893005003_02101_00006_nrcb1_cal.fits,117573120,262999337,PUBLIC,2,F200W
262986964,JWST,image,jw05893005004_02101_00003_nrca3,exposure (L2b): 2D calibrated exposure average over integrations,S,mast:JWST/product/jw05893005004_02101_00003_nrca3_cal.fits,SCIENCE,,CAL,,CALJWST,2.0.0,5893,jw05893005004_02101_00003_nrca3_cal.fits,117573120,262999337,PUBLIC,2,F200W
262986965,JWST,image,jw05893005004_02101_00003_nrcb4,exposure (L2b): 2D calibrated exposure average over integrations,S,mast:JWST/product/jw05893005004_02101_00003_nrcb4_cal.fits,SCIENCE,,CAL,,CALJWST,2.0.0,5893,jw05893005004_02101_00003_nrcb4_cal.fits,117573120,262999337,PUBLIC,2,F200W
262986966,JWST,image,jw05893005004_02101_00003_nrca4,exposure (L2b): 2D calibrated exposure average over integrations,S,mast:JWST/product/jw05893005004_02101_00003_nrca4_cal.fits,SCIENCE,,CAL,,CALJWST,2.0.0,5893,jw05893005004_02101_00003_nrca4_cal.fits,117573120,262999337,PUBLIC,2,F200W
262986967,JWST,image,jw05893005004_02101_00003_nrca2,exposure (L2b): 2D calibrated exposure average over integrations,S,mast:JWST/product/jw05893005004_02101_00003_nrca2_cal.fits,SCIENCE,,CAL,,CALJWST,2.0.0,5893,jw05893005004_02101_00003_nrca2_cal.fits,117570240,262999337,PUBLIC,2,F200W
262986968,JWST,image,jw05893005004_02101_00003_nrcb2,exposure (L2b): 2D calibrated exposure average over integrations,S,mast:JWST/product/jw05893005004_02101_00003_nrcb2_cal.fits,SCIENCE,,CAL,,CALJWST,2.0.0,5893,jw05893005004_02101_00003_nrcb2_cal.fits,117573120,262999337,PUBLIC,2,F200W
262986971,JWST,image,jw05893005004_02101_00003_nrca1,exposure (L2b): 2D calibrated exposure average over integrations,S,mast:JWST/product/jw05893005004_02101_00003_nrca1_cal.fits,SCIENCE,,CAL,,CALJWST,2.0.0,5893,jw05893005004_02101_00003_nrca1_cal.fits,117570240,262999337,PUBLIC,2,F200W
262986973,JWST,image,jw05893005004_02101_00003_nrcb1,exposure (L2b): 2D calibrated exposure average over integrations,S,mast:JWST/product/jw05893005004_02101_00003_nrcb1_cal.fits,SCIENCE,,CAL,,CALJWST,2.0.0,5893,jw05893005004_02101_00003_nrcb1_cal.fits,117573120,262999337,PUBLIC,2,F200W
262986974,JWST,image,jw05893005004_02101_00003_nrcb3,exposure (L2b): 2D calibrated exposure average over integrations,S,mast:JWST/product/jw05893005004_02101_00003_nrcb3_cal.fits,SCIENCE,,CAL,,CALJWST,2.0.0,5893,jw05893005004_02101_00003_nrcb3_cal.fits,117573120,262999337,PUBLIC,2,F200W
262987066,JWST,image,jw05893005004_02101_00002_nrca4,exposure (L2b): 2D calibrated exposure average over integrations,S,mast:JWST/product/jw05893005004_02101_00002_nrca4_cal.fits,SCIENCE,,CAL,,CALJWST,2.0.0,5893,jw05893005004_02101_00002_nrca4_cal.fits,117573120,262999337,PUBLIC,2,F200W
262987068,JWST,image,jw05893005004_02101_00005_nrca2,exposure (L2b): 2D calibrated exposure average over integrations,S,mast:JWST/product/jw05893005004_02101_00005_nrca2_cal.fits,SCIENCE,,CAL,,CALJWST,2.0.0,5893,jw05893005004_02101_00005_nrca2_cal.fits,117570240,262999337,PUBLIC,2,F200W
262987069,JWST,image,jw05893005004_02101_00004_nrcb2,exposure (L2b): 2D calibrated exposure average over integrations,S,mast:JWST/product/jw05893005004_02101_00004_nrcb2_cal.fits,SCIENCE,,CAL,,CALJWST,2.0.0,5893,jw05893005004_02101_00004_nrcb2_cal.fits,117573120,262999337,PUBLIC,2,F200W
262987070,JWST,image,jw05893005004_02101_00005_nrca1,exposure (L2b): 2D calibrated exposure average over integrations,S,mast:JWST/product/jw05893005004_02101_00005_nrca1_cal.fits,SCIENCE,,CAL,,CALJWST,2.0.0,5893,jw05893005004_02101_00005_nrca1_cal.fits,117570240,262999337,PUBLIC,2,F200W
262987071,JWST,image,jw05893005004_02101_00001_nrca2,exposure (L2b): 2D calibrated exposure average over integrations,S,mast:JWST/product/jw05893005004_02101_00001_nrca2_cal.fits,SCIENCE,,CAL,,CALJWST,2.0.0,5893,jw05893005004_02101_00001_nrca2_cal.fits,117570240,262999337,PUBLIC,2,F200W
262987072,JWST,image,jw05893005004_02101_00001_nrca1,exposure (L2b): 2D calibrated exposure average over integrations,S,mast:JWST/product/jw05893005004_02101_00001_nrca1_cal.fits,SCIENCE,,CAL,,CALJWST,2.0.0,5893,jw05893005004_02101_00001_nrca1_cal.fits,117570240,262999337,PUBLIC,2,F200W
262987073,JWST,image,jw05893005004_02101_00002_nrca1,exposure (L2b): 2D calibrated exposure average over integrations,S,mast:JWST/product/jw05893005004_02101_00002_nrca1_cal.fits,SCIENCE,,CAL,,CALJWST,2.0.0,5893,jw05893005004_02101_00002_nrca1_cal.fits,117570240,262999337,PUBLIC,2,F200W
262987074,JWST,image,jw05893005004_02101_00004_nrcb1,exposure (L2b): 2D calibrated exposure average over integrations,S,mast:JWST/product/jw05893005004_02101_00004_nrcb1_cal.fits,SCIENCE,,CAL,,CALJWST,2.0.0,5893,jw05893005004_02101_00004_nrcb1_cal.fits,117573120,262999337,PUBLIC,2,F200W
262987075,JWST,image,jw05893005004_02101_00002_nrca3,exposure (L2b): 2D calibrated exposure average over integrations,S,mast:JWST/product/jw05893005004_02101_00002_nrca3_cal.fits,SCIENCE,,CAL,,CALJWST,2.0.0,5893,jw05893005004_02101_00002_nrca3_cal.fits,117573120,262999337,PUBLIC,2,F200W
262987076,JWST,image,jw05893005004_02101_00004_nrcb3,exposure (L2b): 2D calibrated exposure average over integrations,S,mast:JWST/product/jw05893005004_02101_00004_nrcb3_cal.fits,SCIENCE,,CAL,,CALJWST,2.0.0,5893,jw05893005004_02101_00004_nrcb3_cal.fits,117573120,262999337,PUBLIC,2,F200W
262987077,JWST,image,jw05893005004_02101_00002_nrca2,exposure (L2b): 2D calibrated exposure average over integrations,S,mast:JWST/product/jw05893005004_02101_00002_nrca2_cal.fits,SCIENCE,,CAL,,CALJWST,2.0.0,5893,jw05893005004_02101_00002_nrca2_cal.fits,117570240,262999337,PUBLIC,2,F200W
262987078,JWST,image,jw05893005004_02101_00002_nrcb2,exposure (L2b): 2D calibrated exposure average over integrations,S,mast:JWST/product/jw05893005004_02101_00002_nrcb2_cal.fits,SCIENCE,,CAL,,CALJWST,2.0.0,5893,jw05893005004_02101_00002_nrcb2_cal.fits,117573120,262999337,PUBLIC,2,F200W
262987080,JWST,image,jw05893005004_02101_00005_nrcb1,exposure (L2b): 2D calibrated exposure average over integrations,S,mast:JWST/product/jw05893005004_02101_00005_nrcb1_cal.fits,SCIENCE,,CAL,,CALJWST,2.0.0,5893,jw05893005004_02101_00005_nrcb1_cal.fits,117573120,262999337,PUBLIC,2,F200W
262987081,JWST,image,jw05893005004_02101_00005_nrca4,exposure (L2b): 2D calibrated exposure average over integrations,S,mast:JWST/product/jw05893005004_02101_00005_nrca4_cal.fits,SCIENCE,,CAL,,CALJWST,2.0.0,5893,jw05893005004_02101_00005_nrca4_cal.fits,117573120,262999337,PUBLIC,2,F200W
262987083,JWST,image,jw05893005004_02101_00004_nrca4,exposure (L2b): 2D calibrated exposure average over integrations,S,mast:JWST/product/jw05893005004_02101_00004_nrca4_cal.fits,SCIENCE,,CAL,,CALJWST,2.0.0,5893,jw05893005004_02101_00004_nrca4_cal.fits,117573120,262999337,PUBLIC,2,F200W
262987084,JWST,image,jw05893005004_02101_00002_nrcb1,exposure (L2b): 2D calibrated exposure average over integrations,S,mast:JWST/product/jw05893005004_02101_00002_nrcb1_cal.fits,SCIENCE,,CAL,,CALJWST,2.0.0,5893,jw05893005004_02101_00002_nrcb1_cal.fits,117573120,262999337,PUBLIC,2,F200W
262987086,JWST,image,jw05893005004_02101_00001_nrcb3,exposure (L2b): 2D calibrated exposure average over integrations,S,mast:JWST/product/jw05893005004_02101_00001_nrcb3_cal.fits,SCIENCE,,CAL,,CALJWST,2.0.0,5893,jw05893005004_02101_00001_nrcb3_cal.fits,117573120,262999337,PUBLIC,2,F200W
262987087,JWST,image,jw05893005004_02101_00001_nrcb1,exposure (L2b): 2D calibrated exposure average over integrations,S,mast:JWST/product/jw05893005004_02101_00001_nrcb1_cal.fits,SCIENCE,,CAL,,CALJWST,2.0.0,5893,jw05893005004_02101_00001_nrcb1_cal.fits,117573120,262999337,PUBLIC,2,F200W
262987088,JWST,image,jw05893005004_02101_00002_nrcb3,exposure (L2b): 2D calibrated exposure average over integrations,S,mast:JWST/product/jw05893005004_02101_00002_nrcb3_cal.fits,SCIENCE,,CAL,,CALJWST,2.0.0,5893,jw05893005004_02101_00002_nrcb3_cal.fits,117573120,262999337,PUBLIC,2,F200W
262987089,JWST,image,jw05893005004_02101_00004_nrca1,exposure (L2b): 2D calibrated exposure average over integrations,S,mast:JWST/product/jw05893005004_02101_00004_nrca1_cal.fits,SCIENCE,,CAL,,CALJWST,2.0.0,5893,jw05893005004_02101_00004_nrca1_cal.fits,117570240,262999337,PUBLIC,2,F200W
262987090,JWST,image,jw05893005004_02101_00004_nrcb4,exposure (L2b): 2D calibrated exposure average over integrations,S,mast:JWST/product/jw05893005004_02101_00004_nrcb4_cal.fits,SCIENCE,,CAL,,CALJWST,2.0.0,5893,jw05893005004_02101_00004_nrcb4_cal.fits,117573120,262999337,PUBLIC,2,F200W
262987091,JWST,image,jw05893005004_02101_00001_nrca3,exposure (L2b): 2D calibrated exposure average over integrations,S,mast:JWST/product/jw05893005004_02101_00001_nrca3_cal.fits,SCIENCE,,CAL,,CALJWST,2.0.0,5893,jw05893005004_02101_00001_nrca3_cal.fits,117573120,262999337,PUBLIC,2,F200W
262987092,JWST,image,jw05893005004_02101_00005_nrcb4,exposure (L2b): 2D calibrated exposure average over integrations,S,mast:JWST/product/jw05893005004_02101_00005_nrcb4_cal.fits,SCIENCE,,CAL,,CALJWST,2.0.0,5893,jw05893005004_02101_00005_nrcb4_cal.fits,117573120,262999337,PUBLIC,2,F200W
262987093,JWST,image,jw05893005004_02101_00001_nrca4,exposure (L2b): 2D calibrated exposure average over integrations,S,mast:JWST/product/jw05893005004_02101_00001_nrca4_cal.fits,SCIENCE,,CAL,,CALJWST,2.0.0,5893,jw05893005004_02101_00001_nrca4_cal.fits,117573120,262999337,PUBLIC,2,F200W
262987095,JWST,image,jw05893005004_02101_00005_nrcb2,exposure (L2b): 2D calibrated exposure average over integrations,S,mast:JWST/product/jw05893005004_02101_00005_nrcb2_cal.fits,SCIENCE,,CAL,,CALJWST,2.0.0,5893,jw05893005004_02101_00005_nrcb2_cal.fits,117573120,262999337,PUBLIC,2,F200W
262987096,JWST,image,jw05893005004_02101_00001_nrcb2,exposure (L2b): 2D calibrated exposure average over integrations,S,mast:JWST/product/jw05893005004_02101_00001_nrcb2_cal.fits,SCIENCE,,CAL,,CALJWST,2.0.0,5893,jw05893005004_02101_00001_nrcb2_cal.fits,117573120,262999337,PUBLIC,2,F200W
262987098,JWST,image,jw05893005004_02101_00005_nrcb3,exposure (L2b): 2D calibrated exposure average over integrations,S,mast:JWST/product/jw05893005004_02101_00005_nrcb3_cal.fits,SCIENCE,,CAL,,CALJWST,2.0.0,5893,jw05893005004_02101_00005_nrcb3_cal.fits,117573120,262999337,PUBLIC,2,F200W
262987099,JWST,image,jw05893005004_02101_00005_nrca3,exposure (L2b): 2D calibrated exposure average over integrations,S,mast:JWST/product/jw05893005004_02101_00005_nrca3_cal.fits,SCIENCE,,CAL,,CALJWST,2.0.0,5893,jw05893005004_02101_00005_nrca3_cal.fits,117573120,262999337,PUBLIC,2,F200W
262987101,JWST,image,jw05893005004_02101_00004_nrca2,exposure (L2b): 2D calibrated exposure average over integrations,S,mast:JWST/product/jw05893005004_02101_00004_nrca2_cal.fits,SCIENCE,,CAL,,CALJWST,2.0.0,5893,jw05893005004_02101_00004_nrca2_cal.fits,117570240,262999337,PUBLIC,2,F200W
262987102,JWST,image,jw05893005004_02101_00004_nrca3,exposure (L2b): 2D calibrated exposure average over integrations,S,mast:JWST/product/jw05893005004_02101_00004_nrca3_cal.fits,SCIENCE,,CAL,,CALJWST,2.0.0,5893,jw05893005004_02101_00004_nrca3_cal.fits,117573120,262999337,PUBLIC,2,F200W
262987114,JWST,image,jw05893005004_02101_00002_nrcb4,exposure (L2b): 2D calibrated exposure average over integrations,S,mast:JWST/product/jw05893005004_02101_00002_nrcb4_cal.fits,SCIENCE,,CAL,,CALJWST,2.0.0,5893,jw05893005004_02101_00002_nrcb4_cal.fits,117573120,262999337,PUBLIC,2,F200W
262987115,JWST,image,jw05893005004_02101_00006_nrcb4,exposure (L2b): 2D calibrated exposure average over integrations,S,mast:JWST/product/jw05893005004_02101_00006_nrcb4_cal.fits,SCIENCE,,CAL,,CALJWST,2.0.0,5893,jw05893005004_02101_00006_nrcb4_cal.fits,117573120,262999337,PUBLIC,2,F200W
262987116,JWST,image,jw05893005004_02101_00006_nrcb3,exposure (L2b): 2D calibrated exposure average over integrations,S,mast:JWST/product/jw05893005004_02101_00006_nrcb3_cal.fits,SCIENCE,,CAL,,CALJWST,2.0.0,5893,jw05893005004_02101_00006_nrcb3_cal.fits,117573120,262999337,PUBLIC,2,F200W
262987117,JWST,image,jw05893005004_02101_00006_nrcb1,exposure (L2b): 2D calibrated exposure average over integrations,S,mast:JWST/product/jw05893005004_02101_00006_nrcb1_cal.fits,SCIENCE,,CAL,,CALJWST,2.0.0,5893,jw05893005004_02101_00006_nrcb1_cal.fits,117573120,262999337,PUBLIC,2,F200W
262987118,JWST,image,jw05893005004_02101_00006_nrca4,exposure (L2b): 2D calibrated exposure average over integrations,S,mast:JWST/product/jw05893005004_02101_00006_nrca4_cal.fits,SCIENCE,,CAL,,CALJWST,2.0.0,5893,jw05893005004_02101_00006_nrca4_cal.fits,117573120,262999337,PUBLIC,2,F200W
262987120,JWST,image,jw05893005004_02101_00006_nrcb2,exposure (L2b): 2D calibrated exposure average over integrations,S,mast:JWST/product/jw05893005004_02101_00006_nrcb2_cal.fits,SCIENCE,,CAL,,CALJWST,2.0.0,5893,jw05893005004_02101_00006_nrcb2_cal.fits,117573120,262999337,PUBLIC,2,F200W
262987121,JWST,image,jw05893005004_02101_00001_nrcb4,exposure (L2b): 2D calibrated exposure average over integrations,S,mast:JWST/product/jw05893005004_02101_00001_nrcb4_cal.fits,SCIENCE,,CAL,,CALJWST,2.0.0,5893,jw05893005004_02101_00001_nrcb4_cal.fits,117573120,262999337,PUBLIC,2,F200W
262987123,JWST,image,jw05893005004_02101_00006_nrca2,exposure (L2b): 2D calibrated exposure average over integrations,S,mast:JWST/product/jw05893005004_02101_00006_nrca2_cal.fits,SCIENCE,,CAL,,CALJWST,2.0.0,5893,jw05893005004_02101_00006_nrca2_cal.fits,117570240,262999337,PUBLIC,2,F200W
262987191,JWST,image,jw05893005005_02101_00001_nrcb3,exposure (L2b): 2D calibrated exposure average over integrations,S,mast:JWST/product/jw05893005005_02101_00001_nrcb3_cal.fits,SCIENCE,,CAL,,CALJWST,2.0.0,5893,jw05893005005_02101_00001_nrcb3_cal.fits,117573120,262999337,PUBLIC,2,F200W
262987192,JWST,image,jw05893005005_02101_00001_nrca4,exposure (L2b): 2D calibrated exposure average over integrations,S,mast:JWST/product/jw05893005005_02101_00001_nrca4_cal.fits,SCIENCE,,CAL,,CALJWST,2.0.0,5893,jw05893005005_02101_00001_nrca4_cal.fits,117573120,262999337,PUBLIC,2,F200W
262987194,JWST,image,jw05893005005_02101_00001_nrcb4,exposure (L2b): 2D calibrated exposure average over integrations,S,mast:JWST/product/jw05893005005_02101_00001_nrcb4_cal.fits,SCIENCE,,CAL,,CALJWST,2.0.0,5893,jw05893005005_02101_00001_nrcb4_cal.fits,117573120,262999337,PUBLIC,2,F200W
262987196,JWST,image,jw05893005005_02101_00001_nrcb1,exposure (L2b): 2D calibrated exposure average over integrations,S,mast:JWST/product/jw05893005005_02101_00001_nrcb1_cal.fits,SCIENCE,,CAL,,CALJWST,2.0.0,5893,jw05893005005_02101_00001_nrcb1_cal.fits,117573120,262999337,PUBLIC,2,F200W
262987197,JWST,image,jw05893005005_02101_00001_nrca1,exposure (L2b): 2D calibrated exposure average over integrations,S,mast:JWST/product/jw05893005005_02101_00001_nrca1_cal.fits,SCIENCE,,CAL,,CALJWST,2.0.0,5893,jw05893005005_02101_00001_nrca1_cal.fits,117570240,262999337,PUBLIC,2,F200W
262987199,JWST,image,jw05893005005_02101_00001_nrca3,exposure (L2b): 2D calibrated exposure average over integrations,S,mast:JWST/product/jw05893005005_02101_00001_nrca3_cal.fits,SCIENCE,,CAL,,CALJWST,2.0.0,5893,jw05893005005_02101_00001_nrca3_cal.fits,117573120,262999337,PUBLIC,2,F200W
262987200,JWST,image,jw05893005005_02101_00001_nrca2,exposure (L2b): 2D calibrated exposure average over integrations,S,mast:JWST/product/jw05893005005_02101_00001_nrca2_cal.fits,SCIENCE,,CAL,,CALJWST,2.0.0,5893,jw05893005005_02101_00001_nrca2_cal.fits,117570240,262999337,PUBLIC,2,F200W
262987201,JWST,image,jw05893005005_02101_00002_nrcb3,exposure (L2b): 2D calibrated exposure average over integrations,S,mast:JWST/product/jw05893005005_02101_00002_nrcb3_cal.fits,SCIENCE,,CAL,,CALJWST,2.0.0,5893,jw05893005005_02101_00002_nrcb3_cal.fits,117573120,262999337,PUBLIC,2,F200W
262987231,JWST,image,jw05893005004_02101_00006_nrca1,exposure (L2b): 2D calibrated exposure average over integrations,S,mast:JWST/product/jw05893005004_02101_00006_nrca1_cal.fits,SCIENCE,,CAL,,CALJWST,2.0.0,5893,jw05893005004_02101_00006_nrca1_cal.fits,117570240,262999337,PUBLIC,2,F200W
262987241,JWST,image,jw05893005004_02101_00006_nrca3,exposure (L2b): 2D calibrated exposure average over integrations,S,mast:JWST/product/jw05893005004_02101_00006_nrca3_cal.fits,SCIENCE,,CAL,,CALJWST,2.0.0,5893,jw05893005004_02101_00006_nrca3_cal.fits,117573120,262999337,PUBLIC,2,F200W
262987253,JWST,image,jw05893005005_02101_00006_nrcb4,exposure (L2b): 2D calibrated exposure average over integrations,S,mast:JWST/product/jw05893005005_02101_00006_nrcb4_cal.fits,SCIENCE,,CAL,,CALJWST,2.0.0,5893,jw05893005005_02101_00006_nrcb4_cal.fits,117573120,262999337,PUBLIC,2,F200W
262987254,JWST,image,jw05893005005_02101_00002_nrca3,exposure (L2b): 2D calibrated exposure average over integrations,S,mast:JWST/product/jw05893005005_02101_00002_nrca3_cal.fits,SCIENCE,,CAL,,CALJWST,2.0.0,5893,jw05893005005_02101_00002_nrca3_cal.fits,117573120,262999337,PUBLIC,2,F200W
262987255,JWST,image,jw05893005005_02101_00003_nrca4,exposure (L2b): 2D calibrated exposure average over integrations,S,mast:JWST/product/jw05893005005_02101_00003_nrca4_cal.fits,SCIENCE,,CAL,,CALJWST,2.0.0,5893,jw05893005005_02101_00003_nrca4_cal.fits,117573120,262999337,PUBLIC,2,F200W
262987257,JWST,image,jw05893005005_02101_00006_nrcb3,exposure (L2b): 2D calibrated exposure average over integrations,S,mast:JWST/product/jw05893005005_02101_00006_nrcb3_cal.fits,SCIENCE,,CAL,,CALJWST,2.0.0,5893,jw05893005005_02101_00006_nrcb3_cal.fits,117573120,262999337,PUBLIC,2,F200W
262987258,JWST,image,jw05893005005_02101_00005_nrcb3,exposure (L2b): 2D calibrated exposure average over integrations,S,mast:JWST/product/jw05893005005_02101_00005_nrcb3_cal.fits,SCIENCE,,CAL,,CALJWST,2.0.0,5893,jw05893005005_02101_00005_nrcb3_cal.fits,117573120,262999337,PUBLIC,2,F200W
262987259,JWST,image,jw05893005005_02101_00002_nrca2,exposure (L2b): 2D calibrated exposure average over integrations,S,mast:JWST/product/jw05893005005_02101_00002_nrca2_cal.fits,SCIENCE,,CAL,,CALJWST,2.0.0,5893,jw05893005005_02101_00002_nrca2_cal.fits,117570240,262999337,PUBLIC,2,F200W
262987260,JWST,image,jw05893005005_02101_00005_nrca4,exposure (L2b): 2D calibrated exposure average over integrations,S,mast:JWST/product/jw05893005005_02101_00005_nrca4_cal.fits,SCIENCE,,CAL,,CALJWST,2.0.0,5893,jw05893005005_02101_00005_nrca4_cal.fits,117573120,262999337,PUBLIC,2,F200W
262987261,JWST,image,jw05893005005_02101_00005_nrca3,exposure (L2b): 2D calibrated exposure average over integrations,S,mast:JWST/product/jw05893005005_02101_00005_nrca3_cal.fits,SCIENCE,,CAL,,CALJWST,2.0.0,5893,jw05893005005_02101_00005_nrca3_cal.fits,117573120,262999337,PUBLIC,2,F200W
262987266,JWST,image,jw05893005005_02101_00006_nrca3,exposure (L2b): 2D calibrated exposure average over integrations,S,mast:JWST/product/jw05893005005_02101_00006_nrca3_cal.fits,SCIENCE,,CAL,,CALJWST,2.0.0,5893,jw05893005005_02101_00006_nrca3_cal.fits,117573120,262999337,PUBLIC,2,F200W
262987268,JWST,image,jw05893005005_02101_00004_nrcb1,exposure (L2b): 2D calibrated exposure average over integrations,S,mast:JWST/product/jw05893005005_02101_00004_nrcb1_cal.fits,SCIENCE,,CAL,,CALJWST,2.0.0,5893,jw05893005005_02101_00004_nrcb1_cal.fits,117573120,262999337,PUBLIC,2,F200W
262987270,JWST,image,jw05893005005_02101_00002_nrcb1,exposure (L2b): 2D calibrated exposure average over integrations,S,mast:JWST/product/jw05893005005_02101_00002_nrcb1_cal.fits,SCIENCE,,CAL,,CALJWST,2.0.0,5893,jw05893005005_02101_00002_nrcb1_cal.fits,117573120,262999337,PUBLIC,2,F200W
262987271,JWST,image,jw05893005005_02101_00004_nrca3,exposure (L2b): 2D calibrated exposure average over integrations,S,mast:JWST/product/jw05893005005_02101_00004_nrca3_cal.fits,SCIENCE,,CAL,,CALJWST,2.0.0,5893,jw05893005005_02101_00004_nrca3_cal.fits,117573120,262999337,PUBLIC,2,F200W
262987273,JWST,image,jw05893005005_02101_00004_nrcb2,exposure (L2b): 2D calibrated exposure average over integrations,S,mast:JWST/product/jw05893005005_02101_00004_nrcb2_cal.fits,SCIENCE,,CAL,,CALJWST,2.0.0,5893,jw05893005005_02101_00004_nrcb2_cal.fits,117573120,262999337,PUBLIC,2,F200W
262987274,JWST,image,jw05893005005_02101_00002_nrca4,exposure (L2b): 2D calibrated exposure average over integrations,S,mast:JWST/product/jw05893005005_02101_00002_nrca4_cal.fits,SCIENCE,,CAL,,CALJWST,2.0.0,5893,jw05893005005_02101_00002_nrca4_cal.fits,117573120,262999337,PUBLIC,2,F200W
262987275,JWST,image,jw05893005005_02101_00004_nrca4,exposure (L2b): 2D calibrated exposure average over integrations,S,mast:JWST/product/jw05893005005_02101_00004_nrca4_cal.fits,SCIENCE,,CAL,,CALJWST,2.0.0,5893,jw05893005005_02101_00004_nrca4_cal.fits,117573120,262999337,PUBLIC,2,F200W
262987276,JWST,image,jw05893005005_02101_00006_nrcb2,exposure (L2b): 2D calibrated exposure average over integrations,S,mast:JWST/product/jw05893005005_02101_00006_nrcb2_cal.fits,SCIENCE,,CAL,,CALJWST,2.0.0,5893,jw05893005005_02101_00006_nrcb2_cal.fits,117573120,262999337,PUBLIC,2,F200W
262987278,JWST,image,jw05893005005_02101_00003_nrcb1,exposure (L2b): 2D calibrated exposure average over integrations,S,mast:JWST/product/jw05893005005_02101_00003_nrcb1_cal.fits,SCIENCE,,CAL,,CALJWST,2.0.0,5893,jw05893005005_02101_00003_nrcb1_cal.fits,117573120,262999337,PUBLIC,2,F200W
262987281,JWST,image,jw05893005005_02101_00002_nrca1,exposure (L2b): 2D calibrated exposure average over integrations,S,mast:JWST/product/jw05893005005_02101_00002_nrca1_cal.fits,SCIENCE,,CAL,,CALJWST,2.0.0,5893,jw05893005005_02101_00002_nrca1_cal.fits,117570240,262999337,PUBLIC,2,F200W
262987282,JWST,image,jw05893005005_02101_00005_nrca2,exposure (L2b): 2D calibrated exposure average over integrations,S,mast:JWST/product/jw05893005005_02101_00005_nrca2_cal.fits,SCIENCE,,CAL,,CALJWST,2.0.0,5893,jw05893005005_02101_00005_nrca2_cal.fits,117570240,262999337,PUBLIC,2,F200W
262987283,JWST,image,jw05893005005_02101_00005_nrcb1,exposure (L2b): 2D calibrated exposure average over integrations,S,mast:JWST/product/jw05893005005_02101_00005_nrcb1_cal.fits,SCIENCE,,CAL,,CALJWST,2.0.0,5893,jw05893005005_02101_00005_nrcb1_cal.fits,117573120,262999337,PUBLIC,2,F200W
262987285,JWST,image,jw05893005005_02101_00003_nrca2,exposure (L2b): 2D calibrated exposure average over integrations,S,mast:JWST/product/jw05893005005_02101_00003_nrca2_cal.fits,SCIENCE,,CAL,,CALJWST,2.0.0,5893,jw05893005005_02101_00003_nrca2_cal.fits,117570240,262999337,PUBLIC,2,F200W
262987286,JWST,image,jw05893005005_02101_00006_nrca4,exposure (L2b): 2D calibrated exposure average over integrations,S,mast:JWST/product/jw05893005005_02101_00006_nrca4_cal.fits,SCIENCE,,CAL,,CALJWST,2.0.0,5893,jw05893005005_02101_00006_nrca4_cal.fits,117573120,262999337,PUBLIC,2,F200W
262987287,JWST,image,jw05893005005_02101_00004_nrca1,exposure (L2b): 2D calibrated exposure average over integrations,S,mast:JWST/product/jw05893005005_02101_00004_nrca1_cal.fits,SCIENCE,,CAL,,CALJWST,2.0.0,5893,jw05893005005_02101_00004_nrca1_cal.fits,117570240,262999337,PUBLIC,2,F200W
262987288,JWST,image,jw05893005005_02101_00004_nrcb3,exposure (L2b): 2D calibrated exposure average over integrations,S,mast:JWST/product/jw05893005005_02101_00004_nrcb3_cal.fits,SCIENCE,,CAL,,CALJWST,2.0.0,5893,jw05893005005_02101_00004_nrcb3_cal.fits,117573120,262999337,PUBLIC,2,F200W
262987289,JWST,image,jw05893005005_02101_00002_nrcb4,exposure (L2b): 2D calibrated exposure average over integrations,S,mast:JWST/product/jw05893005005_02101_00002_nrcb4_cal.fits,SCIENCE,,CAL,,CALJWST,2.0.0,5893,jw05893005005_02101_00002_nrcb4_cal.fits,117573120,262999337,PUBLIC,2,F200W
262987290,JWST,image,jw05893005005_02101_00003_nrca1,exposure (L2b): 2D calibrated exposure average over integrations,S,mast:JWST/product/jw05893005005_02101_00003_nrca1_cal.fits,SCIENCE,,CAL,,CALJWST,2.0.0,5893,jw05893005005_02101_00003_nrca1_cal.fits,117570240,262999337,PUBLIC,2,F200W
262987291,JWST,image,jw05893005005_02101_00006_nrca2,exposure (L2b): 2D calibrated exposure average over integrations,S,mast:JWST/product/jw05893005005_02101_00006_nrca2_cal.fits,SCIENCE,,CAL,,CALJWST,2.0.0,5893,jw05893005005_02101_00006_nrca2_cal.fits,117570240,262999337,PUBLIC,2,F200W
262987293,JWST,image,jw05893005005_02101_00003_nrca3,exposure (L2b): 2D calibrated exposure average over integrations,S,mast:JWST/product/jw05893005005_02101_00003_nrca3_cal.fits,SCIENCE,,CAL,,CALJWST,2.0.0,5893,jw05893005005_02101_00003_nrca3_cal.fits,117573120,262999337,PUBLIC,2,F200W
262987296,JWST,image,jw05893005005_02101_00006_nrcb1,exposure (L2b): 2D calibrated exposure average over integrations,S,mast:JWST/product/jw05893005005_02101_00006_nrcb1_cal.fits,SCIENCE,,CAL,,CALJWST,2.0.0,5893,jw05893005005_02101_00006_nrcb1_cal.fits,117573120,262999337,PUBLIC,2,F200W
262987297,JWST,image,jw05893005005_02101_00001_nrcb2,exposure (L2b): 2D calibrated exposure average over integrations,S,mast:JWST/product/jw05893005005_02101_00001_nrcb2_cal.fits,SCIENCE,,CAL,,CALJWST,2.0.0,5893,jw05893005005_02101_00001_nrcb2_cal.fits,117573120,262999337,PUBLIC,2,F200W
262987299,JWST,image,jw05893005005_02101_00003_nrcb2,exposure (L2b): 2D calibrated exposure average over integrations,S,mast:JWST/product/jw05893005005_02101_00003_nrcb2_cal.fits,SCIENCE,,CAL,,CALJWST,2.0.0,5893,jw05893005005_02101_00003_nrcb2_cal.fits,117573120,262999337,PUBLIC,2,F200W
262987301,JWST,image,jw05893005005_02101_00004_nrcb4,exposure (L2b): 2D calibrated exposure average over integrations,S,mast:JWST/product/jw05893005005_02101_00004_nrcb4_cal.fits,SCIENCE,,CAL,,CALJWST,2.0.0,5893,jw05893005005_02101_00004_nrcb4_cal.fits,117573120,262999337,PUBLIC,2,F200W
262987303,JWST,image,jw05893005005_02101_00005_nrcb2,exposure (L2b): 2D calibrated exposure average over integrations,S,mast:JWST/product/jw05893005005_02101_00005_nrcb2_cal.fits,SCIENCE,,CAL,,CALJWST,2.0.0,5893,jw05893005005_02101_00005_nrcb2_cal.fits,117573120,262999337,PUBLIC,2,F200W
262987304,JWST,image,jw05893005005_02101_00004_nrca2,exposure (L2b): 2D calibrated exposure average over integrations,S,mast:JWST/product/jw05893005005_02101_00004_nrca2_cal.fits,SCIENCE,,CAL,,CALJWST,2.0.0,5893,jw05893005005_02101_00004_nrca2_cal.fits,117570240,262999337,PUBLIC,2,F200W
262987307,JWST,image,jw05893005005_02101_00006_nrca1,exposure (L2b): 2D calibrated exposure average over integrations,S,mast:JWST/product/jw05893005005_02101_00006_nrca1_cal.fits,SCIENCE,,CAL,,CALJWST,2.0.0,5893,jw05893005005_02101_00006_nrca1_cal.fits,117570240,262999337,PUBLIC,2,F200W
262987308,JWST,image,jw05893005005_02101_00003_nrcb4,exposure (L2b): 2D calibrated exposure average over integrations,S,mast:JWST/product/jw05893005005_02101_00003_nrcb4_cal.fits,SCIENCE,,CAL,,CALJWST,2.0.0,5893,jw05893005005_02101_00003_nrcb4_cal.fits,117573120,262999337,PUBLIC,2,F200W
262987310,JWST,image,jw05893005005_02101_00002_nrcb2,exposure (L2b): 2D calibrated exposure average over integrations,S,mast:JWST/product/jw05893005005_02101_00002_nrcb2_cal.fits,SCIENCE,,CAL,,CALJWST,2.0.0,5893,jw05893005005_02101_00002_nrcb2_cal.fits,117573120,262999337,PUBLIC,2,F200W
262987311,JWST,image,jw05893005005_02101_00005_nrcb4,exposure (L2b): 2D calibrated exposure average over integrations,S,mast:JWST/product/jw05893005005_02101_00005_nrcb4_cal.fits,SCIENCE,,CAL,,CALJWST,2.0.0,5893,jw05893005005_02101_00005_nrcb4_cal.fits,117573120,262999337,PUBLIC,2,F200W
262987314,JWST,image,jw05893005005_02101_00003_nrcb3,exposure (L2b): 2D calibrated exposure average over integrations,S,mast:JWST/product/jw05893005005_02101_00003_nrcb3_cal.fits,SCIENCE,,CAL,,CALJWST,2.0.0,5893,jw05893005005_02101_00003_nrcb3_cal.fits,117573120,262999337,PUBLIC,2,F200W
262987315,JWST,image,jw05893005005_02101_00005_nrca1,exposure (L2b): 2D calibrated exposure average over integrations,S,mast:JWST/product/jw05893005005_02101_00005_nrca1_cal.fits,SCIENCE,,CAL,,CALJWST,2.0.0,5893,jw05893005005_02101_00005_nrca1_cal.fits,117570240,262999337,PUBLIC,2,F200W
262987318,JWST,image,jw05893005006_02101_00001_nrcb2,exposure (L2b): 2D calibrated exposure average over integrations,S,mast:JWST/product/jw05893005006_02101_00001_nrcb2_cal.fits,SCIENCE,,CAL,,CALJWST,2.0.0,5893,jw05893005006_02101_00001_nrcb2_cal.fits,117573120,262999337,PUBLIC,2,F200W
262987319,JWST,image,jw05893005006_02101_00001_nrcb3,exposure (L2b): 2D calibrated exposure average over integrations,S,mast:JWST/product/jw05893005006_02101_00001_nrcb3_cal.fits,SCIENCE,,CAL,,CALJWST,2.0.0,5893,jw05893005006_02101_00001_nrcb3_cal.fits,117573120,262999337,PUBLIC,2,F200W
262987355,JWST,image,jw05893005006_02101_00004_nrca3,exposure (L2b): 2D calibrated exposure average over integrations,S,mast:JWST/product/jw05893005006_02101_00004_nrca3_cal.fits,SCIENCE,,CAL,,CALJWST,2.0.0,5893,jw05893005006_02101_00004_nrca3_cal.fits,117573120,262999337,PUBLIC,2,F200W
262987356,JWST,image,jw05893005006_02101_00004_nrcb3,exposure (L2b): 2D calibrated exposure average over integrations,S,mast:JWST/product/jw05893005006_02101_00004_nrcb3_cal.fits,SCIENCE,,CAL,,CALJWST,2.0.0,5893,jw05893005006_02101_00004_nrcb3_cal.fits,117573120,262999337,PUBLIC,2,F200W
262987357,JWST,image,jw05893005006_02101_00003_nrca4,exposure (L2b): 2D calibrated exposure average over integrations,S,mast:JWST/product/jw05893005006_02101_00003_nrca4_cal.fits,SCIENCE,,CAL,,CALJWST,2.0.0,5893,jw05893005006_02101_00003_nrca4_cal.fits,117573120,262999337,PUBLIC,2,F200W
262987358,JWST,image,jw05893005006_02101_00002_nrcb1,exposure (L2b): 2D calibrated exposure average over integrations,S,mast:JWST/product/jw05893005006_02101_00002_nrcb1_cal.fits,SCIENCE,,CAL,,CALJWST,2.0.0,5893,jw05893005006_02101_00002_nrcb1_cal.fits,117573120,262999337,PUBLIC,2,F200W
262987359,JWST,image,jw05893005006_02101_00001_nrcb1,exposure (L2b): 2D calibrated exposure average over integrations,S,mast:JWST/product/jw05893005006_02101_00001_nrcb1_cal.fits,SCIENCE,,CAL,,CALJWST,2.0.0,5893,jw05893005006_02101_00001_nrcb1_cal.fits,117573120,262999337,PUBLIC,2,F200W
262987361,JWST,image,jw05893005006_02101_00003_nrcb4,exposure (L2b): 2D calibrated exposure average over integrations,S,mast:JWST/product/jw05893005006_02101_00003_nrcb4_cal.fits,SCIENCE,,CAL,,CALJWST,2.0.0,5893,jw05893005006_02101_00003_nrcb4_cal.fits,117573120,262999337,PUBLIC,2,F200W
262987362,JWST,image,jw05893005006_02101_00003_nrcb2,exposure (L2b): 2D calibrated exposure average over integrations,S,mast:JWST/product/jw05893005006_02101_00003_nrcb2_cal.fits,SCIENCE,,CAL,,CALJWST,2.0.0,5893,jw05893005006_02101_00003_nrcb2_cal.fits,117573120,262999337,PUBLIC,2,F200W
262987364,JWST,image,jw05893005006_02101_00002_nrcb2,exposure (L2b): 2D calibrated exposure average over integrations,S,mast:JWST/product/jw05893005006_02101_00002_nrcb2_cal.fits,SCIENCE,,CAL,,CALJWST,2.0.0,5893,jw05893005006_02101_00002_nrcb2_cal.fits,117573120,262999337,PUBLIC,2,F200W
262987365,JWST,image,jw05893005006_02101_00004_nrcb1,exposure (L2b): 2D calibrated exposure average over integrations,S,mast:JWST/product/jw05893005006_02101_00004_nrcb1_cal.fits,SCIENCE,,CAL,,CALJWST,2.0.0,5893,jw05893005006_02101_00004_nrcb1_cal.fits,117573120,262999337,PUBLIC,2,F200W
262987366,JWST,image,jw05893005006_02101_00004_nrcb2,exposure (L2b): 2D calibrated exposure average over integrations,S,mast:JWST/product/jw05893005006_02101_00004_nrcb2_cal.fits,SCIENCE,,CAL,,CALJWST,2.0.0,5893,jw05893005006_02101_00004_nrcb2_cal.fits,117573120,262999337,PUBLIC,2,F200W
262987368,JWST,image,jw05893005006_02101_00002_nrca3,exposure (L2b): 2D calibrated exposure average over integrations,S,mast:JWST/product/jw05893005006_02101_00002_nrca3_cal.fits,SCIENCE,,CAL,,CALJWST,2.0.0,5893,jw05893005006_02101_00002_nrca3_cal.fits,117573120,262999337,PUBLIC,2,F200W
262987370,JWST,image,jw05893005006_02101_00001_nrcb4,exposure (L2b): 2D calibrated exposure average over integrations,S,mast:JWST/product/jw05893005006_02101_00001_nrcb4_cal.fits,SCIENCE,,CAL,,CALJWST,2.0.0,5893,jw05893005006_02101_00001_nrcb4_cal.fits,117573120,262999337,PUBLIC,2,F200W
262987371,JWST,image,jw05893005006_02101_00002_nrca1,exposure (L2b): 2D calibrated exposure average over integrations,S,mast:JWST/product/jw05893005006_02101_00002_nrca1_cal.fits,SCIENCE,,CAL,,CALJWST,2.0.0,5893,jw05893005006_02101_00002_nrca1_cal.fits,117570240,262999337,PUBLIC,2,F200W
262987374,JWST,image,jw05893005006_02101_00003_nrca2,exposure (L2b): 2D calibrated exposure average over integrations,S,mast:JWST/product/jw05893005006_02101_00003_nrca2_cal.fits,SCIENCE,,CAL,,CALJWST,2.0.0,5893,jw05893005006_02101_00003_nrca2_cal.fits,117570240,262999337,PUBLIC,2,F200W
262987378,JWST,image,jw05893005006_02101_00001_nrca3,exposure (L2b): 2D calibrated exposure average over integrations,S,mast:JWST/product/jw05893005006_02101_00001_nrca3_cal.fits,SCIENCE,,CAL,,CALJWST,2.0.0,5893,jw05893005006_02101_00001_nrca3_cal.fits,117573120,262999337,PUBLIC,2,F200W
262987379,JWST,image,jw05893005006_02101_00002_nrca4,exposure (L2b): 2D calibrated exposure average over integrations,S,mast:JWST/product/jw05893005006_02101_00002_nrca4_cal.fits,SCIENCE,,CAL,,CALJWST,2.0.0,5893,jw05893005006_02101_00002_nrca4_cal.fits,117573120,262999337,PUBLIC,2,F200W
262987380,JWST,image,jw05893005006_02101_00002_nrcb4,exposure (L2b): 2D calibrated exposure average over integrations,S,mast:JWST/product/jw05893005006_02101_00002_nrcb4_cal.fits,SCIENCE,,CAL,,CALJWST,2.0.0,5893,jw05893005006_02101_00002_nrcb4_cal.fits,117573120,262999337,PUBLIC,2,F200W
262987381,JWST,image,jw05893005006_02101_00003_nrca1,exposure (L2b): 2D calibrated exposure average over integrations,S,mast:JWST/product/jw05893005006_02101_00003_nrca1_cal.fits,SCIENCE,,CAL,,CALJWST,2.0.0,5893,jw05893005006_02101_00003_nrca1_cal.fits,117570240,262999337,PUBLIC,2,F200W
262987382,JWST,image,jw05893005006_02101_00004_nrca4,exposure (L2b): 2D calibrated exposure average over integrations,S,mast:JWST/product/jw05893005006_02101_00004_nrca4_cal.fits,SCIENCE,,CAL,,CALJWST,2.0.0,5893,jw05893005006_02101_00004_nrca4_cal.fits,117573120,262999337,PUBLIC,2,F200W
262987384,JWST,image,jw05893005006_02101_00003_nrcb3,exposure (L2b): 2D calibrated exposure average over integrations,S,mast:JWST/product/jw05893005006_02101_00003_nrcb3_cal.fits,SCIENCE,,CAL,,CALJWST,2.0.0,5893,jw05893005006_02101_00003_nrcb3_cal.fits,117573120,262999337,PUBLIC,2,F200W
262987386,JWST,image,jw05893005006_02101_00001_nrca4,exposure (L2b): 2D calibrated exposure average over integrations,S,mast:JWST/product/jw05893005006_02101_00001_nrca4_cal.fits,SCIENCE,,CAL,,CALJWST,2.0.0,5893,jw05893005006_02101_00001_nrca4_cal.fits,117573120,262999337,PUBLIC,2,F200W
262987387,JWST,image,jw05893005006_02101_00003_nrcb1,exposure (L2b): 2D calibrated exposure average over integrations,S,mast:JWST/product/jw05893005006_02101_00003_nrcb1_cal.fits,SCIENCE,,CAL,,CALJWST,2.0.0,5893,jw05893005006_02101_00003_nrcb1_cal.fits,117573120,262999337,PUBLIC,2,F200W
262987388,JWST,image,jw05893005006_02101_00001_nrca1,exposure (L2b): 2D calibrated exposure average over integrations,S,mast:JWST/product/jw05893005006_02101_00001_nrca1_cal.fits,SCIENCE,,CAL,,CALJWST,2.0.0,5893,jw05893005006_02101_00001_nrca1_cal.fits,117570240,262999337,PUBLIC,2,F200W
262987389,JWST,image,jw05893005006_02101_00001_nrca2,exposure (L2b): 2D calibrated exposure average over integrations,S,mast:JWST/product/jw05893005006_02101_00001_nrca2_cal.fits,SCIENCE,,CAL,,CALJWST,2.0.0,5893,jw05893005006_02101_00001_nrca2_cal.fits,117570240,262999337,PUBLIC,2,F200W
262987390,JWST,image,jw05893005006_02101_00003_nrca3,exposure (L2b): 2D calibrated exposure average over integrations,S,mast:JWST/product/jw05893005006_02101_00003_nrca3_cal.fits,SCIENCE,,CAL,,CALJWST,2.0.0,5893,jw05893005006_02101_00003_nrca3_cal.fits,117573120,262999337,PUBLIC,2,F200W
262987391,JWST,image,jw05893005006_02101_00004_nrca2,exposure (L2b): 2D calibrated exposure average over integrations,S,mast:JWST/product/jw05893005006_02101_00004_nrca2_cal.fits,SCIENCE,,CAL,,CALJWST,2.0.0,5893,jw05893005006_02101_00004_nrca2_cal.fits,117570240,262999337,PUBLIC,2,F200W
262987392,JWST,image,jw05893005006_02101_00004_nrca1,exposure (L2b): 2D calibrated exposure average over integrations,S,mast:JWST/product/jw05893005006_02101_00004_nrca1_cal.fits,SCIENCE,,CAL,,CALJWST,2.0.0,5893,jw05893005006_02101_00004_nrca1_cal.fits,117570240,262999337,PUBLIC,2,F200W
262987393,JWST,image,jw05893005006_02101_00002_nrcb3,exposure (L2b): 2D calibrated exposure average over integrations,S,mast:JWST/product/jw05893005006_02101_00002_nrcb3_cal.fits,SCIENCE,,CAL,,CALJWST,2.0.0,5893,jw05893005006_02101_00002_nrcb3_cal.fits,117573120,262999337,PUBLIC,2,F200W
262987394,JWST,image,jw05893005006_02101_00002_nrca2,exposure (L2b): 2D calibrated exposure average over integrations,S,mast:JWST/product/jw05893005006_02101_00002_nrca2_cal.fits,SCIENCE,,CAL,,CALJWST,2.0.0,5893,jw05893005006_02101_00002_nrca2_cal.fits,117570240,262999337,PUBLIC,2,F200W
262987395,JWST,image,jw05893005006_02101_00004_nrcb4,exposure (L2b): 2D calibrated exposure average over integrations,S,mast:JWST/product/jw05893005006_02101_00004_nrcb4_cal.fits,SCIENCE,,CAL,,CALJWST,2.0.0,5893,jw05893005006_02101_00004_nrcb4_cal.fits,117573120,262999337,PUBLIC,2,F200W
262987398,JWST,image,jw05893005006_02101_00005_nrcb1,exposure (L2b): 2D calibrated exposure average over integrations,S,mast:JWST/product/jw05893005006_02101_00005_nrcb1_cal.fits,SCIENCE,,CAL,,CALJWST,2.0.0,5893,jw05893005006_02101_00005_nrcb1_cal.fits,117573120,262999337,PUBLIC,2,F200W
262987399,JWST,image,jw05893005006_02101_00005_nrca2,exposure (L2b): 2D calibrated exposure average over integrations,S,mast:JWST/product/jw05893005006_02101_00005_nrca2_cal.fits,SCIENCE,,CAL,,CALJWST,2.0.0,5893,jw05893005006_02101_00005_nrca2_cal.fits,117570240,262999337,PUBLIC,2,F200W
262987400,JWST,image,jw05893005006_02101_00006_nrcb3,exposure (L2b): 2D calibrated exposure average over integrations,S,mast:JWST/product/jw05893005006_02101_00006_nrcb3_cal.fits,SCIENCE,,CAL,,CALJWST,2.0.0,5893,jw05893005006_02101_00006_nrcb3_cal.fits,117573120,262999337,PUBLIC,2,F200W
262987401,JWST,image,jw05893005006_02101_00005_nrcb3,exposure (L2b): 2D calibrated exposure average over integrations,S,mast:JWST/product/jw05893005006_02101_00005_nrcb3_cal.fits,SCIENCE,,CAL,,CALJWST,2.0.0,5893,jw05893005006_02101_00005_nrcb3_cal.fits,117573120,262999337,PUBLIC,2,F200W
262987402,JWST,image,jw05893005006_02101_00005_nrcb4,exposure (L2b): 2D calibrated exposure average over integrations,S,mast:JWST/product/jw05893005006_02101_00005_nrcb4_cal.fits,SCIENCE,,CAL,,CALJWST,2.0.0,5893,jw05893005006_02101_00005_nrcb4_cal.fits,117573120,262999337,PUBLIC,2,F200W
262987405,JWST,image,jw05893005006_02101_00005_nrca3,exposure (L2b): 2D calibrated exposure average over integrations,S,mast:JWST/product/jw05893005006_02101_00005_nrca3_cal.fits,SCIENCE,,CAL,,CALJWST,2.0.0,5893,jw05893005006_02101_00005_nrca3_cal.fits,117573120,262999337,PUBLIC,2,F200W
262987406,JWST,image,jw05893005006_02101_00006_nrcb4,exposure (L2b): 2D calibrated exposure average over integrations,S,mast:JWST/product/jw05893005006_02101_00006_nrcb4_cal.fits,SCIENCE,,CAL,,CALJWST,2.0.0,5893,jw05893005006_02101_00006_nrcb4_cal.fits,117573120,262999337,PUBLIC,2,F200W
262987407,JWST,image,jw05893005006_02101_00005_nrca4,exposure (L2b): 2D calibrated exposure average over integrations,S,mast:JWST/product/jw05893005006_02101_00005_nrca4_cal.fits,SCIENCE,,CAL,,CALJWST,2.0.0,5893,jw05893005006_02101_00005_nrca4_cal.fits,117573120,262999337,PUBLIC,2,F200W
262987408,JWST,image,jw05893005006_02101_00005_nrca1,exposure (L2b): 2D calibrated exposure average over integrations,S,mast:JWST/product/jw05893005006_02101_00005_nrca1_cal.fits,SCIENCE,,CAL,,CALJWST,2.0.0,5893,jw05893005006_02101_00005_nrca1_cal.fits,117570240,262999337,PUBLIC,2,F200W
262987410,JWST,image,jw05893005006_02101_00005_nrcb2,exposure (L2b): 2D calibrated exposure average over integrations,S,mast:JWST/product/jw05893005006_02101_00005_nrcb2_cal.fits,SCIENCE,,CAL,,CALJWST,2.0.0,5893,jw05893005006_02101_00005_nrcb2_cal.fits,117573120,262999337,PUBLIC,2,F200W
262987411,JWST,image,jw05893005006_02101_00006_nrca3,exposure (L2b): 2D calibrated exposure average over integrations,S,mast:JWST/product/jw05893005006_02101_00006_nrca3_cal.fits,SCIENCE,,CAL,,CALJWST,2.0.0,5893,jw05893005006_02101_00006_nrca3_cal.fits,117573120,262999337,PUBLIC,2,F200W
262987413,JWST,image,jw05893005006_02101_00006_nrca4,exposure (L2b): 2D calibrated exposure average over integrations,S,mast:JWST/product/jw05893005006_02101_00006_nrca4_cal.fits,SCIENCE,,CAL,,CALJWST,2.0.0,5893,jw05893005006_02101_00006_nrca4_cal.fits,117573120,262999337,PUBLIC,2,F200W
262987414,JWST,image,jw05893005006_02101_00006_nrcb2,exposure (L2b): 2D calibrated exposure average over integrations,S,mast:JWST/product/jw05893005006_02101_00006_nrcb2_cal.fits,SCIENCE,,CAL,,CALJWST,2.0.0,5893,jw05893005006_02101_00006_nrcb2_cal.fits,117573120,262999337,PUBLIC,2,F200W
262987417,JWST,image,jw05893005006_02101_00006_nrca1,exposure (L2b): 2D calibrated exposure average over integrations,S,mast:JWST/product/jw05893005006_02101_00006_nrca1_cal.fits,SCIENCE,,CAL,,CALJWST,2.0.0,5893,jw05893005006_02101_00006_nrca1_cal.fits,117570240,262999337,PUBLIC,2,F200W
262987419,JWST,image,jw05893005006_02101_00006_nrca2,exposure (L2b): 2D calibrated exposure average over integrations,S,mast:JWST/product/jw05893005006_02101_00006_nrca2_cal.fits,SCIENCE,,CAL,,CALJWST,2.0.0,5893,jw05893005006_02101_00006_nrca2_cal.fits,117570240,262999337,PUBLIC,2,F200W
262987427,JWST,image,jw05893005006_02101_00006_nrcb1,exposure (L2b): 2D calibrated exposure average over integrations,S,mast:JWST/product/jw05893005006_02101_00006_nrcb1_cal.fits,SCIENCE,,CAL,,CALJWST,2.0.0,5893,jw05893005006_02101_00006_nrcb1_cal.fits,117573120,262999337,PUBLIC,2,F200W
262987477,JWST,image,jw05893005007_02101_00001_nrca4,exposure (L2b): 2D calibrated exposure average over integrations,S,mast:JWST/product/jw05893005007_02101_00001_nrca4_cal.fits,SCIENCE,,CAL,,CALJWST,2.0.0,5893,jw05893005007_02101_00001_nrca4_cal.fits,117573120,262999337,PUBLIC,2,F200W
262987479,JWST,image,jw05893005007_02101_00001_nrcb2,exposure (L2b): 2D calibrated exposure average over integrations,S,mast:JWST/product/jw05893005007_02101_00001_nrcb2_cal.fits,SCIENCE,,CAL,,CALJWST,2.0.0,5893,jw05893005007_02101_00001_nrcb2_cal.fits,117573120,262999337,PUBLIC,2,F200W
262987482,JWST,image,jw05893005007_02101_00001_nrcb1,exposure (L2b): 2D calibrated exposure average over integrations,S,mast:JWST/product/jw05893005007_02101_00001_nrcb1_cal.fits,SCIENCE,,CAL,,CALJWST,2.0.0,5893,jw05893005007_02101_00001_nrcb1_cal.fits,117573120,262999337,PUBLIC,2,F200W
262987518,JWST,image,jw05893005007_02101_00003_nrcb4,exposure (L2b): 2D calibrated exposure average over integrations,S,mast:JWST/product/jw05893005007_02101_00003_nrcb4_cal.fits,SCIENCE,,CAL,,CALJWST,2.0.0,5893,jw05893005007_02101_00003_nrcb4_cal.fits,117573120,262999337,PUBLIC,2,F200W
262987519,JWST,image,jw05893005007_02101_00004_nrca3,exposure (L2b): 2D calibrated exposure average over integrations,S,mast:JWST/product/jw05893005007_02101_00004_nrca3_cal.fits,SCIENCE,,CAL,,CALJWST,2.0.0,5893,jw05893005007_02101_00004_nrca3_cal.fits,117573120,262999337,PUBLIC,2,F200W
262987520,JWST,image,jw05893005007_02101_00002_nrca4,exposure (L2b): 2D calibrated exposure average over integrations,S,mast:JWST/product/jw05893005007_02101_00002_nrca4_cal.fits,SCIENCE,,CAL,,CALJWST,2.0.0,5893,jw05893005007_02101_00002_nrca4_cal.fits,117573120,262999337,PUBLIC,2,F200W
262987521,JWST,image,jw05893005007_02101_00002_nrca2,exposure (L2b): 2D calibrated exposure average over integrations,S,mast:JWST/product/jw05893005007_02101_00002_nrca2_cal.fits,SCIENCE,,CAL,,CALJWST,2.0.0,5893,jw05893005007_02101_00002_nrca2_cal.fits,117570240,262999337,PUBLIC,2,F200W
262987522,JWST,image,jw05893005007_02101_00004_nrca4,exposure (L2b): 2D calibrated exposure average over integrations,S,mast:JWST/product/jw05893005007_02101_00004_nrca4_cal.fits,SCIENCE,,CAL,,CALJWST,2.0.0,5893,jw05893005007_02101_00004_nrca4_cal.fits,117573120,262999337,PUBLIC,2,F200W
262987524,JWST,image,jw05893005007_02101_00004_nrcb2,exposure (L2b): 2D calibrated exposure average over integrations,S,mast:JWST/product/jw05893005007_02101_00004_nrcb2_cal.fits,SCIENCE,,CAL,,CALJWST,2.0.0,5893,jw05893005007_02101_00004_nrcb2_cal.fits,117573120,262999337,PUBLIC,2,F200W
262987526,JWST,image,jw05893005007_02101_00004_nrcb1,exposure (L2b): 2D calibrated exposure average over integrations,S,mast:JWST/product/jw05893005007_02101_00004_nrcb1_cal.fits,SCIENCE,,CAL,,CALJWST,2.0.0,5893,jw05893005007_02101_00004_nrcb1_cal.fits,117573120,262999337,PUBLIC,2,F200W
262987527,JWST,image,jw05893005007_02101_00002_nrcb3,exposure (L2b): 2D calibrated exposure average over integrations,S,mast:JWST/product/jw05893005007_02101_00002_nrcb3_cal.fits,SCIENCE,,CAL,,CALJWST,2.0.0,5893,jw05893005007_02101_00002_nrcb3_cal.fits,117573120,262999337,PUBLIC,2,F200W
262987528,JWST,image,jw05893005007_02101_00002_nrcb2,exposure (L2b): 2D calibrated exposure average over integrations,S,mast:JWST/product/jw05893005007_02101_00002_nrcb2_cal.fits,SCIENCE,,CAL,,CALJWST,2.0.0,5893,jw05893005007_02101_00002_nrcb2_cal.fits,117573120,262999337,PUBLIC,2,F200W
262987529,JWST,image,jw05893005007_02101_00001_nrca2,exposure (L2b): 2D calibrated exposure average over integrations,S,mast:JWST/product/jw05893005007_02101_00001_nrca2_cal.fits,SCIENCE,,CAL,,CALJWST,2.0.0,5893,jw05893005007_02101_00001_nrca2_cal.fits,117570240,262999337,PUBLIC,2,F200W
262987530,JWST,image,jw05893005007_02101_00002_nrca1,exposure (L2b): 2D calibrated exposure average over integrations,S,mast:JWST/product/jw05893005007_02101_00002_nrca1_cal.fits,SCIENCE,,CAL,,CALJWST,2.0.0,5893,jw05893005007_02101_00002_nrca1_cal.fits,117570240,262999337,PUBLIC,2,F200W
262987531,JWST,image,jw05893005007_02101_00003_nrcb2,exposure (L2b): 2D calibrated exposure average over integrations,S,mast:JWST/product/jw05893005007_02101_00003_nrcb2_cal.fits,SCIENCE,,CAL,,CALJWST,2.0.0,5893,jw05893005007_02101_00003_nrcb2_cal.fits,117573120,262999337,PUBLIC,2,F200W
262987533,JWST,image,jw05893005007_02101_00001_nrca3,exposure (L2b): 2D calibrated exposure average over integrations,S,mast:JWST/product/jw05893005007_02101_00001_nrca3_cal.fits,SCIENCE,,CAL,,CALJWST,2.0.0,5893,jw05893005007_02101_00001_nrca3_cal.fits,117573120,262999337,PUBLIC,2,F200W
262987536,JWST,image,jw05893005007_02101_00003_nrcb1,exposure (L2b): 2D calibrated exposure average over integrations,S,mast:JWST/product/jw05893005007_02101_00003_nrcb1_cal.fits,SCIENCE,,CAL,,CALJWST,2.0.0,5893,jw05893005007_02101_00003_nrcb1_cal.fits,117573120,262999337,PUBLIC,2,F200W
262987537,JWST,image,jw05893005007_02101_00004_nrca2,exposure (L2b): 2D calibrated exposure average over integrations,S,mast:JWST/product/jw05893005007_02101_00004_nrca2_cal.fits,SCIENCE,,CAL,,CALJWST,2.0.0,5893,jw05893005007_02101_00004_nrca2_cal.fits,117570240,262999337,PUBLIC,2,F200W
262987540,JWST,image,jw05893005007_02101_00001_nrcb4,exposure (L2b): 2D calibrated exposure average over integrations,S,mast:JWST/product/jw05893005007_02101_00001_nrcb4_cal.fits,SCIENCE,,CAL,,CALJWST,2.0.0,5893,jw05893005007_02101_00001_nrcb4_cal.fits,117573120,262999337,PUBLIC,2,F200W
262987541,JWST,image,jw05893005007_02101_00001_nrcb3,exposure (L2b): 2D calibrated exposure average over integrations,S,mast:JWST/product/jw05893005007_02101_00001_nrcb3_cal.fits,SCIENCE,,CAL,,CALJWST,2.0.0,5893,jw05893005007_02101_00001_nrcb3_cal.fits,117573120,262999337,PUBLIC,2,F200W
262987542,JWST,image,jw05893005007_02101_00004_nrcb4,exposure (L2b): 2D calibrated exposure average over integrations,S,mast:JWST/product/jw05893005007_02101_00004_nrcb4_cal.fits,SCIENCE,,CAL,,CALJWST,2.0.0,5893,jw05893005007_02101_00004_nrcb4_cal.fits,117573120,262999337,PUBLIC,2,F200W
262987544,JWST,image,jw05893005007_02101_00003_nrca3,exposure (L2b): 2D calibrated exposure average over integrations,S,mast:JWST/product/jw05893005007_02101_00003_nrca3_cal.fits,SCIENCE,,CAL,,CALJWST,2.0.0,5893,jw05893005007_02101_00003_nrca3_cal.fits,117573120,262999337,PUBLIC,2,F200W
262987546,JWST,image,jw05893005007_02101_00003_nrcb3,exposure (L2b): 2D calibrated exposure average over integrations,S,mast:JWST/product/jw05893005007_02101_00003_nrcb3_cal.fits,SCIENCE,,CAL,,CALJWST,2.0.0,5893,jw05893005007_02101_00003_nrcb3_cal.fits,117573120,262999337,PUBLIC,2,F200W
262987547,JWST,image,jw05893005007_02101_00003_nrca4,exposure (L2b): 2D calibrated exposure average over integrations,S,mast:JWST/product/jw05893005007_02101_00003_nrca4_cal.fits,SCIENCE,,CAL,,CALJWST,2.0.0,5893,jw05893005007_02101_00003_nrca4_cal.fits,117573120,262999337,PUBLIC,2,F200W
262987548,JWST,image,jw05893005007_02101_00001_nrca1,exposure (L2b): 2D calibrated exposure average over integrations,S,mast:JWST/product/jw05893005007_02101_00001_nrca1_cal.fits,SCIENCE,,CAL,,CALJWST,2.0.0,5893,jw05893005007_02101_00001_nrca1_cal.fits,117570240,262999337,PUBLIC,2,F200W
262987549,JWST,image,jw05893005007_02101_00003_nrca2,exposure (L2b): 2D calibrated exposure average over integrations,S,mast:JWST/product/jw05893005007_02101_00003_nrca2_cal.fits,SCIENCE,,CAL,,CALJWST,2.0.0,5893,jw05893005007_02101_00003_nrca2_cal.fits,117570240,262999337,PUBLIC,2,F200W
262987550,JWST,image,jw05893005007_02101_00004_nrcb3,exposure (L2b): 2D calibrated exposure average over integrations,S,mast:JWST/product/jw05893005007_02101_00004_nrcb3_cal.fits,SCIENCE,,CAL,,CALJWST,2.0.0,5893,jw05893005007_02101_00004_nrcb3_cal.fits,117573120,262999337,PUBLIC,2,F200W
262987551,JWST,image,jw05893005007_02101_00002_nrcb4,exposure (L2b): 2D calibrated exposure average over integrations,S,mast:JWST/product/jw05893005007_02101_00002_nrcb4_cal.fits,SCIENCE,,CAL,,CALJWST,2.0.0,5893,jw05893005007_02101_00002_nrcb4_cal.fits,117573120,262999337,PUBLIC,2,F200W
262987552,JWST,image,jw05893005007_02101_00003_nrca1,exposure (L2b): 2D calibrated exposure average over integrations,S,mast:JWST/product/jw05893005007_02101_00003_nrca1_cal.fits,SCIENCE,,CAL,,CALJWST,2.0.0,5893,jw05893005007_02101_00003_nrca1_cal.fits,117570240,262999337,PUBLIC,2,F200W
262987553,JWST,image,jw05893005007_02101_00002_nrca3,exposure (L2b): 2D calibrated exposure average over integrations,S,mast:JWST/product/jw05893005007_02101_00002_nrca3_cal.fits,SCIENCE,,CAL,,CALJWST,2.0.0,5893,jw05893005007_02101_00002_nrca3_cal.fits,117573120,262999337,PUBLIC,2,F200W
262987554,JWST,image,jw05893005007_02101_00002_nrcb1,exposure (L2b): 2D calibrated exposure average over integrations,S,mast:JWST/product/jw05893005007_02101_00002_nrcb1_cal.fits,SCIENCE,,CAL,,CALJWST,2.0.0,5893,jw05893005007_02101_00002_nrcb1_cal.fits,117573120,262999337,PUBLIC,2,F200W
262989493,JWST,image,jw05893005007_02101_00005_nrca1,exposure (L2b): 2D calibrated exposure average over integrations,S,mast:JWST/product/jw05893005007_02101_00005_nrca1_cal.fits,SCIENCE,,CAL,,CALJWST,2.0.0,5893,jw05893005007_02101_00005_nrca1_cal.fits,117570240,262999337,PUBLIC,2,F200W
262989500,JWST,image,jw05893005007_02101_00005_nrca3,exposure (L2b): 2D calibrated exposure average over integrations,S,mast:JWST/product/jw05893005007_02101_00005_nrca3_cal.fits,SCIENCE,,CAL,,CALJWST,2.0.0,5893,jw05893005007_02101_00005_nrca3_cal.fits,117573120,262999337,PUBLIC,2,F200W
262989504,JWST,image,jw05893005007_02101_00005_nrcb1,exposure (L2b): 2D calibrated exposure average over integrations,S,mast:JWST/product/jw05893005007_02101_00005_nrcb1_cal.fits,SCIENCE,,CAL,,CALJWST,2.0.0,5893,jw05893005007_02101_00005_nrcb1_cal.fits,117573120,262999337,PUBLIC,2,F200W
262989526,JWST,image,jw05893005007_02101_00005_nrca2,exposure (L2b): 2D calibrated exposure average over integrations,S,mast:JWST/product/jw05893005007_02101_00005_nrca2_cal.fits,SCIENCE,,CAL,,CALJWST,2.0.0,5893,jw05893005007_02101_00005_nrca2_cal.fits,117570240,262999337,PUBLIC,2,F200W
262989560,JWST,image,jw05893005007_02101_00006_nrcb3,exposure (L2b): 2D calibrated exposure average over integrations,S,mast:JWST/product/jw05893005007_02101_00006_nrcb3_cal.fits,SCIENCE,,CAL,,CALJWST,2.0.0,5893,jw05893005007_02101_00006_nrcb3_cal.fits,117573120,262999337,PUBLIC,2,F200W
262989569,JWST,image,jw05893005007_02101_00006_nrca4,exposure (L2b): 2D calibrated exposure average over integrations,S,mast:JWST/product/jw05893005007_02101_00006_nrca4_cal.fits,SCIENCE,,CAL,,CALJWST,2.0.0,5893,jw05893005007_02101_00006_nrca4_cal.fits,117573120,262999337,PUBLIC,2,F200W
262989583,JWST,image,jw05893005007_02101_00006_nrca1,exposure (L2b): 2D calibrated exposure average over integrations,S,mast:JWST/product/jw05893005007_02101_00006_nrca1_cal.fits,SCIENCE,,CAL,,CALJWST,2.0.0,5893,jw05893005007_02101_00006_nrca1_cal.fits,117570240,262999337,PUBLIC,2,F200W
262989588,JWST,image,jw05893005007_02101_00004_nrca1,exposure (L2b): 2D calibrated exposure average over integrations,S,mast:JWST/product/jw05893005007_02101_00004_nrca1_cal.fits,SCIENCE,,CAL,,CALJWST,2.0.0,5893,jw05893005007_02101_00004_nrca1_cal.fits,117570240,262999337,PUBLIC,2,F200W
262989599,JWST,image,jw05893005007_02101_00006_nrcb1,exposure (L2b): 2D calibrated exposure average over integrations,S,mast:JWST/product/jw05893005007_02101_00006_nrcb1_cal.fits,SCIENCE,,CAL,,CALJWST,2.0.0,5893,jw05893005007_02101_00006_nrcb1_cal.fits,117573120,262999337,PUBLIC,2,F200W
262989604,JWST,image,jw05893005007_02101_00005_nrcb2,exposure (L2b): 2D calibrated exposure average over integrations,S,mast:JWST/product/jw05893005007_02101_00005_nrcb2_cal.fits,SCIENCE,,CAL,,CALJWST,2.0.0,5893,jw05893005007_02101_00005_nrcb2_cal.fits,117573120,262999337,PUBLIC,2,F200W
262989647,JWST,image,jw05893005007_02101_00005_nrcb3,exposure (L2b): 2D calibrated exposure average over integrations,S,mast:JWST/product/jw05893005007_02101_00005_nrcb3_cal.fits,SCIENCE,,CAL,,CALJWST,2.0.0,5893,jw05893005007_02101_00005_nrcb3_cal.fits,117573120,262999337,PUBLIC,2,F200W
262989680,JWST,image,jw05893005007_02101_00006_nrcb4,exposure (L2b): 2D calibrated exposure average over integrations,S,mast:JWST/product/jw05893005007_02101_00006_nrcb4_cal.fits,SCIENCE,,CAL,,CALJWST,2.0.0,5893,jw05893005007_02101_00006_nrcb4_cal.fits,117573120,262999337,PUBLIC,2,F200W
262989691,JWST,image,jw05893005007_02101_00006_nrca3,exposure (L2b): 2D calibrated exposure average over integrations,S,mast:JWST/product/jw05893005007_02101_00006_nrca3_cal.fits,SCIENCE,,CAL,,CALJWST,2.0.0,5893,jw05893005007_02101_00006_nrca3_cal.fits,117573120,262999337,PUBLIC,2,F200W
262989715,JWST,image,jw05893005007_02101_00006_nrcb2,exposure (L2b): 2D calibrated exposure average over integrations,S,mast:JWST/product/jw05893005007_02101_00006_nrcb2_cal.fits,SCIENCE,,CAL,,CALJWST,2.0.0,5893,jw05893005007_02101_00006_nrcb2_cal.fits,117573120,262999337,PUBLIC,2,F200W
262989729,JWST,image,jw05893005007_02101_00006_nrca2,exposure (L2b): 2D calibrated exposure average over integrations,S,mast:JWST/product/jw05893005007_02101_00006_nrca2_cal.fits,SCIENCE,,CAL,,CALJWST,2.0.0,5893,jw05893005007_02101_00006_nrca2_cal.fits,117570240,262999337,PUBLIC,2,F200W
262989736,JWST,image,jw05893005007_02101_00005_nrca4,exposure (L2b): 2D calibrated exposure average over integrations,S,mast:JWST/product/jw05893005007_02101_00005_nrca4_cal.fits,SCIENCE,,CAL,,CALJWST,2.0.0,5893,jw05893005007_02101_00005_nrca4_cal.fits,117573120,262999337,PUBLIC,2,F200W
262989756,JWST,image,jw05893005007_02101_00005_nrcb4,exposure (L2b): 2D calibrated exposure average over integrations,S,mast:JWST/product/jw05893005007_02101_00005_nrcb4_cal.fits,SCIENCE,,CAL,,CALJWST,2.0.0,5893,jw05893005007_02101_00005_nrcb4_cal.fits,117573120,262999337,PUBLIC,2,F200W
262996187,JWST,image,jw05893005008_02101_00001_nrcb1,exposure (L2b): 2D calibrated exposure average over integrations,S,mast:JWST/product/jw05893005008_02101_00001_nrcb1_cal.fits,SCIENCE,,CAL,,CALJWST,2.0.0,5893,jw05893005008_02101_00001_nrcb1_cal.fits,117573120,262999337,PUBLIC,2,F200W
262996189,JWST,image,jw05893005008_02101_00001_nrcb4,exposure (L2b): 2D calibrated exposure average over integrations,S,mast:JWST/product/jw05893005008_02101_00001_nrcb4_cal.fits,SCIENCE,,CAL,,CALJWST,2.0.0,5893,jw05893005008_02101_00001_nrcb4_cal.fits,117573120,262999337,PUBLIC,2,F200W
262996193,JWST,image,jw05893005008_02101_00001_nrca4,exposure (L2b): 2D calibrated exposure average over integrations,S,mast:JWST/product/jw05893005008_02101_00001_nrca4_cal.fits,SCIENCE,,CAL,,CALJWST,2.0.0,5893,jw05893005008_02101_00001_nrca4_cal.fits,117573120,262999337,PUBLIC,2,F200W
262996195,JWST,image,jw05893005008_02101_00001_nrca2,exposure (L2b): 2D calibrated exposure average over integrations,S,mast:JWST/product/jw05893005008_02101_00001_nrca2_cal.fits,SCIENCE,,CAL,,CALJWST,2.0.0,5893,jw05893005008_02101_00001_nrca2_cal.fits,117570240,262999337,PUBLIC,2,F200W
262996202,JWST,image,jw05893005008_02101_00001_nrca3,exposure (L2b): 2D calibrated exposure average over integrations,S,mast:JWST/product/jw05893005008_02101_00001_nrca3_cal.fits,SCIENCE,,CAL,,CALJWST,2.0.0,5893,jw05893005008_02101_00001_nrca3_cal.fits,117573120,262999337,PUBLIC,2,F200W
262996205,JWST,image,jw05893005008_02101_00001_nrca1,exposure (L2b): 2D calibrated exposure average over integrations,S,mast:JWST/product/jw05893005008_02101_00001_nrca1_cal.fits,SCIENCE,,CAL,,CALJWST,2.0.0,5893,jw05893005008_02101_00001_nrca1_cal.fits,117570240,262999337,PUBLIC,2,F200W
262996208,JWST,image,jw05893005008_02101_00001_nrcb2,exposure (L2b): 2D calibrated exposure average over integrations,S,mast:JWST/product/jw05893005008_02101_00001_nrcb2_cal.fits,SCIENCE,,CAL,,CALJWST,2.0.0,5893,jw05893005008_02101_00001_nrcb2_cal.fits,117573120,262999337,PUBLIC,2,F200W
262996212,JWST,image,jw05893005008_02101_00001_nrcb3,exposure (L2b): 2D calibrated exposure average over integrations,S,mast:JWST/product/jw05893005008_02101_00001_nrcb3_cal.fits,SCIENCE,,CAL,,CALJWST,2.0.0,5893,jw05893005008_02101_00001_nrcb3_cal.fits,117573120,262999337,PUBLIC,2,F200W
262997661,JWST,image,jw05893005008_02101_00002_nrca1,exposure (L2b): 2D calibrated exposure average over integrations,S,mast:JWST/product/jw05893005008_02101_00002_nrca1_cal.fits,SCIENCE,,CAL,,CALJWST,2.0.0,5893,jw05893005008_02101_00002_nrca1_cal.fits,117570240,262999337,PUBLIC,2,F200W
262997666,JWST,image,jw05893005008_02101_00003_nrcb4,exposure (L2b): 2D calibrated exposure average over integrations,S,mast:JWST/product/jw05893005008_02101_00003_nrcb4_cal.fits,SCIENCE,,CAL,,CALJWST,2.0.0,5893,jw05893005008_02101_00003_nrcb4_cal.fits,117573120,262999337,PUBLIC,2,F200W
262997672,JWST,image,jw05893005008_02101_00002_nrca3,exposure (L2b): 2D calibrated exposure average over integrations,S,mast:JWST/product/jw05893005008_02101_00002_nrca3_cal.fits,SCIENCE,,CAL,,CALJWST,2.0.0,5893,jw05893005008_02101_00002_nrca3_cal.fits,117573120,262999337,PUBLIC,2,F200W
262997676,JWST,image,jw05893005008_02101_00002_nrcb2,exposure (L2b): 2D calibrated exposure average over integrations,S,mast:JWST/product/jw05893005008_02101_00002_nrcb2_cal.fits,SCIENCE,,CAL,,CALJWST,2.0.0,5893,jw05893005008_02101_00002_nrcb2_cal.fits,117573120,262999337,PUBLIC,2,F200W
262997680,JWST,image,jw05893005008_02101_00002_nrcb3,exposure (L2b): 2D calibrated exposure average over integrations,S,mast:JWST/product/jw05893005008_02101_00002_nrcb3_cal.fits,SCIENCE,,CAL,,CALJWST,2.0.0,5893,jw05893005008_02101_00002_nrcb3_cal.fits,117573120,262999337,PUBLIC,2,F200W
262997683,JWST,image,jw05893005008_02101_00002_nrcb1,exposure (L2b): 2D calibrated exposure average over integrations,S,mast:JWST/product/jw05893005008_02101_00002_nrcb1_cal.fits,SCIENCE,,CAL,,CALJWST,2.0.0,5893,jw05893005008_02101_00002_nrcb1_cal.fits,117573120,262999337,PUBLIC,2,F200W
262997692,JWST,image,jw05893005008_02101_00002_nrca2,exposure (L2b): 2D calibrated exposure average over integrations,S,mast:JWST/product/jw05893005008_02101_00002_nrca2_cal.fits,SCIENCE,,CAL,,CALJWST,2.0.0,5893,jw05893005008_02101_00002_nrca2_cal.fits,117570240,262999337,PUBLIC,2,F200W
262997702,JWST,image,jw05893005008_02101_00002_nrca4,exposure (L2b): 2D calibrated exposure average over integrations,S,mast:JWST/product/jw05893005008_02101_00002_nrca4_cal.fits,SCIENCE,,CAL,,CALJWST,2.0.0,5893,jw05893005008_02101_00002_nrca4_cal.fits,117573120,262999337,PUBLIC,2,F200W
262997713,JWST,image,jw05893005008_02101_00002_nrcb4,exposure (L2b): 2D calibrated exposure average over integrations,S,mast:JWST/product/jw05893005008_02101_00002_nrcb4_cal.fits,SCIENCE,,CAL,,CALJWST,2.0.0,5893,jw05893005008_02101_00002_nrcb4_cal.fits,117573120,262999337,PUBLIC,2,F200W
262998068,JWST,image,jw05893005008_02101_00003_nrca4,exposure (L2b): 2D calibrated exposure average over integrations,S,mast:JWST/product/jw05893005008_02101_00003_nrca4_cal.fits,SCIENCE,,CAL,,CALJWST,2.0.0,5893,jw05893005008_02101_00003_nrca4_cal.fits,117573120,262999337,PUBLIC,2,F200W
262998069,JWST,image,jw05893005008_02101_00003_nrcb2,exposure (L2b): 2D calibrated exposure average over integrations,S,mast:JWST/product/jw05893005008_02101_00003_nrcb2_cal.fits,SCIENCE,,CAL,,CALJWST,2.0.0,5893,jw05893005008_02101_00003_nrcb2_cal.fits,117573120,262999337,PUBLIC,2,F200W
262998070,JWST,image,jw05893005008_02101_00003_nrcb3,exposure (L2b): 2D calibrated exposure average over integrations,S,mast:JWST/product/jw05893005008_02101_00003_nrcb3_cal.fits,SCIENCE,,CAL,,CALJWST,2.0.0,5893,jw05893005008_02101_00003_nrcb3_cal.fits,117573120,262999337,PUBLIC,2,F200W
262998071,JWST,image,jw05893005008_02101_00003_nrcb1,exposure (L2b): 2D calibrated exposure average over integrations,S,mast:JWST/product/jw05893005008_02101_00003_nrcb1_cal.fits,SCIENCE,,CAL,,CALJWST,2.0.0,5893,jw05893005008_02101_00003_nrcb1_cal.fits,117573120,262999337,PUBLIC,2,F200W
262998073,JWST,image,jw05893005008_02101_00003_nrca3,exposure (L2b): 2D calibrated exposure average over integrations,S,mast:JWST/product/jw05893005008_02101_00003_nrca3_cal.fits,SCIENCE,,CAL,,CALJWST,2.0.0,5893,jw05893005008_02101_00003_nrca3_cal.fits,117573120,262999337,PUBLIC,2,F200W
262998074,JWST,image,jw05893005008_02101_00003_nrca2,exposure (L2b): 2D calibrated exposure average over integrations,S,mast:JWST/product/jw05893005008_02101_00003_nrca2_cal.fits,SCIENCE,,CAL,,CALJWST,2.0.0,5893,jw05893005008_02101_00003_nrca2_cal.fits,117570240,262999337,PUBLIC,2,F200W
262998076,JWST,image,jw05893005008_02101_00003_nrca1,exposure (L2b): 2D calibrated exposure average over integrations,S,mast:JWST/product/jw05893005008_02101_00003_nrca1_cal.fits,SCIENCE,,CAL,,CALJWST,2.0.0,5893,jw05893005008_02101_00003_nrca1_cal.fits,117570240,262999337,PUBLIC,2,F200W
262998077,JWST,image,jw05893005008_02101_00005_nrcb4,exposure (L2b): 2D calibrated exposure average over integrations,S,mast:JWST/product/jw05893005008_02101_00005_nrcb4_cal.fits,SCIENCE,,CAL,,CALJWST,2.0.0,5893,jw05893005008_02101_00005_nrcb4_cal.fits,117573120,262999337,PUBLIC,2,F200W
262998078,JWST,image,jw05893005008_02101_00004_nrca3,exposure (L2b): 2D calibrated exposure average over integrations,S,mast:JWST/product/jw05893005008_02101_00004_nrca3_cal.fits,SCIENCE,,CAL,,CALJWST,2.0.0,5893,jw05893005008_02101_00004_nrca3_cal.fits,117573120,262999337,PUBLIC,2,F200W
262998081,JWST,image,jw05893005008_02101_00005_nrcb2,exposure (L2b): 2D calibrated exposure average over integrations,S,mast:JWST/product/jw05893005008_02101_00005_nrcb2_cal.fits,SCIENCE,,CAL,,CALJWST,2.0.0,5893,jw05893005008_02101_00005_nrcb2_cal.fits,117573120,262999337,PUBLIC,2,F200W
262998082,JWST,image,jw05893005008_02101_00005_nrca2,exposure (L2b): 2D calibrated exposure average over integrations,S,mast:JWST/product/jw05893005008_02101_00005_nrca2_cal.fits,SCIENCE,,CAL,,CALJWST,2.0.0,5893,jw05893005008_02101_00005_nrca2_cal.fits,117570240,262999337,PUBLIC,2,F200W
262998084,JWST,image,jw05893005008_02101_00005_nrcb3,exposure (L2b): 2D calibrated exposure average over integrations,S,mast:JWST/product/jw05893005008_02101_00005_nrcb3_cal.fits,SCIENCE,,CAL,,CALJWST,2.0.0,5893,jw05893005008_02101_00005_nrcb3_cal.fits,117573120,262999337,PUBLIC,2,F200W
262998087,JWST,image,jw05893005008_02101_00004_nrcb4,exposure (L2b): 2D calibrated exposure average over integrations,S,mast:JWST/product/jw05893005008_02101_00004_nrcb4_cal.fits,SCIENCE,,CAL,,CALJWST,2.0.0,5893,jw05893005008_02101_00004_nrcb4_cal.fits,117573120,262999337,PUBLIC,2,F200W
262998092,JWST,image,jw05893005008_02101_00004_nrcb3,exposure (L2b): 2D calibrated exposure average over integrations,S,mast:JWST/product/jw05893005008_02101_00004_nrcb3_cal.fits,SCIENCE,,CAL,,CALJWST,2.0.0,5893,jw05893005008_02101_00004_nrcb3_cal.fits,117573120,262999337,PUBLIC,2,F200W
262998093,JWST,image,jw05893005008_02101_00004_nrcb1,exposure (L2b): 2D calibrated exposure average over integrations,S,mast:JWST/product/jw05893005008_02101_00004_nrcb1_cal.fits,SCIENCE,,CAL,,CALJWST,2.0.0,5893,jw05893005008_02101_00004_nrcb1_cal.fits,117573120,262999337,PUBLIC,2,F200W
262998094,JWST,image,jw05893005008_02101_00006_nrca1,exposure (L2b): 2D calibrated exposure average over integrations,S,mast:JWST/product/jw05893005008_02101_00006_nrca1_cal.fits,SCIENCE,,CAL,,CALJWST,2.0.0,5893,jw05893005008_02101_00006_nrca1_cal.fits,117570240,262999337,PUBLIC,2,F200W
262998095,JWST,image,jw05893005008_02101_00004_nrcb2,exposure (L2b): 2D calibrated exposure average over integrations,S,mast:JWST/product/jw05893005008_02101_00004_nrcb2_cal.fits,SCIENCE,,CAL,,CALJWST,2.0.0,5893,jw05893005008_02101_00004_nrcb2_cal.fits,117573120,262999337,PUBLIC,2,F200W
262998096,JWST,image,jw05893005008_02101_00006_nrcb2,exposure (L2b): 2D calibrated exposure average over integrations,S,mast:JWST/product/jw05893005008_02101_00006_nrcb2_cal.fits,SCIENCE,,CAL,,CALJWST,2.0.0,5893,jw05893005008_02101_00006_nrcb2_cal.fits,117573120,262999337,PUBLIC,2,F200W
262998097,JWST,image,jw05893005008_02101_00006_nrcb3,exposure (L2b): 2D calibrated exposure average over integrations,S,mast:JWST/product/jw05893005008_02101_00006_nrcb3_cal.fits,SCIENCE,,CAL,,CALJWST,2.0.0,5893,jw05893005008_02101_00006_nrcb3_cal.fits,117573120,262999337,PUBLIC,2,F200W
262998098,JWST,image,jw05893005008_02101_00004_nrca4,exposure (L2b): 2D calibrated exposure average over integrations,S,mast:JWST/product/jw05893005008_02101_00004_nrca4_cal.fits,SCIENCE,,CAL,,CALJWST,2.0.0,5893,jw05893005008_02101_00004_nrca4_cal.fits,117573120,262999337,PUBLIC,2,F200W
262998099,JWST,image,jw05893005008_02101_00005_nrcb1,exposure (L2b): 2D calibrated exposure average over integrations,S,mast:JWST/product/jw05893005008_02101_00005_nrcb1_cal.fits,SCIENCE,,CAL,,CALJWST,2.0.0,5893,jw05893005008_02101_00005_nrcb1_cal.fits,117573120,262999337,PUBLIC,2,F200W
262998100,JWST,image,jw05893005008_02101_00005_nrca4,exposure (L2b): 2D calibrated exposure average over integrations,S,mast:JWST/product/jw05893005008_02101_00005_nrca4_cal.fits,SCIENCE,,CAL,,CALJWST,2.0.0,5893,jw05893005008_02101_00005_nrca4_cal.fits,117573120,262999337,PUBLIC,2,F200W
262998101,JWST,image,jw05893005008_02101_00006_nrca4,exposure (L2b): 2D calibrated exposure average over integrations,S,mast:JWST/product/jw05893005008_02101_00006_nrca4_cal.fits,SCIENCE,,CAL,,CALJWST,2.0.0,5893,jw05893005008_02101_00006_nrca4_cal.fits,117573120,262999337,PUBLIC,2,F200W
262998102,JWST,image,jw05893005008_02101_00006_nrca2,exposure (L2b): 2D calibrated exposure average over integrations,S,mast:JWST/product/jw05893005008_02101_00006_nrca2_cal.fits,SCIENCE,,CAL,,CALJWST,2.0.0,5893,jw05893005008_02101_00006_nrca2_cal.fits,117570240,262999337,PUBLIC,2,F200W
262998103,JWST,image,jw05893005008_02101_00005_nrca3,exposure (L2b): 2D calibrated exposure average over integrations,S,mast:JWST/product/jw05893005008_02101_00005_nrca3_cal.fits,SCIENCE,,CAL,,CALJWST,2.0.0,5893,jw05893005008_02101_00005_nrca3_cal.fits,117573120,262999337,PUBLIC,2,F200W
262998104,JWST,image,jw05893005008_02101_00006_nrcb1,exposure (L2b): 2D calibrated exposure average over integrations,S,mast:JWST/product/jw05893005008_02101_00006_nrcb1_cal.fits,SCIENCE,,CAL,,CALJWST,2.0.0,5893,jw05893005008_02101_00006_nrcb1_cal.fits,117573120,262999337,PUBLIC,2,F200W
262998105,JWST,image,jw05893005008_02101_00006_nrca3,exposure (L2b): 2D calibrated exposure average over integrations,S,mast:JWST/product/jw05893005008_02101_00006_nrca3_cal.fits,SCIENCE,,CAL,,CALJWST,2.0.0,5893,jw05893005008_02101_00006_nrca3_cal.fits,117573120,262999337,PUBLIC,2,F200W
262998107,JWST,image,jw05893005008_02101_00005_nrca1,exposure (L2b): 2D calibrated exposure average over integrations,S,mast:JWST/product/jw05893005008_02101_00005_nrca1_cal.fits,SCIENCE,,CAL,,CALJWST,2.0.0,5893,jw05893005008_02101_00005_nrca1_cal.fits,117570240,262999337,PUBLIC,2,F200W
262998108,JWST,image,jw05893005008_02101_00006_nrcb4,exposure (L2b): 2D calibrated exposure average over integrations,S,mast:JWST/product/jw05893005008_02101_00006_nrcb4_cal.fits,SCIENCE,,CAL,,CALJWST,2.0.0,5893,jw05893005008_02101_00006_nrcb4_cal.fits,117573120,262999337,PUBLIC,2,F200W
262998109,JWST,image,jw05893005008_02101_00004_nrca2,exposure (L2b): 2D calibrated exposure average over integrations,S,mast:JWST/product/jw05893005008_02101_00004_nrca2_cal.fits,SCIENCE,,CAL,,CALJWST,2.0.0,5893,jw05893005008_02101_00004_nrca2_cal.fits,117570240,262999337,PUBLIC,2,F200W
262998111,JWST,image,jw05893005008_02101_00004_nrca1,exposure (L2b): 2D calibrated exposure average over integrations,S,mast:JWST/product/jw05893005008_02101_00004_nrca1_cal.fits,SCIENCE,,CAL,,CALJWST,2.0.0,5893,jw05893005008_02101_00004_nrca1_cal.fits,117570240,262999337,PUBLIC,2,F200W
